Date,Open,High,Low,Close,Volume
2000-06-05 13:30:00,41.3969221350662,42.67067358537593,40.892728852651935,41.90111541748047,349518.73844127427
2000-06-06 13:30:00,41.82150905513386,42.56453078961593,40.176246643066406,40.176246643066406,524749.1182364691
2000-06-07 13:30:00,40.6539014056567,41.184631189020365,39.56590534976119,40.839656829833984,507555.83810042177
2000-06-08 13:30:00,41.95419456363495,41.98073105608507,40.680442926029336,41.02541732788086,459744.2568166622
2000-06-09 13:30:00,41.71535764628943,42.0337954909176,41.21116439229484,41.87457656860352,229636.6503968373
2000-06-12 13:30:00,42.13994236784541,42.13994236784541,40.17624228269392,40.25585174560547,132364.91761925476
2000-06-13 13:30:00,40.33547079917526,41.95419692993164,39.618985462610965,41.95419692993164,458095.557927089
2000-06-14 13:30:00,41.954189043366505,41.980725532325,40.14970779418945,40.14970779418945,229636.6339018366
2000-06-15 13:30:00,40.22931363167019,41.0519447151674,39.59243795412396,40.49467849731445,256486.47885150652
2000-06-16 13:30:00,40.54775220155716,41.15809140354395,40.1497048959136,40.76004409790039,204671.02488806503
2000-06-19 13:30:00,40.91926800797625,43.51984405517578,40.6008301246457,43.51984405517578,513914.9848892919
2000-06-20 13:30:00,43.94443108485295,44.89974480408889,43.73213914724497,44.15672302246094,585278.9389931423
2000-06-21 13:30:00,43.572913913509936,44.66090993692888,43.51984093675779,44.342472076416016,437605.0001578615
2000-06-22 13:30:00,43.94442332001117,43.94442332001117,42.03379621914112,42.13994216918945,921843.9323915947
2000-06-23 13:30:00,42.19301773951604,42.537992098392586,41.29077710860815,41.39692306518555,807614.371419712
2000-06-26 13:30:00,41.76843391320645,42.19301773951604,40.91926626058725,41.39692306518555,362708.1166481063
2000-06-27 13:30:00,41.71535327229279,41.79496272510251,40.070091247558594,40.070091247558594,556074.0394210508
2000-06-28 13:30:00,40.17624083306636,41.23770030025437,40.17624083306636,40.28238677978516,538174.1061798033
2000-06-29 13:30:00,39.80473128027475,40.07009615547658,38.74327177946743,39.35361099243164,663708.7891381349
2000-06-30 13:30:00,39.4863009757184,40.255859260863446,39.19439955721511,39.91088485717773,1078703.2197873546
2000-07-03 13:30:00,39.85780815154275,40.86619477588271,39.804735171314334,40.8131217956543,123886.01453511875
2000-07-05 13:30:00,38.4248369052817,38.87595722806471,37.41645030141381,37.62874221801758,3208318.106954792
2000-07-06 13:30:00,38.18601174083182,39.38015387310245,37.41645347781297,39.16786193847656,3281801.5494924826
2000-07-07 13:30:00,40.01702838807594,41.07848802701695,39.83127295126126,40.44161224365234,423708.997968783
2000-07-10 13:30:00,40.54775730288452,41.05195062013243,40.12317345678102,40.3885383605957,220451.15672437212
2000-07-11 13:30:00,40.33545826401348,41.237698777813776,39.30053532171313,39.75165557861328,525691.3126215255
2000-07-12 13:30:00,40.70697638794343,41.26424268790876,40.09663710702903,40.73351287841797,269911.3511966515
2000-07-13 13:30:00,41.60921368726175,42.43184482521144,41.370385292373136,41.7684326171875,339391.17682301335
2000-07-14 13:30:00,42.564529917537065,43.04218673706055,41.92765415817242,43.04218673706055,321255.75042157614
2000-07-17 13:30:00,43.04218470579794,43.78520638999174,42.458381953931394,43.705596923828125,389793.4692367044
2000-07-18 13:30:00,42.88296363467262,43.01564607166109,41.609212239583336,41.79496765136719,512030.842528956
2000-07-19 13:30:00,41.74189994364997,41.74189994364997,39.804736119183055,40.308929443359375,877329.6447798867
2000-07-20 13:30:00,40.52122200803215,41.31731674296402,39.353616396798735,39.67205429077149,641098.3236105418
2000-07-21 13:30:00,39.08824873569121,39.27400416077597,37.681814802906665,38.05332565307617,1473678.358923321
2000-07-24 13:30:00,37.787958054315474,39.380147298177086,37.57566615513393,37.89410400390625,2912028.213904329
2000-07-25 13:30:00,39.32707541109336,39.45975785175157,38.345225350222606,39.40668487548828,646044.4168404447
2000-07-26 13:30:00,37.89410802277041,38.26561888573875,36.75303894365338,37.68181610107422,1179507.905903
2000-07-27 13:30:00,36.248841785249255,36.248841785249255,34.81587146577381,35.10777282714844,1239802.3712384657
2000-07-28 13:30:00,35.61197222397584,36.089629079439,34.07285568970565,34.78934097290039,3185236.3942829114
2000-07-31 13:30:00,35.1608539789783,36.24885021530896,34.364759171907096,35.93041229248047,505907.0809439106
2000-08-01 13:30:00,35.824259298279415,35.824259298279415,34.55050785656281,34.736263275146484,1546926.610221963
2000-08-02 13:30:00,34.736263104427,35.87733209869008,34.125923874937456,34.39128875732422,711284.7725077007
2000-08-03 13:30:00,31.94993809459751,34.33822250366211,31.94993809459751,34.33822250366211,3346806.1716864826
2000-08-04 13:30:00,35.18738381989519,35.18738381989519,32.90524580442688,33.40943908691406,1801293.3363964085
2000-08-07 13:30:00,33.329829227777175,34.656653639710974,32.98485488067438,34.39128875732422,648635.186584837
2000-08-08 13:30:00,34.49743707637743,34.868947937199955,34.178999195672404,34.41782760620117,485887.54471496417
2000-08-09 13:30:00,35.771194366569375,36.14270528729042,35.29353746849946,35.42621994018555,847653.4132261903
2000-08-10 13:30:00,35.29353064934474,35.638505009075175,34.44436299462366,34.57704544067383,1334483.2362605932
2000-08-11 13:30:00,34.550506591796875,35.2669917515346,33.46251060849144,35.10777282714844,744493.7871361682
2000-08-14 13:30:00,35.824258510883034,37.36337480246171,35.240455779594576,37.25722885131836,1184689.55853216
2000-08-15 13:30:00,37.57567218648977,38.84942378603179,37.57567218648977,38.47791290283203,2351949.9414777043
2000-08-16 13:30:00,39.27400369107244,39.910879426603344,39.088248268209256,39.59244155883789,1762667.247896
2000-08-17 13:30:00,39.48628791643552,40.65389320428712,39.19438659447263,40.36199188232422,877565.3987362218
2000-08-18 13:30:00,41.39692452108348,41.95419081271345,40.91926769968636,41.37038803100586,1237211.473859979
2000-08-21 13:30:00,41.68882545671965,41.92765386481034,40.0170266000848,40.33546447753906,1862058.636806416
2000-08-22 13:30:00,40.76004936889251,41.34385215933237,40.4150749927235,40.73351287841797,1102962.3539737514
2000-08-23 13:30:00,40.33546447753906,42.352237701416016,40.0170266000848,42.352237701416016,1047378.5426104392
2000-08-24 13:30:00,42.08686919416529,42.43184353182238,41.63574890645986,42.13994216918945,3522037.344145097
2000-08-25 13:30:00,42.03379860702826,42.4053094533025,41.264240425460194,41.60921478271485,709636.0783108594
2000-08-28 13:30:00,41.50306484783967,42.27262295563209,41.37038241546166,41.82150268554688,499783.5720337097
2000-08-29 13:30:00,41.66229360243854,41.84804905162138,41.29078270407284,41.503074645996094,1433403.4407674712
2000-08-30 13:30:00,41.47653328518162,41.47653328518162,40.65390210678071,41.10502243041992,589047.3917387094
2000-08-31 13:30:00,41.34384915796996,42.29916274570226,41.02541129539253,41.90111541748047,1302216.3779257447
2000-09-01 13:30:00,42.61759652518983,42.750278955218434,41.29077222490371,41.55613708496094,1929654.513749792
2000-09-05 13:30:00,41.02541412975096,41.18463307203977,40.20278292792542,40.3885383605957,834699.6788794603
2000-09-06 13:30:00,39.38015183833608,39.43322481925028,37.81449890136719,37.81449890136719,1122039.8585915405
2000-09-07 13:30:00,38.31869243538898,39.38015205963799,38.05332752932673,39.06171417236328,806672.2279764612
2000-09-08 13:30:00,38.84942115424533,38.84942115424533,37.20415878295898,37.20415878295898,764748.8461164212
2000-09-11 13:30:00,36.9387915569803,37.97371459629225,36.1957698877307,36.62035369873047,802197.3310710654
2000-09-12 13:30:00,37.04493584239934,37.54912909526868,35.66503851875696,35.74464797973633,1005455.2438276694
2000-09-13 13:30:00,34.975096560718384,36.063092735975935,34.975096560718384,36.03655624389648,2040586.217570519
2000-09-14 13:30:00,36.93879847010006,37.15109041533052,35.93041173025537,36.0100212097168,557251.4768357121
2000-09-15 13:30:00,35.45274954620085,36.03655230818919,34.76280082748736,35.13431167602539,744493.7370965758
2000-09-18 13:30:00,35.45274828687126,36.24884293403154,34.17899685141481,34.39128875732422,353287.13866276527
2000-09-19 13:30:00,35.02816456988486,36.99186470486325,34.47089831536397,36.965328216552734,1853108.799648801
2000-09-20 13:30:00,36.83264504674493,37.60220319253427,35.824258510883034,37.25722885131836,1253933.838891694
2000-09-21 13:30:00,36.912259781042266,37.01840574734289,35.638508185434766,35.77119064331055,704925.5153802258
2000-09-22 13:30:00,31.896857153320312,33.27675446777344,31.870320666503908,33.17060852050781,2355954.2916339487
2000-09-25 13:30:00,34.07285475601144,34.07285475601144,31.29182917801797,31.423452377319336,705632.0984010927
2000-09-26 13:30:00,31.54657954092252,32.162224792376314,30.761096872030933,31.100765228271484,784061.89754564
2000-09-27 13:30:00,31.92870467477398,32.03485063877165,30.383219698113223,30.78232955932617,1922588.408584873
2000-09-28 13:30:00,31.10076091600501,31.928697965482414,30.80355357499186,31.73763656616211,1321529.56356926
2000-09-29 13:30:00,31.33428838029925,31.33428838029925,30.06053687279632,30.18791007995605,837997.0455089256
2000-10-02 13:30:00,30.77808214147536,30.86724436056772,29.300532168919588,29.50857734680176,840823.3209077142
2000-10-03 13:30:00,29.93316140165972,30.45964446824024,28.8165070431848,29.062763214111328,1749948.8041746092
2000-10-04 13:30:00,29.23259621445262,30.654951405205797,28.9778465628624,30.57003593444824,1819664.200568236
2000-10-05 13:30:00,29.933158757491096,30.57003447573559,29.402428992287355,29.805782318115234,1452010.1387269343
2000-10-06 13:30:00,29.8270137827216,30.24735086354037,28.12867847836734,28.74432373046875,1457191.6356299117
2000-10-09 13:30:00,28.532036379026074,28.76555881643654,26.876160164340263,28.23482894897461,1613344.2877348938
2000-10-10 13:30:00,27.00353116499834,27.17336534627608,25.18206775007145,25.619388580322266,2904491.18076632
2000-10-11 13:30:00,24.5197173156647,26.62140769522487,24.5197173156647,25.45380210876465,3628023.066284215
2000-10-12 13:30:00,26.64263289338025,26.74877884116264,24.727760708035703,24.8806095123291,2508809.856273916
2000-10-13 13:30:00,25.003739048214,27.576715770209457,24.94429757696321,27.49180030822754,1573305.4770900386
2000-10-16 13:30:00,27.25403573789264,27.25403573789264,25.68732044600904,25.920841217041016,1570950.1535910338
2000-10-17 13:30:00,25.68732017217613,25.729777904762532,23.780938177326792,24.51122283935547,2660723.249521047
2000-10-18 13:30:00,23.373341780621924,25.687324202098083,22.82138307211193,24.03144645690918,2469241.229680876
2000-10-19 13:30:00,27.1733621227424,28.018282944237605,25.946315248532684,27.916383743286133,3386375.2149751727
2000-10-20 13:30:00,27.593696965081687,29.083986832407977,27.262522158857387,28.340965270996094,3541821.8483449705
2000-10-23 13:30:00,28.78678303517966,29.869469785329738,28.25605328334609,28.99907493591309,1159959.4668908904
2000-10-24 13:30:00,28.553262164545995,28.553262164545995,26.75302603810172,27.067218780517575,1332834.5735309476
2000-10-25 13:30:00,25.26274070908077,26.11190846400785,24.630110019010157,24.961286544799805,2078976.7272211004
2000-10-26 13:30:00,24.965525494322414,26.324193889995847,24.332896580426468,26.26050567626953,2231361.7748546856
2000-10-27 13:30:00,27.169120497542995,27.169120497542995,25.47503027181727,26.196823120117188,1991126.1913637596
2000-10-30 14:30:00,26.218050322259945,26.961071991311847,25.585419731388782,26.379392623901367,1897622.988302796
2000-10-31 14:30:00,27.1691169975605,28.442866727405452,27.13090439228905,27.916383743286133,1643727.4047372187
2000-11-01 14:30:00,26.914370502945637,27.62342476846081,26.387887425966703,26.91861724853516,1126043.7506749046
2000-11-02 14:30:00,27.958841738235563,28.141412896297584,27.258277841517703,27.597946166992188,1018644.6422459956
2000-11-03 14:30:00,27.56397985722206,27.810239241683824,27.08844644888396,27.38140869140625,364827.8575321488
2000-11-06 14:30:00,27.767778574286236,27.852694030628,27.385652542114254,27.385652542114254,401098.7133904524
2000-11-07 14:30:00,26.57894698209536,26.689339684372467,25.79771267387252,26.1076602935791,815386.6850458721
2000-11-08 14:30:00,25.94207410161553,26.06945055977875,23.908318572327115,24.052677154541016,1976523.4853094995
2000-11-09 14:30:00,22.93177067105768,24.28619405005781,22.736462508831394,23.988985061645508,906534.8093767286
2000-11-10 14:30:00,23.2671936106708,23.2671936106708,22.337355604025703,22.50294303894043,1336838.4725474769
2000-11-13 14:30:00,21.73869333688939,24.243737067759124,21.73869333688939,23.4794864654541,2494206.986946318
2000-11-14 14:30:00,24.73200795937064,25.02497021735727,23.776694347206107,24.816925048828125,1599684.1042989371
2000-11-15 14:30:00,25.050446500648874,26.51101432371123,25.050446500648874,25.94207191467285,1229203.6391128758
2000-11-16 14:30:00,25.57693262287676,25.772240811162344,24.52396321720902,24.54094696044922,1479330.8334558737
2000-11-17 14:30:00,24.540945285566856,25.305195862968965,23.4837324457306,24.477258682250977,621785.3314541351
2000-11-20 14:30:00,23.60686081909604,25.0249709072573,23.4370282551578,24.15882110595703,2356896.111661132
2000-11-21 14:30:00,24.20127833803315,24.45602798846473,23.40306028320409,23.64507293701172,1231558.91121503
2000-11-22 14:30:00,23.988987808927483,24.456029401591728,22.9699859090033,23.139820098876957,3703626.460093324
2000-11-24 14:30:00,24.095133380047997,24.83390998840332,23.526190958798832,24.83390998840332,880626.999042482
2000-11-27 14:30:00,25.43257313763232,25.43257313763232,23.356356760842274,23.4794864654541,3067474.2018875205
2000-11-28 14:30:00,23.35635849805882,23.74272976360777,21.764168949973783,21.86606979370117,2997287.6067046765
2000-11-29 14:30:00,22.12082227512009,22.65579893804016,21.31411377371657,22.1165771484375,2771419.0477200723
2000-11-30 14:30:00,20.507396862824407,20.872539183680143,19.64973740723872,20.380022048950195,4791280.390446384
2000-12-01 14:30:00,20.69846151221108,21.271649029301116,19.743147903955183,20.21868133544922,1795169.6544247526
2000-12-04 14:30:00,20.592314661466293,21.04661920586821,19.641246220121943,20.363039016723636,1171500.1638520143
2000-12-05 14:30:00,21.016899039961885,22.49869728088379,21.016899039961885,22.49869728088379,3801605.072569492
2000-12-06 14:30:00,22.17601413103087,22.91054399186853,21.365059048172288,21.5688591003418,1567652.6669716935
2000-12-07 14:30:00,20.90226146253766,21.441483113412225,20.63052807430516,21.13578224182129,997447.3261423792
2000-12-08 14:30:00,23.139817906720605,23.555909850867728,22.290650277116185,23.458255767822266,1816837.97899679
2000-12-11 14:30:00,23.458259761871396,25.42408361261509,23.054904745201533,25.135366439819336,3123999.850965661
2000-12-12 14:30:00,24.61312550324377,24.748992201257487,24.05267496902248,24.286195755004883,1739585.7708509436
2000-12-13 14:30:00,24.62586813860358,24.62586813860358,22.60909445483863,22.651552200317383,1831675.526975261
2000-12-14 14:30:00,23.05490151129069,23.35211051449788,22.320371684011903,22.38405990600586,1154306.8016599617
2000-12-15 14:30:00,21.54762814129728,22.43500836007991,21.33533623842736,21.78114891052246,1979114.5791247413
2000-12-18 14:30:00,22.396797794249,22.56663197988883,21.496680497539103,21.75992202758789,1412206.3471109965
2000-12-19 14:30:00,22.07836006611941,23.445520573119943,21.45846803759649,21.48394203186035,3486708.2414391693
2000-12-20 14:30:00,20.80461176077616,21.39902988751912,20.048852913063364,20.210193634033203,1447770.347572028
2000-12-21 14:30:00,20.698462034526624,21.40327113850569,19.63700244301244,20.16773223876953,3371772.254556116
2000-12-22 14:30:00,20.97444090587081,21.64952922997359,20.57957783216964,21.54762840270996,2266690.286614436
2000-12-26 14:30:00,21.86606653196682,21.9085242657188,20.80460699158008,21.31410789489746,1031127.3848471164
2000-12-27 14:30:00,21.22919359838028,22.460487474949907,21.016901662396474,22.354341506958008,1268536.172850893
2000-12-28 14:30:00,21.866065716065247,22.39679546645518,21.335335965675316,21.76841163635254,1697662.5096633928
2000-12-29 14:30:00,22.02316251363248,22.02316251363248,20.592315479200717,20.804607391357425,2180959.205163809
2001-01-02 14:30:00,21.12304744559416,21.386288990406616,20.065832900993897,20.507400512695312,5133025.917745371
2001-01-03 14:30:00,20.507399242718627,23.96351145712465,19.61577382246692,23.88284111022949,4737815.71789357
2001-01-04 14:30:00,23.77669261188082,24.32865122358204,22.863836801239792,23.144062042236328,3701507.246471406
2001-01-05 14:30:00,22.931772725594445,23.224736614840207,21.56036710240992,21.75992202758789,4360034.005623543
2001-01-08 14:30:00,21.441485084563524,22.188751970900373,20.808854415953217,22.074115753173828,2159526.2556386767
2001-01-09 14:30:00,22.46048793775476,22.46048793775476,21.50517420614313,21.69623565673828,2147985.4545147656
2001-01-10 14:30:00,21.055110301666165,22.91478776338864,21.038126561274872,22.63031578063965,4423390.709057706
2001-01-11 14:30:00,22.41377756351613,24.15032524423209,22.125060470903808,23.870100021362305,3726473.112881405
2001-01-12 14:30:00,23.988987461031783,24.45178392108406,22.95300345287149,23.543174743652344,2679564.9505598294
2001-01-16 14:30:00,23.14406370931584,23.24171941487701,22.290650929245995,22.715234756469727,1518899.1163814908
2001-01-17 14:30:00,24.519713824547917,25.00798582995647,23.67054624620859,23.908313751220703,3979426.542177397
2001-01-18 14:30:00,23.43702717324569,25.41558770841954,23.27993161344857,25.26273727416992,3591988.0342017147
2001-01-19 14:30:00,25.390112710194547,25.869892891601392,24.880611790260257,25.351900100708008,2056131.0589610944
2001-01-22 14:30:00,24.88061550989734,25.40710025045897,24.41357387493608,24.732011795043945,960940.8323492096
2001-01-23 14:30:00,24.30742411126662,25.09290354385453,23.988986240813347,24.90184211730957,1993952.538045152
2001-01-24 14:30:00,25.00798793993725,25.5302258503193,24.58340411494449,24.85938262939453,1360390.9664006748
2001-01-25 14:30:00,24.456026756271623,24.880610565371192,23.674792482742077,23.9465274810791,3510025.507474108
2001-01-26 14:30:00,23.14406630198355,24.082397896203386,23.05490407699645,24.052677154541016,3495422.4315393567
2001-01-29 14:30:00,23.755465648432924,24.812678479726205,23.245964727729024,24.689550399780277,967535.667520444
2001-01-30 14:30:00,24.99525297964243,25.5259828385083,24.67256993810194,25.135366439819336,2090988.440656901
2001-01-31 14:30:00,25.305193914954824,26.2647542131041,25.012231675073146,25.054689407348636,3978013.27905652
2001-02-01 14:30:00,24.83815389535541,25.470784510639103,24.464519673852447,24.90184211730957,1526200.3834789258
2001-02-02 14:30:00,25.186311301504563,25.475028419835397,23.691776106515174,23.819150924682617,2155287.095077352
2001-02-05 14:30:00,23.05915111461485,23.23747556684611,22.30339070656037,22.88082504272461,2497975.193024557
2001-02-06 14:30:00,22.76618479543297,23.645073204937116,22.76618479543297,22.931772232055664,2021037.8461252083
2001-02-07 14:30:00,22.68551451941388,23.07613087165488,21.611317931092344,22.184505462646484,1983118.3559208224
2001-02-08 14:30:00,22.24394558962292,22.90205017245947,21.878803253173828,21.878803253173828,1329301.7435410311
2001-02-09 14:30:00,21.98919601448206,22.36707534805592,21.343828425815985,21.611316680908203,3526512.216260564
2001-02-12 14:30:00,21.488191223747563,22.45624198779797,21.35232450667589,22.052886962890625,2129614.4508108585
2001-02-13 14:30:00,22.120818465202014,22.63031942129653,21.4117641962118,21.475452423095703,1965218.3663634453
2001-02-14 14:30:00,21.653775600444032,23.13981902400392,21.343829595032027,22.931772232055664,2569103.9302568203
2001-02-15 14:30:00,23.882843128272462,24.40508110365161,23.44127550660492,23.77669715881348,5147863.859410323
2001-02-16 14:30:00,22.50719361515165,23.25446224555129,21.976463697970885,22.34160614013672,2754225.742096512
2001-02-20 14:30:00,22.439256726153708,22.439256726153708,20.59231755231481,20.677234649658203,2120193.605653296
2001-02-21 14:30:00,20.486173711101262,21.65377946665626,20.32907811749477,20.46494483947754,4563055.615863703
2001-02-22 14:30:00,20.6772331666281,21.182487349111685,19.70069066636681,20.16773223876953,3038975.7893641773
2001-02-23 14:30:00,19.95543669188176,20.12527084350586,18.8217988317152,20.12527084350586,3375070.214694907
2001-02-26 14:30:00,20.08281576685935,20.210190597837464,19.00437239990424,19.53085708618164,2968082.7494771867
2001-02-27 14:30:00,19.318562581802237,19.828063457341933,18.68168689229227,18.715654373168945,3562076.614583211
2001-02-28 14:30:00,18.63922933245553,18.96191230546153,17.620227571994782,17.768831253051758,3426414.315780886
2001-03-01 14:30:00,17.429165379081915,19.02135469421715,17.17441573652377,18.936437606811523,6045920.487277233
2001-03-02 14:30:00,18.3844799117886,20.600808070505742,18.30380956542496,19.25063133239746,6360581.234861227
2001-03-05 14:30:00,19.74314545292695,20.33756338324409,19.636999509631647,19.95968246459961,2814285.602690665
2001-03-06 14:30:00,21.29287844501004,21.75567485673337,21.038127190497228,21.055110931396484,19702588.536727525
2001-03-07 14:30:00,21.05935894045928,21.1018182985214,20.60505433697745,20.8895263671875,3022724.3963912767
2001-03-08 14:30:00,21.05935894045928,21.14427603692462,20.56684172455099,20.8895263671875,2069555.810432457
2001-03-09 14:30:00,19.849296269667484,20.146505307797504,19.2463879411588,19.526613235473636,3054284.604167259
2001-03-12 14:30:00,18.575542332134983,19.81957306817981,18.49487198851258,18.766605377197266,7149824.89476178
2001-03-13 14:30:00,18.766604615367363,19.91298121954517,18.702916396379106,19.7006893157959,5553909.401050555
2001-03-14 14:30:00,19.212417472891964,20.20594365671847,18.78783366133634,19.4883975982666,5473359.880315532
2001-03-15 14:30:00,20.27387856102507,20.27387856102507,18.85576845657749,18.95342254638672,6643917.422833251
2001-03-16 14:30:00,18.724148930778117,19.106275080246647,18.155206452491075,18.36749839782715,4075048.625281014
2001-03-19 14:30:00,18.554314958466826,19.21241961585151,18.04905912977766,19.106273651123047,6751080.946253391
2001-03-20 14:30:00,19.382250945003545,19.56057536197701,17.79855195982809,17.93866539001465,4900092.793354022
2001-03-21 14:30:00,17.917437027153085,19.165712839987584,17.83676506702621,18.55006599426269,4699425.559285583
2001-03-22 14:30:00,19.21242078034417,20.67723550631326,18.936440607459065,20.469188690185547,5936636.05976658
2001-03-23 14:30:00,21.2249478473673,21.437239777100423,19.95544139491333,20.931983947753903,6613063.4441209845
2001-03-26 14:30:00,21.0593549170608,21.0593549170608,19.530853951341022,20.18471336364746,3921251.993937597
2001-03-27 14:30:00,19.743148229002827,20.80460781120728,19.615773403070047,20.295106887817383,3353636.8785771998
2001-03-28 14:30:00,20.08281442153537,20.248401852680296,18.617999914266168,18.809062957763672,4039720.578426964
2001-03-29 14:30:00,18.448167745095045,19.318564273024847,17.91743795737458,18.38447952270508,5141740.793786588
2001-03-30 14:30:00,18.0023551866773,18.044812922160045,17.199890380919623,17.615983963012695,5691455.513727
2001-04-02 13:30:00,17.407939084707273,17.998110418921424,16.049270344408082,16.431396484375,6156616.212780262
2001-04-03 13:30:00,16.261556778740694,16.694632384189152,15.794515316605638,15.964347839355469,5006079.644526899
2001-04-04 13:30:00,15.62893267908698,16.168154382871,14.779764947709106,14.987810134887695,5670257.856109415
2001-04-05 13:30:00,16.091728952176332,17.26782481983024,15.900665891122108,17.02581214904785,4838384.574212152
2001-04-06 13:30:00,16.558769744835967,16.622457968641168,15.586472363408252,15.862452507019045,4144528.9147403287
2001-04-09 13:30:00,15.858205448116784,16.17664332153004,14.864679218281063,15.454852104187012,4060446.661512477
2001-04-10 13:30:00,15.560997682392848,17.195644744841438,15.560997682392848,16.85597801208496,4025118.047449999
2001-04-11 13:30:00,19.955443184296527,19.955443184296527,18.363253568528187,18.677446365356445,10928817.66572944
2001-04-12 13:30:00,18.32079352016524,19.900244318796364,17.8749791881481,19.67946052551269,8090745.910025534
2001-04-16 13:30:00,18.809066337011515,19.14448800478488,18.235878723198525,18.677446365356445,4209062.120258843
2001-04-17 13:30:00,18.15095674688872,19.233645071017037,17.853747774469937,18.660457611083984,5358659.675979465
2001-04-18 13:30:00,19.95543760500993,22.92752405681992,19.95543760500993,21.05935478210449,8276340.678118535
2001-04-19 13:30:00,20.9956707630941,22.60484387101191,20.762149980017984,22.50294303894043,5379856.305484402
2001-04-20 13:30:00,22.22272004407443,22.85959585547932,21.60282797635848,22.014673233032227,7031826.173647632
2001-04-23 13:30:00,21.123043259371155,21.314106286151457,20.40125050245589,20.740917205810547,4829906.550266529
2001-04-24 13:30:00,20.656008038919968,21.64953446126176,19.99790167729059,20.210193634033203,4946725.331064796
2001-04-25 13:30:00,20.27387404687626,20.889520807833517,19.79834070074709,20.59231185913086,3501547.1061850623
2001-04-26 13:30:00,20.80036115177283,20.95745670485088,19.870521589743653,20.019126892089844,3021547.207508384
2001-04-27 13:30:00,20.677232376513224,21.101816196894774,20.46494046632245,21.01689910888672,3148023.866757033
2001-04-30 13:30:00,21.394777712085546,22.37556688642172,21.224945161584817,21.78114891052246,3326080.6957514696
2001-05-01 13:30:00,21.52639915210375,22.069865902058737,21.16550194748909,22.05712890625,3996148.6678124927
2001-05-02 13:30:00,22.460487236348687,22.86384061470588,22.1420493357558,22.418027877807617,3543940.585900221
2001-05-03 13:30:00,21.717462388272388,21.764165246555667,21.18673262922036,21.42874526977539,3236345.7497992404
2001-05-04 13:30:00,20.719687823241497,21.611314719402696,20.57108415037725,21.462709426879883,4042076.280546052
2001-05-07 13:30:00,21.632545601848367,21.91277085371413,21.14427356890924,21.356565475463867,2099938.745829125
2001-05-08 13:30:00,21.352324530308422,21.86182552972061,21.30562004257728,21.65802383422852,2645178.0436391165
2001-05-09 13:30:00,20.953210927218063,21.275895538321425,20.592315327081167,20.847064971923828,8240540.090061488
2001-05-10 13:30:00,21.730200419115235,21.730200419115235,20.681477846991488,20.762149810791016,3964352.59924673
2001-05-11 13:30:00,20.76214817262017,21.18673196658247,20.312088767943013,20.44371032714844,2386336.9596484248
2001-05-14 13:30:00,20.31633799874991,20.397009972486437,19.637004438994232,19.97667121887207,3290280.358225007
2001-05-15 13:30:00,20.040353627810408,20.762146337686893,19.862027607883984,20.08281135559082,5245608.1190771125
2001-05-16 13:30:00,19.700693424386728,21.271652544028804,19.700693424386728,21.186737060546875,7914807.959739113
2001-05-17 13:30:00,21.22494361370517,21.80237618688743,21.11879767001116,21.526397705078125,5067551.159096483
2001-05-18 13:30:00,21.386286083639224,21.798132898158503,21.16550230779686,21.632545471191406,2366552.786623221
2001-05-21 13:30:00,21.54762723031809,23.09735870361328,21.526398364860334,23.09735870361328,8506683.730916487
2001-05-22 13:30:00,23.203504871406142,23.3096508193638,22.58785804932004,22.63031578063965,3810555.257006796
2001-05-23 13:30:00,22.20573304597472,22.277913136244745,21.56885732790857,21.611316680908203,4041840.388916553
2001-05-24 13:30:00,21.52640508905524,21.747188922030983,20.97444631644544,21.590091705322266,8365837.303764343
2001-05-25 13:30:00,21.781149347924902,21.86606643470989,21.31410780009556,21.42025375366211,4258758.669651665
2001-05-29 13:30:00,21.038129930681254,21.11880190063079,20.35454965720835,20.45220375061035,3679838.420195386
2001-05-30 13:30:00,20.16772919323936,20.16772919323936,18.91520674046436,19.127498626708984,6671239.419711262
2001-05-31 13:30:00,19.314320035484737,19.95544093588124,19.19119033035373,19.53085708618164,3872733.2685013
2001-06-01 13:30:00,20.06158991217701,20.422485590775818,19.25063470220659,20.210193634033203,9759672.63098905
2001-06-04 13:30:00,20.16773315997148,20.397008830929284,19.721920435103883,19.938457489013672,3025550.74068058
2001-06-05 13:30:00,20.40125588106681,21.437241624000237,20.38002701019633,21.186737060546875,3983193.935875848
2001-06-06 13:30:00,21.01690284300808,21.420257867967308,20.65600717942609,21.038131713867188,3808905.6507501337
2001-06-07 13:30:00,20.974444607822576,22.660041533196107,20.974444607822576,22.64730453491211,10620045.061754078
2001-06-08 13:30:00,22.375566352374356,22.63031598187457,21.696231307609374,21.917015075683597,4358856.883263765
2001-06-11 13:30:00,21.611317348719574,21.611317348719574,20.953211123988112,21.19947052001953,4379347.233213743
2001-06-12 13:30:00,20.252645886127688,21.39902237395728,19.9978946556886,21.1612548828125,5055775.043588804
2001-06-13 13:30:00,21.207961105328057,21.52215220989545,20.46918458167465,20.541364669799805,5317442.641582211
2001-06-14 13:30:00,20.532877526842924,20.532877526842924,19.13599611639761,19.38225555419922,3369652.051096037
2001-06-15 13:30:00,19.08504650224036,19.768626835848025,18.681691475986124,19.38225555419922,5464879.886879244
2001-06-18 13:30:00,19.641245184519928,19.891749682495423,19.063812597342903,19.14023780822754,2757759.5781642986
2001-06-19 13:30:00,19.891753593559603,20.03186704761637,18.35051531688871,18.681690216064453,6256243.340310657
2001-06-20 13:30:00,18.25710453859964,18.766605454306266,17.91743780134814,18.745376586914062,6697146.294008044
2001-06-21 13:30:00,18.68168823175832,18.957668364863707,18.23587554106857,18.702917098999023,5846195.410451965
2001-06-22 13:30:00,18.511851051004605,19.229398632794453,18.28682217937789,18.664701461791992,5168120.486069489
2001-06-25 13:30:00,19.148730089855587,19.208173186583608,18.681688524604,19.1954345703125,1818015.537260968
2001-06-26 13:30:00,18.6392306196334,19.526610881253447,18.6392306196334,19.32280921936035,2848436.339935268
2001-06-27 13:30:00,19.212417775029277,19.36102146354722,18.851522177394976,19.08504295349121,1778211.9044071198
2001-06-28 13:30:00,19.615775678688458,20.273880372069925,19.552087448504228,19.870525360107425,8538948.727274403
2001-06-29 13:30:00,19.89600233380256,20.965953984161136,19.89600233380256,20.46494483947754,4405254.06416407
2001-07-02 13:30:00,20.040358339925945,20.66449550727637,19.87052414955397,20.33332061767578,5315322.207067651
2001-07-03 13:30:00,19.959684554980072,20.486169201513366,19.959684554980072,20.39700698852539,1497466.3978531323
2001-07-05 13:30:00,20.16773054565726,20.2611395001595,19.683705271706877,19.78560447692871,3137425.3963158494
2001-07-06 13:30:00,19.10627519942016,19.19119230201605,18.2613525390625,18.2613525390625,5160582.006219209
2001-07-09 13:30:00,18.261350384306635,18.558559398493447,18.11699181282497,18.397218704223636,2112892.4576906334
2001-07-10 13:30:00,18.67744704056617,18.68169216704505,17.586264894359225,17.66693687438965,5542838.361434087
2001-07-11 13:30:00,17.747602241180886,18.31229946387061,17.577769695606566,18.214645385742188,5166706.864410684
2001-07-12 13:30:00,18.66895074209516,19.74314726874922,18.66895074209516,19.649738311767575,7808116.806382219
2001-07-13 13:30:00,19.462925911586453,19.90024680739251,19.02135826979952,19.38225555419922,4026059.422760583
2001-07-16 13:30:00,19.416217254433995,19.50962621004676,18.22313617647149,18.32503700256348,5582878.966301356
2001-07-17 13:30:00,17.874978171646617,19.063814163208008,17.74760334959611,19.063814163208008,9597633.750074662
2001-07-18 13:30:00,19.390742018144497,19.390742018144497,18.159449928691995,18.316545486450195,4154185.677629568
2001-07-19 13:30:00,18.89398022197784,19.607281177908355,18.89398022197784,19.24638557434082,3866138.798802733
2001-07-20 13:30:00,18.79207904411958,19.042583561153872,18.49911679321184,18.936437606811523,2523883.2856121087
2001-07-23 13:30:00,19.10202937965787,19.12750337575052,18.26135187610336,18.342023849487305,2683568.6875780104
2001-07-24 13:30:00,18.25710085881825,18.681684599721,17.879221588560156,18.053300857543945,4826845.219373132
2001-07-25 13:30:00,18.214647391274173,18.354759216308597,17.501346410211262,18.354759216308597,4027237.5870554224
2001-07-26 13:30:00,18.150957558180384,19.530854916404625,18.150957558180384,19.43320083618164,5906018.988606279
2001-07-27 13:30:00,19.51387505622344,19.912984946552918,19.33979572735388,19.658233642578125,4017109.580368883
2001-07-30 13:30:00,19.951197119216552,20.07008008664262,19.539350239692027,19.68795394897461,3647335.854808655
2001-07-31 13:30:00,19.704936953425,20.341812745868804,19.53510276090976,19.789854049682617,5143389.086010877
2001-08-01 13:30:00,20.71969217425682,21.17824352337432,20.59231733938826,20.8895263671875,9644031.156228269
2001-08-02 13:30:00,21.19098340320791,21.611322197070397,21.13154191349504,21.590091705322266,10706952.810504705
2001-08-03 13:30:00,21.37779489194453,21.37779489194453,20.957457813165743,21.13578224182129,3925491.047181826
2001-08-06 13:30:00,20.55410632127632,20.82583975531576,20.507401833614725,20.728185653686523,2859741.060786623
2001-08-07 13:30:00,20.252651410857077,20.719693031245438,19.96393424272861,20.28661727905273,4396539.969894782
2001-08-08 13:30:00,20.282368829540736,20.64326442073743,19.23364629892216,19.339792251586918,7654083.64241622
2001-08-09 13:30:00,19.16995779943272,19.65822816150924,19.07230210735888,19.424707412719727,4300447.014470832
2001-08-10 13:30:00,19.52661101913796,19.734656188453883,18.84303079492524,19.61152648925781,6213378.415181819
2001-08-13 13:30:00,19.997896836607914,20.048848060047455,19.57755977101325,19.98940658569336,3141900.2947079474
2001-08-14 13:30:00,20.125275798122807,20.210191275181582,19.65823257600499,19.68370819091797,3442193.931898001
2001-08-15 13:30:00,19.76437509489167,19.92996251379873,19.042582328167253,19.08928680419922,1646082.6264722303
2001-08-16 13:30:00,18.79207688487975,19.467165141714712,18.52034353213133,19.424707412719727,6653104.07277354
2001-08-17 13:30:00,18.851525488977003,19.085046306095027,18.405711105791028,18.494874954223636,3848238.304934668
2001-08-20 13:30:00,18.44392028253061,18.89397970809265,18.44392028253061,18.732637405395508,2447337.761254954
2001-08-21 13:30:00,18.809061943553388,18.83029080953981,17.83251953125,17.83251953125,4394892.144245776
2001-08-22 13:30:00,18.25710269277696,18.74537469172629,17.947156725142335,18.660457611083984,6934555.944086823
2001-08-23 13:30:00,18.656212005545623,19.000125474302877,18.554312798278904,18.613754272460938,4261349.4900075495
2001-08-24 13:30:00,18.978898992494265,19.683708140007997,18.80906479949816,19.620019912719727,5837009.403685845
2001-08-27 13:30:00,19.61577329284929,20.24415716762439,19.496888718942422,19.92147254943848,4177973.518038862
2001-08-28 13:30:00,20.167729820681657,20.167729820681657,19.38649559020996,19.38649559020996,5557207.033042844
2001-08-29 13:30:00,19.637001813468288,19.65823068068623,18.609509739259227,18.78783416748047,4845450.741606597
2001-08-30 13:30:00,18.490624785495424,18.77934190874,18.08726983805149,18.316545486450195,4746294.91867508
2001-08-31 13:30:00,18.044814441538325,18.75811547138832,18.044814441538325,18.596773147583008,4087060.5923345126
2001-09-04 13:30:00,18.2995637202218,18.868506157472986,17.891963603293483,17.900455474853516,6808784.487640589
2001-09-05 13:30:00,17.89620902835061,18.19341641272658,17.068270238417675,17.828275680541992,10276651.405139385
2001-09-06 13:30:00,17.492852407061346,17.700897556381005,16.881450715147146,16.945138931274414,8339461.129994339
2001-09-07 13:30:00,16.983356237183425,17.615986969668498,16.694639051578584,16.88570213317871,7931294.504974659
2001-09-10 13:30:00,16.855981426093013,17.272073460452262,16.567264239858584,16.800785064697266,5084507.36154488
2001-09-17 13:30:00,15.53976874891488,15.93038674537347,15.178873112973475,15.242561340332031,5351357.402847929
2001-09-18 13:30:00,15.369935400125597,15.599211063460968,14.159870478961452,14.236295700073242,4277600.372029761
2001-09-19 13:30:00,14.287245257145464,14.520766018952374,12.588909278307886,13.671598434448242,8935103.198069716
2001-09-20 13:30:00,13.412604566522608,13.794730698766132,12.69505759687912,12.762990951538086,5701818.091340888
2001-09-21 13:30:00,11.973263810487015,12.775726955227777,11.807675573286868,12.448797225952148,6314418.795251238
2001-09-24 13:30:00,13.077181705892563,13.54422408320931,12.741760899615496,13.225786209106444,5742328.877027095
2001-09-25 13:30:00,13.310703113054442,13.777745483830444,12.779973330315665,13.39561939239502,7154770.890008597
2001-09-26 13:30:00,13.459308919746617,13.459308919746617,12.444552926034271,12.516732215881348,4778561.212274982
2001-09-27 13:30:00,12.457289897652611,12.461535833220983,11.595384413178836,12.24499797821045,7602738.73937864
2001-09-28 13:30:00,12.503992707635554,12.813938674230812,12.194045931211,12.55069637298584,8804622.685429782
2001-10-01 13:30:00,12.550695582744774,12.737512661871072,12.121865892615606,12.295945167541504,4429279.208403354
2001-10-02 13:30:00,12.14309842981178,12.48701112603,11.833152409641912,11.964773178100586,5850905.463569429
2001-10-03 13:30:00,11.760972563120196,13.425341230084442,11.722759953152364,13.119640350341797,13631230.20270496
2001-10-04 13:30:00,13.480537053978146,14.316967745381946,13.123886560047174,13.735286712646484,13850267.927189266
2001-10-05 13:30:00,13.459308322758377,14.066463355748182,13.00924886022516,13.858416557312012,8748801.945112318
2001-10-08 13:30:00,13.586683720167366,14.558981162609983,13.50176662298454,14.427359580993652,7403013.279149254
2001-10-09 13:30:00,14.43585178944146,14.43585178944146,13.650372266408962,13.714058876037598,7981226.302438911
2001-10-10 13:30:00,13.582436513422184,14.605684280395508,13.518749101408996,14.605684280395508,7230845.378902095
2001-10-11 13:30:00,15.115182070160031,16.049266719362866,15.115182070160031,15.989825248718262,9144249.366909
2001-10-12 13:30:00,15.560994038349747,16.083231821352225,15.115179835119356,16.02379035949707,8677911.596733801
2001-10-15 13:30:00,15.412393919691128,15.497311016315043,14.962336061004498,15.32323169708252,5325920.729932268
2001-10-16 13:30:00,15.280772217128906,15.773289377827297,15.081217305753782,15.692617416381836,7366978.883690708
2001-10-17 13:30:00,16.134188524329524,16.24033450146327,14.77127456665039,14.77127456665039,10826599.66050316
2001-10-18 13:30:00,14.64814152935918,14.716074874564065,14.032494677381909,14.240541458129885,6749904.061332856
2001-10-19 13:30:00,14.138640206037428,14.639649219254672,13.909364565482011,14.4358491897583,4875598.1774826525
2001-10-22 13:30:00,14.43585135219855,15.310494693673668,14.181101682082138,15.242561340332031,9124463.586274002
2001-10-23 13:30:00,15.285016731917498,15.73082939600003,14.881661799782387,15.10669231414795,5905783.525346241
2001-10-24 13:30:00,15.157641061443956,15.832729327144708,15.115181712232818,15.667141914367676,4835323.7333707325
2001-10-25 13:30:00,15.242560688750476,16.516312224200636,15.051497634501183,16.45686912536621,9360930.81590364
2001-10-26 13:30:00,16.34648025434216,16.707375923782198,16.193629790221046,16.37195587158203,7625347.9685261
2001-10-29 14:30:00,16.13418480508874,16.214855146037053,15.157642364501951,15.157642364501951,5699934.71073881
2001-10-30 14:30:00,15.072728463236665,15.0939573343235,14.3933948705037,14.529261589050291,6175693.420540222
2001-10-31 14:30:00,14.966578975978086,15.735076238389116,14.966578975978086,15.166133880615234,8837360.241929054
2001-11-01 14:30:00,15.518538904005636,16.176643526812672,15.106693683866116,16.134185791015625,8911314.265394328
2001-11-02 14:30:00,16.134185420049793,16.55876924689321,15.943122374038504,16.473852157592773,9472805.476133442
2001-11-05 14:30:00,16.834751453709963,17.06402551747677,16.59273877220242,16.911176681518555,5646469.680263315
2001-11-06 14:30:00,16.664915264285163,17.6414577456491,16.664915264285163,17.59475326538086,8038459.714649272
2001-11-07 14:30:00,17.36548193948517,18.405711185676605,17.28480996291787,17.62023162841797,10079986.673588743
2001-11-08 14:30:00,17.836765124756262,18.499116450664943,17.174415418506275,17.301790237426758,14650582.19534278
2001-11-09 14:30:00,17.216873734379533,17.577770956472307,17.068270043885228,17.229612350463867,8597124.512771055
2001-11-12 14:30:00,16.601227689286027,17.874979224105687,16.601227689286027,17.662687301635742,10114609.990891255
2001-11-13 14:30:00,18.68168823175832,18.702917098999023,18.087270231066142,18.702917098999023,10568231.176472088
2001-11-14 14:30:00,18.70291798935586,18.978898135599344,18.087271092114968,18.55855941772461,12086658.681463469
2001-11-15 14:30:00,18.42694210434496,18.681691799197665,17.832523990143226,18.295320510864254,10188563.329589596
2001-11-16 14:30:00,18.257105767892035,18.46090582396525,17.94291300249236,18.11274719238281,6406743.844673756
2001-11-19 14:30:00,18.11274450147856,18.39296973940517,17.671176969091583,18.150957107543945,8619971.06119387
2001-11-20 14:30:00,17.85374957154952,17.93442153512617,17.0173205351268,17.12346649169922,8845132.02685609
2001-11-21 14:30:00,17.110723011292905,17.47162013283828,16.877202297150777,17.416423797607422,8015380.607414867
2001-11-23 14:30:00,17.4036927230713,17.773080219043926,17.11072883000779,17.683917999267578,2434148.166643765
2001-11-26 14:30:00,17.908945544909315,18.503363537046663,17.832520328215693,18.359004974365234,12047091.271786353
2001-11-27 14:30:00,18.257105354232564,19.00437220956987,17.781571900836095,18.537330627441406,12763792.259432651
2001-11-28 14:30:00,18.25710510203858,18.48638076413113,17.6669338241646,17.713638305664062,10826130.369262654
2001-11-29 14:30:00,17.938664618629776,18.401461001387872,17.594751175408543,18.392969131469727,16071033.21952963
2001-11-30 14:30:00,18.053301630870354,18.299559368920196,17.807042273162008,18.100006103515625,7490630.368942221
2001-12-03 14:30:00,17.959898350793253,18.299565141277053,17.734869405783797,17.79006576538086,7175731.463416674
2001-12-04 14:30:00,18.04481215450675,18.749621223284667,17.976878808829074,18.711408615112305,7775143.282107227
2001-12-05 14:30:00,19.10627395743253,20.239912101470587,18.68169009171181,20.057342529296875,12424164.990456289
2001-12-06 14:30:00,19.60303376307432,20.28236883200657,19.60303376307432,19.98940658569336,10150410.569792235
2001-12-07 14:30:00,19.99365463953769,20.104045733841154,19.16996250919343,19.5053825378418,11300947.365837451
2001-12-10 14:30:00,19.293088992158303,19.69644396169908,19.00012672737208,19.02560234069824,6093260.674583542
2001-12-11 14:30:00,19.35677425257123,19.700687691364603,19.06381203263073,19.127498626708984,7129570.643392042
2001-12-12 14:30:00,19.106271848826733,19.61577275539386,19.02135476112242,19.56482315063477,8888704.26128836
2001-12-13 14:30:00,18.97889850912342,19.029848117861064,18.303810119628903,18.303810119628903,9376475.297119731
2001-12-14 14:30:00,18.299562067578243,18.99588089568612,18.25710433327134,18.724145889282227,6974830.053851314
2001-12-17 14:30:00,18.93643870227317,19.26336845491934,18.83029274179034,19.059568405151367,9035671.217607489
2001-12-18 14:30:00,19.271861506220013,19.48840018587357,18.96191547698982,19.161470413208008,4054793.716943113
2001-12-19 14:30:00,18.53308243509384,18.82604465690081,18.23587346852613,18.252857208251957,8772355.934457667
2001-12-20 14:30:00,18.257106333163293,18.257106333163293,17.238104401588284,17.33576011657715,11475471.31384318
2001-12-21 14:30:00,17.34000625570294,17.896211738635735,17.34000625570294,17.79006576538086,7485681.987126142
2001-12-24 14:30:00,17.832520927112835,17.832520927112835,17.577771276017593,17.6372127532959,779586.9163323502
2001-12-26 14:30:00,17.68391662895111,18.23162852203456,17.68391662895111,17.794307708740234,1815424.8207429848
2001-12-27 14:30:00,18.104251861572266,18.24011853965975,17.96838518348478,18.104251861572266,1427044.642757433
2001-12-28 14:30:00,18.465151073318573,18.59677102114276,18.197662812795933,18.32928276062012,3880034.8007242177
2001-12-31 14:30:00,18.32079148476888,18.325036610088222,17.705144655309617,17.768831253051758,5719012.401415416
2002-01-02 14:30:00,17.773077390051967,18.978895396830055,17.773077390051967,18.511852264404297,5329454.618484985
2002-01-03 14:30:00,19.00012210105049,20.16348224513881,18.830287959546453,20.02336883544922,11698752.45105454
2002-01-04 14:30:00,20.367285840399585,20.422480569427197,19.61577230394897,20.01063537597656,10437515.291703556
2002-01-07 14:30:00,20.278124494690765,20.29086311189257,19.467169384727946,19.64124870300293,12512957.94880221
2002-01-08 14:30:00,19.955440367516395,20.10404406281523,19.42471057050798,19.75164031982422,10495218.153187064
2002-01-09 14:30:00,19.75588699756751,20.57108887203705,19.57756254919979,19.760133743286133,10862164.85226208
2002-01-10 14:30:00,19.624268246019952,19.721922348012612,19.297338450831116,19.38225555419922,9605875.368976856
2002-01-11 14:30:00,19.53085538566632,19.79834364119184,19.114763443548128,19.233646392822266,5102172.845595534
2002-01-14 14:30:00,19.445940414322347,19.46716928333626,18.85152398363829,19.106273651123047,7819421.135068817
2002-01-15 14:30:00,19.10627168572541,19.33979246017476,18.78783382429665,19.04258346557617,5159405.33147806
2002-01-16 14:30:00,18.473637196181517,18.77933799703617,18.04480834579007,18.40145874023437,8853613.013699483
2002-01-17 14:30:00,18.68168647632991,18.68168647632991,18.129727881642797,18.660457611083984,6886273.365255256
2002-01-18 14:30:00,17.938668551713917,18.452414646962016,17.938668551713917,18.18068122863769,9148015.892423691
2002-01-22 14:30:00,18.25710552921241,18.299563266300527,17.2465955138585,17.28905487060547,9827740.750739925
2002-01-23 14:30:00,17.72637322972221,18.010843591541494,17.331510175511397,17.84101104736328,6955282.019746354
2002-01-24 14:30:00,17.83252129030319,18.42693931451016,17.83252129030319,18.10850143432617,7397596.663559464
2002-01-25 14:30:00,17.938666954526877,18.50760935585917,17.900454344748635,18.42693901062012,5259974.179753014
2002-01-28 14:30:00,18.68168823175832,18.851522409001443,18.3335296261028,18.702917098999023,4695656.993722538
2002-01-29 14:30:00,18.898225807690377,19.10627259975985,18.180679708687677,18.32079315185547,12312056.0942356
2002-01-30 14:30:00,18.235875188418557,19.04258346557617,18.091516626451167,19.04258346557617,9275200.46375137
2002-01-31 14:30:00,19.318563479300384,19.36951308332377,18.898224792045998,19.233646392822266,8185898.509971767
2002-02-01 14:30:00,19.22515278528398,19.3949869428963,18.81755275060469,19.021352767944336,6102682.571492661
2002-02-04 14:30:00,19.233647015569726,19.27610637001289,18.651967626797862,18.745376586914062,7562228.7043436
2002-02-05 14:30:00,18.72414795505557,19.080798469421342,18.384481184149823,18.681690216064453,8062011.427129232
2002-02-06 14:30:00,18.787835574006955,18.787835574006955,18.218893143815645,18.592527389526367,13293722.633252354
2002-02-07 14:30:00,18.724146780889857,18.724146780889857,17.832521360717507,17.853750228881836,10813411.9735181
2002-02-08 14:30:00,18.087272101224976,18.24861442432228,17.67118010558154,18.2231388092041,15177213.491947446
2002-02-11 14:30:00,18.39297316225316,19.012865225198585,18.308056064120887,18.970407485961918,6216675.15011376
2002-02-12 14:30:00,18.766605577531596,19.1487300520766,18.524592924422127,18.80057144165039,5322152.762862697
2002-02-13 14:30:00,19.10626993425424,19.416215896606445,18.87274918121173,19.416215896606445,7718147.001347487
2002-02-14 14:30:00,19.407725691255987,19.828064378510376,19.152976051480344,19.233646392822266,8567213.094148435
2002-02-15 14:30:00,19.16996015763804,19.467167536481192,18.78783407104149,18.89398002624512,10281833.141040271
2002-02-19 14:30:00,18.60102106682477,18.71565891310378,18.09576519400333,18.15520668029785,6135418.758326498
2002-02-20 14:30:00,18.257107298902355,18.409957758689767,17.556543231429707,18.36749839782715,12958805.36421146
2002-02-21 14:30:00,18.010846227663585,18.061797456067183,17.14044965483782,17.18290901184082,10777611.954897843
2002-02-22 14:30:00,17.284802612227406,17.603240397801198,16.940890840389045,17.23809814453125,10116732.831171729
2002-02-25 14:30:00,17.620228456198966,18.38023387953384,17.492853634664215,18.189170837402344,9123286.931245496
2002-02-26 14:30:00,18.21464385275776,18.35475565057299,17.620225944128578,17.951400756835938,8879991.124752754
2002-02-27 14:30:00,18.38447662786462,18.426935975991825,17.3909505569073,17.717880249023438,11320027.790057177
2002-02-28 14:30:00,17.83252297797419,17.938668948081176,17.0979930591929,17.136205673217773,10086346.178954037
2002-03-01 14:30:00,17.310282913573204,18.80906331259478,17.310282913573204,18.80057144165039,12386717.62200624
2002-03-04 14:30:00,18.93219454137436,19.99789932628524,18.830293701467635,19.92996597290039,15909224.489134986
2002-03-05 14:30:00,19.89599832020704,20.524382187528985,19.87052270760228,20.303598403930664,12601751.831223365
2002-03-06 14:30:00,20.082818783919453,20.341815230290894,19.69220236094941,20.210193634033203,15497525.4384642
2002-03-07 14:30:00,20.214434778873414,20.69421492167195,19.993651010679923,20.33756446838379,12343617.564789392
2002-03-08 14:30:00,20.34181427305227,21.309865031953457,20.34181427305227,21.14427757263184,16972852.974956635
2002-03-11 14:30:00,20.87678590515696,21.016899344892444,20.29510651820681,20.63477325439453,13151702.13569934
2002-03-12 14:30:00,19.959686764490453,20.1507498275142,19.69220009591612,19.993654251098636,11778591.737433476
2002-03-13 14:30:00,19.50962963446004,19.69220083266229,19.114766495990885,19.33555030822754,18874951.14021873
2002-03-14 14:30:00,19.428955129096348,19.64973891256615,19.212418090887574,19.24638557434082,13570465.14221236
2002-03-15 14:30:00,19.25487403679424,19.84504685952741,19.25487403679424,19.802587509155277,11909781.224529266
2002-03-18 14:30:00,20.06158755368431,20.380025451361835,19.7091821694849,19.92996597290039,16032874.972595574
2002-03-19 14:30:00,20.019123285594187,20.36303506633121,19.81532167225429,20.13800621032715,6056991.467321582
2002-03-20 14:30:00,19.870522643906167,19.870522643906167,19.42470995253386,19.428955078125,10370861.417867487
2002-03-21 14:30:00,19.45867751298962,20.02337315905609,19.373760423901626,19.9724235534668,8818046.691041859
2002-03-22 14:30:00,19.98515962912399,20.065829969228343,19.61152542614743,19.637001037597656,11137494.955632802
2002-03-25 14:30:00,19.78560315013561,19.951192181919605,19.08504089732348,19.127498626708984,11236887.297949666
2002-03-26 14:30:00,19.0850425616802,19.81108048723463,19.0213543423893,19.59454345703125,8691334.707759542
2002-03-27 14:30:00,19.60303181808892,19.607278562783545,19.203923658697,19.424707412719727,4223430.410399856
2002-03-28 14:30:00,19.764377949263853,20.07857071179913,19.70069134337969,19.75588607788086,5802151.902522685
2002-04-01 14:30:00,19.573315964180352,20.460696326562623,19.4247122559872,20.27388000488281,11189073.080503872
2002-04-02 14:30:00,19.89175103258783,20.03610959409464,19.59878878408521,19.62850952148437,9474454.438580848
2002-04-03 14:30:00,19.65398508007665,19.81957250789669,18.99588049427399,19.233646392822266,12213136.357307687
2002-04-04 14:30:00,19.148726127331468,19.69219441877126,19.106268400970468,19.492639541625977,7646548.082229353
2002-04-05 14:30:00,19.63699946745983,19.755882405404527,19.16995796582691,19.21241569519043,8032337.132838121
2002-04-08 13:30:00,18.685933016398103,19.38225183466282,18.51610046191251,19.276105880737305,10555984.081939152
2002-04-09 13:30:00,19.23364661199231,19.581805212827064,18.53308428479693,18.605262756347656,16711894.580930514
2002-04-10 13:30:00,18.651964105095693,18.93643443768924,18.17218401825782,18.843027114868164,14267621.058523826
2002-04-11 13:30:00,18.639229356194512,18.92794646803748,18.333528503735216,18.418445587158203,9402384.226428226
2002-04-12 13:30:00,18.575544436726787,18.673198533120797,18.235877662387,18.5543155670166,7340834.636878515
2002-04-15 13:30:00,18.541576499301573,18.91096562585813,18.367497180450137,18.830293655395508,12926774.859693551
2002-04-16 13:30:00,19.586051827597977,19.8875059473474,19.552084344982354,19.777114868164062,17321668.289338972
2002-04-17 13:30:00,20.16772956041872,20.42247918068689,19.84929172525421,20.12102508544922,16774781.166441629
2002-04-18 13:30:00,19.836557020119987,20.019128196263463,19.27610649510334,19.61152648925781,16532895.312236192
2002-04-19 13:30:00,19.65823134997322,19.87477001408132,19.199681647750506,19.271860122680664,8977496.701001236
2002-04-22 13:30:00,19.21241429029905,19.21241429029905,18.80056754302294,19.076547622680664,4587552.020700677
2002-04-23 13:30:00,19.16996231275698,19.2845985319648,18.613756861883303,18.681690216064453,8275632.355099032
2002-04-24 13:30:00,18.766599542715284,18.9364320480134,17.985365483300857,18.09575653076172,10882895.596533
2002-04-25 13:30:00,17.959898283596452,18.23587846089016,17.64570711094661,18.121240615844727,14668714.771561695
2002-04-26 13:30:00,18.316543255371027,18.371739598001216,17.272067588323882,17.38670539855957,18189108.208978392
2002-04-29 13:30:00,17.42492098069495,17.81129220583791,17.025811139131395,17.36123275756836,16531246.41111035
2002-04-30 13:30:00,17.34425117752464,18.17219008308452,17.280564566117878,17.607494354248047,13805752.327090653
2002-05-01 13:30:00,17.62872164526652,17.934422535538406,17.05128735015689,17.683917999267578,11549426.57452446
2002-05-02 13:30:00,17.683918757215544,18.04481439729793,16.855979890348912,16.94089698791504,22251434.188213367
2002-05-03 13:30:00,16.919661088598918,16.940891570946047,16.04926476109402,16.176639556884766,24475266.494694512
2002-05-06 13:30:00,16.176642168758466,16.558768237487016,15.786025849310317,15.828483581542969,11195434.185757644
2002-05-07 13:30:00,16.045024327041506,16.21485689785876,15.476081894503016,15.866698265075684,14375958.732542912
2002-05-08 13:30:00,16.68189978042486,17.849505362689904,16.584245689721755,17.70514678955078,22709295.33290041
2002-05-09 13:30:00,17.429168166837513,17.76883495113021,17.09374650874767,17.1701717376709,12501887.575153172
2002-05-10 13:30:00,17.297550198462666,17.365483563173846,16.3294977267544,16.465364456176758,11765635.945538033
2002-05-13 13:30:00,16.63944220484533,17.429168505979444,16.605476335584637,17.39520263671875,12526146.377406554
2002-05-14 13:30:00,18.257104752814207,18.60101823937461,18.12972992730772,18.44816780090332,16795976.369294405
2002-05-15 13:30:00,18.23587788001071,19.021357406273925,17.832522872067862,18.342023849487305,12222790.99618645
2002-05-16 13:30:00,18.150959022954165,18.630739212036133,17.811292277450526,18.630739212036133,16235662.789350351
2002-05-17 13:30:00,18.724145889282227,18.90671706218764,18.342021421543887,18.724145889282227,19361783.42125194
2002-05-20 13:30:00,18.469396846434528,18.596771673167837,18.214647192967917,18.32079315185547,4804233.767770785
2002-05-21 13:30:00,18.44816620654669,18.5967698868516,17.69665269545052,17.874977111816406,9375534.462371351
2002-05-22 13:30:00,17.78581701007446,18.150959375964423,17.348496167961937,17.896209716796875,21490454.962757256
2002-05-23 13:30:00,17.87497727845429,17.95564923679356,17.068269032672198,17.747602462768555,10567054.168044532
2002-05-24 13:30:00,17.403694612998965,17.403694612998965,17.004584714101306,17.140451431274414,8030921.642284071
2002-05-28 13:30:00,17.250839969782945,17.25933184000527,16.70737161316436,17.064022064208984,8442385.361162882
2002-05-29 13:30:00,16.690388808318815,16.728601412923823,16.452621310814475,16.495079040527344,10914689.31348729
2002-05-30 13:30:00,16.325250435173288,16.537542374201134,15.900666557117592,16.452625274658203,17520684.096780933
2002-05-31 13:30:00,16.62669896612184,16.86871156503787,16.3040160407866,16.325244903564453,10225780.335828524
2002-06-03 13:30:00,16.32525235994216,16.32525235994216,15.54826299405586,15.603459358215332,10092939.73756423
2002-06-04 13:30:00,15.505803771959863,16.17664547225113,15.412394798382234,16.049270629882812,17229575.149908964
2002-06-05 13:30:00,16.13418818077016,16.282791897729428,15.71384940762117,16.168155670166016,12947970.95827774
2002-06-06 13:30:00,16.00680944466576,16.00680944466576,15.437867092829451,15.624683380126951,18125044.02418311
2002-06-07 13:30:00,14.541995885843594,14.924121973043126,14.18110028544528,14.73305892944336,20196012.10903264
2002-06-10 13:30:00,14.77551867068848,14.96658174024036,14.440097017437282,14.478309631347656,5210984.468838873
2002-06-11 13:30:00,14.648142457020713,14.77551728488913,13.896628867040592,13.930596351623535,9406622.744439436
2002-06-12 13:30:00,13.841433812614024,14.52076899105861,13.756518332510044,14.478309631347656,14995859.034168184
2002-06-13 13:30:00,14.435849846567434,14.733058843810865,14.011266027550745,14.189590454101562,14124184.039534202
2002-06-14 13:30:00,13.862662923654508,14.312720754219535,13.268244904087853,14.19808292388916,8246427.902931594
2002-06-17 13:30:00,14.37216063838878,15.017528193312168,14.37216063838878,14.941102981567385,7576596.367879709
2002-06-18 13:30:00,14.79674835912815,15.369937599487107,14.652389767444308,14.669373512268066,8298477.587338877
2002-06-19 13:30:00,14.266013699656584,14.350930775656856,13.607909195056855,13.692826271057127,13260987.644589566
2002-06-20 13:30:00,13.86266112273882,13.94333145819852,12.975280144218443,13.09416389465332,15372702.11488143
2002-06-21 13:30:00,13.07718132387386,13.208802891068528,12.482764138212206,12.63136863708496,15191346.679300413
2002-06-24 13:30:00,12.44030660670407,13.438078826246551,12.44030660670407,13.170591354370115,25544777.29302757
2002-06-25 13:30:00,13.336177713056966,13.565453364431397,12.546451549206424,12.63136863708496,16949538.973269057
2002-06-26 13:30:00,12.015724214632506,12.877629835262502,11.994495343266502,12.7417631149292,14979842.407531278
2002-06-27 13:30:00,13.268244316742464,13.331931727496952,12.631368589538823,13.13237762451172,21646844.762843154
2002-06-28 13:30:00,13.132377468046508,13.50176493191912,12.79695586699753,12.88611888885498,9392256.315895228
2002-07-01 13:30:00,12.779972813429294,13.055952127325591,12.228013375807352,12.304438591003418,9581853.838003142
2002-07-02 13:30:00,12.185558844162204,12.185558844162204,11.586895580951188,11.676057815551758,18293674.404001422
2002-07-03 13:30:00,11.506222122818029,12.270472704035118,11.506222122818029,12.266226768493652,17230048.288180027
2002-07-05 13:30:00,12.716285245649534,13.412602424621582,12.712039310432711,13.412602424621582,7197165.725949833
2002-07-08 13:30:00,13.28947305360638,13.501764960595809,12.610139599103698,12.758743286132812,12897100.21840994
2002-07-09 13:30:00,12.49550231567748,12.605894209268396,12.13035996070978,12.291702270507812,9565602.103844708
2002-07-10 13:30:00,12.41907681146616,12.41907681146616,11.680301057296928,11.71426773071289,10109193.453420496
2002-07-11 13:30:00,11.654825778202165,12.559188927072007,11.484991608236388,12.495501518249512,30986579.88633147
2002-07-12 13:30:00,12.754498086417897,12.907347707876808,12.312930533731503,12.614384651184082,20917660.446017776
2002-07-15 13:30:00,12.525223614750578,13.289474223244266,12.20678572623997,13.234278678894045,26052097.75382505
2002-07-16 13:30:00,13.055953824390912,13.667354005772989,12.76299073133526,12.894612312316896,28874625.329611808
2002-07-17 13:30:00,13.582437352793889,13.760762603348642,12.652598488484855,12.983774185180664,19095639.052658223
2002-07-18 13:30:00,12.95405244724214,13.12813174868082,12.588910102844238,12.588910102844238,15162848.172298037
2002-07-19 13:30:00,12.270472339109926,12.864889530137342,12.249243471863345,12.317176818847656,15047440.918335618
2002-07-22 13:30:00,12.312929769976318,12.648351348979944,11.837395574259236,11.986000061035156,16727204.96645829
2002-07-23 13:30:00,12.015720870511666,12.249242439693486,11.506220811061828,11.54867935180664,17508440.5334977
2002-07-24 13:30:00,11.166554589341295,12.117623096885907,11.081638307837622,12.058180809020996,31171700.01879955
2002-07-25 13:30:00,11.54867991178414,11.71851327316904,10.487220390841824,10.91180419921875,29846639.81521879
2002-07-26 13:30:00,10.890574876901551,11.18778387635795,10.499957728104556,10.903312683105469,13812113.63616326
2002-07-29 13:30:00,11.242980286709958,11.676056013194792,10.975492814368993,11.569910049438477,20160446.2786053
2002-07-30 13:30:00,11.315159286229262,11.964772859409074,11.29393041795053,11.8458890914917,18168849.58106288
2002-07-31 13:30:00,11.64208947167394,11.680302083853997,11.170801128006213,11.378847122192385,18955030.46518711
2002-08-01 13:30:00,11.378844101038048,11.506219711095696,10.618839614660596,10.652806282043455,13861105.23260972
2002-08-02 13:30:00,10.614596706328724,10.614596706328724,10.024425388602276,10.253700256347656,14328382.34064226
2002-08-05 13:30:00,10.211240443702954,10.325878268301558,9.425761032517618,9.638052940368652,6871199.259387599
2002-08-06 13:30:00,9.769673166895018,10.563644405714284,9.769673166895018,10.190011024475098,11652352.457206134
2002-08-07 13:30:00,10.63582447511934,10.805658652708209,9.8758198507096,10.402303695678713,17494072.01748945
2002-08-08 13:30:00,10.389566419208194,10.954262901947557,10.105095210018929,10.869346618652344,13895724.145133564
2002-08-09 13:30:00,10.593367317194833,10.954262939642865,10.415042068883,10.741971015930176,7817537.148733376
2002-08-12 13:30:00,10.529680234999487,10.63582620837581,10.330126096590622,10.572138786315918,5183663.425924464
2002-08-13 13:30:00,10.444761539519105,10.93303274276406,10.105094016953112,10.168782234191896,17828282.836617716
2002-08-14 13:30:00,10.18151963299168,10.88632869720459,9.977719597278652,10.88632869720459,10231902.089916876
2002-08-15 13:30:00,11.026442868518624,11.421305999202362,10.699513902423982,11.060409545898438,11765166.61963427
2002-08-16 13:30:00,10.826886347538991,11.824658388591777,10.784427807739648,11.616612434387209,22157228.98527785
2002-08-19 13:30:00,11.620860722962886,12.283211324561211,11.50622288523545,12.062427520751951,10925285.649631431
2002-08-20 13:30:00,11.909578647930967,12.147346226524943,11.55292808986957,11.676057815551758,29147830.14749208
2002-08-21 13:30:00,11.845888036500687,12.29594664452892,11.676054675907896,12.160079956054688,13273940.068111977
2002-08-22 13:30:00,12.16432526439474,12.397846831775682,11.867117101131678,12.113375663757324,15034017.390203511
2002-08-23 13:30:00,11.760972154402667,12.07516408446316,11.153817161379664,11.361863136291504,12837747.779381802
2002-08-26 13:30:00,11.378846512065556,11.506222149112425,11.051917572919562,11.412813186645508,10708132.53365323
2002-08-27 13:30:00,11.463763761339548,11.463763761339548,10.72074203606754,10.767446517944336,11399633.028091086
2002-08-28 13:30:00,10.512695665156729,10.699512775992556,10.308895622333669,10.381074905395508,9439360.9477549
2002-08-29 13:30:00,10.113586986525569,10.572137503476895,10.028670704026082,10.372583389282228,13382044.812228115
2002-08-30 13:30:00,10.28766797185819,10.52968067161868,10.173030121499156,10.23247241973877,13241434.385231404
2002-09-03 13:30:00,10.066883588129524,10.105096202806912,9.731462737975166,9.78665828704834,10761595.370439935
2002-09-04 13:30:00,9.829114132290933,9.99894747864917,9.468217765136384,9.867326736450195,21422392.05856354
2002-09-05 13:30:00,9.689003093315616,9.689003093315616,9.349336345454624,9.459728240966797,16387105.086819116
2002-09-06 13:30:00,9.926771939186656,10.083868349803344,9.841855638980796,9.931017875671388,10370858.81848502
2002-09-09 13:30:00,9.829114478603609,9.998947830945644,9.340843286934268,9.901293754577637,11173766.307159165
2002-09-10 13:30:00,9.914031299491374,10.402302478345833,9.914031299491374,10.262189865112305,10574591.56076109
2002-09-11 13:30:00,9.85034488011678,10.720741381192765,9.85034488011678,10.406549453735352,10400066.659158152
2002-09-12 13:30:00,10.19001040712732,10.19001040712732,9.705985171934138,9.722968101501465,5327806.138649968
2002-09-13 13:30:00,9.680511019642928,9.931015544635818,9.557382129805235,9.672019958496094,5630219.114011569
2002-09-16 13:30:00,9.595594532475928,9.739953096641631,9.294139597954825,9.362072944641112,8935573.627779597
2002-09-17 13:30:00,9.65928322237009,9.722970642090152,9.149782244950648,9.171011924743652,10266287.126806904
2002-09-18 13:30:00,9.064862001808146,9.234695316935383,8.886536818467263,9.04787826538086,14953000.10025942
2002-09-19 13:30:00,8.97145540376185,9.124305832033183,8.754918376816576,8.767655372619629,14094979.49737169
2002-09-20 13:30:00,8.810115336017855,8.873802754794259,8.521398173746723,8.572348594665527,20207785.96077612
2002-09-23 13:30:00,8.51290550682815,8.51290550682815,8.0670928072039,8.130780220031738,12524263.996290762
2002-09-24 13:30:00,7.960947096563514,8.546872446545645,7.897259681756889,8.228434562683105,18890968.395571742
2002-09-25 13:30:00,8.470446441654111,8.979946474115795,8.338824891334237,8.805867195129395,16601906.563784672
2002-09-26 13:30:00,8.831344538451177,8.996932805304917,8.436482203226408,8.648774147033691,22260383.10850812
2002-09-27 13:30:00,8.453464671675283,8.91626114845276,8.364302448908893,8.491677284240723,11566855.017239677
2002-09-30 13:30:00,8.304857756567639,8.385528894200739,7.7783740143137825,8.168991088867188,12992725.488710465
2002-10-01 13:30:00,8.279384736189145,8.810114526970501,8.101059494093436,8.610560417175293,16315976.887695378
2002-10-02 13:30:00,8.534133584715738,9.098829942982135,8.512903911199412,8.623295783996582,27038481.65589696
2002-10-03 13:30:00,8.534135439794213,8.631789529708811,8.126534527801564,8.147764205932617,16925749.979060225
2002-10-04 13:30:00,8.27089378641126,8.275139722389962,7.837818034537516,7.943964004516602,8873629.400961602
2002-10-07 13:30:00,7.973685543584546,8.041618899475894,7.667984632243993,7.748655796051025,8743384.24408107
2002-10-08 13:30:00,7.791113589625036,7.897259549129929,7.353791944926291,7.536363124847412,26598515.979026504
2002-10-09 13:30:00,7.387758750895054,7.829326339002565,7.3835128152598575,7.502396583557129,25484954.533673204
2002-10-10 13:30:00,7.523626626171642,8.092569132816458,7.430218457106651,7.952456474304199,28012366.15067837
2002-10-11 13:30:00,8.194467971737987,8.801623006119387,8.173239103193929,8.644527435302734,31613072.45973388
2002-10-14 13:30:00,8.534134695495235,8.699722121328772,8.394022071367777,8.66150951385498,10945777.762583308
2002-10-15 13:30:00,9.306878484766752,9.489449678870518,9.175257711508245,9.485203742980955,27226422.83303658
2002-10-16 13:30:00,8.780393436176713,8.80586823836048,8.512905178844392,8.576593399047852,22265332.9040465
2002-10-17 13:30:00,9.255926826137424,9.323860171626812,9.001177185466895,9.158272743225098,24555104.67131341
2002-10-18 13:30:00,9.03089730685054,9.362072141063004,8.776146873728361,9.31961441040039,9515436.387946203
2002-10-21 13:30:00,9.234697494264282,9.850344317813628,9.04788039866259,9.773919105529783,19679978.701292463
2002-10-22 13:30:00,9.128552626416466,9.43849863751248,9.005422923202499,9.08184814453125,18606925.648702595
2002-10-23 13:30:00,9.073356009310082,9.812131711671707,9.030897468060244,9.773919105529783,30256454.00659225
2002-10-24 13:30:00,9.807886699433393,10.223978661209324,9.468219147303117,9.502185821533203,27583009.751033846
2002-10-25 13:30:00,9.51067728508668,10.054144859313965,9.489448418288394,10.054144859313965,15837155.748214258
2002-10-28 14:30:00,10.253697016589898,10.40230148549133,9.986209620430683,10.01168441772461,14519397.482437627
2002-10-29 14:30:00,9.998948802264689,10.083865891599382,9.370564932641969,9.73570728302002,15229030.378907882
2002-10-30 14:30:00,9.82487045223244,10.393812900478016,9.744200100341551,10.253700256347656,22230708.007898968
2002-10-31 14:30:00,10.266436593784135,10.482974432764644,10.032915013787427,10.181519508361816,23195891.66407911
2002-11-01 14:30:00,10.126326798478594,10.784431559938575,9.990460071712372,10.720744132995604,18075578.29904599
2002-11-04 14:30:00,11.081638004695552,11.540188503725672,10.975492048347569,11.128341674804688,24028235.156113952
2002-11-05 14:30:00,10.996721988132975,11.119851698222876,10.474484026329048,10.856609344482422,27931584.140028358
2002-11-06 14:30:00,10.933033721562298,11.251471596947608,10.372583190456856,11.230242729187012,19691517.51314968
2002-11-07 14:30:00,11.017949727589803,11.017949727589803,10.385319164787768,10.4829740524292,21560879.55179107
2002-11-08 14:30:00,10.3810748385721,10.699512707119348,10.088111772756402,10.359845161437988,29898454.111111164
2002-11-11 14:30:00,10.211239630774536,10.232469305767138,9.722968443554857,9.799393653869627,17721119.648804247
2002-11-12 14:30:00,9.829116665336414,10.402305065611518,9.829116665336414,10.143308639526367,19941171.56645854
2002-11-13 14:30:00,9.986211072409938,10.3555985212824,9.892802119035364,10.168782234191896,13372389.75130316
2002-11-14 14:30:00,10.173028560586864,10.903313293936312,10.173028560586864,10.869346618652344,20855244.69233863
2002-11-15 14:30:00,10.635824670211075,10.894821066938402,10.465991299336348,10.877838134765623,11355825.717940357
2002-11-18 14:30:00,10.882082746365384,11.230242152498205,10.805658340454102,10.805658340454102,13277943.812456124
2002-11-19 14:30:00,10.741970156858706,10.924541326223494,10.52543312463885,10.635824203491213,12864362.292478709
2002-11-20 14:30:00,10.712249839394588,11.37884632309946,10.699512842782005,11.33638858795166,18138703.016430043
2002-11-21 14:30:00,11.54868069051074,12.20678531393918,11.54868069051074,12.058180809020996,33737271.06757011
2002-11-22 14:30:00,11.93080598185078,12.295947530992448,11.867118568265676,12.058180809020996,19243313.776622582
2002-11-25 14:30:00,12.07091713966732,12.559188330554392,12.062425269606498,12.444550514221191,14432722.622010157
2002-11-26 14:30:00,12.406338531492972,12.406338531492972,11.913821380854383,11.994492530822754,14764105.237877268
2002-11-27 14:30:00,12.270470304147928,12.767233327729786,12.185554039414926,12.652595520019531,17998333.52844095
2002-11-29 14:30:00,12.656842586820147,12.864888547294116,12.419075890539798,12.44030475616455,7854751.099017563
2002-12-02 14:30:00,13.055951914107972,13.162097864629176,12.334159126632056,12.436059951782228,23675655.90265268
2002-12-03 14:30:00,12.414831680325625,12.414831680325625,11.845889256378635,11.88410186767578,12643674.502655564
2002-12-04 14:30:00,11.34912463701808,11.480746196441128,11.064653462199818,11.29392910003662,35256173.664929904
2002-12-05 14:30:00,11.565662648939426,11.62085899660668,10.97973735953584,11.124095916748049,16613445.871441972
2002-12-06 14:30:00,10.805659176536924,11.247225954117548,10.78442949839447,11.077392578125,12645087.806659522
2002-12-09 14:30:00,10.86934644753729,10.911804993431184,10.317386970575471,10.351353645324709,17763747.2325549
2002-12-10 14:30:00,10.427780320530555,10.907560579345736,10.372584770049894,10.775938987731934,20913652.239912752
2002-12-11 14:30:00,10.533925015693178,11.030688148999744,10.508450211629343,10.784429550170898,19387925.516793247
2002-12-12 14:30:00,10.9330343984921,11.039180363526004,10.623088374952168,10.737726211547852,10726502.883424064
2002-12-13 14:30:00,10.555154662862137,10.555154662862137,10.296158257849177,10.3088960647583,18260704.166689407
2002-12-16 14:30:00,10.325876767524282,10.771690195113925,10.24096050262333,10.733477592468262,13382989.684764825
2002-12-17 14:30:00,10.691022112393645,10.933034791804564,10.550909465901562,10.644317626953123,31477643.81560123
2002-12-18 14:30:00,10.359847742674152,10.359847742674152,9.854592638605409,9.931017875671388,20952276.71274788
2002-12-19 14:30:00,9.931015881043807,10.147553739296296,9.638053610904633,9.871574401855469,29138178.80417687
2002-12-20 14:30:00,9.998948188704658,10.126323814890618,9.786656288224057,9.892802238464355,11911429.471757209
2002-12-23 14:30:00,9.846100676510384,10.190013402078264,9.846100676510384,10.0753755569458,7074455.85746702
2002-12-24 14:30:00,10.041407853526756,10.134816818473332,9.935261891417955,9.973474502563477,4387354.834304939
2002-12-26 14:30:00,10.054144605307096,10.249452766371016,9.858835634413836,9.914031982421877,7891257.20159344
2002-12-27 14:30:00,9.858837057435986,9.9777208312189,9.693249609169692,9.75693702697754,5119129.996119594
2002-12-30 14:30:00,9.914032738592308,9.914032738592308,9.446990356742528,9.48095703125,7992767.765038369
2002-12-31 14:30:00,9.480956696280838,9.650790062817856,9.345090003051222,9.404531478881836,9377889.1249549
2003-01-02 14:30:00,9.63805301178569,10.11358643539122,9.446989969372256,10.071127891540527,14563202.18884936
2003-01-03 14:30:00,9.998948853830449,10.317386725733703,9.943753312358814,10.211240768432615,14695095.693334112
2003-01-06 14:30:00,10.359845715213224,10.890575524494942,10.359845715213224,10.741971015930176,13558688.195296548
2003-01-07 14:30:00,10.614594126225184,11.081636429744949,10.614594126225184,10.746214866638184,19480019.44691723
2003-01-08 14:30:00,10.63582375835772,10.699511975576206,10.300402980865828,10.37682819366455,15026480.201579042
2003-01-09 14:30:00,10.614594110165608,10.86085266112828,10.516940038711107,10.58062744140625,14369131.633015435
2003-01-10 14:30:00,10.427777441825596,10.996719773545744,10.334369301479487,10.843870162963867,22761349.881404907
2003-01-13 14:30:00,11.094377631602718,11.22599923175837,10.665548578932915,10.720744132995604,12192406.92422685
2003-01-14 14:30:00,10.699512387443075,11.009458375876225,10.640070103072942,10.805658340454102,13218591.573192272
2003-01-15 14:30:00,10.848117704922746,10.848117704922746,10.423533829038028,10.521188735961914,15120216.203742731
2003-01-16 14:30:00,10.55090714946559,10.563644144640636,10.139060362447488,10.21548557281494,14756569.286835823
2003-01-17 14:30:00,9.926769609147703,9.93526148012393,9.595594739368854,9.672019958496094,13850503.887792442
2003-01-21 14:30:00,9.701739650732137,9.799393726938366,9.514922558550737,9.57011890411377,11533883.70503748
2003-01-22 14:30:00,9.51067740470934,9.744198991574432,9.46821886074938,9.531907081604004,19585060.96901739
2003-01-23 14:30:00,9.8078874187378,9.935262253984876,9.553136938414198,9.841854095458984,17933559.531748854
2003-01-24 14:30:00,9.786655835420898,9.786655835420898,9.3833017290675,9.42576026916504,14472526.437402628
2003-01-27 14:30:00,9.332352716274048,9.544644638717932,9.2134697579963,9.311123847961426,13671740.151899625
2003-01-28 14:30:00,9.379058143554024,9.544645600602308,9.23894549301405,9.434253692626951,12135646.56963455
2003-01-29 14:30:00,9.404531949426609,9.778166184331774,9.260173378189988,9.727215766906738,26501950.554039445
2003-01-30 14:30:00,9.748444903436846,9.76118271060108,9.18374840976007,9.22196102142334,18937601.89110011
2003-01-31 14:30:00,8.831344351531508,9.226207488228304,8.67849470590946,9.12855339050293,15369636.78669684
2003-02-03 14:30:00,9.111568705923194,9.277156952176153,9.043635357142788,9.08609390258789,7693651.364749892
2003-02-04 14:30:00,8.958719503885002,9.115815076755402,8.916260956412389,9.056373596191406,11779769.626915587
2003-02-05 14:30:00,9.08609487199655,9.42151652598715,9.009669644007328,9.043636322021484,17289869.785952456
2003-02-06 14:30:00,9.005423296788615,9.128553005110566,8.827098852729701,8.907769203186035,13568579.810037458
2003-02-07 14:30:00,8.971455585121697,9.030897869445152,8.682739273415093,8.763409614562988,7805997.093121515
2003-02-10 14:30:00,8.793130082874336,8.975701245898732,8.64452640118409,8.873801231384277,9717987.385273602
2003-02-11 14:30:00,9.018159525082122,9.107322541328717,8.835588367375136,8.941734313964844,13220476.571039008
2003-02-12 14:30:00,8.856818300546532,9.081847195579952,8.848326430212996,8.873801231384277,6921130.78460653
2003-02-13 14:30:00,8.890786005890417,8.93324455266594,8.665756274860746,8.85257339477539,11241124.7422596
2003-02-14 14:30:00,8.873802521823528,9.349336801873084,8.852573652731888,9.345090866088867,16815052.725094035
2003-02-18 14:30:00,9.514924353410048,9.761182962808656,9.430007256446617,9.75693702697754,12992721.703976875
2003-02-19 14:30:00,9.78665637091637,9.867327520532845,9.510677059925566,9.663527488708496,12000457.731579067
2003-02-20 14:30:00,9.81637896137972,9.87157450551572,9.701741127601766,9.76542854309082,11042577.345598944
2003-02-21 14:30:00,9.80788637769693,9.863081917824172,9.531907057401972,9.782411575317385,13092821.14162745
2003-02-24 14:30:00,9.705986031129235,9.892802322053551,9.625314881512764,9.663527488708496,13109308.316448636
2003-02-25 14:30:00,9.53190631286442,9.735706335640696,9.340843285368347,9.69324779510498,14277982.825052904
2003-02-26 14:30:00,9.595596023448437,9.778167224721928,9.383304079610324,9.434253692626951,12461848.302719668
2003-02-27 14:30:00,9.561626704140748,9.73146005034153,9.434251087118206,9.65928077697754,19599665.789944995
2003-02-28 14:30:00,9.710232107277372,10.0201780947371,9.701740236704117,9.99470329284668,18735288.061704133
2003-03-03 14:30:00,10.020179491341093,10.143308392497518,9.582857813817045,9.65079116821289,19335873.5039806
2003-03-04 14:30:00,9.684756020366194,9.71023163083598,9.519168601459134,9.54464340209961,13825304.074105011
2003-03-05 14:30:00,9.544643482487624,9.782410989898992,9.536151612259507,9.68900203704834,12817964.519385746
2003-03-06 14:30:00,9.616823263685932,9.739952958957623,9.523415115770048,9.638052940368652,12226325.658259742
2003-03-07 14:30:00,9.298384323944534,9.574363610190632,9.255925785330689,9.514922142028809,13446109.933338473
2003-03-10 14:30:00,9.430007870961154,9.489450166640946,9.298387090937162,9.328107833862305,6554181.745976733
2003-03-11 14:30:00,9.36207344361846,9.459728343285484,9.27715716064944,9.353582382202148,6211965.045776168
2003-03-12 14:30:00,9.400285951323797,9.595594938686933,9.268665187775872,9.582857131958008,15252817.923811205
2003-03-13 14:30:00,9.761183006484744,10.36833806595045,9.374811752248286,10.338617324829102,27393645.643182542
2003-03-14 14:30:00,10.423532149037282,10.465990691748445,10.066881685990488,10.181519508361816,16111306.837245855
2003-03-17 14:30:00,10.151799080536508,10.9033126369709,10.04565312544112,10.50844955444336,21438640.765491463
2003-03-18 14:30:00,10.703758018560965,10.899067002438944,10.550908389688407,10.877838134765623,16005319.765391575
2003-03-19 14:30:00,10.82688895826512,10.93303492844419,10.555155533752137,10.84811782836914,15479626.755759696
2003-03-20 14:30:00,10.805660056935576,11.102868286680426,10.635825857276252,10.933034896850586,14644927.187246328
2003-03-21 14:30:00,11.08163806066396,11.251471429712613,11.017950648499388,11.19202995300293,15729991.504277464
2003-03-24 14:30:00,10.678282823721384,10.890574731985543,10.576382804934113,10.614595413208008,19622509.56271265
2003-03-25 14:30:00,10.623087893056976,10.835379813494583,10.51269599724989,10.703758239746094,18669104.27787476
2003-03-26 14:30:00,10.699512491030072,10.826887311944736,10.606103533185248,10.65705394744873,9341147.375610204
2003-03-27 14:30:00,10.533924447381583,10.661300080487598,10.42777849137459,10.567891120910645,13024989.853677887
2003-03-28 14:30:00,10.470236268149304,10.606102952304894,10.296156977846293,10.355598449707031,10760420.148836428
2003-03-31 14:30:00,10.151798964770531,10.156044900105456,9.803640365600586,9.803640365600586,22160759.915065005
2003-04-01 14:30:00,9.88431195345788,10.041407518635124,9.83336153701996,9.897048950195312,10040655.474508682
2003-04-02 14:30:00,10.245206050038847,10.631578027149374,10.245206050038847,10.57638168334961,17073426.933726717
2003-04-03 14:30:00,10.682530320527029,10.822642968068402,10.499959123160798,10.623088836669922,9682421.324277438
2003-04-04 14:30:00,10.64431555845232,10.64431555845232,10.245206566373286,10.355598449707031,12088073.275086584
2003-04-07 13:30:00,10.924542932154711,11.255718646883402,10.491467184393224,10.521188735961914,11987972.904986156
2003-04-08 13:30:00,10.487222165589118,10.512696971650607,10.088113091421564,10.143308639526367,18828081.734256107
2003-04-09 13:30:00,10.156045686963324,10.300404260217649,9.94375376274572,9.973474502563477,14322259.366227364
2003-04-10 13:30:00,10.024422499410472,10.1390594953283,9.892800955110127,10.066880226135254,12693137.813859165
2003-04-11 13:30:00,10.168783392435104,10.359845636425828,9.884312184430351,9.956491470336914,10543029.512751652
2003-04-14 13:30:00,9.969230038525009,10.249455355071843,9.892804804952318,10.23247241973877,10557630.382817509
2003-04-15 13:30:00,10.14755357516521,10.42777884370549,9.99894906976854,10.31314182281494,14495841.442233866
2003-04-16 13:30:00,10.593368051847426,11.017951928717792,10.593368051847426,10.831134796142578,32867239.573161434
2003-04-17 13:30:00,10.818395314834476,11.31091247103182,10.775936771749322,11.221750259399414,16837665.053491767
2003-04-21 13:30:00,11.25571641860892,11.412811968081828,11.039178587595792,11.315157890319824,11128309.867007485
2003-04-22 13:30:00,11.238736085830633,11.69728668764821,11.14532791484486,11.676057815551758,13515584.839757208
2003-04-23 13:30:00,11.66331773501168,11.794939307831498,11.535942907579583,11.727005958557127,13418551.277066603
2003-04-24 13:30:00,11.510466922599228,11.654825477447334,11.425549839807642,11.54443359375,15709266.555987105
2003-04-25 13:30:00,11.315159512526044,11.336389191058773,10.903313466944295,10.988229751586914,17322137.79022971
2003-04-28 13:30:00,10.996720646646208,11.357617051365756,10.937279171690998,11.238733291625977,14616195.391095512
2003-04-29 13:30:00,11.336387470775527,11.633595636667856,11.306665925339916,11.463762283325195,18950087.644087754
2003-04-30 13:30:00,11.323651957160235,11.40007718408796,11.183539311069232,11.204768180847168,14603239.493640808
2003-05-01 13:30:00,11.20051955681296,11.361861843789397,11.005211410275388,11.2429780960083,15462908.44917393
2003-05-02 13:30:00,11.234488415250388,11.591138918257965,11.234488415250388,11.569910049438477,13571406.28829873
2003-05-05 13:30:00,11.612368073556553,11.973264496028907,11.58264733461696,11.663317680358888,18484217.571659565
2003-05-06 13:30:00,11.7185139878729,12.07091853792548,11.591138351693669,11.956280708312988,28092685.206566226
2003-05-07 13:30:00,11.811921723889288,11.90533068243032,11.552925334959138,11.654826164245604,13383929.72466754
2003-05-08 13:30:00,11.46376218757403,11.5911369990598,11.378845106697316,11.40432071685791,16352249.543626487
2003-05-09 13:30:00,11.65482538667004,11.884100212694634,11.58264610980818,11.858625411987305,13832134.25617246
2003-05-12 13:30:00,11.845887871522232,12.28320947755874,11.782200463415585,12.121867179870604,13395471.03192358
2003-05-13 13:30:00,11.998738887881403,12.134605581133354,11.88834699715685,12.007230758666992,16380511.104409406
2003-05-14 13:30:00,12.011477408067984,12.100639627128706,11.676055780562788,11.86711883544922,22058305.033858437
2003-05-15 13:30:00,11.973264362095438,12.079410319880576,11.828905794721296,12.019968032836914,15207126.4293212
2003-05-16 13:30:00,11.901084316797318,11.973263595865268,11.718513151517836,11.8076753616333,12872841.471822906
2003-05-19 13:30:00,11.654827089105137,11.76097305235808,11.27694690924064,11.302422523498535,23305172.652727947
2003-05-20 13:30:00,11.29393015367779,11.42979685107305,11.170800453019964,11.3109130859375,15749539.808599273
2003-05-21 13:30:00,11.31940484602903,11.973264333121318,11.149571475949664,11.33638858795166,11056002.765695317
2003-05-22 13:30:00,11.357617357494874,11.5444344678844,11.255717336326782,11.442534446716309,14073781.495598529
2003-05-23 13:30:00,11.429797148034837,11.676055745919228,11.40007640843611,11.514714241027832,7863700.036897304
2003-05-27 13:30:00,11.459516677868644,12.143096855792376,11.425550006223142,12.121867179870604,22341408.195977263
2003-05-28 13:30:00,12.185557286318206,12.376619540248887,11.986002350873289,12.206786155700684,14805555.50779418
2003-05-29 13:30:00,12.261981796757038,12.767236828293484,11.973265445708533,12.537961959838867,20691789.372424413
2003-05-30 13:30:00,12.567683091979388,12.82243358360772,12.567683091979388,12.71628761291504,18777679.331519123
2003-06-02 13:30:00,12.843662182218594,12.928579280908853,12.334161209735989,12.389357566833496,23416103.65744213
2003-06-03 13:30:00,12.355391150594023,12.73751648312178,12.143099209208662,12.71628761291504,18572301.775897004
2003-06-04 13:30:00,12.695056504131454,13.16209888458252,12.618631284261175,13.16209888458252,29475450.94456304
2003-06-05 13:30:00,12.84366108412338,13.191819701293854,12.73751512475046,13.140870094299316,23591571.59437619
2003-06-06 13:30:00,13.416849554716103,13.78623785318322,12.949807167053224,12.949807167053224,30083575.374864027
2003-06-09 13:30:00,12.856400557724836,12.881875364525122,12.46153740808761,12.686566352844238,17715462.43772659
2003-06-10 13:30:00,12.695056460747477,12.83941502893592,12.478518608464812,12.809694290161133,21242447.986999344
2003-06-11 13:30:00,12.588911285582986,12.716286929465973,12.23226077843774,12.648353576660156,23140069.434416365
2003-06-12 13:30:00,12.72053209723239,12.75874470953996,12.38086533208672,12.520977973937988,13497922.369966725
2003-06-13 13:30:00,12.495503425671926,12.635616070401165,12.0072321370597,12.100640296936035,19317031.51767817
2003-06-16 13:30:00,12.164324666029843,12.427566955805238,11.97326245829396,12.397846221923828,21064630.27115825
2003-06-17 13:30:00,12.440305706570705,12.482764250893243,12.18980118588004,12.317176818847656,19267102.385769777
2003-06-18 13:30:00,12.194045826501604,12.66958001472778,12.104883621738171,12.576171875,17128303.926208943
2003-06-19 13:30:00,12.601647375449916,12.754497803345837,12.40633840537965,12.436059951782228,21608690.569329165
2003-06-20 13:30:00,12.525223960021444,12.533715831641544,12.155835642841616,12.27047348022461,16656544.479037227
2003-06-23 13:30:00,12.10063787739052,12.266225294462066,11.850133379352933,11.986000061035156,24773202.29209645
2003-06-24 13:30:00,11.799186448759842,11.97326577528752,11.671810798486026,11.824661254882812,20387255.33913227
2003-06-25 13:30:00,11.824659723005071,12.0879012417751,11.7227597018848,11.731250762939451,19122254.54211117
2003-06-26 13:30:00,11.824660943357774,12.14309884590872,11.794940202025732,12.100640296936035,14870324.675758038
2003-06-27 13:30:00,12.185555559166351,12.270471834489896,11.973263656113485,12.036951065063477,14962417.097975558
2003-06-30 13:30:00,12.249242364166438,12.503992797235258,11.986000061035156,11.986000061035156,8082974.715138932
2003-07-01 13:30:00,11.91806914165074,12.300194463977723,11.739743883254215,12.287457466125488,21835261.826203965
2003-07-02 13:30:00,12.419075970649995,12.58466339111328,12.291701156421212,12.58466339111328,12714098.083718857
2003-07-03 13:30:00,12.43181585849114,12.648353726816364,12.372373566708294,12.41483211517334,6563367.6401138585
2003-07-07 13:30:00,12.77572648859664,13.234276955961365,12.631367933145771,13.187572479248049,15504595.467137666
2003-07-08 13:30:00,13.162098611921708,13.433832001538562,13.026231917113282,13.39561939239502,17211206.714012384
2003-07-09 13:30:00,13.438076890482266,13.714056194048514,13.280981340529944,13.501764297485352,17634681.58986542
2003-07-10 13:30:00,13.331932256611251,13.331932256611251,13.0474610547771,13.16209888458252,18180155.1635729
2003-07-11 13:30:00,13.268244220758168,13.310702764230465,13.068690119216534,13.238523483276367,11430487.521681584
2003-07-14 13:30:00,13.59092617034912,13.798972936503104,13.552714374952528,13.59092617034912,12250350.136771716
2003-07-15 13:30:00,13.735283999228011,13.892381156708996,13.50600918975408,13.692826271057127,15521790.08136875
2003-07-16 13:30:00,13.968808851774646,13.990037719642144,13.544224205960107,13.80321979522705,15725987.2705886
2003-07-17 13:30:00,13.586682424999111,13.650370646729796,13.191819337449871,13.314949035644531,18298388.982917316
2003-07-18 13:30:00,13.374388769070606,13.442322107555734,12.983771667866485,13.35315990447998,16004851.039998204
2003-07-21 13:30:00,13.395618715990684,13.395618715990684,12.992264587373985,13.077180862426758,14927088.431230728
2003-07-22 13:30:00,13.433830955371484,13.582435444931562,13.310702076476096,13.501764297485352,16385458.212556258
2003-07-23 13:30:00,13.501767920459905,13.79897697933116,13.442326432617469,13.777748107910156,11194724.814120784
2003-07-24 13:30:00,13.862661753172608,13.94333209230096,13.442323077452166,13.476289749145508,13525245.158607576
2003-07-25 13:30:00,13.480535496972836,13.756515611703453,13.200310256940218,13.731040000915527,17062356.317495737
2003-07-28 13:30:00,13.7140579506194,13.956070614127007,13.629140857185767,13.862663269042969,14819923.171622343
2003-07-29 13:30:00,13.82869398407709,13.926348061936029,13.556960616181147,13.671598434448242,16005792.31711579
2003-07-30 13:30:00,13.637630981713084,13.68858220304246,13.501764297485352,13.501764297485352,8390098.863100354
2003-07-31 13:30:00,13.773497473187923,14.091935313576297,13.714056002127473,13.798973083496094,18278842.09018947
2003-08-01 13:30:00,13.756518095997668,13.917858801148512,13.629141638713724,13.905121803283691,13417843.629096435
2003-08-04 13:30:00,13.854170139897985,14.015510821148858,13.595173757286457,13.947577476501465,9291451.809372865
2003-08-05 13:30:00,13.913611095108648,13.917856220390112,13.4720435615392,13.501764297485352,15753309.731278392
2003-08-06 13:30:00,13.472044688339611,13.62914025143139,13.230032035588389,13.374390602111816,16797389.629440535
2003-08-07 13:30:00,13.310703554840142,13.46779912224041,13.234278334016484,13.323440551757812,8201207.087105529
2003-08-08 13:30:00,13.340424333665707,13.429586551671566,12.813940467332255,12.949807167053224,32600157.24975968
2003-08-11 13:30:00,12.928578088282457,13.242770028725902,12.924332152756673,13.204557418823242,21776147.00793342
2003-08-12 13:30:00,13.247015000312214,13.45081503174364,13.128131243729213,13.412602424621582,12033666.746382449
2003-08-13 13:30:00,13.450814668118133,13.896627326051076,13.408356126927062,13.671598434448242,28795258.37562283
2003-08-14 13:30:00,13.714057984020894,13.888137297137344,13.607912021885037,13.858416557312012,11614431.441321377
2003-08-15 13:30:00,13.82869381902632,13.879643419984047,13.650369405844964,13.798973083496094,4569651.641354174
2003-08-18 13:30:00,13.841431279955986,14.516519589074631,13.841431279955986,14.499537467956545,23775989.486937765
2003-08-19 13:30:00,14.59719463837877,14.771273969049023,14.482556793353137,14.762782096862791,23933079.43810228
2003-08-20 13:30:00,14.601436918872334,14.87317029723585,14.54199544481265,14.682108879089355,13896431.942019736
2003-08-21 13:30:00,14.856189128492444,15.127922524280995,14.750043169533866,15.093955039978027,24404838.63366761
2003-08-22 13:30:00,15.815746025383524,16.074742393937868,15.386917114257812,15.386917114257812,34372249.91647635
2003-08-25 13:30:00,15.450607574849606,15.50580393432883,15.200103013716529,15.302003860473633,17104511.34605406
2003-08-26 13:30:00,15.140662505695014,15.497313062887558,14.881666055635543,15.297758102416992,16281351.417249272
2003-08-27 13:30:00,15.280772529904484,15.726585220924592,15.280772529904484,15.688372611999512,16334112.634164255
2003-08-28 13:30:00,15.74357266812234,15.8582089022205,15.5185420871947,15.794522285461426,11408109.750891767
2003-08-29 13:30:00,15.582223765517137,15.94736604536449,15.582223765517137,15.8751859664917,9256595.539187323
2003-09-02 13:30:00,16.11295230070779,16.11295230070779,15.628927124977636,15.921889305114746,29264429.05555937
2003-09-03 13:30:00,15.972844073678356,16.019548556587466,15.493065486623896,15.58222770690918,26304109.157575514
2003-09-04 13:30:00,15.667140838449292,15.960103039423856,15.52278230036216,15.8751859664917,23846650.08770997
2003-09-05 13:30:00,15.819995847968222,16.34648061148152,15.786029977232026,16.053518295288086,34065115.497025125
2003-09-08 13:30:00,16.091727685228957,16.49508102500319,16.091727685228957,16.473852157592773,23691670.20511534
2003-09-09 13:30:00,16.35072209713394,16.469606667386305,16.18513466747602,16.236085891723633,24351140.04634424
2003-09-10 13:30:00,15.98133259741231,15.98133259741231,15.327473212969004,15.35719394683838,51577572.871950485
2003-09-11 13:30:00,15.391164298652557,15.760551788315746,15.026021934766698,15.59071922302246,48669303.72938577
2003-09-12 13:30:00,15.43362103004188,15.701109287042344,15.327475076273616,15.692617416381836,25444917.15526473
2003-09-15 13:30:00,15.77329050878137,15.853960856352222,15.399656271222852,15.484573364257812,17159861.537233558
2003-09-16 13:30:00,15.539766363406628,16.04926724508492,15.518537497432252,16.019546508789062,25504270.412327584
2003-09-17 13:30:00,15.985586211012306,16.197878183962487,15.887930478155113,15.90066909790039,25625792.27278016
2003-09-18 13:30:00,15.756306610798363,16.070497746371565,15.582227300640556,16.006811141967773,26135003.07810403
2003-09-19 13:30:00,16.040775959449853,16.104464179353073,15.836975923281756,15.947368621826172,16570344.357634136
2003-09-22 13:30:00,15.60345756191097,15.75206127177987,15.395410748435546,15.49731159210205,32415974.023263477
2003-09-23 13:30:00,15.582227689041495,15.76904400080486,15.416640245941878,15.747815132141112,28856961.81066048
2003-09-24 13:30:00,15.735077899779846,15.803011250284166,14.98356429876769,15.004793167114258,26802008.881922368
2003-09-25 13:30:00,15.136414351202529,15.36993513629844,14.864679336547852,14.864679336547852,30806165.78926737
2003-09-26 13:30:00,14.834957041257224,15.068479421511425,14.677861492443274,14.690598487854004,32250171.393493816
2003-09-29 13:30:00,14.88166335249011,15.11943088731611,14.720321038870368,15.030268669128418,25986857.948733337
2003-09-30 13:30:00,14.898646537622048,14.945351017685429,14.56322492594754,14.605684280395508,25497909.537798144
2003-10-01 13:30:00,14.762779343266356,14.992054990552464,14.648141519623303,14.902891159057615,31259788.102578044
2003-10-02 13:30:00,14.877417073460052,15.25954153021129,14.851941461813158,15.009037017822266,21578543.022811625
2003-10-03 13:30:00,15.45485221562978,15.90915678873592,15.412392860406577,15.675634384155272,30770837.10023195
2003-10-06 13:30:00,15.709601868333838,15.790272213769738,15.577980296630091,15.675634384155272,14249011.647533316
2003-10-07 13:30:00,15.544013838504572,15.985581398010254,15.497309359372029,15.985581398010254,22856264.38668145
2003-10-08 13:30:00,16.02804058406212,16.02804058406212,15.531278249356587,15.866698265075684,20676716.424685314
2003-10-09 13:30:00,16.129937994834226,16.295525404550457,15.836974159497638,16.002561569213867,39183551.79831205
2003-10-10 13:30:00,16.134185537731085,16.28278923034668,16.09597292825011,16.28278923034668,19242607.52263915
2003-10-13 13:30:00,16.376197536869945,16.537539839304852,16.176642626480945,16.363460540771484,19512519.66473198
2003-10-14 13:30:00,16.197877864064875,16.664919547467814,16.134189625573935,16.507823944091797,26741473.232477404
2003-10-15 13:30:00,17.093744842755328,17.16167819299294,16.524802427143268,16.6267032623291,38373339.52783589
2003-10-16 13:30:00,16.563012760228084,16.813517258467336,16.49507941933228,16.80502700805664,24732220.96152917
2003-10-17 13:30:00,16.855977699036043,16.868714695134504,16.308264191580307,16.363460540771484,21049318.713730447
2003-10-20 13:30:00,16.168152788408534,16.686143952097996,16.168152788408534,16.664915084838867,25710353.027228925
2003-10-21 13:30:00,16.792286686510355,17.068266766909442,16.792286686510355,17.008825302124023,25789258.766879547
2003-10-22 13:30:00,16.728605738968373,16.792292350007134,16.516313796187855,16.613967895507812,17466748.62660071
2003-10-23 13:30:00,16.104461443852877,16.495077708577064,16.02803624081407,16.337982177734375,23833931.946525067
2003-10-24 13:30:00,16.248825238386424,16.384691950049366,15.98982881313551,16.367708206176758,26408444.96985513
2003-10-27 14:30:00,16.444128875755972,16.63943701717614,16.329491065881044,16.554521560668945,16056902.367657809
2003-10-28 14:30:00,16.728603994573966,17.501346456143725,16.728603994573966,17.458887100219727,32922355.11748804
2003-10-29 14:30:00,17.361232691139868,17.67542544055205,17.344248949083255,17.615983963012695,21081820.11312658
2003-10-30 14:30:00,17.89620768785334,17.98112315150953,17.63721131258948,17.768831253051758,23242526.14369817
2003-10-31 14:30:00,17.811292830327915,17.832521698894826,17.55654154854839,17.683917999267578,16120255.163789632
2003-11-03 14:30:00,17.896207799186833,18.38447819688207,17.802798844993543,18.312299728393555,25697400.63418929
2003-11-04 14:30:00,18.24436729221435,18.507608807521457,18.176433945694487,18.32928276062012,19248025.012406576
2003-11-05 14:30:00,18.32503603335909,18.660457611083984,18.09576040152243,18.660457611083984,17481590.883873936
2003-11-06 14:30:00,18.68168891777356,18.80906374555389,18.37598803537372,18.770851135253903,19091164.699819088
2003-11-07 14:30:00,18.957671672945317,18.97890054389042,18.65621587475231,18.677446365356445,23138654.23762461
2003-11-10 14:30:00,18.72414732182436,18.72414732182436,18.027830060101568,18.44392204284668,28965774.083713356
2003-11-11 14:30:00,18.142466890378387,18.3207929414844,18.049057929339103,18.299562454223636,22742034.2047693
2003-11-12 14:30:00,18.392972894153598,18.957670211791992,18.38023589650004,18.957670211791992,24506112.60172896
2003-11-13 14:30:00,18.81331118837094,18.83029331162139,18.320793981612702,18.592527389526367,32230853.448482275
2003-11-14 14:30:00,18.511859634142592,18.668956862323444,17.87498370700935,17.964147567749023,38619924.15181071
2003-11-17 14:30:00,17.832523506819204,17.95565322451302,17.501348588554873,17.79006576538086,38133335.40482709
2003-11-18 14:30:00,17.976882365545052,18.10001208509033,17.484365107022956,17.492856979370117,33048827.38064799
2003-11-19 14:30:00,17.539559868710572,17.845259147048555,17.450396027022226,17.81553840637207,33196268.875291437
2003-11-20 14:30:00,17.57777203481141,17.998109139229467,17.412182972826727,17.450395584106445,35172557.79416251
2003-11-21 14:30:00,17.590508603467082,17.79855377785347,17.4334130363261,17.713638305664062,24804288.38356386
2003-11-24 14:30:00,17.93866774774826,18.34202273109685,17.913192133550005,18.303810119628903,24052728.221924983
2003-11-25 14:30:00,18.35050992370244,18.601014397308603,18.278329845040435,18.36324691772461,25961662.83315832
2003-11-26 14:30:00,18.49486767819738,18.61375060312602,18.09575793937972,18.40145874023437,23417524.969090965
2003-11-28 14:30:00,18.354760471704505,18.639232506299628,18.354760471704505,18.596773147583008,5763996.650504381
2003-12-01 14:30:00,18.809062698295296,18.847275306467655,18.45241222857281,18.711408615112305,25614494.960789148
2003-12-02 14:30:00,18.71141106645477,18.804820036370906,18.5415768701816,18.575544357299805,26951565.476101853
2003-12-03 14:30:00,18.68168683334392,18.82180026203014,18.223135560907515,18.23587417602539,25991336.025039613
2003-12-04 14:30:00,18.38447987979987,18.40570874778928,17.72637525417542,18.12973022460937,36306139.34162353
2003-12-05 14:30:00,17.790062230887695,17.930174045524314,17.403691029789748,17.47162437438965,30809936.06694553
2003-12-08 14:30:00,17.53531132977797,17.662686151030552,17.216873466817137,17.463132858276367,24051788.09073375
2003-12-09 14:30:00,17.61173888539269,17.632967755144303,16.677654039391136,16.728605270385742,37219972.26007276
2003-12-10 14:30:00,16.851733144658198,16.96212585739184,16.60122859765053,16.94089698791504,43330190.75646913
2003-12-11 14:30:00,16.898433423814062,17.429163126946783,16.855975695426853,17.38670539855957,38420687.366165474
2003-12-12 14:30:00,17.424920624619503,17.55229544861101,17.15318723486196,17.36972427368164,26892922.64503492
2003-12-15 14:30:00,17.768832710801668,17.785816452789707,16.81776583469446,16.826257705688477,45463577.64146906
2003-12-16 14:30:00,16.885697432820955,16.957875899300802,16.308263222347737,16.698881149291992,43714339.86857602
2003-12-17 14:30:00,16.707376047228916,16.85173464000337,16.367709246482864,16.575756072998047,35124270.59673413
2003-12-18 14:30:00,16.652177617824808,17.263577723766772,16.647930872697746,17.19564437866211,38573302.94775536
2003-12-19 14:30:00,17.178661445619102,17.280562277899243,16.949385787732876,17.0725154876709,35714737.266301826
2003-12-22 14:30:00,16.962126858780966,17.225368419083864,16.898438626931693,17.085256576538086,15124690.555333212
2003-12-23 14:30:00,17.110723011292905,17.429160790484428,17.093739274351364,17.416423797607422,13975571.65264408
2003-12-24 14:30:00,17.40794133867913,17.531071068573358,17.314532354668454,17.373973846435547,7556103.127929119
2003-12-26 14:30:00,17.437662084562678,17.518332449152425,17.35699171997293,17.373973846435547,3750730.699840136
2003-12-29 14:30:00,17.53106543806867,17.81129068044075,17.50134470173062,17.747602462768555,13559396.324800331
2003-12-30 14:30:00,17.802797325619327,17.874975787947797,17.620226177818648,17.717880249023438,15086304.643162563
2003-12-31 14:30:00,17.747603914804472,17.82827587974399,17.51408313033181,17.615983963012695,20012773.286029253
2004-01-02 14:30:00,17.79430726177255,17.874977601912942,17.54804949627843,17.577770233154297,23477343.81188683
2004-01-05 14:30:00,17.8112904580579,18.2486112469936,17.798551842887317,18.214645385742188,23165509.7352802
2004-01-06 14:30:00,18.189171579757733,18.43118423644865,18.061796753024428,18.32079315185547,20710633.00986157
2004-01-07 14:30:00,18.36325131559438,18.55431436997742,18.235876485891968,18.537330627441406,23552474.04541666
2004-01-08 14:30:00,18.68168572511676,19.09353249689302,18.55006417443091,19.029844284057617,29289626.64564791
2004-01-09 14:30:00,18.7241476346617,19.2888449476027,18.7241476346617,19.0001277923584,28830346.87905152
2004-01-12 14:30:00,19.093533844390578,19.42470868732636,18.91945455263476,19.42046356201172,27201933.038241524
2004-01-13 14:30:00,19.40348077771309,19.437446640880108,18.78358879307187,18.936437606811523,33411541.89034469
2004-01-14 14:30:00,19.00437110700704,19.08079632432635,18.707163728163884,18.89398002624512,26868192.90032281
2004-01-15 14:30:00,18.72414702894604,19.276107326483825,18.72414702894604,19.15722274780273,37500484.51442477
2004-01-16 14:30:00,19.254876813403232,19.29733616989813,19.02135602148722,19.24213981628418,33680979.86105459
2004-01-20 14:30:00,19.276106534614,19.322809395412136,19.02560201006591,19.1954345703125,25541245.87676233
2004-01-21 14:30:00,18.99163436404936,19.000126234937994,18.571297282844,18.745376586914062,36881056.28011301
2004-01-22 14:30:00,18.902470054127008,19.034091608824223,18.426936674681272,18.45665740966797,28454925.94302712
2004-01-23 14:30:00,18.533082218424266,18.55431108300408,18.07877771385032,18.23162651062012,38577781.696903415
2004-01-26 14:30:00,18.214648714792983,18.66046145543639,18.214648714792983,18.575544357299805,22371316.12440169
2004-01-27 14:30:00,18.42269245783611,18.49062580707873,17.930175270912425,17.981124877929688,31966360.45810842
2004-01-28 14:30:00,18.11698989871712,18.375986274863997,17.73061870699305,17.83251953125,46073590.3617097
2004-01-29 14:30:00,17.98112609241523,18.02358545084642,17.429167390081076,17.75185203552246,49622940.64705344
2004-01-30 14:30:00,17.79006441131159,17.934422988736905,17.64145908827027,17.81553840637207,30286125.28680293
2004-02-02 14:30:00,17.95989728170774,18.0193387640467,17.539560159648577,17.58201789855957,25769702.59867579
2004-02-03 14:30:00,17.53106704820045,17.781571577241937,17.46313369895151,17.734867095947266,20696501.41931032
2004-02-04 14:30:00,17.526819731452473,17.526819731452473,17.216873734379533,17.229612350463867,32303397.41792543
2004-02-05 14:30:00,17.36548045007291,17.45464267158617,17.153188520950547,17.280563354492188,29784457.780095167
2004-02-06 14:30:00,17.399441848272243,18.07028494946032,17.399441848272243,18.044809341430664,40160039.17182671
2004-02-09 14:30:00,18.193418197284643,18.193418197284643,17.862243296690657,17.87073516845703,21322524.55142329
2004-02-10 14:30:00,17.91743878404786,18.061797357754585,17.807046076099798,17.93017578125,18384354.478640456
2004-02-11 14:30:00,17.998106669614817,18.291070522446507,17.972632678696325,18.23587417602539,30349957.423973806
2004-02-12 14:30:00,18.19766246585737,18.40570762700736,17.998107555659104,18.00659942626953,24131160.20133796
2004-02-13 14:30:00,18.16794041162995,18.26559448708325,17.577769214083396,17.764585494995117,34924320.32469382
2004-02-17 14:30:00,17.93866305314119,18.09151345901153,17.811288254802054,18.053300857543945,19314446.62144594
2004-02-18 14:30:00,18.12972986976134,18.29956243001132,18.01509204127175,18.138221740722656,23797185.11020172
2004-02-19 14:30:00,18.55431682046584,18.605266435144006,17.76883563085375,17.781574249267578,55864341.33500009
2004-02-20 14:30:00,17.841011508723795,17.841011508723795,17.458885440038618,17.641456604003906,44185388.04273319
2004-02-23 14:30:00,17.71788431933777,17.76883392913651,16.970617436873702,17.17441749572754,51400917.49079694
2004-02-24 14:30:00,17.025811511257093,17.40369249325723,17.00882938842312,17.267824172973633,38438108.78939014
2004-02-25 14:30:00,17.34425042774085,17.620230590883317,17.34425042774085,17.560789108276367,33619270.5847162
2004-02-26 14:30:00,17.531066795396416,17.811292059464698,17.382461482541874,17.6372127532959,29047031.66294635
2004-02-27 14:30:00,17.739113051491533,17.747604923002243,17.28480845345134,17.365480422973633,49239507.40627203
2004-03-01 14:30:00,17.34849420111422,17.768831253051758,17.242348251885335,17.768831253051758,32481456.193542603
2004-03-02 14:30:00,17.857993312218383,18.06603844508788,17.700896156768447,17.72637176513672,38900452.05732385
2004-03-03 14:30:00,17.641459159430863,17.726376255845736,17.29330052182289,17.399446487426758,40597633.414369
2004-03-04 14:30:00,17.429165461017305,17.713637462214653,17.429165461017305,17.688161849975586,22167825.458040383
2004-03-05 14:30:00,17.289054939455607,17.7645883993034,17.272071196689186,17.514083862304688,30440630.19176636
2004-03-08 14:30:00,17.58201951809765,17.696657367307708,16.79229319220107,16.800785064697266,42414466.7502228
2004-03-09 14:30:00,16.822011567579388,16.97486201167155,16.57999890431974,16.915420532226562,62008246.8549319
2004-03-10 14:30:00,16.928160881903413,17.05553573732002,16.473856205133366,16.571510314941406,56931970.86822147
2004-03-11 14:30:00,16.473852867890333,16.92391232682657,16.4229032599768,16.45686912536621,58298732.47120845
2004-03-12 14:30:00,16.626699991875686,16.834746747113897,16.601224383175545,16.82200813293457,50257456.81057039
2004-03-15 14:30:00,16.70737267639448,16.728603163130693,16.376197814941406,16.376197814941406,41245566.051933855
2004-03-16 14:30:00,16.550277355188975,16.652178186153133,16.274298839882995,16.55876922607422,45189191.88883477
2004-03-17 14:30:00,16.703125198317597,16.88994146980977,16.681896334230068,16.82200813293457,29394906.6462031
2004-03-18 14:30:00,16.771064280969643,16.90268587485958,16.473855222944696,16.575756072998047,44946828.5000466
2004-03-19 14:30:00,16.57575499268659,16.580000118818404,15.977091789245604,15.977091789245604,32885610.40047585
2004-03-22 14:30:00,15.836977524691193,15.994073098103344,15.645914465320269,15.866698265075684,58340183.2616907
2004-03-23 14:30:00,16.006810303568944,16.10021764240048,15.65015983074824,15.815747261047363,55313459.7790776
2004-03-24 14:30:00,15.862451216266624,16.31675575811041,15.811501613163598,16.11720085144043,53653483.07777878
2004-03-25 14:30:00,16.304023363503585,16.8389983962105,16.29128474438878,16.783802032470703,56938801.92582663
2004-03-26 14:30:00,16.779551423172517,16.911172979957414,16.601225390765283,16.63519287109375,32900926.638133783
2004-03-29 14:30:00,16.792290443872886,17.00882910793821,16.72011196895698,16.775306701660156,34197250.86591476
2004-03-30 14:30:00,16.73709338385847,16.813518600925665,16.486590485276672,16.79228973388672,42017851.7980926
2004-03-31 14:30:00,16.809275464006497,16.940897046673463,16.596983529184318,16.77106285095215,40093845.33204017
2004-04-01 14:30:00,16.843241517431526,17.191401784472422,16.613967456231446,17.038551330566406,43014351.47202967
2004-04-02 14:30:00,17.535313413962125,17.620230511443033,17.348497095231266,17.58201789855957,48545179.32920889
2004-04-05 13:30:00,17.560789439236643,17.81978586375576,17.488609337811482,17.798555374145508,30739038.118627213
2004-04-06 13:30:00,17.55654206301599,17.57777255186388,17.216875297015395,17.399446487426758,34464098.36858405
2004-04-07 13:30:00,17.348493222344832,17.49285176993802,17.10223385659116,17.356985092163086,37267321.56916785
2004-04-08 13:30:00,17.64145871973987,17.645705465267163,17.28480821941358,17.429166793823242,23481816.27010048
2004-04-12 13:30:00,17.53531384831443,17.59051020599308,17.293301167277452,17.552297592163086,21826076.010987934
2004-04-13 13:30:00,17.654198017736974,17.662688269801386,17.216875532109416,17.33576011657715,28893938.084907893
2004-04-14 13:30:00,17.157431770812067,17.437657021826137,17.072514684516563,17.19564437866211,34620961.96515545
2004-04-15 13:30:00,17.199889485028823,17.238102092836428,16.503572293564662,16.63094711303711,74893105.08353436
2004-04-16 13:30:00,16.567261989652696,16.579998986837488,16.146923266307244,16.414411544799805,70811690.21746646
2004-04-19 13:30:00,16.410165089290107,16.681898471606885,16.333739873056174,16.67340660095215,37557248.87461396
2004-04-20 13:30:00,16.64368732798586,16.7753072855689,16.04926928712038,16.062007904052734,55101012.16014311
2004-04-21 13:30:00,16.261560951316124,16.346478044309237,15.887926713941726,16.21061134338379,65190892.93188669
2004-04-22 13:30:00,15.964348107071508,16.495077786424396,15.819989569501184,16.231836318969727,65458935.78508598
2004-04-23 13:30:00,16.325251267310048,16.52905134480588,16.24033416343869,16.47810173034668,31561253.28713499
2004-04-26 13:30:00,16.5375422182027,16.55877108797344,15.994073758049849,16.1002197265625,27970916.29199427
2004-04-27 13:30:00,16.1341886497173,16.240334627675967,15.824242588437084,15.904912948608398,32291143.44148497
2004-04-28 13:30:00,15.815749797706236,16.066254355932777,15.607702980334777,15.65865421295166,44913857.01505102
2004-04-29 13:30:00,15.645913076519518,15.752059031230392,14.983563355705249,15.251049995422363,70237014.87548216
2004-04-30 13:30:00,15.285019164801732,15.361444390198454,14.95808939386218,14.987810134887695,43184165.67772501
2004-05-03 13:30:00,15.085462216912266,15.369934211191811,14.648141411891505,14.928366661071776,53931401.79263114
2004-05-04 13:30:00,15.017531014550556,15.382673401559352,14.97507327545327,15.191610336303713,65430653.372705005
2004-05-05 13:30:00,15.20859385383176,15.369936175390238,15.055743403898353,15.242561340332031,40371294.06373678
2004-05-06 13:30:00,15.072726051012676,15.357196441299797,15.021776444626388,15.28501796722412,44456238.22340885
2004-05-07 13:30:00,15.29351066081019,15.760552253732213,15.29351066081019,15.476081848144531,72338360.53709649
2004-05-10 13:30:00,15.374179780950428,15.764797738779022,15.348705788253367,15.628931045532228,83721984.24859175
2004-05-11 13:30:00,15.790274199260471,16.083238118332496,15.769045328808918,16.049270629882812,59162160.24593437
2004-05-12 13:30:00,15.917650253587093,15.917650253587093,15.361444791912172,15.832733154296877,95149632.87166518
2004-05-13 13:30:00,15.760553438867442,15.87519128276694,15.569490365701608,15.65865421295166,58441219.15320451
2004-05-14 13:30:00,15.786027982943253,15.83273246650693,15.420885605618738,15.450606346130373,45833819.67399197
2004-05-17 13:30:00,15.140658805959344,15.471833663977629,15.072725460220754,15.276525497436523,49171681.12402846
2004-05-18 13:30:00,15.46334391176748,15.66714559656262,15.45485365958838,15.544015884399414,39745739.38257381
2004-05-19 13:30:00,15.807259449351292,16.070501031277846,15.603459358215332,15.603459358215332,56362237.040529445
2004-05-20 13:30:00,15.667143751697658,15.73932222433332,15.41239248553112,15.522785186767578,34935150.99546471
2004-05-21 13:30:00,15.6331744784539,15.688370822752525,15.41663746568016,15.577978134155272,36242788.57021748
2004-05-24 13:30:00,15.752057373472828,15.786024852841738,15.582224835603965,15.667141914367676,35497588.26704514
2004-05-25 13:30:00,15.633179084154548,16.142680088598922,15.450607877398154,16.08323860168457,56421121.89345927
2004-05-26 13:30:00,16.023794629165042,16.236086546447968,15.938877538320114,16.155414581298828,41064681.64956925
2004-05-27 13:30:00,16.210610910974292,16.414410956926208,16.15541455905228,16.240331649780273,55752004.917476565
2004-05-28 13:30:00,16.41865530083137,16.567260607444123,16.316756092536806,16.52480125427246,28235650.091582693
2004-06-01 13:30:00,16.397423360940838,16.550273764394838,16.223344094708985,16.325244903564453,29562837.64361565
2004-06-02 13:30:00,16.312507524262443,16.312507524262443,15.917646111678335,16.002561569213867,59636995.12102038
2004-06-03 13:30:00,15.92614243093248,15.92614243093248,15.573738612820035,15.603459358215332,58771654.66625652
2004-06-04 13:30:00,15.943118166923233,16.07473970158918,15.849710851034228,15.921889305114746,32452257.398499496
2004-06-07 13:30:00,16.02804092399923,16.478100404545028,16.02804092399923,16.418657302856445,31833522.4135858
2004-06-08 13:30:00,16.27004911756906,16.48658773637431,16.227591390570385,16.435636520385742,23662705.020246588
2004-06-09 13:30:00,16.282789249331564,16.363461213695896,15.93887738326056,15.951614379882812,41251453.17484611
2004-06-10 13:30:00,16.062008129150147,16.172399219604802,15.849716200102913,16.011056900024414,34441488.34491545
2004-06-14 13:30:00,15.836979109076337,15.88368359711269,15.599213162213491,15.709604263305664,27446401.11699869
2004-06-15 13:30:00,15.870939712842713,16.032280358313873,15.81574337641398,15.921889305114746,26453440.41329928
2004-06-16 13:30:00,15.938876335775356,15.938876335775356,15.709600693689907,15.726584434509276,24624114.10338268
2004-06-17 13:30:00,15.611947826120817,15.628931568259391,15.24256034273018,15.25954246520996,47353898.8496193
2004-06-18 13:30:00,15.14066085382206,15.514295115749878,15.127923855916672,15.23406982421875,47295248.9887618
2004-06-21 13:30:00,15.369933910609936,15.505800597273074,15.144903394851454,15.166133880615234,32232270.69955538
2004-06-22 13:30:00,15.166133722339032,15.662895986580834,15.16188697736713,15.624683380126951,60028433.07198364
2004-06-23 13:30:00,15.594960442224709,15.97708645281406,15.569484834965946,15.964347839355469,49346449.72393988
2004-06-24 13:30:00,15.887926357008858,16.045023542397416,15.6883730555658,15.739322662353516,42829703.9784836
2004-06-25 13:30:00,15.709601306275234,15.951613953582992,15.709601306275234,15.815747261047363,40111043.41319559
2004-06-28 13:30:00,15.943121760920912,16.006809980361698,15.58647129530164,15.654404640197754,34650873.71593729
2004-06-29 13:30:00,15.671391656700912,15.955863711424197,15.582229426575616,15.93887996673584,31725885.092789635
2004-06-30 13:30:00,16.0237952925734,16.15541525015644,15.879436718058002,16.062007904052734,41783265.92122329
2004-07-01 13:30:00,15.89217358216082,15.900665453491609,15.331723031599507,15.459097862243652,56919263.60473284
2004-07-02 13:30:00,15.31049580121928,15.369937287235786,15.085465236023769,15.132169723510742,35418206.418133475
2004-07-06 13:30:00,14.945350386921676,14.992054865013907,14.525011703750256,14.682108879089355,60657753.49384069
2004-07-07 13:30:00,14.72031973153439,14.941103504337754,14.669370128474744,14.80523681640625,43524740.68819078
2004-07-08 13:30:00,14.69059827167194,14.953841383783123,14.69059827167194,14.741549491882324,53375802.055100925
2004-07-09 13:30:00,14.881662792722384,15.106693322102515,14.881662792722384,15.017529487609863,36069202.4669809
2004-07-12 13:30:00,14.682108760331534,14.745795359312332,14.478307108548677,14.720319747924805,46467387.02608696
2004-07-13 13:30:00,14.800992632610864,14.856188984237829,14.580208845761792,14.724567413330078,48272916.84042076
2004-07-14 13:30:00,14.19808328659631,14.202330032083037,13.811712049905305,13.943333625793455,70392691.94167562
2004-07-15 13:30:00,14.040987022846863,14.117412241244349,13.811711367654416,13.875399589538574,39792377.696444206
2004-07-16 13:30:00,14.032495009322588,14.036741754556374,13.569698578023464,13.586682319641112,39280818.33697407
2004-07-19 13:30:00,13.633389036479263,13.78199275087249,13.484784512256532,13.66310977935791,52991412.09859083
2004-07-20 13:30:00,13.7735002687945,14.011267820954584,13.684338044106571,13.968810081481934,58816176.41820618
2004-07-21 13:30:00,14.198083173360947,14.274508394924052,13.459308191129391,13.489028930664062,65402158.76518778
2004-07-22 13:30:00,13.463553876459464,14.007022321234242,13.450816878889215,13.909366607666016,62868852.03777462
2004-07-23 13:30:00,13.714057849900517,13.85841642177984,13.48053705941718,13.489028930664062,39241248.154164456
2004-07-26 13:30:00,13.506011284384211,13.603666179878475,13.247015701091666,13.39561939239502,55211476.63654372
2004-07-27 13:30:00,13.450814424099718,13.561206305262097,13.170589191083415,13.446568489074709,74683492.76138178
2004-07-28 13:30:00,13.35316079002457,13.459306739675544,13.060197742235662,13.331931114196776,78105429.62082523
2004-07-29 13:30:00,13.506012606543123,13.896629797271158,13.501766670686038,13.781991958618164,88740535.99633421
2004-07-30 13:30:00,13.718305531411843,14.036743436433538,13.697075042016577,13.968810081481934,46592443.19230518
2004-08-02 13:30:00,13.777745040202284,14.10042802506757,13.765006424458765,14.07495403289795,37060762.8835655
2004-08-03 13:30:00,13.934839666612124,14.011264877333906,13.518747752492756,13.531485557556152,44528549.38238219
2004-08-04 13:30:00,13.4593067200818,13.74802383228484,13.374389636552907,13.62489414215088,54498782.359974846
2004-08-05 13:30:00,13.680091917693664,13.820203743435163,13.336178422340998,13.467799186706545,63562946.37314756
2004-08-06 13:30:00,13.204555607533392,13.365897086234735,12.928576314849126,13.013492584228516,52411800.06800709
2004-08-09 13:30:00,13.098411919551998,13.157853399338904,12.903102927663076,12.966791152954102,32079411.44136364
2004-08-10 13:30:00,13.055952837437532,13.132378056790358,12.932823137407006,13.102657318115234,39821582.26775898
2004-08-11 13:30:00,12.695057278298776,12.72902395477587,12.346898641951183,12.563436508178713,62560785.85993718
2004-08-12 13:30:00,12.419077546775936,12.559190184141256,12.17706488312942,12.219523429870604,60049151.9753496
2004-08-13 13:30:00,12.249243725306783,12.304439267187544,12.01572213161582,12.291702270507812,47333408.5490144
2004-08-16 13:30:00,12.300194965329014,12.516732845767184,12.300194965329014,12.359637260437012,42902004.72267826
2004-08-17 13:30:00,12.533715959294522,12.678074538988673,12.50824034417476,12.516732215881348,58804401.011067264
2004-08-18 13:30:00,12.453043955236952,12.94980707885165,12.436061022802209,12.890365600585938,52730221.83590342
2004-08-19 13:30:00,12.873380313506168,13.03896773156398,12.7375136310147,12.8394136428833,59368258.35135605
2004-08-20 13:30:00,12.801203004094216,12.937069707461449,12.720531845283883,12.860645294189451,37099385.41239228
2004-08-23 13:30:00,12.903101726410744,13.157852174369824,12.87762692456364,12.992264747619627,44282658.82418141
2004-08-24 13:30:00,13.077183566376496,13.102659183006292,12.614387058718837,12.686566352844238,61723961.88434806
2004-08-25 13:30:00,12.631367858279011,12.915839032354434,12.512484104544887,12.83516788482666,55357741.76204461
2004-08-26 13:30:00,12.712040657950824,12.81818662013518,12.635615435605375,12.695056915283203,28300652.593667
2004-08-27 13:30:00,12.818186338825662,12.92857823425425,12.733269247010009,12.805448532104492,25948232.073703147
2004-08-30 13:30:00,12.76723577824497,12.82667725595006,12.537960928647191,12.559189796447754,24060501.522643823
2004-08-31 13:30:00,12.525223222545186,12.550698026076097,12.16008086267473,12.453043937683104,41643130.08499105
2004-09-01 13:30:00,12.410586762345076,12.75450029222116,12.35963714965717,12.546453475952148,36289177.58452285
2004-09-02 13:30:00,12.457289241727269,12.746006366539223,12.44030550034804,12.73751449584961,36087574.23983914
2004-09-03 13:30:00,12.270473713085918,12.334161131786384,11.986002487049667,12.01572322845459,52018933.13165176
2004-09-07 13:30:00,12.13885233971359,12.206785690946417,11.79493964786873,11.88410186767578,55346193.67497222
2004-09-08 13:30:00,11.82890449351362,12.092145986359116,11.82890449351362,11.905329704284668,58197229.630100764
2004-09-09 13:30:00,12.08790198620982,12.60164886872174,12.028460506019629,12.465782165527344,93889345.47305092
2004-09-10 13:30:00,12.491256565501883,12.97528188241847,12.43181508723617,12.890365600585938,80011759.53363171
2004-09-13 13:30:00,13.077181627996149,13.35740689075111,12.941314932094274,13.123886108398438,90038285.33764608
2004-09-14 13:30:00,13.072935294291112,13.234276778307812,13.005001142788526,13.191818237304688,66298809.88931673
2004-09-15 13:30:00,12.97103633019643,13.030478620048296,12.779974083054556,12.796957015991213,51736541.41100751
2004-09-16 13:30:00,12.864889664599424,12.992265298898351,12.750252646508589,12.77148151397705,51450146.14116969
2004-09-17 13:30:00,12.864889384392251,13.064444297498632,12.767235300437289,13.047460556030272,49269659.07759625
2004-09-20 13:30:00,12.920084523427173,13.586680926826933,12.915838588458024,13.450814247131348,77678191.28777306
2004-09-21 13:30:00,13.484781265258787,13.66310648942127,13.429584919063874,13.484781265258787,70554978.10021317
2004-09-22 13:30:00,13.39561959111045,13.433832200820852,13.115394326453762,13.183327674865724,49913111.09455985
2004-09-23 13:30:00,13.132378134543709,13.302211506428083,13.009248433784164,13.204557418823242,54889042.16183438
2004-09-24 13:30:00,13.242769994726464,13.32768627553594,12.7672357448417,12.809694290161133,105446784.50704582
2004-09-27 13:30:00,12.60164592314558,12.869133331306932,12.588908119012473,12.652595520019531,49950804.387871206
2004-09-28 13:30:00,12.682317217881618,12.703546081866818,12.410583061861391,12.52522087097168,47636301.6785438
2004-09-29 13:30:00,12.597402799594816,12.860645141617942,12.542207255692723,12.779973983764648,48040452.08236479
2004-09-30 13:30:00,12.779972171750613,13.060197406846587,12.775726236694087,12.8394136428833,73202512.43772145
2004-10-01 13:30:00,13.05170787179996,13.455062866210938,13.043216000167645,13.455062866210938,65674186.86023672
2004-10-04 13:30:00,13.641878680115047,13.8032193666253,13.50601117656191,13.54422378540039,54710515.927647
2004-10-05 13:30:00,13.50176506441484,13.65886062329053,13.361652437117623,13.548469543457031,58303682.32286402
2004-10-06 13:30:00,13.501765231211609,13.586682319641112,13.33617779958638,13.586682319641112,49956919.87430886
2004-10-07 13:30:00,13.522993687513887,13.718302649339474,13.480535147131864,13.531485557556152,51279395.9924563
2004-10-08 13:30:00,13.331931653594326,13.36165239112638,12.9115937731495,12.988018989562988,66459433.80582535
2004-10-11 13:30:00,12.95829936783304,13.07718232819793,12.771482246050375,13.026232719421388,54445782.31719098
2004-10-12 13:30:00,12.822432518005373,12.98377402372506,12.656844266801873,12.822432518005373,73812982.25444663
2004-10-13 13:30:00,13.217293742007037,13.3149486344647,12.992264839413918,13.051706314086914,76459579.96255362
2004-10-14 13:30:00,12.949806501885424,13.009247977502778,12.59740196389942,12.63136863708496,57365351.358094975
2004-10-15 13:30:00,12.716285546511187,12.801201823368697,12.576172920358411,12.635614395141602,47642654.62717487
2004-10-18 13:30:00,12.546452055431466,12.716286238041022,12.419077228303705,12.703548431396484,50795621.80049061
2004-10-19 13:30:00,12.979527918334371,13.153607228740752,12.881873829048724,12.9073486328125,70180014.0681449
2004-10-20 13:30:00,12.788465390907223,13.23427809108939,12.775727584393955,13.183327674865724,100094013.82718876
2004-10-21 13:30:00,13.310702832552836,13.65886062329053,13.187573136834096,13.548469543457031,95030941.7394732
2004-10-22 13:30:00,13.620648963027586,13.62489408834087,13.11114727369578,13.145113945007324,62703523.38323133
2004-10-25 13:30:00,13.157853214043346,13.374391071426931,13.153607278428444,13.217294692993164,88007117.01294823
2004-10-26 13:30:00,13.230032478119773,13.31070363501168,13.072936909773304,13.179082870483398,48451443.3294957
2004-10-27 13:30:00,13.247014331367833,13.692826978840213,13.183326116160952,13.675843238830566,71005538.26484933
2004-10-28 13:30:00,13.65461657346239,13.917858107386834,13.599420219367971,13.75651741027832,73408114.67326237
2004-10-29 13:30:00,13.731041586854172,13.85841641618834,13.633387497042682,13.735286712646484,45151034.97455857
2004-11-01 14:30:00,13.726795137786269,13.87964394645721,13.688582530703863,13.828694343566896,34076900.45617246
2004-11-02 14:30:00,13.65886000689991,13.964560859810572,13.365897769299629,13.790481567382812,54056466.83556048
2004-11-03 14:30:00,14.253278850853098,14.257525596104603,13.595174247181037,13.650370597839355,74153555.08381592
2004-11-04 14:30:00,13.544224708376804,13.841432918693563,13.49752103536998,13.752270698547363,51590044.95931118
2004-11-05 14:30:00,13.977300689795056,14.096185278733785,13.858417720515313,13.960318565368652,71036374.9632048
2004-11-08 14:30:00,13.947577046759116,14.070706736282078,13.89238231944908,13.97729778289795,32117806.031129774
2004-11-09 14:30:00,13.95606790752162,14.011264250497664,13.807464237576722,13.900873184204102,41270537.0237708
2004-11-10 14:30:00,13.807464855295354,13.82020185052945,13.506009947429355,13.531485557556152,68060300.64727855
2004-11-11 14:30:00,13.629141507080837,13.83294318890322,13.612159383311404,13.781991958618164,42614431.15033451
2004-11-12 14:30:00,13.82444688278614,14.045230617558197,13.658857866963302,14.028246879577637,37605303.296012565
2004-11-15 14:30:00,13.990037108875956,14.346687580319456,13.930595633578491,14.278754234313965,47332703.63610704
2004-11-16 14:30:00,14.1811009667827,14.3042290499883,14.0537245184905,14.236295700073242,42474296.52524364
2004-11-17 14:30:00,14.414620158478408,14.741549874858087,14.355178686347308,14.563223838806152,59216343.87847482
2004-11-18 14:30:00,14.389147158737456,14.79674728702042,14.35942641727884,14.775518417358398,59363536.08681559
2004-11-19 14:30:00,14.669370662206452,14.733058883092257,14.316966933705562,14.33819580078125,50771129.22590745
2004-11-22 14:30:00,14.257526759763197,14.333950364281511,14.130150306361934,14.329705238342283,38692474.18407757
2004-11-23 14:30:00,14.253278907101022,14.384900476218355,14.036741868523482,14.125904083251951,37264019.57285687
2004-11-24 14:30:00,14.206574363016356,14.316967064270656,14.142887761208495,14.227803230285645,29433999.349417284
2004-11-26 14:30:00,14.24903606469511,14.283001933989985,14.113169348197578,14.117414474487305,10253568.403874248
2004-11-29 14:30:00,14.257525425139706,14.355179509189586,13.977298549615616,14.024003028869627,35391362.83950074
2004-11-30 14:30:00,14.053723034806811,14.087690516007727,13.781989663834102,13.79472827911377,41210946.15757775
2004-12-01 14:30:00,13.968810883014312,14.338198420530484,13.879647033551208,14.32121467590332,45712991.24625205
2004-12-02 14:30:00,14.270262906745725,14.575963785235054,14.206574683840849,14.22355842590332,75092355.0927213
2004-12-03 14:30:00,14.70333795068683,14.83920464176381,14.546240773156365,14.550487518310549,79920851.52266864
2004-12-06 14:30:00,14.52076806136013,14.720321370418754,14.397638355570244,14.626914024353027,51982193.6173796
2004-12-07 14:30:00,14.669373342465052,14.78401118920987,14.30847767726246,14.32121467590332,71804418.78120905
2004-12-08 14:30:00,14.28299941770827,14.28299941770827,13.968808298531917,14.024003028869627,73300720.8350388
2004-12-09 14:30:00,13.70132043811796,14.02400343743763,13.539978128628738,13.832942008972168,125887506.84706284
2004-12-10 14:30:00,13.781991438596098,13.93059675849862,13.72254995849863,13.752270698547363,61782142.42679123
2004-12-13 14:30:00,13.900875357232032,13.956070089177762,13.73953304774281,13.832942008972168,46261771.03543901
2004-12-14 14:30:00,13.926348426117164,14.189589930692929,13.926348426117164,14.159869194030762,63383482.33573432
2004-12-15 14:30:00,14.18110000150457,14.261770342894254,14.04523331092262,14.155624389648438,48119827.87672886
2004-12-16 14:30:00,14.100429309364518,14.249034629076991,13.84992477237495,13.917858123779297,59104697.29254597
2004-12-17 14:30:00,13.820204571502495,14.138642472318953,13.7267972219644,13.781991958618164,60349207.64999205
2004-12-20 14:30:00,13.837185529605028,13.934839605172607,13.61215664328228,13.675843238830566,51342516.85838116
2004-12-21 14:30:00,13.77774696565868,13.926350672944704,13.714058737016709,13.905121803283691,38538675.35870494
2004-12-22 14:30:00,13.913612531793284,14.045234104330468,13.841432437286183,13.951825141906738,27949957.032633062
2004-12-23 14:30:00,13.905122048048298,14.053725757950115,13.892385049959277,14.00277614593506,19021212.04589669
2004-12-27 14:30:00,14.070707761150468,14.074954506427416,13.837186980339832,13.875399589538574,24262346.67847379
2004-12-28 14:30:00,13.845678345151232,14.00277390182227,13.798973866764484,13.926348686218262,27133158.857687566
2004-12-29 14:30:00,13.922103601245396,14.164116244809035,13.90511986002651,14.07495403289795,38307395.4314684
2004-12-30 14:30:00,14.087692182592754,14.193838144414784,14.087692182592754,14.10892105102539,31044751.42940418
2004-12-31 14:30:00,14.121656233797545,14.215065186490545,14.09618224281482,14.168360710144045,25708235.18633432
2005-01-03 14:30:00,14.266016217973656,14.338196312196,13.866907995875616,13.888136863708496,66155603.82940962
2005-01-04 14:30:00,13.947577931164146,13.98154541442446,13.319194877606424,13.54422378540039,97933783.07643324
2005-01-05 14:30:00,13.450817836995666,13.582438616850132,13.255508825435632,13.310705184936523,84784422.24153033
2005-01-06 14:30:00,13.374391742256565,13.463553965153467,13.230033163426802,13.24701690673828,68572318.47803363
2005-01-07 14:30:00,13.357406261772873,13.55271523530708,13.213048511546742,13.36589813232422,101368679.22264177
2005-01-10 14:30:00,13.361654361320598,13.51025888072217,13.280984007504172,13.340425491333008,66961798.23870408
2005-01-11 14:30:00,13.162098806487142,13.230032154895564,12.99651137097029,13.060198783874512,76084856.58126397
2005-01-12 14:30:00,13.302211749511006,13.399865838900366,13.098411699525538,13.344670295715332,90209744.64054307
2005-01-13 14:30:00,13.293718332915818,13.30221020313539,13.060197570682824,13.128130912780762,68744498.6817008
2005-01-14 14:30:00,13.179084405082058,13.395621477494773,13.166346596775044,13.310705184936523,43871895.13945619
2005-01-18 14:30:00,13.26399870948629,13.382882473043638,13.200311297156397,13.374390602111816,48027500.4005472
2005-01-19 14:30:00,13.374390722720806,13.391374464737607,13.060198783874512,13.060198783874512,54947923.62776862
2005-01-20 14:30:00,12.9667889195101,13.217292602534195,12.958297049623376,13.013492584228516,60866197.52653522
2005-01-21 14:30:00,13.085672568384632,13.128131110291957,12.82243106625202,12.83092212677002,64345837.117830224
2005-01-24 14:30:00,12.877625531243115,12.937066999064752,12.597400311756465,12.605892181396484,75397607.51716039
2005-01-25 14:30:00,12.750251612013132,12.903101227009213,12.720530066207614,12.83516788482666,76223587.64327683
2005-01-26 14:30:00,13.00500132461854,13.213048097459737,12.962543592851103,13.145113945007324,60920365.36688284
2005-01-27 14:30:00,13.089920280404655,13.280983340008149,13.055953604233972,13.230032920837402,79565201.17099093
2005-01-28 14:30:00,13.310702773542236,13.39561905071688,13.089918995195324,13.196064949035645,68494132.24866784
2005-01-31 14:30:00,13.340424741682924,13.404112157896332,13.22154097087631,13.251261711120604,42096749.109414175
2005-02-01 14:30:00,13.310704111982524,13.518750105249822,13.306458176222444,13.459308624267578,49434757.35550242
2005-02-02 14:30:00,13.497521084298084,13.51874995303001,13.336178766549487,13.378637313842772,44627933.572812185
2005-02-03 14:30:00,13.306456396573456,13.408356411698623,13.145114098586609,13.268243789672852,52252582.25505474
2005-02-04 14:30:00,13.348917808775246,13.892385482788086,13.319197065868908,13.892385482788086,70929445.34132864
2005-02-07 14:30:00,13.832942529290024,13.98154622805475,13.743778690372343,13.862663269042969,53025333.234104216
2005-02-08 14:30:00,13.80321899024512,14.202328809377333,13.80321899024512,14.091936111450195,75083880.16041183
2005-02-09 14:30:00,14.070709646895503,14.0749563927416,13.765008732335788,13.811713218688965,65384488.35513382
2005-02-10 14:30:00,13.934841866545096,14.053724826587992,13.748025555097856,13.917858123779297,91030310.95389508
2005-02-11 14:30:00,13.85416933407459,14.50378200570944,13.824448598748722,14.4061279296875,105321262.03877686
2005-02-14 14:30:00,14.389144222690051,14.440093823414625,14.261769411049311,14.401881217956545,53036881.7245106
2005-02-15 14:30:00,14.393394151243676,14.665127574757925,14.338197793448918,14.478309631347656,90212092.07509509
2005-02-16 14:30:00,14.410372388910105,14.550485808678422,14.266013844145103,14.33394718170166,65773122.58624334
2005-02-17 14:30:00,14.431607268674735,14.516522751741428,14.117414474487305,14.117414474487305,69478377.34541127
2005-02-18 14:30:00,14.053723243191971,14.244786278633525,14.053723243191971,14.159869194030762,45883756.86037278
2005-02-22 14:30:00,14.028249326932016,14.503782735739922,14.011265585988491,14.13864040374756,94124409.52649024
2005-02-23 14:30:00,14.253278285853357,14.287245767883933,13.86690708587838,14.036741256713867,86540747.3318572
2005-02-24 14:30:00,14.011264233222647,14.342439051353546,13.956067890314657,14.33394718170166,84174909.58478156
2005-02-25 14:30:00,14.338198778822791,14.63965296502227,14.278757290801384,14.622669219970703,66571529.07857442
2005-02-28 14:30:00,14.635406353688747,14.839206414652889,14.35942619340834,14.43160629272461,82936265.08560702
2005-03-01 14:30:00,14.58445661031319,14.800995310675114,14.563227738818254,14.77127456665039,75154991.41289411
2005-03-02 14:30:00,14.588699449573184,14.80099134698919,14.478306755908022,14.563223838806152,98221365.2701945
2005-03-03 14:30:00,14.635403561908715,14.648140557145918,14.27875311833969,14.4061279296875,82655064.32550947
2005-03-04 14:30:00,14.554733734361037,14.631158956275556,14.33819668537579,14.440095901489258,90584699.1854064
2005-03-07 14:30:00,14.469816899780543,14.822220616875688,14.427357547344652,14.70333766937256,60017597.50484626
2005-03-08 14:30:00,14.580210031990962,14.779764967421771,14.414622583296849,14.427359580993652,60769619.50431192
2005-03-09 14:30:00,14.478306812691777,14.648140979154125,14.41886534032755,14.46132469177246,59945999.37627763
2005-03-10 14:30:00,14.512276189961636,14.648142893019836,14.312721261244151,14.626914024353027,87419952.09578449
2005-03-11 14:30:00,14.686356755930383,14.716077498528236,14.185347638339453,14.244789123535156,113231569.4063713
2005-03-14 14:30:00,14.291491230546642,14.3297038389034,14.176853405476368,14.278754234313965,41582131.19396883
2005-03-15 14:30:00,14.287245441211146,14.355178784060332,14.007020199500923,14.040986061096191,62741207.137248345
2005-03-16 14:30:00,13.947575823166895,14.17260631660914,13.83718475857256,13.879642486572266,72015236.9901868
2005-03-17 14:30:00,13.866909866157362,13.998531455927582,13.828697251040785,13.892385482788086,57436705.50730949
2005-03-18 14:30:00,13.913612936542076,13.973054416301318,13.735286877605503,13.773499488830566,67392342.04479386
2005-03-21 14:30:00,13.820202303675943,13.917856382876035,13.637631140927482,13.790481567382812,75761487.23813944
2005-03-22 14:30:00,13.913613282568342,13.951825894743736,13.595175387659676,13.603667259216309,64661431.09602531
2005-03-23 14:30:00,13.620650235839536,13.900875502803377,13.612158364760775,13.80321979522705,84293364.38811709
2005-03-24 14:30:00,13.94757874281776,13.9688092309203,13.820203912496732,13.862663269042969,53969316.38925992
2005-03-28 14:30:00,13.896628009983592,14.053723567344012,13.81595766856256,13.82444953918457,43587153.88317842
2005-03-29 14:30:00,13.79897556637052,13.892384534649104,13.612159249472246,13.658862113952637,67942054.50184694
2005-03-30 14:30:00,13.726797436670736,13.968810115503947,13.680092951341706,13.964563369750977,60976880.09656007
2005-03-31 14:30:00,13.9475799319024,13.9475799319024,13.773500604369,13.811713218688965,64648002.55809873
2005-04-01 14:30:00,13.896627841167108,13.947577444621524,13.569698114655449,13.620649337768556,72317406.8868247
2005-04-04 13:30:00,13.6800911679161,13.692828164196651,13.476290319304251,13.612157821655272,56962839.64473172
2005-04-05 13:30:00,13.612157146502074,13.765005953263696,13.565452669578251,13.62489414215088,71716113.86126867
2005-04-06 13:30:00,13.71405791334311,13.81171200364576,13.607911951754296,13.633387565612791,57787172.57055175
2005-04-07 13:30:00,13.578190619681276,13.883891494010513,13.5696987487656,13.871152877807615,52466906.50888095
2005-04-08 13:30:00,13.84143113627705,13.951823830521372,13.781989663834102,13.79472827911377,47160066.25470167
2005-04-11 13:30:00,13.765005444393324,13.845677399609851,13.658859498820918,13.675843238830566,34994742.19169506
2005-04-12 13:30:00,13.641878204236338,13.654615200185267,13.272489934959768,13.620649337768556,89701960.56289588
2005-04-13 13:30:00,13.518748212334708,13.552714883829848,13.255505900875384,13.331931114196776,64745758.2941016
2005-04-14 13:30:00,13.297965593581877,13.327686332483651,13.102657418039094,13.119640350341797,65501551.60073388
2005-04-15 13:30:00,12.96678997404608,12.9837729053714,12.686563913799526,12.699301719665527,78563051.96412516
2005-04-18 13:30:00,12.703548912277697,12.979528254721066,12.699302976568791,12.860645294189451,92180613.39176308
2005-04-19 13:30:00,13.119640416527092,13.200311572402745,13.000757460320235,13.140870094299316,65156978.56855416
2005-04-20 13:30:00,13.374390653214236,13.374390653214236,12.894611281344496,12.91584014892578,92116791.10808048
2005-04-21 13:30:00,13.098412553343335,13.306458552493622,13.038970260850782,13.285229682922363,63157839.68937961
2005-04-22 13:30:00,13.263997077081896,13.263997077081896,12.779971831148586,13.013492584228516,55623415.95123892
2005-04-25 13:30:00,13.098410960998947,13.179082113255747,13.02198574410612,13.089919090270996,39404233.682921365
2005-04-26 13:30:00,13.05595553020138,13.399868278390995,12.992268104215093,13.064447402954102,70610775.89207906
2005-04-27 13:30:00,12.928580227381998,13.20455960358498,12.90735054624052,13.136626243591309,63873358.57201339
2005-04-28 13:30:00,13.08567418662764,13.25550756543009,13.00924896370918,13.06869125366211,83558052.99588807
2005-04-29 13:30:00,13.12388594117854,13.187573352842389,12.843660681994107,13.085673332214355,71183587.96894439
2005-05-02 13:30:00,13.123886352081536,13.217294504791122,13.085673741920932,13.140870094299316,33967143.18001457
2005-05-03 13:30:00,13.077181265181602,13.276736177851722,13.077181265181602,13.17483615875244,47286069.69217182
2005-05-04 13:30:00,13.230031184625895,13.497519432967604,13.20455638329837,13.433831214904783,55307809.49837194
2005-05-05 13:30:00,13.408356154536117,13.612156990707032,13.408356154536117,13.501764297485352,64738222.33676748
2005-05-06 13:30:00,13.56969727210532,13.641877357204509,13.47628913168576,13.595172882080078,41429514.64740945
2005-05-09 13:30:00,13.586680330971417,13.701318140623007,13.493272195234518,13.692826271057127,39394111.50933673
2005-05-10 13:30:00,13.63338506736741,13.658859056899097,13.484780586408167,13.539976119995115,44139228.55291852
2005-05-11 13:30:00,13.603666238883736,13.624895106353613,13.348915780098276,13.582436561584473,56020032.86420927
2005-05-12 13:30:00,13.586683516103044,13.76500795981563,13.522996099087202,13.603667259216309,68706097.32637274
2005-05-13 13:30:00,13.752269946606551,14.040987079572623,13.6928284697592,13.939087867736816,86269182.99669415
2005-05-16 13:30:00,13.926347476008704,14.05372228439352,13.845677141951986,13.994280815124512,46693965.23349662
2005-05-17 13:30:00,13.926351398269206,14.138643345253978,13.913614399741006,14.117414474487305,59686437.380071394
2005-05-18 13:30:00,14.117410892822503,14.270261315017988,13.98578933600781,14.219311714172363,55614464.71740598
2005-05-19 13:30:00,14.227803551589544,14.393392607210457,14.12165759318728,14.22355842590332,68183472.16360582
2005-05-20 13:30:00,14.223557547875634,14.38489984819179,14.13864046246404,14.367916107177734,45922382.4842299
2005-05-23 13:30:00,14.41886614353236,14.452833626580452,14.22780310053369,14.33819580078125,58058500.65451308
2005-05-24 13:30:00,14.287245343960532,14.57171570906183,14.270261603449178,14.563223838806152,67877060.66691214
2005-05-25 13:30:00,14.541996512787842,14.541996512787842,14.350933460950838,14.491046905517578,57931314.60726067
2005-05-26 13:30:00,14.575962700924515,14.771270861137534,14.563224085495897,14.745795249938965,51862317.62734229
2005-05-27 13:30:00,14.682109622363956,14.707583615588462,14.503783571498548,14.660879135131836,49793935.85224425
2005-05-31 13:30:00,14.694846495248092,14.733059104421883,14.567471671221718,14.605684280395508,56146509.85411197
2005-06-01 13:30:00,14.550486646507675,14.80523627209883,14.51227404070314,14.69484519958496,84204816.38392743
2005-06-02 13:30:00,14.63965055278269,14.919875821323298,14.631158681656151,14.90713882446289,61368562.91980919
2005-06-03 13:30:00,14.911384768038271,14.958089251966433,14.767026190287094,14.78400993347168,58158357.46414144
2005-06-06 13:30:00,14.733059284323364,14.762780022970473,14.584453971429044,14.724567413330078,38263821.6215362
2005-06-07 13:30:00,14.745799306520691,14.915633521915348,14.495294729626092,14.533507347106934,65068173.2748878
2005-06-08 13:30:00,14.656635205401498,14.767026297585618,14.575964854176908,14.677864074707031,64447809.42476494
2005-06-09 13:30:00,14.660880363948143,14.992056880553577,14.563226269198758,14.987810134887695,80988946.53993438
2005-06-10 13:30:00,14.932611118609609,14.94534973367896,14.618420020981704,14.690598487854004,58115972.81449505
2005-06-13 13:30:00,14.618421366513106,14.813729539194728,14.597192498988369,14.665125846862791,44032529.543848455
2005-06-14 13:30:00,14.648141431629757,14.733058517483986,14.478307259921294,14.512274742126465,52858115.38712418
2005-06-15 13:30:00,14.592944650662988,14.626912131862111,14.28724541816411,14.54199504852295,83668524.912858
2005-06-16 13:30:00,14.592946538759048,14.733059987345923,14.529259932758626,14.626914024353027,60958041.33816152
2005-06-17 13:30:00,14.733061943146812,14.737307069580169,14.571719604475078,14.622669219970703,35811295.95710684
2005-06-20 13:30:00,14.48255571743306,14.656635035170831,14.448588231211598,14.55898094177246,44331642.77182832
2005-06-21 13:30:00,14.605684126619725,14.690599595304102,14.554732901818603,14.648141860961914,39697461.665749766
2005-06-22 13:30:00,14.733058220909216,14.775515953152317,14.631157396003651,14.750041961669922,44468724.31923365
2005-06-23 13:30:00,14.78400804304732,15.123674765011506,14.699090957641602,14.699090957641602,116678495.83542947
2005-06-24 13:30:00,14.66088082895735,14.724569058694296,14.461327507122238,14.478309631347656,54280204.99936502
2005-06-27 13:30:00,14.461326405435509,14.474063402548987,14.223558868144568,14.274508476257324,57366054.27404112
2005-06-28 13:30:00,14.23205155203078,14.499539844298202,14.23205155203078,14.465572357177734,49203706.085737504
2005-06-29 13:30:00,14.49104643790713,14.541996043533306,14.338196001369846,14.372161865234377,37892870.64515752
2005-06-30 13:30:00,14.406129012078203,14.469817232366562,14.278754191160209,14.295736312866213,36567338.20004395
2005-07-01 13:30:00,14.30847375810522,14.410372958639485,14.274506278154735,14.346686363220217,24649080.95350372
2005-07-05 13:30:00,14.287247138452951,14.626913893049313,14.274508521640133,14.584454536437988,50412186.17418046
2005-07-06 13:30:00,14.626913270946236,14.830713315036151,14.58020879048961,14.660879135131836,49935721.75112207
2005-07-07 13:30:00,14.575964210862354,14.839205741882324,14.529259728656152,14.839205741882324,59408760.45381646
2005-07-08 13:30:00,14.847698545427711,15.119431964788648,14.796747314553334,15.085464477539062,55660145.19486851
2005-07-11 13:30:00,15.2510504399028,15.459097229849323,15.208592704644545,15.454852104187012,59817869.01107624
2005-07-12 13:30:00,15.44636075337502,15.582227454367422,15.369935531609444,15.484573364257812,40606584.9703931
2005-07-13 13:30:00,15.463343749470754,15.535523849507074,15.365689653846612,15.505803108215332,41313863.43286643
2005-07-14 13:30:00,15.65865293778346,15.794519641046143,15.531278105932053,15.662898063659668,66262293.836695775
2005-07-15 13:30:00,15.658653102000963,15.730831580265471,15.505802654312737,15.70111083984375,33469713.376030628
2005-07-18 13:30:00,15.60345370038025,15.688370779143964,15.548257356235052,15.667141914367676,28155338.775369577
2005-07-19 13:30:00,15.794514514605495,15.94736491107993,15.709597447713216,15.921889305114746,48345000.72505388
2005-07-20 13:30:00,15.57373604447795,16.028040643066326,15.518539689421182,16.011056900024414,74186287.11266612
2005-07-21 13:30:00,15.943121025841982,15.989825501990694,15.68412465422358,15.756304740905762,53471895.26422944
2005-07-22 13:30:00,15.892174116710152,15.99407333678941,15.709602926104337,15.803011894226074,41800693.69600811
2005-07-25 13:30:00,15.858206413452704,15.91764951395503,15.675635225342752,15.70111083984375,31366713.02605084
2005-07-26 13:30:00,15.858204211998228,16.019546508789062,15.798762739406516,16.019546508789062,41489100.80391901
2005-07-27 13:30:00,15.909158381692176,15.913403507810155,15.65865382959846,15.832733154296877,66258992.7167039
2005-07-28 13:30:00,15.870945010649969,15.90491087694987,15.739323432048025,15.866698265075684,41183619.51593632
2005-07-29 13:30:00,15.917648859672964,15.943122853467996,15.7520598017112,15.862452507019045,51583922.78909374
2005-08-01 13:30:00,15.892172478055995,15.955860698782768,15.773289527002005,15.815747261047363,27284600.77651893
2005-08-02 13:30:00,15.9473693114234,16.270052311061693,15.921893698428752,16.261560440063477,48040218.36143041
2005-08-03 13:30:00,16.095974245026394,16.19787508519821,16.070498630068712,16.10871124267578,36215460.07591642
2005-08-04 13:30:00,16.006813036051195,16.0280419066978,15.76480034743007,15.77753734588623,43234565.33454804
2005-08-05 13:30:00,15.713844769012084,15.81150046236842,15.586469960695796,15.667141914367676,43148139.69573883
2005-08-08 13:30:00,15.709599687587822,15.781778151959546,15.53976552958831,15.577978134155272,43003762.88606325
2005-08-09 13:30:00,15.6544043458563,15.875188117532064,15.64166735007111,15.726584434509276,34885928.082190745
2005-08-10 13:30:00,15.709600463319871,15.943121227356407,15.565241907789504,15.624683380126951,55650734.214487255
2005-08-11 13:30:00,15.539767817945014,15.747814611148062,15.476081214060754,15.718093872070312,58065563.9744792
2005-08-12 13:30:00,15.586473130732674,15.594965002302011,15.229822623114975,15.429377555847168,46682415.04994631
2005-08-15 13:30:00,15.450606129588856,15.68837367000848,15.391164649398666,15.58222770690918,37115872.19114825
2005-08-16 13:30:00,15.476078501974404,15.480323626959231,15.297752479099628,15.35719394683838,38667046.2061263
2005-08-17 13:30:00,15.459094713750575,15.611945127256645,15.442110974548008,15.531274795532228,37520511.667041846
2005-08-18 13:30:00,15.488818548703392,15.51429416260798,15.391164458224068,15.39540958404541,32093072.05707002
2005-08-19 13:30:00,15.450603710350098,15.52278379617835,15.352949633948374,15.386917114257812,25362720.75665636
2005-08-22 13:30:00,15.437867760404597,15.650159667737643,15.425130764255403,15.611947059631348,43457615.11071902
2005-08-23 13:30:00,15.590723597855712,15.67988584112846,15.463347113569752,15.535527229309082,41192794.76150695
2005-08-24 13:30:00,15.442113876342775,15.760551757766624,15.412393136982589,15.442113876342772,65595760.487418965
2005-08-25 13:30:00,15.518538829974,15.611947791872456,15.454852226582249,15.51004695892334,33861157.27702028
2005-08-26 13:30:00,15.488815281727591,15.5100441456743,15.32747300034731,15.4081449508667,39775190.87571026
2005-08-29 13:30:00,15.352952199758487,15.667144966494764,15.34870707383966,15.620440483093262,37203487.00093698
2005-08-30 13:30:00,15.569485351638296,15.59920770425573,15.391160953884528,15.560995101928713,45603252.54885031
2005-08-31 13:30:00,15.488818911312071,15.72233970876514,15.45485304496962,15.70111083984375,49228673.328673415
2005-09-01 13:30:00,15.637421729648004,15.68837133083448,15.497308301811923,15.527029037475586,42854438.7880798
2005-09-02 13:30:00,15.599209308901855,15.628930044918103,15.416638147854249,15.480324745178224,20392676.592351656
2005-09-06 13:30:00,15.55250867417714,15.75630875134202,15.539770055838744,15.709604263305664,35457067.57878514
2005-09-07 13:30:00,15.662899500374897,15.747816602618002,15.527032784649526,15.696866989135742,30689341.39783581
2005-09-08 13:30:00,15.641668378024072,15.989826989408344,15.641668378024072,15.951614379882812,56229414.04886144
2005-09-09 13:30:00,16.011057199884462,16.01954907156446,15.743570530429768,15.858206748962402,49972459.38141875
2005-09-12 13:30:00,15.8794384697832,15.909159213139205,15.739325005682868,15.790274620056152,24416140.190102216
2005-09-13 13:30:00,15.786024684288394,16.01530030860479,15.786024684288394,15.879433631896973,36488441.4061
2005-09-14 13:30:00,15.943120310088403,15.998316653936945,15.764795903335736,15.773287773132324,44966391.23900488
2005-09-15 13:30:00,15.841221196986936,15.866695186855058,15.599208575288417,15.667141914367676,40805374.70909301
2005-09-16 13:30:00,15.722339543879734,15.773290772347384,15.556752100507016,15.662898063659668,43659455.92613229
2005-09-19 13:30:00,15.628930539380368,15.675633397698729,15.39116302406934,15.51429271697998,36163649.50001276
2005-09-20 13:30:00,15.539767160446235,15.69686433996322,15.395408596894166,15.39965534210205,45140438.946899526
2005-09-21 13:30:00,15.357195252195597,15.43362046568683,15.157641967776176,15.18311595916748,40667119.23159424
2005-09-22 13:30:00,15.157641675823053,15.454850653713432,15.081216463803852,15.255295753479004,54944160.55015595
2005-09-23 13:30:00,15.208592726110664,15.420884642019145,15.132167506810909,15.369935035705566,29997374.006202944
2005-09-26 13:30:00,15.527031922635288,15.527031922635288,15.28926437348653,15.361444473266602,37093260.45463389
2005-09-27 13:30:00,15.335964715307773,15.391161056739769,15.030265514307192,15.11518096923828,49337968.86411461
2005-09-28 13:30:00,15.157641443954244,15.33596585616544,15.043003627679076,15.15339469909668,38293030.91450535
2005-09-29 13:30:00,15.13641656015078,15.471836607490616,15.026023840036684,15.420886993408203,36905073.71342387
2005-09-30 13:30:00,15.433624194253447,15.743571868102118,15.433624194253447,15.684128761291504,48174695.03152773
2005-10-03 13:30:00,15.773291379372417,15.964352824672972,15.747815764158176,15.752060890197754,38974867.41761166
2005-10-04 13:30:00,15.739322010394204,15.815747227239468,15.476080496626476,15.501554489135742,43233866.23316365
2005-10-05 13:30:00,15.47608052077736,15.544013867005969,15.225576002873344,15.251049995422363,52497054.788175374
2005-10-06 13:30:00,15.268032867701388,15.268032867701388,14.839203947732068,14.979315757751465,57250418.65706463
2005-10-07 13:30:00,15.136412633276128,15.15764149866476,14.996299206325656,15.051495552062988,28042521.596866224
2005-10-10 13:30:00,14.945351109302136,14.97931697340996,14.639650234037845,14.665125846862791,55859875.88977896
2005-10-11 13:30:00,14.669371700414295,14.758533920237785,14.389146424069873,14.482555389404297,61540729.79414015
2005-10-12 13:30:00,14.363671165333438,14.567471201130784,14.287245949452094,14.486799240112305,96350587.95042431
2005-10-13 13:30:00,14.554731590428116,14.796744217622342,14.43584864925442,14.741549491882324,71722475.42602733
2005-10-14 13:30:00,14.76278040303164,14.830713753068054,14.495292128662523,14.631158828735352,55730806.5534072
2005-10-17 13:30:00,14.59294396288176,14.724565516836927,14.537749238022544,14.6396484375,35868068.50386273
2005-10-18 13:30:00,14.5929469723017,14.677864069150596,14.537752236059989,14.597193717956545,36347118.40748629
2005-10-19 13:30:00,14.32970526875426,14.55898094177246,14.15138082506825,14.55898094177246,89699829.89131938
2005-10-20 13:30:00,14.639651813330715,14.788257141352634,14.525013972739734,14.588702201843262,58746931.93173229
2005-10-21 13:30:00,14.834957459645953,14.851941200444998,14.6651249106315,14.745795249938965,51684260.90534867
2005-10-24 13:30:00,14.78400938839692,14.839205741882324,14.563225594114131,14.839205741882324,50956719.62902397
2005-10-25 13:30:00,14.61842069452958,14.656633302181048,14.435849526823526,14.512274742126465,31296530.15297206
2005-10-26 13:30:00,14.478309191439784,14.648143385805442,14.3976388399285,14.427359580993652,36941111.630868025
2005-10-27 13:30:00,14.423113864851038,14.427358990689976,14.14288858937452,14.172609329223633,44936000.3923543
2005-10-28 13:30:00,13.990036686664425,14.151378985930265,13.828694387398585,14.142887115478516,62466113.19238198
2005-10-31 14:30:00,14.202331382583653,14.410376580768617,14.185347638339453,14.244789123535156,39267858.40274159
2005-11-01 14:30:00,14.21931232988556,14.24054119618559,14.062215156016258,14.142887115478516,36961607.64652905
2005-11-02 14:30:00,14.096182280203136,14.618420152296324,14.096182280203136,14.56747055053711,49859887.037518576
2005-11-03 14:30:00,14.84345060084324,15.004792912929895,14.6948469052758,14.90713882446289,56350708.24084137
2005-11-04 14:30:00,14.958088762887146,15.021776987917498,14.813730189856008,14.983564376831056,28637453.034566097
2005-11-07 14:30:00,15.030268624974912,15.14065971102698,14.864679566408585,15.047250747680664,33127732.702986263
2005-11-08 14:30:00,15.004791076412832,15.195854104227744,14.91562886998541,15.051495552062988,37884395.29477868
2005-11-09 14:30:00,15.009036741138026,15.22132864197256,14.932611527264902,15.161887168884276,47523009.40516559
2005-11-10 14:30:00,15.246806040617656,15.429377226311884,15.098202340475313,15.352952003479004,48475465.87072016
2005-11-11 14:30:00,15.416638934080394,15.505801146676284,15.26803362676186,15.276525497436523,38002626.10180991
2005-11-14 14:30:00,15.2977534575308,15.463340876724873,15.276524591931828,15.425129890441896,27867997.46379793
2005-11-15 14:30:00,15.352950001970855,15.692616714914283,15.229820312385534,15.293508529663086,31414764.582887214
2005-11-16 14:30:00,15.25954052476827,15.331720609849215,15.153394579388154,15.263787269592283,30610684.07619729
2005-11-17 14:30:00,15.238310455653474,15.36144013128406,15.136411263148371,15.331719398498535,35592977.99809697
2005-11-18 14:30:00,15.497312902324822,15.637426371754811,15.348709179892197,15.488821029663086,48845938.955419935
2005-11-21 14:30:00,15.501557350676942,15.552508584418383,15.365690633351154,15.420886993408203,34105391.46066549
2005-11-22 14:30:00,15.412395210068077,15.85820798009494,15.39965821138872,15.709604263305664,53142618.10846712
2005-11-23 14:30:00,15.83697883156033,15.964353675098977,15.730832858668292,15.77753734588623,33103469.72441341
2005-11-25 14:30:00,15.777538098989815,15.968601183247234,15.777538098989815,15.904912948608398,12898039.344770292
2005-11-28 14:30:00,15.943122440517808,15.981335049879403,15.747814268073547,15.807255744934082,25961422.12007173
2005-11-29 14:30:00,15.849716605356209,16.03228617891869,15.722340148943935,15.752060890197754,35134165.68763061
2005-11-30 14:30:00,15.713843689886447,15.95585791462355,15.709598565086145,15.8751859664917,35521614.23400064
2005-12-01 14:30:00,16.06625614095598,16.465364456176758,16.019551649030948,16.465364456176758,54801414.08339302
2005-12-02 14:30:00,16.4271480860511,16.622457882197246,16.393182221281428,16.529048919677734,37919954.98102812
2005-12-05 14:30:00,16.5163133677108,16.5163133677108,16.151170976455635,16.248825073242188,29764908.08443275
2005-12-06 14:30:00,16.397426268133305,16.613964917970637,16.3167559274116,16.321001052856445,39140446.784439
2005-12-07 14:30:00,16.363460713025205,16.39742657619822,16.16815254571888,16.236085891723633,35493345.20261948
2005-12-08 14:30:00,16.304021636651107,16.325250506715133,15.709603556904645,15.887928009033203,74960924.10826126
2005-12-09 14:30:00,15.828485956776923,16.121449859984075,15.743570479569136,16.10871124267578,49350909.7809464
2005-12-12 14:30:00,16.1766453740729,16.31675883358898,16.163908375811072,16.30402183532715,27124910.7760023
2005-12-13 14:30:00,16.261562236461398,16.473854175892118,16.142679268671063,16.367708206176758,36471238.7138312
2005-12-14 14:30:00,16.28278923034668,16.431394542621046,16.21061075669304,16.28278923034668,26302461.87559821
2005-12-15 14:30:00,16.337987218334433,16.401675447068694,16.214857506599625,16.27005386352539,24605503.593892477
2005-12-16 14:30:00,16.376195794537708,16.376195794537708,16.151166915893555,16.151166915893555,19591422.543231983
2005-12-19 14:30:00,16.261559521959423,16.261559521959423,15.760550498962402,15.760550498962402,33574290.23870372
2005-12-20 14:30:00,15.811501460445106,15.994071004772453,15.67138802869175,15.828483581542969,39323685.8358747
2005-12-21 14:30:00,15.83697648336435,15.985581795174454,15.773289880867535,15.807255744934082,21946902.75986722
2005-12-22 14:30:00,15.83697695757336,16.036531881287974,15.832731831809967,16.006811141967773,21966686.181097902
2005-12-23 14:30:00,16.062005076081526,16.197871755273486,15.998316861609668,16.057758331298828,16309619.84128549
2005-12-27 14:30:00,16.083237706390594,16.176645057916776,15.803012412494144,15.832733154296877,20617834.25724788
2005-12-28 14:30:00,15.836979313350918,15.93038829062847,15.73508008328364,15.892175674438477,20934142.59493761
2005-12-29 14:30:00,15.892173046646636,15.93463078221105,15.667144132769426,15.675634384155272,17855366.568226717
2005-12-30 14:30:00,15.684126076118366,15.684126076118366,15.501554899890166,15.556751251220703,19840369.35952423
2006-01-03 14:30:00,15.684127724351985,16.112958344152098,15.480327659166768,16.1002197265625,51997028.97187493
2006-01-04 14:30:00,16.125695793647992,16.270054379654006,16.091729924995455,16.219104766845703,30454994.70939081
2006-01-05 14:30:00,16.30401839756409,16.61396437396759,16.26580579117688,16.541784286499023,44510412.77928718
2006-01-06 14:30:00,16.707374672152476,16.872963742317978,16.537542095586808,16.83475112915039,46315701.90878173
2006-01-09 14:30:00,16.87720946908143,16.966371696426343,16.75832649928821,16.923913955688477,30162473.00435422
2006-01-10 14:30:00,16.834745191576182,16.936644377644196,16.77530211010175,16.8984317779541,28242250.94508866
2006-01-11 14:30:00,16.979109414344297,17.131958244693784,16.834750835965142,17.06827163696289,51947570.069563255
2006-01-12 14:30:00,17.051285295713015,17.25508532478624,16.919663735002562,17.000335693359375,61178735.67564584
2006-01-13 14:30:00,16.855977752367757,16.92391109787233,16.630947229411134,16.758323669433594,50182082.50403929
2006-01-17 14:30:00,16.56725785253779,16.588486715764198,16.393178582627733,16.486587524414062,51706642.926332645
2006-01-18 14:30:00,16.011054900174898,16.227593547765444,15.97708903799244,16.11720085144043,89597859.23637183
2006-01-19 14:30:00,16.50357360747813,16.563015086653724,16.36770690660282,16.45686912536621,47034997.27584361
2006-01-20 14:30:00,16.299770656818488,16.36345887012589,15.811500293543064,15.879433631896973,76728792.59763785
2006-01-23 14:30:00,15.900665473454314,15.96435207902692,15.709602417418802,15.853960990905762,56308783.411295526
2006-01-24 14:30:00,15.900665473454314,16.189382620428233,15.803011382515908,15.853960990905762,57096613.6613009
2006-01-25 14:30:00,15.968598053311796,15.972843178948075,15.63742318528381,15.807255744934082,62003303.53124073
2006-01-26 14:30:00,15.989823297702232,16.21485215758783,15.836972894889977,16.176639556884766,55645561.04399156
2006-01-27 14:30:00,16.41016233345469,16.512061524881716,16.159657860013787,16.231836318969727,48993161.70089459
2006-01-30 14:30:00,16.30401908417391,16.431393904275843,16.21910199755305,16.27854347229004,22768884.95005944
2006-01-31 14:30:00,16.261558889119737,16.27429750423151,15.83697509765625,15.83697509765625,42352535.26286935
2006-02-01 14:30:00,15.921895722755798,16.24457876342036,15.849717239582288,16.219104766845703,38222599.908766784
2006-02-02 14:30:00,16.28278824184651,16.33798458989233,15.909155660335966,15.955860137939451,40073831.91047576
2006-02-03 14:30:00,15.89641947042726,15.972844696411054,15.752060890197754,15.752060890197754,41449996.77803177
2006-02-06 14:30:00,15.794517539545938,16.062005784605116,15.794517539545938,16.040775299072266,25850020.891830254
2006-02-07 14:30:00,16.02803975486083,16.155414581298828,15.92613892191516,16.155414581298828,31728716.223440364
2006-02-08 14:30:00,16.240331397390865,16.388935089111328,16.10446470220108,16.388935089111328,36296248.2461843
2006-02-09 14:30:00,16.41016318081832,16.58424245984858,16.295525369799584,16.34222984313965,40891106.57206699
2006-02-10 14:30:00,16.257316260761314,16.29977399856515,15.98982797755228,16.180891036987305,61538844.65764919
2006-02-13 14:30:00,16.117200231819496,16.15965958248858,15.964349808728027,16.028038024902344,34643103.17565416
2006-02-14 14:30:00,16.06625234263434,16.240331649780273,15.960106384139044,16.240331649780273,44116140.32584695
2006-02-15 14:30:00,16.189384024402614,16.30402186796553,16.08748317912702,16.219104766845703,35907156.40618749
2006-02-16 14:30:00,16.39742899652951,16.45687048060015,16.223349670468796,16.431396484375,32642784.26268146
2006-02-17 14:30:00,16.2955311917698,16.346480808317146,16.083239233220226,16.08748435974121,26472505.31012304
2006-02-21 14:30:00,16.15116822074193,16.15541334611315,15.752058410182926,15.811501502990724,38436463.94219968
2006-02-22 14:30:00,15.752059811889284,16.019548084521627,15.62893172926318,15.943122863769531,47645477.99429774
2006-02-23 14:30:00,15.904912468131297,15.9601088285069,15.709604263305664,15.709604263305664,32464490.604086246
2006-02-24 14:30:00,15.709601479255946,15.841223047699836,15.654405128662216,15.688372611999512,48439669.26881214
2006-02-27 14:30:00,15.701108807434911,15.862451105738735,15.688371811662575,15.811501502990724,33195331.357832696
2006-02-28 14:30:00,15.811502834691128,15.913402048769466,15.667144265031144,15.718093872070312,41133690.08080275
2006-03-01 14:30:00,15.866695744807576,16.3974254811707,15.803009148239171,16.35921287536621,49899220.23491132
2006-03-02 14:30:00,16.265805265722022,16.512063016972125,16.210608920577215,16.34647560119629,51101575.06605692
2006-03-03 14:30:00,16.185136467889915,16.3974284002272,16.10871124267578,16.10871124267578,47879822.31868792
2006-03-06 14:30:00,16.240335930688836,16.282793677415185,15.90066909790039,15.90066909790039,40578783.456977904
2006-03-07 14:30:00,15.73083104889795,15.786027401956211,15.560998483604664,15.59071922302246,42265150.470582
2006-03-08 14:30:00,15.573735226092694,15.628931578248944,15.327475823902338,15.493064880371094,51173874.67172763
2006-03-09 14:30:00,15.59071834622415,15.66714356318868,15.251049995422363,15.251049995422363,48940159.93496701
2006-03-10 14:30:00,15.32747422057568,15.484571389536606,15.1831156667237,15.255295753479004,84670683.92800176
2006-03-13 14:30:00,15.331723562906886,15.450606526340025,15.234069468706965,15.242561340332031,32465435.43333335
2006-03-14 14:30:00,15.242561562634648,15.53976897555207,15.20434894959399,15.505803108215332,39618320.92235857
2006-03-15 14:30:00,15.539764645743524,15.69686179983846,15.442110577328508,15.6416654586792,51817809.65065642
2006-03-16 14:30:00,15.603455520649968,15.667143742067145,15.123675346374512,15.123675346374512,52115975.13921239
2006-03-17 14:30:00,15.178872131076648,15.234068483239572,14.941104599932268,15.093955039978027,46763673.80068653
2006-03-20 14:30:00,15.17037891206908,15.263787865943788,15.085461828515584,15.10669231414795,33871287.75063185
2006-03-21 14:30:00,15.16613391390982,15.544013238249905,15.093953825403572,15.161887168884276,67804282.42158593
2006-03-22 14:30:00,15.09395423641429,15.25954166442881,15.038757887189876,15.217083930969238,61127860.25101482
2006-03-23 14:30:00,15.204346302642048,15.395407714924186,14.788254377336925,15.212838172912598,57613597.72770713
2006-03-24 14:30:00,15.24680533576054,15.391163903364658,15.127922381142604,15.369935035705566,38936951.34186639
2006-03-27 14:30:00,15.425133739382836,15.535524839837905,15.37842925161603,15.420886993408203,52514945.05741878
2006-03-28 14:30:00,15.39116684822454,15.484575827387436,15.119433403015137,15.119433403015137,44932696.2549156
2006-03-29 14:30:00,15.183117265702034,15.603455976074734,15.166135143199371,15.573735237121582,47165714.51404434
2006-03-30 14:30:00,15.650159388808854,15.832730555434054,15.20859184070797,15.599209785461426,58672515.49280224
2006-03-31 14:30:00,15.616195197106643,15.70960417264026,15.348708508429702,15.420886993408203,37944208.74321861
2006-04-03 13:30:00,15.4760810943795,15.73932261831475,15.403901000278294,15.51004695892334,42032217.30673228
2006-04-04 13:30:00,15.560997458743111,15.624684059161575,15.391163284976438,15.446359634399414,40961288.196804754
2006-04-05 13:30:00,15.488818274656738,15.917648859672964,15.463342661202896,15.862452507019045,53275932.54777389
2006-04-06 13:30:00,15.87518676325204,16.091725391079827,15.849712773854794,16.002561569213867,42272459.34509034
2006-04-07 13:30:00,16.070498173447717,16.108710784969027,15.662898063659668,15.662898063659668,63081767.7952627
2006-04-10 13:30:00,15.64591226082248,15.68837161228846,15.484571584227709,15.539766311645508,37750145.2581974
2006-04-11 13:30:00,15.624687752932658,15.752062603540494,15.369938051716986,15.488821029663086,41936115.254051946
2006-04-12 13:30:00,15.493064051887163,15.637422613120227,15.459096569404696,15.548258781433104,27485032.73213637
2006-04-13 13:30:00,15.548258167219192,15.747813069773752,15.505800435452056,15.624683380126951,28352942.586922538
2006-04-17 13:30:00,15.603455897933268,15.739322595226922,15.255297283660928,15.348706245422363,54430711.09089966
2006-04-18 13:30:00,15.454853921323798,15.921895542713129,15.412394561414514,15.870945930480955,62789241.853652105
2006-04-19 13:30:00,15.921893466895083,16.129940254179036,15.832731252198576,16.078989028930664,50659254.29516724
2006-04-20 13:30:00,16.00681086502238,16.4780991798869,15.921893774294386,16.240331649780273,55236912.29619298
2006-04-21 13:30:00,16.168154924650597,16.240333406800072,15.7775369129049,15.887928009033203,54262069.49858641
2006-04-24 13:30:00,15.786029218076674,15.81999508717944,15.633178757966698,15.77753734588623,38530430.2044488
2006-04-25 13:30:00,15.794518650712687,15.91340160369873,15.620439346843655,15.91340160369873,34406633.2860913
2006-04-26 13:30:00,15.896417137391518,15.989826093142316,15.71809271604038,15.849714279174805,41340483.847113326
2006-04-27 13:30:00,15.72658569659229,16.21910288226852,15.624684863157055,16.134185791015625,56850727.509953946
2006-04-28 13:30:00,16.006810264981755,16.197873307042748,15.943122044408517,15.985581398010254,27047898.462871324
2006-05-01 13:30:00,15.981337419479862,16.036533778888245,15.705358861755968,15.77753734588623,26681652.848766983
2006-05-02 13:30:00,15.866695587236888,15.8751874572934,15.709600040337918,15.819991111755373,29831332.357072502
2006-05-03 13:30:00,15.769041424483694,15.92613697052002,15.671387348857946,15.92613697052002,34700100.67688977
2006-05-04 13:30:00,15.955859558252827,16.138429097324728,15.92613720295516,16.028038024902344,29002991.462695405
2006-05-05 13:30:00,16.129941506165046,16.197874858777016,16.032285793355133,16.1596622467041,31929617.014283106
2006-05-08 13:30:00,16.236084985463958,16.337984188953953,16.121447166793732,16.146921157836914,19455759.07911005
2006-05-09 13:30:00,16.10870819000747,16.117200060050784,15.943120773309332,15.989825248718262,22325157.842625555
2006-05-10 13:30:00,15.964350093239975,15.985580578782193,15.565241907789504,15.624683380126951,36723492.83147095
2006-05-11 13:30:00,15.701109906231984,15.701109906231984,15.293509816405813,15.369935035705566,43537456.24484652
2006-05-12 13:30:00,15.361443298382618,15.52278560938149,15.24256034273018,15.25954246520996,36506806.674170464
2006-05-15 13:30:00,15.25529644659476,15.40390013246236,14.975071196345358,15.157642364501951,42099579.756007634
2006-05-16 13:30:00,15.217083270321432,15.30624547851079,14.975070636859666,15.144903182983398,50895960.38472645
2006-05-17 13:30:00,15.055742386047704,15.217084696698556,14.839205343053733,14.864679336547852,54531044.55105639
2006-05-18 13:30:00,14.945349906475832,15.013283248882868,14.724566138738302,14.728811264038086,33689462.8806863
2006-05-19 13:30:00,14.79674569081872,14.949596127350794,14.690599734300196,14.936859130859377,47524655.346806936
2006-05-22 13:30:00,14.77976679746327,14.81797941494411,14.40188574919312,14.533507347106934,56348577.84078953
2006-05-23 13:30:00,14.71183228959811,14.788257518608413,14.24054391725425,14.26601791381836,53991921.89955962
2006-05-24 13:30:00,14.338195110186623,14.558978880389024,14.18534468314968,14.4358491897583,62313964.919930086
2006-05-25 13:30:00,14.605683357501276,14.605683357501276,14.333948365180786,14.4358491897583,37737426.65492068
2006-05-26 13:30:00,14.52925812858376,14.652386199425326,14.448586170144951,14.520766258239746,24356793.684303302
2006-05-30 13:30:00,14.435849793265648,14.554732743860573,14.26601561842256,14.278754234313965,24377283.293995287
2006-05-31 13:30:00,14.37640894293468,14.554733376579128,14.291491851821648,14.44858741760254,37034617.595447056
2006-06-01 13:30:00,14.435849450576695,14.707582828148045,14.435849450576695,14.699090957641602,39981741.426164754
2006-06-02 13:30:00,14.796744435366412,14.817974920595791,14.525011068880024,14.690598487854004,34910659.20879157
2006-06-05 13:30:00,14.682109184822252,14.711829922470985,14.278754234313965,14.278754234313965,32177627.687473964
2006-06-06 13:30:00,14.270262042749994,14.372161249637738,14.19383682775484,14.282999038696287,43728233.75370322
2006-06-07 13:30:00,14.350930347451552,14.355177091937032,13.956067332541998,13.973051071166992,42397524.86668196
2006-06-08 13:30:00,13.926350672944704,14.062217382365905,13.641880256237478,13.905121803283691,72574589.00947472
2006-06-09 13:30:00,14.13014845518437,14.202328543966098,13.752269129402087,13.828694343566896,48110172.46004379
2006-06-12 13:30:00,13.871150941175364,13.909363545131436,13.522993190364236,13.539976119995115,41266297.24855318
2006-06-13 13:30:00,13.578191850660833,13.7437792993815,13.476291819922768,13.514504432678224,48289635.16099975
2006-06-14 13:30:00,13.680090861347496,13.786236813729998,13.51874856022166,13.697072982788086,43594219.99743497
2006-06-15 13:30:00,13.815957424114009,14.198081877391212,13.78198994222696,14.13864040374756,40110102.58502294
2006-06-16 13:30:00,14.019758579526036,14.223558628197871,13.943333358816744,14.011266708374023,24978105.64057229
2006-06-19 13:30:00,14.130146427754696,14.189587892541024,13.883888699402975,13.93483829498291,24853989.795080487
2006-06-20 13:30:00,13.990038299575753,14.04947977993231,13.803220367416436,13.896629333496094,29509600.74009352
2006-06-21 13:30:00,13.86690737504276,14.287246065813566,13.86690737504276,14.130148887634276,35906455.72277189
2006-06-22 13:30:00,14.074954843345507,14.151380063572413,13.854171053763205,13.951825141906738,35759015.483088374
2006-06-23 13:30:00,13.973056316437898,13.973056316437898,13.701322875067287,13.777748107910156,27367028.770730235
2006-06-26 13:30:00,13.815960252554929,13.93484322418028,13.760763893017868,13.892385482788086,16045827.737258345
2006-06-27 13:30:00,13.866906777430096,13.9688076015965,13.62064901682083,13.62489414215088,24498108.61682412
2006-06-28 13:30:00,13.629142290548597,13.667354905629567,13.374392603114774,13.66310977935791,27832897.6160986
2006-06-29 13:30:00,13.692827476536786,14.134395014885817,13.6248941336876,14.040986061096191,53867104.96892592
2006-06-30 13:30:00,14.066460013945994,14.138638473614522,13.909362861152498,13.973051071166992,22819290.7832113
2006-07-03 13:30:00,14.087691044357465,14.19383699760328,13.998528832349068,14.155624389648438,7611218.094476357
2006-07-05 13:30:00,14.01126544764216,14.024002443394696,13.739532073863575,13.765006065368652,17379843.44882845
2006-07-06 13:30:00,13.77349904524951,13.862662881675664,13.6546160895597,13.722549438476562,24514828.70087544
2006-07-07 13:30:00,13.646122851934647,13.663106592377773,13.404110219425332,13.501764297485352,32199533.334359877
2006-07-10 13:30:00,13.561207107268512,13.629139642198297,13.11963955650481,13.200310707092283,28367779.75511232
2006-07-11 13:30:00,13.145113522486124,13.63338552041044,13.12388465728476,13.59092617034912,54200845.48622463
2006-07-12 13:30:00,13.535732212207511,13.607911496064004,13.217294338104647,13.225786209106444,40142366.97193487
2006-07-13 13:30:00,13.08992031387984,13.39137527426633,13.009249154082124,13.021986961364746,60633487.370760046
2006-07-14 13:30:00,13.05595260424806,13.174836366654588,12.920085909971675,13.043214797973633,45055414.01924222
2006-07-17 13:30:00,13.106903107561491,13.225786060937232,12.954052670559104,12.979527473449709,35987475.298502475
2006-07-18 13:30:00,13.009247947555831,13.094165035238891,12.686564148121318,13.047460556030272,62393098.44068387
2006-07-19 13:30:00,13.077181793653455,13.37863673760518,13.02198625143014,13.16209888458252,60094139.00745725
2006-07-20 13:30:00,13.247015757666828,13.26824462513529,12.73751484012988,12.77148151397705,43178281.39185053
2006-07-21 13:30:00,12.652599115080248,12.652599115080248,12.321424211813078,12.389357566833496,55315336.850231424
2006-07-24 13:30:00,12.482763963036987,12.724776607316388,12.448797290328114,12.635614395141602,41399128.81674207
2006-07-25 13:30:00,12.771483387815431,12.97952939688264,12.67382928740563,12.856400489807127,42681317.90685096
2006-07-26 13:30:00,12.758744126169892,13.072936881850564,12.627123361922743,12.9073486328125,51512794.03474245
2006-07-27 13:30:00,12.962544718688315,13.234278112781556,12.962544718688315,12.975281715393066,52198407.63537343
2006-07-28 13:30:00,13.055954260420108,13.357408425357184,13.034725390432516,13.340425491333008,45212503.29357434
2006-07-31 13:30:00,13.365899329275784,13.43807861576737,13.230032627604428,13.382883071899414,25653825.64740037
2006-08-01 13:30:00,13.24701493760654,13.268243803760823,12.962543758060734,13.017739295959473,35514543.74590524
2006-08-02 13:30:00,13.11963955650481,13.297964788954866,13.077181013573016,13.200310707092283,25267096.28567769
2006-08-03 13:30:00,13.055952642772583,13.459307601196496,13.013494098228586,13.314949035644531,27692764.74054516
2006-08-04 13:30:00,13.472045215659604,13.654616398693012,13.132378463385418,13.280982971191406,36796972.31656772
2006-08-07 13:30:00,13.1620988733948,13.353161922908097,13.111148456914789,13.204557418823242,20772576.063279584
2006-08-08 13:30:00,13.323439847128874,13.353161394633526,13.047460527506315,13.17483615875244,31576804.006741457
2006-08-09 13:30:00,13.404111462119292,13.561207836465323,13.170590678181853,13.183327674865724,46258944.63489244
2006-08-10 13:30:00,13.119639291450747,13.476289749145508,13.119639291450747,13.476289749145508,32804831.3772768
2006-08-11 13:30:00,13.285228087418776,13.353161433683628,12.962544287746043,13.00500202178955,44932706.201067366
2006-08-14 13:30:00,13.128131418441203,13.374389995488777,13.09416474608393,13.242769241333008,32707323.48522438
2006-08-15 13:30:00,13.450818219832094,13.620652429441416,13.348918179964215,13.569701194763184,49116558.08343928
2006-08-16 13:30:00,13.714056838060907,14.057970309720522,13.565453151351717,13.990036964416504,63227799.02092876
2006-08-17 13:30:00,13.96881027781134,14.202331087510894,13.93484279002866,14.00277614593506,53887820.790841095
2006-08-18 13:30:00,13.968808079767976,14.07495403289795,13.777745040202284,14.07495403289795,34691854.86036367
2006-08-21 13:30:00,13.926348704034204,13.93908731975697,13.726795413842856,13.841431617736816,28163108.594534867
2006-08-22 13:30:00,13.837186366452173,13.97729818085898,13.735285539890112,13.786236763000488,27180499.54669773
2006-08-23 13:30:00,13.858416627435398,14.011267072829868,13.675845442065208,13.75651741027832,32679763.90856995
2006-08-24 13:30:00,13.777747637438347,13.892385482788086,13.675846790574468,13.892385482788086,28240119.821226034
2006-08-25 13:30:00,13.88389353033672,14.053726114582968,13.815960172706422,13.913614273071287,27100886.93468349
2006-08-28 13:30:00,13.964560557500471,14.11741098064684,13.922102826474756,14.113165855407717,22729553.62990344
2006-08-29 13:30:00,14.121656614010458,14.393391609191896,14.040986274295475,14.393391609191896,51228520.22717146
2006-08-30 13:30:00,14.393393100492991,14.622667147558756,14.287247138452951,14.584454536437988,51794951.91655165
2006-08-31 13:30:00,14.609929616490042,14.648142226214343,14.41462144219196,14.4740629196167,28958238.761559725
2006-09-01 13:30:00,14.499537670548635,14.58445313630154,14.257525029903746,14.367916107177734,29908582.89623448
2006-09-05 13:30:00,14.372162010372682,14.51227545183306,14.232050188571083,14.495291709899902,36690987.46929405
2006-09-06 13:30:00,14.30847430716552,14.338195043433371,14.040986061096191,14.040986061096191,48298828.42920834
2006-09-07 13:30:00,13.998529701130613,14.19808300424957,13.86266300211646,13.930596351623535,63008050.52299574
2006-09-08 13:30:00,13.977298071157463,14.155624111326798,13.93908708361262,14.142887115478516,31358473.5325382
2006-09-11 13:30:00,14.053723709698067,14.380653443492836,13.990037108875956,14.278754234313965,44516534.12879026
2006-09-12 13:30:00,14.393393662763284,14.800993784201598,14.312721691879783,14.677864074707031,68737656.85240638
2006-09-13 13:30:00,14.67786558155876,14.809487176219791,14.525015115412806,14.622669219970703,57720746.16798561
2006-09-14 13:30:00,14.575965124539376,14.673619220883296,14.482556154271744,14.609930992126465,35545627.07907368
2006-09-15 13:30:00,14.720321238276531,14.907139168048664,14.55898054213004,14.584454536437988,46474683.58842651
2006-09-18 13:30:00,14.554732958235876,14.87317082601286,14.5504878326487,14.711830139160156,43710332.245247
2006-09-19 13:30:00,14.631159608027192,14.677864092350854,14.24054322942732,14.43160629272461,70931805.14947957
2006-09-20 13:30:00,14.512273884232965,14.626911700410554,14.448585668692548,14.571715354919434,42234538.04426583
2006-09-21 13:30:00,14.508028930489596,14.605684638283428,14.19808292388916,14.19808292388916,90483190.0284052
2006-09-22 13:30:00,14.223557412397502,14.355178974514722,14.087690724896548,14.159869194030762,47037828.20300978
2006-09-25 13:30:00,14.202331791404104,14.529261589050291,14.036744329404131,14.529261589050291,61406237.91223322
2006-09-26 13:30:00,14.486801006155307,14.597193717956545,14.312721686461575,14.597193717956545,71219145.43199854
2006-09-27 13:30:00,14.605685976209518,14.809486042245968,14.49104813537796,14.503785133361816,60829912.463999145
2006-09-28 13:30:00,14.520767094562215,14.720320390334509,14.516520349316288,14.711830139160156,31286637.074763432
2006-09-29 13:30:00,14.690600901733402,14.69484764734053,14.495292714936664,14.55898094177246,23648802.864000585
2006-10-02 13:30:00,14.478309631347658,14.699093442867726,14.435851891295666,14.478309631347656,29663867.65565281
2006-10-03 13:30:00,14.291491521354702,14.45707895438384,14.181100439221533,14.372161865234377,36590183.24631009
2006-10-04 13:30:00,14.321213132642647,14.682110378613816,14.291492392577346,14.626914024353027,58009036.10825046
2006-10-05 13:30:00,14.631157366927734,14.639649237291213,14.44009433289616,14.516519546508787,28736141.118959717
2006-10-06 13:30:00,14.372164495675444,14.474065345236786,14.321214880724304,14.423115730285645,24681105.20977857
2006-10-09 13:30:00,14.41037338065336,14.677861624291843,14.37216077441929,14.56747055053711,29310586.46105099
2006-10-10 13:30:00,14.533503608675348,14.61842069452958,14.486799130472589,14.512274742126465,25147920.75973389
2006-10-11 13:30:00,14.44434128831901,14.86043322423865,14.35093233261873,14.70333766937256,57091673.385145664
2006-10-12 13:30:00,14.73730347297609,14.970824241638184,14.635404266853095,14.970824241638184,54949104.84304194
2006-10-13 13:30:00,14.924122554251497,15.16188846696082,14.84345058844614,15.072726249694824,48275742.420169845
2006-10-16 13:30:00,15.200099742451686,15.263787960425695,15.110937533015004,15.166133880615234,29190468.3562764
2006-10-17 13:30:00,15.026022130230007,15.030268875721408,14.711830989537978,14.81797695159912,52113616.87798929
2006-10-18 13:30:00,14.82222027093164,14.843449136824772,14.363670612937137,14.46132469177246,62924916.63697974
2006-10-19 13:30:00,14.346688469742876,14.51652103545601,14.249034380034589,14.380654335021973,39851963.86587652
2006-10-20 13:30:00,14.41462192314096,14.41462192314096,14.198083254258767,14.274508476257324,23007469.722146187
2006-10-23 13:30:00,14.223558173966882,14.465570825264663,14.181100439221533,14.372161865234377,39514223.03236882
2006-10-24 13:30:00,14.372161095708336,14.461324925353509,14.138640327794738,14.159869194030762,31378964.28153615
2006-10-25 13:30:00,14.16836118281238,14.512274649480055,14.12165670490778,14.45283317565918,45594061.02002429
2006-10-26 13:30:00,14.491047432628028,14.622667391168774,14.308476245304862,14.601438522338867,31688439.94926953
2006-10-27 13:30:00,14.550490041294774,14.550490041294774,14.125906153143749,14.244789123535156,67723719.1576424
2006-10-30 14:30:00,14.215066104220025,14.457078752132094,14.202329107906358,14.33819580078125,39869865.9644417
2006-10-31 14:30:00,14.37216097194002,14.474061796517535,14.31271949912758,14.4358491897583,26991609.213847976
2006-11-01 14:30:00,14.465570491216578,14.491046103270746,14.113166765923555,14.130148887634276,46299927.70817199
2006-11-02 14:30:00,14.05372341147313,14.17260797920401,14.015510803927256,14.03249454498291,29892802.66399586
2006-11-03 14:30:00,14.079197893933909,14.134394238108802,13.905118611220995,13.994280815124512,36458058.30026536
2006-11-06 14:30:00,14.032494602202933,14.321211722691562,13.956069386799548,14.261770248413086,32907990.519915342
2006-11-07 14:30:00,14.266017928531866,14.614176585644987,14.266017928531866,14.414623260498049,34223390.17613697
2006-11-08 14:30:00,14.321213176210945,14.491047365379796,14.240542827168111,14.376409530639648,35025825.60712417
2006-11-09 14:30:00,14.520767615798954,14.53350461267644,14.096183776855469,14.096183776855469,56946821.29250412
2006-11-10 14:30:00,14.125903558731224,14.266015373864962,14.015510861078026,14.261770248413086,18336780.19158049
2006-11-13 14:30:00,14.249036279590566,14.533506715404044,14.168364301937933,14.529261589050291,33887059.748060964
2006-11-14 14:30:00,14.550489002868078,14.975072860717772,14.423114169444949,14.975072860717772,52224076.79909864
2006-11-15 14:30:00,15.013286075771816,15.161889784124842,14.890156363331334,15.06423568725586,52787685.36613962
2006-11-16 14:30:00,15.055740677277273,15.119428893101778,14.839203658859445,15.051495552062988,28743678.846697163
2006-11-17 14:30:00,14.953841766652651,15.030266979266374,14.860432813533958,14.979315757751465,27380696.451144464
2006-11-20 14:30:00,14.941104172614615,15.14490421362732,14.860433829190448,15.123675346374512,31259551.729069963
2006-11-21 14:30:00,15.081217279806198,15.132166884022864,14.839204635203648,14.881662368774414,33619510.489591695
2006-11-22 14:30:00,14.949597846672546,15.08121943097019,14.890156363331334,15.06423568725586,17037623.017655864
2006-11-24 14:30:00,15.030268780925445,15.085463514694757,14.902892331528358,15.004793167114258,6022603.136459106
2006-11-27 14:30:00,14.95384476245881,15.043006988484418,14.584455620937344,14.707585334777832,26828385.494015343
2006-11-28 14:30:00,14.563225478698936,14.631158828735352,14.457079518038364,14.631158828735352,25731078.06460772
2006-11-29 14:30:00,14.758531746739994,14.78400735707726,14.457077646212758,14.546239852905272,28921028.914933734
2006-11-30 14:30:00,14.541998665407982,14.7670276155161,14.448589688536362,14.669373512268066,25635686.921550207
2006-12-01 14:30:00,14.626911864837286,14.703337076481471,14.219311815840715,14.444340705871582,60766804.22345481
2006-12-04 14:30:00,14.435850005889936,14.856188704005406,14.414621138636557,14.711830139160156,42823110.502518006
2006-12-05 14:30:00,14.767026545561803,14.91563187251382,14.70333993657574,14.775518417358398,24998358.871002823
2006-12-06 14:30:00,14.750044421627548,14.894403002851798,14.65238870579617,14.775518417358398,23855828.426178254
2006-12-07 14:30:00,14.826467773891984,14.9665812266415,14.58445510065092,14.597193717956545,30947713.97595508
2006-12-08 14:30:00,14.461324818634182,14.622665496564258,14.384899605021552,14.516519546508787,43408391.91313649
2006-12-11 14:30:00,14.546242709600447,14.64814355130292,14.4485886136175,14.465572357177734,13805988.403357225
2006-12-12 14:30:00,14.478306395576436,14.558978351168312,14.295735238769758,14.4061279296875,34166401.39733297
2006-12-13 14:30:00,14.537748320500226,14.558977184079996,14.244784496260602,14.287243843078612,26227334.40454712
2006-12-14 14:30:00,14.32970580906033,14.60993110231782,14.283001323574258,14.503785133361816,47384041.518192574
2006-12-15 14:30:00,14.64814067459573,14.660877669935056,14.48679838177693,14.546239852905272,23599817.72973659
2006-12-18 14:30:00,14.56322366849642,14.724565962150184,14.457077721029744,14.52501106262207,25024506.9491125
2006-12-19 14:30:00,14.350932907661232,14.414621129037718,14.21506621373956,14.31272029876709,29837217.767646868
2006-12-20 14:30:00,14.33819399172424,14.529257010616394,14.316965127327007,14.397635459899902,18762610.88404562
2006-12-21 14:30:00,14.406129278596913,14.44434188754513,14.155624757638316,14.227803230285645,22814576.18490545
2006-12-22 14:30:00,14.266016508075191,14.321212861290142,14.117412810564362,14.13439655303955,20646805.39637402
2006-12-26 14:30:00,14.125904019529564,14.291491451752258,14.100428407011169,14.227803230285645,8477948.985225687
2006-12-27 14:30:00,14.316965062056417,14.397635394261536,14.266013844145103,14.33394718170166,12551822.38180872
2006-12-28 14:30:00,14.32970205670498,14.431602872869078,14.282997583448877,14.33394718170166,12679947.86499983
2006-12-29 14:30:00,14.329701570238152,14.440092632648035,14.24903124077164,14.287243843078612,8146331.549740707
2007-01-03 14:30:00,14.372163607070467,14.529260807916955,14.066464316605396,14.253280639648438,31788771.815849
2007-01-04 14:30:00,14.22780243278522,14.588699634769013,14.223557307432811,14.516519546508787,33925222.75337128
2007-01-05 14:30:00,14.393392352265812,14.45707895438384,14.274507779593057,14.372161865234377,39567922.675640784
2007-01-08 14:30:00,14.435849080905514,14.592944632105064,14.333948257096376,14.46132469177246,27209469.82741395
2007-01-09 14:30:00,14.50378293017643,14.61842075359402,14.39763697734444,14.575963020324709,25858498.857177816
2007-01-10 14:30:00,14.5335048787492,14.860434635080022,14.43585078836345,14.75428867340088,41781382.257441394
2007-01-11 14:30:00,14.754288924007806,15.0387593287035,14.733060055243165,14.851943016052246,59939867.6245912
2007-01-12 14:30:00,14.79674647206178,14.9283680481713,14.711830998090578,14.89864730834961,25721421.195844624
2007-01-16 14:30:00,14.936857643712996,14.936857643712996,14.68635314648371,14.741549491882324,24806646.89003201
2007-01-17 14:30:00,14.567474478041722,14.741553815672598,14.499541117494529,14.622669219970703,34923367.81711057
2007-01-18 14:30:00,14.397637664651986,14.397637664651986,14.049479052315537,14.07919979095459,58724798.60159556
2007-01-19 14:30:00,14.11741357112754,14.287247765711438,14.028251347817504,14.18110179901123,34033087.759263426
2007-01-22 14:30:00,14.23629406634538,14.23629406634538,13.98578956359496,14.083443641662598,34779000.6069655
2007-01-23 14:30:00,14.181100343413132,14.282999553977042,14.053723900720115,14.066462516784668,29739710.53403938
2007-01-24 14:30:00,14.1301486841831,14.287245860100446,14.100427947043864,14.261770248413086,21651320.13938233
2007-01-25 14:30:00,14.34668996934136,14.550490041294774,14.206576508815203,14.244789123535156,37089490.29737672
2007-01-26 14:30:00,14.27026427353345,14.49529320860842,14.168363431057475,14.359426498413086,38600147.09220659
2007-01-29 14:30:00,14.410375588458717,14.48680081263592,14.299984497791026,14.329705238342283,30223475.83543888
2007-01-30 14:30:00,14.367915228359973,14.427356698614725,14.274506278154735,14.346686363220217,15577608.682395048
2007-01-31 14:30:00,14.338197594670651,14.414622821431882,14.151381273509283,14.363673210144045,40374354.93721269
2007-02-01 14:30:00,14.478309631347658,14.575965348853368,14.36367340927549,14.478309631347656,27835018.191221904
2007-02-02 14:30:00,14.558978359674793,14.648140565704493,14.491045018939026,14.571715354919434,22087984.37922685
2007-02-05 14:30:00,14.614175407425856,14.762780727411227,14.499539192693325,14.626914024353027,27481968.39285536
2007-02-06 14:30:00,14.61417707339763,14.63965269049726,14.3933948705037,14.529261589050291,27911562.331008755
2007-02-07 14:30:00,14.57171664341898,14.737304074875755,14.50802842224695,14.648141860961914,30785440.52073968
2007-02-08 14:30:00,14.575965203886136,14.635406687231322,14.469819235152883,14.588702201843262,19169121.76960173
2007-02-09 14:30:00,14.690602821757643,14.809487419411786,14.363674632271284,14.410377502441406,47364724.08630997
2007-02-12 14:30:00,14.401882063546823,14.401882063546823,14.210820644697062,14.261770248413086,27066269.89706812
2007-02-13 14:30:00,14.32121467590332,14.376411036112092,14.2065768291585,14.32121467590332,25865088.28724898
2007-02-14 14:30:00,14.435848735251389,14.690598359186495,14.410373124994432,14.635403633117676,40007180.08285107
2007-02-15 14:30:00,14.597192255819538,14.745795945675944,14.584453639789883,14.648141860961914,21454891.888885777
2007-02-16 14:30:00,14.631158828735352,14.686355181783322,14.605684834758462,14.631158828735352,18383648.21285941
2007-02-20 14:30:00,14.563225401255927,14.66937136135205,14.410374959572106,14.652387619018556,21225489.862824757
2007-02-21 14:30:00,14.58445209298221,14.6396484375,14.495289888524791,14.6396484375,18443945.397186227
2007-02-22 14:30:00,14.885910097923135,15.11943088731611,14.860434484301445,15.030268669128418,78726264.7828964
2007-02-23 14:30:00,15.085463135294352,15.225576578243748,15.072726138538512,15.098201751708984,32438352.25997201
2007-02-26 14:30:00,15.17886996543998,15.204345575032487,14.975069947675616,15.076969146728516,25008963.174749523
2007-02-27 14:30:00,14.856189693135812,14.983564524795517,14.45707983570085,14.626914024353027,71689490.44731155
2007-02-28 14:30:00,14.62266572631022,14.771271030517903,14.50378277867102,14.618420600891112,41057383.058422126
2007-03-01 14:30:00,14.384900032042989,14.626912675781004,14.249033341511424,14.486799240112305,50287362.24750848
2007-03-02 14:30:00,14.427358203137166,14.495291550463804,14.244787028510803,14.291491508483888,44428682.53077014
2007-03-05 14:30:00,14.15137894326329,14.427357443648932,14.108919591132572,14.159869194030762,46308172.48474663
2007-03-06 14:30:00,14.372160203988088,14.435848418403296,14.32970247415033,14.38914394378662,21672519.060338303
2007-03-07 14:30:00,14.410374272770335,14.461325497342475,14.26177058358178,14.33819580078125,19124139.01489675
2007-03-08 14:30:00,14.499538644065636,14.614174854460613,14.359425200780317,14.44858741760254,27646836.754729666
2007-03-09 14:30:00,14.74154967553035,14.826465137621655,14.546239901607938,14.69484519958496,30263991.066427443
2007-03-12 13:30:00,14.648141136764355,14.864678162658018,14.63540414102316,14.750041961669922,21710437.31971081
2007-03-13 13:30:00,14.669370034404308,14.74579524833302,14.499537485408354,14.580207824707031,32560121.07762877
2007-03-14 13:30:00,14.580208255754966,14.597191997054267,14.338195611045425,14.550487518310549,32214840.82037625
2007-03-15 13:30:00,14.520766351575514,14.584452950076995,14.491045615009757,14.580207824707031,26183759.12649387
2007-03-16 13:30:00,14.5759637521011,14.584454003454246,14.406129571180028,14.4740629196167,17502786.08990947
2007-03-19 13:30:00,14.52501535393338,14.5844568429309,14.363674632271284,14.410377502441406,27229717.33783461
2007-03-20 13:30:00,14.440096904124635,14.558981490723443,14.359426550795297,14.503785133361816,15844925.780432962
2007-03-21 13:30:00,14.525011068880024,14.924120868108202,14.4485858570984,14.690598487854004,24529198.34453038
2007-03-22 13:30:00,14.699092369800292,14.762780594887856,14.503784188364742,14.584454536437988,26131705.31116088
2007-03-23 13:30:00,14.571718458127794,14.711831914291976,14.537752590355806,14.588702201843262,16940586.83018766
2007-03-26 13:30:00,14.635403679256402,14.6778614101599,14.406128045196835,14.546239852905272,18616349.06831109
2007-03-27 13:30:00,14.605683588379936,14.6141738392085,14.512274632678876,14.537750244140623,13138748.854232922
2007-03-28 13:30:00,14.418864258561989,14.461323606821416,14.299981322752645,14.33394718170166,21448771.14567685
2007-03-29 13:30:00,14.41462100382709,14.461325483142987,14.07495427197338,14.257525444030762,41738519.407530345
2007-03-30 13:30:00,14.274509182519225,14.329705538839994,14.147134346105764,14.176855087280272,21581601.880218036
2007-04-02 13:30:00,14.249033159906782,14.304227888716406,14.08344411450184,14.2023286819458,25037459.776751906
2007-04-03 13:30:00,14.261772511558432,14.397639222800455,14.21931477166741,14.253280639648438,26530211.333279096
2007-04-04 13:30:00,14.295736000951216,14.46132504615626,14.22355753121406,14.45283317565918,23860778.09684449
2007-04-05 13:30:00,14.482553895802846,14.571716106430936,14.444341288439563,14.537750244140623,16362140.748452367
2007-04-09 13:30:00,14.6014386798904,14.635406166111862,14.44434310526336,14.55898094177246,15717507.49759698
2007-04-10 13:30:00,14.5335062942402,14.788257598876951,14.525014422119742,14.788257598876951,21484564.667510867
2007-04-11 13:30:00,14.7585317002131,14.775515440384403,14.55897842200542,14.635403633117676,26835221.61423188
2007-04-12 13:30:00,14.571718622836247,14.72032233287893,14.520769010772892,14.707585334777832,23352511.65506777
2007-04-13 13:30:00,14.643895503203328,14.643895503203328,14.469816215593992,14.635403633117676,28156986.641694795
2007-04-16 13:30:00,14.665124666589476,14.792499481145338,14.584452708965802,14.728811264038086,29848524.95662148
2007-04-17 13:30:00,14.76702430203444,14.77551617254088,14.614173872235884,14.699090957641602,16012150.915772114
2007-04-18 13:30:00,14.86467805913996,15.24255899997008,14.86467805913996,15.10669231414795,55594679.08370404
2007-04-19 13:30:00,15.11518249308113,15.38691748309452,15.004791418746509,15.293508529663086,46114336.39278028
2007-04-20 13:30:00,15.412392093549236,15.505801050733847,15.217083928216605,15.382671356201172,31684674.69373028
2007-04-23 13:30:00,15.310494258124807,15.3699357381504,15.234069035332226,15.272281646728516,21205705.243138757
2007-04-24 13:30:00,15.67987980612046,15.887924960349316,15.582225726837311,15.769042015075684,85426245.96816494
2007-04-25 13:30:00,15.84122370299557,16.006811141967773,15.730830997241556,16.006811141967773,43481400.38087843
2007-04-26 13:30:00,15.989826109770824,15.989826109770824,15.77328908081087,15.930384635925291,31634979.422408197
2007-04-27 13:30:00,15.781780398066816,15.926138967014346,15.66714418770915,15.739322662353516,32124868.756066754
2007-04-30 13:30:00,15.692619592417806,15.739324077697573,15.518540268885284,15.544015884399414,23819086.45269715
2007-05-01 13:30:00,15.544013562113582,15.675633506791783,15.416638742890708,15.654404640197754,31819159.52848256
2007-05-02 13:30:00,15.662895788608337,15.83272995284754,15.637421797733497,15.756304740905762,26002641.25856912
2007-05-03 13:30:00,15.739322662353516,15.892173102375466,15.730830791279097,15.739322662353516,18295091.20606577
2007-05-04 13:30:00,15.845467550577958,15.947368376926498,15.769042335731225,15.930384635925291,25603661.323812865
2007-05-07 13:30:00,15.913400017154572,15.943120752437968,15.858203671774584,15.909154891967772,11271273.619463615
2007-05-08 13:30:00,15.81150428438906,15.858207150322674,15.69686644329611,15.832733154296877,15053798.199523136
2007-05-09 13:30:00,15.790268425179743,16.236082639934956,15.773286306823806,16.176639556884766,38633368.98700163
2007-05-10 13:30:00,16.10446393204092,16.231838750232583,15.85395942107856,15.930384635925291,34118823.5597007
2007-05-11 13:30:00,16.019550208207992,16.168155543663584,15.951616849606843,16.125696182250977,29881255.77627276
2007-05-14 13:30:00,16.202119984714503,16.282790334797816,16.083237022558276,16.1596622467041,25745208.573050324
2007-05-15 13:30:00,16.15541378348042,16.176642650228587,15.909156013815984,15.947368621826172,37776993.57888888
2007-05-16 13:30:00,15.858209731514824,15.926143098072512,15.735081618144724,15.90066909790039,40163317.91311253
2007-05-17 13:30:00,15.862453603133863,15.91340321390342,15.654406794698223,15.752060890197754,35709552.59670915
2007-05-18 13:30:00,15.86244997650866,15.879433716101833,15.62892922590745,15.773287773132324,30064973.853185687
2007-05-21 13:30:00,15.773291379372417,15.977091442109556,15.69686615338862,15.752060890197754,39123483.52061147
2007-05-22 13:30:00,15.82848640851994,15.951616121507808,15.679882699506274,15.832733154296877,29915879.274470083
2007-05-23 13:30:00,15.701109213286788,15.849714519659518,15.548258781433104,15.548258781433104,36926278.19774747
2007-05-24 13:30:00,15.501554571536117,15.611947271858847,15.238313056369094,15.314738273620604,59679146.44950294
2007-05-25 13:30:00,15.36568884431948,15.47608155158052,15.297755493566084,15.39540958404541,25150744.834849626
2007-05-29 13:30:00,15.442111893839607,15.53552084535598,15.399654162964136,15.463340759277344,22507689.374490272
2007-05-30 13:30:00,15.374177686094743,15.425128903863834,15.238311011360876,15.35719394683838,35893977.3765252
2007-05-31 13:30:00,15.425127097850211,15.607696604675589,15.41663522921628,15.586467742919922,26519387.42690409
2007-06-01 13:30:00,15.696865713923025,15.81574867560992,15.65440635642136,15.70111083984375,35158190.19415192
2007-06-04 13:30:00,15.65865293778346,15.798764766922352,15.624685452138358,15.662898063659668,17444139.60743044
2007-06-05 13:30:00,15.63317679301956,15.675634528976223,15.403901131672448,15.55250644683838,40359755.737695366
2007-06-06 13:30:00,15.497309861318897,15.61194769026853,15.36568829037848,15.369935035705566,37998385.22102597
2007-06-07 13:30:00,15.348704471079524,15.459095542497131,15.089708103160657,15.15339469909668,53641944.914895296
2007-06-08 13:30:00,15.276526466758709,15.59071922302246,15.217084987923116,15.59071922302246,47229540.98174621
2007-06-11 13:30:00,15.594968724824248,15.645918346743064,15.493069480986614,15.535527229309082,23658453.691828225
2007-06-12 13:30:00,15.357197181758568,15.599211467994598,15.335968313045615,15.416640281677246,27718199.64364893
2007-06-13 13:30:00,15.4845742189134,15.752060890197754,15.46334372973874,15.752060890197754,25516984.493032217
2007-06-14 13:30:00,15.722342998399446,16.032289084547603,15.684130378482044,15.90066909790039,27005260.35124926
2007-06-15 13:30:00,16.134187665725875,16.24457876342036,16.08748317912702,16.219104766845703,27184262.950635985
2007-06-18 13:30:00,16.244576775470218,16.371953221391603,16.134185691284976,16.240331649780273,14264791.81557443
2007-06-19 13:30:00,16.134182609495916,16.185132206337318,16.036528540692196,16.138427734375,23749848.955748983
2007-06-20 13:30:00,16.172396858946165,16.270050937694418,16.02379317816809,16.040775299072266,33744575.584311314
2007-06-21 13:30:00,16.09172574927939,16.495079040527344,16.00680867019509,16.495079040527344,42488670.15133372
2007-06-22 13:30:00,16.388931776984695,16.456865110850575,16.180886650620995,16.25306510925293,30364799.06680763
2007-06-25 13:30:00,16.261559922527535,16.304019276167317,15.98982653786787,16.066251754760742,37673833.30473424
2007-06-26 13:30:00,16.104463236448076,16.129938846849527,15.91764695247996,16.028038024902344,26138303.66193885
2007-06-27 13:30:00,15.972842516099474,16.401673072212546,15.926138037744714,16.384689331054688,57592162.88237332
2007-06-28 13:30:00,16.363460558910898,16.401673166907347,16.253067860406166,16.27854347229004,26818968.69217173
2007-06-29 13:30:00,16.304019895192152,16.39318211173287,16.091727977909226,16.155414581298828,22002957.34187004
2007-07-02 13:30:00,16.21910252995348,16.388935089111328,16.21910252995348,16.388935089111328,18023060.480589986
2007-07-03 13:30:00,16.414411388714736,16.45686912536621,16.371953652063265,16.45686912536621,11170938.44756094
2007-07-05 13:30:00,16.43139553795307,16.520557758923427,16.265808093391296,16.512065887451172,13998648.136934888
2007-07-06 13:30:00,16.495077480988222,16.65641975402832,16.444127886218133,16.65641975402832,15199593.056880863
2007-07-09 13:30:00,16.64793202890073,16.82625808447195,16.635195031952364,16.73284912109375,23643857.87531324
2007-07-10 13:30:00,16.660669546504064,16.754076884061927,16.55876871866246,16.609718322753906,20516090.64489917
2007-07-11 13:30:00,16.622459282819314,16.652180024369123,16.427149470216204,16.579999923706055,27654371.118922267
2007-07-12 13:30:00,16.618209956465616,17.08949824165414,16.579997349027124,17.07676124572754,41711199.76258612
2007-07-13 13:30:00,17.178659882722467,17.178659882722467,17.0088273372518,17.064022064208984,35065634.25096983
2007-07-16 13:30:00,17.07676335098475,17.13620483218187,17.00882999823677,17.110729217529297,15675584.103534186
2007-07-17 13:30:00,17.12771264773976,17.58201723962863,17.12771264773976,17.429166793823242,48630676.628062256
2007-07-18 13:30:00,17.110729217529297,17.2381040514744,16.919666156782196,17.110729217529297,36539778.06644781
2007-07-19 13:30:00,17.225364624680385,17.267822356787963,17.0385483358849,17.16167640686035,23854183.80754732
2007-07-20 13:30:00,17.131956862838067,17.250841436399252,16.877207213144676,16.932403564453125,36508926.93431541
2007-07-23 13:30:00,16.979107477558603,17.09799042748923,16.881451774791337,16.91966438293457,24601974.048676908
2007-07-24 13:30:00,16.656427425105534,16.813523026130714,16.499331824080354,16.571510314941406,38320809.634720206
2007-07-25 13:30:00,16.720112583579226,16.76681706655167,16.546033268646674,16.61821174621582,31911246.518513314
2007-07-26 13:30:00,16.439887900320194,16.601228604134032,16.049269899227024,16.312511444091797,40931842.43680235
2007-07-27 13:30:00,16.282788010120363,16.350721353033556,15.99407089782462,16.019546508789062,38297033.64074822
2007-07-30 13:30:00,16.08323600807729,16.376198269051216,16.032284782087995,16.261560440063477,29100495.75608736
2007-07-31 13:30:00,16.388933235667004,16.410163720362174,15.9855799409961,16.036529541015625,34746970.36713702
2007-08-01 13:30:00,16.02804124541019,16.163907955533666,15.760552951253809,16.1002197265625,50458581.47087033
2007-08-02 13:30:00,16.15541353500134,16.15541353500134,15.92189276504574,16.095972061157227,27679576.57443336
2007-08-03 13:30:00,16.083236763868413,16.12994124672397,15.730831389346571,15.747815132141112,30019040.862372
2007-08-06 13:30:00,15.841218982379166,16.028035233815512,15.692613710403092,15.921889305114746,47810123.87490116
2007-08-07 13:30:00,15.900666270859604,16.112958206065585,15.688374335653624,15.896419525146484,27954900.850293163
2007-08-08 13:30:00,16.006812823875627,16.32525073833074,16.006812823875627,16.219104766845703,42731485.11000552
2007-08-09 13:30:00,15.917644988868698,16.304016124171966,15.875185643437426,15.964347839355469,43901822.900014766
2007-08-10 13:30:00,15.84122370299557,16.197874194496784,15.764798481983966,16.006811141967773,43909819.88792184
2007-08-13 13:30:00,16.14692564878143,16.172401266568784,15.896421076012617,15.904912948608398,21037066.52803686
2007-08-14 13:30:00,15.960107251797815,16.053516218642596,15.675635225342752,15.70111083984375,24674042.18440837
2007-08-15 13:30:00,15.548258365368032,15.645912445403878,15.246804254867122,15.327474594116213,36359606.601982005
2007-08-16 13:30:00,15.242560231845346,15.429376535034256,14.856189009126863,15.28501796722412,54506785.78111637
2007-08-17 13:30:00,15.688370724625225,15.841221141937028,15.369932895111823,15.518536567687988,43069239.04410944
2007-08-20 13:30:00,15.590721289874244,15.819995364397837,15.531279803158531,15.709604263305664,27150582.080305647
2007-08-21 13:30:00,15.692620243640798,15.845470703750774,15.679883245184635,15.77753734588623,21384937.536054727
2007-08-22 13:30:00,15.836975663607804,15.896417137391518,15.730829711948692,15.849714279174805,23631141.46882933
2007-08-23 13:30:00,15.879435838020994,15.879435838020994,15.641668310920087,15.807255744934082,31789011.004175
2007-08-24 13:30:00,15.77753394807874,16.011054714219014,15.718092475205797,15.99831771850586,17086615.169403482
2007-08-27 13:30:00,15.943122440517808,15.943122440517808,15.786026877435145,15.807255744934082,16864514.184105817
2007-08-28 13:30:00,15.7095996753619,15.747812279899122,15.391161844104564,15.41239070892334,29556946.68198497
2007-08-29 13:30:00,15.518539980057216,15.90066610736237,15.518539980057216,15.858206748962402,22311493.105508093
2007-08-30 13:30:00,15.773287689490331,16.066249907455585,15.752057205282169,15.879433631896973,31592352.227212243
2007-08-31 13:30:00,16.0237977439718,16.151172595169726,15.960109508543288,16.08748435974121,24080280.92503683
2007-09-04 13:30:00,16.142681498683338,16.601231308976875,16.142681498683338,16.507823944091797,27749047.8536553
2007-09-05 13:30:00,16.376198759274992,16.44413210963553,16.180890579445794,16.295528411865234,22838127.54953152
2007-09-06 13:30:00,16.333738242689904,16.45686630574669,16.21485368504884,16.439884185791016,16901729.33214251
2007-09-07 13:30:00,16.176646398823273,16.19787689014987,15.87094708356115,16.053518295288086,29962981.735406663
2007-09-10 13:30:00,16.197873398994027,16.26156000027007,15.921893267821622,16.04502296447754,25574926.49589353
2007-09-11 13:30:00,16.134182252327808,16.346474124068965,16.06200379337187,16.231836318969727,23708397.11723297
2007-09-12 13:30:00,16.10446382153357,16.210609772574703,15.913400785727791,15.955860137939451,22752163.189570077
2007-09-13 13:30:00,16.03653426674967,16.03653426674967,15.84122605940484,15.892175674438477,23163148.428657103
2007-09-14 13:30:00,15.73082940842935,15.824238362377866,15.69261680178302,15.769042015075684,14286696.812798567
2007-09-17 13:30:00,15.718093196268455,15.777534671868258,15.624684237663772,15.730830192565918,11924382.810130434
2007-09-18 13:30:00,15.82423765133259,16.095971010981504,15.743567316330124,16.036529541015625,20644688.8128586
2007-09-19 13:30:00,16.146924743843307,16.67765460389242,16.083238132432815,16.1978759765625,21486448.866745044
2007-09-20 13:30:00,16.11295611997008,16.32100128252796,16.0917272531297,16.257314682006836,16533837.948311232
2007-09-21 13:30:00,16.401670528975647,16.478095732676845,16.34647418860068,16.380441665649414,10129450.430079218
2007-09-24 13:30:00,16.410163396354367,16.43988413075049,16.176641026586907,16.291278839111328,16155351.355328836
2007-09-25 13:30:00,16.12144861773987,16.325248662720703,16.11720187241137,16.261560440063477,15709265.162640996
2007-09-26 13:30:00,16.354969915574433,16.439887008567545,16.17664385832301,16.21061134338379,17354169.456628516
2007-09-27 13:30:00,16.28278824335242,16.371952073175816,16.270051247517085,16.28703498840332,15189463.036852729
2007-09-28 13:30:00,16.278544182059907,16.418656004383514,16.244576698067043,16.261560440063477,19438564.02147333
2007-10-01 13:30:00,16.325248872083275,16.609719265707167,16.325248872083275,16.529048919677734,22327981.34281839
2007-10-02 13:30:00,16.529047290922836,16.579996892886232,16.410164346455367,16.541784286499023,14003596.13839308
2007-10-03 13:30:00,16.354972199419358,16.354972199419358,16.04927126981892,16.20212173461914,31218564.47336172
2007-10-04 13:30:00,16.22759639407782,16.22759639407782,16.049270322450905,16.121450424194336,16130617.129218224
2007-10-05 13:30:00,16.24032783279463,16.41865222371869,16.1511656373326,16.325244903564453,19395938.5083297
2007-10-08 13:30:00,16.350720726365,16.397425201513794,16.24457478090269,16.34647560119629,8662836.77624287
2007-10-09 13:30:00,16.316756714178116,16.38044493653267,16.078989186334393,16.28278923034668,16781138.37025299
2007-10-10 13:30:00,16.223349131289993,16.244578000658404,16.036532813325493,16.172399520874023,22099520.85158677
2007-10-11 13:30:00,16.231838939927986,16.312509281138443,15.752058778818412,15.88368034362793,36947946.56590482
2007-10-12 13:30:00,15.399656815183931,15.535523520975543,15.314739719149454,15.429377555847168,16383571.414106358
2007-10-15 13:30:00,15.446358188360234,15.518536652675785,15.301999640070566,15.41239070892334,18108087.149168342
2007-10-16 13:30:00,15.323231263450536,15.48881870636882,15.289263777898654,15.352952003479004,27404951.837873988
2007-10-17 13:30:00,15.752058195087006,15.781778931255731,15.4973085651669,15.624683380126951,32189170.00344489
2007-10-18 13:30:00,15.53127774418687,15.620439962440257,15.399656169866043,15.59071922302246,18870713.37581831
2007-10-19 13:30:00,15.573732784504472,15.573732784504472,15.076968932296474,15.127920150756836,20674836.47846209
2007-10-22 13:30:00,14.996300831603852,15.28501796722412,14.953843096225077,15.28501796722412,18006338.009557694
2007-10-23 13:30:00,15.123674374188193,15.157641855336172,14.767023920427624,15.043004035949709,39602076.53389341
2007-10-24 13:30:00,14.750043730142917,14.754288856012732,14.308476135374336,14.626914024353027,46540159.04807004
2007-10-25 13:30:00,14.652387125666475,14.673617612697914,14.168361823070915,14.372161865234377,43042619.3299883
2007-10-26 13:30:00,14.499536783680202,14.533502643972094,14.215064807899983,14.346686363220217,28184307.840754244
2007-10-29 13:30:00,14.38065290217793,14.52925820448653,14.38065290217793,14.499537467956545,17748204.1801076
2007-10-30 13:30:00,14.414623741590535,14.588703075957048,14.414623741590535,14.529261589050291,19599188.741476472
2007-10-31 13:30:00,14.56322426885593,14.733058439667364,14.495290924463092,14.699090957641602,24351611.673669577
2007-11-01 13:30:00,14.592947194561624,14.64814355130292,14.414622746155963,14.465572357177734,26979592.916731607
2007-11-02 13:30:00,14.495290571703478,14.558978789122513,14.342440145624714,14.54199504852295,19464708.86941681
2007-11-05 14:30:00,14.359425795446583,14.588701465049112,14.333950181160017,14.457079887390137,19521232.218036834
2007-11-06 14:30:00,14.499539897894756,14.639651733637267,14.389147184004107,14.609930992126465,19174067.893185098
2007-11-07 14:30:00,14.45707637137524,14.56322230893256,14.227800757533398,14.287243843078612,23680369.290088467
2007-11-08 14:30:00,14.223557582712276,14.278753931313805,13.78623677831071,14.03249454498291,35446005.478459254
2007-11-09 14:30:00,13.849924506162688,14.155625391435745,13.798974898503456,13.985791206359863,29782810.174150784
2007-11-12 14:30:00,13.99852843598172,14.079198775087228,13.82869426773377,13.849923133850098,24954084.390440702
2007-11-13 14:30:00,13.922104467674991,14.223558604606753,13.90512072539914,14.096183776855469,17991028.624659356
2007-11-14 14:30:00,14.223555547081029,14.244784410533038,13.90511773632548,13.973051071166992,22398879.02468815
2007-11-15 14:30:00,13.841430801503334,14.057969439775254,13.752268594995416,13.88389015197754,25497440.874595784
2007-11-16 14:30:00,13.883894126322824,13.956072613302569,13.701322916168197,13.922106742858888,23106151.240133584
2007-11-19 14:30:00,13.875400035803612,13.875400035803612,13.607911762809382,13.680091857910156,21654851.46594374
2007-11-20 14:30:00,13.735288819822433,13.828697798171788,13.31919759284159,13.607913970947266,24991290.923104823
2007-11-21 14:30:00,13.41684958131386,13.595174827508496,13.20880359572502,13.344670295715332,24131394.031530704
2007-11-23 14:30:00,13.387127607086134,13.539977225561625,13.340423129586474,13.497519493103027,9551942.323838998
2007-11-26 14:30:00,13.514503423740903,13.607911575819962,13.1620988733948,13.204557418823242,19446100.691233024
2007-11-27 14:30:00,13.327685516038118,13.467798140727156,13.174835895359664,13.40835666656494,26730176.1167981
2007-11-28 14:30:00,13.586682868726326,14.024003705272635,13.586682868726326,14.011266708374023,34445964.81141485
2007-11-29 14:30:00,13.871153520693374,13.990038099363998,13.803220169878236,13.862663269042969,18009163.66662319
2007-11-30 14:30:00,14.138641403049691,14.138641403049691,13.641879092781162,13.722549438476562,20069299.12217106
2007-12-03 14:30:00,13.74802537371284,13.866908332187249,13.709812762823375,13.718304634094238,11344049.120158002
2007-12-04 14:30:00,13.61215861936686,13.786237930590447,13.603666748129266,13.654616355895996,14006656.364971882
2007-12-05 14:30:00,13.917856371038717,14.108919403945375,13.84143115787605,14.040986061096191,21643077.40733725
2007-12-06 14:30:00,14.01551093616601,14.240541458129885,14.01551093616601,14.240541458129885,13358728.792167844
2007-12-07 14:30:00,14.20232907004,14.26177054555694,14.142887594523062,14.189590454101562,14206617.7038247
2007-12-10 14:30:00,14.223558437280724,14.316967399040246,14.08769173998985,14.304228782653809,18511303.002059262
2007-12-11 14:30:00,14.427357616404036,14.474062094477736,14.028249419548343,14.03249454498291,24658971.425425764
2007-12-12 14:30:00,14.270262550874824,14.427358111888074,14.019758030506196,14.232049942016602,23275498.180051096
2007-12-13 14:30:00,14.087690386603027,14.278753417456503,13.956068827646492,14.083443641662598,15480336.522246294
2007-12-14 14:30:00,13.98579070568108,14.002774447512431,13.854170755635034,13.871152877807615,13258394.764481273
2007-12-17 14:30:00,13.824450541330204,13.828695667119586,13.64187935886902,13.654616355895996,17709811.872395
2007-12-18 14:30:00,13.798975975201396,13.798975975201396,13.569700293356824,13.714058876037598,17184590.394689713
2007-12-19 14:30:00,13.692827992049963,13.798973945476709,13.624894646643195,13.739532470703123,14895998.848333135
2007-12-20 14:30:00,13.824447234616644,13.93483829498291,13.75651390062392,13.93483829498291,15118336.760099089
2007-12-21 14:30:00,14.032496018588892,14.100429370286752,13.939088672291124,14.062216758728027,11264677.085360674
2007-12-24 14:30:00,14.028251381407722,14.176855087280272,14.019759509692303,14.176855087280272,5495734.004201672
2007-12-26 14:30:00,14.096182914976174,14.18110000150457,14.091936169837464,14.155624389648438,7978636.717677964
2007-12-27 14:30:00,14.138639056115938,14.17260653476536,13.87964270021895,13.900873184204102,11920144.892996917
2007-12-28 14:30:00,13.964560920915918,13.99852840234736,13.811710493791754,13.854169845581056,9680067.870160354
2007-12-31 14:30:00,13.786238704304711,13.900876542957707,13.777746832590536,13.781991958618164,6752258.429310909
2008-01-02 14:30:00,13.718303994068444,13.76500685439102,13.196065272887212,13.314949035644531,37440427.62521795
2008-01-03 14:30:00,13.314950137229255,13.331933070554276,13.030478918027526,13.081428527832031,21400012.66313486
2008-01-04 14:30:00,12.9243328920897,12.9243328920897,12.393603068447394,12.41907787322998,48736897.47164624
2008-01-07 14:30:00,12.503993743546502,12.631368564806078,12.304438831122638,12.48701000213623,35040902.15792031
2008-01-08 14:30:00,12.482763187739929,12.682318086111014,12.17281721729334,12.257734298706056,31878277.978359573
2008-01-09 14:30:00,12.253490192044602,12.39784876608895,12.041198266665198,12.27896499633789,47136978.86585207
2008-01-10 14:30:00,12.198291949310253,12.329913505744033,12.100637873114326,12.236504554748535,42876107.47799941
2008-01-11 14:30:00,12.172817839277782,12.172817839277782,11.930805197663725,11.97326374053955,37284747.2294631
2008-01-14 14:30:00,12.228013708816826,12.380864143371582,12.138851495212798,12.380864143371582,29847345.531542733
2008-01-15 14:30:00,12.215277611270984,12.34265244288574,12.028460489717173,12.070919036865234,41540439.949196026
2008-01-16 14:30:00,11.633596995066386,12.10063937866495,11.552925839123054,11.85013484954834,65064652.81397921
2008-01-17 14:30:00,11.969017470070238,12.075163419372457,11.68879222869873,11.68879222869873,32758197.772577308
2008-01-18 14:30:00,11.820414110471692,12.007231225876998,11.78220150027903,11.85013484954834,27968092.380035777
2008-01-22 14:30:00,11.41705840257641,11.816167411106928,11.268454716799036,11.637842178344728,28792666.3723058
2008-01-23 14:30:00,11.446780025531949,12.070918793412815,11.340634064717312,12.053935050964355,36565216.14400354
2008-01-24 14:30:00,12.079410463645546,12.287456446200984,11.994493372475024,12.266226768493652,34256838.72091827
2008-01-25 14:30:00,12.495502278913603,12.499748214404155,11.888347270864603,11.896839141845703,31132603.344037637
2008-01-28 14:30:00,11.871363422795389,12.168572425842283,11.760972340345331,12.168572425842283,17240882.78732535
2008-01-29 14:30:00,12.253488741097591,12.253488741097591,11.99024642847295,12.121867179870604,14630798.426428003
2008-01-30 14:30:00,12.058180447203288,12.380864250825368,12.045443450766092,12.232259750366213,46836216.69844214
2008-01-31 14:30:00,12.117622231878194,12.380863738526504,11.952033996582031,11.952033996582031,21038955.935392898
2008-02-01 14:30:00,12.342650578880557,12.8394136428833,12.31292984331421,12.8394136428833,49010820.95644978
2008-02-04 14:30:00,12.779971287940343,12.813937956214216,12.52522087097168,12.52522087097168,24828316.6583293
2008-02-05 14:30:00,12.22801478855112,12.402094105574418,12.062427343048338,12.066673278808594,24045426.61219345
2008-02-06 14:30:00,12.181310717135675,12.206785521036036,11.794939483690976,11.8458890914917,30591366.527779065
2008-02-07 14:30:00,11.616614051420912,12.028460082196188,11.552925827941843,11.892593383789062,26658103.775983363
2008-02-08 14:30:00,11.888346587543204,12.045442952346365,11.824659178504376,11.952033996582031,24514123.79795248
2008-02-11 14:30:00,11.973264493837044,12.32991498070568,11.973264493837044,12.185556411743164,27321577.08690961
2008-02-12 14:30:00,12.308685303017429,12.372372716423383,12.12611412404546,12.185556411743164,20089083.19291704
2008-02-13 14:30:00,12.402091780778903,12.61013854488549,12.359634050794003,12.576171875,20702863.47584968
2008-02-14 14:30:00,12.567682756487242,12.576174628275044,12.24075298112204,12.287457466125488,19782663.83878777
2008-02-15 14:30:00,12.18980094737362,12.295946901188422,12.049688320731258,12.134605407714844,17990558.578726783
2008-02-19 14:30:00,12.228013549753642,12.266226157895256,11.930805365110292,12.011476516723633,17807320.326041892
2008-02-20 14:30:00,11.986000470469302,12.363880602864093,11.947787863712197,12.249242782592772,20272794.2200961
2008-02-21 14:30:00,12.419076859795704,12.588910227536438,12.168572338692108,12.232259750366213,30797216.598133825
2008-02-22 14:30:00,12.317178302499018,12.317178302499018,12.007232268320235,12.223770141601562,18124098.578324474
2008-02-25 14:30:00,12.21103026875076,12.406338429369354,12.062425775767858,12.30868434906006,26606054.97121587
2008-02-26 14:30:00,12.257736844614485,12.686565846310662,12.257736844614485,12.533716201782228,38114494.99231276
2008-02-27 14:30:00,12.448798043510465,12.76298998753426,12.448798043510465,12.68231964111328,26026190.76117264
2008-02-28 14:30:00,12.644106618094012,12.661089550006986,12.363881357980208,12.50399398803711,28291939.719669648
2008-02-29 14:30:00,12.376617622126538,12.402092423403332,12.066671642132665,12.121867179870604,37460449.461072125
2008-03-03 14:30:00,12.134606029254885,12.168572703822235,11.935051917400376,12.058180809020996,24008921.46971204
2008-03-04 14:30:00,12.011476446761982,12.198292741222469,11.816167471861386,12.155834197998049,29107562.826623783
2008-03-05 14:30:00,12.185556312419935,12.397848228595688,12.168572570407768,12.291702270507812,23686017.30382013
2008-03-06 14:30:00,12.236506299915654,12.295947779150822,12.007231444416137,12.075164794921877,16602374.474337151
2008-03-07 14:30:00,12.015721572238006,12.419076518125976,11.998738640845849,12.155834197998049,31398512.154335417
2008-03-10 13:30:00,12.121869314143328,12.355390931422496,12.121869314143328,12.18131160736084,27924282.31836281
2008-03-11 13:30:00,12.249244141306308,12.491256804393013,12.100639632970609,12.427569389343262,27988582.44461717
2008-03-12 13:30:00,12.38935800307626,12.525224717901112,12.312932773529909,12.359637260437012,20891513.39744178
2008-03-13 13:30:00,12.181309020970108,12.571926135645624,12.14734235055612,12.444550514221191,30676630.7555864
2008-03-14 13:30:00,12.576174924611111,12.576174924611111,12.036953200821808,12.1770658493042,31405808.328710657
2008-03-17 13:30:00,11.850135062202703,12.312931518548286,11.850135062202703,12.198293685913086,39894593.68469837
2008-03-18 13:30:00,12.342652789363624,12.65684475135206,12.3129320484745,12.622878074645996,27561339.465204377
2008-03-19 13:30:00,12.669581391450674,12.669581391450674,12.151589416952705,12.189801216125488,45253725.85069879
2008-03-20 13:30:00,12.194045578458311,12.406337463381654,12.126112240069183,12.351141929626465,25938108.759966616
2008-03-24 13:30:00,12.431812583850338,12.8606422717141,12.431812583850338,12.652595520019531,44598503.49758592
2008-03-25 13:30:00,12.716285537381042,12.80120181417758,12.567681040700403,12.678072929382324,18121274.895303667
2008-03-26 13:30:00,12.580418150404627,12.605893762520036,12.338405504113815,12.48701000213623,15641199.050313134
2008-03-27 13:30:00,12.550698765052292,12.550698765052292,12.24924461100381,12.27047348022461,14603004.352162248
2008-03-28 13:30:00,12.31292975094092,12.495500907855147,12.066671188315274,12.113375663757324,14726893.084575845
2008-03-31 13:30:00,12.143097369473256,12.27471812643877,12.062426217216617,12.194046974182127,11297886.993376158
2008-04-01 13:30:00,12.35539059681444,12.678074430436755,12.287457243402317,12.622878074645996,29324713.121009614
2008-04-02 13:30:00,12.750253790396965,12.907349367347932,12.652598885724531,12.724778175354004,20330730.13200956
2008-04-03 13:30:00,12.64410742689991,13.06444534395838,12.631369619778344,12.983774185180664,30022338.14820903
2008-04-04 13:30:00,12.983774098558586,13.03896964272493,12.779974044949798,12.92433261871338,19182547.808365397
2008-04-07 13:30:00,12.971036383303256,13.038969734986871,12.788466006796932,12.860645294189451,22917734.465602856
2008-04-08 13:30:00,12.63136848740127,12.690809962314232,12.457289188159567,12.508238792419434,28301125.911777355
2008-04-09 13:30:00,12.436058518561374,12.673825193574713,12.423320714428266,12.652595520019531,27412494.97555175
2008-04-10 13:30:00,12.716285615746392,13.10690275893988,12.716285615746392,12.945560455322266,38096364.92756514
2008-04-11 13:30:00,12.852154391397557,12.852154391397557,12.453045312804658,12.546453475952148,38119911.22180069
2008-04-14 13:30:00,12.4445527992894,12.499749154990596,12.23226086776361,12.27047348022461,27333822.62007983
2008-04-15 13:30:00,12.300192207254648,12.31293001259934,12.028458838535768,12.253488540649414,27867055.172805622
2008-04-16 13:30:00,12.644106271828834,12.873381110266148,12.610139599103698,12.758743286132812,31499787.69719682
2008-04-17 13:30:00,12.771482112447584,12.822432530520562,12.542207255692723,12.779973983764648,23407390.67006129
2008-04-18 13:30:00,13.009248657697013,13.064445010652836,12.784219739763078,12.9073486328125,40336438.43347764
2008-04-21 13:30:00,12.881875738700275,13.136626243591309,12.873383866243683,13.136626243591309,30107123.358237118
2008-04-22 13:30:00,12.903101847671971,12.903101847671971,12.576172926378565,12.758743286132812,34977310.74774235
2008-04-23 13:30:00,12.779972842625288,13.179081850766869,12.741760234939957,12.992264747619627,48471702.20774188
2008-04-24 13:30:00,12.958298849233822,13.323440396950629,12.856398825929409,13.119640350341797,21575950.936647248
2008-04-25 13:30:00,13.208802162317127,13.230031028200845,12.907347245826518,13.145113945007324,17755270.138746258
2008-04-28 13:30:00,13.123884977670976,13.196064254878696,13.043213830243682,13.128130912780762,11139379.499824312
2008-04-29 13:30:00,13.140869839635585,13.259752793538542,13.10690316568768,13.16634464263916,12420397.661277452
2008-04-30 13:30:00,13.225786060937232,13.238523867297223,12.860644520073969,12.979527473449709,28471173.93655748
2008-05-01 13:30:00,12.99226557662065,13.548470176443509,12.949807030946747,13.42958641052246,34673010.873983145
2008-05-02 13:30:00,13.586681703061286,13.680090658060609,13.285227591492696,13.497519493103027,20386788.03652184
2008-05-05 13:30:00,13.429586666140084,13.578191173912568,13.280982968197018,13.404111862182615,15802532.471400324
2008-05-06 13:30:00,13.327685007089904,13.599418375545367,13.255505729865256,13.501764297485352,13574941.13838012
2008-05-07 13:30:00,13.506011630769605,13.705565742658726,13.370144932476638,13.42958641052246,18691714.82027124
2008-05-08 13:30:00,13.421093858735611,13.61640201338393,13.3361767768185,13.484781265258787,14247128.9378265
2008-05-09 13:30:00,13.387127539636484,13.565452768483864,13.289472649917458,13.476289749145508,11288701.989552837
2008-05-12 13:30:00,13.53573144240939,13.646123329666418,13.399864753425152,13.620649337768556,10200812.933727836
2008-05-13 13:30:00,13.6079106794275,13.70981150567502,13.5781899425342,13.6376314163208,12118691.102498423
2008-05-14 13:30:00,13.663106751889588,14.015510462076133,13.663106751889588,13.790481567382812,40761564.80330238
2008-05-15 13:30:00,13.820202773590788,14.176853240893848,13.773498295068206,14.07495403289795,28607308.243601263
2008-05-16 13:30:00,14.125903762121276,14.155624499688448,13.879644371240484,14.130148887634276,22540896.83343643
2008-05-19 13:30:00,14.23204935927826,14.448586387502807,14.117411537397494,14.13864040374756,24557224.89081099
2008-05-20 13:30:00,13.998529288029935,14.05797076463714,13.748024765429024,13.875399589538574,30285656.6553244
2008-05-21 13:30:00,13.803218544718796,13.89662749846392,13.6164022568872,13.709811210632324,24679462.7143336
2008-05-22 13:30:00,13.697075132273048,13.85841745871837,13.654617392520624,13.714058876037598,14920255.70375668
2008-05-23 13:30:00,13.646123329666418,13.701319678209604,13.408356623944004,13.620649337768556,20860192.577574767
2008-05-27 13:30:00,13.57394480275867,13.892383486242204,13.57394480275867,13.832942008972168,21104666.10921792
2008-05-28 13:30:00,13.922104069632454,13.93908781142273,13.70981215623028,13.875399589538574,16872286.57275542
2008-05-29 13:30:00,13.841432139432138,13.947578096389924,13.7862374079684,13.871152877807615,21319464.86572185
2008-05-30 13:30:00,13.985791353879952,14.02825071042619,13.862663269042969,13.862663269042969,16282531.80273934
2008-06-02 13:30:00,13.91785691035474,13.943332522282358,13.629139787143272,13.820202827453612,16954485.21511147
2008-06-03 13:30:00,13.81595698860029,13.896627326051076,13.531485815398232,13.671598434448242,39784373.092536055
2008-06-04 13:30:00,13.650370180678197,13.977298290068031,13.616402698339211,13.926348686218262,30392350.47832835
2008-06-05 13:30:00,13.98154707939194,14.091938173816194,13.820204754009778,13.968810081481934,35327766.64647873
2008-06-06 13:30:00,13.93059658199324,14.057971411968053,13.497520864351817,13.633387565612791,32971579.39514858
2008-06-09 13:30:00,13.641881461132153,13.726798566935289,13.280984976213134,13.607913970947266,45157387.21482448
2008-06-10 13:30:00,13.4210950718151,13.548469896374357,13.28098244086816,13.41684913635254,39460758.708003774
2008-06-11 13:30:00,13.32344154179876,13.382883834539438,12.954054026808436,13.034725189208984,63823903.35036106
2008-06-12 13:30:00,13.034723205714084,13.297964712688644,12.97103498676698,13.055952072143556,41295498.56041106
2008-06-13 13:30:00,13.08567395456076,13.489028930664062,13.08567395456076,13.489028930664062,27525305.435868315
2008-06-16 13:30:00,13.382882279205546,13.718303887689784,13.353161541204033,13.586682319641112,36284472.426895015
2008-06-17 13:30:00,13.663108681774794,13.68858429633528,13.416850076496214,13.459308624267578,21666155.755769745
2008-06-18 13:30:00,13.374390004266226,13.38712781009457,13.123885491780923,13.200310707092283,30658964.62337362
2008-06-19 13:30:00,13.128130477939694,13.633385401658272,13.072934942999346,13.450814247131348,44868176.65647277
2008-06-20 13:30:00,13.33617818080496,13.395619658507142,13.12388626349214,13.204557418823242,38131927.50090243
2008-06-23 13:30:00,13.26824301202526,13.336176351460486,12.99226371934099,13.013492584228516,24813713.06672697
2008-06-24 13:30:00,12.988019071023682,13.323439866484083,12.95829833330522,13.089919090270996,24885781.183780152
2008-06-25 13:30:00,13.17908294550915,13.480537086923814,13.17908294550915,13.280982971191406,31760746.78918464
2008-06-26 13:30:00,13.094164966519749,13.132377574793646,12.648352283096756,12.73751449584961,48797196.67463597
2008-06-27 13:30:00,12.682319142567104,12.77572729203868,12.444551618736837,12.690810203552246,26515141.171564825
2008-06-30 13:30:00,12.567681235772934,12.775727210423325,12.52097675642082,12.588910102844238,29251467.93915561
2008-07-01 13:30:00,12.39784796531024,12.554943526439695,12.20253898546492,12.48276424407959,40436773.74504808
2008-07-02 13:30:00,12.525223349012382,12.644107116406005,12.1813106634697,12.261981010437012,43385777.23189651
2008-07-03 13:30:00,12.23650601853617,12.261980821932672,11.96052668722409,12.185556411743164,20470633.28111125
2008-07-07 13:30:00,12.287456368218516,12.516731217196789,12.036951841667648,12.164326667785645,30815115.8092204
2008-07-08 13:30:00,12.151590516861017,12.346898705146604,12.036952679478023,12.27047348022461,48331087.88571024
2008-07-09 13:30:00,12.228014482867218,12.274718965233046,11.646335065353826,11.782201766967772,43518848.186552405
2008-07-10 13:30:00,11.82890510547183,12.049688069329948,11.701529477653985,11.994492530822754,43332081.25849309
2008-07-11 13:30:00,11.816169432789389,12.194048829555287,11.70153159000777,11.969019889831545,38355436.11112195
2008-07-14 13:30:00,12.134607196158411,12.189802743952116,11.760973739987742,11.888348579406738,18850221.164290853
2008-07-15 13:30:00,11.752480987101572,12.219523379677346,11.72700618309327,12.032706260681152,42369723.12794741
2008-07-16 13:30:00,12.15583476389864,12.419077096281509,11.952034718728973,12.291702270507812,30456647.22648777
2008-07-17 13:30:00,12.503991854279471,12.746004464003846,12.261978434725854,12.652595520019531,38635486.82254774
2008-07-18 13:30:00,12.563434870844862,12.656843016526066,12.334159227132808,12.618630409240724,22008375.91537164
2008-07-21 13:30:00,12.665334878385943,12.699301550413232,12.410584433266624,12.495501518249512,20563195.986104317
2008-07-22 13:30:00,11.952035028208652,11.977509832057144,11.671809756387006,11.930806159973145,35857935.33743282
2008-07-23 13:30:00,11.930806234818524,12.172818897470943,11.86711881988306,12.032706260681152,27727856.607504334
2008-07-24 13:30:00,11.909578647930967,11.918070520701374,11.603878516662435,11.676057815551758,24361026.169392824
2008-07-25 13:30:00,11.693040427855198,11.735498167933288,11.548681844067149,11.680302619934082,25604599.06045918
2008-07-28 13:30:00,11.663315856620551,11.714266265285405,11.501974380535511,11.557169914245604,19958370.076141816
2008-07-29 13:30:00,11.54018824440858,11.820413498084028,11.535942309070544,11.760972023010254,25435260.5935986
2008-07-30 13:30:00,11.879855766635318,11.994493598931063,11.73549719481758,11.8458890914917,25004955.1926668
2008-07-31 13:30:00,11.8246600460297,12.096393443106942,11.743988890086367,11.85013484954834,24076752.54860324
2008-08-01 13:30:00,11.824660123679248,11.986001626795998,11.629351135875382,11.828906059265137,22771238.73936621
2008-08-04 13:30:00,11.867120048165052,11.99874082729874,11.79069481840049,11.92231559753418,16291009.064753588
2008-08-05 13:30:00,11.994493361695897,12.22801414746087,11.93929781936524,12.185556411743164,19823646.80440168
2008-08-06 13:30:00,12.24499773424468,12.325668888777669,11.9647724709505,12.22801399230957,20718876.626068223
2008-08-07 13:30:00,12.16008144685996,12.712040948742503,12.126114770577145,12.461536407470703,38453887.67158281
2008-08-08 13:30:00,12.50823825749954,12.775726502827352,12.406338243508245,12.729022026062012,19907024.405494217
2008-08-11 13:30:00,12.707794179890472,13.0941654009641,12.69930230891911,12.87338161468506,24381521.98353044
2008-08-12 13:30:00,12.860644960883814,12.992265725130965,12.835169347290629,12.9073486328125,17272678.033632386
2008-08-13 13:30:00,12.983773853933236,13.11964055377925,12.813940479125716,12.9073486328125,24202522.529365312
2008-08-14 13:30:00,12.80544961785464,13.00924968369675,12.762991068346832,12.928579330444336,24205111.392548487
2008-08-15 13:30:00,12.966790921367188,13.026232400092468,12.805448607927987,12.9073486328125,17799075.83290381
2008-08-18 13:30:00,12.941314455716416,12.988018934399484,12.597401793145766,12.758743286132812,30164833.36936125
2008-08-19 13:30:00,12.65684459363953,12.690811269922344,12.436061602715952,12.461536407470703,24158949.51223201
2008-08-20 13:30:00,12.554943635485014,12.554943635485014,12.278964309886211,12.33415985107422,24498577.990929466
2008-08-21 13:30:00,12.236506362669427,12.334160453293562,12.18131081878648,12.219523429870604,13574468.34235808
2008-08-22 13:30:00,12.312930024514174,12.431813778358382,12.291701158748465,12.376617431640623,11309428.358868174
2008-08-25 13:30:00,12.325669391808862,12.389356807005932,12.18131081878648,12.219523429870604,19455050.03008249
2008-08-26 13:30:00,12.147345107176038,12.198294719444462,12.045445072809706,12.1770658493042,10011449.293770278
2008-08-27 13:30:00,12.126113970187086,12.33840588539961,12.113376973565144,12.22801399230957,10429506.925798329
2008-08-28 13:30:00,12.295947055323524,12.40633894585425,12.266226317455514,12.380864143371582,13087875.06878801
2008-08-29 13:30:00,12.261981811236886,12.287457426518175,12.01996913487088,12.100640296936035,21641189.5217072
2008-09-02 13:30:00,12.291701527838017,12.385109673773004,11.888346587543204,11.952033996582031,27746230.106180545
2008-09-03 13:30:00,11.884101561748016,11.960526782374917,11.425551047816011,11.47650146484375,40196772.52097061
2008-09-04 13:30:00,11.3533706787817,11.442533697609925,11.047670635290638,11.102866172790527,34083495.5218168
2008-09-05 13:30:00,11.000966994439056,11.336388609586653,10.983984062313402,11.251471519470217,48686027.33891941
2008-09-08 13:30:00,11.552926548835623,11.552926548835623,11.073147138918918,11.272701263427734,39927094.36260584
2008-09-09 13:30:00,11.21750551463067,11.238734383511607,10.877838753559038,10.924542427062988,34475404.05595252
2008-09-10 13:30:00,11.141080900620826,11.141080900620826,10.890576346935754,10.933034896850586,27432741.9449102
2008-09-11 13:30:00,10.805658927858802,11.01795084542122,10.720741836902077,10.979738235473633,46324420.22720225
2008-09-12 13:30:00,10.894822282910186,10.988230444859228,10.69951408706324,10.933034896850586,29111091.110820737
2008-09-15 13:30:00,10.614596087217029,10.996721384390955,10.614596087217029,10.724987983703612,33412481.9339203
2008-09-16 13:30:00,10.499957321587395,11.000966341933111,10.470236584758302,10.89057445526123,63072589.29326303
2008-09-17 13:30:00,10.746216183465158,10.966999962704216,10.406549453735352,10.406549453735352,52030009.41507093
2008-09-18 13:30:00,10.631578868365716,11.056162673463463,10.253698731144766,10.975491523742676,68735546.78629623
2008-09-19 13:30:00,11.455271563954396,11.705776088985557,10.92454177530014,11.251471519470217,49983062.12896855
2008-09-22 13:30:00,11.102866013091482,11.107111948196453,10.60610294342041,10.60610294342041,20775639.94405333
2008-09-23 13:30:00,10.635824366784194,10.848116276778525,10.461745065375192,10.550908088684082,27713491.296758
2008-09-24 13:30:00,10.614595509538749,10.729233335400814,10.50844955444336,10.50844955444336,16995701.799270853
2008-09-25 13:30:00,10.665546591320062,10.90755925450003,10.559400629586433,10.784429550170898,23838400.99682587
2008-09-26 13:30:00,10.499957305708287,10.975491523742676,10.499957305708287,10.975491523742676,25628391.543325245
2008-09-29 13:30:00,10.758954676722665,10.76744654796565,9.956491470336914,9.956491470336914,30760002.243418623
2008-09-30 13:30:00,10.27068198301715,10.48721981048584,10.151798231711997,10.48721981048584,15409443.867098762
2008-10-01 13:30:00,10.385318128278684,10.432022599888048,10.164535193919049,10.29615592956543,27064860.60489972
2008-10-02 13:30:00,10.2239780610063,10.2239780610063,9.807886123657228,9.807886123657228,25884877.841322232
2008-10-03 13:30:00,9.94375185468158,10.22822301094039,9.722968101501465,9.722968101501465,28237537.402193625
2008-10-06 13:30:00,9.548891146806982,9.693249727509542,9.073357665528697,9.52766227722168,42565912.79704535
2008-10-07 13:30:00,9.616825014925883,9.68900430913238,8.89503288269043,8.89503288269043,33977266.30043707
2008-10-08 13:30:00,8.678494326141214,9.370565661695125,8.674248390361198,8.950227737426758,51183292.73638321
2008-10-09 13:30:00,9.141288288627305,9.306875689438508,8.67000007422099,8.712458610534668,42823589.6434582
2008-10-10 13:30:00,8.364299491669925,9.111566115833424,8.181728365034951,8.619049072265625,73873064.27097607
2008-10-13 13:30:00,9.060618800967717,9.44699001312256,8.810114281900812,9.44699001312256,34135073.66389299
2008-10-14 13:30:00,9.667773484853637,9.667773484853637,8.703968048095703,8.703968048095703,44980990.0308236
2008-10-15 13:30:00,8.754920084410966,8.920507540782188,8.109552383422852,8.109552383422852,53551019.60512176
2008-10-16 13:30:00,8.194466756356585,8.538380206533866,7.812341510433353,8.483183860778809,42250318.00210966
2008-10-17 13:30:00,8.326090909264039,8.712462210699394,8.292124228143225,8.343073844909668,33799207.55438713
2008-10-20 13:30:00,8.44072589779925,8.623297068079864,8.44072589779925,8.576593399047852,29953096.49764656
2008-10-21 13:30:00,8.300614532312771,8.46195686026091,8.2156982421875,8.2156982421875,25059123.76400848
2008-10-22 13:30:00,8.168991717659017,8.283629531041246,7.7274250136438365,7.833570957183838,28947173.085724782
2008-10-23 13:30:00,7.83781752653427,8.037372455451791,7.510888575658789,7.79111385345459,47095761.855053656
2008-10-24 13:30:00,7.226417362159485,7.999159843949688,7.226417362159485,7.79111385345459,43993901.07404608
2008-10-27 13:30:00,7.655246637395753,8.109551199451849,7.553346616826763,7.761392593383789,54401271.779499926
2008-10-28 13:30:00,8.003406399505522,8.597823676932485,7.808097391165101,8.58508586883545,58626106.31948158
2008-10-29 13:30:00,8.470446039842953,8.487428968538094,8.152008230974108,8.190220832824707,35215667.51082228
2008-10-30 13:30:00,8.444970159167674,8.665753893874736,8.300611625692227,8.653016090393066,30652611.10194752
2008-10-31 13:30:00,8.54687344319438,8.924753660126449,8.440727469529213,8.810115814208984,28367303.026474345
2008-11-03 14:30:00,8.801622303024958,8.865309713399057,8.576593399047852,8.576593399047852,16034054.40780322
2008-11-04 14:30:00,8.822851546791465,8.958718231544132,8.703967792718222,8.937488555908203,23382663.498625
2008-11-05 14:30:00,8.83134479386361,8.83134479386361,8.394023895263672,8.394023895263672,31413343.754507616
2008-11-06 14:30:00,8.241172721865818,8.389777235986692,7.621280670166016,7.621280670166016,32391951.717401456
2008-11-07 14:30:00,7.867538871331884,8.01189744216949,7.808096582862075,8.003405570983887,20030672.79577807
2008-11-10 14:30:00,8.13078021732883,8.139272088324224,7.680721582355087,7.684967517852783,19223765.45774544
2008-11-11 14:30:00,7.604297339088329,7.795360411861199,7.498151367509955,7.600051403045654,22636751.675741885
2008-11-12 14:30:00,7.476920886137047,7.617033506038437,7.281611919403076,7.281611919403076,21920054.682450585
2008-11-13 14:30:00,7.205185348669426,7.960944652557373,7.05658169635169,7.960944652557373,56342481.2727358
2008-11-14 14:30:00,7.697703924055339,7.718933599915374,6.895240802620544,7.260383129119873,33435331.317675203
2008-11-17 14:30:00,7.19245036808961,7.375021546114207,7.11177921295166,7.11177921295166,34773109.174934804
2008-11-18 14:30:00,7.196696977422097,7.239154716894746,6.78060457097142,6.984405040740967,29516900.63203885
2008-11-19 14:30:00,6.997141376536053,7.073566596082125,6.402724172042396,6.487640857696533,26856180.35536772
2008-11-20 14:30:00,6.449428098294361,6.806078979596697,6.241382122039795,6.241382122039795,55907688.17698842
2008-11-21 14:30:00,6.364511687545972,6.572557672722381,6.135236429309487,6.474903583526611,40444779.852207005
2008-11-24 14:30:00,6.6574752638929535,6.984405040740967,6.585295973028191,6.984405040740967,27450877.744609118
2008-11-25 14:30:00,6.96317373061785,7.026861134742699,6.589540365877267,6.7890944480896,24729866.38799929
2008-11-26 14:30:00,6.6107697013383255,7.196695804595947,6.606524171031785,7.196695804595947,24780973.50084628
2008-11-28 14:30:00,7.052338100955674,7.209433674029745,7.005633617692306,7.060829162597656,5856322.531110983
2008-12-01 14:30:00,6.89948668617206,6.929207422324417,6.538590297544888,6.593786239624023,18186515.99857161
2008-12-02 14:30:00,6.623507883498533,6.725407905111816,6.453674109228367,6.7084245681762695,1268771.8280572048
2008-12-03 14:30:00,6.576803578963308,7.052337835693669,6.496132827592716,7.005633354187012,23319304.870895334
2008-12-04 14:30:00,6.920716877740524,7.060829524890403,6.606525310556425,6.712671279907227,23191648.397541262
2008-12-05 14:30:00,6.606524128626453,6.920715639600606,6.398477758183892,6.882503032684326,29144540.978539392
2008-12-08 14:30:00,7.001387078405681,7.111778968529545,6.895241123651509,7.094795227050781,18272010.501877025
2008-12-09 14:30:00,6.87401305977225,7.6127888939982,6.852783380443381,7.400496959686279,73587581.41534708
2008-12-10 14:30:00,7.408988008836003,7.689213266229412,7.239153832378712,7.36652946472168,37858719.966764905
2008-12-11 14:30:00,7.3622831437600595,7.532116501493703,7.205186781713109,7.260383129119873,23551770.033837236
2008-12-12 14:30:00,7.082058434283581,7.727426052093506,7.043845824687638,7.727426052093506,23131827.634210348
2008-12-15 14:30:00,7.612787903642528,7.646754576320496,7.307087039711456,7.442954540252685,18177800.84075816
2008-12-16 14:30:00,7.897261142730713,7.986423377988898,7.485414218453669,7.897261142730713,36893530.64431509
2008-12-17 14:30:00,7.731670138735669,7.93971690072384,7.608541265340493,7.833570957183838,24287786.363012988
2008-12-18 14:30:00,7.757147573294594,7.795360186745659,7.260384408260224,7.3368096351623535,37712925.47495013
2008-12-19 14:30:00,7.3665295443514305,7.617034066521497,7.3665295443514305,7.468429565429687,24810883.865749583
2008-12-22 14:30:00,7.421725758596772,7.4429554377237235,7.14150047275665,7.298596858978271,13722377.334538853
2008-12-23 14:30:00,7.294349678856671,7.349545215512384,7.043845176696777,7.043845176696777,12786404.23931361
2008-12-24 14:30:00,7.111779499362859,7.192450657749663,7.0905506307592185,7.158483982086182,3369181.3704497786
2008-12-26 14:30:00,7.154237512397087,7.188204185525247,7.082058230771075,7.094795227050781,2596660.425150737
2008-12-29 14:30:00,7.111779675938645,7.166975221576197,7.018371518002232,7.154238224029541,7402071.267492139
2008-12-30 14:30:00,7.166974295763701,7.47692108990845,7.166974295763701,7.434462547302246,20361115.6846318
2008-12-31 14:30:00,7.417478798029053,7.60854183462853,7.413232862790249,7.476921081542969,16937292.23675148
2009-01-02 14:30:00,7.438709097765336,7.850555132499813,7.430217226575905,7.8038506507873535,18409320.45845923
2009-01-05 14:30:00,7.752900722545696,7.884521481218636,7.684967375499703,7.761392593383789,17014543.636533424
2009-01-06 14:30:00,7.850555704813782,8.22418996609298,7.842063833005285,8.135026931762695,27693468.269443814
2009-01-07 14:30:00,7.909996487630511,7.918488358687318,7.625525285862663,7.672229766845703,34487182.02820266
2009-01-08 14:30:00,7.646756091519173,7.706197578026563,7.506643437730672,7.667984962463379,18082174.20594456
2009-01-09 14:30:00,7.689212809956301,7.697703870411814,7.417478629646796,7.438708305358887,20847474.814972363
2009-01-12 14:30:00,7.451445591161278,7.459937461776839,7.179712210098151,7.243399620056152,16055722.790347395
2009-01-13 14:30:00,7.18820569767964,7.5363643729413905,7.183959761416749,7.311334609985352,43114917.0768109
2009-01-14 14:30:00,7.175466785255914,7.22641720274456,6.950437866740374,6.992895603179932,22871101.101446863
2009-01-15 14:30:00,6.933454131776985,7.24764607877908,6.882503714233401,7.149991989135742,36717836.156701535
2009-01-16 14:30:00,7.375021065299695,7.515133688862864,7.13300761566391,7.476921081542969,47604971.54574165
2009-01-20 14:30:00,7.408988279019563,7.42172527583778,6.963174764305752,6.975912570953369,34631087.4785272
2009-01-21 14:30:00,7.090550565663537,7.141500173776296,6.793341548964569,7.137254238128662,29479218.519569904
2009-01-22 14:30:00,6.988650482786236,7.094796455925732,6.780604877527119,6.946192741394043,26745479.984145224
2009-01-23 14:30:00,6.80183315698664,7.383512551097651,6.80183315698664,7.247645854949951,53390869.78397524
2009-01-26 14:30:00,7.22641655823132,7.464183262370319,7.179712080518014,7.2773661613464355,32868187.22312386
2009-01-27 14:30:00,7.3665296972797725,7.608542353593462,7.3665296972797725,7.549100875854492,42449802.6514293
2009-01-28 14:30:00,7.672230881227534,7.782622791512115,7.587314587813673,7.710443496704102,36493847.5660935
2009-01-29 14:30:00,7.570331053214987,7.625526604973505,7.29010573850043,7.311334609985352,27282004.269620124
2009-01-30 14:30:00,7.379266216274447,7.447200370501328,7.149991381390099,7.183958053588867,17991029.9612926
2009-02-02 14:30:00,7.086304877878348,7.447201322256292,7.039600393950188,7.39200496673584,41514060.21659695
2009-02-03 14:30:00,7.379266595589572,7.502396294782661,7.209433225865817,7.455691814422607,26514905.243973747
2009-02-04 14:30:00,7.50239561626757,7.880274930956271,7.447200079785243,7.587312698364258,66947916.08690636
2009-02-05 14:30:00,7.4896580175219105,7.965192232682837,7.464183216122194,7.863292217254639,51858078.11953038
2009-02-06 14:30:00,7.893012834632263,8.139271403987914,7.842062422773123,8.020387649536133,33518707.33197416
2009-02-09 14:30:00,8.05010986328125,8.130781026103115,7.935472832757986,8.05010986328125,30708420.16587309
2009-02-10 14:30:00,7.969438717563319,8.160500955983315,7.625525230714423,7.684967517852783,34673717.87804396
2009-02-11 14:30:00,7.689214883203613,7.701951882235829,7.430218438488006,7.57033109664917,32485686.9280842
2009-02-12 14:30:00,7.434463717057085,7.65524752548448,7.370776298041732,7.617034912109375,51832397.29221339
2009-02-13 14:30:00,7.591557910593522,7.8505542851091645,7.570329044740803,7.689212799072266,36301903.5500161
2009-02-17 14:30:00,7.455692236550733,7.476921915111555,7.175466958183331,7.188204765319824,33021039.05328364
2009-02-18 14:30:00,7.251892002219683,7.4047424447644286,7.103287495282226,7.192450523376465,25418536.723960005
2009-02-19 14:30:00,7.273120300924047,7.294349977298157,6.848536491394043,6.848536491394043,41212122.57097027
2009-02-20 14:30:00,6.789095053953876,7.0650743696763545,6.7381450451242495,6.920715808868408,47619808.94405756
2009-02-23 14:30:00,7.018370299516286,7.018370299516286,6.644736112979787,6.648982048034668,29298810.659207456
2009-02-24 14:30:00,6.721160609310516,7.031106546880984,6.716914674707318,6.967419147491455,30340539.955954585
2009-02-25 14:30:00,6.9631749557831295,7.404742547090215,6.895241604786566,7.209433555603027,54855124.78730796
2009-02-26 14:30:00,7.277366705848697,7.519379363326555,7.05658372611502,7.09904146194458,56413829.06411297
2009-02-27 14:30:00,6.9546829925208,7.1499919814262975,6.91647119169108,6.992895603179932,46023418.74459647
2009-03-02 14:30:00,6.861274298593624,7.018370664476124,6.644736458510403,6.682949066162109,57045039.05119885
2009-03-03 14:30:00,6.7890951790136524,6.895241133925991,6.640491085085189,6.763620376586914,46512135.14520943
2009-03-04 14:30:00,6.861275063755848,7.166975149231506,6.8527831922574975,7.052338123321533,44045009.46811744
2009-03-05 14:30:00,6.9801569513010495,7.188202887882428,6.933452480495092,6.967419147491455,67680876.89757898
2009-03-06 14:30:00,7.043845795313263,7.149991752675031,6.648982704354784,6.844291687011719,74307587.36404729
2009-03-09 13:30:00,6.823061728765127,7.069320307313828,6.746636917952732,6.755128383636475,31865322.27233329
2009-03-10 13:30:00,6.874011576804337,7.31982421875,6.848535967105686,7.31982421875,41499937.00517185
2009-03-11 13:30:00,7.375021073551166,7.464183284177786,7.281612117851649,7.434462547302246,39627512.27496437
2009-03-12 13:30:00,7.438708927792124,7.701950450014178,7.332562969837886,7.684967517852783,42659891.03374203
2009-03-13 13:30:00,7.676475199953963,7.799604892730713,7.566083312928741,7.799604892730713,30731035.38534704
2009-03-16 13:30:00,7.820833960721949,7.859046569132055,7.506642032550588,7.544854640960693,36643648.05931122
2009-03-17 13:30:00,7.583068751035705,7.850556253047268,7.493905710478833,7.842064380645752,40432055.74733944
2009-03-18 13:30:00,7.837815964900769,8.139270861151175,7.786866366268959,8.075583457946777,51691330.81472858
2009-03-19 13:30:00,8.168990990429283,8.177482859515537,7.897257658302819,7.982173919677734,54921557.28760002
2009-03-20 13:30:00,7.990667194326656,8.105305017668316,7.600050055770496,7.7019500732421875,61531785.52802845
2009-03-23 13:30:00,7.850554604726738,8.207205072412018,7.842062734108194,8.181730270385742,33259628.76694541
2009-03-24 13:30:00,8.088321325114293,8.135025803755491,7.914242026325373,7.973684310913086,32050680.13468223
2009-03-25 13:30:00,7.982175948731935,8.279384963667136,7.8080966373591325,7.990667819976807,55705840.71449181
2009-03-26 13:30:00,8.130780521519325,8.415251731872559,8.105305717409468,8.415251731872559,52050967.36400858
2009-03-27 13:30:00,8.321841922146264,8.377037455047075,8.181729312658845,8.224187850952148,26072593.8142924
2009-03-30 13:30:00,8.092567722928386,8.092567722928386,7.799605457879658,7.859046936035156,27578298.92658584
2009-03-31 13:30:00,7.977929420001219,8.105304226957479,7.905750146771532,7.939716815948486,28681972.48969464
2009-04-01 13:30:00,7.803850365348019,7.999159346414115,7.748654824294411,7.956700801849365,34716583.858733915
2009-04-02 13:30:00,8.139271982748118,8.427989114211345,8.079830506210177,8.27938461303711,30143399.74096833
2009-04-03 13:30:00,8.309106093056835,8.491677284240723,8.156255642795077,8.491677284240723,41298083.78973939
2009-04-06 13:30:00,8.351563106046036,8.372791971422025,8.177483818509165,8.317596435546875,33150347.37310632
2009-04-07 13:30:00,8.16899231221589,8.27089232825128,7.999158952156906,8.058600425720215,35481569.999579884
2009-04-08 13:30:00,8.109549624205545,8.236924422717413,7.999157754241624,8.168991088867188,32638790.99972822
2009-04-09 13:30:00,8.377040019222244,8.563857158999127,8.31335259720248,8.542628288269043,40904519.1694869
2009-04-13 13:30:00,8.470448336360272,8.551118686734771,8.29212308265281,8.512906074523926,28331034.51528041
2009-04-14 13:30:00,8.440728065170061,8.703970454761015,8.40251625699724,8.546874046325684,45403979.9484649
2009-04-15 13:30:00,8.338826522158195,8.39402287594625,8.207205755926518,8.372793197631836,50844845.09866724
2009-04-16 13:30:00,8.517150359170783,8.712459318144655,8.394021484672958,8.695475578308105,35304222.106508024
2009-04-17 13:30:00,8.62329732597854,8.716706286494889,8.504414372345927,8.674247741699219,33908027.20328317
2009-04-20 13:30:00,8.54262712479385,8.54262712479385,8.219943312701977,8.275138854980469,52734932.733195096
2009-04-21 13:30:00,8.2496654201864,8.461957373110067,8.101060891173928,8.287878036499023,70108403.99283354
2009-04-22 13:30:00,8.177485232875322,8.797377279158011,8.130780749175043,8.555364608764648,58597375.849491976
2009-04-23 13:30:00,8.619050722813023,8.623296657946602,8.194466927406877,8.478938102722168,49196178.05954936
2009-04-24 13:30:00,8.51715103833326,8.644526667776518,8.313351003019273,8.597822189331055,41564231.86367433
2009-04-27 13:30:00,8.444972537379849,8.64028152995428,8.385531057384313,8.436481475830078,23773631.46540946
2009-04-28 13:30:00,8.37703800887378,8.46620102616743,8.249663195402068,8.334579467773438,32394312.4546424
2009-04-29 13:30:00,8.37703662398789,8.585082550173313,8.296366300045847,8.44921588897705,26274676.687339053
2009-04-30 13:30:00,8.568100943247456,8.920505453735853,8.512904597484487,8.691229820251465,37594228.7567284
2009-05-01 13:30:00,8.682738411374526,8.750671749717322,8.50441319576737,8.657262802124023,21182392.36836951
2009-05-04 13:30:00,8.82285303610786,9.086094579794556,8.77614855165432,9.073357582092283,31785946.35081282
2009-05-05 13:30:00,9.06486627793233,9.07760327643203,8.763411292777137,8.89503288269043,38681872.463884346
2009-05-06 13:30:00,9.00117849932025,9.052128110959451,8.767656881513902,8.9841947555542,45167989.35406631
2009-05-07 13:30:00,9.090340557952572,9.098832429679918,8.427989949979333,8.551118850708008,58934174.99228796
2009-05-08 13:30:00,8.61905063330983,8.644526243846762,8.24117131846777,8.37703800201416,71648519.43254302
2009-05-11 13:30:00,8.258154637015485,8.538379859973888,8.177483494094346,8.406758308410645,44499345.866882205
2009-05-12 13:30:00,8.483186814146947,8.483186814146947,8.075586625879872,8.232682228088379,55172600.996618286
2009-05-13 13:30:00,8.156253110841341,8.24966205026181,8.02463238054701,8.088319778442383,41678469.167046525
2009-05-14 13:30:00,8.147762220206676,8.372791084747185,8.130778481841013,8.296366691589355,33514472.221865237
2009-05-15 13:30:00,8.29212198763886,8.343071590638885,8.118042692701646,8.14351749420166,44699538.25862384
2009-05-18 13:30:00,8.266647728778816,8.385531504944487,8.190223311775318,8.364302635192871,29100963.946782704
2009-05-19 13:30:00,8.351564563945482,8.631789846938716,8.266647467959283,8.512906074523926,30552268.26494671
2009-05-20 13:30:00,8.661507605641297,8.890783199972427,8.580836473210436,8.619049072265625,40752151.873612486
2009-05-21 13:30:00,8.512904071780085,8.580837408655286,8.283629262283599,8.411004066467285,32473215.62065845
2009-05-22 13:30:00,8.483184037855748,8.542626319896547,8.313350681659154,8.478938102722168,16473779.912653638
2009-05-26 13:30:00,8.338825714737517,8.7336887850287,8.338825714737517,8.703968048095703,34655113.43024675
2009-05-27 13:30:00,8.6742466339147,8.97570072478954,8.64452589930217,8.759162902832031,29199184.606203742
2009-05-28 13:30:00,8.814359918089524,8.975701408197455,8.597822079644873,8.954472541809082,51608421.39900708
2009-05-29 13:30:00,8.967212079341444,8.971457205575488,8.720953456462391,8.958720207214355,44720020.04488232
2009-06-01 13:30:00,9.098831998124814,9.463974366787484,9.086094191137944,9.413023948669434,50939526.05080448
2009-06-02 13:30:00,9.319615848879767,9.374811393158156,9.094586116419878,9.120060920715332,44545735.70000534
2009-06-03 13:30:00,8.954473217135085,9.064865112304688,8.91626060689063,9.064865112304688,37717403.60977149
2009-06-04 13:30:00,9.111567560376471,9.247435050684816,9.01815942000445,9.17525577545166,20194129.81695265
2009-06-05 13:30:00,9.234699389305115,9.255928259371723,8.90776960737064,8.962965965270996,30431678.19035488
2009-06-08 13:30:00,8.962964227531621,9.077601237426766,8.8355886023391,9.001176834106445,19170538.407389883
2009-06-09 13:30:00,9.238942840515008,9.455480658241449,9.17525543761412,9.349334716796877,40502961.69114503
2009-06-10 13:30:00,9.425762205673395,9.434253267573942,9.171011722579353,9.340845108032228,40931606.89188905
2009-06-11 13:30:00,9.362073199544897,9.45548216115384,9.251682115546055,9.33659839630127,39271160.82543516
2009-06-12 13:30:00,9.28989517158161,9.28989517158161,9.043636547384946,9.183749198913574,30724199.119634047
2009-06-15 13:30:00,9.111567818155532,9.158272294577523,8.91625966189868,9.107322692871094,38403020.21072869
2009-06-16 13:30:00,9.137045736838385,9.162520544126489,8.907770041756887,8.933245658874512,24572999.54959797
2009-06-17 13:30:00,8.988440153721154,9.192240207743644,8.869556383959988,9.120060920715332,45386794.537574045
2009-06-18 13:30:00,9.098830671242506,9.137043276801146,8.928997318664834,8.941734313964844,28603070.56034457
2009-06-19 13:30:00,9.035144472475444,9.124306690806046,8.988439990590228,9.08184814453125,27649662.583923064
2009-06-22 13:30:00,9.0478825684667,9.120061862952191,8.77614913502931,8.810115814208984,34729767.62763156
2009-06-23 13:30:00,8.784641105417766,8.831344783668115,8.631790642486935,8.746428489685059,32909396.75201812
2009-06-24 13:30:00,8.801623477415816,9.013915413541598,8.801623477415816,8.924753189086914,20452496.12037765
2009-06-25 13:30:00,8.865308843501202,9.086092600308003,8.827097048889717,9.052125930786133,21035895.73657041
2009-06-26 13:30:00,9.00966858346151,9.196485695463505,8.992685651368268,9.069110870361328,23771983.96206296
2009-06-29 13:30:00,9.1073242590141,9.179503548701636,9.026653097638745,9.073357582092283,16089165.27450559
2009-06-30 13:30:00,9.107322692871094,9.230451571852734,8.975701133832624,9.107322692871094,16405713.331239032
2009-07-01 13:30:00,9.162518836201988,9.396039614111173,9.128552162872843,9.238944053649902,27898849.17739802
2009-07-02 13:30:00,9.132797941123917,9.213469092578574,9.07760159177044,9.158272743225098,18385769.166163795
2009-07-06 13:30:00,9.120060999222844,9.23469883428336,8.950227619408809,9.098832130432127,27957257.14860688
2009-07-07 13:30:00,9.128553019315651,9.23469898465653,8.83134399242941,8.865310668945312,30204398.1578003
2009-07-08 13:30:00,8.878050506136724,8.895034253192437,8.610562968646288,8.720954895019531,37837275.00947008
2009-07-09 13:30:00,8.797376864606514,8.975702109624255,8.797376864606514,8.856819152832031,22603545.178360227
2009-07-10 13:30:00,8.844081962589867,9.001178350510784,8.776148608307704,8.903523445129395,23611353.91083632
2009-07-13 13:30:00,8.933243402353703,9.1243056234968,8.784638912689529,9.107322692871094,31442321.178463876
2009-07-14 13:30:00,9.132798612750284,9.268665313720703,9.107323808775686,9.268665313720703,31200668.942184813
2009-07-15 13:30:00,9.616822159760556,9.739951840898058,9.578609555947487,9.722968101501465,42400113.71311268
2009-07-16 13:30:00,9.61682476845052,9.960737486229707,9.612578832449604,9.935262680053713,31769693.969750848
2009-07-17 13:30:00,9.948000025139937,10.07962079572554,9.782412577957096,10.04990005493164,25320792.78692407
2009-07-20 13:30:00,10.134817916075647,10.181521593777529,10.00319632572891,10.177275657653809,27871994.57065999
2009-07-21 13:30:00,10.130570344916814,10.139061405964314,9.909786561094178,10.10934066772461,35911636.45479062
2009-07-22 13:30:00,10.109340986507735,10.40230406236326,10.096603989620151,10.351353645324709,36389515.02769302
2009-07-23 13:30:00,10.317385816053347,10.580628123274984,10.240961413791563,10.525432586669922,30058377.75113539
2009-07-24 13:30:00,10.347107046411953,10.529677391052246,10.25794403174642,10.529677391052246,22852733.62712474
2009-07-27 13:30:00,10.45325299111945,10.555153000859136,10.342861111444137,10.529677391052246,28747447.75609317
2009-07-28 13:30:00,10.482973540344483,10.618840217590332,10.376827597517508,10.618840217590332,27310982.62253337
2009-07-29 13:30:00,10.508450848823916,10.576384203666318,10.40655081656031,10.542417526245115,28712583.74242369
2009-07-30 13:30:00,10.682528598297536,10.852361960387054,10.533924102783203,10.533924102783203,50714368.955748975
2009-07-31 13:30:00,10.52118923555248,10.703759630595362,10.52118923555248,10.593368530273438,23460616.60079193
2009-08-03 13:30:00,10.712249999583651,10.78018334863126,10.580629237032584,10.729233741760254,20554244.53440259
2009-08-04 13:30:00,10.648562762302944,10.784429462646616,10.601858280373778,10.724987983703612,19088102.678160567
2009-08-05 13:30:00,10.72498887035188,10.79292222613985,10.538171737020216,10.623088836669922,21418853.749723047
2009-08-06 13:30:00,10.61459480121202,10.741969614894838,10.415040710487787,10.4829740524292,35858175.19445388
2009-08-07 13:30:00,10.606104008367254,10.627333686023752,10.364091351888955,10.457499504089355,34594345.76417655
2009-08-10 13:30:00,10.449006792379729,10.495710456188135,10.287664506992808,10.389564514160156,31403932.513230834
2009-08-11 13:30:00,10.368339220358378,10.444764454510702,10.24096436999087,10.291913986206056,19934104.223741356
2009-08-12 13:30:00,10.291911880517056,10.525433471519188,10.291911880517056,10.381074905395508,41200580.11756355
2009-08-13 13:30:00,10.51694286702253,10.66130145052934,10.402305025444274,10.623088836669922,19200917.4419945
2009-08-14 13:30:00,10.56789104994842,10.597611787858106,10.321632466058976,10.423532485961914,38433871.44325466
2009-08-17 13:30:00,10.228224342644706,10.266436951433018,10.122078387083702,10.173027992248535,25323385.95279939
2009-08-18 13:30:00,10.185767399685728,10.385321535972311,10.185767399685728,10.32588005065918,21557106.23353378
2009-08-19 13:30:00,10.19001170824635,10.44051622752709,10.17727390207247,10.423532485961914,20181645.11367294
2009-08-20 13:30:00,10.368335469526365,10.474481409709954,10.342860670634492,10.43626880645752,14563910.756513096
2009-08-21 13:30:00,10.49995894738436,10.648563464368864,10.368338173977271,10.627334594726562,28673722.243647635
2009-08-24 13:30:00,10.669791578602656,10.767446477600002,10.478729335860532,10.53817081451416,27952076.4621193
2009-08-25 13:30:00,10.555152818706178,10.66554469647643,10.470235740473898,10.57638168334961,26208491.10792109
2009-08-26 13:30:00,10.610350934156523,10.708005031002228,10.572138320637864,10.686776161193848,21689000.799346987
2009-08-27 13:30:00,10.678281853220572,10.708002588103676,10.499956634092678,10.699511528015137,21854579.666289665
2009-08-28 13:30:00,10.979737722152,11.111358478134973,10.81414948351086,10.90755844116211,36395876.25354495
2009-08-31 13:30:00,10.797166469854176,10.839625013024456,10.695266452143114,10.805658340454102,15970698.381914953
2009-09-01 13:30:00,10.77593717616488,11.005212831531704,10.516941592301231,10.54666233062744,36561920.18672252
2009-09-02 13:30:00,10.482977188341192,10.635826848518656,10.444764570839435,10.49571418762207,14644454.772962814
2009-09-03 13:30:00,10.533923741343884,10.606103018983989,10.44476153299222,10.584874153137209,19169596.402212985
2009-09-04 13:30:00,10.631578445856793,10.839624404907228,10.614594705609749,10.839624404907228,16891601.137181655
2009-09-08 13:30:00,10.962755366440256,11.022196848946331,10.814150850345609,11.000967979431152,22865918.1618314
2009-09-09 13:30:00,10.996721519508345,11.136834157188003,10.899067428665123,11.094375610351562,25424895.536914043
2009-09-10 13:30:00,11.094374302458442,11.175045450954585,11.017949898957673,11.102866172790527,28726484.70977004
2009-09-11 13:30:00,11.124097966552585,11.136834964646397,10.86510154091865,10.933034896850586,31717172.15499701
2009-09-14 13:30:00,10.818397231150026,10.962755817312882,10.818397231150026,10.928789138793944,18886962.63997572
2009-09-15 13:30:00,11.03068794242568,11.073146488289884,10.92878791824923,10.996721267700195,23133240.35959732
2009-09-16 13:30:00,11.043424799415035,11.060407730402568,10.882082500972142,10.954261779785156,31684911.0157982
2009-09-17 13:30:00,10.882083293644348,10.967000384255536,10.68252918348626,10.750462532043455,45364421.54636383
2009-09-18 13:30:00,10.780184118885856,10.91605082668888,10.72923450837445,10.856609344482422,23578616.10586104
2009-09-21 13:30:00,10.797165196593587,10.886327397890266,10.737723729062468,10.80990219116211,19627222.57968325
2009-09-22 13:30:00,10.869345588905974,10.958507799393258,10.767445572707931,10.89057445526123,26323189.553885236
2009-09-23 13:30:00,10.988229816885546,11.221751423156691,10.988229816885546,11.009459495544434,39983385.59298976
2009-09-24 13:30:00,11.08588359161686,11.08588359161686,10.712249383513614,10.805658340454102,37752499.142230816
2009-09-25 13:30:00,10.720741363293808,10.8650999256453,10.66979094900472,10.78018283843994,25854730.154113103
2009-09-28 13:30:00,10.8353797652115,11.085884294997967,10.826887894072778,10.996721267700195,14498667.718351165
2009-09-29 13:30:00,11.017950778085508,11.081638190999133,10.809903987495938,10.835379600524902,25179715.243265565
2009-09-30 13:30:00,10.91180480894057,11.030687763638182,10.724987696063677,10.877838134765623,42085446.14512758
2009-10-01 13:30:00,10.87359298206776,10.920296656277191,10.42353350456269,10.44476318359375,62408165.5706544
2009-10-02 13:30:00,10.381073528549994,10.51694020574532,10.321631249905082,10.368335723876951,49538398.37784957
2009-10-05 13:30:00,10.42777770595848,10.542415524170606,10.342861433446371,10.4829740524292,23223919.95329413
2009-10-06 13:30:00,10.580631469789244,10.797169369259,10.580631469789244,10.720744132995604,34133416.52971152
2009-10-07 13:30:00,10.695265593056224,10.75895299778134,10.614594448495458,10.699511528015137,26781286.97044036
2009-10-08 13:30:00,10.708001812854643,10.741968480237505,10.508447743208997,10.652806282043455,49066645.007890135
2009-10-09 13:30:00,10.606103354561908,11.022195293026826,10.606103354561908,10.992474555969238,65445971.82163278
2009-10-12 13:30:00,11.039180118808655,11.306667588439456,11.039180118808655,11.158063888549805,47873935.7735051
2009-10-13 13:30:00,11.175046655816638,11.255717813010516,11.098621434246589,11.119851112365724,45946873.05213916
2009-10-14 13:30:00,11.421303486791402,11.429795356725716,11.158061997461994,11.281190872192385,57907770.45595529
2009-10-15 13:30:00,11.238733465113915,11.242979400509023,11.077391969246625,11.111358642578123,30958551.250851423
2009-10-16 13:30:00,10.988230281224528,11.043426638240678,10.788676152374874,10.894822120666504,47123786.99356069
2009-10-19 13:30:00,10.958508634416685,11.124096881956776,10.88208341398732,11.08163833618164,34105396.15698532
2009-10-20 13:30:00,11.187784060092884,11.22599666950282,10.996721013043212,11.02219581604004,38418326.08797147
2009-10-21 13:30:00,11.039179113146616,11.158062872057531,10.75895386198386,10.805658340454102,44183973.73579438
2009-10-22 13:30:00,10.826888483021325,11.026442606659977,10.686775840928345,11.005213737487791,38097302.8997982
2009-10-23 13:30:00,11.068900670177207,11.073146605791626,10.708004241245948,10.724987983703612,42519752.63981348
2009-10-26 13:30:00,10.733481245745049,10.954264257497217,10.657056014441425,10.775938987731934,42522102.37734052
2009-10-27 13:30:00,10.826887321472167,10.95426214249892,10.606103542518396,10.614595413208008,41305625.22000933
2009-10-28 13:30:00,10.576383269578756,10.712249967264055,10.330124677566804,10.334370613098145,47078099.40872283
2009-10-29 13:30:00,10.415041570970216,10.589120875306044,10.415041570970216,10.54666233062744,26138772.348183744
2009-10-30 13:30:00,10.567890508601453,10.576382378949038,10.215485987469922,10.270682334899902,39948297.65732051
2009-11-02 14:30:00,10.262189865112305,10.372581743694672,10.139060181752605,10.262189865112305,33155294.29354225
2009-11-03 14:30:00,10.092357901958993,10.164537185942072,9.99470381475524,10.147553443908691,49221845.91474765
2009-11-04 14:30:00,10.266436236731352,10.364090314690202,10.173027284049567,10.190011024475098,42922505.083602704
2009-11-05 14:30:00,10.330124929995492,10.51694204879257,10.26219157949281,10.432024955749512,38765723.5956032
2009-11-06 14:30:00,10.389565712334178,10.576382818600257,10.351353104010906,10.406549453735352,27995885.669485997
2009-11-09 14:30:00,10.533924755876328,10.767446351828209,10.499958081352524,10.729233741760254,29743242.477678828
2009-11-10 14:30:00,10.737726217902036,10.886329921173884,10.70800466741822,10.81839656829834,28684557.13060513
2009-11-11 14:30:00,10.91180531762029,11.068900889316772,10.882083767730954,10.950017929077148,51567434.565176606
2009-11-12 14:30:00,10.92454060101728,11.115603628327134,10.856607260158066,10.86085319519043,23750789.24230996
2009-11-13 14:30:00,10.894820635165296,11.000966588983998,10.818395418843131,10.90755844116211,21783213.743118636
2009-11-16 14:30:00,10.992475559071291,11.196276421461082,10.983984497586675,11.179292678833008,22629452.464909304
2009-11-17 14:30:00,11.13683525949859,11.187785682711215,11.030689286815996,11.175047874450684,18959975.109164305
2009-11-18 14:30:00,11.14107843056681,11.1623081057322,11.013703618891672,11.068899154663086,21339957.65382091
2009-11-19 14:30:00,10.814148532588629,10.826886337465368,10.58911964857127,10.699511528015137,51358062.0197195
2009-11-20 14:30:00,10.601858900349413,10.678284126219278,10.572138159139902,10.648563385009766,23880323.197813906
2009-11-23 14:30:00,10.763198852539062,10.860852926378527,10.7207403130956,10.763198852539062,18389068.221266784
2009-11-24 14:30:00,10.805658861820504,10.903312948943352,10.775937313286711,10.835379600524902,27491155.11640448
2009-11-25 14:30:00,10.865099653669054,10.928787062564163,10.848115912721378,10.89057445526123,14711583.238827648
2009-11-27 14:30:00,10.58912136929914,10.83962590377686,10.563645755405888,10.784429550170898,12945617.313716816
2009-11-30 14:30:00,10.792919261794328,10.822639995559888,10.66554445713357,10.80990219116211,31052529.985309225
2009-12-01 14:30:00,10.93727881744472,11.14532478287894,10.805658065808649,11.124095916748049,27833139.10030983
2009-12-02 14:30:00,11.145326520751125,11.298176972181135,11.10711390789362,11.209013938903809,31190068.712008663
2009-12-03 14:30:00,11.272700112855365,11.455271285283748,11.234487504215496,11.361863136291504,28127072.72565199
2009-12-04 14:30:00,11.493485193720078,11.633597837968445,11.323651808241673,11.518959999084473,36475007.98999545
2009-12-07 14:30:00,11.49348283564448,11.633595451146457,11.455270230523096,11.51046657562256,25994162.94470098
2009-12-08 14:30:00,11.493484409004749,11.527451083781362,11.349125838746792,11.434042930603027,24491747.04635228
2009-12-09 14:30:00,11.391584373073991,11.493484397300058,11.315159152447093,11.47650146484375,31511797.58872872
2009-12-10 14:30:00,11.501975923273683,11.574155206163088,11.4382885112723,11.442534446716309,26812608.702567607
2009-12-11 14:30:00,11.463763335040795,11.514713750632572,11.298175901568944,11.357617378234863,29721103.798309308
2009-12-14 14:30:00,11.468008035506656,11.51471251061708,11.370353960120582,11.51046657562256,37265672.14622457
2009-12-15 14:30:00,11.455270317520498,11.552924393648206,11.36610811144632,11.40432071685791,26110983.03525995
2009-12-16 14:30:00,11.4213058843855,11.608123013011154,11.378847335630198,11.480748176574709,25470115.13564427
2009-12-17 14:30:00,11.387337600660898,11.455270945152602,11.27694571340454,11.28543758392334,29497592.146422587
2009-12-18 14:30:00,11.344879990097963,11.50622230389517,11.298176318065646,11.493484497070312,35481802.36432889
2009-12-21 14:30:00,11.5571717755418,11.748234826519344,11.5571717755418,11.727005958557127,24278597.25297697
2009-12-22 14:30:00,11.765217503465983,11.828905725628577,11.727005703929567,11.752480506896973,9564895.612750052
2009-12-23 14:30:00,11.756726975361548,11.811922519264812,11.697284685970232,11.73974323272705,21945017.56456309
2009-12-24 14:30:00,11.777956243630172,11.918068885803224,11.773710307827418,11.918068885803224,8868212.699862951
2009-12-28 14:30:00,11.947787523308993,11.947787523308993,11.72275863418323,11.79918384552002,22790319.091528434
2009-12-29 14:30:00,11.828904944033402,11.828904944033402,11.69303825741212,11.748233795166016,18439469.40232404
2009-12-30 14:30:00,11.722759162076384,11.952033996582031,11.722759162076384,11.952033996582031,9942442.300921053
2009-12-31 14:30:00,11.973264371960871,12.02845991372969,11.85438060760498,11.85438060760498,12914999.56734471
2010-01-04 14:30:00,12.036952715644562,12.168573486833775,12.015723036530526,12.062427520751951,22263446.15091966
2010-01-05 14:30:00,12.079409616034653,12.117622223397072,11.922313251341444,11.994492530822754,34336919.543835774
2010-01-06 14:30:00,11.97751017547532,12.079411013449803,11.92231463058279,11.964773178100586,25117535.349905875
2010-01-07 14:30:00,11.926560950003532,11.956281691273295,11.786448305567886,11.87136459350586,33771655.12140558
2010-01-08 14:30:00,11.86287227375593,12.12186785580897,11.833151535637496,12.109130859375,49176390.6487845
2010-01-11 14:30:00,12.143098502834322,12.194048112298514,11.93080657379816,12.066673278808594,37122701.91231618
2010-01-12 14:30:00,11.94778816557947,11.964771906713654,11.557171027616045,11.637842178344728,43940441.30490114
2010-01-13 14:30:00,11.727006046421328,11.828906071096364,11.501976319120573,11.786447525024414,38736283.41321853
2010-01-14 14:30:00,11.799183524791742,11.811920519782117,11.650579041212866,11.803428649902344,61297914.496195786
2010-01-15 14:30:00,11.752480810319804,11.769463742793404,11.425551059451523,11.434042930603027,52573597.760700375
2010-01-19 14:30:00,11.468008649599634,11.633596074106368,11.46376271437775,11.599629402160645,35775269.44845361
2010-01-20 14:30:00,11.531697095707171,11.544434902518764,11.378846653285704,11.535943031311035,50730616.30548085
2010-01-21 14:30:00,11.557172169002556,11.710022614988342,11.37884691862895,11.468009948730469,56948703.69436212
2010-01-22 14:30:00,11.36610929901008,11.38733816653266,10.839625448122094,10.899066925048828,85971715.12282452
2010-01-25 14:30:00,10.971244205846864,11.12409461556427,10.962752336456065,11.047669410705566,47297617.78410664
2010-01-26 14:30:00,10.996720321997987,11.141078879624017,10.94152478400184,10.954261779785156,34498018.80053378
2010-01-27 14:30:00,10.979737884647225,11.158063122094957,10.907558602589113,11.111358642578123,54138897.51057068
2010-01-28 14:30:00,11.102865718869216,11.1325864539871,10.657053072442356,10.843870162963867,71267913.03188163
2010-01-29 14:30:00,10.903313442165038,10.975492729353412,10.415042174633992,10.512696266174316,65802785.211298086
2010-02-01 14:30:00,10.55940064179398,10.784429562638598,10.555154706140195,10.741971015930176,31502375.987939388
2010-02-02 14:30:00,10.797164665782857,10.920293529591088,10.73347726658348,10.865097999572754,34684088.377470106
2010-02-03 14:30:00,10.792922359771396,10.87359352445449,10.716497131106308,10.826889038085938,31701156.14860665
2010-02-04 14:30:00,10.724987316543055,10.733479187243644,10.376828716112664,10.406549453735352,56383213.48376264
2010-02-05 14:30:00,10.423532189335386,10.682528572028351,10.36833665047803,10.661299705505373,69265712.37543924
2010-02-08 14:30:00,10.648560952009202,10.826886168351695,10.525432079441131,10.618840217590332,44721210.00175937
2010-02-09 14:30:00,10.792921155263713,10.877838246487924,10.665546328256797,10.729233741760254,32832620.56359333
2010-02-10 14:30:00,10.691019754187812,10.831132369774108,10.627332348890278,10.758953094482422,28706937.296548888
2010-02-11 14:30:00,10.741971128998948,11.03493421355839,10.67828371318066,10.950017929077148,37182290.21089319
2010-02-12 14:30:00,10.886329109815682,11.192029984801184,10.771692091525503,11.064654350280762,48470522.44298913
2010-02-16 14:30:00,11.20476712736878,11.366109437897697,11.06890042997352,11.3109130859375,63413153.83799738
2010-02-17 14:30:00,11.378848953887022,11.42130750868062,11.192032608522512,11.31940746307373,42096035.22332776
2010-02-18 14:30:00,11.27694691692376,11.39583068738665,11.20052169375686,11.383092880249023,46508363.06296947
2010-02-19 14:30:00,11.323649922706414,11.472254413941483,11.25996251498548,11.395829200744627,26418577.569756053
2010-02-22 14:30:00,11.455271285283748,11.459517220669218,11.285437919011772,11.361863136291504,25289470.486563586
2010-02-23 14:30:00,11.293931045964618,11.33214365885473,11.009459822132374,11.085885047912598,42255020.40889361
2010-02-24 14:30:00,11.14957012752768,11.378844946949124,11.115603457619716,11.281190872192385,36297194.501532055
2010-02-25 14:30:00,11.09013043491015,11.27694674442782,11.005213341617088,11.264209747314451,33575464.79269992
2010-02-26 14:30:00,11.310912402866274,11.310912402866274,11.115604239612688,11.200520515441896,31806205.80762371
2010-03-01 14:30:00,11.310913391893935,11.4892386395062,11.293930459174844,11.47225570678711,26621832.4434234
2010-03-02 14:30:00,11.523205081487696,11.58689330492583,11.344879837485609,11.412813186645508,28624970.9390215
2010-03-03 14:30:00,11.421303124540843,11.50622020153208,11.298174253715748,11.332140922546388,23290810.455429364
2010-03-04 14:30:00,11.323652009977655,11.387339429437995,11.179293427291835,11.349126815795898,43830915.501685575
2010-03-05 14:30:00,11.412813241101729,11.523205136470652,11.315159152447093,11.47650146484375,35262529.13573759
2010-03-08 14:30:00,11.48923829511916,11.527450904878478,11.434042753149813,11.438288688659668,13439513.132751066
2010-03-09 14:30:00,11.35761825312766,11.49348495873255,11.302422707661714,11.378847122192385,48092972.73656663
2010-03-10 14:30:00,11.417057540279076,11.659070164357262,11.404320545219775,11.616612434387209,33568639.98878244
2010-03-11 14:30:00,11.55717233441943,11.591139010699164,11.39158488878441,11.50622272491455,39537065.92334666
2010-03-12 14:30:00,11.548681107426235,11.565664040408308,11.442535144342648,11.468009948730469,27931114.042135272
2010-03-15 13:30:00,11.434042942333985,11.45527181040512,11.315159175579163,11.391584396362305,13944242.43558487
2010-03-16 13:30:00,11.42979704526178,11.77795566570959,11.42979704526178,11.743988990783691,52990005.27464247
2010-03-17 13:30:00,11.760971777755744,11.94778806975741,11.760971777755744,11.909575462341309,42651179.11130561
2010-03-18 13:30:00,11.8841027391129,12.11337842370808,11.739744154700269,11.824661254882812,30281177.801745556
2010-03-19 13:30:00,11.671809196472168,11.850134434515896,11.586892917774293,11.671809196472168,33445457.01344881
2010-03-22 13:30:00,11.608122527063747,11.918068543292192,11.586893658489524,11.88410186767578,26216023.046701714
2010-03-23 13:30:00,11.93080578507753,12.155834696688826,11.922313914118396,12.147343635559082,37514382.024042085
2010-03-24 13:30:00,12.07941140205313,12.07941140205313,11.824660918580284,11.87136459350586,39516809.79419391
2010-03-25 13:30:00,11.994493419202977,12.04544383606966,11.837397042874318,11.85013484954834,27688524.50811286
2010-03-26 13:30:00,11.879853859161726,11.964770938300878,11.697282705893045,11.803428649902344,25486607.38052316
2010-03-29 13:30:00,11.888347703845746,11.943543247574372,11.841643221578082,11.86711883544922,9171333.369121546
2010-03-30 13:30:00,11.905329704284668,11.973263045007975,11.786445953104227,11.905329704284668,15164262.593218982
2010-03-31 13:30:00,11.879854530968736,11.994492351340588,11.816167122927483,11.83315086364746,25496733.504175305
2010-04-01 13:30:00,11.935051762340384,12.092147326487371,11.756726520721244,11.85438060760498,27546503.499544136
2010-04-05 13:30:00,11.913821629421012,12.147343213711189,11.88834682725768,12.134605407714844,18338664.16986848
2010-04-06 13:30:00,12.07940960763992,12.087900668291734,11.973263656113485,12.036951065063477,15823024.57933815
2010-04-07 13:30:00,11.994494329419052,12.189802520932158,11.939298782635186,12.100640296936035,37589039.82255976
2010-04-08 13:30:00,12.002985982199384,12.0242148513837,11.867119275829086,11.918068885803224,28280867.610781174
2010-04-09 13:30:00,11.986002826080131,12.053936182592755,11.913823533556783,12.049690246582031,14706399.013867494
2010-04-12 13:30:00,12.066673512219731,12.295948378902446,12.066673512219731,12.206786155700684,30037646.299617108
2010-04-13 13:30:00,12.211030444557863,12.321422332082252,12.147343035170929,12.304438591003418,35127104.90414032
2010-04-14 13:30:00,12.614385480433974,12.843661142438595,12.28745653955134,12.805448532104492,53963429.29897674
2010-04-15 13:30:00,12.839416295494992,12.966791944018416,12.7884666839492,12.928579330444336,34068651.30174989
2010-04-16 13:30:00,12.835167865654125,12.852151606089052,12.622875969193435,12.754497528076172,41480151.37087765
2010-04-19 13:30:00,12.72053058627951,12.792709866528146,12.440305335862307,12.699301719665527,57566490.694397934
2010-04-20 13:30:00,12.779972171750613,12.86064331816591,12.67807215988201,12.8394136428833,21392479.560258813
2010-04-21 13:30:00,12.894611132243806,12.941314802348472,12.516730976997176,12.669581413269045,37113048.25840294
2010-04-22 13:30:00,12.55069653767428,12.864888443393124,12.35963431910664,12.8394136428833,59704352.201695584
2010-04-23 13:30:00,12.83516977882926,12.898857195294674,12.665336398311675,12.877628326416016,20414106.36145344
2010-04-26 13:30:00,12.915840504010228,13.021986464493605,12.843661218488355,12.9073486328125,25985209.304616053
2010-04-27 13:30:00,12.813941246976237,12.881874600970017,12.49974928229763,12.516732215881348,33687808.46149773
2010-04-28 13:30:00,12.5931568928039,12.67382805084212,12.36388203552347,12.571928024291992,27639770.168210845
2010-04-29 13:30:00,12.588909922507142,12.762989221452123,12.53796031833412,12.758743286132812,36917799.22816528
2010-04-30 13:30:00,12.716285220960897,12.729022216757294,12.278963612429344,12.30868434906006,46927131.613684826
2010-05-03 13:30:00,12.406340889309924,12.644108449159074,12.359637212413787,12.567683219909668,27958197.09806467
2010-05-04 13:30:00,12.385109492495246,12.385109492495246,11.969017562380513,12.121867179870604,47159594.82486369
2010-05-05 13:30:00,11.973263479929171,12.168571639145805,11.794938251595612,12.041196823120115,43241404.89141945
2010-05-06 13:30:00,11.986001138626284,12.130359703349406,10.848116362493164,11.629350662231444,55627178.19537687
2010-05-07 13:30:00,11.54018749478672,11.705774913067147,11.043424430116122,11.463762283325195,68430309.40558337
2010-05-10 13:30:00,12.019968375896848,12.083655790419746,11.854380936171433,12.053935050964355,43818436.0884205
2010-05-11 13:30:00,11.884100400962357,12.22376792503478,11.799184127316243,11.977508544921877,55587848.91656624
2010-05-12 13:30:00,12.087901578727031,12.329915046691896,12.028460100540611,12.329915046691896,34078310.81201094
2010-05-13 13:30:00,12.223768977408806,12.312931193887811,11.90957622739766,11.956280708312988,38341309.03243813
2010-05-14 13:30:00,11.83739652629622,11.841642461668938,11.451025315502038,11.654826164245604,62946581.53212212
2010-05-17 13:30:00,11.625105123950371,11.879855588624988,11.476501428567133,11.85013484954834,57041737.91155105
2010-05-18 13:30:00,11.95203635951067,11.981757102282652,11.459519111156254,11.52745246887207,66883131.05164795
2010-05-19 13:30:00,11.51895926516846,11.714268253396854,11.33214295795971,11.62086009979248,64169658.22336732
2010-05-20 13:30:00,11.315160217599336,11.5444359010629,11.11560608593361,11.327898025512695,92506573.91391024
2010-05-21 13:30:00,11.0561634008959,11.608122059906966,11.039179658856474,11.438288688659668,57035143.8655018
2010-05-24 13:30:00,11.434042943870546,11.49773035792192,11.268455505371094,11.268455505371094,39219109.2234893
2010-05-25 13:30:00,10.99672020395513,11.395829200744627,10.886328319318489,11.395829200744627,46834570.93226409
2010-05-26 13:30:00,11.489237180184029,11.6548254096819,11.281191219366548,11.315157890319824,42768471.97041536
2010-05-27 13:30:00,11.548679685222494,11.845887859358111,11.548679685222494,11.83315086364746,57119701.68736871
2010-05-28 13:30:00,11.83739609749524,11.83739609749524,11.514713119151391,11.642087936401367,49495764.56999705
2010-06-01 13:30:00,11.578399852040876,11.782199871678449,11.438287237311386,11.446778297424316,60287512.75111501
2010-06-02 13:30:00,11.53594299401225,11.786447525024414,11.438288904927347,11.786447525024414,49473385.3919731
2010-06-03 13:30:00,11.8586248026568,11.960524810079512,11.727004060964452,11.935050010681152,43148140.20224203
2010-06-04 13:30:00,11.67605356624007,11.845886910692254,11.387336475756724,11.455269813537598,39906848.43612335
2010-06-07 13:30:00,11.518959792941864,11.574156148377968,11.068901127020949,11.090130805969238,37252711.307219245
2010-06-08 13:30:00,11.119851112365724,11.136834045031614,10.801413229043458,11.119851112365724,75786209.06601359
2010-06-09 13:30:00,11.247224098485924,11.400074516575785,10.966998871874033,11.01370334625244,49049448.50415696
2010-06-10 13:30:00,11.213259500894488,11.408568494524278,11.17504688931104,11.383092880249023,44178081.32402059
2010-06-11 13:30:00,11.255717597997794,11.531696929639304,11.251471662455074,11.497730255126951,30821710.29743592
2010-06-14 13:30:00,11.63359562346696,11.748233440529164,11.531695611576993,11.54867935180664,30604795.50491392
2010-06-15 13:30:00,11.659071839388172,12.113377227732045,11.591138489881116,12.079410552978516,48600766.41724656
2010-06-16 13:30:00,12.007229717628524,12.177063069468744,11.892591901450386,12.113375663757324,43893339.02913722
2010-06-17 13:30:00,12.18980052316161,12.21103019908338,11.930804955550654,12.121867179870604,27224072.107411247
2010-06-18 13:30:00,12.113375949560451,12.202538157694272,12.019966996472462,12.083654403686523,23065647.17283987
2010-06-21 13:30:00,12.253488989758916,12.27047192101164,11.913821456581656,11.97326374053955,27325582.726776216
2010-06-22 13:30:00,12.045442874933215,12.155833951315412,11.765216819270506,11.8076753616333,34343514.4338554
2010-06-23 13:30:00,11.81192118774749,11.981754545800603,11.65907076058502,11.83315086364746,46820674.735536665
2010-06-24 13:30:00,11.773710467362733,11.794940146664162,11.5062229868004,11.561418533325195,34949043.32393579
2010-06-25 13:30:00,11.60387638131404,11.612368252521769,11.3448799782842,11.535943031311035,32697193.375121824
2010-06-28 13:30:00,11.54443487873917,11.72276012458709,11.476501528876096,11.62086009979248,28946226.39164801
2010-06-29 13:30:00,11.400075931316204,11.404321866771092,11.11985066992858,11.19202995300293,44204698.30164284
2010-06-30 13:30:00,11.179293056153938,11.32789756984757,10.967001125114304,11.005213737487791,27006914.355730336
2010-07-01 13:30:00,10.988230964142383,11.102868811381152,10.703759719047769,10.962756156921388,60539036.04676805
2010-07-02 13:30:00,10.98822896164346,11.03068750582714,10.729233380798812,10.903312683105469,37669358.00321737
2010-07-06 13:30:00,11.111359616801304,11.170801097885809,10.835380270556827,10.945772171020508,26618769.80518536
2010-07-07 13:30:00,10.96275476794366,11.484992703869072,10.928788092676058,11.47225570678711,41341422.13675478
2010-07-08 13:30:00,11.569909270719078,11.569909270719078,11.264209207214805,11.442534446716309,34774522.909892656
2010-07-09 13:30:00,11.446778381610743,11.591136932373049,11.395828781241285,11.591136932373049,12813018.836371465
2010-07-12 13:30:00,11.582646972454706,11.748234404128857,11.56141729542637,11.71426773071289,28209977.304958764
2010-07-13 13:30:00,11.888348725300462,12.036953246332615,11.80767756076938,11.969019889831545,31279331.435543984
2010-07-14 13:30:00,12.202539560568823,12.270472910717745,11.862872809824225,11.930806159973145,39532592.35618936
2010-07-15 13:30:00,11.913822063166249,11.994493217754702,11.727005760727934,11.939297676086426,30016451.588556223
2010-07-16 13:30:00,11.875609134821303,11.930805484837256,11.633596487382022,11.654826164245604,26106741.462196417
2010-07-19 13:30:00,11.697284310261663,11.973264450401976,11.697284310261663,11.956280708312988,34956582.89828348
2010-07-20 13:30:00,11.582647722808794,11.913822607611465,11.501976564533775,11.88410186767578,39978911.103678375
2010-07-21 13:30:00,11.952034636527737,11.952034636527737,11.642088635401873,11.667563438415527,43886504.1679857
2010-07-22 13:30:00,11.777955791109877,12.104885546895858,11.760972858380812,12.032706260681152,43978828.15260144
2010-07-23 13:30:00,11.973264769163263,12.100639598904174,11.858626936498798,12.075164794921877,42087564.532218665
2010-07-26 13:30:00,12.092147031133932,12.185555990071094,11.926559600042594,12.172818183898926,32126754.06242104
2010-07-27 13:30:00,12.228014874752043,12.240752682122608,12.070919299662332,12.12611484527588,39611020.4419876
2010-07-28 13:30:00,12.06667418490513,12.181312029551972,11.892594854810072,11.92231559753418,42911190.064099744
2010-07-29 13:30:00,11.99873982068298,12.041198368082354,11.5911388994102,11.73549747467041,55315574.90991268
2010-07-30 13:30:00,11.629350662231444,11.701529944593004,11.44253436303748,11.629350662231444,50757703.93298223
2010-08-02 13:30:00,11.735498492355278,11.90108676058946,11.62935251956674,11.837398529052734,21452297.62542526
2010-08-03 13:30:00,11.760974923596686,11.777957859307936,11.603878516662435,11.676057815551758,33490434.543683477
2010-08-04 13:30:00,11.697283131465962,11.786446148788947,11.574154253046704,11.77370834350586,33610091.30872889
2010-08-05 13:30:00,11.739744765702518,11.896841166267558,11.714269958253697,11.790695190429688,35544211.35816569
2010-08-06 13:30:00,11.654826936662053,11.858626989082977,11.637843194045598,11.782201766967772,41277594.76700619
2010-08-09 13:30:00,11.820413058107478,11.888346401328723,11.697283367375638,11.83315086364746,16893955.914470375
2010-08-10 13:30:00,11.6420876720798,11.654825477447334,11.434041710052664,11.54443359375,57060350.21893042
2010-08-11 13:30:00,11.35337040079244,11.35761633585452,11.14107850666432,11.25571632385254,44888195.28007433
2010-08-12 13:30:00,10.983982782192376,11.119849462680673,10.877836836832234,11.051916122436523,49579142.96344031
2010-08-13 13:30:00,11.026441212010216,11.14107903463103,10.91180419921875,10.91180419921875,16161944.62580197
2010-08-16 13:30:00,10.899066301106322,11.090129337189245,10.818395151445827,11.017950057983398,18964689.44255761
2010-08-17 13:30:00,11.13683361238557,11.259963311204928,11.07739213562002,11.149571418762209,20344156.87004204
2010-08-18 13:30:00,11.149571738600295,11.357617723077135,11.094375385880875,11.268455505371094,20039387.26847166
2010-08-19 13:30:00,11.170800385579277,11.268455282343274,11.017950756847094,11.04342555999756,23589687.717557475
2010-08-20 13:30:00,11.017952241125558,11.14957301993515,10.954264009925575,11.030689239501951,29614642.308505
2010-08-23 13:30:00,11.08588553308746,11.124098147649953,10.907560268405671,10.928789138793944,18042606.5268918
2010-08-24 13:30:00,10.805658705591988,10.890574984972632,10.68252900722039,10.754708290100098,31984967.76342631
2010-08-25 13:30:00,10.66554445713357,10.852360729325447,10.567889576409115,10.80990219116211,33898140.45891824
2010-08-26 13:30:00,10.843873093726796,10.865101964597278,10.555155914842958,10.593368530273438,28355291.17360248
2010-08-27 13:30:00,10.65705266469594,10.797165274768942,10.351351835569924,10.746214866638184,58276133.09035506
2010-08-30 13:30:00,10.682529228271852,10.682529228271852,10.449008442856154,10.457499504089355,28571978.005091064
2010-08-31 13:30:00,10.406550334242452,10.521188168911875,10.249453952307004,10.30465030670166,36698051.2562043
2010-09-01 13:30:00,10.453252805925615,10.729232095309902,10.449006871033022,10.618840217590332,40194659.22456014
2010-09-02 13:30:00,10.652806652735793,10.826885930359149,10.618839984170974,10.80990219116211,19793503.07913433
2010-09-03 13:30:00,10.93727968999527,11.056163455368807,10.792921121266474,10.979738235473633,28514745.49529275
2010-09-07 13:30:00,10.924540080351935,10.93303195001194,10.686773398676689,10.746214866638184,23629259.585189253
2010-09-08 13:30:00,10.74621685194628,10.750462787560698,10.576383476516693,10.724987983703612,41142639.4760254
2010-09-09 13:30:00,10.848116786674492,10.886329397055936,10.746216762267114,10.78867530822754,25329273.01562326
2010-09-10 13:30:00,10.720741357906062,10.788674703704464,10.495711643805503,10.65705394744873,30503753.339673232
2010-09-13 13:30:00,10.76744565548788,11.000966426508365,10.76744565548788,10.992474555969238,30888365.787578043
2010-09-14 13:30:00,10.954263024732205,11.230243175565962,10.865100804798413,11.158063888549805,38971571.74444478
2010-09-15 13:30:00,11.119850613767175,11.158063222838802,10.983983919214456,11.128341674804688,32987361.181436624
2010-09-16 13:30:00,11.102867879821352,11.276947199246576,11.051918269654164,11.272701263427734,33257505.052772
2010-09-17 13:30:00,11.340634002762805,11.36610961629632,11.204767303235023,11.30666732788086,39968077.82997495
2010-09-20 13:30:00,11.32789646303711,11.378846068004016,11.19202977001953,11.361863136291504,40293574.95544864
2010-09-21 13:30:00,11.370355717970575,11.42979719742488,11.285438624610638,11.34488010406494,36023037.859295025
2010-09-22 13:30:00,11.247224968572857,11.353370920495774,11.111358279684216,11.162308692932127,37874501.35563763
2010-09-23 13:30:00,11.07314669231977,11.438289059718755,11.005213341617088,11.264209747314451,54847588.23294145
2010-09-24 13:30:00,11.404321809580155,11.705775936901098,11.40007587414656,11.693038940429688,32826968.82443904
2010-09-27 13:30:00,11.671809462329016,11.71426800755975,11.57840131068492,11.603876113891602,17378429.02300924
2010-09-28 13:30:00,11.625105200289491,11.845888991779283,11.514714114374003,11.828906059265137,47653485.75134436
2010-09-29 13:30:00,11.773709718254006,11.896839420879724,11.73549710777219,11.786447525024414,30338413.18082244
2010-09-30 13:30:00,11.86711765306537,11.956279863242386,11.6378420100456,11.765216827392578,44533257.7695667
2010-10-01 13:30:00,11.85013391217679,11.90533026023533,11.625104204379165,11.765216827392578,29862184.73883342
2010-10-04 13:30:00,11.71002295471132,11.777956308269296,11.501976958211332,11.62510585784912,24386701.57304377
2010-10-05 13:30:00,11.718514238300418,11.977509832057144,11.718514238300418,11.930806159973145,25371431.741540227
2010-10-06 13:30:00,11.896840824498378,11.947790437932357,11.71002368563829,11.837398529052734,23554355.70769001
2010-10-07 13:30:00,11.884101335374051,11.918068009469062,11.752480574484569,11.896839141845703,26320126.15974361
2010-10-08 13:30:00,11.854381187977149,12.05818124271122,11.7185144848211,12.028460502624512,47179844.19933631
2010-10-11 13:30:00,12.03695305534149,12.189802700128883,12.015723375628328,12.096394538879396,25678554.010966107
2010-10-12 13:30:00,12.066672228618966,12.223768598758229,11.98175514046325,12.172818183898926,36488436.98080362
2010-10-13 13:30:00,12.138853624808336,12.151591433199028,11.977511291177596,12.002986907958984,40104912.59267805
2010-10-14 13:30:00,12.011476026175512,12.100638234978328,11.92231300754337,11.977508544921877,26437890.61268246
2010-10-15 13:30:00,12.062426810687048,12.100639421013444,11.913822304954335,12.079410552978516,32346497.270242486
2010-10-18 13:30:00,12.028459625801595,12.062426299114584,11.862872194629452,12.007230758666992,21727158.541197825
2010-10-19 13:30:00,11.845888382248605,12.062426227010544,11.697283883706564,11.862872123718262,39353831.353384
2010-10-20 13:30:00,11.88410278929046,12.02846137431261,11.84589017502992,11.969019889831545,25194079.255311392
2010-10-21 13:30:00,12.01147645833808,12.015721583818197,11.828905289177662,11.94778823852539,20889397.40175815
2010-10-22 13:30:00,11.960527652206798,12.126115102387862,11.947789844566152,12.100640296936035,15431344.57498758
2010-10-25 13:30:00,12.164327010668888,12.28745671457249,12.164327010668888,12.198293685913086,18536974.696575783
2010-10-26 13:30:00,12.117624365047876,12.21103252742631,12.024215392839958,12.1770658493042,23489586.94839888
2010-10-27 13:30:00,12.15583341078764,12.465780189373248,12.117621615172542,12.444550514221191,27257046.562812928
2010-10-28 13:30:00,12.414831250154576,12.499748341167964,12.30868529130254,12.474272727966309,38148178.6381012
2010-10-29 13:30:00,12.431814452829684,12.644106361321676,12.431814452829684,12.529468536376951,23116754.82527915
2010-11-01 13:30:00,12.610139433312796,12.665334972079451,12.461534938408096,12.554943084716797,26750195.780874047
2010-11-02 13:30:00,12.648350719767336,12.682317388498166,12.576171447485669,12.605892181396484,20198841.138424218
2010-11-03 13:30:00,12.61013890594425,12.733267784118652,12.525221823884497,12.733267784118652,28480126.341536447
2010-11-04 13:30:00,12.835168472283256,13.072935990633953,12.809693670256168,13.051706314086914,21695598.65027058
2010-11-05 13:30:00,13.081426940263944,13.247015176606336,13.05170620318,13.242769241333008,19404413.96486402
2010-11-08 14:30:00,13.19606624466672,13.302212208928784,13.179083311496097,13.230032920837402,17499016.688134495
2010-11-09 14:30:00,13.251260832092498,13.27249050930831,13.055952660683309,13.106903076171877,22692103.18846961
2010-11-10 14:30:00,13.106903076171877,13.128131943558309,12.945560768649225,13.106903076171877,26244051.95890679
2010-11-11 14:30:00,12.729023788565886,12.966791330630338,12.627123760465166,12.96254539489746,39302248.04911105
2010-11-12 14:30:00,12.979528505966844,13.153607824254456,12.843661799969627,12.95829963684082,44331642.63180353
2010-11-15 14:30:00,12.983773507824578,13.055952791422364,12.860644618057403,12.87338161468506,13740042.788593495
2010-11-16 14:30:00,12.779973039468317,12.898855989805451,12.661089279301814,12.73751449584961,33354780.49021537
2010-11-17 14:30:00,12.72902356569167,12.877628074422654,12.669582086131042,12.779973983764648,18017878.06538637
2010-11-18 14:30:00,12.864889997587914,12.99651157075324,12.843661129569972,12.971035957336426,21953025.86665492
2010-11-19 14:30:00,12.937067539072569,13.111146824812993,12.937067539072569,13.09416389465332,11320733.872435894
2010-11-22 14:30:00,13.034723545461986,13.276736192315092,13.02623167473712,13.25550651550293,21738463.88483076
2010-11-23 14:30:00,13.119640935530615,13.225786899102594,13.08567425958076,13.170591354370115,20472281.063485213
2010-11-24 14:30:00,13.268243092604424,13.497518721962688,13.25550528769698,13.450814247131348,10245563.33880948
2010-11-26 14:30:00,13.378635760819646,13.455060975110056,13.340423153674442,13.37014389038086,3890398.042713308
2010-11-29 14:30:00,13.26824489803966,13.39137459941158,13.217294481306253,13.348916053771973,14976311.978486218
2010-11-30 14:30:00,13.200310284668769,13.25550582183324,13.119639136662853,13.187572479248049,26746192.63630797
2010-12-01 14:30:00,13.425339611515744,13.620648573341333,13.41684774147348,13.531485557556152,25913142.25936516
2010-12-02 14:30:00,13.58243724253468,13.794729977023596,13.55271650265506,13.773499488830566,24203699.73206276
2010-12-03 14:30:00,13.722549821928649,13.888137263311869,13.7140579506194,13.862663269042969,10509820.442243757
2010-12-06 14:30:00,13.862662070618024,13.888136062684705,13.735285631649829,13.845678329467772,10921047.581202302
2010-12-07 14:30:00,13.960318956199636,14.032497441094756,13.862664854463224,13.866909980773926,21357851.96752053
2010-12-08 14:30:00,13.862663682198836,14.028251128517145,13.84992506502589,13.998530387878418,20262663.768445916
2010-12-09 14:30:00,14.117412668285947,14.121657794032547,13.998529711475411,14.011266708374023,18346435.433019523
2010-12-10 14:30:00,14.01126661993682,14.053724355770076,13.93908814508852,13.951825141906738,16568694.772367898
2010-12-13 14:30:00,14.028250182761935,14.028250182761935,13.828695263647862,13.832942008972168,14169875.424117286
2010-12-14 14:30:00,13.832941687787535,13.900875034470069,13.781990463031578,13.837186813354492,13295607.867620736
2010-12-15 14:30:00,13.790481795503988,13.837186273211104,13.680090718826088,13.726795196533203,17487478.115505323
2010-12-16 14:30:00,13.756516900268378,13.807466506958008,13.671599809346466,13.807466506958008,8216987.34810416
2010-12-17 14:30:00,13.80746691536228,13.905121005930363,13.790483172743786,13.862663269042969,6374241.544694104
2010-12-20 14:30:00,13.879645854698998,13.888137726291331,13.743779148539424,13.74802589416504,11284696.458384346
2010-12-21 14:30:00,13.824450657980776,13.883892137486669,13.811712041187484,13.862663269042969,6476930.3310333975
2010-12-22 14:30:00,13.722549449467042,13.824450282753348,13.66735309728451,13.80321979522705,11779299.106843608
2010-12-23 14:30:00,13.794727958274038,13.841430814351098,13.75226860776042,13.798973083496094,5886706.170704373
2010-12-27 14:30:00,13.726795380733405,13.849923454925984,13.641878294640838,13.845678329467772,7285251.866155182
2010-12-28 14:30:00,13.82869584274651,13.866908453971574,13.726796625918912,13.773499488830566,5713123.577099658
2010-12-29 14:30:00,13.820202473142064,13.845678084416557,13.75651587444384,13.828694343566896,9939616.083570449
2010-12-30 14:30:00,13.815957625608696,13.888136096183317,13.781990143226256,13.841431617736816,6715046.406793868
2010-12-31 14:30:00,13.832943708601483,13.87115470326247,13.760763606148672,13.811713218688965,5499031.144603491
2011-01-03 14:30:00,13.866905492104054,14.011264034824954,13.76925142197793,13.879642486572266,12740477.915219745
2011-01-04 14:30:00,13.934841344736109,13.973053954698807,13.786237650247156,13.888136863708496,11379142.582450164
2011-01-05 14:30:00,13.824450657980776,13.913612877239611,13.705566079310152,13.862663269042969,11483479.71455256
2011-01-06 14:30:00,13.845680403210856,13.985792239539006,13.828696659516856,13.964563369750977,10031233.536731029
2011-01-07 14:30:00,14.01126634114895,14.045233824866733,13.752269946606551,13.939087867736816,12787816.29279252
2011-01-10 14:30:00,13.888135574481453,14.011265264004413,13.8244489768948,13.97729778289795,10431391.97253542
2011-01-11 14:30:00,14.028248914706088,14.108919252329272,13.981544438313168,14.083443641662598,12884853.562805666
2011-01-12 14:30:00,14.159869849880511,14.23629506759696,14.083444632164069,14.232049942016602,6657578.19007027
2011-01-13 14:30:00,14.223558703107551,14.266016439432404,14.155625353192494,14.236295700073242,11842419.574167404
2011-01-14 14:30:00,14.312721957359486,14.61417611820275,14.27026421796089,14.609930992126465,23714749.073785957
2011-01-18 14:30:00,14.597190526446832,14.70758159445341,14.580206786858572,14.686352729797363,10674218.614774246
2011-01-19 14:30:00,14.580208799906908,14.660879144601235,14.452833974725788,14.495291709899902,17485592.87672585
2011-01-20 14:30:00,14.410375074513242,14.440095814004511,14.164117287348606,14.380654335021973,17880331.79164769
2011-01-21 14:30:00,14.503783915724547,14.503783915724547,14.299983866797737,14.325459480285645,14615252.425493795
2011-01-24 14:30:00,14.393393229700424,14.626914024353027,14.342442001309456,14.626914024353027,10916807.077039173
2011-01-25 14:30:00,14.567470659422291,14.622665386882897,14.42311210364331,14.54199504852295,15359041.125700705
2011-01-26 14:30:00,14.601438089323098,14.660879568147609,14.478308386238714,14.631158828735352,15036841.628895331
2011-01-27 14:30:00,14.682106742729808,14.975068944963716,14.66512300413868,14.915627479553224,31423953.695103936
2011-01-28 14:30:00,14.983563626859215,14.996300623364228,14.508028574994563,14.605684280395508,25228233.697960917
2011-01-31 14:30:00,14.635406607560986,14.694848090582594,14.401884181891898,14.609930992126465,19642762.09669128
2011-02-01 14:30:00,14.716074258558995,15.02177510901389,14.716074258558995,14.979315757751465,21884490.450629152
2011-02-02 14:30:00,14.919876668862525,15.106694604941188,14.915631542887509,15.013285636901855,16453757.707556156
2011-02-03 14:30:00,14.98356254506112,15.013283281199508,14.8392039896781,14.96233367919922,7892906.023681087
2011-02-04 14:30:00,14.996298938846532,15.217082698199278,14.958086333965124,15.204345703125,17792954.833897345
2011-02-07 14:30:00,15.25954385034081,15.357197947013628,15.106695016195712,15.149152755737305,16725788.316527791
2011-02-08 14:30:00,15.195856006284938,15.195856006284938,15.00903808030041,15.136414527893066,15583965.718010588
2011-02-09 14:30:00,15.12792118012166,15.178870782390296,15.051495966889378,15.10669231414795,13431741.920916082
2011-02-10 14:30:00,14.98356267474806,15.208591570217449,14.911382586602487,15.18311595916748,14596882.892389262
2011-02-11 14:30:00,15.149151270421498,15.335967573610407,15.068480925338312,15.28501796722412,10074100.032475429
2011-02-14 14:30:00,15.306246846535675,15.459097285469385,15.293509849844128,15.36568832397461,11363598.017389674
2011-02-15 14:30:00,15.34870487665972,15.34870487665972,15.174625585047549,15.293508529663086,17692385.03472661
2011-02-16 14:30:00,15.335964869857692,15.4590945482705,15.310490880985045,15.4081449508667,21724571.031239163
2011-02-17 14:30:00,15.36993974332847,15.5694931040352,15.348710869167236,15.535527229309082,11522338.193246594
2011-02-18 14:30:00,15.569488046888962,15.569488046888962,15.463342090900928,15.522785186767578,10409016.43134224
2011-02-22 14:30:00,15.327475904643045,15.386919002479182,15.03875876521703,15.072726249694824,17450263.850265667
2011-02-23 14:30:00,15.043006074251748,15.068481688564637,14.631159217650476,14.851943016052246,28648051.23290104
2011-02-24 14:30:00,14.885908776421916,15.0260205897557,14.74155021803211,14.970824241638184,23485351.74738616
2011-02-25 14:30:00,15.10669224245886,15.306245525255138,15.072724761335197,15.293508529663086,13427031.489300037
2011-02-28 14:30:00,15.340215662462066,15.395410399356754,15.017531014550556,15.191610336303713,37921836.30255152
2011-03-01 14:30:00,15.251051839483912,15.314740067874713,14.928368810795886,14.945352554321287,32661627.00450976
2011-03-02 14:30:00,15.009036028884854,15.412390945261013,14.98780716374055,15.263787269592283,36442277.52786728
2011-03-03 14:30:00,15.3784248611132,15.616190738722237,15.3784248611132,15.577978134155272,19472246.657035638
2011-03-04 14:30:00,15.556749710793715,15.603454186551902,15.348704561981847,15.463340759277344,14643988.264914688
2011-03-07 14:30:00,15.46334276308544,15.497310247914363,14.85618935852724,15.030268669128418,45535176.021591865
2011-03-08 14:30:00,15.030267040348535,15.140658114762182,14.8646779992401,15.043004035949709,23210730.32840102
2011-03-09 14:30:00,14.885910875447449,14.915631616395723,14.525013618754365,14.597193717956545,47520176.06626096
2011-03-10 14:30:00,14.380654213354552,14.503783915724547,14.240542388318104,14.325459480285645,61587836.195043415
2011-03-11 14:30:00,14.244789058153552,14.512277359965484,14.227805313987306,14.414623260498049,41649249.005122654
2011-03-14 13:30:00,14.367915078867744,14.533502492756996,14.278752874413309,14.38914394378662,41447650.50575251
2011-03-15 13:30:00,13.90511955988114,14.25327814905967,13.798973609042353,14.159869194030762,42385036.49407225
2011-03-16 13:30:00,14.057970346468563,14.291491120332887,13.722548744552489,13.820202827453612,55414029.4908206
2011-03-17 13:30:00,14.03249688791542,14.168363599728217,13.93908953583098,14.00277614593506,33306728.51339732
2011-03-18 13:30:00,14.176853104638576,14.185344975166403,13.960316074984425,14.03249454498291,27680047.53455809
2011-03-21 13:30:00,14.155625998863634,14.418867539334189,14.13439712973291,14.308476448059082,15511423.3042435
2011-03-22 13:30:00,14.282999580912792,14.363671544058338,14.189590621337423,14.227803230285645,20598288.265387345
2011-03-23 13:30:00,14.18534420013315,14.440093823414625,14.134394599408576,14.401881217956545,25671964.82503322
2011-03-24 13:30:00,14.550488018638683,14.716075452853916,14.46557092888096,14.665125846862791,26701676.376216967
2011-03-25 13:30:00,14.682110820363484,14.830714525161127,14.648143333747504,14.677864074707031,21454654.206991475
2011-03-28 13:30:00,14.686353233972977,14.822219916026182,14.614173148074242,14.635403633117676,19461176.488637384
2011-03-29 13:30:00,14.614173655242949,14.788254568552174,14.46556997273344,14.750041961669922,17915191.255316317
2011-03-30 13:30:00,14.860434635080022,14.898647246070867,14.64389758590446,14.75428867340088,22228589.412870917
2011-03-31 13:30:00,14.720318589315328,14.809482412324412,14.58445191192636,14.686352729797363,23919425.74257503
2011-04-01 13:30:00,14.813729014389876,14.830712755671492,14.40188219643359,14.46981716156006,30638944.6991482
2011-04-04 13:30:00,14.529260695986729,14.533505822079542,14.236296786155144,14.359426498413086,29710501.892083056
2011-04-05 13:30:00,14.639649483755209,14.864678383370476,14.605683621388131,14.699090957641602,46755669.09386383
2011-04-06 13:30:00,14.834957856744383,14.915629817869926,14.767024511388447,14.885909080505373,25811864.829505168
2011-04-07 13:30:00,14.873171207598824,14.919875688549762,14.69060002914994,14.864679336547852,27911095.605612613
2011-04-08 13:30:00,14.915630439583218,14.97082517147018,14.72456739166241,14.809484481811523,14957234.673173258
2011-04-11 13:30:00,14.81372874638851,14.830712487362868,14.635404325133814,14.70333766937256,21241978.29475948
2011-04-12 13:30:00,14.563226972805236,14.592947715266677,14.333951285537866,14.414623260498049,24492686.45830439
2011-04-13 13:30:00,14.49953765356378,14.546240511809692,14.363670964927865,14.45283317565918,26254651.776145715
2011-04-14 13:30:00,14.363673135134194,14.478309355018444,14.278756036991956,14.465572357177734,20510670.78553284
2011-04-15 13:30:00,14.461327363295151,14.614176197757516,14.3551813945619,14.588702201843262,21066979.996382385
2011-04-18 13:30:00,14.461324953072584,14.461324953072584,14.29149078354152,14.393391609191896,21175560.423453536
2011-04-19 13:30:00,14.384901409733155,14.50802949630441,14.35093392401773,14.457079887390137,22647587.563606795
2011-04-20 13:30:00,14.902892120412403,15.144904779384351,14.89864699466676,15.136414527893066,49430755.58915278
2011-04-21 13:30:00,15.187366485595703,15.234070974320018,15.072728636815762,15.187366485595703,17276208.327930965
2011-04-25 13:30:00,15.212840599473749,15.272282081190315,15.149152372115193,15.242561340332031,13116136.719651349
2011-04-26 13:30:00,15.24680484609068,15.53127684649444,15.22557597911338,15.501554489135742,19784079.46866349
2011-04-27 13:30:00,15.459100757869969,15.628934976979508,15.437871885396062,15.603459358215332,30912145.116463963
2011-04-28 13:30:00,15.493069480986614,15.611952472016943,15.420889365247286,15.535527229309082,23829915.655866563
2011-04-29 13:30:00,15.53976552958831,15.616190738722237,15.488815930051883,15.577978134155272,8040109.392462449
2011-05-02 13:30:00,15.573732357172924,15.594961221119632,15.3571937338044,15.4081449508667,20426358.393155597
2011-05-03 13:30:00,15.403903283743636,15.403903283743636,15.212841825586752,15.335969924926758,17691674.234164316
2011-05-04 13:30:00,15.386917114257812,15.497308185946272,15.14490286619958,15.386917114257812,31496021.38277385
2011-05-05 13:30:00,15.297754327438897,15.624684059161575,15.27652546063274,15.446359634399414,33899313.86858123
2011-05-06 13:30:00,15.594963057339356,15.70535575431396,15.442112627472172,15.51429271697998,34519686.66494753
2011-05-09 13:30:00,15.4803271656043,15.522786523450984,15.340215333857463,15.429377555847168,14182121.74319908
2011-05-10 13:30:00,15.510046359858409,15.560997584194403,15.450604884458476,15.501554489135742,17056467.27429931
2011-05-11 13:30:00,15.497309238665933,15.62893080431804,15.32322993940151,15.446359634399414,23495478.756500863
2011-05-12 13:30:00,15.327479157077116,15.696868340691497,15.30625028460321,15.603459358215332,27986692.88487492
2011-05-13 13:30:00,15.586475135784395,15.679884115404391,15.471837284339616,15.488821029663086,18940660.99394343
2011-05-16 13:30:00,15.416640909187892,15.645914968142446,15.314740067695592,15.340215682983398,25596827.30170785
2011-05-17 13:30:00,15.251053297448737,15.251053297448737,14.962337728210986,15.14066219329834,31449142.70482079
2011-05-18 13:30:00,15.21708265664921,15.51853675008022,15.204345661609713,15.471832275390623,22183136.745311957
2011-05-19 13:30:00,15.340215682983398,15.471835646156416,15.170381487049204,15.340215682983398,29463672.26526544
2011-05-20 13:30:00,15.293510950423531,15.352952432140103,15.161889369723342,15.242561340332031,17964177.773311917
2011-05-23 13:30:00,15.047251776155854,15.059990393629372,14.919876939033184,14.945352554321287,24617044.438196663
2011-05-24 13:30:00,15.004791287619591,15.017528283100336,14.813728257115285,14.834957122802734,20660939.389029533
2011-05-25 13:30:00,14.745794868554707,14.983562374615737,14.724566002934296,14.924120903015137,21714206.22854705
2011-05-26 13:30:00,14.890153944333218,14.987808025337689,14.809483604283963,14.953842163085938,13905617.495446498
2011-05-27 13:30:00,14.966578973892917,15.064233053689774,14.958087103520322,15.0005464553833,12739770.07922774
2011-05-31 13:30:00,15.14914956154523,15.242558512432224,15.11518208134683,15.238311767578123,13167719.078603486
2011-06-01 13:30:00,15.170382243847923,15.200102986670236,14.741553226226715,14.762782096862791,24079340.2861091
2011-06-02 13:30:00,14.800992610830733,14.936859307205802,14.720320646342625,14.809484481811523,19438093.01186757
2011-06-03 13:30:00,14.639651844052784,14.745797813008789,14.478309517735154,14.503785133361816,19680210.37959417
2011-06-06 13:30:00,14.474062042072536,14.571716123300934,14.440094560084214,14.45283317565918,20156209.117925867
2011-06-07 13:30:00,14.5759631302595,14.699091205532646,14.525011906361597,14.550487518310549,15911581.574240042
2011-06-08 13:30:00,14.49104855609907,14.49104855609907,14.215068380937304,14.244789123535156,20790237.798331417
2011-06-09 13:30:00,14.282997098567575,14.401880030341063,14.189588155226424,14.287243843078612,13583892.452043924
2011-06-10 13:30:00,14.232050307797618,14.253279175562517,13.943333171150384,14.057971000671388,23357931.243236907
2011-06-13 13:30:00,14.113166522509513,14.151379130102338,13.883890876952549,13.947577476501465,16297606.86573318
2011-06-14 13:30:00,14.10042883575413,14.261771147292302,14.07919996783935,14.19808292388916,18971047.1746304
2011-06-15 13:30:00,14.040987716423178,14.189591415281702,13.92210475733636,13.943333625793455,25212687.80251487
2011-06-16 13:30:00,13.94333320456955,13.99428281125918,13.709812419278386,13.807466506958008,23825447.808612384
2011-06-17 13:30:00,13.9560702241496,13.96456209522156,13.65037096385312,13.722549438476562,39478186.85686201
2011-06-20 13:30:00,13.701318484850043,13.82869329222132,13.663105880672807,13.769251823425291,16909737.23023385
2011-06-21 13:30:00,13.858419171546066,14.1089237542279,13.743781316455143,14.070711135864258,22949526.21333165
2011-06-22 13:30:00,13.99428149018423,14.104674183859167,13.95606888385962,13.981544494628906,16475193.082082234
2011-06-23 13:30:00,13.786238673313749,14.202330668419489,13.743779314838315,14.18110179901123,45450855.55276769
2011-06-24 13:30:00,14.125906416520465,14.125906416520465,13.841434363932631,13.866909980773926,18830436.2790326
2011-06-27 13:30:00,13.84143252465142,14.074954932184705,13.74802518129692,14.011266708374023,18082647.720107667
2011-06-28 13:30:00,14.04098797570514,14.13439694223188,13.96031762621497,14.121658325195312,29265832.498322483
2011-06-29 13:30:00,14.164117126300075,14.2065748623309,14.024003682012497,14.096183776855469,35971458.63583593
2011-06-30 13:30:00,14.108919947789907,14.520766765746195,14.108919947789907,14.46981716156006,32183516.06112635
2011-07-01 13:30:00,14.474064921166905,14.792502839685104,14.35093520395504,14.762782096862791,25671722.884135097
2011-07-05 13:30:00,14.750044447527918,14.796747313002797,14.55473463518114,14.609930992126465,23890686.04364481
2011-07-06 13:30:00,14.567472977008268,14.66512707150388,14.461327010861872,14.597193717956545,21954673.21655894
2011-07-07 13:30:00,14.728813317172753,15.01328534167174,14.703339322505798,14.932613372802734,26903990.55101616
2011-07-08 13:30:00,14.758532999254095,14.784008611753404,14.554732958235876,14.711830139160156,26117104.28178264
2011-07-11 13:30:00,14.52926074898848,14.77127342863545,14.44858877600019,14.503785133361816,19547138.91075813
2011-07-12 13:30:00,14.28299994853087,14.28299994853087,13.951825075561652,14.05372428894043,47495920.33439922
2011-07-13 13:30:00,14.117414149011026,14.172610507459042,13.89663033487794,13.960318565368652,23980184.78644092
2011-07-14 13:30:00,13.990038766468174,14.138642472318953,13.739534219706204,13.781991958618164,39726897.98407996
2011-07-15 13:30:00,13.837187134637691,13.87539974426254,13.671599699482943,13.832942008972168,25244720.13254012
2011-07-18 13:30:00,13.760760812830275,13.8541697665754,13.599418516268331,13.709811210632324,16535251.794841863
2011-07-19 13:30:00,13.832942837331371,14.134396987057857,13.832942837331371,14.104676246643066,27964558.249796733
2011-07-20 13:30:00,14.117413987713158,14.14713472969352,13.922105791939638,14.00277614593506,23362168.1907924
2011-07-21 13:30:00,13.883892130253514,14.147133662067676,13.74802542869402,14.10892105102539,25606014.146417167
2011-07-22 13:30:00,14.155623337645231,14.406127833474969,14.12165585769475,14.346686363220217,24560759.16251645
2011-07-25 13:30:00,14.223559102731263,14.316968068860934,14.117413139278046,14.210822105407717,20409867.031399705
2011-07-26 13:30:00,14.278754311085606,14.43160474533446,14.232049831769707,14.257525444030762,27488094.123256307
2011-07-27 13:30:00,14.07070680933137,14.07070680933137,13.70131935850342,13.790481567382812,53233778.82537982
2011-07-28 13:30:00,13.735287745913809,13.968810173528992,13.633388522644411,13.714058876037598,29951679.07696628
2011-07-29 13:30:00,13.57394440332552,13.79472899341726,13.510256992434664,13.612157821655272,25373788.44119775
2011-08-01 13:30:00,13.781990052414129,13.832941275652056,13.425340397871452,13.616402626037598,26408920.362746924
2011-08-02 13:30:00,13.472044257629966,13.548469473914231,13.221539741955704,13.238523483276367,32451778.685710397
2011-08-03 13:30:00,13.18332696461703,13.404110739975923,13.009247667461189,13.36589813232422,31362241.56090976
2011-08-04 13:30:00,13.140870167475358,13.238524256283185,12.63986110687256,12.63986110687256,38038894.75745736
2011-08-05 13:30:00,12.788465115171505,12.890365135592347,12.155834505752685,12.48276424407959,48408344.52562039
2011-08-08 13:30:00,12.12186777495497,12.38511010050265,11.947788472997235,12.007230758666992,47743929.42397653
2011-08-09 13:30:00,12.17281969401986,12.389357566833496,11.70577727088238,12.389357566833496,37310649.268199824
2011-08-10 13:30:00,12.143096329976489,12.448796361548698,11.930804438927352,12.092145919799805,43815380.57827677
2011-08-11 13:30:00,12.236507434307326,12.712041741761576,12.143099271159835,12.546453475952148,42605243.96183921
2011-08-12 13:30:00,12.665336731428791,12.712041215985565,12.414832184890676,12.516732215881348,34528867.26622117
2011-08-15 13:30:00,12.593158074479774,12.724778853228948,12.542208461338578,12.712041854858398,15384003.429285118
2011-08-16 13:30:00,12.584664331825152,12.703548094533492,12.372372419022003,12.50399398803711,29150427.438742563
2011-08-17 13:30:00,12.457290294120336,12.724777764805626,12.338406523910525,12.465782165527344,31397331.58652684
2011-08-18 13:30:00,12.121868246625583,12.121868246625583,11.743988890086367,11.85013484954834,28376492.28729301
2011-08-19 13:30:00,11.748234322727338,12.03695144967724,11.586892827576763,11.612367630004885,25566212.128329687
2011-08-22 13:30:00,11.86287275793904,11.901085368459352,11.67180970533748,11.743988990783691,24214534.31661059
2011-08-23 13:30:00,11.756726907738514,12.211031492815692,11.727006168128517,12.198293685913086,23629255.10969649
2011-08-24 13:30:00,12.172817939219556,12.2110305471386,11.947788227010673,12.155834197998049,16151816.900977504
2011-08-25 13:30:00,12.087901753118665,12.19404771417115,11.828906158834595,11.8458890914917,28065834.728529148
2011-08-26 13:30:00,11.824657733587394,12.155832544053045,11.66756138798066,12.087899208068848,27729511.23649624
2011-08-29 13:30:00,12.232258515570589,12.470026016235352,12.177062980312629,12.470026016235352,13321281.32935957
2011-08-30 13:30:00,12.351143913730064,12.520977286985136,12.257735760897123,12.453043937683104,19420192.81238582
2011-08-31 13:30:00,12.503993840058328,12.593156053662357,12.295947055323524,12.380864143371582,32194349.70762063
2011-09-01 13:30:00,12.440306958225785,12.491257378504974,12.194048348173522,12.206786155700684,16120019.01975688
2011-09-02 13:30:00,11.994494110593878,12.058181527976275,11.867119275829086,11.918068885803224,16339763.74434154
2011-09-06 13:30:00,11.612367877583392,11.879855333354955,11.582647139145374,11.875609397888184,21307453.05862391
2011-09-07 13:30:00,12.104885343771796,12.257735784915564,12.066672733485854,12.24499797821045,22987450.54839203
2011-09-08 13:30:00,12.202540477191002,12.478519834130497,12.121869314143328,12.18131160736084,20577795.129597668
2011-09-09 13:30:00,12.070918250414335,12.372372376849157,12.041197512295902,12.109130859375,34343277.27600355
2011-09-12 13:30:00,11.990248436312898,12.37237375877134,11.990248436312898,12.368127822875977,26703086.854759403
2011-09-13 13:30:00,12.431814893383889,12.635614938399346,12.3638815450454,12.580418586730955,30342417.746803347
2011-09-14 13:30:00,12.665335634863055,13.030477988337672,12.58466448029391,12.87338161468506,59175357.58153052
2011-09-15 13:30:00,13.038969106353507,13.102657329087124,12.886119477349258,13.060198783874512,36525413.39099008
2011-09-16 13:30:00,13.09416501609315,13.26399838138158,13.068690213757227,13.13237762451172,30975038.23331031
2011-09-19 13:30:00,12.958299643010458,13.098412284865477,12.8479077418778,13.038969993591309,29595802.25165372
2011-09-20 13:30:00,13.038968960683196,13.200311268722738,12.93282300375222,12.937068939208984,27623284.812502302
2011-09-21 13:30:00,12.971035099505398,13.077181052234016,12.678072853051544,12.699301719665527,40534282.17842906
2011-09-22 13:30:00,12.397848740416528,12.487010960173125,12.164327137085085,12.363882064819336,62074899.94608341
2011-09-23 13:30:00,12.266225883032051,12.695055623811408,12.232259210981676,12.618630409240724,41811533.47862196
2011-09-26 13:30:00,12.682317062996786,12.712037796144797,12.34264957457706,12.652595520019531,43732714.36347421
2011-09-27 13:30:00,12.864889732969557,13.119640193091897,12.78421938829717,12.91584014892578,24488450.23988352
2011-09-28 13:30:00,12.94980739064406,12.966791133317123,12.554944281618926,12.571928024291992,36067080.83839467
2011-09-29 13:30:00,12.69081058120399,12.779973607750987,12.249243813490809,12.474272727966309,25987093.901946478
2011-09-30 13:30:00,12.266227039533238,12.423323418721148,12.075164794921877,12.075164794921877,20676010.3840013
2011-10-03 13:30:00,12.075164313858524,12.20678507399107,11.739742700498578,11.752480506896973,24497635.79741871
2011-10-04 13:30:00,11.005213228269175,11.565663770708673,11.005213228269175,11.535943031311035,39332631.935036734
2011-10-05 13:30:00,11.574155333028422,11.94354281258297,11.425550830176736,11.896839141845703,29763262.456772648
2011-10-06 13:30:00,11.888348727321922,12.053936182592755,11.735498270253776,12.049690246582031,31816327.79081562
2011-10-07 13:30:00,12.04968891524596,12.29170238214097,11.964772633902085,12.14309787750244,27748818.94995202
2011-10-10 13:30:00,12.2917018348943,12.571927089528858,12.2917018348943,12.48701000213623,14050229.323090348
2011-10-11 13:30:00,12.410584609297826,12.554943169918706,12.402092738713222,12.491255760192873,14233232.260574128
2011-10-12 13:30:00,12.567682784811328,12.75874504149069,12.567682784811328,12.597403526306152,21847980.112170678
2011-10-13 13:30:00,12.516731132181803,12.937069027311484,12.48701039361143,12.87338161468506,30761651.900569238
2011-10-14 13:30:00,13.005001566289952,13.005001566289952,12.788464538798287,12.99651050567627,22489788.601368565
2011-10-17 13:30:00,12.91583973118468,12.958298274803385,12.682318956025847,12.73751449584961,18222550.41010008
2011-10-18 13:30:00,12.703548571351616,13.009248645723794,12.571927807225604,12.949807167053224,23771041.22316039
2011-10-19 13:30:00,12.954051459921466,13.068689276959631,12.805446972260434,12.8394136428833,21345610.130533826
2011-10-20 13:30:00,12.779972521715475,12.78846439206106,12.43181393583984,12.665334701538086,20830752.407450102
2011-10-21 13:30:00,12.835167365753726,13.204555607533392,12.835167365753726,13.013492584228516,26314241.432235185
2011-10-24 13:30:00,13.098412779854907,13.497521851366178,13.08142903604063,13.425342559814451,20617834.227574054
2011-10-25 13:30:00,13.293718338012695,13.506010234607473,13.213048000383788,13.293718338012695,17938273.015050642
2011-10-26 13:30:00,13.429586399674886,13.463553074220693,13.072936721858628,13.348916053771973,16857212.594338372
2011-10-27 13:30:00,13.680091713732049,13.900875502803377,13.5866827515245,13.80321979522705,17394680.09389428
2011-10-28 13:30:00,13.697075341907489,13.8286969286088,13.692830215730854,13.815959930419922,17720644.393971898
2011-10-31 13:30:00,13.637631237231547,13.697072710237563,13.463551943574505,13.476289749145508,9214670.908392765
2011-11-01 13:30:00,13.157852436435872,13.238523588692674,13.00500200265022,13.089919090270996,21266943.31655589
2011-11-02 13:30:00,13.183328557270483,13.234278976904436,12.979528498393575,13.081428527832031,18356562.07781191
2011-11-03 13:30:00,13.196066037537236,13.4805372496876,12.966791179441254,13.4423246383667,16740156.25788428
2011-11-04 13:30:00,13.35740726695622,13.612158543691262,13.31494953066312,13.552716255187988,20337561.524117883
2011-11-07 14:30:00,13.510257355322429,13.578190703407955,13.31070324654986,13.56120777130127,12073705.196394054
2011-11-08 14:30:00,13.646123852587849,13.72679581577895,13.450815682146107,13.650370597839355,20653636.57052377
2011-11-09 14:30:00,13.323439514369875,13.35316106113222,13.034723205714084,13.055952072143556,15392014.22382415
2011-11-10 14:30:00,13.2257857633874,13.268244307136108,12.99226498751355,13.17483615875244,11006071.837361293
2011-11-11 14:30:00,13.361651348823074,13.663106255624069,13.331930613609446,13.59092617034912,11559320.44609269
2011-11-14 14:30:00,13.548470845740944,13.684337550745756,13.365899657204688,13.459308624267578,12973408.893207649
2011-11-15 14:30:00,13.39562030056053,13.73953380616827,13.39562030056053,13.646124839782717,15073347.526042877
2011-11-16 14:30:00,13.493274599809606,13.849924277011608,13.489028664270018,13.556962013244627,30939943.74249807
2011-11-17 14:30:00,13.506012388740317,13.506012388740317,12.881874404743735,13.081428527832031,25079144.499795582
2011-11-18 14:30:00,13.077179463328836,13.111146131681798,12.881871322756623,12.941312789916992,10950018.454246333
2011-11-21 14:30:00,12.76298921534254,12.805447758685974,12.499747704306104,12.635614395141602,14621376.978070406
2011-11-22 14:30:00,12.55494239552398,12.661088341796356,12.346896438009638,12.444550514221191,17865731.726897966
2011-11-23 14:30:00,12.27896222166768,12.312928889659778,12.087899208068848,12.087899208068848,11197555.125635885
2011-11-25 14:30:00,12.028459202941646,12.236505170898518,11.994492530822754,11.994492530822754,4214009.043743421
2011-11-28 14:30:00,12.359637260437012,12.474274294927044,12.257737224318374,12.359637260437012,14929205.200825708
2011-11-29 14:30:00,12.372372460292604,12.537960703515388,12.30443911275534,12.33415985107422,12204657.055211876
2011-11-30 14:30:00,12.6780742630284,13.043215830339673,12.66533645574578,13.021986961364746,13725439.36458364
2011-12-01 14:30:00,12.941314174478846,13.102656473788995,12.881872700958969,13.077180862426758,12549701.473219384
2011-12-02 14:30:00,13.162098109649234,13.238523325019893,12.98801881234022,12.992264747619627,9365877.611079836
2011-12-05 14:30:00,13.187573610370144,13.293719568492508,13.064444720059488,13.183327674865724,15481512.712011475
2011-12-06 14:30:00,13.21304928987481,13.302211506428083,13.140870005595277,13.204557418823242,12378709.624293892
2011-12-07 14:30:00,13.162100660672705,13.370146670710248,13.047462815398086,13.310705184936523,19116363.45038713
2011-12-08 14:30:00,13.2088035695397,13.357407266216123,12.907348620933067,12.949807167053224,12058160.24792072
2011-12-09 14:30:00,12.71628592352411,13.128131943558309,12.656843637149215,13.106903076171877,22508864.932160344
2011-12-12 14:30:00,12.81818662013518,12.856399231307902,12.571928020260648,12.695056915283203,17354875.890620396
2011-12-13 14:30:00,12.746005312183753,12.822430522409618,12.414829671148096,12.470026016235352,18669577.942285616
2011-12-14 14:30:00,12.389355225008854,12.512484104023605,12.253488540649414,12.253488540649414,19191971.34704687
2011-12-15 14:30:00,12.499748767208104,12.55069837568918,12.291702777946623,12.363882064819336,6658990.917345637
2011-12-16 14:30:00,12.397848740416528,12.631369533918546,12.363882064819336,12.363882064819336,6706331.389682725
2011-12-19 14:30:00,12.385110534166502,12.563435777761075,12.181310487152532,12.266226768493652,3661938.744390386
2011-12-20 14:30:00,12.427568915277623,13.021986116116189,12.427568915277623,12.750252723693848,2284119.0129344845
2011-12-21 14:30:00,12.77997260630509,12.77997260630509,12.402092471718754,12.60164737701416,1536563.5634604315
2011-12-22 14:30:00,12.665335450358452,12.97103551240959,12.644106583068696,12.920085906982422,2979623.6389785064
2011-12-23 14:30:00,12.971034044624178,13.013492584228516,12.856397040470537,13.013492584228516,731775.4876210972
2011-12-27 14:30:00,13.000755589227715,13.106901533323915,12.954051114680016,13.013492584228516,1074464.0407233492
2011-12-28 14:30:00,12.983775332965177,13.02198794787849,12.839416745476989,12.856400489807127,1265709.8214935442
2011-12-29 14:30:00,12.8946115465742,13.005002632062777,12.85639893627838,12.971035957336426,1134287.1672672178
2011-12-30 14:30:00,12.95405258054366,13.038968859532066,12.911594036134767,12.920085906982422,1488987.4828568583
2012-01-03 14:30:00,13.179082716004917,13.297965672315913,13.047461143190022,13.098411560058594,1699546.5574734905
2012-01-04 14:30:00,13.026231922410547,13.13237787900147,12.95829857497871,13.106903076171877,2800624.814618952
2012-01-05 14:30:00,13.09416449593869,13.280981595249498,13.068689694614733,13.268243789672852,3327729.404125507
2012-01-06 14:30:00,13.21729503515149,13.289474322814536,13.132378750143424,13.251261711120604,3291929.226917252
2012-01-09 14:30:00,13.348916229149047,13.497520735925328,13.306457682951624,13.467799186706545,5129257.835445674
2012-01-10 14:30:00,13.624895963551095,13.624895963551095,13.50601219268392,13.565454483032228,2452990.118113862
2012-01-11 14:30:00,13.535731737401152,13.578190281091386,13.463552456076563,13.548469543457031,1987122.3672096068
2012-01-12 14:30:00,13.612158895390582,13.692829244295286,13.522995865246656,13.667353630065918,3034265.180609742
2012-01-13 14:30:00,13.561206917893,13.561206917893,13.387127623149988,13.412602424621582,3777817.208071056
2012-01-17 14:30:00,13.527241308521257,13.56545391864483,13.40411160704988,13.42958641052246,3435834.9814535524
2012-01-18 14:30:00,13.658862461894731,14.002775983233006,13.650372209706676,13.964563369750977,8350058.053995566
2012-01-19 14:30:00,14.070705579087283,14.223555992178444,14.05372183993082,14.193835258483888,7730630.094222961
2012-01-20 14:30:00,14.236294837748394,14.299983058036752,14.14713262507167,14.295736312866213,3834814.088543116
2012-01-23 14:30:00,14.304228183548574,14.39339201588402,14.223557841554213,14.295736312866213,4925058.187294257
2012-01-24 14:30:00,14.257526681544926,14.393393386079268,14.244788064479351,14.350934028625488,2771890.597695581
2012-01-25 14:30:00,14.35093225697979,14.43160421635345,14.193836702941695,14.393391609191896,3726472.805755682
2012-01-26 14:30:00,14.427360650334556,14.588702984974564,14.25752806304,14.32121467590332,3862605.267857868
2012-01-27 14:30:00,14.266013844145103,14.389143524609652,14.240539854847974,14.33394718170166,3905000.939905589
2012-01-30 14:30:00,14.227803828876509,14.283000181825871,14.08344525784966,14.236295700073242,3475638.624052592
2012-01-31 14:30:00,14.376408506630026,14.389145503029852,14.16411659511962,14.232049942016602,3043686.381656281
2012-02-01 14:30:00,14.355181263354076,14.56322645316068,14.350934517634553,14.465572357177734,4694478.843626807
2012-02-02 14:30:00,14.48679928318296,14.58870011121395,14.427357808356016,14.46981716156006,1583197.422265499
2012-02-03 14:30:00,14.61842061731845,14.754287306104125,14.58020800986881,14.699090957641602,2165885.70745665
2012-02-06 14:30:00,14.639648804483308,14.639648804483308,14.478306511664508,14.546239852905272,1515130.861522295
2012-02-07 14:30:00,14.512276974782608,14.618422943515856,14.431606621622556,14.588702201843262,4939895.563228774
2012-02-08 14:30:00,14.609928671229548,14.834957569680656,14.609928671229548,14.720319747924805,1740292.472291245
2012-02-09 14:30:00,14.800995310675114,14.809487183204904,14.669373715952002,14.77127456665039,2282469.920595548
2012-02-10 14:30:00,14.643896339870045,14.656633335896936,14.452833301173182,14.508028030395508,2886591.4559938787
2012-02-13 14:30:00,14.648143163615464,14.665126906726195,14.38914674998293,14.55898094177246,5416362.2729378985
2012-02-14 14:30:00,14.499538323763732,14.614174531626338,14.47830783671037,14.605684280395508,3587513.0064635263
2012-02-15 14:30:00,14.665125924216303,14.8009926206818,14.622666569284096,14.64389705657959,6308294.857488054
2012-02-16 14:30:00,14.614173269027722,14.992054202502988,14.614173269027722,14.941102981567385,5543546.54203689
2012-02-17 14:30:00,15.0599860182609,15.068477887556464,14.868923008256848,14.915627479553224,6300759.320132666
2012-02-21 14:30:00,14.928365773677934,14.94110276890123,14.682108021295477,14.741549491882324,3260840.505031979
2012-02-22 14:30:00,14.703337855516612,14.809483808462124,14.614174024101766,14.656633377075195,6156617.203629688
2012-02-23 14:30:00,14.605687094578212,14.673620455125404,14.486802498876315,14.622669219970703,4119562.625112666
2012-02-24 14:30:00,14.682109498743085,14.716075362642696,14.592945664231737,14.605684280395508,1449890.366845422
2012-02-27 14:30:00,14.533504276755384,14.750042936620517,14.435850190414572,14.665125846862791,5349709.160273722
2012-02-28 14:30:00,14.67361658285764,14.936858083052984,14.67361658285764,14.877416610717772,2605374.980548204
2012-02-29 14:30:00,14.894401255191095,14.894401255191095,14.63115811936154,14.648141860961914,4685764.969475295
2012-03-01 14:30:00,14.690599595304102,14.775516683647226,14.597192255819538,14.648141860961914,4395127.423743579
2012-03-02 14:30:00,14.66937407155901,14.716078561775497,14.503786602361735,14.533507347106934,3739896.7073104233
2012-03-05 14:30:00,14.46981782683279,14.482554823550249,14.172608819374696,14.22355842590332,10039242.341772243
2012-03-06 14:30:00,14.09618410685196,14.185346326399296,14.007021887304624,14.172609329223633,5798854.587795835
2012-03-07 14:30:00,14.202328681437407,14.410373840054186,14.189590065847522,14.367916107177734,5692397.962146449
2012-03-08 14:30:00,14.49529072293302,14.537750074874907,14.410373638707917,14.499537467956545,3517091.31351912
2012-03-09 14:30:00,14.49104770709964,14.62691441377511,14.48255583547506,14.614175796508787,2742449.9626926887
2012-03-12 13:30:00,14.575964354738725,14.605685094679885,14.452834649463137,14.482555389404297,2741507.948210398
2012-03-13 13:30:00,14.580209413504976,14.81797695159912,14.580209413504976,14.81797695159912,2910614.7233564653
2012-03-14 13:30:00,14.81797473583645,14.97507028269164,14.716073914845303,14.737302780151367,3888042.9711887166
2012-03-15 13:30:00,14.809485064028111,15.00903837111612,14.779764324256304,14.983564376831056,3967649.75590345
2012-03-16 13:30:00,15.04300397481578,15.051495845068269,14.958086891949574,14.979315757751465,2188025.1004794
2012-03-19 13:30:00,14.992057880708838,15.174629084707547,14.953845265461224,15.132169723510742,3234931.940105488
2012-03-20 13:30:00,15.013286189136796,15.09820328869071,14.924123963451716,15.0387601852417,3208317.767649931
2012-03-21 13:30:00,15.110939979553224,15.183118459928412,15.0430066252229,15.110939979553224,1930596.188228579
2012-03-22 13:30:00,15.026022911071776,15.08121926771638,14.941105813078297,15.026022911071776,2845845.272271191
2012-03-23 13:30:00,15.021775170061542,15.055741031550877,14.915629220962073,15.043004035949709,2606552.603724179
2012-03-26 13:30:00,15.119429939102044,15.276525497436523,15.098201072244745,15.276525497436523,3533342.4031741107
2012-03-27 13:30:00,15.302001464810706,15.357196195989696,15.259542110451376,15.268033981323242,2131970.0500459285
2012-03-28 13:30:00,15.251051928733448,15.289264542059763,15.000548998732974,15.085464477539062,3186885.058782713
2012-03-29 13:30:00,14.987806167183166,15.140656577512695,14.932609825751172,15.11518096923828,1689183.805182475
2012-03-30 13:30:00,15.204349551963478,15.285019907285806,15.089711708299756,15.200102806091309,2371498.3833761136
2012-04-02 13:30:00,15.14915300014039,15.297756710592347,15.051498901892106,15.246807098388672,2624923.0131710926
2012-04-03 13:30:00,15.21708465141634,15.229821648125496,14.975071995989625,15.034513473510742,3607061.502978465
2012-04-04 13:30:00,14.877417695993625,14.877417695993625,14.635405044026742,14.767024993896484,5558148.58803225
2012-04-05 13:30:00,14.741551651659735,14.856189484440732,14.70758416654292,14.839205741882324,2419545.6554949908
2012-04-09 13:30:00,14.639649467304016,14.677862074710712,14.554732381993722,14.618420600891112,2145866.1051340555
2012-04-10 13:30:00,14.563225483282585,14.699092183398175,14.359425433109196,14.38490104675293,7815417.511662619
2012-04-11 13:30:00,14.512275320268742,14.69909162086351,14.508028574994563,14.605684280395508,3213735.2267065924
2012-04-12 13:30:00,14.665125061889924,14.919874697868464,14.643896195501494,14.868925094604492,5638227.280212848
2012-04-13 13:30:00,14.856188893902974,14.881662887069153,14.665125846862791,14.665125846862791,7858989.841508037
2012-04-16 13:30:00,14.758532355176756,14.851941310605676,14.605683545827633,14.720319747924805,4532909.584749939
2012-04-17 13:30:00,14.81373021471956,14.962335533486858,14.79250134622676,14.89864730834961,4363802.359847716
2012-04-18 13:30:00,14.68635608048505,14.868927273566015,14.622667852327904,14.80099391937256,4998305.769077988
2012-04-19 13:30:00,14.800994306609784,15.000549248374783,14.601439364844785,14.707585334777832,13622985.41256039
2012-04-20 13:30:00,14.741550293925174,14.741550293925174,14.43160430924582,14.45283317565918,6876145.421802357
2012-04-23 13:30:00,14.232050185987408,14.261770924535648,14.142887970342686,14.24903392791748,3921487.0684707616
2012-04-24 13:30:00,14.278753417456503,14.29998228318275,14.045232655150537,14.083443641662598,3175815.9913881514
2012-04-25 13:30:00,14.304229113570472,14.40188320327876,14.244787634587931,14.380654335021973,5301661.928553415
2012-04-26 13:30:00,14.444343782848382,14.754289820693808,14.431606784747284,14.707585334777832,4711907.577041945
2012-04-27 13:30:00,14.71183145442554,14.80523880262296,14.656635098905086,14.78400993347168,3580682.4923858987
2012-04-30 13:30:00,14.745794198697716,14.784006802942024,14.686352729797363,14.686352729797363,1367221.3556356768
2012-05-01 13:30:00,14.656633007144707,14.839204171175624,14.656633007144707,14.750041961669922,3375776.457798577
2012-05-02 13:30:00,14.673617708916298,14.864679136181978,14.635405099531408,14.830713272094728,2241489.0424039923
2012-05-03 13:30:00,14.851942192202308,14.864679188822786,14.482554713279423,14.495291709899902,4841917.786125321
2012-05-04 13:30:00,14.401883737866203,14.457080093109765,14.164117813110352,14.164117813110352,4842859.55257399
2012-05-07 13:30:00,14.125903407869258,14.23204935927826,14.108919666925733,14.13864040374756,2828652.3980841306
2012-05-08 13:30:00,13.99428307757954,14.028250562458243,13.748025290844222,13.985791206359863,9514964.04375948
2012-05-09 13:30:00,13.77774591031791,13.990037829984876,13.675845076227889,13.930596351623535,8841363.359210595
2012-05-10 13:30:00,14.02400425216987,14.036742869224064,13.82445094112142,13.95607089996338,8241952.558620161
2012-05-11 13:30:00,13.939087208494204,14.210820586749882,13.913611596910725,14.03249454498291,5580052.637215489
2012-05-14 13:30:00,13.883891615252372,13.926349350542743,13.80321965067837,13.832942008972168,1980527.6073567185
2012-05-15 13:30:00,13.837187592568648,13.947578679772194,13.705566017358526,13.718304634094238,4409729.714039619
2012-05-16 13:30:00,13.748023302611449,13.83294038286872,13.5824350770927,13.595172882080078,8688508.981330248
2012-05-17 13:30:00,13.569700364551007,13.624896722245907,13.340425491333008,13.340425491333008,3747904.904074433
2012-05-18 13:30:00,13.404111268728826,13.429586071558422,13.09841120528555,13.106903076171877,4609454.902607646
2012-05-21 13:30:00,13.145115534145118,13.391374943211227,13.094165925933073,13.382883071899414,5658952.909697662
2012-05-22 13:30:00,13.387130415119602,13.387130415119602,13.234279954753443,13.310705184936523,6563602.742997456
2012-05-23 13:30:00,13.10265689160218,13.26824432159023,12.98377313094216,13.25550651550293,7117322.587008394
2012-05-24 13:30:00,13.297966186724718,13.297966186724718,13.08142832385835,13.170591354370115,2883293.8126042425
2012-05-25 13:30:00,13.140870269442546,13.31919551595897,13.132378398220476,13.259753227233888,1749948.8310403607
2012-05-29 13:30:00,13.450815015603368,13.556960966408534,13.3658979310275,13.497519493103027,2570752.7977291318
2012-05-30 13:30:00,13.344668571843725,13.370143372343708,13.251259620294949,13.297964096069336,3978955.5079394425
2012-05-31 13:30:00,13.259751578977962,13.297964184897843,13.055951553958138,13.191818237304688,1601803.967605857
2012-06-01 13:30:00,12.907347689834095,12.9965107112374,12.686563913799526,12.699301719665527,5408826.104447498
2012-06-04 13:30:00,12.74600655401724,12.830922832674302,12.55494350983745,12.690810203552246,4007924.72234181
2012-06-05 13:30:00,12.690810351522291,12.95829861649281,12.673827419524612,12.937068939208984,5130906.684972909
2012-06-06 13:30:00,13.03047717906546,13.348915032250044,13.009247502955551,13.327685356140137,3564902.817448559
2012-06-07 13:30:00,13.518749643015989,13.52299557863089,13.187573953518257,13.217294692993164,6437126.7103089625
2012-06-08 13:30:00,13.128130836741391,13.38712720813297,13.128130836741391,13.35740566253662,4350142.518467642
2012-06-11 13:30:00,13.53998046732504,13.53998046732504,13.12388843490642,13.136626243591309,4040190.832255335
2012-06-12 13:30:00,13.191819340027688,13.438077926635742,13.183327469151353,13.438077926635742,6228923.098087936
2012-06-13 13:30:00,13.429585015167229,13.5017642923645,13.289472395881855,13.336176872253418,2791204.0441376017
2012-06-14 13:30:00,13.336176879297511,13.37438948547092,13.174835394210383,13.293718338012695,3130124.185891089
2012-06-15 13:30:00,13.314947837037426,13.518747860707352,13.310701901982306,13.506010055541992,2360900.3201931245
2012-06-18 13:30:00,13.455061059714907,13.6970728901074,13.433831383484447,13.6376314163208,2193442.108243632
2012-06-19 13:30:00,13.731041751762207,13.832942588248656,13.663108400657524,13.773499488830566,2032814.0163230053
2012-06-20 13:30:00,13.820203238549556,13.943332937040918,13.76076176194235,13.875399589538574,2776601.2871311423
2012-06-21 13:30:00,13.845678281723735,13.871152273702572,13.37014405893799,13.40835666656494,7094476.835285239
2012-06-22 13:30:00,13.459307330553967,13.56545328486487,13.429585783090252,13.548469543457031,4416560.226373658
2012-06-25 13:30:00,13.378636397663309,13.378636397663309,13.060198529514691,13.085673332214355,6503073.934138858
2012-06-26 13:30:00,13.11114813491402,13.166344485564233,12.937068831779127,13.085673332214355,9501068.50542036
2012-06-27 13:30:00,13.132377629309843,13.306456930022758,13.119639823222546,13.25550651550293,3057817.9008944696
2012-06-28 13:30:00,13.1281320332191,13.1960653811149,12.992265337427495,13.16634464263916,3212322.0574981165
2012-06-29 13:30:00,13.489027548922667,13.922103220198764,13.416848270376653,13.684335708618164,7771846.200944369
2012-07-02 13:30:00,13.765007721790202,13.765007721790202,13.57394547404653,13.667353630065918,3163332.736223663
2012-07-03 13:30:00,13.68433613649042,13.828694698096154,13.68433613649042,13.820202827453612,3069123.118913644
2012-07-05 13:30:00,13.769252792729713,13.777744663106732,13.565452762657197,13.684335708618164,3074069.234945327
2012-07-06 13:30:00,13.590927033129438,13.603665648785803,13.242769248647102,13.36589813232422,6035321.983480745
2012-07-09 13:30:00,13.302210647497612,13.344669190184486,13.136623221831083,13.221539497375488,2761998.880046429
2012-07-10 13:30:00,13.132377822235872,13.344669734500068,12.983773321685058,13.043214797973633,6345743.394705867
2012-07-11 13:30:00,13.064444998628815,13.094165737964104,12.894611623977609,12.949807167053224,4313635.661086938
2012-07-12 13:30:00,12.830922566902393,12.839414437541016,12.648352207148143,12.758743286132812,5315558.261277488
2012-07-13 13:30:00,12.75449864975162,12.9413149519892,12.75449864975162,12.91584014892578,3206669.455979515
2012-07-16 13:30:00,12.826675564474808,12.85639710923732,12.707792624741918,12.784217834472656,2073324.616373438
2012-07-17 13:30:00,12.856399921566265,12.856399921566265,12.550699015771446,12.762990951538086,5270101.268612653
2012-07-18 13:30:00,12.707796710172332,13.289476220430611,12.695058901179037,13.213051795959473,10577649.881900894
2012-07-19 13:30:00,13.37439096891672,13.4380783829933,13.302211683675422,13.323440551757812,5804507.299092955
2012-07-20 13:30:00,13.272490688994072,13.30645736316984,13.081427640612011,13.102657318115234,4192576.036506527
2012-07-23 13:30:00,12.796956965283934,13.00924889004222,12.682319941384824,12.966791152954102,4407374.425877638
2012-07-24 13:30:00,12.932823091825805,12.949806833768523,12.762989721545535,12.87338161468506,3175815.711224154
2012-07-25 13:30:00,13.009247259761148,13.30645624110915,13.009247259761148,13.145113945007324,6988019.85801875
2012-07-26 13:30:00,13.395618683754291,13.510256505120472,13.297964603255402,13.412602424621582,6933849.040250117
2012-07-27 13:30:00,13.51874966474428,13.79472981135067,13.463553311491236,13.735286712646484,4770789.156432095
2012-07-30 13:30:00,13.752270524301435,13.81171200364576,13.552716408053056,13.633387565612791,6447018.706664681
2012-07-31 13:30:00,13.671599632127448,13.85417080836239,13.667352886824064,13.688583374023438,5622446.816000535
2012-08-01 13:30:00,13.79048258608182,13.81171145362242,13.620650026098255,13.688583374023438,1201411.7463312135
2012-08-02 13:30:00,13.590927445216153,13.832941714120809,13.489028234827742,13.586682319641112,8468763.550441159
2012-08-03 13:30:00,13.849924660991617,13.985791362707651,13.773499438818993,13.943333625793455,4360505.020838684
2012-08-06 13:30:00,14.02825008300784,14.045233824866733,13.939087867736816,13.939087867736816,5870689.914617302
2012-08-07 13:30:00,14.087691474131358,14.282999645343844,14.053723990620266,14.125904083251951,7561993.189263577
2012-08-08 13:30:00,14.147132089250947,14.227802428189932,14.10467435710594,14.185344696044922,2192971.0926657133
2012-08-09 13:30:00,14.215066290284073,14.338195988456969,14.206574419410895,14.291491508483888,1739585.8138767488
2012-08-10 13:30:00,14.270261917264808,14.393391609191896,14.249033050988094,14.393391609191896,3749318.707800828
2012-08-13 13:30:00,14.304227905159678,14.325458391281758,14.14713234974017,14.282999038696287,6213614.252113768
2012-08-14 13:30:00,14.333949622134314,14.376408977622678,14.151380062340165,14.19808292388916,1657152.1070752777
2012-08-15 13:30:00,14.18110069040593,14.316967387588123,14.176853945060918,14.22355842590332,4433988.887418282
2012-08-16 13:30:00,14.270261917264808,14.41886560086048,14.223557439660832,14.393391609191896,2267396.8967899093
2012-08-17 13:30:00,14.35942556955115,14.35942556955115,14.244787736553311,14.274508476257324,1919055.579059918
2012-08-20 13:30:00,14.240541458129885,14.27026219542835,14.138640630493205,14.240541458129885,3006002.496067248
2012-08-21 13:30:00,14.270264659685036,14.393394375274852,14.215068301031154,14.26601791381836,4625705.463278171
2012-08-22 13:30:00,14.189589973475108,14.227802580678633,14.070707026468003,14.142887115478516,2739388.51953878
2012-08-23 13:30:00,14.05372228439352,14.09193488887482,13.9348393458555,13.994280815124512,6506843.093520017
2012-08-24 13:30:00,13.990036778751174,14.08344411501787,13.888135952318144,14.036741256713867,4520191.22353432
2012-08-27 13:30:00,14.057972306169862,14.057972306169862,13.917858850524023,13.968810081481934,5288236.649733239
2012-08-28 13:30:00,13.900874618029071,13.99852869973103,13.854170139897985,13.947577476501465,4318110.962561269
2012-08-29 13:30:00,13.943330338402484,14.02400066738351,13.86266000942146,13.973051071166992,1138997.9071248963
2012-08-30 13:30:00,13.879645451160313,13.892384068007898,13.743778748950945,13.773499488830566,5324978.808370621
2012-08-31 13:30:00,13.879645805664618,14.05372512354526,13.790483583748436,13.998530387878418,6816321.277229324
2012-09-04 13:30:00,13.981546894754,13.981546894754,13.667354119965168,13.781991958618164,6832807.886314094
2012-09-05 13:30:00,13.752269051975668,13.849923131823417,13.654614972127922,13.684335708618164,4396540.791351856
2012-09-06 13:30:00,13.760762695783804,14.130150196666731,13.760762695783804,14.121658325195312,7161600.611441451
2012-09-07 13:30:00,13.951825341139982,14.015511945799318,13.900875733480747,13.985791206359863,3962232.7312103207
2012-09-10 13:30:00,13.90512174898868,13.947579488144925,13.76076316833496,13.76076316833496,4897972.216960518
2012-09-11 13:30:00,13.815957347758983,13.934840294389277,13.765006125209998,13.828694343566896,3433480.007257712
2012-09-12 13:30:00,13.871152076032375,13.960315905663768,13.773497995634829,13.828694343566896,2425198.493259203
2012-09-13 13:30:00,13.798971626997456,13.985787890562843,13.735283417778708,13.93483829498291,4329652.354897983
2012-09-14 13:30:00,14.028248029891042,14.253276907781355,14.028248029891042,14.147130966186523,5125490.356255774
2012-09-17 13:30:00,14.08344550679557,14.138641860720613,13.956070675910652,14.0070219039917,1878074.262946124
2012-09-18 13:30:00,13.95606821064321,14.011264554818103,13.913610481067792,13.994280815124512,2102765.234696012
2012-09-19 13:30:00,13.951823925208458,13.951823925208458,13.841431230214932,13.854169845581056,3029790.585930482
2012-09-20 13:30:00,13.74377746098178,13.790481939175471,13.62489451260416,13.697072982788086,6339619.975098907
2012-09-21 13:30:00,13.760760812830275,13.820202285337665,13.697072595338849,13.709811210632324,3989554.028898191
2012-09-24 13:30:00,13.569699800519125,13.61215915838842,13.467799771121156,13.518750190734863,3314304.0282990923
2012-09-25 13:30:00,13.612156992734176,13.6248939882391,13.28947240290128,13.293718338012695,5605725.037501415
2012-09-26 13:30:00,13.26399951829506,13.268245454019878,13.10265800989913,13.251261711120604,4205529.675598086
2012-09-27 13:30:00,13.365896839674916,13.569696854221112,13.289471631762778,13.539976119995115,7182092.736130248
2012-09-28 13:30:00,13.472043821810743,13.514502363909513,13.395618607998829,13.433831214904783,4876775.782586784
2012-10-01 13:30:00,13.442324217173452,13.59092791228801,13.382882739127629,13.42958641052246,4790337.79049793
2012-10-02 13:30:00,13.531488255374487,13.544225253148005,13.404112608833108,13.49327564239502,7936947.791790426
2012-10-03 13:30:00,13.548468500187065,13.548468500187065,13.412601818703925,13.446568489074709,6230572.377621758
2012-10-04 13:30:00,13.501766447587146,13.544224995626994,13.387129420657836,13.518750190734863,5641523.904906777
2012-10-05 13:30:00,13.578193067209556,13.731043531926137,13.539980451030411,13.569701194763184,5419188.001121382
2012-10-08 13:30:00,13.476291829111904,13.476291829111904,13.3531629289055,13.391375541687012,3466924.006658655
2012-10-09 13:30:00,13.319195506227546,13.319195506227546,13.119640581801743,13.179082870483398,6031317.590581846
2012-10-10 13:30:00,13.149360303811006,13.166344044928644,12.975281006501994,12.992264747619627,3732831.923200833
2012-10-11 13:30:00,13.06444402771088,13.0984107001168,12.971035071222586,12.992264747619627,5764232.979267916
2012-10-12 13:30:00,12.992265713173378,13.060199063033862,12.932823424673396,12.949807167053224,5256912.255280397
2012-10-15 13:30:00,12.996509819204654,13.115392759810232,12.975280144218443,13.09416389465332,4993831.820772652
2012-10-16 13:30:00,13.15785275232667,13.40835727600972,13.15785275232667,13.374390602111816,8133376.184094982
2012-10-17 13:30:00,13.221541454549664,13.378637842797144,13.166345907766717,13.285229682922363,4061859.438402138
2012-10-18 13:30:00,13.289474322814536,13.340424741682924,13.179083233286994,13.251261711120604,3961761.574441947
2012-10-19 13:30:00,13.200310906940516,13.204556842280914,12.915839717768852,12.945560455322266,8066487.393612272
2012-10-22 13:30:00,12.979527993984645,13.094165826333905,12.941315383201555,13.009248733520508,3437954.644823405
2012-10-23 13:30:00,12.881873116412391,13.128131698717407,12.881873116412391,13.089919090270996,3771693.433500112
2012-10-24 13:30:00,13.191820255666723,13.259753607733872,12.945561651965956,12.96254539489746,3311242.2489375165
2012-10-25 13:30:00,13.106901699645045,13.149359429958867,13.00924681436708,13.09416389465332,3640035.409613797
2012-10-26 13:30:00,13.123886878693789,13.25975358257024,13.081428331275037,13.251261711120604,4273125.274662639
2012-10-31 13:30:00,13.323439590782204,13.353161137715004,13.153606228884376,13.200310707092283,2820409.004669932
2012-11-01 13:30:00,13.297967327473524,13.620651991422388,13.238525841919524,13.599421501159668,7520539.685710273
2012-11-02 13:30:00,13.586682889058256,13.650371112964242,13.323440551757812,13.323440551757812,5094400.197986634
2012-11-05 14:30:00,13.340424159702035,13.590927877902534,13.327686353083273,13.556962013244627,4059740.0414828737
2012-11-06 14:30:00,13.57819086957088,13.76925391954293,13.531487198333911,13.722549438476562,3022724.5887730857
2012-11-07 14:30:00,13.539978036135418,13.55696177799906,13.314949125247834,13.374390602111816,4377462.999379994
2012-11-08 14:30:00,13.40835719618657,13.455061676204162,13.26399863052254,13.272490501403809,2698407.0742745586
2012-11-09 14:30:00,13.255508052776891,13.4720459223972,13.255508052776891,13.306458473205566,5260444.804435057
2012-11-12 14:30:00,13.306456489859563,13.37863576897458,13.259752012247104,13.327685356140137,1332363.5860403343
2012-11-13 14:30:00,13.187573078369372,13.34042351104483,13.162098276199917,13.196064949035645,2891772.968207086
2012-11-14 14:30:00,13.314947486572958,13.31919342151632,12.996509654284353,13.013492584228516,5047296.008921826
2012-11-15 14:30:00,13.055952702510258,13.089919376334992,12.89885632992748,12.937068939208984,3734480.440529284
2012-11-16 14:30:00,12.99226553511135,13.00075740618488,12.737515071711243,12.954052925109863,4874184.615324587
2012-11-19 14:30:00,13.055953167341572,13.18332799626192,12.992265752881398,13.179082870483398,3064176.8921223767
2012-11-20 14:30:00,13.085672809076552,13.106902485335368,12.94980612033751,13.055952072143556,2543431.9011365683
2012-11-21 14:30:00,13.0559519961209,13.221539420828751,13.02198532413392,13.077180862426758,1475798.1651376146
2012-11-23 14:30:00,13.20880342004185,13.39561972512908,13.20880342004185,13.348916053771973,2040586.393155906
2012-11-26 14:30:00,13.336177992748004,13.425341017873365,13.234277971054295,13.374390602111816,2208986.628170933
2012-11-27 14:30:00,13.27673573700063,13.522994310770938,13.191818652322866,13.412602424621582,4056443.003404476
2012-11-28 14:30:00,13.25975130587608,13.595172882080078,13.191817965601984,13.595172882080078,2786729.147928964
2012-11-29 14:30:00,13.556964017979524,13.688585609682084,13.51025952996703,13.573946952819824,2524589.375742756
2012-11-30 14:30:00,13.578191644546417,13.667353866402706,13.578191644546417,13.603667259216309,2252323.016410204
2012-12-03 14:30:00,13.697071660855164,13.714055400315315,13.518747255499198,13.539976119995115,2454639.289563502
2012-12-04 14:30:00,13.552714374952528,13.63338552041044,13.48902696951914,13.59092617034912,2853618.177323479
2012-12-05 14:30:00,13.624897555835071,13.6376345546751,13.506013771074452,13.569701194763184,1907279.083536049
2012-12-06 14:30:00,13.603666482786752,13.7352864352551,13.599419737421377,13.722549438476562,1800822.207087347
2012-12-07 14:30:00,13.815957287696136,13.875398760752867,13.675843855783556,13.765006065368652,1985238.2430368469
2012-12-10 14:30:00,13.743777090448278,13.832940918986324,13.72254822447585,13.790481567382812,3279917.9014531304
2012-12-11 14:30:00,13.90511934247446,14.083443759659357,13.866906735983603,14.045232772827148,3697032.2752261856
2012-12-12 14:30:00,14.04948090855676,14.138643136254188,13.977300805426225,14.01551342010498,2384687.7598225027
2012-12-13 14:30:00,14.002774447512431,14.117412275385895,13.837187013803684,13.871152877807615,2947592.2490804032
2012-12-14 14:30:00,13.80746805840768,13.900877030883382,13.74802657398095,13.815959930419922,1662804.521876176
2012-12-17 14:30:00,13.781990629350814,13.913612198737315,13.748024765429024,13.875399589538574,2332401.6071303505
2012-12-18 14:30:00,13.939088672291124,14.100429370286752,13.892384189312809,14.062216758728027,3299466.030124983
2012-12-19 14:30:00,14.134395245026768,14.236294451130377,14.12590337457502,14.142887115478516,2520350.4898619624
2012-12-20 14:30:00,14.15138029551474,14.172609163779311,14.01975872082027,14.13439655303955,2510693.7422327213
2012-12-21 14:30:00,13.888136136631122,13.998528835036844,13.78623692850445,13.990036964416504,3518975.4155135746
2012-12-24 14:30:00,13.977021766627574,13.977021766627574,13.842543312933762,13.942317008972168,1975105.820598528
2012-12-26 14:30:00,13.977022167033292,14.059443486605154,13.872909545898438,13.872909545898438,1186262.168724393
2012-12-27 14:30:00,13.890265195822698,13.920631039384055,13.699393115342072,13.855561256408691,2680730.569746904
2012-12-28 14:30:00,13.777474679448147,13.894599936533258,13.747108841411007,13.760122299194336,2089444.174439344
2012-12-31 14:30:00,13.747109814598868,14.024742126464844,13.725419337746088,14.024742126464844,1886354.8619856592
2013-01-02 14:30:00,14.380457274994368,14.580004692077637,14.311049405799572,14.580004692077637,7041730.852132583
2013-01-03 14:30:00,14.53228467179514,14.59301634296674,14.454200621770529,14.506256103515623,3730063.869806097
2013-01-04 14:30:00,14.523610374330357,14.523610374330357,14.384794635050897,14.419499397277832,3201708.8152129697
2013-01-07 14:30:00,14.354427401621464,14.45420110111416,14.315385375314412,14.38045597076416,2839560.300632648
2013-01-08 14:30:00,14.384793747209926,14.41515958487722,14.232964558873457,14.23730182647705,2812819.7404054007
2013-01-09 14:30:00,14.302370225517391,14.380454268890542,14.06811809539795,14.06811809539795,5674280.327324201
2013-01-10 14:30:00,14.480229911793357,14.63205909729004,14.480229911793357,14.63205909729004,5813283.850211168
2013-01-11 14:30:00,14.62338155996788,14.714479062871762,14.593015725666586,14.701465606689451,4036426.742669312
2013-01-14 14:30:00,14.610370697305138,14.701468216379943,14.536623904615425,14.636399269104004,2683036.1232671877
2013-01-15 14:30:00,14.358766312849117,14.532286817370252,14.358766312849117,14.48456859588623,1928540.246432569
2013-01-16 14:30:00,14.506256260637633,14.684114008772584,14.445524588808224,14.645071983337402,2909638.814334361
2013-01-17 14:30:00,14.723157468743906,15.048507160799232,14.714481278378072,15.0007905960083,11035049.633271154
2013-01-18 14:30:00,14.883664622700548,14.883664622700548,14.740509962785012,14.822931289672852,5113882.163833553
2013-01-22 14:30:00,14.77087855407153,14.79256820678711,14.697133403875675,14.79256820678711,3436839.83838188
2013-01-23 14:30:00,14.922708631188392,14.922708631188392,14.74918810915495,14.84896183013916,6429465.764365603
2013-01-24 14:30:00,14.744852683451072,14.844626416904116,14.675444796926582,14.736176490783691,6840484.143587617
2013-01-25 14:30:00,14.853298273517376,14.927043407440207,14.818593512979056,14.86197280883789,2182574.73809522
2013-01-28 14:30:00,14.901017104084112,14.9660877125863,14.8880036443094,14.892342567443848,2687646.282212584
2013-01-29 14:30:00,14.922706308387603,14.927043576096867,14.82726987064298,14.918367385864258,1320655.9498593688
2013-01-30 14:30:00,14.874985303910044,15.009462090297118,14.757859239924873,14.944393157958984,2161828.2103531696
2013-01-31 14:30:00,14.96608611718194,15.01814160554592,14.857636217782073,14.87932586669922,3279855.5090262187
2013-02-01 14:30:00,15.061521616648529,15.195998424416722,15.005127209138037,15.174308776855469,3972341.415848848
2013-02-04 14:30:00,15.09188843440804,15.191662143521292,14.979099612061482,14.987775802612305,3448135.9702343284
2013-02-05 14:30:00,15.044168083666603,15.256728930215564,15.044168083666603,15.21768856048584,3081377.192153139
2013-02-06 14:30:00,15.12225362933324,15.217690066510112,15.100563981287788,15.182985305786133,3199634.2630646224
2013-02-07 14:30:00,15.126592829393129,15.15695867149872,14.974763618865174,15.100565910339355,2731906.3982390906
2013-02-08 14:30:00,15.135270292927178,15.33481774491304,15.135270292927178,15.300114631652832,2879670.226828802
2013-02-11 14:30:00,15.321801481124837,15.339153861987484,15.24371742205704,15.32614040374756,1904796.6248477115
2013-02-12 14:30:00,15.282759659784867,15.391209559432628,15.274083469235348,15.38687229156494,3105812.0025374508
2013-02-13 14:30:00,15.451941238465112,15.460617429014633,15.308788231433422,15.38687229156494,4794149.203352732
2013-02-14 14:30:00,15.30444821576737,15.53870037943255,15.30444821576737,15.521347999572754,2065470.016337013
2013-02-15 14:30:00,15.564733961906114,15.564733961906114,15.33915791552318,15.391213417053224,3096820.8999187485
2013-02-19 14:30:00,15.417236318197372,15.608107523400156,15.417236318197372,15.60377025604248,2325267.5241916524
2013-02-20 14:30:00,15.582080448667355,15.61244794233822,15.26540694715112,15.274083137512209,4695947.278093826
2013-02-21 14:30:00,15.19599941138963,15.230704173592924,14.888002093499052,14.987775802612305,4225453.425216957
2013-02-22 14:30:00,15.091887329088774,15.274082352869794,15.048506379511847,15.226364135742188,6214851.755981461
2013-02-25 14:30:00,15.308788606956202,15.34783063797966,14.91403102874756,14.91403102874756,3421856.471073463
2013-02-26 14:30:00,15.044172229008725,15.061524612434786,14.918369931391313,15.018143653869627,5505536.859591565
2013-02-27 14:30:00,14.987774767190244,15.326139556040031,14.987774767190244,15.252392768859863,2860307.1315957257
2013-02-28 14:30:00,15.217690891858217,15.36518116849221,15.217690891858217,15.235041618347168,3361921.005885472
2013-03-01 14:30:00,15.2003385105551,15.29577329809391,15.005128357930456,15.235041618347168,4337256.15234059
2013-03-04 14:30:00,15.161298614294708,15.22636757111994,15.09622800265508,15.213354110717772,2043570.044002272
2013-03-05 14:30:00,15.291436391664796,15.46061797633422,15.291436391664796,15.456280708312988,3878518.89651964
2013-03-06 14:30:00,15.417238719514886,15.547378273096442,15.417238719514886,15.460618019104004,1926696.038480516
2013-03-07 14:30:00,15.46061797633422,15.569067879821205,15.430252135743,15.456280708312988,2986632.44120704
2013-03-08 14:30:00,15.499657923149204,15.54303887159798,15.330476361233924,15.399884223937988,4120566.692401617
2013-03-11 13:30:00,15.378194410083534,15.469291918615498,15.313123815524152,15.447602272033691,1093131.6065794604
2013-03-12 13:30:00,15.417238676865106,15.499660007782104,15.36518153172513,15.456280708312988,2447212.8740239223
2013-03-13 13:30:00,15.44760595046294,15.560393132433928,15.395550455308204,15.499661445617676,4713696.7036542455
2013-03-14 13:30:00,15.616787952717242,15.69487202486598,15.577745916642874,15.62112522125244,1483403.6339700208
2013-03-15 13:30:00,15.629798600613642,15.629798600613642,15.265406881095252,15.352167129516602,3980178.982593645
2013-03-18 13:30:00,15.22202665417491,15.295771785197818,15.1179140314681,15.165632247924805,2883128.783564761
2013-03-19 13:30:00,15.169970107083213,15.235039043752543,14.974759987447452,15.135265350341797,5636243.999234806
2013-03-20 13:30:00,15.248056731731586,15.278422571604956,15.169972670681728,15.235041618347168,2553944.241923008
2013-03-21 13:30:00,15.044168704105443,15.148279670639516,14.979098108911169,15.022479057312012,6808444.050044784
2013-03-22 13:30:00,15.091887305103992,15.213350654098305,15.052845277953816,15.139605522155762,3063396.332214112
2013-03-25 13:30:00,15.248055393365432,15.269745040683484,15.044169067984928,15.117914199829102,4391659.538178793
2013-03-26 13:30:00,15.152620453077263,15.313125844829669,15.152620453077263,15.291436195373535,3554175.63828591
2013-03-27 13:30:00,15.14394247962755,15.339152611381497,15.122252832724662,15.321800231933594,2362842.429686609
2013-03-28 13:30:00,15.269746012076885,15.447603779101842,15.269746012076885,15.412899017333984,1561089.5228911797
2013-04-01 13:30:00,15.443262061512966,15.443262061512966,15.104898969584792,15.16996955871582,5718770.805210781
2013-04-02 13:30:00,15.178648895683407,15.200338544954306,15.000791123959376,15.048507690429688,5041728.891478465
2013-04-03 13:30:00,15.1049037258157,15.113579917419385,14.71882230093066,14.76654052734375,10143853.243846487
2013-04-04 13:30:00,14.718819808652484,14.888001379241633,14.718819808652484,14.86197280883789,4101894.2638008394
2013-04-05 13:30:00,14.666766771336953,14.84896183013916,14.545301743987809,14.84896183013916,6800835.358370586
2013-04-08 13:30:00,14.766538571393747,14.953072529129129,14.70146797039243,14.931381225585938,2536194.1680641524
2013-04-09 13:30:00,14.98343880335183,15.195999683808072,14.901015819048489,15.074536323547363,8357776.139568314
2013-04-10 13:30:00,15.109239315994094,15.438926250134898,15.109239315994094,15.399884223937988,7321584.263908686
2013-04-11 13:30:00,15.304453144626777,15.451945111307367,15.269750028544934,15.391213417053224,5331723.283774061
2013-04-12 13:30:00,15.25673191464232,15.352168361042976,15.13960747291418,15.334815979003906,3342557.084327339
2013-04-15 13:30:00,15.182985629248511,15.261069687726918,14.97909929268666,15.0007905960083,6862154.950558089
2013-04-16 13:30:00,15.061519714095422,15.282756738976277,15.057180792242836,15.256728172302246,4275938.383827966
2013-04-17 13:30:00,15.139604853018088,15.139604853018088,14.818592460103147,14.935718536376951,13100751.347032892
2013-04-18 13:30:00,15.130929780464037,15.239379675225477,14.9487330967615,14.970422744750977,9694799.63362613
2013-04-19 13:30:00,15.065859727180491,15.187323084170703,14.935720179717537,15.143943786621094,7693875.329467235
2013-04-22 13:30:00,15.143946094106887,15.317466620372937,14.996454143225058,15.265409469604492,4259339.429579991
2013-04-23 13:30:00,15.391209297057792,15.634137663860658,15.37819583886243,15.59509563446045,8485946.21735459
2013-04-24 13:30:00,15.651487112550068,15.803316279099707,15.56038795780648,15.755598068237305,4286772.938734365
2013-04-25 13:30:00,15.829349383940274,15.981178594021625,15.80332081014878,15.881404876708984,5156758.611794011
2013-04-26 13:30:00,15.83802345040452,15.86839094633393,15.660165671809516,15.733912467956545,4691797.547623822
2013-04-29 13:30:00,15.768610519192796,15.937793707328082,15.75993598578312,15.916102409362791,2286770.82501585
2013-04-30 13:30:00,15.898756311255628,16.076614084523506,15.864051548269613,16.072275161743164,5429465.481698751
2013-05-01 13:30:00,16.041907159280402,16.141680857195627,15.998527866209075,16.007204055786133,6408720.3414524
2013-05-02 13:30:00,16.041912288773382,16.241459748410264,16.037575020004965,16.21109390258789,4201017.307203126
2013-05-03 13:30:00,16.375933200457077,16.445341063061154,16.319538794961893,16.336891174316406,9364463.271975229
2013-05-06 13:30:00,16.38027516602944,16.506077470210936,16.36292443651242,16.414979934692383,5004844.639356128
2013-05-07 13:30:00,16.467030800470518,16.49739663710104,16.358580911128936,16.449678421020508,5014297.417005233
2013-05-08 13:30:00,16.501735229584487,16.666577866623253,16.445340824905987,16.649227142333984,4176813.935014246
2013-05-09 13:30:00,16.62320034907921,16.783705735891527,16.618863081247145,16.701284408569336,2642464.430900646
2013-05-10 13:30:00,16.71429605048881,16.818408670099473,16.701282593592705,16.814069747924805,1934764.579841108
2013-05-13 13:30:00,16.783706382323366,16.783706382323366,16.60151133970516,16.610187530517578,3388200.35849941
2013-05-14 13:30:00,16.657902695721287,16.679592341365016,16.57981864755276,16.636211395263672,3604199.3690558057
2013-05-15 13:30:00,16.65356896093886,16.809737105918995,16.60585073277111,16.77937126159668,2854082.4105516025
2013-05-16 13:30:00,16.722969671030178,16.861785372643467,16.631872177124023,16.631872177124023,3593365.292937721
2013-05-17 13:30:00,16.71863526687267,16.818408966064453,16.68826943037143,16.818408966064453,1759798.944666914
2013-05-20 13:30:00,16.81407399414903,16.866131144507843,16.749005038422062,16.766357421875,3463349.8995267563
2013-05-21 13:30:00,16.7706932955716,16.82708770969634,16.709961613351528,16.727313995361328,1814201.675726032
2013-05-22 13:30:00,16.718638691679583,16.861791713822555,16.40630241818318,16.488723754882812,5571005.0279935775
2013-05-23 13:30:00,16.341230719795114,16.475709196318586,16.245795929669164,16.45401954650879,3714848.844017576
2013-05-24 13:30:00,16.427988774114986,16.458354610745513,16.280496858417877,16.449678421020508,1854082.1131377844
2013-05-28 13:30:00,16.610186896576256,16.749002634648548,16.56246867633626,16.597171783447266,2236977.6523156743
2013-05-29 13:30:00,16.51908794523861,16.70995915482092,16.4887204537823,16.65790367126465,2654912.804763338
2013-05-30 13:30:00,16.68826943037143,16.918182665256236,16.65790359387019,16.818408966064453,7770178.547011746
2013-05-31 13:30:00,16.727313624263935,16.87480555844666,16.47137178714727,16.610187530517578,5424393.9744080575
2013-06-03 13:30:00,16.701281996279803,16.86178735990915,16.618860680862333,16.740324020385742,4615495.98510884
2013-06-04 13:30:00,16.853112070002734,17.03964601126119,16.775028017624127,16.818408966064453,11879910.7431765
2013-06-05 13:30:00,16.735986257568324,16.766352091549937,16.49305793090159,16.51041030883789,5645234.468410539
2013-06-06 13:30:00,16.527763111317523,16.627538469597084,16.310863324267086,16.46269416809082,4398575.088403191
2013-06-07 13:30:00,16.553789654677363,16.64922607883497,16.406297751349175,16.618860244750977,3295070.489582947
2013-06-10 13:30:00,16.64922735731983,16.76201451331926,16.59717021933796,16.709959030151367,3626329.221440295
2013-06-11 13:30:00,16.519086441373975,16.614521210069945,16.380269073171604,16.401960372924805,5790462.864813868
2013-06-12 13:30:00,16.588498827917135,16.67525743136591,16.176388842278314,16.206754684448242,4971650.085730188
2013-06-13 13:30:00,16.202412598110445,16.53210118418049,16.124328546399852,16.493059158325195,4483176.60056021
2013-06-14 13:30:00,16.50607623085502,16.58416029966926,16.38895012763365,16.432331085205078,1847627.1381502205
2013-06-17 13:30:00,16.57982220243307,16.688272108718344,16.488723023494614,16.57114601135254,2289766.847255651
2013-06-18 13:30:00,16.623200385823033,16.848776374313786,16.623200385823033,16.809734344482422,4369990.23866857
2013-06-19 13:30:00,16.80973358317388,16.896493829404687,16.575481414794922,16.575481414794922,3539653.0650288607
2013-06-20 13:30:00,16.32387774771196,16.375933231058806,16.024554995136164,16.067935943603516,5959895.4528522855
2013-06-21 13:30:00,16.172050070253555,16.211092104095844,15.929123330625352,16.050586700439453,4890506.588014683
2013-06-24 13:30:00,15.885737590253251,15.937794722910676,15.651487112550068,15.755598068237305,6564553.289757933
2013-06-25 13:30:00,16.00286602330728,16.124329374511206,15.864050291984494,16.085289001464844,2635779.4435503725
2013-06-26 13:30:00,16.237119510219248,16.276161541252986,16.085290308873695,16.18072509765625,2976259.0195630034
2013-06-27 13:30:00,16.289172403615666,16.410637400145642,16.258806568186653,16.26748275756836,2632091.3098911624
2013-06-28 13:30:00,16.237114066840107,16.42798523523117,16.146016576572574,16.34990119934082,1921855.763651595
2013-07-01 13:30:00,16.36725977461285,16.51041444624023,16.28483844098192,16.306528091430664,2056248.8807000609
2013-07-02 13:30:00,16.31086531694506,16.48438582970981,16.21976779240998,16.30219078063965,2547258.990039011
2013-07-03 13:30:00,16.306525888626975,16.475707456012874,16.232779101286386,16.406299591064453,3375983.063434751
2013-07-05 13:30:00,16.54077843414406,16.627538681030273,16.43666580691779,16.627538681030273,6648231.431082271
2013-07-08 13:30:00,16.592836347039224,16.610188729917056,16.219768389237466,16.27182388305664,3976490.132247552
2013-07-09 13:30:00,16.375931806109264,16.449676929865873,16.336889783292875,16.401960372924805,3607426.7833700473
2013-07-10 13:30:00,16.397621931090715,16.575479672502443,16.384608474708894,16.527761459350586,2090135.9631459103
2013-07-11 13:30:00,16.801056131166668,16.97457661059541,16.775027562808177,16.965900421142578,3538039.6823480288
2013-07-12 13:30:00,17.004944567378036,17.074352436844308,16.931197775237166,17.026634216308594,2291841.681935193
2013-07-15 13:30:00,17.052664740676892,17.052664740676892,16.98325686326247,17.030973434448242,1190641.8156965934
2013-07-16 13:30:00,17.03530665059243,17.16110890339032,17.03530665059243,17.135080337524414,1912865.265546544
2013-07-17 13:30:00,17.21316731746553,17.23051969767038,17.10905469105049,17.16111183166504,3659293.570017444
2013-07-18 13:30:00,17.017957609175944,17.017957609175944,16.76635470907522,16.801057815551758,6557175.441412721
2013-07-19 13:30:00,16.70562302775456,16.735990524291992,16.57548346968179,16.735990524291992,6795994.729624403
2013-07-22 13:30:00,16.709962549861725,16.818412461279717,16.636215749594044,16.705623626708984,7137857.374695698
2013-07-23 13:30:00,16.809734987919466,16.900832509408268,16.688271625934398,16.718637466430664,2459891.546756496
2013-07-24 13:30:00,16.84877734097763,16.84877734097763,16.48438559325006,16.514751434326172,4407103.897748405
2013-07-25 13:30:00,16.514746118610244,16.631872177124023,16.458351722700566,16.631872177124023,6195719.718904743
2013-07-26 13:30:00,16.527765611606295,16.545117994350736,16.436668084419424,16.536441802978516,6171282.2115194965
2013-07-29 13:30:00,16.558131589136075,16.59283635490819,16.423654758804904,16.484386444091797,1586216.1499721264
2013-07-30 13:30:00,16.57114309118343,16.70561989219853,16.57114309118343,16.649227142333984,1496082.699831252
2013-07-31 13:30:00,16.64922993113145,16.82708770969634,16.636214817216985,16.727313995361328,6481102.936853544
2013-08-01 13:30:00,16.753340639760044,16.98759282862126,16.753340639760044,16.935537338256836,3065701.2045478937
2013-08-02 13:30:00,16.88347892659056,16.88347892659056,16.73598865742414,16.844438552856445,2393962.6586551955
2013-08-05 13:30:00,16.766354158438084,16.83576202392578,16.749001778362647,16.83576202392578,650069.7961704757
2013-08-06 13:30:00,16.822748786786775,16.831424977791677,16.679595772241488,16.727313995361328,1058553.2522152402
2013-08-07 13:30:00,16.653565470921244,16.66224166102573,16.51041247123236,16.575481414794922,2428540.868777535
2013-08-08 13:30:00,16.692607796676196,16.692607796676196,16.488721462619853,16.57982063293457,1523284.079230141
2013-08-09 13:30:00,16.553794185722957,16.58849895121184,16.480049041280527,16.536441802978516,4134858.205820672
2013-08-12 13:30:00,16.493059753705456,16.62753821535354,16.471370106294867,16.566804885864258,2283773.6002893005
2013-08-13 13:30:00,16.688268583287755,16.753337520424427,16.514748107962173,16.744661331176758,2641312.1995665804
2013-08-14 13:30:00,16.601510281175564,16.70128398693541,16.540778604175145,16.57982063293457,2550947.581834252
2013-08-15 13:30:00,16.345570776076,16.358584235901414,16.19807883040214,16.215431213378906,5469114.657952026
2013-08-16 13:30:00,16.206755443563598,16.38027431340296,16.206755443563598,16.2327823638916,4086448.599326045
2013-08-19 13:30:00,16.237122479641847,16.38895170875372,16.20241771023657,16.21109390258789,1446289.6502081
2013-08-20 13:30:00,16.258805385651623,16.36291799584587,16.228439552431176,16.28917121887207,2557863.6625275444
2013-08-21 13:30:00,16.211092087308643,16.276162695249845,16.080952526240544,16.154699325561523,3647305.930506516
2013-08-22 13:30:00,16.18940212585041,16.33255679865048,16.18940212585041,16.254472732543945,929000.3275043196
2013-08-23 13:30:00,16.306528091430664,16.354246315306455,16.245796408248474,16.306528091430664,934071.8009637496
2013-08-26 13:30:00,16.29351166562444,16.397622630749016,16.254469639999233,16.276159286499023,1080222.4225645245
2013-08-27 13:30:00,16.089628086787993,16.1113177369799,15.91177030751159,15.950812339782717,2423930.1834746045
2013-08-28 13:30:00,15.998530022619152,16.163372682360183,15.97250145037964,16.072275161743164,3013372.9366435725
2013-08-29 13:30:00,16.080952392707516,16.302191134019036,16.080952392707516,16.206754684448242,3717845.438988105
2013-08-30 13:30:00,16.245793227716987,16.26314560660451,16.05058310226717,16.11131477355957,1919319.678526108
2013-09-03 13:30:00,16.3325533505242,16.436664313476843,16.19373763004473,16.26748275756836,1687415.3431777288
2013-09-04 13:30:00,16.384610866086884,16.649228883231533,16.3282164555116,16.59283447265625,1452975.0802811773
2013-09-05 13:30:00,16.657905785438132,16.744664384105068,16.6362144809572,16.718637466430664,3552561.9554928644
2013-09-06 13:30:00,16.78804290930469,16.79238017668483,16.532101108713636,16.653564453125,1257262.715501444
2013-09-09 13:30:00,16.70128649876832,16.918186323427648,16.70128649876832,16.866130828857422,1064777.2554115197
2013-09-10 13:30:00,17.03097097103154,17.169788360595703,16.99626786475107,17.169788360595703,2632321.5605036886
2013-09-11 13:30:00,17.087367159995786,17.16545122577666,17.01362201721066,17.117733001708984,3441220.086060449
2013-09-12 13:30:00,17.087365765664572,17.20449185477838,17.026634087193887,17.078689575195312,1828494.101686011
2013-09-13 13:30:00,17.12640208642696,17.191472665848607,17.043980786664637,17.182796478271484,1870680.103552841
2013-09-16 13:30:00,17.404042421858517,17.421394805938412,17.256550466808257,17.26956558227539,2930384.8730084714
2013-09-17 13:30:00,17.391024314282287,17.447418720066015,17.347645020488027,17.408376693725586,2311436.199878536
2013-09-18 13:30:00,17.39970416268602,17.58189922070934,17.334633553498076,17.56454849243164,3508071.077422862
2013-09-19 13:30:00,17.625277967970497,17.659981074987943,17.49079949809434,17.56020736694336,2021670.863942695
2013-09-20 13:30:00,17.599250941773295,17.612264401195628,17.412716967586622,17.443082809448242,1961965.702659942
2013-09-23 13:30:00,17.568883693281215,17.573220961136645,17.338970436218307,17.40403938293457,2359384.3936625407
2013-09-24 13:30:00,17.486466211060346,17.590577210627647,17.395367017920833,17.512493133544922,3357309.8927745637
2013-09-25 13:30:00,17.46043082502555,17.56888070592633,17.38668570032367,17.477783203125,2325959.2164124376
2013-09-26 13:30:00,17.555866952153586,17.555866952153586,17.382346483728295,17.47344398498535,1520287.541355492
2013-09-27 13:30:00,17.40403815262786,17.40403815262786,17.26956134603205,17.317277908325195,2411482.3533817423
2013-09-30 13:30:00,17.165450192232395,17.391026184815683,17.078689940498183,17.299928665161133,3855466.867949741
2013-10-01 13:30:00,17.36066058641883,17.525504901525416,17.33029474611159,17.4691104888916,2646613.7216865225
2013-10-02 13:30:00,17.343307826363823,17.473447375528117,17.31294198671929,17.456096649169922,1735132.995200405
2013-10-03 13:30:00,17.495138896047468,17.551531653334695,17.25221052106883,17.412715911865234,3326881.769182623
2013-10-04 13:30:00,17.382353556678545,17.551535172086282,17.382353556678545,17.512493133544922,1710466.8638002786
2013-10-07 13:30:00,17.399701900347743,17.573220744263836,17.325955109202464,17.447420120239258,1811896.586521764
2013-10-08 13:30:00,17.499475360800602,17.516827741391392,17.13942091020514,17.17412567138672,5316510.377237792
2013-10-09 13:30:00,17.21750671802582,17.230521832198807,16.96156487014724,17.117733001708984,2861228.81217727
2013-10-10 13:30:00,17.304265667828687,17.53851784747602,17.304265667828687,17.50815200805664,2668743.833449864
2013-10-11 13:30:00,17.460435848693795,17.607927795347383,17.39970416268602,17.56454849243164,1666437.496299768
2013-10-14 13:30:00,17.443079766812033,17.703360493557184,17.399700473094832,17.677331924438477,1914017.632560507
2013-10-15 13:30:00,17.69468809872216,17.73373013336634,17.542857228521758,17.568885803222656,2853852.0064148298
2013-10-16 13:30:00,17.5775596569635,17.742403965182792,17.564546198751017,17.720712661743164,2393271.039679544
2013-10-17 13:30:00,17.568884966627902,17.8378402731394,17.54285639316643,17.811813354492188,4931770.010708335
2013-10-18 13:30:00,17.84217787693507,17.90290955570729,17.725051787239735,17.885557174682617,2047028.182344314
2013-10-21 13:30:00,17.83350029274899,17.967977098145607,17.83350029274899,17.950626373291016,938221.323562382
2013-10-22 13:30:00,17.898570418151657,17.97665447701106,17.8508538531279,17.928937911987305,3120334.888387963
2013-10-23 13:30:00,17.620936474261626,17.620936474261626,17.304263015417952,17.378009796142578,4736519.64679936
2013-10-24 13:30:00,17.438744310849284,17.525504562110058,17.412715739026805,17.460433959960938,2028355.9435701007
2013-10-25 13:30:00,17.460432647751105,17.555869082447003,17.460432647751105,17.534177780151367,3819044.828112472
2013-10-28 13:30:00,17.525504425522268,17.65564397399209,17.503813121765514,17.616601943969727,3396499.227807881
2013-10-29 13:30:00,17.668657376316617,17.898570633044052,17.668657376316617,17.885557174682617,2672662.6966328803
2013-10-30 13:30:00,17.94195184668765,17.95062803732624,17.71203858661464,17.78144645690918,2324345.1421433017
2013-10-31 13:30:00,17.785782454949135,17.97231640332519,17.785782454949135,17.859527587890625,1928309.8782340344
2013-11-01 13:30:00,17.902908836388757,17.928937406879967,17.712037617228756,17.759754180908203,1526741.9140078868
2013-11-04 14:30:00,17.842177672711433,17.842177672711433,17.677333364492142,17.720712661743164,1639927.7765633091
2013-11-05 14:30:00,17.63828994140595,17.738063641051284,17.521163862305606,17.681669235229492,1952053.6279405372
2013-11-06 14:30:00,17.76409153519829,17.790118448577797,17.655641649946546,17.768428802490234,1259567.9532801032
2013-11-07 14:30:00,17.77276740129755,17.81614669268358,17.464768475126725,17.49079704284668,4956897.912164546
2013-11-08 14:30:00,17.508153646800206,17.62961701584656,17.386690277753853,17.61226463317871,1653528.351523013
2013-11-11 14:30:00,17.52116601206359,17.62093972395065,17.512489821271558,17.577560424804688,3547259.983610585
2013-11-12 14:30:00,17.456098312439916,17.69468778444368,17.456098312439916,17.668659210205078,1220379.062221419
2013-11-13 14:30:00,17.516824762626275,17.811808563250835,17.516824762626275,17.790117263793945,2854774.9949207394
2013-11-14 14:30:00,17.712036726682754,17.772768399961308,17.651303398590215,17.681669235229492,4327574.723349989
2013-11-15 14:30:00,17.720710041534726,17.833498845412862,17.59924670334031,17.803133010864258,4438225.210947241
2013-11-18 14:30:00,17.850855017554224,17.868205744688247,17.664321048646112,17.694686889648438,2668743.694330736
2013-11-19 14:30:00,17.772769509780943,17.772769509780943,17.521164956413813,17.54719352722168,2725682.647079828
2013-11-20 14:30:00,17.599246926125648,17.633951683085584,17.434402640193728,17.49079704284668,2625867.279796602
2013-11-21 14:30:00,17.560206771584465,17.781445483724582,17.508151285416112,17.759754180908203,2338868.1050164606
2013-11-22 14:30:00,17.659979545026,17.690345381590838,17.60358679415644,17.677331924438477,2252192.25221199
2013-11-25 14:30:00,17.7640922102338,17.7640922102338,17.573219345856653,17.681669235229492,2173815.034421264
2013-11-26 14:30:00,17.72071215257842,17.811811321890623,17.686009046737546,17.759754180908203,1460121.2869282733
2013-11-27 14:30:00,17.625276991345025,17.86820369144884,17.625276991345025,17.850852966308594,1946060.0204210116
2013-11-29 14:30:00,17.90724801401026,17.95930516054498,17.85085525415235,17.863868713378906,812817.6679181688
2013-12-02 14:30:00,17.907247467720165,17.907247467720165,17.78578410580642,17.79446029663086,2417014.608086117
2013-12-03 14:30:00,17.82482448262817,17.959302945703524,17.77276899732747,17.859527587890625,2219919.2023184407
2013-12-04 14:30:00,17.764094498854895,17.915923701612055,17.668658054370855,17.798797607421875,6899268.481785091
2013-12-05 14:30:00,17.842182537384904,17.92894281035626,17.79880157349194,17.855195999145508,3894654.5165637336
2013-12-06 14:30:00,18.09811837950232,18.150173863949107,18.03738670517873,18.06341361999512,4472111.446670167
2013-12-09 14:30:00,18.17620553350275,18.21958483547101,18.11981111709257,18.14583969116211,4106734.630655797
2013-12-10 14:30:00,18.171865812984738,18.171865812984738,18.03738898989577,18.07642936706543,2381744.82547953
2013-12-11 14:30:00,18.102459448025915,18.150177674960755,17.907249271844456,17.954967498779297,5483176.316242906
2013-12-12 14:30:00,17.94195086471854,17.99400635088689,17.751077990744466,17.759754180908203,2568697.742381078
2013-12-13 14:30:00,17.829164818189913,17.85519339272616,17.677335603764295,17.72939109802246,1236054.4874956794
2013-12-16 14:30:00,17.87688273007596,17.959305720585743,17.829164505004883,17.829164505004883,1627479.4544962635
2013-12-17 14:30:00,17.889895460328553,18.04606191954748,17.842177241616906,17.976654052734375,1834487.708913708
2013-12-18 14:30:00,17.967978446990113,18.18921716733797,17.56020742305099,18.154512405395508,3910561.508135
2013-12-19 14:30:00,18.1675279446581,18.1675279446581,18.00702089913066,18.10679626464844,3470035.4280379927
2013-12-20 14:30:00,18.132823973875468,18.30634448560823,18.10245813254437,18.241273880004883,3287462.504343254
2013-12-23 14:30:00,18.373043560661717,18.4215215187395,18.311344952621248,18.399486541748047,2711329.736664514
2013-12-24 14:30:00,18.34660147982456,18.505255997267565,18.34660147982456,18.44796371459961,2068498.0275734835
2013-12-26 14:30:00,18.54051302353561,18.55814167817473,18.470000086140157,18.522884368896484,849772.3264567578
2013-12-27 14:30:00,18.544921027775903,18.59780531053224,18.5052573954184,18.522884368896484,1240962.5776747686
2013-12-30 14:30:00,18.52729115302777,18.64187403831417,18.52729115302777,18.61543273925781,1148383.9859596174
2013-12-31 14:30:00,18.67272617470582,18.752053446233823,18.641876867018397,18.699169158935547,1926906.802805049
2014-01-02 14:30:00,18.54051227953449,18.56254725636865,18.41270706027102,18.50525665283203,1756725.665001457
2014-01-03 14:30:00,18.483219340053108,18.514068642760257,18.368636455878107,18.44796371459961,1634875.854395233
2014-01-06 14:30:00,18.4655933185646,18.4655933185646,18.298124465846247,18.3289737701416,1328776.1985360358
2014-01-07 14:30:00,18.32015974684837,18.443556966076155,18.3157534238021,18.39067268371582,1702040.6591406418
2014-01-08 14:30:00,18.48322091745216,18.61543414737864,18.46559394380154,18.588991165161133,3305376.063640566
2014-01-09 14:30:00,18.54492091957161,18.58899087475124,18.32897410440493,18.42593002319336,2439039.46338562
2014-01-10 14:30:00,18.49203634955784,18.54932864053784,18.42593141180659,18.500850677490234,905364.8456139287
2014-01-13 14:30:00,18.470000465122265,18.59339768780601,18.280496626765892,18.315753936767575,1811410.5054500129
2014-01-14 14:30:00,18.43474380792172,18.83137843634844,18.403892822810693,18.804935455322266,5768921.866414746
2014-01-15 14:30:00,18.85782035154721,19.007660539904737,18.85782035154721,18.928333282470703,2454469.452326092
2014-01-16 14:30:00,18.959186107409128,18.963592430902683,18.79612523956853,18.86663818359375,2588344.9977313974
2014-01-17 14:30:00,18.650687079280814,18.75204930805116,18.575767828904794,18.637466430664062,3034901.575004605
2014-01-21 14:30:00,18.7167965271873,18.747645832751985,18.588991300612985,18.7212028503418,1584728.9256713649
2014-01-22 14:30:00,18.756459663907656,18.950369819634787,18.69035305021196,18.932741165161133,1822075.259144755
2014-01-23 14:30:00,18.83578342951214,18.83578342951214,18.58017303060168,18.690349578857425,2671848.0898194388
2014-01-24 14:30:00,18.54492010699653,18.624245686611893,18.302530320646152,18.337787628173828,4479627.797562002
2014-01-27 14:30:00,18.351007977475504,18.36863663095073,18.07777057325325,18.17472648620605,4186008.254604388
2014-01-28 14:30:00,18.161503183423296,18.30252904135481,18.07336160192589,18.258459091186523,5210500.471351264
2014-01-29 14:30:00,18.090996549280835,18.284908432279583,18.090996549280835,18.14388084411621,4366853.054032753
2014-01-30 14:30:00,18.218799071657287,18.35541863409271,18.183541759611565,18.29371833801269,1880163.670048004
2014-01-31 14:30:00,18.05574091311106,18.258465444281185,18.02489160102697,18.14388084411621,2423155.300806224
2014-02-03 14:30:00,18.073362681584328,18.152689941554723,17.747240996071312,17.830974578857422,5640491.7902489
2014-02-04 14:30:00,17.74723913086078,17.795717082543383,17.63706257927696,17.764867782592773,3853133.846515753
2014-02-05 14:30:00,17.672320219686362,17.85300971767139,17.5841803132827,17.760461807250977,2108887.690951402
2014-02-06 14:30:00,17.778094731427196,18.060146534456145,17.778094731427196,18.024890899658203,3138824.6633892874
2014-02-07 14:30:00,18.090989790742498,18.293714246177636,18.04251183810349,18.26727294921875,2817523.233512702
2014-02-10 14:30:00,18.24964808779647,18.386267648051025,18.24964808779647,18.36863899230957,2516868.906719588
2014-02-11 14:30:00,18.386264448303027,18.65509551751173,18.386264448303027,18.593395233154297,2787571.213486175
2014-02-12 14:30:00,18.62865633698143,18.76527590131763,18.6242483323338,18.69476127624512,3136555.883355495
2014-02-13 14:30:00,18.64187352195024,18.915110918650093,18.61543222362628,18.893075942993164,3661849.689538437
2014-02-14 14:30:00,18.9371491563383,19.064952698281857,18.840193237960893,19.034103393554688,2743323.773126752
2014-02-18 14:30:00,19.007665578460408,19.08699285692253,18.932744623841145,19.07377052307129,2294044.521136635
2014-02-19 14:30:00,19.012068763429266,19.126653338361788,18.97240513074663,19.02969741821289,3154028.10171592
2014-02-20 14:30:00,18.994438697807844,19.170721870228338,18.97681172549453,19.157501220703125,3542495.71089266
2014-02-21 14:30:00,19.1927569760431,19.245641255661848,19.025288129229292,19.05173110961914,2850424.725842296
2014-02-24 14:30:00,19.17953763660155,19.29852853474283,19.12224534909033,19.166316986083984,2202373.8655563374
2014-02-25 14:30:00,19.13106172793862,19.197168349937268,18.96800085647951,19.060548782348636,4648220.049259413
2014-02-26 14:30:00,19.11783991536117,19.33378506261245,19.11783991536117,19.214794158935547,1586997.9496303685
2014-02-27 14:30:00,19.214791782900303,19.23682844027785,19.073765917720777,19.22360610961914,2842709.86152389
2014-02-28 14:30:00,19.232421753448676,19.30734269510919,19.109024533256097,19.23682975769043,5047125.727938508
2014-03-03 14:30:00,19.08258071948992,19.14868733094641,18.93714852791098,19.11343002319336,3622594.333446896
2014-03-04 14:30:00,19.31615918357359,19.404299104337586,19.280901870339008,19.364635467529297,3644603.892108521
2014-03-05 14:30:00,19.42633470091848,19.46599665439164,19.35141375498208,19.38667106628418,4122927.1790133193
2014-03-06 14:30:00,19.47480870109917,19.598207595041465,19.44395939790383,19.593799591064453,2596967.9191464367
2014-03-07 14:30:00,19.65549819745513,19.68634750065047,19.53210098467377,19.593799591064453,2481017.669545403
2014-03-10 13:30:00,19.52328665788069,19.642277547845968,19.47480870109917,19.593799591064453,4331456.584411213
2014-03-11 13:30:00,19.607018402606204,19.664308994736885,19.404292285074,19.452770233154297,4263838.613161832
2014-03-12 13:30:00,19.37785419001624,19.668720245361328,19.338190560598225,19.668720245361328,1537985.9160436592
2014-03-13 13:30:00,19.673128326086893,19.761269919465487,19.27208567331729,19.399890899658203,5346871.77444394
2014-03-14 13:30:00,19.28090127596644,19.430741490271824,19.232423312343933,19.24123764038086,2194885.726257565
2014-03-17 13:30:00,19.32496503933545,19.50124818123459,19.32496503933545,19.452770233154297,1982726.933202495
2014-03-18 13:30:00,19.488033720712917,19.69075822144185,19.404298445205747,19.681943893432617,1616496.0160216966
2014-03-19 13:30:00,19.602612201422467,19.79652233040852,19.52769295198267,19.65990447998047,2221661.4349307665
2014-03-20 13:30:00,19.607022572124528,19.99043655395508,19.54973028664976,19.99043655395508,2849743.906931816
2014-03-21 13:30:00,19.986028695436257,20.04772898548374,19.748048587039985,19.78330421447754,2791201.492458313
2014-03-24 13:30:00,19.80975107169547,19.89789267927574,19.571769235577147,19.71720314025879,5319188.081017322
2014-03-25 13:30:00,19.72601337078811,20.008066816715004,19.72601337078811,19.92873954772949,3726518.0683854055
2014-03-26 13:30:00,20.096206541626074,20.140278180178203,19.71720053704444,19.72601318359375,4994709.644993208
2014-03-27 13:30:00,19.695166282437075,19.83178585689151,19.571769041743597,19.6158390045166,4214824.655892172
2014-03-28 13:30:00,19.65109205155854,19.92432945996048,19.65109205155854,19.761268615722656,2121140.750512809
2014-03-31 13:30:00,19.880259511994595,20.157904924486356,19.862630858245065,20.10061264038086,3533646.2236881685
2014-04-01 13:30:00,20.10061483573952,20.40029525756836,20.10061483573952,20.40029525756836,6123125.469186949
2014-04-02 13:30:00,20.41351784696747,20.417925851885293,20.20197900226682,20.29893493652344,4576970.617453363
2014-04-03 13:30:00,20.32978119956521,20.51928503476049,20.259268261899138,20.351816177368164,3919163.56908714
2014-04-04 13:30:00,20.532503427127374,20.532503427127374,19.82296612424148,19.849409103393555,9300980.336043514
2014-04-07 13:30:00,19.80093162196927,19.98602743697376,19.62464845239851,19.739233016967773,8568292.512264177
2014-04-08 13:30:00,19.752458680127923,20.04773281193547,19.752458680127923,20.021289825439453,5596243.3354463335
2014-04-09 13:30:00,20.127058370638004,20.268085950519264,20.030104115993872,20.2592716217041,3153800.6839399333
2014-04-10 13:30:00,20.193157116498917,20.28570501120255,19.63346006384825,19.65108871459961,7039156.989332058
2014-04-11 13:30:00,19.483624336555597,19.686348822930277,19.329377810218567,19.369041442871094,5515464.829251844
2014-04-14 13:30:00,19.6378723620478,19.65109301242243,19.360226936053348,19.540916442871094,3473061.482656826
2014-04-15 13:30:00,19.54091645916663,19.695162984202717,19.307342669494552,19.677536010742188,5654559.785419674
2014-04-16 13:30:00,19.677534539141764,19.677534539141764,19.329376201627863,19.63346290588379,8096322.744477169
2014-04-17 13:30:00,19.615833929612464,19.968400265227725,19.615833929612464,19.875850677490234,6183030.242892251
2014-04-21 13:30:00,19.99043667541464,20.01247165268159,19.73923423601721,19.98602867126465,3591961.603044729
2014-04-22 13:30:00,19.906704856018116,20.15790902008513,19.906704856018116,20.127058029174805,3146085.84967839
2014-04-23 13:30:00,20.082984302514543,20.153497237460805,20.016877690494503,20.060949325561523,2589706.78203393
2014-04-24 13:30:00,20.26808100955779,20.27689365506328,19.99484192638209,20.21078872680664,4148568.383414774
2014-04-25 13:30:00,19.99484352653822,19.99484352653822,19.540916594437437,19.571765899658203,5203465.654157654
2014-04-28 13:30:00,19.659904793032275,19.730417721164624,19.25445419540066,19.518878936767575,7106321.286002052
2014-04-29 13:30:00,19.61143159209153,19.690758865608625,19.48803435824772,19.602617263793945,2356671.402746429
2014-04-30 13:30:00,19.501254027336703,19.699572201135062,19.47481104377654,19.68634986877441,2613758.8346138382
2014-05-01 13:30:00,19.655499335493623,19.79211888695525,19.518881465193036,19.540916442871094,3441748.109822209
2014-05-02 13:30:00,19.53651027133206,19.67753614695873,19.50565928495024,19.571765899658203,2411356.5980609367
2014-05-05 13:30:00,19.347007977069005,19.6202454227187,19.347007977069005,19.576173782348636,2426786.1825237325
2014-05-06 13:30:00,19.580579726799357,19.726011921816006,19.540916095220087,19.54532241821289,2810715.6246602787
2014-05-07 13:30:00,19.57176511449021,19.64227804947475,19.457182225575696,19.62024307250977,5302624.880092252
2014-05-08 13:30:00,19.59380057744591,19.98602889309854,19.554136945460755,19.748048782348636,4015145.916639181
2014-05-09 13:30:00,19.721603080968723,19.74363805544156,19.57616922335859,19.65990447998047,3089359.660564027
2014-05-12 13:30:00,19.80093284482907,19.99925100255362,19.75245488614518,19.98602867126465,2097769.110558972
2014-05-13 13:30:00,19.98603127388775,20.03010291532176,19.83619105533458,19.840599060058597,1566576.1009510693
2014-05-14 13:30:00,19.79211890346027,19.845003186163925,19.67312800650628,19.677536010742188,1160636.970402152
2014-05-15 13:30:00,19.677539189172823,19.68635183674604,19.36463640316184,19.483627319335938,2414532.9437245037
2014-05-16 13:30:00,19.50124935397984,19.6731245030292,19.435142751502053,19.637868881225582,1753549.189555958
2014-05-19 13:30:00,19.629056297745898,19.849409417349257,19.624648293903736,19.80974578857422,1761944.6491107463
2014-05-20 13:30:00,19.774490052272217,19.8494109930886,19.611429201546244,19.712791442871094,3999943.053299507
2014-05-21 13:30:00,19.814154987051264,19.8714472771885,19.7172007435434,19.827377319335938,4673407.176581318
2014-05-22 13:30:00,19.893478272645844,19.96399119978712,19.845000320018567,19.89788627624512,1422943.4003088316
2014-05-23 13:30:00,19.919923921558013,20.06094979474885,19.8670396394017,20.052135467529297,2443804.555347836
2014-05-27 13:30:00,20.19315867114241,20.338592529296875,20.1182394214222,20.338592529296875,2018124.474345605
2014-05-28 13:30:00,20.316561736542333,20.409111346239904,20.263677446116063,20.369447708129883,3129294.6473963982
2014-05-29 13:30:00,20.444366629888084,20.444366629888084,20.334190046039875,20.37385368347168,1498503.531634794
2014-05-30 13:30:00,20.373852892326692,20.457586487581796,20.338597261068145,20.42233085632324,1916242.0981316932
2014-06-02 13:30:00,20.633868842112207,20.633868842112207,20.38266638547599,20.53691291809082,3036035.562260657
2014-06-03 13:30:00,20.461990843303724,20.80574117229051,20.461990843303724,20.79252052307129,4080722.79907963
2014-06-04 13:30:00,20.77489395678949,20.89829117832617,20.71760166914987,20.85862922668457,2510288.689474849
2014-06-05 13:30:00,20.88506954671668,20.964396808595644,20.779300984985387,20.94236183166504,3015160.234353377
2014-06-06 13:30:00,21.02168861485825,21.078980898502,20.986431307643343,21.05253791809082,2542509.8732123934
2014-06-09 13:30:00,21.07457413787173,21.23763499045853,21.07457413787173,21.096609115600582,6195282.728496634
2014-06-10 13:30:00,21.127456384883693,21.242040947890448,21.04372280511789,21.202377319335938,3316041.1133636893
2014-06-11 13:30:00,21.21119526339011,21.30814950882272,21.171531628070944,21.23763656616211,3103200.392217511
2014-06-12 13:30:00,21.114240349834507,21.316964859565104,21.109834026214816,21.18916130065918,4275182.493753163
2014-06-13 13:30:00,21.54172372076593,21.585793676881785,21.39188351634653,21.532909393310547,2551132.208046347
2014-06-16 13:30:00,21.493244661156066,21.673934161848127,21.48002401122964,21.621049880981445,2056244.8858500216
2014-06-17 13:30:00,21.621052236800487,21.748855789390305,21.58579492494043,21.713600158691406,2546140.07394472
2014-06-18 13:30:00,21.695968004954302,21.744445960365724,21.510872191013476,21.673933029174805,5823153.306475721
2014-06-19 13:30:00,21.61664012306789,21.757665981377794,21.61223380050357,21.75325965881348,3539546.079977568
2014-06-20 13:30:00,21.76207398510295,21.775294633956744,21.67393240336905,21.75325965881348,3772581.13505398
2014-06-23 13:30:00,21.766482380538548,21.766482380538548,21.638677158911253,21.682748794555664,1402521.4588663534
2014-06-24 13:30:00,21.691563452496947,21.82818132217565,21.5020596192384,21.541723251342773,5970643.356144425
2014-06-25 13:30:00,21.5064652695543,21.70918974678595,21.462395315777325,21.68715476989746,3364372.432285297
2014-06-26 13:30:00,21.634272759825944,21.67834271822842,21.435954584692496,21.581388473510746,2668897.5784152225
2014-06-27 13:30:00,21.612237610402897,21.66071557296049,21.532910340974315,21.651901245117188,2389573.254519623
2014-06-30 13:30:00,21.634273212125468,21.841405719502085,21.634273212125468,21.810556411743164,2401372.426616393
2014-07-01 13:30:00,22.030908715773197,22.22041087844097,21.889881152854915,22.16312026977539,4978372.208679314
2014-07-02 13:30:00,22.16311832073555,22.260072555191677,22.12786101281625,22.229223251342773,5419028.9673315445
2014-07-03 13:30:00,22.405505819102817,22.47601875186222,22.339399209132967,22.44516944885254,1721101.073418304
2014-07-07 13:30:00,22.42754061524977,22.45398359525753,22.268886097525087,22.277700424194336,2986342.9675911614
2014-07-08 13:30:00,22.224818534044587,22.30855212466072,22.026500365573657,22.167526245117188,4295377.729697248
2014-07-09 13:30:00,22.211595810154083,22.26007208577941,22.05734761300134,22.238037109375,2532072.08448379
2014-07-10 13:30:00,21.885473739066523,22.30414504017987,21.876659411750754,22.25126075744629,5033738.13036765
2014-07-11 13:30:00,22.29532958764935,22.308550237375258,22.11464008969782,22.202781677246094,2324904.5928011592
2014-07-14 13:30:00,22.33058726535452,22.379065227017502,22.246853674130055,22.33499526977539,4468735.784156578
2014-07-15 13:30:00,22.34381073733301,22.38788069682337,22.05294463367755,22.28211212158203,4507536.905837611
2014-07-16 13:30:00,22.480424099446225,22.542124383949947,22.38346987183352,22.528902053833008,4691106.807568437
2014-07-17 13:30:00,22.38787700587409,22.41431998590553,21.938356432305085,21.973613739013672,7969480.861163862
2014-07-18 13:30:00,22.044127307903963,22.24244546096491,22.026498654040555,22.233631134033203,4325103.078059156
2014-07-21 13:30:00,22.20719085351728,22.343810415829484,22.180749550668004,22.321775436401367,1870406.6070701808
2014-07-22 13:30:00,22.414322847628565,22.550940725664585,22.409914843146748,22.533313751220703,4549061.326401864
2014-07-23 13:30:00,22.37906701653088,22.427544982070348,22.066165924072266,22.066165924072266,7573977.8517223485
2014-07-24 13:30:00,22.09701270106108,22.1763399662801,22.008871108466497,22.04412841796875,3865159.336955348
2014-07-25 13:30:00,21.907507468414703,21.907507468414703,21.563757128492888,21.629863739013672,9544906.53262645
2014-07-28 13:30:00,21.66511983484352,21.66511983484352,21.361033118408866,21.621049880981445,7798391.5511910785
2014-07-29 13:30:00,21.64749165057171,21.80173985475801,21.60782801877077,21.61223602294922,6819508.106196115
2014-07-30 13:30:00,21.8017330360523,21.96920015691392,21.75766141385676,21.903095245361328,8705574.294001931
2014-07-31 13:30:00,21.62105334826008,21.70478694649042,21.396292176500943,21.48884010314941,7632520.208948052
2014-08-01 13:30:00,21.44035973074481,21.67393350522734,21.3918817742686,21.563756942749023,7036206.091041985
2014-08-04 13:30:00,21.70478327061932,21.71359759754467,21.462395164235456,21.65630531311035,3625544.149363655
2014-08-05 13:30:00,21.51087236769797,21.532907343658454,21.22441263672896,21.29933357238769,6447605.496022427
2014-08-06 13:30:00,21.21119271828669,21.559349385245405,21.21119271828669,21.418323516845703,6100662.16409291
2014-08-07 13:30:00,21.559349602344813,21.58138626044745,21.127457665876523,21.180343627929688,6107923.174864471
2014-08-08 13:30:00,21.25085685676584,21.369847751289782,21.189158248011424,21.34340476989746,2732659.104595307
2014-08-11 13:30:00,21.45798670305903,21.66071285570144,21.453580380270708,21.563756942749023,4766213.323304102
2014-08-12 13:30:00,21.50646369138284,21.603419599970607,21.361031509662038,21.546127319335938,3262944.569125532
2014-08-13 13:30:00,21.634273212125468,21.83259139140508,21.612238232463557,21.810556411743164,6001502.344474816
2014-08-14 13:30:00,21.86344017955318,21.903103814466448,21.819368540115576,21.885475158691406,3992681.680333741
2014-08-15 13:30:00,22.02209596330616,22.119050213223847,21.810557125538587,22.066165924072266,9712363.281921918
2014-08-18 13:30:00,22.105827979948696,22.167526593072317,21.995651404753342,22.16312026977539,3881950.398636541
2014-08-19 13:30:00,22.2468535240312,22.33940144231188,22.22922486878885,22.30414581298828,1859288.17215556
2014-08-20 13:30:00,22.29973651145693,22.453984714113464,22.29973651145693,22.42754173278809,3599676.504612709
2014-08-21 13:30:00,22.43194817205012,22.54212473147833,22.387876539582297,22.52449607849121,3052600.314852935
2014-08-22 13:30:00,22.555347442626957,22.643489034459527,22.498055155761627,22.555347442626957,2148823.4846431
2014-08-25 13:30:00,22.727223615860883,22.727223615860883,22.42754319922255,22.471614837646484,2335795.98560399
2014-08-26 13:30:00,22.493647559240344,22.56856681530189,22.45398392921925,22.47601890563965,4116347.3117023073
2014-08-27 13:30:00,22.537718757724434,22.5685680626502,22.3834722330956,22.52009010314941,2964786.450696717
2014-08-28 13:30:00,22.44076220839138,22.621453390968394,22.370249273232957,22.59941673278809,701601.0992688336
2014-08-29 13:30:00,22.771291611435306,22.81536324606258,22.66992937353401,22.77569961547852,6198005.910547385
2014-09-02 13:30:00,22.877063891504324,22.89469254692578,22.691968053062403,22.77129364013672,2973181.9224110865
2014-09-03 13:30:00,22.86824974305017,22.95198501637789,22.78451615088358,22.837400436401367,3072567.81620888
2014-09-04 13:30:00,22.87265886486656,23.03131172917023,22.819772895604125,22.88587951660156,3406350.0335033727
2014-09-05 13:30:00,22.8682484717182,22.99605369567871,22.83299284372004,22.99605369567871,2049664.472844855
2014-09-08 13:30:00,22.95198280439173,23.15911360319141,22.943168477461388,23.013681411743164,3248876.023357595
2014-09-09 13:30:00,22.978428114804377,23.04894106139388,22.802146588911256,22.84181022644043,2353494.6383952755
2014-09-10 13:30:00,22.780108146413102,22.89028472191916,22.68756022646669,22.837400436401367,3038531.543228204
2014-09-11 13:30:00,22.73162810237221,22.88146660634149,22.639078516585325,22.87265396118164,2177414.197266178
2014-09-12 13:30:00,22.81977006238061,22.82858438949666,22.50686901498536,22.56416130065918,9846694.514822716
2014-09-15 13:30:00,22.608230576058403,22.66992918285668,22.34821381800784,22.370248794555664,4086849.181541675
2014-09-16 13:30:00,22.30855065447735,22.75366492339598,22.30855065447735,22.70077896118164,5032603.747769445
2014-09-17 13:30:00,22.77129110302973,22.98283158219576,22.73603547727601,22.85061836242676,3711769.4654351454
2014-09-18 13:30:00,22.903506067685637,23.163522841927097,22.88146940860467,23.159114837646484,3670244.927831768
2014-09-19 13:30:00,23.203188607531327,23.21640925926633,22.84621588023534,22.88587951660156,4230481.61634938
2014-09-22 13:30:00,22.82858819453649,22.859437504004088,22.590606366219653,22.63027000427246,5060058.787441384
2014-09-23 13:30:00,22.53331005759227,22.696370892307108,22.453982801534057,22.528902053833008,5205281.521022538
2014-09-24 13:30:00,22.66111411426175,22.828582956633305,22.59500918678204,22.79332733154297,3630536.2858807854
2014-09-25 13:30:00,22.76688548283394,22.76688548283394,22.308550565764836,22.401100158691406,4936621.469492265
2014-09-26 13:30:00,22.55094020934497,22.66111678261203,22.423136662037606,22.608232498168945,2219618.860419844
2014-09-29 13:30:00,22.418724909610603,22.709590947161136,22.33499133314452,22.64348602294922,4115666.900533605
2014-09-30 13:30:00,22.674334817533754,22.674334817533754,22.40109743833833,22.51568031311035,4254308.106795759
2014-10-01 13:30:00,22.440762430202223,22.47601973871042,21.964800533468544,22.022092819213867,7697190.250373313
2014-10-02 13:30:00,22.022092953136696,22.02649927614652,21.550537376518378,21.916322708129883,15754030.38273908
2014-10-03 13:30:00,22.092607498168945,22.21159840203096,21.94276728750876,22.092607498168945,5974727.330098734
2014-10-06 13:30:00,22.189561761896385,22.24244772887904,21.872254365806118,21.99124526977539,10412603.4789318
2014-10-07 13:30:00,21.88987862623472,21.95157891339776,21.563756942749023,21.563756942749023,9045254.06840616
2014-10-08 13:30:00,21.572572222700337,22.05294212357804,21.374254065244223,22.022092819213867,17706805.05830675
2014-10-09 13:30:00,21.991243823695196,22.01768512428668,21.497651584614395,21.506465911865234,8623884.456908744
2014-10-10 13:30:00,20.90269886917194,20.95999115595244,19.94636537312014,20.082984924316406,38500699.60893768
2014-10-13 13:30:00,20.201976620614676,20.426736091248856,19.796525955200195,19.796525955200195,14712746.50848182
2014-10-14 13:30:00,20.12264857311916,20.56776117389821,20.02569265405081,20.2196044921875,21735792.032994192
2014-10-15 13:30:00,19.65109310860477,20.35622248472015,19.580580170993223,20.21519660949707,11071319.419337582
2014-10-16 13:30:00,19.8714440596486,20.66912294444619,19.86703773704125,20.457582473754883,9970814.303970896
2014-10-17 13:30:00,20.752857839864948,20.9247330121899,20.603017644296354,20.67353057861328,8687192.23999445
2014-10-20 13:30:00,20.5633524579768,20.91151078033509,20.479618880173007,20.87184715270996,8040049.782602517
2014-10-21 13:30:00,21.004060568625,21.53290842401468,20.9247333062585,21.51527976989746,10002580.721995872
2014-10-22 13:30:00,21.625457511337636,21.75766906207809,21.250857837379485,21.259672164916992,11310480.730897218
2014-10-23 13:30:00,21.524095065855164,21.64749228790841,21.444767799917773,21.532909393310547,8146695.692029529
2014-10-24 13:30:00,21.56375994560847,21.77529877328535,21.47561834711948,21.713600158691406,5488008.540096872
2014-10-27 13:30:00,21.56816649817185,22.07938575744629,21.493247231414944,22.07938575744629,5078211.768063755
2014-10-28 13:30:00,21.87666189441919,22.141086700417357,21.86344124252571,22.13667869567871,6769133.558578993
2014-10-29 13:30:00,22.097014242271857,22.211598824985117,21.92513904936314,22.14989852905273,6813834.77950346
2014-10-30 13:30:00,22.008870006809914,22.06175596841608,21.576978073992013,21.792924880981445,18253654.950402025
2014-10-31 13:30:00,22.489240469669443,22.718407932313596,22.46279916935424,22.661115646362305,11670585.010442346
2014-11-03 14:30:00,22.674338463007047,22.87706294851414,22.63026682627004,22.78892135620117,5195977.688137169
2014-11-04 14:30:00,22.775701174984988,22.89469207488478,22.6126403186013,22.780107498168945,2531844.964836879
2014-11-05 14:30:00,22.86384374736529,22.982834652356225,22.696374879471254,22.934356689453125,6454638.715564468
2014-11-06 14:30:00,22.947578752794097,23.031312351313023,22.76688922250285,22.907915115356445,5856053.776307008
2014-11-07 14:30:00,22.91672422979061,22.94316720911982,22.54212460234492,22.73162841796875,7212287.3383946195
2014-11-10 14:30:00,22.771290203422996,22.947573368710096,22.72281393007185,22.90350341796875,3677506.4251660886
2014-11-11 14:30:00,23.026904280764665,23.026904280764665,22.77129381863329,22.837400436401367,1762625.1234259345
2014-11-12 14:30:00,22.74044339637099,22.815364338243377,22.669930458752827,22.78892135620117,1593351.4706362374
2014-11-13 14:30:00,22.86824701588408,23.04453018813546,22.77129110302973,22.85061836242676,3727653.061387001
2014-11-14 14:30:00,22.85061680157732,23.05774926265002,22.7051846233907,23.04893493652344,4175343.843919539
2014-11-17 14:30:00,22.974020324450105,23.018090282819568,22.758073493652965,22.934356689453125,3629174.281682419
2014-11-18 14:30:00,22.978427050934226,23.30895678798716,22.92113475911992,23.22962951660156,5628011.012219707
2014-11-19 14:30:00,23.29132845414164,23.3574350749314,23.08860394942281,23.189966201782227,2883099.09816576
2014-11-20 14:30:00,23.09301331981801,23.55575464922928,23.0180923664147,23.53812599182129,4313076.059888384
2014-11-21 14:30:00,23.79373072462243,23.81135769660484,23.52049164438393,23.674739837646484,4769163.223755118
2014-11-24 14:30:00,23.736441607533635,23.895096144656755,23.652706334518037,23.855432510375977,4059392.83929302
2014-11-25 14:30:00,23.89509708634408,23.956795701843205,23.81576981465629,23.837804794311523,5407229.041257014
2014-11-26 14:30:00,23.86424927181802,24.33139692191939,23.86424927181802,24.31817626953125,3660941.1621016543
2014-11-28 14:30:00,24.40190633165278,24.56937518931852,24.304952092929284,24.48123359680176,3893749.811008259
2014-12-01 14:30:00,24.450384963194047,24.512083575302192,24.119855243048047,24.199182510375977,7427849.450014783
2014-12-02 14:30:00,24.15070519561932,24.26528977645425,24.053750951637223,24.2564754486084,4081176.00829542
2014-12-03 14:30:00,24.397498901507408,24.75446989731913,24.340206616797005,24.67073631286621,7848992.180892586
2014-12-04 14:30:00,24.772100495397638,24.78972915071681,24.56056167505085,24.705995559692383,7289662.137949366
2014-12-05 14:30:00,24.736842590976096,24.91753208847761,24.719213937278155,24.913124084472656,4056897.2592440834
2014-12-08 14:30:00,24.87345851735108,24.961600097816305,24.41953164752229,24.57377815246582,6171685.057697157
2014-12-09 14:30:00,24.296138875152245,24.61785427354409,24.194776627535184,24.529712677001957,12173413.40737945
2014-12-10 14:30:00,24.494453531893672,24.54292980593197,24.09781724495572,24.15070152282715,7137634.384540168
2014-12-11 14:30:00,24.291733111311007,24.52971493957744,24.185964530633445,24.2520694732666,3999942.4360496975
2014-12-12 14:30:00,24.04493423539539,24.22121573131888,23.86865105831093,23.89068603515625,8637953.05882353
2014-12-15 14:30:00,24.02730208433563,24.247655183038827,23.621851508518176,23.68355178833008,10823991.194299558
2014-12-16 14:30:00,23.613044258856718,23.98764393977253,23.476424701229444,23.485239028930664,13848225.056888929
2014-12-17 14:30:00,23.54693974000757,23.98764607737449,23.326586571324107,23.95238876342773,11050215.499727264
2014-12-18 14:30:00,24.357838765956256,24.379873745957248,24.15070625539227,24.37105941772461,10441420.380116414
2014-12-19 14:30:00,24.415130260711152,24.534119485058767,24.177148449693608,24.28291702270508,5980173.050987484
2014-12-22 14:30:00,24.444305698478704,24.72963015963066,24.386348635848485,24.685047149658203,5498184.409330375
2014-12-23 14:30:00,24.769752700416067,24.85891531428127,24.627090477430325,24.631547927856445,3329371.553919092
2014-12-24 14:30:00,24.7028806066024,24.78312832470661,24.609258835703475,24.6939640045166,1415145.4423654927
2014-12-26 14:30:00,24.930243618643523,24.930243618643523,24.64937835539127,24.671669006347656,1449913.1003025884
2014-12-29 14:30:00,24.711791046263414,24.711791046263414,24.53792160061843,24.604793548583984,2378090.936975339
2014-12-30 14:30:00,24.564673400666653,24.564673400666653,24.444303536059167,24.448760986328125,5572430.130723584
2014-12-31 14:30:00,24.51117865333348,24.6895072990966,24.319475954371928,24.350683212280277,7313491.1642889185
2015-01-02 14:30:00,24.36851508158551,24.591425026239847,24.10548127886668,24.292726516723636,4050963.277570519
2015-01-05 14:30:00,24.212477180398505,24.23476783323876,23.84690503168136,23.860279083251957,6274507.383511204
2015-01-06 14:30:00,23.824611473693235,23.824611473693235,23.213838773275985,23.29854393005371,13610655.016349783
2015-01-07 14:30:00,23.40999906904172,23.695325195433394,23.3520437142756,23.601701736450195,9022254.363436371
2015-01-08 14:30:00,23.90040364999116,24.26151665848756,23.79786528333985,24.190185546875,6910862.85819086
2015-01-09 14:30:00,24.252598009696825,24.283805259912903,23.83798545606309,24.11885070800781,3753310.1615281785
2015-01-12 14:30:00,24.083191565108574,24.12777287551341,23.664121465032007,23.811241149902344,6999238.824833298
2015-01-13 14:30:00,23.85582098029621,24.29272595836437,23.55266502714872,23.677494049072266,7894219.538633779
2015-01-14 14:30:00,23.494707550401685,23.775574545421108,23.352045327683086,23.588329315185547,8371318.196893398
2015-01-15 14:30:00,23.895945881274464,24.08764857369848,23.655204428572542,23.717618942260746,8717421.570370337
2015-01-16 14:30:00,23.5704967674222,23.94052808709432,23.42783454073769,23.909320831298828,8193892.050892794
2015-01-20 14:30:00,23.98065220476228,24.21693620139627,23.84690657837828,24.145605087280277,5710826.426302788
2015-01-21 14:30:00,24.114398224789497,24.51563681115921,24.03860795817836,24.45767974853516,6039434.368348797
2015-01-22 14:30:00,24.42200931748548,24.67612648010254,24.04306314885798,24.67612648010254,6850301.058242242
2015-01-23 14:30:00,24.5780484521478,24.760834519984392,24.51563394615497,24.56913185119629,4197884.026465961
2015-01-26 14:30:00,24.529009924706852,24.604798487748447,24.33284979036285,24.573591232299805,4040196.694800281
2015-01-27 14:30:00,24.22585122958507,24.31501554160512,23.90931953754832,24.08318901062012,11239741.55476007
2015-01-28 14:30:00,24.386349119405573,24.493344944125205,23.873655548897748,23.878114700317383,7874255.869054811
2015-01-29 14:30:00,23.94944347801475,24.127770402020627,23.583871328034725,24.011857986450195,6779195.509840275
2015-01-30 14:30:00,23.83353166947952,24.01631776216796,23.47241863551854,23.50808334350586,8055494.979702241
2015-02-02 14:30:00,23.512539948043585,23.61953576108373,23.11130139747357,23.552663803100582,15429326.238140244
2015-02-03 14:30:00,23.735447032260417,23.918233083249984,23.57940908099232,23.887025833129883,6804991.575368296
2015-02-04 14:30:00,23.87811531473156,24.21693770261936,23.87811531473156,24.056442260742188,8586202.326040888
2015-02-05 14:30:00,24.212473121571964,24.297178268432617,24.007394728083387,24.297178268432617,5660583.236477702
2015-02-06 14:30:00,24.29718298534596,24.44876180961153,23.985108735308863,24.03860664367676,5726303.748212849
2015-02-09 14:30:00,23.9539010415716,23.9539010415716,23.59724549120597,23.722074508666992,6522140.982290305
2015-02-10 14:30:00,24.145602764510997,24.51117490177148,23.99848309984165,24.50225830078125,8251763.659903598
2015-02-11 14:30:00,24.51563388730392,24.72071060669312,24.43092702880179,24.644920349121094,6438026.589199194
2015-02-12 14:30:00,24.743002691314448,24.99266242980957,24.734086089868068,24.99266242980957,6658967.468723463
2015-02-13 14:30:00,25.023869535129105,25.188822409232664,24.90349796732343,25.139781951904297,6630704.972487357
2015-02-17 14:30:00,25.09520156759113,25.255696997228547,25.028327905019573,25.24678039550781,3995559.802967291
2015-02-18 14:30:00,25.228946796900072,25.242320848937748,25.06399391931992,25.162073135375977,5846307.322501001
2015-02-19 14:30:00,25.09520165623572,25.24232133347777,25.041702045722342,25.17544937133789,5309319.04800796
2015-02-20 14:30:00,25.18882248975536,25.30919405794583,25.02832706550139,25.29136085510254,4700104.582028434
2015-02-23 14:30:00,25.24677867985198,25.273526782528617,25.037242805323576,25.10857391357422,3029699.092017061
2015-02-24 14:30:00,25.12640516612188,25.630182035677112,25.032783412682697,25.62572288513184,5842719.188011188
2015-02-25 14:30:00,25.55885413095438,25.603435437979467,25.39389955349229,25.45185661315918,4056122.4607304074
2015-02-26 14:30:00,25.474143903878947,25.63909675889808,25.42956260273895,25.54547500610352,4518417.3884242335
2015-02-27 14:30:00,25.53656620957196,25.5811492250039,25.380529907230542,25.39836311340332,7894442.582815619
2015-03-02 14:30:00,25.612354470536616,26.06709098815918,25.612354470536616,26.06709098815918,10961600.935649032
2015-03-03 14:30:00,25.924427185522138,25.977925095932385,25.590062269289277,25.639101028442383,11078464.93505972
2015-03-04 14:30:00,25.639101901944183,25.639101901944183,25.34040338292036,25.59897804260254,4555426.9427177245
2015-03-05 14:30:00,25.732721491938623,25.75055299288073,25.48306177140432,25.590059280395508,2821319.057066859
2015-03-06 14:30:00,25.460772346503944,25.52764430476129,25.211112613940266,25.26906967163086,4026962.839163151
2015-03-09 13:30:00,25.23786199446293,25.295819051181727,25.077366576267977,25.17990493774414,4229511.088312393
2015-03-10 13:30:00,24.97483045936495,25.019411768129,24.66275619601289,24.66721534729004,10719351.253382407
2015-03-11 13:30:00,24.836620816228905,25.09965456801776,24.836620816228905,24.84999656677246,8157107.368576177
2015-03-12 13:30:00,24.426467588344003,24.783123093148376,24.426467588344003,24.7117919921875,10316499.93186219
2015-03-13 13:30:00,24.685041711061825,24.92578480986886,24.59587741142949,24.916868209838867,7113860.842041043
2015-03-16 13:30:00,24.974829995363063,25.27352850000213,24.974829995363063,25.24678039550781,6596834.548097908
2015-03-17 13:30:00,25.050616072736837,25.11303227858721,24.91687046153574,25.07736587524414,2999193.590513732
2015-03-18 13:30:00,25.032782944847916,25.438478902836675,24.76083258936809,25.30919075012207,11242434.501505544
2015-03-19 13:30:00,25.28244363830468,25.39389860236069,25.26015298562703,25.34040069580078,5308422.150696525
2015-03-20 13:30:00,25.478604411257603,25.804052688780683,25.478604411257603,25.74163818359375,6955051.6531822095
2015-03-23 13:30:00,25.683682808105356,25.78176372305191,25.514270782470703,25.514270782470703,6176485.625753075
2015-03-24 13:30:00,25.483063278550546,25.55439438854084,25.28244400024414,25.28244400024414,5860887.365414029
2015-03-25 13:30:00,25.29135695064693,25.29135695064693,24.06089505577044,24.10101890563965,23406990.988198284
2015-03-26 13:30:00,23.610619038423597,24.127770000571303,23.459040220173343,23.92715072631836,26550410.22613661
2015-03-27 13:30:00,23.89148852414248,24.845542838639226,23.855822115799292,24.6939640045166,17499667.455544244
2015-03-30 13:30:00,24.76529292683706,25.023869262416707,24.62263070743719,24.90349769592285,11324529.129402325
2015-03-31 13:30:00,24.792043886858853,24.94362271462331,24.6404650590944,24.653839111328125,6136558.984975064
2015-04-01 13:30:00,24.676129267092684,24.676129267092684,24.32393286026124,24.413095474243164,7143916.626150738
2015-04-02 13:30:00,24.533463109905117,24.70287511050717,24.453215409655066,24.479965209960938,6434213.987289934
2015-04-06 13:30:00,24.18127019224956,24.60034025252608,24.118853982675432,24.542383193969727,7346464.932774821
2015-04-07 13:30:00,24.529007720030798,24.769750840997546,24.511174518329323,24.555757522583008,4215828.54229853
2015-04-08 13:30:00,24.47104977003748,24.743000133703937,24.462133169512786,24.67612648010254,4316542.028972289
2015-04-09 13:30:00,24.46659306175321,24.94362014994461,24.46659306175321,24.921329498291016,5855280.07216312
2015-04-10 13:30:00,24.89012589504157,25.068452835083008,24.89012589504157,25.068452835083008,3391952.661265552
2015-04-13 13:30:00,25.07736883545368,25.166533153668876,24.876749544636464,24.89458274841309,6735006.814639152
2015-04-14 13:30:00,24.90795679555097,24.93024744993299,24.56021782532125,24.66721534729004,6555562.15303426
2015-04-15 13:30:00,24.823251866271764,25.21557384968925,24.823251866271764,25.12640953063965,7149972.530953298
2015-04-16 13:30:00,24.845539689113785,25.081823662097182,24.845539689113785,25.014951705932617,12131357.712317895
2015-04-17 13:30:00,24.78312832470661,24.818793032381837,24.57359242736029,24.6939640045166,6326321.454505683
2015-04-20 13:30:00,24.82770530389422,25.00603391316925,24.82770530389422,24.899036407470703,3988606.854556204
2015-04-21 13:30:00,25.14424093521188,25.25123674988022,24.96145485954129,25.059534072875977,4513930.778945676
2015-04-22 13:30:00,25.23786294113784,25.514270782470703,25.086284118342167,25.514270782470703,5591720.299404358
2015-04-23 13:30:00,25.05061858203137,25.358235389342028,25.04170198030244,25.25123786926269,5883990.605457952
2015-04-24 13:30:00,25.318110472793663,25.39835818432929,24.89458126205961,24.98374557495117,9034590.710604535
2015-04-27 13:30:00,25.019409748268345,25.434022348839648,24.97928589335281,25.184364318847656,30906878.34216661
2015-04-28 13:30:00,25.15761400814409,25.179904660277145,24.81433252315824,25.16653060913086,7290837.395492519
2015-04-29 13:30:00,24.988203025295235,25.072909887842734,24.756376492044303,24.98374557495117,9009468.456282385
2015-04-30 13:30:00,24.89903769582189,24.997118606064923,24.600339215598456,24.72516822814941,7124178.143777084
2015-05-01 13:30:00,24.948079160645182,25.438482031040262,24.94362171030271,25.4295654296875,9304206.33619593
2015-05-04 13:30:00,25.456313729733413,25.49198013542,25.246779548662136,25.29136085510254,6123998.057580428
2015-05-05 13:30:00,25.153159145824382,25.211116211785964,24.796503548883976,24.80987930297852,13774844.294770366
2015-05-06 13:30:00,24.934702354158663,25.023866657167584,24.63600219417891,24.8054141998291,10051370.207181277
2015-05-07 13:30:00,24.8678314579918,25.068450736830854,24.849999955947737,24.98374557495117,7772421.736758472
2015-05-08 13:30:00,25.16207277182697,25.32702734769167,25.144241269590324,25.220029830932617,9100536.529910738
2015-05-11 13:30:00,25.20219446803756,25.29135877425017,25.1174893125028,25.211111068725582,7541611.590085946
2015-05-12 13:30:00,25.126408606092173,25.14869925986739,24.88566546371698,25.019411087036133,7087391.466098748
2015-05-13 13:30:00,25.08182322007073,25.327025490356068,25.07290831994009,25.14423942565918,4859810.680185875
2015-05-14 13:30:00,25.28690814826858,25.509818123621677,25.21111787230109,25.402820587158203,9304653.130550126
2015-05-15 13:30:00,25.49198210388764,25.54548001588074,25.318112614409078,25.43848419189453,7437981.096928776
2015-05-18 13:30:00,25.50089678734226,25.670308813353365,25.38052521891341,25.661392211914062,3996457.152436903
2015-05-19 13:30:00,25.76838291598751,25.83971401268364,25.51426577771584,25.616804122924805,4511239.9503134005
2015-05-20 13:30:00,25.603434033070094,25.85755121063847,25.554393577632737,25.692598342895508,3417748.2345520942
2015-05-21 13:30:00,25.674764527654773,25.786219487107925,25.496435912262644,25.74163818359375,3162039.641207134
2015-05-22 13:30:00,25.719348266011515,25.853095590551288,25.719348266011515,25.763931274414062,1942937.134083324
2015-05-26 13:30:00,25.72380793953196,25.72380793953196,25.45185753509177,25.55885505676269,4931139.354461921
2015-05-27 13:30:00,25.688141133172607,26.59315665038692,25.62126917125116,26.512908935546875,17323588.08851544
2015-05-28 13:30:00,26.490613578636804,26.64665154010499,26.36132711997398,26.54857063293457,15601145.36560813
2015-05-29 13:30:00,26.584240123678637,26.744735553811605,26.521825612108675,26.66448783874512,13258044.829326391
2015-06-01 13:30:00,26.73582022026914,26.80715133697093,26.42820339769993,26.57086563110352,8191648.60676203
2015-06-02 13:30:00,26.441577159416703,26.539656374575767,26.18300081793407,26.191917419433597,6396529.597932087
2015-06-03 13:30:00,26.36133050562897,26.365787956223887,25.98684173094352,26.009132385253903,3934772.861769592
2015-06-04 13:30:00,25.924425124184843,25.99129708171346,25.62572493842015,25.701515197753903,7369792.930728884
2015-06-05 13:30:00,25.64355608597767,25.728261238993937,25.460770028976945,25.62572288513184,3737608.639044473
2015-06-08 13:30:00,25.630183656436508,25.63464110659602,25.113032703877977,25.16653060913086,9711994.756031107
2015-06-09 13:30:00,25.18881990908856,25.286900814010163,24.98820064932512,25.19327735900879,8445340.066258684
2015-06-10 13:30:00,25.335943519327177,25.67030841510854,25.32256776704181,25.576684951782227,6547711.87891554
2015-06-11 13:30:00,25.714890508332424,25.763930966655487,25.58114488605817,25.607892990112305,3870845.823527357
2015-06-12 13:30:00,25.48751783131948,25.549934033549505,25.35823137836919,25.38943862915039,3365485.2473425367
2015-06-15 13:30:00,25.139780893311038,25.349316765557106,25.02832593159168,25.3181095123291,5662152.588496246
2015-06-16 13:30:00,25.224488700577396,25.491979938489028,25.17098909246081,25.4295654296875,3655736.61685924
2015-06-17 13:30:00,25.42956595964664,25.57222818292833,25.358234848005782,25.45185661315918,3157328.969598031
2015-06-18 13:30:00,25.53656157164003,25.90659287951364,25.532104121240465,25.812971115112305,4887624.239854624
2015-06-19 13:30:00,25.87984242113601,25.897675623619296,25.59897543436161,25.71934700012207,6392940.889409163
2015-06-22 13:30:00,25.9110496734804,25.96900673121344,25.795137258682114,25.942256927490234,5400163.219621425
2015-06-23 13:30:00,25.986840615557025,26.04033852373935,25.73718087625978,25.817428588867188,3458123.1224264484
2015-06-24 13:30:00,25.82188081334273,25.86646381169499,25.5989709235839,25.616804122924805,5062359.508682535
2015-06-25 13:30:00,25.8040566287426,25.853097090496693,25.616811383924045,25.674768447875977,2637163.5373015013
2015-06-26 13:30:00,25.42065115272939,25.42065115272939,24.765295349053797,24.925790786743164,22608456.689837
2015-06-29 13:30:00,24.60034146259734,24.743003690162865,24.1812713817071,24.212478637695312,16353913.820126684
2015-06-30 13:30:00,24.45321914059798,24.52900940269452,24.208018552719228,24.32839012145996,11126242.555912808
2015-07-01 13:30:00,24.56913370489994,24.73408658327896,24.346223766297207,24.42201232910156,7955679.370405012
2015-07-02 13:30:00,24.515635872562545,24.66275554815358,24.39972175175228,24.573591232299805,8145217.775831812
2015-07-06 13:30:00,24.32839004128744,24.533466772243468,24.06981540240111,24.17681121826172,11060072.3697128
2015-07-07 13:30:00,24.029694154208,24.114399326012947,23.37879578429857,24.056442260742188,17240369.314293183
2015-07-08 13:30:00,23.82015357508472,23.82015357508472,23.356500545240166,23.427831649780277,22422286.67279821
2015-07-09 13:30:00,23.88703401035446,23.909324667975618,23.12468059463281,23.164804458618164,14950654.235671235
2015-07-10 13:30:00,23.392167269122368,23.6596584896547,23.392167269122368,23.58386993408203,13518465.378552238
2015-07-13 13:30:00,23.726531648293975,23.842444054586093,23.39662422925576,23.7889461517334,9890766.963386504
2015-07-14 13:30:00,23.90040414067363,24.03860721563465,23.864737733801185,23.98065185546875,12284781.86455043
2015-07-15 13:30:00,24.0252319550712,24.06089836014985,23.753281568683807,23.860279083251957,9039301.220752798
2015-07-16 13:30:00,23.994024422209428,23.994024422209428,23.58387097257675,23.846904754638672,13884083.313788136
2015-07-17 13:30:00,23.842447027724013,23.864737681636623,23.601703883864875,23.83353042602539,8346195.760247139
2015-07-20 13:30:00,23.855819958340906,23.90931956601732,23.63291002835927,23.641826629638672,5394331.244458508
2015-07-21 13:30:00,23.637370787114023,23.8335309266,23.588330327075557,23.62399673461914,6363780.669748804
2015-07-22 13:30:00,22.968641442137557,23.392170687087805,22.83489581232904,23.04888916015625,19970171.8201766
2015-07-23 13:30:00,23.200468428304717,23.6373717342119,23.18263522381838,23.3698787689209,11339332.110523634
2015-07-24 13:30:00,23.427833484246147,23.45012413728516,22.81706074750449,22.830434799194336,8248174.434245471
2015-07-27 13:30:00,22.683318513588443,22.88839527321908,22.482699204963662,22.741273880004883,10425061.07836994
2015-07-28 13:30:00,22.821518523004997,23.360961857974885,22.687772902197484,23.21384048461914,15939845.846554251
2015-07-29 13:30:00,23.25842413687853,23.36096421386193,23.05334738424776,23.30746459960937,8884753.392192883
2015-07-30 13:30:00,23.31637903123235,23.58832942602627,23.24504791953787,23.521455764770508,8529453.772922954
2015-07-31 13:30:00,23.508078698340444,23.51699529874236,23.196004486943984,23.24950408935547,4851735.885072944
2015-08-03 13:30:00,23.20938309803233,23.227214600365947,23.00876381593552,23.138051986694336,6386884.446009947
2015-08-04 13:30:00,23.08009611567545,23.12467742480676,22.74573119518682,22.89285087585449,8632634.056771923
2015-08-05 13:30:00,23.285170530226686,23.33866843596805,22.91068178870165,23.16925811767578,6996323.748658557
2015-08-06 13:30:00,23.18263667395224,23.18263667395224,22.69223542457818,22.901769638061523,9481182.105871657
2015-08-07 13:30:00,22.82151964757969,22.98647423201632,22.741271931007255,22.95972442626953,5794043.84522112
2015-08-10 13:30:00,23.093467720410032,23.606161224415068,23.080093669221853,23.539287567138672,10214439.831279617
2015-08-11 13:30:00,23.182631594122117,23.258420150320852,22.91068122062269,23.004302978515625,6361762.65844615
2015-08-12 13:30:00,22.71006347732894,23.151425895208057,22.509445897142623,23.0622615814209,7258536.979457984
2015-08-13 13:30:00,22.99538918008833,23.071177739918248,22.74127029544008,22.745729446411133,3625231.054212162
2015-08-14 13:30:00,22.643188809236516,22.70114416069872,22.438112102521863,22.580774307250977,5135258.51308436
2015-08-17 13:30:00,22.47377931033609,22.76802035299614,22.30882643659263,22.75464630126953,7092550.715055203
2015-08-18 13:30:00,22.71006438216761,22.74127163813633,22.31328495570708,22.35340881347656,12188330.243359344
2015-08-19 13:30:00,22.3890732830256,22.406904784416007,21.98337728987511,22.126039505004883,17419592.34086154
2015-08-20 13:30:00,21.943255773849224,21.952172375828457,21.399354957791616,21.403812408447266,12104215.31447557
2015-08-21 13:30:00,21.149694777788905,21.452852436296386,20.81532986331753,20.859912872314453,23711593.701553736
2015-08-24 13:30:00,19.40654003724884,21.38598151579107,19.40654003724884,20.530006408691406,22244408.177125275
2015-08-25 13:30:00,20.940162958334017,21.42164760533108,20.35613822937012,20.35613822937012,14158406.756199753
2015-08-26 13:30:00,20.761829568910308,21.319104362365422,20.57458605462989,21.28789710998535,10657444.17251912
2015-08-27 13:30:00,21.568767001484133,22.04579415319564,21.568767001484133,21.996753692626957,12472076.865614569
2015-08-28 13:30:00,21.970002864942096,22.24195326041716,21.903130904186696,22.183996200561523,11018575.622938504
2015-08-31 13:30:00,22.08591654255926,22.344491180173065,21.907587916112085,22.09037399291992,6693061.999351046
2015-09-01 13:30:00,21.64901471120631,21.85409145472484,21.26115017811542,21.403812408447266,15327938.652682174
2015-09-02 13:30:00,21.831797353048863,21.947709759141397,21.59551168957662,21.934335708618164,9095154.088262783
2015-09-03 13:30:00,22.12604386923332,22.40690920404344,22.068086801446498,22.15279197692871,6371855.0350628095
2015-09-04 13:30:00,21.916502947268818,22.01012470414543,21.68913558047309,21.8050479888916,7647035.290394393
2015-09-08 13:30:00,22.331115901154103,22.661023331750048,22.282075446542898,22.63427352905273,11465618.015387028
2015-09-09 13:30:00,22.83935095406196,23.07117748260498,22.228578229260165,22.290992736816406,15195823.89170781
2015-09-10 13:30:00,22.241954093664347,22.58077816325598,22.010127546224783,22.36232566833496,11996100.010465443
2015-09-11 13:30:00,22.161703627356744,22.4336539992758,22.11266317331656,22.40244674682617,7980353.754231255
2015-09-14 13:30:00,22.531736229501263,22.58077668641911,22.35786675546005,22.45594596862793,3317707.7253496298
2015-09-15 13:30:00,22.65211061188223,22.87947802142765,22.57632034158841,22.78585624694824,8720561.484255737
2015-09-16 13:30:00,22.848265735644752,22.91068023823042,22.647646476856774,22.888389587402344,2743485.0296847327
2015-09-17 13:30:00,22.88839527321908,23.129138443568817,22.714525772633625,22.741273880004883,6347405.779110368
2015-09-18 13:30:00,22.35786437988281,22.65656283930996,22.27315752669128,22.35786437988281,9833569.206514953
2015-09-21 13:30:00,22.513903989578235,22.545111245193528,22.210746334457216,22.344491958618164,6383968.327595792
2015-09-22 13:30:00,21.898671804022555,22.05025062968916,21.787216835169698,21.880840301513672,11956173.993097195
2015-09-23 13:30:00,21.907588095516616,21.987835808008224,21.698052212825434,21.724802017211918,3959446.678676561
2015-09-24 13:30:00,21.497434381417047,21.82734012832823,21.194276737912396,21.71588516235352,8714506.271710962
2015-09-25 13:30:00,22.032418049892517,22.130498969471823,21.66238842717878,21.83180046081543,4787135.023188144
2015-09-28 13:30:00,21.760470807699747,21.858550033195936,21.345858147946718,21.368148803710938,6822709.972093348
2015-09-29 13:30:00,21.363687592935594,21.66238779352248,21.25669177531332,21.51526641845703,9133285.05182002
2015-09-30 13:30:00,21.93433589567329,22.299908018878867,21.86746224115152,22.23749351501465,7082681.834908088
2015-10-01 13:30:00,22.304367324255843,22.304367324255843,21.73817589105405,22.09037399291992,6359070.601615408
2015-10-02 13:30:00,21.81842499260088,22.45149012621005,21.79613433804215,22.4381160736084,8590464.563969761
2015-10-05 13:30:00,22.66993960467779,22.973097250933037,22.56294378874525,22.83489418029785,8885202.936937924
2015-10-06 13:30:00,22.817059520720427,23.00876218775092,22.5896904502109,22.92851448059082,12503929.853104675
2015-10-07 13:30:00,23.173718165448104,23.405544717203416,22.919600958857615,23.27179908752441,10556056.39540616
2015-10-08 13:30:00,23.28963220177584,23.570497512817383,23.10238696041353,23.570497512817383,6720651.132356115
2015-10-09 13:30:00,23.45458189338242,23.530370449341277,23.191548121562658,23.29854393005371,4493070.594975239
2015-10-12 13:30:00,23.41000182229022,23.41000182229022,23.24950808944564,23.334213256835938,2878516.685199947
2015-10-13 13:30:00,23.15142753303171,23.289632314212348,23.03997255807996,23.04888916015625,7586471.580707989
2015-10-14 13:30:00,23.0310527024536,23.931608976924164,22.95526414651352,23.73990631103516,26535607.03848167
2015-10-15 13:30:00,23.9004020690918,24.04752173301924,23.73099005246733,23.9004020690918,10927508.21590568
2015-10-16 13:30:00,23.93160809715555,24.020772401376643,23.793403340579477,23.99848175048828,5341171.232946827
2015-10-19 13:30:00,24.0118580098844,24.127770425567952,23.869195790273345,24.01631546020508,5989863.240515441
2015-10-20 13:30:00,23.985106913815816,24.078728671516703,23.87365195445732,23.967273712158203,7387289.042488019
2015-10-21 13:30:00,24.24368451825886,24.39526333903115,24.007398835466063,24.011857986450195,6797139.977324881
2015-10-22 13:30:00,24.364055741607444,24.81879049685085,24.364055741607444,24.74300193786621,10236645.926635806
2015-10-23 13:30:00,24.974828105372104,25.12640692181794,24.76975138331826,25.023868560791016,11680727.13665862
2015-10-26 13:30:00,25.001579045083083,25.001579045083083,24.471052313071016,24.54684257507324,4720516.39780988
2015-10-27 13:30:00,24.372971317985787,24.56913314793679,24.32839001154301,24.395263671875,8080617.903911011
2015-10-28 13:30:00,24.520093211957818,24.70733674380128,24.364056935421598,24.640464782714844,11167066.03164405
2015-10-29 13:30:00,24.10102204419301,24.216934458538987,23.97173387770373,24.0029411315918,9705938.259109216
2015-10-30 13:30:00,24.105479854694472,24.2838084801493,24.08764665201543,24.16789436340332,3774618.7188524418
2015-11-02 14:30:00,24.22585164619036,24.43538752794063,24.172353738325462,24.395263671875,4282895.718453209
2015-11-03 14:30:00,24.31946915566221,24.71624849586077,24.28380445688075,24.604793548583984,3844154.1669386304
2015-11-04 14:30:00,24.72517116978323,24.80096143689743,24.57805148758312,24.765295028686523,4491724.1382895615
2015-11-05 14:30:00,24.56913378242071,24.604798488362388,24.06089939290976,24.123313903808597,5853709.368286257
2015-11-06 14:30:00,24.270428706753613,24.631543348170727,24.20801420838541,24.604793548583984,7214798.621751724
2015-11-09 14:30:00,24.56913342657095,24.56913342657095,24.261516626356556,24.40863800048828,3672335.178972578
2015-11-10 14:30:00,24.074274660604875,24.150063227475048,23.92269582619657,24.020776748657227,5467230.139040584
2015-11-11 14:30:00,24.029691696166992,24.26597568327845,24.011858493189717,24.029691696166992,2322462.6551824235
2015-11-12 14:30:00,23.940526989891584,24.04306535432996,23.71761705832959,23.722074508666992,5588131.454132076
2015-11-13 14:30:00,23.6685760707267,23.74436462943836,23.37433503568726,23.47687339782715,7452337.47817692
2015-11-16 14:30:00,23.47687544890445,23.780033111572266,23.47241799827754,23.780033111572266,4311382.318614044
2015-11-17 14:30:00,23.753283787583065,24.145605776757726,23.753283787583065,24.020776748657227,6093043.3862680895
2015-11-18 14:30:00,24.01631691148632,24.17235489282424,23.802323569138338,24.145605087280277,6370734.177527565
2015-11-19 14:30:00,24.30609969792337,24.546842837680774,24.11439701633889,24.33284950256348,8509490.552048098
2015-11-20 14:30:00,24.399721905080487,24.57359138672061,24.34622399549919,24.42647171020508,2992015.510397606
2015-11-23 14:30:00,24.426470187404988,24.426470187404988,24.109938499502768,24.150060653686523,2754475.804652292
2015-11-24 14:30:00,24.016316013848414,24.43092863060971,24.016316013848414,24.4041805267334,8988383.547059165
2015-11-25 14:30:00,24.377429624345396,24.551299094382543,24.33284831944737,24.439844131469727,2257638.362832
2015-11-27 14:30:00,24.462134087553,24.61371290082614,24.453217486693674,24.56021499633789,1508008.260844106
2015-11-30 14:30:00,24.653837207768078,24.876747131347656,24.56467289820269,24.876747131347656,5346105.641521846
2015-12-01 14:30:00,24.912417232207893,25.170991897583008,24.912417232207893,25.170991897583008,3489525.5988759133
2015-12-02 14:30:00,25.24231679496974,25.36268834598048,25.03724009354444,25.072906494140625,4055674.481081782
2015-12-03 14:30:00,25.389441412212356,25.39835801350832,24.760835476522978,24.90349769592285,7180702.973429923
2015-12-04 14:30:00,24.95253927665562,25.376066802950326,24.83216770473986,25.322568893432617,4364542.909551962
2015-12-07 14:30:00,25.407274331492417,25.407274331492417,25.07736688989157,25.11303329467773,5403303.528434594
2015-12-08 14:30:00,24.81433477984121,24.98820426322606,24.698422357807285,24.885665893554688,4342560.889124886
2015-12-09 14:30:00,24.823250353466307,24.948079372127523,24.484426301860395,24.622631072998047,7625052.736535922
2015-12-10 14:30:00,24.618170241051526,24.899035494459447,24.609253640847967,24.7117919921875,3955634.037753348
2015-12-11 14:30:00,24.38634673457101,24.52900895402435,24.18572745700606,24.23476791381836,8713833.411653299
2015-12-14 14:30:00,24.25260216588489,24.29272602313414,23.793406532772902,24.051982879638672,9011486.876144215
2015-12-15 14:30:00,24.154519447645345,24.551298839387098,24.154519447645345,24.430927276611328,7104439.206026587
2015-12-16 14:30:00,24.60925702118944,24.6627549290917,24.23476826453796,24.622631072998047,3889238.965664421
2015-12-17 14:30:00,24.702879998567017,24.792044316562336,24.265976711124665,24.292726516723636,8448254.755615506
2015-12-18 14:30:00,24.105478426363696,24.230307436384848,23.95835876464844,23.95835876464844,9345927.79050846
2015-12-21 14:30:00,24.200225618871027,24.37786674499512,24.122791282769064,24.37786674499512,5669049.988158225
2015-12-22 14:30:00,24.423415487235395,24.5054039678156,24.28676859878821,24.482629776000977,2518821.5303753545
2015-12-23 14:30:00,24.528178841681083,24.646607422505365,24.478076313319505,24.614723205566406,1751517.2675457126
2015-12-24 14:30:00,24.56461759680286,24.77869881674112,24.541843405599927,24.68304443359375,1017583.7276091909
2015-12-28 14:30:00,24.59194467662289,24.651157219034104,24.37786348273239,24.623828887939453,3343646.614269986
2015-12-29 14:30:00,24.724038266237528,24.98366786431248,24.70126407540908,24.897125244140625,2609493.0712502254
2015-12-30 14:30:00,24.95178390125698,24.95178390125698,24.632941751324704,24.65571594238281,5366519.265557108
2015-12-31 14:30:00,24.560060865550923,24.560060865550923,24.26854705810547,24.26854705810547,3563189.7456307546
2016-01-04 14:30:00,23.840388428395343,24.01347541809082,23.680967344175496,24.01347541809082,6300017.505544291
2016-01-05 14:30:00,24.013470599105364,24.077239019996355,23.749285155346502,23.79027938842773,7568540.809549747
2016-01-06 14:30:00,23.362122318706785,23.40767070128429,22.970399973326337,23.175371170043945,6855462.64478643
2016-01-07 14:30:00,22.63789197963212,22.9658441577522,22.43292078233242,22.460250854492188,10819318.953381728
2016-01-08 14:30:00,22.528573684012567,22.68344061955516,22.10496711730957,22.10496711730957,6986529.963866022
2016-01-11 14:30:00,22.382818193506672,22.483026728030687,21.99109581770504,22.30538558959961,7205853.373883637
2016-01-12 14:30:00,22.6151174159566,22.674329964988782,22.17784495639644,22.49668884277344,10553452.053558772
2016-01-13 14:30:00,22.39192476997836,22.66977440014577,21.808897177206948,21.836225509643555,11694419.924913991
2016-01-14 14:30:00,21.922770444375875,22.524018099769098,21.731463424445668,22.41469955444336,9923143.262378275
2016-01-15 14:30:00,21.31241185334574,21.572041432629288,21.016342181326625,21.27141761779785,11621531.694802592
2016-01-19 14:30:00,21.594815625676937,21.75879256789786,21.230423386052244,21.41261863708496,16628878.341395743
2016-01-20 14:30:00,21.148437442194343,21.676806687180445,20.95713040755553,21.46728134155273,11816923.937084883
2016-01-21 14:30:00,21.708693026997164,22.013872788578,21.40351500297596,21.763351440429688,9448269.183605216
2016-01-22 14:30:00,22.191512814406867,22.30538551688217,22.027535844832897,22.177846908569336,8783053.166028801
2016-01-25 14:30:00,22.136847696194703,22.20972613991445,21.890884034615016,21.927322387695312,4950265.6414032
2016-01-26 14:30:00,22.03664591790394,22.26439132335441,21.931883239903872,22.11407852172852,8686893.13879608
2016-01-27 14:30:00,22.05030573280255,22.255276904752257,21.77245611499952,21.86810874938965,8154502.010634453
2016-01-28 14:30:00,21.968317417687214,22.02753169834448,21.649473563263985,21.75423622131348,7114963.770080798
2016-01-29 14:30:00,22.127740211646618,22.683437713529447,21.96376327295492,22.64699935913086,12376761.372967647
2016-02-01 14:30:00,22.45569383689262,22.879300377347597,22.45569383689262,22.74720764160156,5256089.125134747
2016-02-02 14:30:00,22.49669033582452,22.60145301132592,22.0320895112795,22.123188018798828,10126878.522297155
2016-02-03 14:30:00,22.30538597024469,22.36459852569248,21.71780239651503,22.155073165893555,18151847.74802316
2016-02-04 14:30:00,22.218837002359457,22.68343775021765,22.150514436166887,22.58323097229004,6008025.74163752
2016-02-05 14:30:00,22.451140597377297,22.47846893169395,21.71324429475838,21.79523277282715,11717032.092209147
2016-02-08 14:30:00,21.41717769757461,21.47183610724442,20.98446108858644,21.33063507080078,12160509.018190896
2016-02-09 14:30:00,20.998124982191303,21.5401601409948,20.98901669533163,21.23953628540039,7557781.701068839
2016-02-10 14:30:00,21.344297158573116,21.4718340145592,20.91613473480381,20.93435478210449,5246648.724323913
2016-02-11 14:30:00,20.620067310978357,20.88880693405833,20.51074876194608,20.78404426574707,8824547.6649391
2016-02-12 14:30:00,21.225871110484825,21.225871110484825,20.702057720051997,21.193986892700195,4863764.41664965
2016-02-16 14:30:00,22.141407349416266,22.141407349416266,21.46728119574109,21.91366195678711,9246948.865521751
2016-02-17 14:30:00,22.05486100244864,22.46024922437897,21.98198255287137,22.43747329711914,4417652.88408458
2016-02-18 14:30:00,22.601450122447005,22.615116026241832,22.34182053861601,22.346376419067383,3140788.31612017
2016-02-19 14:30:00,22.419259096865986,22.569570166485725,22.291720483561186,22.387374877929688,5768063.460457108
2016-02-22 14:30:00,22.624223803752887,22.84741502675516,22.615115518173344,22.75176239013672,5674539.174509803
2016-02-23 14:30:00,22.56956738305476,22.678885932754174,22.32815783014944,22.3691520690918,3644859.794482855
2016-02-24 14:30:00,22.0730795613247,22.697103089922493,21.986536951272655,22.65610885620117,6702661.347903736
2016-02-25 14:30:00,22.75631875791948,22.92029571533203,22.47846910647704,22.92029571533203,2844843.55762199
2016-02-26 14:30:00,23.056942513008565,23.15259689617521,22.956735724183584,23.047832489013672,5270578.758099132
2016-02-29 14:30:00,23.05694439258322,23.334794065619437,22.96129173917849,22.970401763916016,5116897.950644958
2016-03-01 14:30:00,23.280132305211406,23.676408767700195,23.207253855356463,23.676408767700195,4330055.039301933
2016-03-02 14:30:00,23.617193804672,23.79939079284668,23.56253540324329,23.79939079284668,2815864.094308783
2016-03-03 14:30:00,23.87226972931951,23.91326396562009,23.69918276076604,23.854049682617188,3951342.658026392
2016-03-04 14:30:00,23.94515033057717,24.209335818825934,23.76750920316274,24.00891876220703,6816603.353875263
2016-03-07 14:30:00,23.858607985745746,24.19111605281015,23.76750948054302,24.100017547607425,7127476.740019074
2016-03-08 14:30:00,23.913267077678068,24.008919728974497,23.60808907471532,23.64452743530273,7857019.260048487
2016-03-09 14:30:00,23.762952682994023,23.88593539963986,23.658190014197817,23.81305694580078,3443538.4869722626
2016-03-10 14:30:00,23.96336790877989,24.163783207180604,23.589865644111725,23.940593719482425,5877616.792856081
2016-03-11 14:30:00,24.209332862604867,24.423412322998047,24.18655693618158,24.423412322998047,4882646.046646823
2016-03-14 13:30:00,24.318652501434748,24.40519686179821,24.2184439736705,24.314098358154297,4718646.5484220935
2016-03-15 13:30:00,24.186557046979583,24.24577132834477,24.045356032840075,24.232107162475582,2826841.286358968
2016-03-16 13:30:00,24.154674891704687,24.537287206654693,24.14101072467199,24.51451301574707,7469745.242095706
2016-03-17 13:30:00,24.441634879235732,24.71948452956597,24.423414831249627,24.68304443359375,7153163.541092265
2016-03-18 13:30:00,24.71037763069352,25.00644736645379,24.71037763069352,24.997337341308597,3115759.748825788
2016-03-21 13:30:00,24.86524458304265,25.00189148510138,24.7787019505027,24.997337341308597,4413041.62282604
2016-03-22 13:30:00,24.85612861986313,25.06109979276421,24.7923601966404,24.983665466308597,1800914.8340941758
2016-03-23 13:30:00,24.992775221956094,24.992775221956094,24.678487251908862,24.687597274780277,4031037.135496972
2016-03-24 13:30:00,24.5099595584834,24.655716469442364,24.41430517389953,24.6466064453125,3804906.8648002776
2016-03-28 13:30:00,24.687597390793528,24.696707413707745,24.528174596133493,24.63749313354492,3246608.402570785
2016-03-29 13:30:00,24.54639981674577,25.01555480159881,24.46441133079248,24.979116439819336,5668171.359666212
2016-03-30 13:30:00,25.12942480643982,25.34806190387027,25.0747664008619,25.229633331298828,6566104.548536945
2016-03-31 13:30:00,25.13398069374538,25.197749123196257,25.065656383585505,25.08843231201172,3293151.270636612
2016-04-01 13:30:00,24.89257157901265,25.21596961264125,24.828801410885276,25.206859588623047,3423120.914152262
2016-04-04 13:30:00,25.220525029889902,25.234190935387243,24.96545129473298,25.01099967956543,5959505.677319252
2016-04-05 13:30:00,24.828801503475862,24.96545012669898,24.783253120774443,24.82424736022949,3458467.390940722
2016-04-06 13:30:00,24.705820791666607,25.07932309407511,24.61472228771246,25.056547164916992,2988205.366949924
2016-04-07 13:30:00,24.90168212568741,24.9608964184006,24.63294421177584,24.724040985107425,4368254.915781024
2016-04-08 13:30:00,24.983667377289603,25.07021173333377,24.755921998325945,24.84246635437012,2580513.3903234084
2016-04-11 13:30:00,25.00188758323221,25.220522939917217,24.85157653569349,24.86979484558105,5574866.097054706
2016-04-12 13:30:00,24.91989869960094,24.95633879389864,24.546396420846147,24.828800201416016,3833886.8288716017
2016-04-13 13:30:00,25.033774405695212,25.352618318998548,24.974561851662536,25.33439826965332,4319955.450821422
2016-04-14 13:30:00,25.0565441258007,25.09753836072989,24.842464665667578,25.06110000610352,5237647.791203049
2016-04-15 13:30:00,25.092986864963915,25.092986864963915,24.865241477457456,24.874351501464844,6413082.67970338
2016-04-18 13:30:00,24.77869978280327,24.965450938043343,24.72403963671387,24.90623664855957,3813029.8796274266
2016-04-19 13:30:00,24.960894334763665,24.99733443110208,24.591947915914044,24.69671058654785,6221640.769562446
2016-04-20 13:30:00,24.57372452452136,24.933562607890288,24.55550447883096,24.815134048461918,6570935.232970059
2016-04-21 13:30:00,24.787804579377585,24.84701886052377,24.5691692384831,24.67848777770996,4772874.323759809
2016-04-22 13:30:00,24.69670981134308,24.883460955316963,24.496292762891528,24.692153930664062,3523671.882772791
2016-04-25 13:30:00,24.742260808218397,24.75592497658109,24.500851233493197,24.56917381286621,2301692.966599781
2016-04-26 13:30:00,24.73315023206389,25.038329973317044,24.73315023206389,24.83335876464844,4940824.243431099
2016-04-27 13:30:00,24.66026764361606,25.161308485076383,24.637493454813143,25.124868392944336,7661187.810304474
2016-04-28 13:30:00,24.833356821492867,25.111206467329247,24.45529865091304,24.5008487701416,7540218.703342128
2016-04-29 13:30:00,24.41886133344013,24.41886133344013,23.74473517817116,23.89504623413086,20824131.430442456
2016-05-02 13:30:00,23.94059356425033,24.104568768664457,23.82216500057656,24.054466247558597,7209586.8486523535
2016-05-03 13:30:00,23.835831492049163,23.931484131373253,23.67640868894972,23.80394554138184,9636419.736968938
2016-05-04 13:30:00,23.603530397203706,23.785727391233284,23.475993543918587,23.548871994018555,6810895.757877747
2016-05-05 13:30:00,23.65818831292978,23.83127527993562,23.535205605127675,23.63541412353516,8292814.065794023
2016-05-06 13:30:00,23.48054797330843,23.66729911256525,23.36667528504063,23.639970779418945,6860292.945423539
2016-05-09 13:30:00,23.685519438182254,23.808502151464555,23.548872558166156,23.61719512939453,5115581.28654234
2016-05-10 13:30:00,23.676407005876264,23.885932316422977,23.57164435060291,23.881378173828125,4980123.501523874
2016-05-11 13:30:00,23.76750815853068,23.963369325676403,23.76750815853068,23.772062301635746,1981379.3672147596
2016-05-12 13:30:00,23.858606327736645,23.87682463746357,23.175370192535613,23.34845542907715,14274054.748480862
2016-05-13 13:30:00,23.498767035574417,23.635413908256822,23.384894352079208,23.416778564453125,5085284.567166153
2016-05-16 13:30:00,23.43044594067264,24.01347534158962,23.43044594067264,23.885936737060547,4013033.8845382654
2016-05-17 13:30:00,23.808505259511374,23.94059801371319,23.62175409367969,23.662748336791992,4623803.41664319
2016-05-18 13:30:00,23.649078191824696,24.25943584789569,23.649078191824696,24.08179473876953,6798381.950698395
2016-05-19 13:30:00,23.890492540265544,24.095463745484576,23.70829552727985,23.87227249145508,3766486.653937305
2016-05-20 13:30:00,24.18655874965216,24.664825439453125,24.18655874965216,24.664825439453125,9565945.93494074
2016-05-23 13:30:00,24.89712581508742,25.04743860560908,24.796917288072983,24.82424736022949,8414659.9479449
2016-05-24 13:30:00,24.9472320486824,25.430052936219287,24.9472320486824,25.42549705505371,6633723.254757606
2016-05-25 13:30:00,25.56214028647982,25.6213545702254,25.38449917280241,25.566696166992188,6822751.096975361
2016-05-26 13:30:00,25.603135940803263,25.698788586146986,25.53481336736893,25.653240203857425,5503953.423150548
2016-05-27 13:30:00,25.65779450566828,25.85365392750792,25.65779450566828,25.82176971435547,3077779.329377272
2016-05-31 13:30:00,25.935645374336183,25.935645374336183,25.73978419248037,25.91742706298828,8101151.596576911
2016-06-01 13:30:00,25.817216992554638,26.063182425463683,25.785332777647096,26.022188186645508,4192840.173828261
2016-06-02 13:30:00,25.90831852087901,26.017635345458984,25.858214252296698,26.017635345458984,4922821.459534362
2016-06-03 13:30:00,26.158836084424788,26.213494492448454,25.90376061771524,26.067737579345703,5707030.898144305
2016-06-06 13:30:00,26.07684573648948,26.199828448906683,25.935642976849135,26.00396728515625,6492777.22125272
2016-06-07 13:30:00,26.104176493517112,26.309145948707748,26.07684642196398,26.27726173400879,8731900.373053266
2016-06-08 13:30:00,26.27270836577284,26.331922653771443,26.190719886254588,26.281818389892575,4856958.898130971
2016-06-09 13:30:00,26.05407299957732,26.30914672469237,25.99030456829856,26.281818389892575,6793112.246348529
2016-06-10 13:30:00,25.94931100004777,26.0221894573322,25.75344982030346,25.82632827758789,6316263.792578584
2016-06-13 13:30:00,25.685126280621343,26.00397019243617,25.67601625599126,25.717010498046875,3657812.578245985
2016-06-14 13:30:00,25.66690339635582,25.76255777562656,25.44826804206148,25.68512344360352,8426735.231875597
2016-06-15 13:30:00,25.853658221459156,25.853658221459156,25.621358667400937,25.657798767089844,3004231.781741346
2016-06-16 13:30:00,25.37994539316878,25.712453435399624,25.234188490754143,25.671459197998047,7711023.694328015
2016-06-17 13:30:00,25.69879026672829,25.69879026672829,25.32984382840104,25.498374938964844,11142266.687850809
2016-06-20 13:30:00,25.86276431815096,26.186164072311065,25.86276431815096,25.926532745361328,5712080.851322412
2016-06-21 13:30:00,26.040406653890887,26.095066797684236,25.91742567425437,26.049516677856445,6730103.40108171
2016-06-22 13:30:00,26.054075445358706,26.30004090700303,25.99030700809379,26.017635345458984,7901147.103740899
2016-06-23 13:30:00,26.30003893951503,26.66898536682129,26.263598842341366,26.66898536682129,6975552.688530562
2016-06-24 13:30:00,25.48470833842718,25.926533193547904,25.1112060546875,25.1112060546875,17310998.82161746
2016-06-27 13:30:00,24.865241327148727,24.89257139900568,24.18200516875947,24.33687210083008,17146121.229324277
2016-06-28 13:30:00,24.696710290981983,25.001888275146484,24.596501764810046,25.001888275146484,11894862.236815304
2016-06-29 13:30:00,25.30706782065633,25.57125156387092,25.20230515200577,25.51203727722168,11973239.319420245
2016-06-30 13:30:00,25.603135130070303,26.172498578457706,25.50292834469448,25.967527389526367,7702900.515341663
2016-07-01 13:30:00,25.80355230017945,25.86276484805411,25.73978213410317,25.776222229003903,3525208.7151376884
2016-07-05 13:30:00,25.55758662329721,25.58036081360863,25.24329688929793,25.36627960205078,5601869.991388979
2016-07-06 13:30:00,25.1749741212312,25.43915785438173,24.970002934914813,25.402719497680664,7565905.516340211
2016-07-07 13:30:00,25.457378833966875,25.87643124551383,25.36628033253846,25.689680099487305,3504352.023340476
2016-07-08 13:30:00,25.944751646421683,26.391132354736328,25.85365315261968,26.391132354736328,6241180.78307648
2016-07-11 13:30:00,26.54600095270933,26.80563054706037,26.518672619130925,26.746417999267575,3247486.29173606
2016-07-12 13:30:00,26.94227690030992,27.06070372349941,26.851178408401505,27.03792953491211,3191942.074408941
2016-07-13 13:30:00,27.06526038149972,27.170024786344147,26.983273642477847,27.0424861907959,2172382.137079349
2016-07-14 13:30:00,27.279341270632735,27.32033550843329,27.04248586751393,27.27023124694824,3468346.9845227697
2016-07-15 13:30:00,27.25201098808788,27.25201098808788,27.10169821438304,27.19279670715332,4423141.644178658
2016-07-18 13:30:00,27.876036653446896,28.003573518435413,27.83504241290638,27.985353469848636,5770918.011243571
2016-07-19 13:30:00,27.88514380631429,27.92613804263349,27.78948942986328,27.876033782958984,1831211.751062431
2016-07-20 13:30:00,27.989907406776823,28.354299665406725,27.94435728847349,28.30419540405273,4997686.476907992
2016-07-21 13:30:00,28.26320525383321,28.276871160080272,27.935253042416957,28.062789916992188,7797303.076955701
2016-07-22 13:30:00,27.98079605546915,28.23131561279297,27.862367491059096,28.23131561279297,4723037.879070409
2016-07-25 13:30:00,28.24498427379874,28.38618704997137,28.24498427379874,28.363412857055664,2893801.532877261
2016-07-26 13:30:00,28.613930818130004,29.28805870529373,28.50916814666036,29.18329429626465,18906200.3682898
2016-07-27 13:30:00,29.388261467314827,29.388261467314827,28.93732660081916,29.07852935791016,6098477.341861126
2016-07-28 13:30:00,29.055759182816104,29.19240434072537,28.9282205744936,29.04209327697754,3775926.895742604
2016-07-29 13:30:00,29.042092844660417,29.10130713558728,28.79612913150175,28.92366600036621,4316223.261547114
2016-08-01 13:30:00,28.996541450374128,29.105859996313534,28.923662998934304,29.005651473999023,2740560.557731592
2016-08-02 13:30:00,28.94643919503039,29.06486777280108,28.463620072369864,28.6230411529541,12268085.664839284
2016-08-03 13:30:00,28.550162126793847,28.695919036865234,28.504613743981324,28.695919036865234,2799837.1439779764
2016-08-04 13:30:00,28.700473295021723,28.914554517728373,28.682254984359435,28.9008903503418,3347817.4890297838
2016-08-05 13:30:00,29.05120220033289,29.278947596666782,28.97376959960792,29.23795509338379,2042631.8489352516
2016-08-08 13:30:00,29.34271602963076,29.379156127072736,29.18785082818081,29.23795509338379,1695533.724132303
2016-08-09 13:30:00,29.383708835299853,29.50668980698883,29.383708835299853,29.433813095092773,4335982.735644168
2016-08-10 13:30:00,29.49758470619967,29.49758470619967,29.14685658733833,29.23795509338379,1410127.2964005931
2016-08-11 13:30:00,29.329050221304502,29.39737453140664,29.201513362510525,29.35637855529785,1333287.1788984314
2016-08-12 13:30:00,29.379152063897354,29.54312900458905,29.37459618356745,29.479360580444336,2921464.5069852984
2016-08-15 13:30:00,29.575018787309126,29.880196799643755,29.575018787309126,29.811872482299805,3836740.3702890216
2016-08-16 13:30:00,29.77543494642165,29.77998735235116,29.606902098816317,29.63878631591797,1679507.0228569442
2016-08-17 13:30:00,29.64334033268341,29.64334033268341,29.41559494624629,29.57501602172852,4568918.019717234
2016-08-18 13:30:00,29.597789728175744,29.802759170532227,29.597789728175744,29.802759170532227,2930685.273387033
2016-08-19 13:30:00,29.84375175044504,30.012284575257777,29.743546706762437,29.957624435424805,2174797.231170967
2016-08-22 13:30:00,29.902971221602765,30.02595220652112,29.83009102674821,29.966739654541016,2064366.646956738
2016-08-23 13:30:00,30.14893360874604,30.26735870069515,30.08971758765288,30.11249351501465,3759681.20968716
2016-08-24 13:30:00,30.12160632610136,30.153490544126687,29.79820826466756,29.875640869140625,4334006.167023336
2016-08-25 13:30:00,29.907526407074027,30.103384107173383,29.884750477931885,29.97584724426269,3513572.751907184
2016-08-26 13:30:00,30.05783563491394,30.34024116989259,29.92119048582275,30.103384017944336,4926773.704027848
2016-08-29 13:30:00,30.19904066958056,30.30835748579444,30.153488810632425,30.208148956298828,2380948.2591299154
2016-08-30 13:30:00,30.21725545567852,30.358459954851472,30.07605443162429,30.158042907714844,3208846.6402808083
2016-08-31 13:30:00,30.21270305014812,30.230923097625883,30.012286003011493,30.158042907714844,2266785.821079594
2016-09-01 13:30:00,30.185372691495196,30.43589401245117,30.071499995627725,30.43589401245117,3976370.248817241
2016-09-02 13:30:00,30.554322432196926,30.554322432196926,30.294692825957853,30.408565521240234,4850592.133876223
2016-09-06 13:30:00,30.49510562921262,30.55432165332604,30.2400319103203,30.404008865356445,4826662.025059884
2016-09-07 13:30:00,30.53154235964328,30.581646616777363,30.17170427437048,30.203588485717773,8718070.054149004
2016-09-08 13:30:00,30.10338268661187,30.21725537671124,29.95307337677093,30.14437866210937,8210923.964157684
2016-09-09 13:30:00,29.880193932293825,29.88474981304467,29.010206627738636,29.05120086669922,23982044.59300504
2016-09-12 13:30:00,28.88722326060648,29.66155964023589,28.72324804601461,29.647891998291016,14658694.674599914
2016-09-13 13:30:00,29.547684457249016,29.72076968097682,29.19695465441101,29.32449150085449,8169870.01367656
2016-09-14 13:30:00,29.360935926662933,29.65700563539119,29.22884318045743,29.57046127319336,5759940.828195656
2016-09-15 13:30:00,29.643342217617512,30.35846263749773,29.493029418982548,30.30380249023437,11307143.808881214
2016-09-16 13:30:00,30.72285133965044,30.72285133965044,30.094275322094504,30.31746482849121,5887715.297516848
2016-09-19 13:30:00,30.631755109689536,30.827616285083387,30.35390545447689,30.422229766845703,4777045.078742897
2016-09-20 13:30:00,30.59987106304321,30.636311159857144,30.2445888069046,30.30835723876953,3128932.6754899905
2016-09-21 13:30:00,30.554316521097427,30.782061867602117,30.35389950413548,30.72740173339844,8509284.732893987
2016-09-22 13:30:00,31.037140175229226,31.15101286547445,30.768402294307474,30.8731632232666,6853267.436813889
2016-09-23 13:30:00,30.85949868475794,30.87316285140379,30.485996404257133,30.513324737548828,4627316.744796306
2016-09-26 13:30:00,30.33568171273357,30.404006016783747,30.13526815600312,30.230920791625977,3832350.248045564
2016-09-27 13:30:00,30.176258411871277,30.741065898169804,30.13071003759398,30.72740173339844,8897657.102988403
2016-09-28 13:30:00,30.80484253838177,30.90505107360641,30.554324675439297,30.76840591430664,3506547.1111748647
2016-09-29 13:30:00,30.718300591558936,31.333212475084263,30.440450926205,31.146459579467773,14818081.980855146
2016-09-30 13:30:00,31.35143619058836,31.7704869405788,31.342324427477596,31.6429500579834,7294109.165950925
2016-10-03 13:30:00,31.58828174542623,31.79780706630108,31.360536378155505,31.396976470947266,4829955.5472072335
2016-10-04 13:30:00,31.52907618939556,31.647504779659204,31.21934228225013,31.264890670776367,7940884.246379914
2016-10-05 13:30:00,31.424305776725504,31.75681555229638,31.374201516363883,31.50629425048828,8839916.09463693
2016-10-06 13:30:00,31.58827949610929,31.747700546823157,31.32864993491293,31.6884880065918,5451044.310045555
2016-10-07 13:30:00,31.775039721085037,31.775039721085037,31.43342161527886,31.711271286010746,4613704.523302553
2016-10-10 13:30:00,31.89801711432895,31.98000558948481,31.592839141572725,31.611059188842773,3897115.309317717
2016-10-11 13:30:00,31.48352620411262,31.55640292703464,30.7091897379616,30.9597110748291,9088437.982294638
2016-10-12 13:30:00,30.91416268861295,31.00525946104525,30.64086542107782,30.9597110748291,9368794.899544444
2016-10-13 13:30:00,30.668191947686093,30.731960372422968,30.089716769563505,30.60442352294922,14483060.815484336
2016-10-14 13:30:00,30.813951413842,31.1419053256267,30.763847150923848,30.8002872467041,5150708.081812851
2016-10-17 13:30:00,30.74106905697228,30.92782192835268,30.645416418625697,30.67274475097656,1979184.034277715
2016-10-18 13:30:00,31.023476779193743,31.182897854474117,30.93238001478176,31.0189208984375,5925257.248103161
2016-10-19 13:30:00,30.686414796987183,30.813951658110287,30.545210293499032,30.7000789642334,14708969.665816603
2016-10-20 13:30:00,30.65907722700064,31.06901954295927,30.53154038983977,30.96881103515625,7838579.534010126
2016-10-21 13:30:00,30.864057493923877,30.96426602566009,30.63631209456665,30.92782592773437,4449486.149270359
2016-10-24 13:30:00,31.12368690733753,31.32410049438477,31.069026760805205,31.32410049438477,2852088.3673905567
2016-10-25 13:30:00,31.251220623995515,31.36053743092202,31.1874521970285,31.23755645751953,3122566.1564455964
2016-10-26 13:30:00,30.795733193347672,31.3423207620104,30.795733193347672,31.146459579467773,2480840.453124871
2016-10-27 13:30:00,31.424305275203665,31.53362555522173,31.02803055427352,31.05535888671875,5614603.695822221
2016-10-28 13:30:00,31.137347557037003,31.301324502987537,30.86860621084973,30.87771797180176,4721940.076733217
2016-10-31 13:30:00,31.046250838708065,31.2102243097538,31.0325831972622,31.09635162353516,3452759.507623052
2016-11-01 13:30:00,31.13734681314316,31.273995423210167,30.499659091361305,30.80939292907715,5917134.647042235
2016-11-02 13:30:00,30.786619034308096,30.96426362916733,30.54065708014336,30.61808967590332,4017425.0430317097
2016-11-03 13:30:00,30.654531773135727,30.81395285573572,30.45411471208489,30.490554809570312,5910547.56787135
2016-11-04 13:30:00,30.2901384771274,30.6363124613279,30.18082165716057,30.331130981445312,6700464.580353671
2016-11-07 14:30:00,30.827616399682466,31.246667086927918,30.78206801630689,31.242111206054688,4606020.744494582
2016-11-08 14:30:00,31.146459207296022,31.45619308586894,31.04169827086165,31.296772003173828,2062610.295186855
2016-11-09 14:30:00,30.53155202652407,31.13735570905018,30.42223519230988,31.0462589263916,11470482.545988768
2016-11-10 14:30:00,31.296766394058537,31.301322274210158,30.121599523462415,30.4677734375,12869856.283604844
2016-11-11 14:30:00,30.5406583804249,31.22844696044922,30.5406583804249,31.22844696044922,14454518.615597917
2016-11-14 14:30:00,31.1920135551922,31.2147860116117,30.809399451080584,30.891387939453125,6433060.356345128
2016-11-15 14:30:00,31.005257240207925,31.478968068187097,30.987037192002703,31.40608787536621,6482677.874325839
2016-11-16 14:30:00,31.346873950619838,31.69304790110316,31.29676968903204,31.65205192565918,4026206.812173772
2016-11-17 14:30:00,31.7385977029008,31.980007260384436,31.579176624856785,31.85247039794922,3340572.556381882
2016-11-18 14:30:00,31.86613892069828,32.075664291210366,31.78415043005273,32.034671783447266,11752376.779347958
2016-11-21 14:30:00,32.339846681396644,32.339846681396644,32.02100451261357,32.24419403076172,8063170.570007744
2016-11-22 14:30:00,32.49471039874496,32.667799118270764,32.458273777635334,32.61769485473633,7496968.475953487
2016-11-23 14:30:00,32.59036855119154,32.69057360938645,32.47193996862784,32.56759262084961,3998104.849685484
2016-11-25 14:30:00,32.64046988690987,32.67690650701845,32.52204131498042,32.66324234008789,973675.0645520284
2016-11-28 14:30:00,32.59492103464509,32.71790549859333,32.508380144402,32.58125686645508,7184557.734058886
2016-11-29 14:30:00,32.43549509961921,32.64046801719259,32.32162241489574,32.45827102661133,6473896.718868279
2016-11-30 14:30:00,32.503820859037404,32.54026095380696,32.34895219382616,32.36717224121094,3879990.8978580674
2016-12-01 14:30:00,32.317071040050934,32.317071040050934,30.741073280770067,30.827617645263672,24266790.7712335
2016-12-02 14:30:00,30.804841265244097,31.35598471108221,30.79117709739076,31.32410049438477,8334965.350472056
2016-12-05 14:30:00,31.538181058435264,31.72948982969919,31.37875997831442,31.638389587402344,5826682.077509817
2016-12-06 14:30:00,31.752266338589514,31.984567642211918,31.674833729088498,31.984567642211918,5890568.457352426
2016-12-07 14:30:00,31.88434586146908,32.6450144215644,31.78869324089882,32.62224197387695,7603888.160458854
2016-12-08 14:30:00,32.626806447349395,32.941096227709345,32.59492222869833,32.818115234375,5556643.226512576
2016-12-09 14:30:00,33.06407288255858,33.114177144595736,32.512929475268585,32.64957809448242,7489065.136873457
2016-12-12 14:30:00,32.52660328303495,32.61770006303335,32.23053353536109,32.512935638427734,8449126.910124296
2016-12-13 14:30:00,32.57668967454522,33.11416877915738,32.57668967454522,33.09139633178711,8364825.951688766
2016-12-14 14:30:00,32.89554320212476,33.00030413072741,32.65868606115417,32.736122131347656,6930107.657822373
2016-12-15 14:30:00,32.831774524151136,33.341921946758546,32.82721864355823,33.25993347167969,13136819.84015859
2016-12-16 14:30:00,33.32370653285438,33.37380732064294,32.69968292444731,32.8317756652832,7665358.369856436
2016-12-19 14:30:00,32.917183437705724,33.23859405517578,32.89422403512372,33.23859405517578,3753157.722047381
2016-12-20 14:30:00,33.27991517451873,33.41766105954343,33.18348850095524,33.28909683227539,2558149.908033393
2016-12-21 14:30:00,33.51408647960817,33.51408647960817,33.21563178735237,33.2569580078125,4421334.734974729
2016-12-22 14:30:00,33.5691840131439,33.5691840131439,33.25236252864503,33.42684555053711,1649969.6996124573
2016-12-23 14:30:00,33.33042642152774,33.58296585083008,33.33042642152774,33.58296585083008,1137947.4299809863
2016-12-27 14:30:00,33.67021010036602,33.96407227649436,33.67021010036602,33.86764907836914,2789005.4759066617
2016-12-28 14:30:00,34.00080102835774,34.13395435199055,33.30746841430664,33.30746841430664,4213999.275644909
2016-12-29 14:30:00,33.17430430665457,33.36256155584016,33.05951432635472,33.31664276123047,2759169.390679247
2016-12-30 14:30:00,33.481954267230385,33.610518537097455,32.83912941478143,32.894229888916016,3308867.586815532
2017-01-03 14:30:00,33.44521187190799,33.44521187190799,32.747290230944095,32.94932174682617,6252069.1538155805
2017-01-04 14:30:00,33.09625404805498,33.197269809796204,32.958504645114616,33.054927825927734,4214652.792455665
2017-01-05 14:30:00,33.13298583011301,33.252364902642434,32.86207962036133,32.86207962036133,3284911.721558188
2017-01-06 14:30:00,32.90799581807882,33.16053521517091,32.77943158069111,33.0319709777832,5649446.908830249
2017-01-09 14:30:00,33.07787829742432,33.50489712752183,33.07787829742432,33.413063049316406,5127190.100597852
2017-01-10 14:30:00,33.390109991390055,33.61509737164539,33.390109991390055,33.54163360595703,3857043.9628702686
2017-01-11 14:30:00,33.44980265735106,33.69315687763172,33.40847994210907,33.68397521972656,4819453.294680485
2017-01-12 14:30:00,33.463575751029246,33.463575751029246,32.963093089174635,33.12379837036133,8532974.221384846
2017-01-13 14:30:00,33.44980299175021,33.679382975912,33.394706037543415,33.6151008605957,2462540.4608512693
2017-01-17 14:30:00,33.51867714837586,33.550818205516926,33.137573540051434,33.22022247314453,3409922.757215322
2017-01-18 14:30:00,33.39470410636099,33.807945251464844,33.33501107193888,33.807945251464844,4358176.351975447
2017-01-19 14:30:00,33.57837169244066,33.81254428833099,33.48654108779619,33.55082321166992,2324026.3340908345
2017-01-20 14:30:00,33.867641452179306,34.092628863809665,33.82172615433206,33.87223052978516,5926039.051053213
2017-01-23 14:30:00,33.775804237630965,33.830904691832366,33.40847838562532,33.57377624511719,3624662.882205127
2017-01-24 14:30:00,33.72070934983241,34.230377197265625,33.72070934983241,34.230377197265625,8965720.587726595
2017-01-25 14:30:00,34.556382149945094,34.6757612262152,34.3773100324272,34.65280532836914,5967854.417133374
2017-01-26 14:30:00,34.68953712981502,34.68953712981502,34.262518217651206,34.38648986816406,5698667.504425234
2017-01-27 14:30:00,34.55179046352823,34.82728576660156,34.55179046352823,34.82728576660156,3680416.3632050073
2017-01-30 14:30:00,34.72168034648261,34.72168034648261,34.276294587455055,34.6619873046875,3886880.403110924
2017-01-31 14:30:00,34.47832179498433,34.60229695340675,34.05130636941046,34.17987060546875,4753027.394496101
2017-02-01 14:30:00,34.57933936347451,34.67576254556729,34.30384405705045,34.528831481933594,3716133.7145139943
2017-02-02 14:30:00,34.32220518186701,34.63902665838788,34.20741519798117,34.56555938720703,2493902.2579243216
2017-02-03 14:30:00,34.735453611789985,34.80432831025357,34.639030435186044,34.71708679199219,3583282.628221723
2017-02-06 14:30:00,34.73545139813325,34.80891516953,34.55637929540764,34.675758361816406,2090556.8674600185
2017-02-07 14:30:00,34.850244853331176,34.91452697336383,34.66658015190383,34.82269287109375,3106542.3681281605
2017-02-08 14:30:00,34.81809806447934,34.96502910082319,34.69871550272738,34.85942077636719,2916848.6246507512
2017-02-09 14:30:00,34.90534028965871,34.923707109311906,34.55638122558594,34.55638122558594,3896027.6813307977
2017-02-10 14:30:00,34.868611749855106,34.868611749855106,34.32221022527272,34.59311294555664,4380825.827157385
2017-02-13 14:30:00,34.85024098206547,35.04767990112305,34.76759205075969,35.04767990112305,3731815.016186598
2017-02-14 14:30:00,34.85942429533856,34.85942429533856,34.59311067035906,34.77677536010742,4187429.46649726
2017-02-15 14:30:00,34.88238233952491,35.134918212890625,34.7354512940592,35.134918212890625,3534715.9142135726
2017-02-16 14:30:00,35.16705448410216,35.268070220947266,35.04308285449988,35.268070220947266,4203328.800225585
2017-02-17 14:30:00,35.08900065366042,35.396636962890625,35.006351726974906,35.396636962890625,3677367.964447954
2017-02-21 14:30:00,35.575721678471425,35.731834411621094,35.46552074589306,35.731834411621094,2441632.317357124
2017-02-22 14:30:00,35.612444244595096,35.69509317489245,35.4746983628411,35.575714111328125,2853254.1070088227
2017-02-23 14:30:00,35.56193966621492,35.57112482771722,35.0522717993309,35.18083953857422,5940630.872742437
2017-02-24 14:30:00,34.79514205587809,35.245120369008625,34.66657782444439,35.231346130371094,2996341.3327391166
2017-02-27 14:30:00,35.20839111661876,35.40123748779297,35.130334752540584,35.40123748779297,4113380.7022504415
2017-02-28 14:30:00,35.32777287036368,35.34613969143875,34.987991935144315,35.075233459472656,5262653.340238715
2017-03-01 14:30:00,35.35991125008808,35.53439078240087,35.08441596107901,35.483882904052734,3991201.474367513
2017-03-02 14:30:00,35.44714903478082,35.52061631303349,35.15787950866437,35.171653747558594,4175451.007468733
2017-03-03 14:30:00,35.26807561411554,35.29562759399414,35.05226987114777,35.29562759399414,2908572.4115450718
2017-03-06 14:30:00,35.1349194348715,35.35072518171077,34.997173545457386,35.30940246582031,5580843.632253936
2017-03-07 14:30:00,35.22675003250701,35.54816057899943,35.18083474059556,35.396636962890625,3338488.215991868
2017-03-08 14:30:00,35.392049783556274,35.672137633280016,35.35072356644155,35.433372497558594,3267924.391348319
2017-03-09 14:30:00,35.32317572204868,35.50684040593869,35.217567390300374,35.447147369384766,2328382.475387842
2017-03-10 14:30:00,35.66755099679891,35.874171607468014,35.59867629220487,35.78234100341797,3900818.6617322634
2017-03-13 13:30:00,35.8971318978529,35.95682144165039,35.727241422734245,35.95682144165039,5954568.722722
2017-03-14 13:30:00,35.83743604589295,35.851210284105264,35.59407832606306,35.828250885009766,2765702.8462778693
2017-03-15 13:30:00,35.842022213092235,36.18180307593286,35.73641739329726,36.15425109863281,5241964.502079637
2017-03-16 13:30:00,36.20935313237409,36.30118371908789,36.09456314742569,36.18180465698242,3493771.6925414577
2017-03-17 13:30:00,36.30577723586792,36.37465192923605,36.1818055902952,36.278228759765625,4463586.148334616
2017-03-20 13:30:00,36.429756444348,36.65474738960008,36.28282536944517,36.50781631469727,2472340.543378712
2017-03-21 13:30:00,36.63177983932378,36.723613930160425,35.72264511027144,35.80988311767578,11722494.656636711
2017-03-22 13:30:00,35.84202630704062,36.190988866765686,35.75019571385051,36.15884780883789,7215132.417361856
2017-03-23 13:30:00,36.0945679483899,36.22313218813456,35.96141112776499,36.04865264892578,2897247.141494473
2017-03-24 13:30:00,36.60423445905706,36.7282061132797,36.2185382511516,36.33332824707031,3537329.1613978343
2017-03-27 13:30:00,36.177216116483095,36.51699352900055,35.96600294096615,36.498626708984375,2717789.0588902724
2017-03-28 13:30:00,36.46189623289546,36.69147622629303,36.342513655457175,36.567501068115234,5078621.977224795
2017-03-29 13:30:00,36.50321931210216,36.51699355134454,36.34251401575319,36.42057037353516,2567950.218268071
2017-03-30 13:30:00,36.415975521879055,36.68688172149902,36.41138644449291,36.60423278808594,1280381.6703107054
2017-03-31 13:30:00,36.56290244426154,36.75575226920693,36.48025352017412,36.59963607788086,1885399.7908774675
2017-04-03 13:30:00,36.64095783876245,36.70982901453911,36.24608008312172,36.51239013671875,2745231.287057917
2017-04-04 13:30:00,36.31955653163251,36.53536229945244,36.26904864966984,36.38383865356445,3240046.932496523
2017-04-05 13:30:00,36.43433572653696,36.70064929731219,36.131292027778,36.16802215576172,3148576.48716464
2017-04-06 13:30:00,36.09915573133976,36.27822782762836,35.89712423681422,36.18639373779297,2199887.0379502694
2017-04-07 13:30:00,36.15425233411097,36.415973357175965,36.12211127875606,36.3287353515625,1876470.3397120344
2017-04-10 13:30:00,36.31037148222909,36.31496055971508,35.92926786413723,36.00732421875,4271496.02881799
2017-04-11 13:30:00,35.88793947080643,35.88793947080643,35.268070803225044,35.73641586303711,14733211.674187057
2017-04-12 13:30:00,35.74560498114112,35.76397180135114,35.15788074687156,35.27267074584961,17192482.076573897
2017-04-13 13:30:00,35.093593293280705,35.53897898211259,35.01094436645508,35.01094436645508,5902518.59067245
2017-04-17 13:30:00,35.17624215669594,35.410414699465136,35.16705699644731,35.39204788208008,4768055.484412113
2017-04-18 13:30:00,35.24971283988632,35.54816755051041,35.18543071798118,35.534393310546875,4629540.745634413
2017-04-19 13:30:00,35.83284604048712,36.002736497910135,35.63999968543141,35.727237701416016,7820150.009038318
2017-04-20 13:30:00,35.961405389016505,36.278226860052094,35.80529269512851,36.241493225097656,4912449.594241981
2017-04-21 13:30:00,36.09456634521485,36.172622701148185,35.85121211606229,36.09456634521485,5932572.776040179
2017-04-24 13:30:00,36.64555995472266,36.73280147923197,36.494039810986656,36.618011474609375,4762827.580654705
2017-04-25 13:30:00,36.79249025230303,37.00829601698565,36.66392601030816,36.9853401184082,4379519.036953799
2017-04-26 13:30:00,36.95778183163215,36.98074122940612,36.61800446387328,36.70524597167969,4348158.162389343
2017-04-27 13:30:00,36.90268637470389,37.22868951823041,36.90268637470389,37.19654846191406,5492421.550793715
2017-04-28 13:30:00,36.97615060030917,37.040432713733495,36.494034749626685,36.59504699707031,9564640.718335915
2017-05-01 13:30:00,36.7052516082428,36.97615432739258,36.53536114671837,36.97615432739258,5007622.603307494
2017-05-02 13:30:00,36.92105520041185,36.92105520041185,36.57668521982252,36.77871322631836,7075311.837083702
2017-05-03 13:30:00,36.70525223566811,37.008296019949896,36.67770025301496,36.98992919921875,5798414.383137831
2017-05-04 13:30:00,36.99451637782681,37.05420590915186,36.81085170044897,36.95319366455078,2075311.700931284
2017-05-05 13:30:00,36.98992725523279,37.100128173828125,36.78330666331373,37.100128173828125,2242137.8910616706
2017-05-08 13:30:00,37.14604254510724,37.15981678380991,36.96237785514241,37.00829315185547,2019993.147968222
2017-05-09 13:30:00,37.067985772674085,37.45367846445265,37.067985772674085,37.38021469116211,3550614.411043413
2017-05-10 13:30:00,37.756726239803015,37.958754246441295,37.614384265609175,37.8531494140625,3626622.729955207
2017-05-11 13:30:00,37.784278810986905,38.06436670599198,37.54551363666472,37.9358024597168,3689563.356452313
2017-05-12 13:30:00,37.96793713952015,38.068952888361046,37.821006096600414,38.04140090942383,2120829.5852772547
2017-05-15 13:30:00,38.087321783636014,38.46383285522461,38.04140648283017,38.46383285522461,3856607.598464871
2017-05-16 13:30:00,38.53270361996944,38.92298889160156,38.399546809062,38.92298889160156,3965502.5033547543
2017-05-17 13:30:00,38.37659096252367,38.555663069777566,37.4353116269685,37.45827102661133,13763612.773409864
2017-05-18 13:30:00,37.59142486935493,38.17914902143227,37.39398595859967,38.01385116577149,7197709.93032385
2017-05-19 13:30:00,38.41790961521302,38.55565899227704,38.35362750674639,38.45464324951172,6730117.045183775
2017-05-22 13:30:00,38.59698101458121,38.83574613014865,38.55106572408351,38.82197189331055,4673970.761919071
2017-05-23 13:30:00,38.909217249013096,38.909217249013096,38.45005725102059,38.73933029174805,5488500.764478941
2017-05-24 13:30:00,38.987273875321314,39.01482235191841,38.76228297273672,38.90921401977539,2175712.36013352
2017-05-25 13:30:00,39.12961037222844,39.25358201378753,38.87707100575879,39.1755256652832,7553359.346593728
2017-05-26 13:30:00,39.1158399196967,39.25817839287364,38.87248569015702,39.24899673461914,1729680.3565477284
2017-05-30 13:30:00,39.308692204150425,39.57041329281487,39.23063583631141,39.52908706665039,3804991.305473981
2017-05-31 13:30:00,39.74029771215456,39.75407195107106,39.26277091207745,39.4831657409668,3774937.001635222
2017-06-01 13:30:00,39.58877405409557,39.58877405409557,39.31327876659286,39.55663299560547,5717832.810269006
2017-06-02 13:30:00,39.76783847038644,39.90558783903731,39.483158076626886,39.86426162719727,2830822.169959418
2017-06-05 13:30:00,39.89641186935757,40.15813292759048,39.86886339052656,39.96987915039063,4776766.298818156
2017-06-06 13:30:00,39.9239571536104,40.30965334194629,39.77702610641398,40.06170654296875,3807823.309683091
2017-06-07 13:30:00,40.263737657263086,40.484132474370696,40.13976250741665,40.36016082763672,5777725.094899195
2017-06-08 13:30:00,40.54382507810266,40.92951775548255,40.3326084178852,40.89278411865234,7175495.146158538
2017-06-09 13:30:00,41.12695635790427,41.19583105065251,38.61075830420705,39.34541702270508,19439631.11003169
2017-06-12 13:30:00,38.867885886966135,39.10664749145508,38.16996088348399,39.10664749145508,18161864.907639053
2017-06-13 13:30:00,39.49693395108619,39.67141695902927,38.94135087987779,39.359188079833984,7573396.372919549
2017-06-14 13:30:00,39.45102095312311,39.48775458883643,38.63830940586183,39.019412994384766,6910663.89672984
2017-06-15 13:30:00,38.36740423962341,38.79901571292889,38.36740423962341,38.6612663269043,9144743.583837068
2017-06-16 13:30:00,38.826563231699126,39.01941306800172,38.53729373191372,38.638309478759766,8072786.176823891
2017-06-19 13:30:00,39.04696488881121,39.36378639413488,39.04696488881121,39.32246017456055,5857217.817402099
2017-06-20 13:30:00,39.37756302619887,39.53826832739376,38.83116149902344,38.83116149902344,5756163.363772718
2017-06-21 13:30:00,39.01482163139775,39.28113524395975,38.86329800668705,39.27654266357422,6982316.271679305
2017-06-22 13:30:00,39.271948831631896,39.37296457821976,39.04696144348495,39.1755256652832,4891323.959551021
2017-06-23 13:30:00,39.19389657213343,39.49694034040054,39.10206597644344,39.33623504638672,4501481.115480018
2017-06-26 13:30:00,39.70816092795709,39.79999153269381,38.92758677524285,39.184715270996094,11713127.558289796
2017-06-27 13:30:00,38.886258325090765,38.8908474024724,38.064361572265625,38.064361572265625,16545432.146456366
2017-06-28 13:30:00,38.34444614289627,38.69340516206535,37.91742727446759,38.61534881591797,8573265.661060369
2017-06-29 13:30:00,38.3628273128634,38.43629110639529,37.27461662731962,37.74755096435547,16760167.290107802
2017-06-30 13:30:00,37.917433528070326,38.04599776719023,37.44908836771892,37.58683776855469,11384920.32305562
2017-07-03 13:30:00,37.82560086424845,37.93580179035098,37.15522766113281,37.15522766113281,7077924.658347724
2017-07-05 13:30:00,37.302151898096255,37.91742802864887,37.302151898096255,37.8623275756836,14053491.059910843
2017-07-06 13:30:00,37.61897308202309,37.949568791040114,37.36184464305973,37.701622009277344,5925604.198293396
2017-07-07 13:30:00,37.94956712893889,38.37199340390948,37.87609986210291,38.20669555664063,7438584.984448348
2017-07-10 13:30:00,38.28475248149832,38.6934045259187,38.124047211745165,38.6015739440918,7388928.969003488
2017-07-11 13:30:00,38.66126722106405,38.97808871438063,38.514336174025374,38.90921401977539,6368804.459197651
2017-07-12 13:30:00,39.36837511455591,39.53826556573135,39.138795127995216,39.46939086914063,6863185.348185657
2017-07-13 13:30:00,39.48775324745223,39.73570002542598,39.262765866797466,39.37755584716797,6539116.023691729
2017-07-14 13:30:00,39.57958123343771,39.92395115195293,39.519891708682046,39.86426162719727,5103886.563548158
2017-07-17 13:30:00,39.9515092054256,39.96528344376379,39.588772415699175,39.75407028198242,3736170.713782007
2017-07-18 13:30:00,39.61632464183759,39.90559768676758,39.44643768210444,39.90559768676758,8513589.947512731
2017-07-19 13:30:00,40.13058150036423,40.30046844482422,40.05711422472882,40.30046844482422,6563290.008543687
2017-07-20 13:30:00,40.4198516290888,40.4198516290888,39.98824013596724,40.38771057128906,5941066.678662062
2017-07-21 13:30:00,40.09384884444296,40.162723541259766,39.87804309586952,40.162723541259766,6828774.660806083
2017-07-24 13:30:00,40.09385015154079,40.12139862992058,39.919370616614266,40.03416061401367,5823895.941681122
2017-07-25 13:30:00,39.89641315968232,40.02038832465699,39.60255103227159,39.9239616394043,6987760.075720725
2017-07-26 13:30:00,40.24078143094589,40.44740202616403,40.11680977443756,40.34638977050781,4390844.225345774
2017-07-27 13:30:00,40.47495158353847,40.56678217522124,39.428067424659865,39.83671951293945,13867280.44769312
2017-07-28 13:30:00,39.64387543639169,39.83213273079228,39.492355288369566,39.648468017578125,7902255.75234317
2017-07-31 13:30:00,39.75865752213022,39.91018114307346,39.2811342672808,39.41428756713867,7685557.237607914
2017-08-01 13:30:00,39.5474490989194,39.5887753200783,39.34082850246314,39.58418273925781,4764352.348498895
2017-08-02 13:30:00,40.02498050843487,40.02498050843487,39.129619816862586,39.36838150024414,8670397.21948783
2017-08-03 13:30:00,39.36837485645093,39.46479802980075,39.07451275582886,39.23062896728516,6474867.570186679
2017-08-04 13:30:00,39.39133231683311,39.58877123438478,39.19389339928143,39.34541702270508,7395679.911655476
2017-08-07 13:30:00,39.46939228854984,40.05252743712792,39.46939228854984,40.03874969482422,6579188.231119946
2017-08-08 13:30:00,40.038743987245205,40.34638379881104,39.80457494815423,39.91936492919922,11084808.869350463
2017-08-09 13:30:00,39.50153120075971,39.84590117426829,39.46020848543269,39.84130859375,7695575.119396868
2017-08-10 13:30:00,39.49693792143218,39.61172791057076,38.73932679560754,38.74850845336914,12101229.47501149
2017-08-11 13:30:00,38.67503957144291,39.14797370370263,38.60616488643833,39.10664749145508,7233210.107834183
2017-08-14 13:30:00,39.40969494374749,39.92395178826821,39.40969494374749,39.87803649902344,7233863.431035716
2017-08-15 13:30:00,39.92855545257991,40.05253062138042,39.74948332263516,40.02497863769531,8779727.69952998
2017-08-16 13:30:00,40.08925342120151,40.20404340671919,39.90099966657092,40.10762023925781,6831606.402451899
2017-08-17 13:30:00,39.88263919195096,39.99742919572629,39.1479838684114,39.15716552734375,13062548.572911585
2017-08-18 13:30:00,39.32246401682728,39.54286236882982,39.0607429443253,39.244407653808594,19016681.720417984
2017-08-21 13:30:00,39.32705697249103,39.32705697249103,38.78984058220387,39.09747695922852,7453828.300128527
2017-08-22 13:30:00,39.317867195794,39.72193021370669,39.294911299029685,39.62091445922852,5742007.485665128
2017-08-23 13:30:00,39.37755674418322,39.8045756210134,39.285722655927536,39.70355987548828,4611900.674881462
2017-08-24 13:30:00,39.89181714234526,39.90559488413229,39.4785759696613,39.69897079467773,2460798.126752512
2017-08-25 13:30:00,39.9147743281105,39.9147743281105,39.492348017667474,39.57499694824219,4382350.885318287
2017-08-28 13:30:00,39.68979263305664,39.71734111283242,39.47857944751223,39.68979263305664,4580320.457081741
2017-08-29 13:30:00,39.29031992740989,39.89641096981601,39.28113826904416,39.79998779296875,5459099.382018853
2017-08-30 13:30:00,39.96528645105535,40.42444644681226,39.84131129045783,40.35557174682617,5073394.941908811
2017-08-31 13:30:00,40.44740287571244,40.73208333793952,40.38312075571162,40.672393798828125,5231074.115046074
2017-09-01 13:30:00,40.77340759501042,41.03512864329184,40.77340759501042,40.86523818969727,3264875.133742329
2017-09-05 13:30:00,40.672392944554055,40.79177202026942,40.02497567414181,40.34638977050781,9634985.790848522
2017-09-06 13:30:00,40.48872756958008,40.65402544423377,40.28669605542276,40.48872756958008,3511847.8408031296
2017-09-07 13:30:00,40.64943663631816,40.73208558131591,40.424449203923785,40.64484405517578,2870676.7189667155
2017-09-08 13:30:00,40.575966285887255,40.66779687519284,40.1030285919374,40.204044342041016,5384398.149659431
2017-09-11 13:30:00,40.58056118741944,41.01217272594928,40.46577118275623,40.93411636352539,5933443.438723512
2017-09-12 13:30:00,41.04890250343255,41.195833555443386,40.865237812640856,41.09022521972656,5321239.068691654
2017-09-13 13:30:00,41.002991640547016,41.2050196694637,40.84228282927997,41.09941482543945,6395156.023246781
2017-09-14 13:30:00,41.09940842812789,41.48050852725526,40.952477383098525,41.27848052978516,9360136.846101426
2017-09-15 13:30:00,41.49887554438012,41.88457172887336,41.32439602229535,41.82487869262695,10059239.57789306
2017-09-18 13:30:00,42.13252091634055,42.57331407855258,42.08201303808693,42.408016204833984,8139864.421242156
2017-09-19 13:30:00,42.53198560297338,42.655960753243896,42.265675489983416,42.518211364746094,4942939.737844268
2017-09-20 13:30:00,42.5733106596801,42.62840761108661,41.42081821689161,41.95344543457031,10027878.19423516
2017-09-21 13:30:00,41.89835231633278,41.981001261026506,41.5034744142531,41.87539291381836,20969595.49546554
2017-09-22 13:30:00,41.68713622218024,42.09578833606722,41.55857198452313,42.04528045654297,2897029.3995291926
2017-09-25 13:30:00,42.0452807207242,42.0452807207242,41.09022708768091,41.2004280090332,8211516.748874699
2017-09-26 13:30:00,41.59530077000103,41.62285275082707,41.0764512554268,41.25093078613281,4665040.7272859095
2017-09-27 13:30:00,41.737643427888095,42.31159341038624,41.61366826992539,42.18302917480469,8710689.35003601
2017-09-28 13:30:00,42.09578568927877,42.467704139561285,41.98558827866034,42.45392990112305,6473778.703613599
2017-09-29 13:30:00,42.56413163521873,42.880953163929625,42.42179315274878,42.84881210327149,8227197.290733127
2017-10-02 13:30:00,43.08298363586998,43.30337847410186,42.84421847415384,43.13349151611328,6943113.512415909
2017-10-03 13:30:00,43.25746249510266,43.38602673257016,43.10134977906719,43.27582931518555,4509539.229824076
2017-10-04 13:30:00,43.21155034666575,43.35848141492773,42.98656291469556,43.34011459350586,3650579.110389249
2017-10-05 13:30:00,43.51918511284064,43.523777693804384,43.16104086615148,43.38602828979492,4020602.75928358
2017-10-06 13:30:00,43.3171509950948,43.57428296698128,43.22991298068234,43.560508728027344,2907047.76789397
2017-10-09 13:30:00,43.7028512319998,43.90029018247846,43.66611758932634,43.8773307800293,2621090.5498862434
2017-10-10 13:30:00,44.29056391968673,44.29515649959813,43.66151359008326,44.10231018066406,5787744.044799672
2017-10-11 13:30:00,44.03344333760242,44.45127710305006,44.010483937068,44.414546966552734,3548218.595763105
2017-10-12 13:30:00,44.46046516524573,44.60280364913026,44.29516727932883,44.322715759277344,6316534.324749585
2017-10-13 13:30:00,44.59361806660623,44.77727925425406,44.43750185337044,44.62575912475586,3670180.526372253
2017-10-16 13:30:00,44.80482768097435,44.86451721191406,44.552288313321085,44.86451721191406,3565206.502630227
2017-10-17 13:30:00,44.84156481154972,44.88288752777947,44.61657390170137,44.85533905029297,6369239.831618809
2017-10-18 13:30:00,45.02063751220703,45.08491962926077,44.42832071668674,45.02063751220703,6635595.713567912
2017-10-19 13:30:00,44.66707765424707,44.92879867553711,44.26761075513256,44.92879867553711,5297064.985143679
2017-10-20 13:30:00,45.30072502380487,45.32368092079312,45.09410093223489,45.172157287597656,11036022.851605482
2017-10-23 13:30:00,45.387963943024864,45.58081029651486,45.19052500880053,45.34204864501953,5717397.156656161
2017-10-24 13:30:00,45.456833176892985,45.65886466756399,45.259394266404215,45.61753845214844,6858176.828703324
2017-10-25 13:30:00,45.28235536537553,45.48438336052408,44.625756499139854,45.03899765014648,9378866.810285648
2017-10-26 13:30:00,45.1354290182755,45.40633173448278,45.0941027970075,45.2823600769043,7512849.615100427
2017-10-27 13:30:00,45.64967752338954,46.2419942291154,45.43387180466243,46.19148635864258,7040902.138152013
2017-10-30 13:30:00,45.64968599929021,46.43484917272541,45.64968599929021,46.20986175537109,5330168.17514276
2017-10-31 13:30:00,46.393525681170274,46.80677037164551,46.297102503911496,46.65524673461914,6230290.247942155
2017-11-01 13:30:00,46.98124737960698,47.0363478364113,46.15475804310477,46.53126907348633,10711735.31074588
2017-11-02 13:30:00,46.5174982576451,46.79758613656129,46.24200295957864,46.75167083740234,8563028.17908772
2017-11-03 13:30:00,47.00420532977998,47.265926361083984,46.55422703753344,47.265926361083984,11142740.13096669
2017-11-06 14:30:00,47.771004968084014,47.876609802246094,47.33939346382338,47.876609802246094,7878953.175960352
2017-11-07 14:30:00,47.752633409563735,47.91333868676192,47.50468662340983,47.780181884765625,5946294.051777492
2017-11-08 14:30:00,47.76182074860444,47.93630378727213,47.54601849533096,47.89038848876953,4451825.156692855
2017-11-09 14:30:00,47.8903839213593,47.91333981686488,46.4302551483109,46.95828628540039,16873858.538519572
2017-11-10 14:30:00,47.07308223228937,47.256746935150176,46.9353363324784,47.22919845581055,6115733.003264477
2017-11-13 14:30:00,47.05012469087153,47.4587768013323,46.976657411047576,47.4266357421875,3754682.548987308
2017-11-14 14:30:00,47.32102740321875,47.46795845975394,47.045532110104354,47.4266357421875,3384876.808373593
2017-11-15 14:30:00,47.05930361619463,47.20164558680845,46.655244109967896,46.98583984375,6099399.395245098
2017-11-16 14:30:00,47.1878685008064,48.15210723876953,47.1878685008064,48.15210723876953,8059718.284806539
2017-11-17 14:30:00,47.95007689183349,47.98221795033601,47.34398585784849,47.40826797485352,9747365.16940699
2017-11-20 14:30:00,47.63325333043,48.051090576058215,47.56897121619681,47.982215881347656,4022998.864357124
2017-11-21 14:30:00,48.23016414557626,48.51943366841306,48.17047461000719,48.47351837158203,4670703.281943981
2017-11-22 14:30:00,48.58831166060978,48.59290424153814,48.09701059465996,48.156700134277344,3330211.6497399
2017-11-24 14:30:00,48.262305813453686,48.59290155979423,48.262305813453686,48.56534957885742,1313703.340516522
2017-11-27 14:30:00,48.06027898725191,48.10160521113033,47.75723519229973,47.81233215332031,6495121.171103606
2017-11-28 14:30:00,47.95467607058639,47.97304289270244,47.61489511610924,47.77101135253906,8685860.313678542
2017-11-29 14:30:00,47.7250949476955,47.7710102503697,45.369601736577046,45.74611282348633,37545515.20645854
2017-11-30 14:30:00,46.23741284512132,46.47158543736978,45.773663744832064,46.030792236328125,14572261.68422574
2017-12-01 14:30:00,45.68641377759063,45.88844527107039,44.58902180730252,45.63131332397461,21642349.841978434
2017-12-04 14:30:00,46.02160750269805,46.07211187891392,44.400769789620526,44.66249084472656,21943113.911508743
2017-12-05 14:30:00,44.483418728238895,45.44765751315739,44.12986707605145,44.66249084472656,14158027.960769402
2017-12-06 14:30:00,44.26761770068746,44.846156783924734,44.042626776315686,44.76350784301758,11418677.477026047
2017-12-07 14:30:00,45.14460657910556,45.30990444294816,44.89665978334167,45.20429611206055,11814836.959755816
2017-12-08 14:30:00,45.63591279323232,45.750702794926354,44.96553960371268,44.9976806640625,10584109.957924264
2017-12-11 14:30:00,45.10786880780134,45.42469026831456,44.98848975283264,45.27316665649414,7205768.428497629
2017-12-12 14:30:00,45.13083658656477,45.15838506542595,44.77269234891825,44.82778930664063,11342015.91379908
2017-12-13 14:30:00,45.05277797954224,45.20889068944916,44.82778706969388,44.85533905029297,8627058.581298828
2017-12-14 14:30:00,44.93798703575719,45.117059141858526,44.722181291708765,44.83697128295898,9005576.084996924
2017-12-15 14:30:00,44.96553376572962,45.571624755859375,44.7910542469284,45.571624755859375,46912192.87118184
2017-12-18 14:30:00,45.92371040326965,46.39407897972074,45.75605434736806,46.375450134277344,11559112.942403937
2017-12-19 14:30:00,46.30558345046759,46.44529798638159,46.07738635802375,46.35215377807617,6512631.273681811
2017-12-20 14:30:00,46.82718321063683,46.92963651638234,46.28229932984604,46.65486907958984,11912553.108764188
2017-12-21 14:30:00,46.65487248485331,46.71541356354288,46.10999211738105,46.16122055053711,6473120.873238466
2017-12-22 14:30:00,46.077390854694606,46.19847300767563,45.83987754169729,46.17984771728516,5260779.776916297
2017-12-26 14:30:00,45.644278157598485,45.709477330578046,45.327594937517,45.65824890136719,4738567.054723538
2017-12-27 14:30:00,45.63961784148948,45.99355872981881,45.634959742763385,45.807273864746094,5904957.419582211
2017-12-28 14:30:00,46.06341974181301,46.08670313115912,45.886447506722135,45.97493362426758,5823575.8967870455
2017-12-29 14:30:00,45.9749419139635,46.07739879420821,45.53251479955127,45.55114364624024,3625213.45590417
2018-01-02 14:30:00,45.87248254501453,46.75267507305246,45.77002567032837,46.74336242675781,9564525.956698712
2018-01-03 14:30:00,46.93429457671805,47.4419207714989,46.85512465971642,47.4046630859375,8177828.788362102
2018-01-04 14:30:00,47.67943109943975,47.78654605845279,47.25563646858824,47.64683151245117,7192881.854740279
2018-01-05 14:30:00,47.82380620466378,48.14514399205648,47.6328632188448,47.95420455932617,3848743.4393715584
2018-01-08 14:30:00,47.95420471660952,48.41525705870336,47.81914826224089,48.28485870361328,2972233.123914781
2018-01-09 14:30:00,48.326770363722375,48.36868615055404,47.74929041814602,47.8331184387207,8374946.532962921
2018-01-10 14:30:00,47.41397535356093,47.43260419619342,46.841153543237645,47.19974899291992,8544580.374538992
2018-01-11 14:30:00,47.37672754582627,47.45123937321458,47.13921421191628,47.42329788208008,5542714.139790487
2018-01-12 14:30:00,47.41397843166421,47.753948613873206,47.31152156707825,47.66546249389648,4089665.701214425
2018-01-16 14:30:00,48.12651003322636,48.42456795189123,47.6235455119961,47.88434219360352,8184915.086691651
2018-01-17 14:30:00,48.43388307147653,49.39324538763477,48.345396955799934,49.3140754699707,13190171.001924671
2018-01-18 14:30:00,49.332705298598725,49.90553068280603,49.27681876867238,49.67733001708984,7629848.551911314
2018-01-19 14:30:00,49.96607508203857,50.00333277113419,49.43516544823682,49.72390365600586,7052021.204952303
2018-01-22 14:30:00,49.89155692176903,50.21289825439453,49.67267600498742,50.21289825439453,5143324.807912476
2018-01-23 14:30:00,50.3572640676105,50.55751968091771,50.222207625790446,50.53889083862305,7898041.390086869
2018-01-24 14:30:00,50.03592876824861,50.24083893738439,49.21627743243987,49.51433181762695,15284390.640980257
2018-01-25 14:30:00,50.1011288857265,50.25015608112439,48.70399759646311,48.71331024169922,15016627.400178952
2018-01-26 14:30:00,49.45844523319416,50.27809656809469,49.43516184402353,50.26412582397461,8476297.343690507
2018-01-29 14:30:00,50.14769923280711,50.50164015438923,49.59816078341196,50.17098617553711,8747281.01097451
2018-01-30 14:30:00,49.30941756864156,49.72855765367349,49.1184781456811,49.18833541870117,11634483.175948804
2018-01-31 14:30:00,49.747194279357245,49.90553769318059,49.34202487492513,49.60282516479492,8006905.768901113
2018-02-01 14:30:00,49.17436985359616,50.02662091898188,49.12779951434271,49.30011367797852,8985195.763389962
2018-02-02 14:30:00,48.8530246596948,48.9321945797976,47.92626190185547,47.92626190185547,27930875.505727585
2018-02-05 14:30:00,47.409326518311,48.34074744359735,45.76536560058594,45.76536560058594,24637625.564343963
2018-02-06 14:30:00,45.36485593118177,47.45123672485352,45.197199887554206,47.45123672485352,28177165.028249327
2018-02-07 14:30:00,46.93429824244309,47.35343835502396,46.18916223845973,46.1984748840332,22080887.54398297
2018-02-08 14:30:00,46.42667262559253,46.49652634569862,44.340288393270335,44.358917236328125,32017965.349182315
2018-02-09 14:30:00,45.24842626982291,45.83987694191797,43.72089310232367,45.51853561401367,36727114.5459874
2018-02-12 14:30:00,45.7793352208987,46.771297125848726,45.7793352208987,46.4825553894043,20413973.346350297
2018-02-13 14:30:00,46.22176350454907,46.45461873631002,45.92836719164226,46.38941955566406,7960954.907395194
2018-02-14 14:30:00,46.04943924172401,47.474515363262384,45.94698594684203,47.37671661376953,11637920.155783772
2018-02-15 14:30:00,47.744631060304656,47.97283172607422,46.86909674311838,47.97283172607422,10348920.17904243
2018-02-16 14:30:00,47.786548565532826,48.46182728276207,47.73997823211852,47.87037658691406,13399313.091855148
2018-02-20 14:30:00,47.89365685222649,49.22093436301183,47.8796861084226,48.8204231262207,31570477.460561942
2018-02-21 14:30:00,49.0113616242374,49.14641806694722,48.27088379185995,48.289512634277344,9660295.300899629
2018-02-22 14:30:00,48.43388502603917,48.59688296695138,47.99611608208468,48.12651443481445,9619067.30689738
2018-02-23 14:30:00,48.64811174478774,49.220937144739935,48.550312979544906,49.20696640014648,6769013.005919464
2018-02-26 14:30:00,49.45844362620893,50.19892501831055,49.45844362620893,50.19892501831055,9935573.581591854
2018-02-27 14:30:00,50.11975304423072,50.82763126792801,50.012638092041016,50.012638092041016,8563906.062653689
2018-02-28 14:30:00,50.26878223416453,50.43178016523679,49.556245883271245,49.61678695678711,6806375.7372310655
2018-03-01 14:30:00,49.63541959619364,49.78444679501497,48.27554596281294,48.82508087158203,11584451.4775218
2018-03-02 14:30:00,48.326769722905446,49.663359935153885,48.205687569416526,49.58884811401367,11444450.586691605
2018-03-05 14:30:00,49.38393135311433,50.39452207063937,49.244216811565664,50.16166687011719,10226097.569047833
2018-03-06 14:30:00,50.61806591794008,51.07446013287824,50.40383955436464,50.897491455078125,9616920.463209515
2018-03-07 14:30:00,50.42712953429754,51.195552526681176,50.3898718436524,51.11638259887695,8247613.5197901055
2018-03-08 14:30:00,51.41908897496096,51.47497195116398,50.8462635972604,51.1396598815918,6997910.875278934
2018-03-09 14:30:00,51.49826378486493,52.12697219848633,51.400465014131726,52.12697219848633,9464249.476577474
2018-03-12 13:30:00,52.47159399064629,52.92333368222635,52.32256679319511,52.65787887573242,9475415.746061616
2018-03-13 13:30:00,52.93265250236056,53.34713452683439,51.70783172059039,51.92205810546875,19589210.031800617
2018-03-14 13:30:00,52.14093636613216,52.19682289368183,51.48894109040637,51.94999694824219,12905230.273821115
2018-03-15 13:30:00,52.085050083355625,52.27133495630821,51.67988430425381,51.90342330932617,4107917.6587446975
2018-03-16 13:30:00,52.010536384245896,52.19682125045855,51.82425151803324,51.884796142578125,6374133.08827811
2018-03-19 13:30:00,51.49826412198844,51.61469173835046,50.3479587038375,51.04186630249024,15294266.563555025
2018-03-20 13:30:00,51.069810169920686,51.5308625252272,51.04186512653719,51.38648986816406,7175488.47388324
2018-03-21 13:30:00,51.321284810367445,52.07107884082941,51.223486052449154,51.49359893798828,6911161.937745588
2018-03-22 13:30:00,50.73914027433276,51.20019607054242,50.08714863884262,50.10577392578125,9339281.551965872
2018-03-23 13:30:00,50.040582670853816,50.12441068767792,48.475795392196126,48.48045349121094,18057788.121279173
2018-03-26 13:30:00,49.53295876318373,50.41315114088843,48.98342034534428,50.40849304199219,11995007.975399954
2018-03-27 13:30:00,50.79969070993917,50.82297409782269,48.322111552096686,48.67139434814453,18537486.16669099
2018-03-28 13:30:00,48.37800210114495,48.77385884112491,47.40466892922353,47.5909538269043,23412185.804721072
2018-03-29 13:30:00,48.00543792896538,48.978771142858925,47.63286811753788,48.56428909301758,14164594.042135645
2018-04-02 13:30:00,48.15911863001787,48.522372207168566,46.37544678007157,46.78527069091797,19803077.50439929
2018-04-03 13:30:00,47.40466365954867,47.76325911642302,46.90635365667269,47.64683151245117,11566415.128886497
2018-04-04 13:30:00,46.47324286792132,48.34074263210786,46.34284451985437,48.22896957397461,12512067.147699486
2018-04-05 13:30:00,48.54564799904893,48.62016336376979,47.404659013193935,47.698055267333984,13128331.234791074
2018-04-06 13:30:00,46.999501707048616,47.60492676411189,46.151908759013466,46.31956481933594,14961655.713386388
2018-04-09 13:30:00,46.79458913340379,47.921607607090685,46.60830423659953,46.63624572753906,13973703.583159406
2018-04-10 13:30:00,47.763259246418336,48.32211387885732,47.33014841634074,48.06131362915039,16084673.48822147
2018-04-11 13:30:00,47.80983161473517,48.46182333560902,47.69340401413792,48.038028717041016,9228481.859012246
2018-04-12 13:30:00,48.35470762963119,48.96012896700648,48.294163008732,48.83438873291016,9916893.389769845
2018-04-13 13:30:00,49.225595076910444,49.29545235777157,48.228974959019126,48.37800216674805,9741889.669494638
2018-04-16 13:30:00,48.57360188282527,48.722629086317326,48.09857522894576,48.47579956054688,5655015.839668105
2018-04-17 13:30:00,48.78316915150464,49.43050638630853,48.727282618949445,49.36064910888672,9370199.967541495
2018-04-18 13:30:00,48.92288166507901,49.06259266100456,48.35471437695142,48.801795959472656,9080750.10681541
2018-04-19 13:30:00,47.68874946480211,47.87968889638756,46.45927419523039,46.626930236816406,35356089.728650235
2018-04-20 13:30:00,46.57104703012504,46.90635913723617,45.88645207028798,46.09136581420898,27892222.37498216
2018-04-23 13:30:00,46.24038664093207,46.35681424243918,45.39745194300894,45.4952507019043,18982826.850256328
2018-04-24 13:30:00,45.98424679976216,46.40338689680043,44.86654105868966,45.26239776611328,33177268.59018584
2018-04-25 13:30:00,45.40210659427647,45.43470618065062,44.46137313527344,45.03419494628906,19976362.687993776
2018-04-26 13:30:00,45.8259022762083,46.07738630873152,45.588388986643885,45.97958755493164,14112633.639609756
2018-04-27 13:30:00,46.61760886830571,46.61760886830571,45.47196174658288,45.6815299987793,11899240.75924296
2018-04-30 13:30:00,45.6396234113412,45.93767781059674,45.04817271212468,45.24842834472656,17100539.874438565
2018-05-01 13:30:00,45.13665343985962,46.016845856943696,45.09008310807886,45.97493362426758,14076558.441420728
2018-05-02 13:30:00,45.88178923710626,46.058761471539455,45.49990683298152,45.64427947998047,9701736.925130798
2018-05-03 13:30:00,45.1273342104387,45.90506965227653,44.73613566376326,45.75604248046875,21152417.747079704
2018-05-04 13:30:00,45.41608538388249,46.94361877441406,45.30431586123986,46.94361877441406,23026966.83699025
2018-05-07 13:30:00,47.083325549677866,47.40000879622279,47.01346827190834,47.19509506225586,14816287.747883089
2018-05-08 13:30:00,47.097292924985695,47.52574920654297,46.96223647845105,47.52574920654297,8166018.802127688
2018-05-09 13:30:00,47.63752152293652,48.20103073120117,47.53506465723591,48.20103073120117,8659243.249954434
2018-05-10 13:30:00,48.387318444805096,49.00205612182617,48.387318444805096,49.00205612182617,10038425.826129502
2018-05-11 13:30:00,48.7552266922367,49.06259373245621,48.54100031800161,48.62482833862305,9518790.33918329
2018-05-14 13:30:00,49.50036122712737,50.00332933609985,49.36996287733937,49.47241973876953,14277327.024840508
2018-05-15 13:30:00,49.262845218883854,49.39790166036449,48.61550805139661,48.91822052001953,10275269.849101868
2018-05-16 13:30:00,49.05328191461151,49.64939071438081,49.03931116978703,49.61213302612305,7445613.567405171
2018-05-17 13:30:00,49.42584762708682,49.737876321659726,48.92753759932784,49.28613662719727,7771567.256821076
2018-05-18 13:30:00,48.783169813387424,48.99739619478917,48.42457432895357,48.69002914428711,22003371.328802653
2018-05-21 13:30:00,49.40255869477294,49.77512487243756,48.9135613672958,49.38858795166016,8237308.224024212
2018-05-22 13:30:00,49.82635502272121,50.054555678417685,49.54692949153544,49.74252700805664,9336274.15650891
2018-05-23 13:30:00,49.23490694698335,49.80772878288315,49.081221653219565,49.79841613769531,9064216.199971871
2018-05-24 13:30:00,49.78909781785612,50.077835975922255,49.337358186327656,49.942779541015625,14327359.59676754
2018-05-25 13:30:00,49.95675419133621,50.4830092293923,49.90087121603005,50.44109344482422,9218819.037437525
2018-05-29 13:30:00,50.20358284811957,50.52492060998375,49.7658139324553,50.035926818847656,9776461.878816629
2018-05-30 13:30:00,50.417811778533306,50.67395038130992,50.04990011514903,50.33863830566406,11582089.839354008
2018-05-31 13:30:00,50.12907053110947,50.39918343395206,49.79375845214468,49.91950225830078,9300629.124311922
2018-06-01 13:30:00,50.315354549252845,51.06049051576038,50.23152653095271,51.00926208496094,10456497.766369332
2018-06-04 13:30:00,51.08843430035388,51.40046299827163,50.90215296517092,51.35854721069336,8339731.369382103
2018-06-05 13:30:00,51.516887114408426,51.69851389105238,51.23280347851128,51.64728546142578,8062950.492155049
2018-06-06 13:30:00,51.698514067850354,51.97793960571289,51.40045968705184,51.97793960571289,5881981.413482825
2018-06-07 13:30:00,52.071076281382354,52.159562390282666,51.24677047482331,51.563453674316406,20037775.474027246
2018-06-08 13:30:00,50.99528791060462,51.35854144777507,50.71586238609568,51.21417236328125,10193030.009188494
2018-06-11 13:30:00,51.102407884498255,51.36320459258268,50.94406448809796,51.15829086303711,6534317.795165537
2018-06-12 13:30:00,51.21883671795816,51.3259481314432,50.88817917262062,51.31197738647461,5462406.967193158
2018-06-13 13:30:00,51.24211837463723,51.72179955213438,51.11172002189105,51.20486068725586,15195493.80586986
2018-06-14 13:30:00,51.41443308319379,51.614688713725016,51.07912099922629,51.28403472900391,7085518.660599137
2018-06-15 13:30:00,51.20485740315176,51.36785888671875,50.90214848358654,51.36785888671875,13831127.577734845
2018-06-18 13:30:00,50.72517954879578,50.80434946972566,50.25481456932632,50.74846649169922,11296504.48680586
2018-06-19 13:30:00,49.85895985807683,50.17564310758544,49.43050709494423,50.143043518066406,23868908.14106189
2018-06-20 13:30:00,50.58080666353095,50.64600583507156,50.16632469312778,50.45506286621094,11929302.02566183
2018-06-21 13:30:00,50.9254318148774,50.995289085886704,49.81704233577543,49.82635498046875,15554945.647313364
2018-06-22 13:30:00,50.18495575961831,50.22220989280092,49.44913244466186,49.64007186889648,9088265.639333192
2018-06-25 13:30:00,48.94616864486472,49.01136782503025,47.48383808442853,47.84709167480469,25077813.36441829
2018-06-26 13:30:00,48.303483377818296,48.46182320873358,47.954200576941,48.289512634277344,17715301.138385404
2018-06-27 13:30:00,48.51771919606659,48.58291838069594,47.10661697387695,47.10661697387695,18118552.502903745
2018-06-28 13:30:00,46.999496474917066,47.67477874078834,46.994841928768366,47.581634521484375,14535212.137215352
2018-06-29 13:30:00,47.9914596889593,48.28485597130951,47.735317539463374,47.81448745727539,11112055.545906464
2018-07-02 13:30:00,47.20441006095489,48.010087125227855,46.99018368683929,47.8331184387207,9839375.81673102
2018-07-03 13:30:00,48.07063251611199,48.14514433941866,46.99484252929688,46.99484252929688,9221180.376472391
2018-07-05 13:30:00,47.56766243966991,48.28019882014375,47.55369169543921,48.26156997680664,11168742.914351292
2018-07-06 13:30:00,48.159121260969926,48.95548573586493,48.03803554427517,48.876312255859375,15714269.903295437
2018-07-09 13:30:00,49.25818766251297,49.29078724853362,48.638795528120525,49.24421691894531,9089124.875196334
2018-07-10 13:30:00,49.30941700024121,49.831013939278215,49.25818857082292,49.77512741088867,13472750.139463136
2018-07-11 13:30:00,48.9694540366931,49.13711008125772,48.40594482421875,48.40594482421875,17101828.14219949
2018-07-12 13:30:00,48.4199149655247,49.039310702829326,48.33608694428732,48.99273681640625,12843603.003935482
2018-07-13 13:30:00,49.06259225945287,49.11382069013287,48.75987977445884,48.890281677246094,6112381.997073413
2018-07-16 13:30:00,48.89959273205795,49.08121950652995,48.70864975971699,48.74125289916992,5924282.469740891
2018-07-17 13:30:00,48.38731399316756,49.38859212012293,48.29882787520054,49.383934020996094,17839626.369817566
2018-07-18 13:30:00,49.73787085873771,49.91949762580737,49.50501566474191,49.88689804077149,10295668.99007314
2018-07-19 13:30:00,49.65870447663293,49.93347549235211,49.397907759141205,49.72390365600586,8961791.517261108
2018-07-20 13:30:00,49.66336370209351,49.82170710779572,49.2581943184418,49.67267990112305,7598927.372374465
2018-07-23 13:30:00,49.37927517117562,49.70992914238272,48.708651030649385,49.64007186889648,11448960.085613856
2018-07-24 13:30:00,50.11043624435378,50.18960615631841,48.97875987731779,49.02067565917969,22371629.30763032
2018-07-25 13:30:00,49.04862118035724,49.3233921751363,48.46648315668556,49.26750564575195,23936333.71019733
2018-07-26 13:30:00,49.45844702640837,50.02195978233213,49.45379248025861,49.99401473999024,35221456.69094453
2018-07-27 13:30:00,50.11975833767677,50.45506686657577,49.41187648612759,49.747188568115234,18235150.759650752
2018-07-30 13:30:00,49.89620861201993,49.93346629425242,49.09984430801328,49.40721130371094,20352778.546988517
2018-07-31 13:30:00,49.77047323919548,50.23618365334429,49.3140754699707,49.3140754699707,9408636.49787285
2018-08-01 13:30:00,49.58418394815021,50.05455241942565,49.365299504494665,49.528297424316406,7620830.903006005
2018-08-02 13:30:00,49.13245194127682,50.10113051949542,48.96945399616521,50.026615142822266,8761452.624316417
2018-08-03 13:30:00,50.07783244228537,50.18028928588752,49.82169388636794,50.10577392578125,6504257.541053898
2018-08-06 13:30:00,50.08715887264816,50.37124252319336,49.72855984677172,50.37124252319336,6517569.205572728
2018-08-07 13:30:00,50.51561081601334,50.71120834350586,50.32932593374441,50.71120834350586,6877664.315993536
2018-08-08 13:30:00,50.64600624118399,50.93008987078391,50.52026599594408,50.86954879760742,7921016.971991385
2018-08-09 13:30:00,50.57615208125264,50.68326704371044,50.324668022215256,50.37589645385742,7729266.431329591
2018-08-10 13:30:00,49.29545003074375,49.58884988589255,48.97411223889379,49.1929931640625,18495827.328646068
2018-08-13 13:30:00,49.22558391024194,49.67732353050077,49.18832978157736,49.248870849609375,8529120.9271112
2018-08-14 13:30:00,49.48638718136503,49.61678552245324,49.07190521729677,49.1324462890625,8846270.2924026
2018-08-15 13:30:00,48.64810925821735,48.82973603482599,47.84243223440738,48.31745529174805,20204830.61670529
2018-08-16 13:30:00,48.63879952682446,48.6713991155252,48.13583139850846,48.242942810058594,10824751.955838244
2018-08-17 13:30:00,47.7213515181138,48.02406402845102,47.213725267901125,47.889007568359375,21575637.30932491
2018-08-20 13:30:00,47.87968592299721,48.1544569114007,47.33014749927866,47.82380294799805,11347824.544452326
2018-08-21 13:30:00,48.06131733649142,48.95082600735445,48.0147470018013,48.81111145019531,10359870.53351402
2018-08-22 13:30:00,48.60619985195096,49.039310702829326,48.38265727762171,48.99273681640625,8881913.843828991
2018-08-23 13:30:00,48.997397156995305,49.36065074794435,48.91822723139643,49.05328369140625,7964175.8388506
2018-08-24 13:30:00,49.33736345902384,49.80307388305664,49.24887734146926,49.80307388305664,8888141.184721287
2018-08-27 13:30:00,50.11975443191817,50.93474763037023,50.0638679049125,50.58080673217773,13333393.481858796
2018-08-28 13:30:00,50.90214566466378,50.99994441753492,50.31534959434877,50.77174377441406,9312010.663699966
2018-08-29 13:30:00,50.83229254588512,51.15828841539354,50.65066576814637,51.060489654541016,7325152.900968764
2018-08-30 13:30:00,50.911462886929634,51.097747765235056,50.445752467710335,50.51560974121094,15185616.872939002
2018-08-31 13:30:00,50.43178457011645,50.776409304925366,50.42246837147666,50.7344970703125,5023292.955052368
2018-09-04 13:30:00,50.52026752767357,51.1024055480957,50.34795339451676,51.1024055480957,10407111.007122995
2018-09-05 13:30:00,51.07912113629807,51.1676072567738,50.39452622187539,50.82297897338867,11272025.610340182
2018-09-06 13:30:00,50.55751925961966,50.60409314151241,49.43515905715351,49.5050163269043,19429456.830440324
2018-09-07 13:30:00,49.3187362158137,49.96607344197475,49.14642207421903,49.28613662719727,15360402.943019249
2018-09-10 13:30:00,49.64007573686961,49.78444839414768,49.332708683903945,49.76581954956055,6835577.692118949
2018-09-11 13:30:00,49.36530817599695,49.48639388902935,48.90425582091618,49.14176559448242,11176472.311951846
2018-09-12 13:30:00,48.47113948230269,48.59222162857257,47.57697636339942,48.578250885009766,19870717.85874228
2018-09-13 13:30:00,49.21628178651789,49.719249938426,48.92754002084719,49.17436599731445,14451253.61438208
2018-09-14 13:30:00,49.44913255238215,49.87292718710174,49.29544726099534,49.68198776245117,11142546.474398669
2018-09-17 13:30:00,49.346676056629214,49.65404664167741,48.96013555231293,49.0113639831543,11608286.450605093
2018-09-18 13:30:00,49.137108063602376,49.69130105468438,49.137108063602376,49.383934020996094,6177443.832323655
2018-09-19 13:30:00,49.388585627268526,49.70992336300419,49.239558452598736,49.495697021484375,7350061.878381503
2018-09-20 13:30:00,49.94744314648275,50.324667454237066,49.88224397114468,50.13372802734375,13343270.105847884
2018-09-21 13:30:00,50.06852516254416,50.31535110143418,49.81238302609887,49.88224029541016,10692267.32561812
2018-09-24 13:30:00,49.65404515445941,50.2454958113377,49.51898870929447,50.23618316650391,8427769.529719312
2018-09-25 13:30:00,49.86361432247517,50.09181143247313,49.34201737510562,49.43516159057617,8602985.555821605
2018-09-26 13:30:00,49.21161710465354,49.60281568817519,48.9880781024312,48.99739074707031,10344626.19052142
2018-09-27 13:30:00,49.19298692808,49.46309980543703,49.04395974627755,49.30475997924805,5070318.516725833
2018-09-28 13:30:00,49.174363615596334,49.75184711896781,49.01602377160294,49.57487487792969,8517524.329296425
2018-10-01 13:30:00,49.71924341809992,50.08715506135283,49.59349962006886,49.70527267456055,8331143.111030681
2018-10-02 13:30:00,49.49104230161723,50.37589276610198,49.47241701246409,49.66801452636719,10986011.98397379
2018-10-03 13:30:00,49.99867375299495,50.129072109344726,49.39790685145026,49.85895919799805,10190452.11906419
2018-10-04 13:30:00,49.4351607693345,49.45378961211914,48.32211317284363,48.736595153808594,20745939.505037803
2018-10-05 13:30:00,48.550308676420485,48.741251643843725,47.18111897819792,47.62820053100586,20582319.191006936
2018-10-08 13:30:00,47.171808055417934,47.60957697966367,46.6176115281782,47.06935119628906,19113165.11527563
2018-10-09 13:30:00,46.938957057859774,47.26961105363772,46.68281488707253,46.98086929321289,17633488.6499104
2018-10-10 13:30:00,46.16586953385207,46.25435564465716,44.8479118347168,44.8479118347168,45860905.2470308
2018-10-11 13:30:00,44.85256811865294,45.84453355859897,44.08880333614421,44.452056884765625,44881324.75815338
2018-10-12 13:30:00,45.75138875889093,46.00753090044963,44.62437044220942,45.33224868774414,19763569.78152285
2018-10-15 13:30:00,45.12733806853327,45.34622252307715,44.72216874503151,44.83859634399414,13874287.663687669
2018-10-16 13:30:00,45.318279544785526,46.40338566922066,45.28567995771655,46.356815338134766,15292120.896340989
2018-10-17 13:30:00,46.80389885926498,46.85046919228831,45.83987839801859,46.12862014770508,11186135.402400576
2018-10-18 13:30:00,45.839881787652736,45.886452124119714,44.76874628346769,44.92708969116211,17766403.20098711
2018-10-19 13:30:00,45.17391404301252,45.49525539329659,44.09346593173618,44.27975082397461,20229307.540849496
2018-10-22 13:30:00,44.59643498427775,44.85257360737616,44.12606642122879,44.51726150512695,13248360.264416257
2018-10-23 13:30:00,43.34832812259835,44.58246148539831,42.98041645274698,44.34029006958008,28032010.93401744
2018-10-24 13:30:00,43.48339078796445,43.571873367115856,41.32249434605677,41.36440658569336,30680433.357855093
2018-10-25 13:30:00,41.74162299163483,42.85001604731821,41.69039456201475,42.53333282470703,20193235.42689064
2018-10-26 13:30:00,41.56465602388252,42.51470573079904,41.0616879049699,41.76491165161133,15162211.36626003
2018-10-29 13:30:00,42.37964748669331,42.81275831192261,40.4935188970941,41.28522872924805,23981855.92079592
2018-10-30 13:30:00,41.4435714386512,43.05492914937423,41.33180192689683,43.040958404541016,25388737.0276282
2018-10-31 13:30:00,43.83731654296955,43.93511529584721,43.25517857125382,43.52529144287109,17705639.385834787
2018-11-01 13:30:00,43.93046292522023,45.70016031499786,43.87923449692595,45.62564849853516,24954134.56365082
2018-11-02 13:30:00,45.53250612024269,45.67687876628987,44.372888171339774,44.89914321899414,20601643.43502287
2018-11-05 14:30:00,44.75010824462389,44.75010824462389,43.77677526600046,44.48465347290039,13770790.478215069
2018-11-06 14:30:00,44.49863147221107,45.09939477946242,44.39151651364833,44.94571304321289,7951722.5495404145
2018-11-07 14:30:00,45.49990463256836,45.597706943229824,44.94571167298753,45.49990463256836,9550355.763068069
2018-11-08 14:30:00,45.00626056086856,45.62565635280698,44.94571947750269,45.29034423828125,8310528.023804743
2018-11-09 14:30:00,44.66628511524416,44.8106541988484,44.08414712898409,44.47068405151367,15299207.7655302
2018-11-12 14:30:00,43.69295148362018,43.809379088677055,42.39361898481484,42.524017333984375,22143588.702529807
2018-11-13 14:30:00,42.86864482758318,44.00032127038489,42.86864482758318,43.07355499267578,26958598.48060581
2018-11-14 14:30:00,43.76746860522853,43.995665725393664,42.87330186231475,43.29710006713867,17256001.433153525
2018-11-15 14:30:00,43.10149922978314,44.81996820118753,43.073554189495965,44.66628646850586,19680685.54758609
2018-11-16 14:30:00,42.89659368630975,44.14935604630932,42.89659368630975,43.90718460083008,25738952.01074196
2018-11-19 14:30:00,43.67432414809617,43.80472250176711,42.21665176157652,42.25856399536133,22362822.87906773
2018-11-20 14:30:00,41.07100803188729,42.82673496375174,40.982521904423365,42.2213134765625,18535335.66752053
2018-11-21 14:30:00,42.84070363746635,43.10615845392992,42.4075927734375,42.4075927734375,14222785.741487551
2018-11-23 14:30:00,42.039679122610245,42.71030328150838,42.01639573286933,42.347049713134766,3274781.700374515
2018-11-26 14:30:00,43.068901216910064,43.21792840922788,42.584561953605046,43.18998336791992,11737121.961933387
2018-11-27 14:30:00,42.81276067901345,43.55323856945883,42.68236232495429,43.255184173583984,15919119.263817271
2018-11-28 14:30:00,43.683645908081616,44.41015314422189,42.98508016468856,44.40083694458008,11776844.309657196
2018-11-29 14:30:00,44.13537500630572,44.40548790305252,43.89786524997287,43.981693267822266,9852259.679118076
2018-11-30 14:30:00,43.9258071968572,45.0574836730957,43.50666710323394,45.0574836730957,17714441.30770655
2018-12-03 14:30:00,46.04013273735982,46.16587298830736,45.36950859073683,45.84918975830078,15347090.469810942
2018-12-04 14:30:00,45.41142520337932,45.54648165498295,43.539267277661295,43.59515380859375,18701105.67553548
2018-12-06 14:30:00,42.32376325084325,43.339012145996094,42.14213646459428,43.339012145996094,17231737.4907381
2018-12-07 14:30:00,43.1760084198243,43.26915262663395,41.48082293985876,41.69504928588867,19738877.417686764
2018-12-10 14:30:00,41.62519721613596,42.35636245371189,41.40165819805938,42.17939376831055,16755046.587456448
2018-12-11 14:30:00,42.9478164400662,43.40886877108359,42.14679393165547,42.38896179199219,18869665.419619776
2018-12-12 14:30:00,43.05958821881156,43.651042486060014,42.74756306687764,43.031646728515625,14736409.565561349
2018-12-13 14:30:00,43.3064081276016,43.50200919155164,42.72892823944817,42.88726806640625,10616039.734439598
2018-12-14 14:30:00,42.21199727730895,43.05027755568047,42.21199727730895,42.2213134765625,14238674.754103338
2018-12-17 14:30:00,42.118851349889205,42.85932920918461,41.45753985584092,41.820796966552734,16669586.288586471
2018-12-18 14:30:00,42.15145420693828,42.96644750183529,42.09556767331909,42.32376480102539,18753927.29694966
2018-12-19 14:30:00,41.98845301390519,42.51470450740332,40.28395117766818,40.48886489868164,21408153.241881672
2018-12-20 14:30:00,40.68252373277912,41.13344642778305,39.66676621454952,40.16515350341797,30037299.995783094
2018-12-21 14:30:00,40.37399068407585,40.90085590377893,39.35823336099249,39.47215270996094,22778952.093185253
2018-12-24 14:30:00,39.135149639590544,39.64302835058127,38.38994436044872,38.42791748046875,10058503.009575082
2018-12-26 14:30:00,38.821882728643935,40.6350576707629,38.30925644226904,40.58759307861328,17352881.266723774
2018-12-27 14:30:00,39.9135805675524,40.943580627441406,39.53860777593534,40.943580627441406,18617805.946531456
2018-12-28 14:30:00,41.17140923724993,41.95933512831783,40.88661809904213,41.2236213684082,14177511.83256412
2018-12-31 14:30:00,41.61759256384978,41.835932600468105,41.05275409915935,41.427730560302734,11018571.07406047
2019-01-02 14:30:00,40.57809898559754,42.03054016605584,40.46418323737293,41.73150634765625,15050989.573354354
2019-01-03 14:30:00,40.6350505837933,40.94357581093176,39.1826133136935,39.2253303527832,19535952.392201062
2019-01-04 14:30:00,39.90408988817984,41.20938604127654,39.818652176942685,41.05274963378906,19117960.27345784
2019-01-07 14:30:00,41.25684836069268,42.17767657319335,41.02901689081197,41.84542083740234,11752582.590569546
2019-01-08 14:30:00,42.19666806290854,42.23938511050885,41.05275217072692,41.60335159301758,13980734.432543935
2019-01-09 14:30:00,42.05901710102407,42.88966013702235,42.05901710102407,42.66657257080078,18809313.174127784
2019-01-10 14:30:00,42.36754015703846,43.145971014483465,42.22514276696016,43.10799789428711,12050905.252624596
2019-01-11 14:30:00,42.837447238075015,43.82472666957535,42.742518055602986,43.4639892578125,14049627.459244588
2019-01-14 14:30:00,42.91339003372316,43.01781067752745,42.552652650939606,42.718780517578125,10495664.777123164
2019-01-15 14:30:00,43.008321789473165,43.350072633532605,42.63334537009219,42.83269882202149,12097676.074217591
2019-01-16 14:30:00,42.92762928373694,43.17444731248262,42.47196272360313,42.49569320678711,11601524.932865744
2019-01-17 14:30:00,42.20141221918827,43.25039521914743,41.9593381049466,43.022560119628906,16675124.148221342
2019-01-18 14:30:00,43.41177452671806,44.29462963194896,43.21716862788543,44.08578109741211,17551132.67494016
2019-01-22 14:30:00,43.67758007895304,43.68707516963125,42.500442326979325,42.80896759033203,15132524.024760395
2019-01-23 14:30:00,43.108005344778135,43.27888079387861,42.23464515721273,42.63809967041016,12358706.832960526
2019-01-24 14:30:00,43.72979415444635,45.3198851312204,43.72979415444635,45.14900970458984,26634184.948690984
2019-01-25 14:30:00,45.30564167738824,46.16001879513048,44.98287739083185,45.98914337158203,19144295.172887225
2019-01-28 14:30:00,44.21869074540431,45.43854923889894,44.21869074540431,45.13002395629883,17135037.89940717
2019-01-29 14:30:00,45.19173101067232,45.31988940338443,44.4607646436949,44.53196334838867,11513669.2788724
2019-01-30 14:30:00,45.26767137854699,46.03660714962541,44.82624381239172,45.879974365234375,12913429.76197207
2019-01-31 14:30:00,45.69485567911901,46.18375144971122,45.33886582813352,45.84674453735352,11876040.814917134
2019-02-01 14:30:00,45.96541081414229,46.62992597018294,45.88472064511379,46.430572509765625,12162354.365100233
2019-02-04 14:30:00,46.40209596647619,46.66315304311229,46.03661098934271,46.65840911865234,9745431.374657417
2019-02-05 14:30:00,46.64416061727611,47.095083255112186,46.52075341313715,46.91946029663086,15455918.593716651
2019-02-06 14:30:00,47.5507540962086,48.400383694002,47.47955539737254,48.082366943359375,17489612.695747487
2019-02-07 14:30:00,47.41310786604178,47.67891249926392,46.644168378242185,47.04762649536133,19187271.882949293
2019-02-08 14:30:00,46.26444029318437,47.00964554846127,46.098312425062,46.91946029663086,12425495.035852632
2019-02-11 14:30:00,47.052366974766464,47.2422289651588,46.74384531435972,47.123565673828125,7286372.982783353
2019-02-12 14:30:00,47.73586636502141,48.30070476304659,47.67416276021072,48.17254638671875,12126539.336627774
2019-02-13 14:30:00,48.34341693013872,48.64719462078513,48.14406349964871,48.28646087646485,8413723.72362598
2019-02-14 14:30:00,48.082364943454685,48.75162399351788,48.07286985263615,48.42885971069336,9275194.012603842
2019-02-15 14:30:00,48.77536261749989,48.87029180658237,48.34342647814681,48.67568588256836,10418764.952082044
2019-02-19 14:30:00,48.49531398362366,48.92725011077586,48.485822513510094,48.61872482299805,7364956.534142868
2019-02-20 14:30:00,48.85604534716962,49.37816305021188,48.85604534716962,49.06014633178711,9367261.80158144
2019-02-21 14:30:00,49.007939960631965,49.16457637635329,48.6092330347773,48.75637435913086,9800419.082822563
2019-02-22 14:30:00,49.17881156662118,49.51106731232159,49.083882388225646,49.449363708496094,9760811.97443094
2019-02-25 14:30:00,50.15659694624872,50.44138810889019,49.84332775373794,49.90028381347656,10371362.864660814
2019-02-26 14:30:00,49.71516830673416,49.90503028484768,49.425629604907165,49.577518463134766,7335040.571774644
2019-02-27 14:30:00,49.34969602648929,49.34969602648929,48.51905288873429,49.06964874267578,12291710.5263698
2019-02-28 14:30:00,48.79909581157148,49.17881983160203,48.68043250797652,49.04591751098633,9457430.949593348
2019-03-01 14:30:00,49.48733851693527,49.7436516529281,48.998446351016334,49.496829986572266,9327653.24002988
2019-03-04 14:30:00,49.82909414956789,49.980983027557485,48.88453168141971,49.52056884765625,9540017.921537694
2019-03-05 14:30:00,49.36866908908031,49.57277006339452,49.02691828359461,49.2879753112793,8740067.371141486
2019-03-06 14:30:00,49.22153213157204,49.22153213157204,48.42886220918588,48.45734024047852,9811795.872107262
2019-03-07 14:30:00,48.17729135499267,48.2722205298259,47.664665119735055,47.93047332763672,13458249.348690448
2019-03-08 14:30:00,47.194761882897545,47.95895372845371,47.00964744789361,47.91623306274414,10644404.452942384
2019-03-11 13:30:00,48.167801306303645,49.16931608066721,48.09660261242141,48.93673706054688,12587297.148997948
2019-03-12 13:30:00,49.08862486788545,49.4161366799509,48.74213011775226,49.178810119628906,9099908.569314292
2019-03-13 13:30:00,49.44936489489335,49.7483950731981,49.297476033026726,49.37816619873047,9387275.819344431
2019-03-14 13:30:00,49.31646321765712,49.59650683910873,49.08388418714284,49.10286712646485,9173435.342419395
2019-03-15 13:30:00,49.71516772048292,50.84484448521312,49.69618116076386,50.41765594482422,17764762.27441584
2019-03-18 13:30:00,50.46037712352717,50.7356768300409,49.98098003126835,50.28001022338867,10002461.41984551
2019-03-19 13:30:00,50.65973163172542,51.02046541366991,50.512586694650814,50.85908508300781,14378920.879535304
2019-03-20 13:30:00,50.91603747546865,51.110646988644106,50.12811519658507,50.422401428222656,12239043.381936504
2019-03-21 13:30:00,50.61225967355253,52.49663309437344,50.61225967355253,52.159629821777344,19613270.89194193
2019-03-22 13:30:00,51.860604206407366,51.979267493961,50.62650674011284,50.66922378540039,19103212.516132902
2019-03-25 13:30:00,50.351206667397726,50.76415258735444,49.63922694739939,50.0284423828125,12283074.579737356
2019-03-26 13:30:00,50.58378419199568,50.89230945242245,50.14235663386285,50.49359893798828,10194181.114764117
2019-03-27 13:30:00,50.54581111152127,50.6929560452238,49.42088550412444,49.75788879394531,16725687.558468696
2019-03-28 13:30:00,49.83858685788449,50.22305479768115,49.359186103663816,49.6629638671875,14896981.371423954
2019-03-29 13:30:00,50.25152770311477,50.5742919733251,50.151850981312215,50.46986770629883,11781024.287584336
2019-04-01 13:30:00,51.234061942863846,51.76092722673522,51.01572192938899,51.71345901489258,12507870.276009668
2019-04-02 13:30:00,51.732445703590166,51.879590642298034,51.44765453840908,51.75617980957031,7253296.447558929
2019-04-03 13:30:00,52.5915669540363,53.398475806587264,52.477647598301466,52.961795806884766,19086359.387701347
2019-04-04 13:30:00,52.72921814727673,53.34626870779496,52.66751453975141,53.01875686645508,13941969.663049
2019-04-05 13:30:00,53.3272799538648,53.47916881494897,53.01875468629243,53.41746520996094,9787778.85094895
2019-04-08 13:30:00,53.14216632302506,53.58834144354798,53.06622370199001,53.526634216308594,8247285.399545002
2019-04-09 13:30:00,53.23234875488556,53.23234875488556,52.72447005539789,52.94281005859375,11084094.292826964
2019-04-10 13:30:00,52.82889843107524,53.52663553799571,52.80041677883219,53.37000274658203,13151919.114069665
2019-04-11 13:30:00,53.37474322859053,53.65004291418239,53.1611507677821,53.31778717041016,8990143.988561729
2019-04-12 13:30:00,53.844653836858434,54.06774139404297,53.6168187342634,54.06774139404297,8200514.517945913
2019-04-15 13:30:00,54.053496606186464,54.09146972532678,53.36050347779745,53.67852020263672,9855407.56101232
2019-04-16 13:30:00,54.05825510218904,54.99807007405597,54.02977706772288,54.98857498168945,14587491.850842096
2019-04-17 13:30:00,56.07552400598397,56.40303584504916,55.482207556266594,55.80022430419922,17948895.576842118
2019-04-18 13:30:00,55.92838500383808,56.01856664543866,55.58188658945959,55.88092041015625,12202383.236320017
2019-04-22 13:30:00,55.567647448651854,55.95686291007471,55.43949268386717,55.83819961547852,10819478.79813213
2019-04-23 13:30:00,56.06603196484687,56.43151330076933,55.91414310011964,56.28911590576172,10426350.16437544
2019-04-24 13:30:00,56.236911104229776,57.29538568170443,56.23216355839834,56.76852035522461,14581593.887939056
2019-04-25 13:30:00,56.44100414984659,56.58339791283607,55.26861036585536,55.64833068847656,21046316.9724914
2019-04-26 13:30:00,54.442716303792295,54.98382061947186,53.8683864115821,54.96958160400391,23267726.562861517
2019-04-29 13:30:00,54.84617376893669,54.964837058249564,54.50442291630502,54.6800422668457,7825714.299487689
2019-04-30 13:30:00,54.75599142188777,55.301843306015904,54.68479272025082,55.17843246459961,10954735.355844004
2019-05-01 13:30:00,55.62934527927948,55.95210955190437,54.71326459530854,54.755985260009766,15144954.409088563
2019-05-02 13:30:00,54.76073474598726,55.7907312034712,54.6610580199065,55.27335739135742,14312767.24636375
2019-05-03 13:30:00,55.61510942593045,55.80497141261596,55.24962808914668,55.766998291015625,12985481.97007398
2019-05-06 13:30:00,53.93958179554464,54.92211363693336,53.725989334018585,54.87464904785156,14297809.330096642
2019-05-07 13:30:00,54.22437467775559,54.352533055804365,53.04723689725884,53.62156677246094,24375062.15865433
2019-05-08 13:30:00,53.27032426927758,54.04875514047824,53.1611524521129,53.237098693847656,18790563.29525259
2019-05-09 13:30:00,52.33051187006268,52.73871388501291,51.33374093965808,52.48714828491211,38816763.91860539
2019-05-10 13:30:00,52.11692181708312,52.79567602502353,51.25305315436954,52.43019104003906,28433602.168367013
2019-05-13 13:30:00,50.66922067731122,51.0347019871784,49.8053521417638,49.99995803833008,37160611.01455087
2019-05-14 13:30:00,50.730925288543936,51.5188512234736,50.48410725404168,51.281524658203125,22857323.173314217
2019-05-15 13:30:00,50.67871513323564,52.09318311085481,50.62650661844837,51.75617980957031,27080827.389602207
2019-05-16 13:30:00,51.010972319778354,51.561568065975024,50.707194607121714,51.02521133422852,24617345.370157924
2019-05-17 13:30:00,50.251535026893,51.286279136198445,49.88605003903436,50.04268646240234,41064929.54754356
2019-05-20 13:30:00,48.46208458659732,48.80383542481122,47.74061341139159,48.05388259887695,39762088.39631097
2019-05-21 13:30:00,49.093373724868,50.64548787746836,48.685171740501474,49.150333404541016,20856493.521089155
2019-05-22 13:30:00,48.38139004679845,48.76111397076432,48.172541526485645,48.28646087646485,22962665.009243958
2019-05-23 13:30:00,47.41785136811352,47.6361913869707,46.75333622041293,47.48430252075195,25701714.51155934
2019-05-24 13:30:00,47.87352120731361,48.09660878683604,47.194766998291016,47.194766998291016,20111315.30636749
2019-05-28 13:30:00,47.46531857733899,47.617207451933815,46.73435223669,46.77707290649414,12781542.780788217
2019-05-29 13:30:00,46.38785989542696,47.12831774562226,46.33090020644401,46.93370819091797,28336266.75413849
2019-05-30 13:30:00,47.085596468902864,47.71213855440309,46.9764282597332,47.2944450378418,16060778.527781395
2019-05-31 13:30:00,46.796047259986175,47.42733675033767,46.48277809794588,46.62517547607422,29409267.608306315
2019-06-03 13:30:00,47.13779844400257,47.49853581582162,46.34987617704462,46.57296371459961,14182357.5269295
2019-06-04 13:30:00,47.31342518130776,48.504805577715096,47.01913893057738,48.48107147216797,14665867.361438196
2019-06-05 13:30:00,48.90351742877546,49.02218072589326,47.57923459838288,48.11084747314453,22246769.33912783
2019-06-06 13:30:00,48.19153512279178,48.94148799042515,48.01591576989527,48.77536010742188,10578461.042417089
2019-06-07 13:30:00,49.04591292665279,49.53480511235651,48.87503749574248,49.406646728515625,11954202.264853235
2019-06-10 13:30:00,50.0236965104828,51.19134285577553,49.93351125077883,50.6407470703125,18137875.567736693
2019-06-11 13:30:00,51.43341836954605,51.64226692551687,50.51259005056525,50.82586288452149,17072465.583308537
2019-06-12 13:30:00,50.341709675334016,50.42714738335984,49.677198192150925,49.72466278076172,8489567.972927088
2019-06-13 13:30:00,50.05691903213812,50.17558231553158,49.63922557826692,49.97148132324219,7539400.347060747
2019-06-14 13:30:00,48.69466844467441,48.91301209623583,48.4051333338294,48.72789764404297,12500495.510362444
2019-06-17 13:30:00,48.704159403373474,48.85604826462525,48.31019642467429,48.42885971069336,13013924.119308392
2019-06-18 13:30:00,48.85604750235387,50.745168579681774,48.85604750235387,50.3986701965332,29207433.65827994
2019-06-19 13:30:00,50.66921901860452,50.90179802636085,50.28475116192142,50.51733016967773,9940101.401899822
2019-06-20 13:30:00,51.62801978919248,51.83212078165481,50.835349924568376,51.10115814208984,11746683.21115879
2019-06-21 13:30:00,50.84958999219469,51.26728707638571,50.7119401459332,50.85908508300781,11037954.911657345
2019-06-24 13:30:00,50.98249547534089,51.162862364759945,50.76415184431248,50.95401382446289,12902895.793839604
2019-06-25 13:30:00,50.939779370052655,51.110654805354,50.03793759958811,50.07116317749024,12971997.725405317
2019-06-26 13:30:00,51.1676103593445,51.89857301416945,51.162862813937146,51.55207824707031,15421366.305689745
2019-06-27 13:30:00,51.893825309517695,52.50138071001857,51.893825309517695,52.24506759643555,11002772.124759167
2019-06-28 13:30:00,52.92382517330421,52.96654221772359,52.26405759762032,52.29728317260742,12487855.853876812
2019-07-01 13:30:00,54.632581504197375,55.04078353774697,53.41747049529614,53.7734603881836,19189800.43110328
2019-07-02 13:30:00,53.62631822715621,53.63106215164004,52.904843360810986,53.14216995239258,8954538.07277792
2019-07-03 13:30:00,53.07571793538245,53.12793007438865,52.59157328978972,52.94756317138672,4236988.403247693
2019-07-05 13:30:00,52.33051068538942,52.67226153866378,52.0219854083325,52.55834579467773,8402767.223954672
2019-07-08 13:30:00,52.059958285477485,52.32101896975655,51.84161826831508,52.21659469604492,8127408.302117426
2019-07-09 13:30:00,51.86534973342477,52.65802327098033,51.77991201889312,52.58207702636719,8448063.336911375
2019-07-10 13:30:00,53.14691530892271,53.81143046224122,53.0092654569176,53.10419464111328,9715093.785364874
2019-07-11 13:30:00,53.40323165003664,53.45069624497703,52.97604305294016,53.2513427734375,8094752.262198128
2019-07-12 13:30:00,53.45543883425816,54.257600191925576,53.45543883425816,54.229122161865234,7478724.232146974
2019-07-15 13:30:00,54.54239859732196,54.86515928293449,54.352536601249135,54.66580581665039,5574175.238126341
2019-07-16 13:30:00,54.37151955675795,54.40474513226826,53.86364083320547,54.10096740722656,7808860.038721658
2019-07-17 13:30:00,54.48069245694435,54.6041033000596,54.13419765689289,54.29557800292969,5666242.347431298
2019-07-18 13:30:00,54.418983901529735,55.40626331411455,54.39999734113586,55.27335739135742,11004246.037624696
2019-07-19 13:30:00,55.47745631948093,55.78123403181893,55.24487730063501,55.27810287475586,9241696.176538764
2019-07-22 13:30:00,55.65307840671988,56.46948235380257,55.63409184733239,56.3840446472168,10612802.865702452
2019-07-23 13:30:00,56.76851548141931,57.015337145033214,56.4030341527384,57.010589599609375,8731217.814538978
2019-07-24 13:30:00,57.3903078130141,58.648135625565125,57.29062747568389,58.52947235107422,14506173.096815191
2019-07-25 13:30:00,58.17823666826085,58.23994027431783,57.36658021328281,57.471004486083984,11776177.992482116
2019-07-26 13:30:00,57.90768401186303,57.95514860236363,57.32385904688893,57.35234069824219,8297005.970771898
2019-07-29 13:30:00,57.257408765088265,57.63713273748948,56.76851659501013,57.54694747924805,9216835.399404744
2019-07-30 13:30:00,56.9299041567878,57.45676948174193,56.80174576892522,57.2906379699707,5926221.690770326
2019-07-31 13:30:00,57.03432176231421,57.06279979125479,54.955338738068434,55.57713317871094,11417600.906349637
2019-08-01 13:30:00,55.425248032715366,56.91566229029989,54.00603609488103,54.45695877075195,27529786.10459201
2019-08-02 13:30:00,54.01552931270448,54.32879850510655,53.26082892958458,53.716495513916016,17100697.827533044
2019-08-05 13:30:00,52.25931721886208,52.340007394708245,50.98250255813294,51.40019607543945,18934455.498957902
2019-08-06 13:30:00,52.36848356108469,52.79092458014267,51.656503827214,52.21659469604492,19430187.88581491
2019-08-07 13:30:00,51.57106875120295,52.61530429908015,51.452405456157074,52.50138854980469,15356264.962096715
2019-08-08 13:30:00,52.94756367745573,53.89212249168588,52.71023708745605,53.84465789794922,11250108.974319192
2019-08-09 13:30:00,53.351009514560005,53.4839118040221,52.53935314278865,52.914329528808594,17095221.64023031
2019-08-12 13:30:00,52.42069450703652,52.8811086372237,52.00299742167935,52.28779220581055,8061044.236729578
2019-08-13 13:30:00,52.14540101032359,54.200650242085445,51.87484883030139,53.78770065307617,20583238.3904878
2019-08-14 13:30:00,52.4491769408764,52.89060454776539,51.746688633718925,52.055213928222656,16922671.65604008
2019-08-15 13:30:00,52.377973207374346,52.44917190254599,51.54733021344262,51.99825286865234,10060188.38544116
2019-08-16 13:30:00,52.56783645047648,53.4079709340034,52.21659413285717,53.27032470703125,11614375.65677988
2019-08-19 13:30:00,54.42373338886278,54.6658038945608,53.896868088410926,54.148433685302734,9842555.292582355
2019-08-20 13:30:00,54.06299616660301,54.21488503440663,53.62156857871809,53.83990859985352,11816417.58421132
2019-08-21 13:30:00,54.38575519115231,54.65155977871227,54.13893354157586,54.39049911499024,5411530.862609528
2019-08-22 13:30:00,54.46644673157385,54.62782705773203,53.763958504968414,54.31930541992188,8378750.17346139
2019-08-23 13:30:00,53.588338742337,54.13419056244417,51.87958821004514,52.0694465637207,26754063.720290262
2019-08-26 13:30:00,52.86212522092699,52.96180195277492,52.4159500791461,52.60581207275391,7624935.854468119
2019-08-27 13:30:00,53.01875574607815,53.19912626187583,52.17387371307696,52.482398986816406,8505789.910252592
2019-08-28 13:30:00,52.245074696299895,52.90484231818905,51.8653507087262,52.81940460205078,8164909.061705338
2019-08-29 13:30:00,53.721243750227,54.31930773417937,53.68327062904866,53.96331787109375,11836011.18155033
2019-08-30 13:30:00,54.50916791398061,54.76548105850195,54.0677439455073,54.309814453125,8138363.486921957
2019-09-03 13:30:00,53.78295081623732,53.9063616573484,53.1564087617512,53.4506950378418,9201876.59519894
2019-09-04 13:30:00,54.333549463375576,55.040781679398336,54.32405437194861,55.02654266357422,10613644.384458572
2019-09-05 13:30:00,56.222665866431136,57.3286086084373,56.15621471313016,56.69731903076172,15056256.94095794
2019-09-06 13:30:00,56.78750235393888,56.95363023152516,56.43151249283278,56.74478530883789,5944129.963210839
2019-09-09 13:30:00,56.977366151717526,57.39505963170829,56.7305444788877,56.96312713623047,7076535.584349939
2019-09-10 13:30:00,56.65460060967671,57.08178917147323,56.28911565407228,57.07704162597656,8322919.53940022
2019-09-11 13:30:00,57.30488472543815,57.83649401309579,57.01059842597291,57.80326843261719,7151536.877853437
2019-09-12 13:30:00,58.22569981073031,58.44403982055756,57.513720100778656,57.8934440612793,9464174.19740454
2019-09-13 13:30:00,57.81275139864836,58.135515664733205,57.59440777693916,57.86496353149414,7460606.187599105
2019-09-16 13:30:00,57.38082078507852,57.69409361198066,56.98211386500262,57.47574996948242,4950351.488170478
2019-09-17 13:30:00,57.243166587640985,57.75579283566939,57.09127773133434,57.70832824707031,6927795.903381648
2019-09-18 13:30:00,57.69409216867901,57.798512820384566,56.99635145468493,57.77003479003906,4699852.907210929
2019-09-19 13:30:00,57.93141566271386,58.078556973424895,57.475745473533685,57.53745269775391,5871866.924261847
2019-09-20 13:30:00,57.67035845134896,57.6798499210894,56.26538554421149,56.459991455078125,10647774.983365592
2019-09-23 13:30:00,56.39828574001084,57.24316774665529,56.39828574001084,56.94413757324219,6153756.848364542
2019-09-24 13:30:00,57.36658149734309,57.47574969675794,55.84294528059773,56.09925842285156,11667677.45104679
2019-09-25 13:30:00,55.8239621192495,57.205201022866525,55.37778696060023,57.05805969238281,10947782.70782918
2019-09-26 13:30:00,57.10078296341972,57.42354729306148,56.64986023835087,57.257415771484375,10256540.70684214
2019-09-27 13:30:00,56.81123530719392,57.06280089119414,55.46796605609215,55.899898529052734,14482154.319183463
2019-09-30 13:30:00,56.28911609067036,56.60713645772322,55.98533836021799,56.54542922973633,5454509.181210743
2019-10-01 13:30:00,56.93939590313921,57.58492452744996,55.942624934261744,56.16096496582031,10025003.788494429
2019-10-02 13:30:00,55.638843665857614,55.7907325313075,54.926863930064485,55.24488067626953,10458373.498095652
2019-10-03 13:30:00,55.240132010602174,56.16096027571047,54.62308509154997,56.09450912475586,11625331.103863155
2019-10-04 13:30:00,56.44575002449584,57.11026513869393,56.25588804596553,57.081787109375,7534343.989888027
2019-10-07 13:30:00,57.005841991622624,57.33335382050174,56.77801050995411,56.7969970703125,9957376.348754838
2019-10-08 13:30:00,56.19418222215312,56.36505763394868,55.211650414986615,55.30657958984375,12811250.539111927
2019-10-09 13:30:00,56.09451049659045,56.64985382371363,55.96160819143101,56.27962493896485,6772313.504796126
2019-10-10 13:30:00,56.43151112207183,57.35233936591985,56.37455144200464,56.81597900390625,9858567.528706923
2019-10-11 13:30:00,57.955149478467526,58.800031514625005,57.81749962901367,58.11178588867188,17976705.544814717
2019-10-14 13:30:00,58.11178975961708,58.32063832046804,57.93142285244716,58.197227478027344,4641494.1750730565
2019-10-15 13:30:00,58.46303448222114,59.51201763235467,58.46303448222114,59.35538482666016,8011322.696218645
2019-10-16 13:30:00,58.975656943290566,59.29367370115255,58.3823404750482,58.491512298583984,7288901.002210954
2019-10-17 13:30:00,59.14177528200519,59.38384937593506,58.1734825276015,58.52947235107422,7043249.08937213
2019-10-18 13:30:00,58.43455131389061,58.614918212549554,57.43778039368315,57.95515060424805,7582799.974224284
2019-10-21 13:30:00,58.38233524979015,59.06583691885272,58.30638901042053,59.0421028137207,8646524.63523741
2019-10-22 13:30:00,59.24620814918008,59.32689831843932,58.58169299123916,58.59593200683594,7214531.027516424
2019-10-23 13:30:00,57.56593673225247,58.00736433175425,57.2526675184892,57.57543182373047,12185107.526389292
2019-10-24 13:30:00,58.434552520358,59.12279817389017,58.334875788410905,59.09906768798828,10052813.850293426
2019-10-25 13:30:00,59.36012162139918,60.34740103987423,59.36012162139918,60.295188903808594,9631454.06751933
2019-10-28 13:30:00,60.80307877461995,61.28721983154872,60.67017283462097,61.21128082275391,10225570.845329449
2019-10-29 13:30:00,61.31568939740339,61.78085469118502,60.72712413670103,60.793575286865234,7524441.923033989
2019-10-30 13:30:00,61.11634065756655,61.11634065756655,60.38063040366627,60.86003112792969,7132154.914939691
2019-10-31 13:30:00,60.6891575309368,60.75560868823423,59.86800591388063,60.51353454589844,8261189.556598077
2019-11-01 13:30:00,60.99293171339837,61.77136261443216,60.86477333088836,61.76186752319336,9212410.917387806
2019-11-04 14:30:00,62.76813469341549,63.1668415981987,62.568781241023885,63.076656341552734,8169123.135557082
2019-11-05 14:30:00,63.20955545458808,63.61301350576824,62.93900694093003,63.10988235473633,5692156.8023263225
2019-11-06 14:30:00,62.90578862621087,62.972239785149526,62.16533078585636,62.72541809082031,8966546.435913634
2019-11-07 14:30:00,63.53233705973116,63.73643447000563,62.81086212983436,63.09564971923828,8272987.084878211
2019-11-08 14:30:00,62.80610514986707,63.228546142578125,62.38365691452408,63.228546142578125,7102028.435381898
2019-11-11 14:30:00,62.69218919710245,63.09089610662591,62.46435771203652,62.97223281860352,5419747.006156425
2019-11-12 14:30:00,63.247538092744286,63.584545047201466,62.86781408906426,63.10514068603516,4951193.903244187
2019-11-13 14:30:00,62.73965649243653,63.37569728476568,62.55929320144742,63.21430969238281,6018920.762197087
2019-11-14 14:30:00,63.06716600341785,63.15735126686017,62.64472496095079,63.10039520263672,5503808.038961659
2019-11-15 14:30:00,63.95952026934054,64.20159079993219,63.47062804075549,63.74117660522461,8621452.251015851
2019-11-18 14:30:00,63.71268551141096,64.17309961174206,63.41840289815544,63.77913665771485,4141550.830625986
2019-11-19 14:30:00,64.10665066287838,64.19683591651753,63.28550277484066,63.5608024597168,6989735.842799487
2019-11-20 14:30:00,63.24278834657148,63.5987782092585,62.44536728798377,62.93901062011719,10409706.534980971
2019-11-21 14:30:00,62.65422488721991,62.80136622623978,61.98971327789365,62.25076675415039,8603754.9897127
2019-11-22 14:30:00,62.49757998428541,62.73965048573425,62.01818290558509,62.1415901184082,6743450.390321205
2019-11-25 14:30:00,62.6827000261557,63.58454544587951,62.6827000261557,63.57505035400391,6953919.243423875
2019-11-26 14:30:00,63.43264075409607,63.53232109304792,63.06241191107196,63.37093353271485,7473036.53449761
2019-11-27 14:30:00,63.62726222492546,63.79813766479492,63.48960874252988,63.79813766479492,4837215.939274943
2019-11-29 14:30:00,63.44688106871934,63.48011026326181,63.04817419000041,63.08614730834961,3453469.379546254
2019-12-02 14:30:00,63.21905689702421,63.29025197550034,62.15583118844084,62.26499938964844,9580890.39653247
2019-12-03 14:30:00,61.064124066658,61.43435293949534,60.71762929954248,61.39163589477539,14331517.840582214
2019-12-04 14:30:00,62.179564367636345,62.52131522448739,62.11785713878943,62.29348373413086,6821191.243674243
2019-12-05 14:30:00,62.58776686201241,62.839332460998,62.40265241667145,62.66845703125,5136592.717821107
2019-12-06 14:30:00,63.28550115985159,63.736420173908286,63.28550115985159,63.59877395629883,7112141.200310436
2019-12-09 14:30:00,63.63200305376952,63.79338339395244,63.1621010489644,63.17158889770508,4161775.623399273
2019-12-10 14:30:00,63.40891772203496,63.81711975390533,63.24279345161729,63.42315673828125,5348326.022374594
2019-12-11 14:30:00,63.88356081235197,64.80913293521755,63.63674640800898,64.78065490722656,10049654.924796224
2019-12-12 14:30:00,64.87084967093001,66.67453321539698,64.80439851499543,66.64130401611328,12693478.55230721
2019-12-13 14:30:00,66.63655245627123,67.36751508779655,66.17139441802786,66.3849868774414,10551705.438310727
2019-12-16 14:30:00,67.2013937509016,67.44821541648894,66.89286485825936,66.92609405517578,7478934.891782925
2019-12-17 14:30:00,67.40075346994864,67.44347051912726,66.91660518469206,67.30582427978516,5876290.391569443
2019-12-18 14:30:00,67.4956755661715,67.4956755661715,66.96881028711097,67.07323455810547,5101198.702326119
2019-12-19 14:30:00,67.3675193236857,67.51466788666305,66.99729043938801,67.46245574951172,4955407.874953958
2019-12-20 14:30:00,67.82792952852259,68.33581185519844,67.60009805356049,68.11272430419922,6886291.875585469
2019-12-23 14:30:00,68.95680311504601,69.09651532949691,68.2293145203572,68.45093536376953,5658422.210496856
2019-12-24 14:30:00,68.61955793629473,68.61955793629473,68.13778049148016,68.59065246582031,2444282.13208126
2019-12-26 14:30:00,68.66292066762024,68.88453416636412,68.44612229664381,68.77372741699219,3268936.8955804715
2019-12-27 14:30:00,69.02425094643884,69.08687701024466,68.3931237214292,68.53765106201172,3827908.861833208
2019-12-30 14:30:00,68.65328703584157,68.65328703584157,67.5692877668546,68.04142761230469,6133537.346582755
2019-12-31 14:30:00,67.81016846496867,68.25821791446006,67.6463659147034,68.12814331054688,5922029.602499168
2020-01-02 14:30:00,69.2747706446572,69.82881907772368,69.04351954591407,69.70355224609375,5397098.208529951
2020-01-03 14:30:00,68.6773739192914,69.101333057561,68.35458392428038,68.5617446899414,10340459.52365347
2020-01-06 14:30:00,67.69454017128152,67.99324715970941,67.33802959832852,67.82943725585938,6760383.495490713
2020-01-07 14:30:00,68.5280197980691,69.20732034282636,68.1233211963762,68.96161651611328,6772837.436304733
2020-01-08 14:30:00,68.95679565065109,69.42893540344262,68.6629111680143,69.07723999023438,6344009.213248551
2020-01-09 14:30:00,69.95889753371732,69.95889753371732,68.81708012871229,69.47229766845703,6645807.979926801
2020-01-10 14:30:00,69.86736513795314,69.86736513795314,68.76891318281503,68.89417266845703,4674150.040957478
2020-01-13 14:30:00,69.47229605086292,69.88662488769161,69.22176975732155,69.85771942138672,7484577.285526579
2020-01-14 14:30:00,69.94444001336599,70.46958297096413,69.57829183265498,70.00225830078125,6228810.180444618
2020-01-15 14:30:00,69.71802499512722,69.81919415299237,68.76892273562018,68.96644592285156,7658929.721701364
2020-01-16 14:30:00,69.60720612359127,70.07935333251953,69.52530483665653,70.07935333251953,6474358.443192874
2020-01-17 14:30:00,70.38285330653596,70.38767578503057,69.86735535001529,70.36840057373047,6119424.078014365
2020-01-21 14:30:00,70.0889810118627,70.73938350659755,70.02635494259212,70.42622375488281,6283399.140756064
2020-01-22 14:30:00,70.93690784155214,71.59694053474448,70.80201075610174,71.00435638427734,7341149.583111404
2020-01-23 14:30:00,71.20669737248568,71.44758605957031,70.6141132606325,71.44758605957031,9070579.554582072
2020-01-24 14:30:00,72.41595957567763,72.62312767968166,70.60447920421625,71.13442993164062,10376576.436988965
2020-01-27 14:30:00,68.8267239961439,69.13506125752454,68.05106203920099,68.26786041259766,14095928.061305285
2020-01-28 14:30:00,69.01461743405682,70.13715973765815,68.60992615373898,69.9781723022461,7700028.555657276
2020-01-29 14:30:00,69.69392128593972,69.92517238234389,68.80263014469182,68.91343688964844,6096591.42313273
2020-01-30 14:30:00,68.2148598828086,68.86526230935073,67.43438285202978,68.75445556640625,10725077.663934246
2020-01-31 14:30:00,68.1425981760551,68.20523159190284,65.98423743353034,66.27812194824219,12666430.309399825
2020-02-03 14:30:00,66.56719381922584,67.27540730601618,66.48047740109199,67.18386840820312,7972560.243536056
2020-02-04 14:30:00,68.99052035613936,69.40967168178888,68.6388249219636,69.34703826904297,11224686.224993687
2020-02-05 14:30:00,70.58038749319824,70.8742719945614,69.79027286923923,70.72492218017578,11201231.362978674
2020-02-06 14:30:00,70.82127485577898,70.8405427163885,69.94925897424527,70.7730941772461,5626872.727319768
2020-02-07 14:30:00,70.07453175682555,70.13235005231518,69.115799293434,69.15433502197266,10868503.21973364
2020-02-10 14:30:00,68.6918174734038,70.25759390713603,68.65327440210508,70.2431411743164,8508494.388464142
2020-02-11 14:30:00,70.87909489057611,72.0257275545762,70.87909489057611,71.7270278930664,11243988.46768116
2020-02-12 14:30:00,72.26179174258235,72.82547039400677,72.26179174258235,72.7387466430664,7719748.085092815
2020-02-13 14:30:00,72.24252297565565,73.38915559271466,72.14135383376224,72.91219329833984,8266888.021708642
2020-02-14 14:30:00,73.23016438461585,73.52886401849283,72.16543310206586,72.59903717041016,7752335.458627799
2020-02-18 14:30:00,71.14405999242304,71.62102221272394,70.87426585415383,71.51020812988281,12264171.475088088
2020-02-19 14:30:00,72.62312004765518,73.48068313855886,72.50749083771103,73.35060119628906,8441658.826258216
2020-02-20 14:30:00,73.03746170311301,73.13381571933913,71.08143915215568,72.19435119628906,8049360.012799786
2020-02-21 14:30:00,71.71739449252448,71.76075270051132,69.83846529968692,70.07453155517578,14699732.635049896
2020-02-24 14:30:00,66.85625422354417,67.80053384422789,66.26366270759777,66.89961242675781,20474392.635983624
2020-02-25 14:30:00,67.68972803805306,67.90171128072116,64.65935127720246,64.97250366210938,26628478.97670241
2020-02-26 14:30:00,65.53136459503891,66.60572614831472,64.8424190841535,65.36273956298828,19807695.2432322
2020-02-27 14:30:00,63.59462164816854,64.58226686373013,62.19747002219186,62.35163497924805,26944391.767591365
2020-02-28 14:30:00,60.02946860310603,63.92222754517438,59.88975270369424,63.580169677734375,20027712.276212625
2020-03-02 14:30:00,64.40399210627508,65.79151321564969,62.63587012802172,65.78187561035156,14615672.68801027
2020-03-03 14:30:00,66.02759563921741,66.92370191761428,63.1658366420358,63.6235237121582,15360828.116874844
2020-03-04 14:30:00,64.88577418103957,66.8851547241211,64.19683605446386,66.8851547241211,11211402.215981232
2020-03-05 14:30:00,65.04476349246427,66.37928893580998,64.21610578444756,64.78460693359375,11775147.724628355
2020-03-06 14:30:00,62.87676040453744,63.94630672839864,61.98065422377101,63.53680038452149,15379718.183255302
2020-03-09 13:30:00,58.13126463068206,61.18573167601343,58.04454454899635,58.251708984375,14710527.689135326
2020-03-10 13:30:00,60.47751902952913,61.84095001220703,58.40587832601824,61.84095001220703,13028838.0704393
2020-03-11 13:30:00,59.80303304648045,61.18573563968952,57.90483240876788,58.502235412597656,15108843.431153214
2020-03-12 13:30:00,54.41194083930153,56.671474350292975,52.31620620464106,52.32584381103516,14297059.153135557
2020-03-13 13:30:00,55.55856317662797,57.89036743350581,52.56190750810868,57.39895248413086,12038756.223835368
2020-03-16 13:30:00,50.68298539164086,54.17105671569203,48.79441870252145,49.12684631347656,13591130.33090993
2020-03-17 13:30:00,49.99404166371986,53.679639691903525,48.41863110476993,53.106327056884766,19921855.03784253
2020-03-18 13:30:00,49.14129809313447,51.24666679546392,46.25063349942068,48.69324493408203,15069614.127744436
2020-03-19 13:30:00,48.31745808815023,51.140674074813546,46.75168146682231,49.555625915527344,10681488.516424429
2020-03-20 13:30:00,51.62245349607504,52.61973265110281,48.563167483360495,48.68842697143555,14252431.561266024
2020-03-23 13:30:00,49.3580954732717,51.21294149074895,48.13919918224611,50.49509048461914,13651117.075497176
2020-03-24 13:30:00,53.718180712998375,55.92472211233882,53.67000370758258,55.70792007446289,16219731.16802092
2020-03-25 13:30:00,56.24269360762606,58.0011818828009,54.30113124056484,55.28877639770508,10172332.525929855
2020-03-26 13:30:00,56.27160465350311,58.77684579070789,55.98253525825867,58.64194869995117,9561261.62334564
2020-03-27 13:30:00,56.62329693990658,57.36523457313485,55.38031037219936,55.39958190917969,13046896.829604588
2020-03-30 13:30:00,56.42577025384392,57.769929637174826,55.80909209600144,57.5723991394043,9491520.38421816
2020-03-31 13:30:00,57.68802236753566,58.45886543927291,56.05961614876135,56.43540191650391,10610294.75374204
2020-04-01 13:30:00,54.65283069128698,55.97771857180928,53.0822353019166,53.63628005981445,13425286.97068916
2020-04-02 13:30:00,53.15932082112814,55.25987074788577,53.11114381239281,55.08161544799805,10218618.815670963
2020-04-03 13:30:00,54.92262340855387,55.62601796902163,53.38575233169665,53.97834014892578,7449083.357811374
2020-04-06 13:30:00,56.47876664730414,59.64885916981876,56.47394784408006,59.345340728759766,18028035.217466064
2020-04-07 13:30:00,61.52297604749735,61.609696131510816,59.16226959228516,59.16226959228516,12249224.767809523
2020-04-08 13:30:00,60.21735265491035,61.42179608406664,59.44169079248013,61.12309646606445,9871364.409641532
2020-04-09 13:30:00,61.759046957754265,62.45762272738983,59.205625231287215,59.67776870727539,21601262.01947831
2020-04-13 13:30:00,59.41761080997977,60.554605828996095,59.1381790208366,60.45824813842773,11376207.572488133
2020-04-14 13:30:00,61.96620409731658,63.161017289483006,61.75422087446966,63.10319900512695,15926235.516779132
2020-04-15 13:30:00,61.69160389517647,61.7301469733076,60.699139849486336,61.40253448486328,12481696.693440098
2020-04-16 13:30:00,62.462436048509616,63.319999219758415,61.86021430738885,63.03093719482422,9662138.715169996
2020-04-17 13:30:00,64.24983913486152,64.534086057673,63.04539554531427,63.64761734008789,10580819.318230242
2020-04-20 13:30:00,62.63587628061162,63.65242687492032,62.279365714289455,62.29863357543945,6477265.314217627
2020-04-21 13:30:00,61.23872663571867,61.58078815437853,59.152629576550495,59.5091438293457,13250102.418409271
2020-04-22 13:30:00,61.257998467186844,63.22846998706134,61.20982146128108,62.871952056884766,12482527.968750428
2020-04-23 13:30:00,62.852682977042846,63.556073865842045,62.14928473690391,62.29381942749024,8867580.734565584
2020-04-24 13:30:00,62.28900004932933,63.70542685517265,61.82168271026968,63.55126190185547,8289512.526736865
2020-04-27 13:30:00,64.18239052434458,64.88096633532217,63.84032531066217,64.33655548095703,9240366.346426023
2020-04-28 13:30:00,65.42055287467781,65.74335021647808,63.83550839147164,63.90777206420898,9458309.571176909
2020-04-29 13:30:00,65.05921753001994,67.14049944805221,64.81351369997716,66.90924835205078,10140575.190517506
2020-04-30 13:30:00,66.53346530171306,66.53346530171306,64.31728620722036,64.42809295654297,14255960.630022148
2020-05-01 13:30:00,63.04539530516122,63.1610245357998,61.15200984257846,61.39289855957031,12485848.39323018
2020-05-04 13:30:00,61.13755884087448,62.14929074578814,60.75695421615705,62.07220458984375,7903856.89209639
2020-05-05 13:30:00,62.95384783218815,63.99448871201423,62.52506626846434,62.88158416748047,10034510.373883083
2020-05-06 13:30:00,63.64761503309596,64.5774419218803,63.46935974073296,63.61870956420898,6904225.630476655
2020-05-07 13:30:00,64.79906782826609,65.00141347761355,63.93668941666563,64.19684600830078,6482453.591975383
2020-05-08 13:30:00,64.90505018559446,65.9119631604264,64.64488627978078,65.83487701416016,6260982.936152505
2020-05-11 13:30:00,65.19894382877676,66.34075404402294,65.15558562217412,65.86861419677734,5646798.066978621
2020-05-12 13:30:00,66.29257583780188,66.44192566157405,64.03785369272713,64.05712890625,7423760.136187104
2020-05-13 13:30:00,64.52444396389167,64.74606480354774,62.038478154945736,62.92013168334961,14246828.446014296
2020-05-14 13:30:00,62.443156747904446,64.74605167595669,61.383248147973255,64.68341827392578,11820399.06239366
2020-05-15 13:30:00,62.51061841506768,63.5223539079862,62.08183681787341,63.20919418334961,15524804.418925364
2020-05-18 13:30:00,64.82796196898938,66.27811656287048,64.76532855823088,65.93123626708984,8798877.341285128
2020-05-19 13:30:00,65.90232233016168,67.09713548481594,65.58435485721355,65.6855239868164,8292211.926012712
2020-05-20 13:30:00,67.14050184250533,68.4172090706217,67.12123398020964,68.06551361083984,9390435.898740154
2020-05-21 13:30:00,67.90170538242096,68.07032305528531,66.24439001244085,66.34074401855469,9200930.069482602
2020-05-22 13:30:00,66.3744695123932,66.55753991184598,65.56507971798491,66.48046112060547,5156946.309770779
2020-05-26 13:30:00,68.06070002412577,68.47984403844285,66.95261045786263,67.05377960205078,9679988.476338206
2020-05-27 13:30:00,67.07786842519923,68.07515121765772,65.35310437180236,68.06551361083984,13510595.76678003
2020-05-28 13:30:00,67.68972634608934,68.41720759129805,66.2684844517953,66.61054229736328,10776138.261669036
2020-05-29 13:30:00,66.85625404619412,68.35939723099958,66.62018046597943,67.945068359375,12474640.36948937
2020-06-01 13:30:00,67.88243831388753,68.20041318841446,67.34284993384692,67.84390258789062,6572329.335178797
2020-06-02 13:30:00,68.16668528693398,69.24104680399327,67.77162430005953,69.17841339111328,7841588.446065792
2020-06-03 13:30:00,70.22868720012035,71.37049718072291,70.22386472170626,71.08625030517578,9327545.071901364
2020-06-04 13:30:00,70.76827695144745,72.35332124996256,70.676738075753,71.87154388427734,6519193.76812765
2020-06-05 13:30:00,73.38915803040402,74.56469615562204,73.30243426884616,73.56741333007812,10164029.306035656
2020-06-08 13:30:00,73.89982806512252,73.92391840309982,72.00644659179927,73.34578704833984,5772583.488646632
2020-06-09 13:30:00,72.54121802497207,73.75529163571235,72.30032935360218,73.48068237304688,5942579.166796452
2020-06-10 13:30:00,73.92873949850491,74.54541397354554,73.54813859255782,73.85647583007812,7277842.527133884
2020-06-11 13:30:00,72.01127114078629,72.31479326606708,69.27477158824928,69.32295227050781,9696178.843132814
2020-06-12 13:30:00,71.30306232983266,71.66439541596357,68.82191141226994,70.30096435546875,9747031.576078888
2020-06-15 13:30:00,68.759272097312,71.31269382401766,68.57137920268434,71.21151733398438,8840389.647214714
2020-06-16 13:30:00,73.13862976873685,73.52886830706963,71.19706733261539,72.32442474365234,8078004.063880878
2020-06-17 13:30:00,73.00373034507066,73.71675885345523,72.61349181920708,73.0904541015625,9777544.364867551
2020-06-18 13:30:00,72.95073762409338,73.39879445703208,72.61831002092534,72.9892807006836,5988242.325505017
2020-06-19 13:30:00,73.76012885616217,74.16963526853422,72.46414636895469,72.647216796875,6951550.090716084
2020-06-22 13:30:00,72.66167005375534,73.37469853812767,72.03535797161469,73.31206512451172,5849174.404128395
2020-06-23 13:30:00,73.80830472017081,74.2419088409712,73.39879829375666,73.55296325683594,4928831.709826244
2020-06-24 13:30:00,73.1579011809414,73.56740756041971,71.46204267339783,72.01126861572266,9280011.882914323
2020-06-25 13:30:00,72.11244725545176,72.64240540618648,70.86946786798428,72.50269317626953,4810727.304757103
2020-06-26 13:30:00,72.5026893920226,72.66167682894474,70.98990852865049,71.14407348632812,8196523.296932245
2020-06-29 13:30:00,71.37050720773266,71.86673736572266,70.26724014274696,71.86673736572266,7046614.961893229
2020-06-30 13:30:00,72.30997288342053,73.88538714179656,72.20398126045087,73.61559295654297,9201551.82243278
2020-07-01 13:30:00,73.66375995657529,73.69267277508723,72.76765371753396,72.77247619628906,6286720.930165266
2020-07-02 13:30:00,73.77457686046066,74.43942468477874,73.52886567745324,73.88538360595703,7210176.196164826
2020-07-06 13:30:00,75.23917864395013,76.16901288532783,75.08501369256513,75.92330169677734,7187759.042645074
2020-07-07 13:30:00,75.71130781666034,76.15454944903699,74.82966173295497,74.97901153564453,6177127.239281745
2020-07-08 13:30:00,75.65832186538371,76.12564654510435,75.03683223586883,76.05338287353516,5377587.085920616
2020-07-09 13:30:00,76.36173083972173,77.6818037858943,75.58606880022991,77.37346649169922,12281603.4902152
2020-07-10 13:30:00,77.35900806793519,77.58062157644503,76.30872941248201,77.06993865966797,4931530.146645455
2020-07-13 13:30:00,78.24064269196369,79.03557977083146,75.81248795864784,75.96183776855469,9855589.428823669
2020-07-14 13:30:00,75.460803588722,77.42163396784912,74.58396510987716,77.23856353759766,8101458.545154873
2020-07-15 13:30:00,77.71550611136595,77.74441157725231,75.77875903224785,76.88684844970703,6597445.643669353
2020-07-16 13:30:00,76.16418538055788,77.06029161483207,75.68723047207195,76.82904052734375,7068824.918670413
2020-07-17 13:30:00,77.33491959891506,77.46017909148391,76.80496145469957,77.1855697631836,5166493.282811764
2020-07-20 13:30:00,77.30118476259004,78.93440990530421,76.75678128257861,78.72724914550781,4655261.808220962
2020-07-21 13:30:00,79.53181218182971,79.57517038247653,78.11538548331694,78.33218383789062,6321384.258503524
2020-07-22 13:30:00,78.58752746966263,79.4643658700333,78.27919022640542,78.90550231933594,4907453.089225204
2020-07-23 13:30:00,78.92477079658921,79.51735489216112,76.92539033791627,77.60469818115234,7717257.599660552
2020-07-24 13:30:00,76.38580718711759,77.9901267891592,75.74985749924252,76.82422637939453,6269285.445193185
2020-07-27 13:30:00,78.56825719412916,79.979861410115,78.45262797470805,79.92205047607422,5796037.908641108
2020-07-28 13:30:00,78.82359616156407,78.92477264431776,77.72514434102918,77.84558868408203,5907915.489959844
2020-07-29 13:30:00,78.53934987292762,80.10512634450961,78.39963031717488,79.8064193725586,6653695.58751507
2020-07-30 13:30:00,79.11266652237869,80.64953018397517,78.94404149944403,80.55799865722656,6797330.359664427
2020-07-31 13:30:00,80.71697407936828,80.71697407936828,78.92958422551537,80.0810317993164,10746457.868783535
2020-08-03 13:30:00,80.61581157594053,81.63717729062961,80.52908782301697,81.50709533691406,4177032.881044786
2020-08-04 13:30:00,81.54565091357404,82.76936978893609,81.47820236266483,82.6922836303711,6223827.854003495
2020-08-05 13:30:00,82.69227795187219,83.39085375646194,82.30685453685501,82.76454162597656,4539232.972680781
2020-08-06 13:30:00,82.73082476111053,82.74527749658347,81.77690746319338,82.6200180053711,4606483.735772572
2020-08-07 13:30:00,82.49474900203042,82.88017242434148,80.8133504411006,81.67091369628906,5723804.750368293
2020-08-10 13:30:00,81.93588208418856,82.11413736135691,80.52427054603523,81.72871398925781,4747836.050067838
2020-08-11 13:30:00,81.74317967290175,82.14787096961764,80.3315752624497,80.57246398925781,6760797.906899803
2020-08-12 13:30:00,81.28548745758751,83.3474942414657,80.95305985925395,83.10660552978516,5956692.573884262
2020-08-13 13:30:00,83.06324664368331,83.15478552958437,81.94070437431229,82.31649017333984,4721682.479050942
2020-08-14 13:30:00,82.55255652822873,83.28003772135797,82.0370512059539,82.2297592163086,3386418.867140613
2020-08-17 13:30:00,83.18368613057862,83.88226187756469,82.98134050843132,83.42938995361328,2907774.473357142
2020-08-18 13:30:00,83.77626526818182,83.98824848388877,82.6922662025942,82.91388702392578,3136095.876759079
2020-08-19 13:30:00,83.07287547741336,83.14996162752028,82.21049714602923,82.40802764892578,4894999.112410122
2020-08-20 13:30:00,81.50709713944157,82.00814975302836,81.04941007894536,81.74798583984375,6034737.194284729
2020-08-21 13:30:00,81.71907921687225,82.35984403304533,81.43001719127949,82.340576171875,4320460.083739293
2020-08-24 13:30:00,83.26077622532962,83.53538552864322,82.48511429465026,83.0728759765625,2693567.5316994176
2020-08-25 13:30:00,83.26558792900852,84.05088743405169,83.25113519528843,84.01234436035156,2697096.243057136
2020-08-26 13:30:00,84.22433384317013,84.75909973319578,83.99789786295773,84.47967529296875,2943060.242501526
2020-08-27 13:30:00,84.76874006531384,84.98072331754794,82.78863447025856,83.29450225830078,6478925.132673669
2020-08-28 13:30:00,83.54020071095724,84.69647091624554,83.27522901412654,84.619384765625,2814162.63935332
2020-08-31 13:30:00,84.35922136109745,85.1011552845188,83.78108262962807,84.48929595947266,3599795.4424620657
2020-09-01 13:30:00,85.13007102540803,86.18997990879299,84.73501735265246,86.14662170410156,3806737.037801302
2020-09-02 13:30:00,87.587133984307,88.94092732054835,86.42123354257353,88.43024444580078,8224752.647137208
2020-09-03 13:30:00,87.11498942392075,87.11498942392075,83.04396467980808,83.73291015625,14322382.666741988
2020-09-04 13:30:00,83.05359879985515,84.17614093086327,79.73415308336848,82.58145904541016,10223394.473729355
2020-09-08 13:30:00,79.39691465100775,81.23730044208807,78.8043305248421,78.91995239257812,8295740.144212271
2020-09-09 13:30:00,80.85670676995248,81.79135615818095,79.97023806514741,81.17949676513672,4848919.563259097
2020-09-10 13:30:00,82.13340977667806,82.53328590416436,79.68597968216352,80.15812683105469,6058399.534154426
2020-09-11 13:30:00,80.84224732955478,81.59863400744868,79.23792774232,80.00395202636719,4959967.103065549
2020-09-14 13:30:00,81.87806505877012,82.38874791033327,81.19394205466294,81.80580139160156,4721060.124971438
2020-09-15 13:30:00,82.95244047581484,84.06053011666175,82.75491730199147,83.5257568359375,7987297.61312867
2020-09-16 13:30:00,84.06051920515307,84.18578603477278,82.36948316734502,82.49956512451172,4016377.663678425
2020-09-17 13:30:00,80.22557889238158,82.44175063721305,80.07622906680317,82.31167602539062,4539025.462583452
2020-09-18 13:30:00,82.78862898269529,82.95243153898582,80.09067987753501,81.06868743896484,5717578.123093385
2020-09-21 13:30:00,79.70043461249104,81.11204626782715,79.02594916883076,81.10723114013672,8314420.427984984
2020-09-22 13:30:00,81.58900904701851,81.91661416409367,80.14849191421555,81.77207946777344,3335772.771208888
2020-09-23 13:30:00,81.85397888103495,82.21531193792829,79.6137168688322,79.90278625488281,5035728.022352296
2020-09-24 13:30:00,79.15602437778675,81.71426106912526,79.05967037281724,80.60135650634766,6627127.295327661
2020-09-25 13:30:00,80.38937816482508,81.78652970004869,79.45472882206812,81.5360107421875,5268408.130746186
2020-09-28 13:30:00,82.79826065926393,83.6750916664562,82.12377526911602,83.6076431274414,4066193.402071301
2020-09-29 13:30:00,83.41012324023724,84.58566126717794,83.41012324023724,84.05088806152344,6674659.322803761
2020-09-30 13:30:00,83.89190043764334,84.88436069860549,83.56428798519913,83.92562103271484,6000904.1932587465
2020-10-01 13:30:00,85.52994399556123,86.27670045994113,85.10597751744311,85.99726867675781,4903509.221729135
2020-10-02 13:30:00,84.0846091940151,85.25050962207456,83.38603343295274,83.41975402832031,6516079.820310858
2020-10-05 13:30:00,84.20986874370374,86.26224517822266,84.14242020157127,86.26224517822266,3977147.941589687
2020-10-06 13:30:00,86.05508537142445,87.49560258679249,85.16861663181665,85.505859375,10897355.250037832
2020-10-07 13:30:00,86.79701295404404,87.57267481567895,86.7777377424473,87.33660125732422,3598757.649813936
2020-10-08 13:30:00,88.2808913433035,88.52178003763011,87.85692488885998,88.4061508178711,3915916.446958556
2020-10-09 13:30:00,89.7406814117328,90.14055754950796,89.32153006055114,89.92375183105469,5511051.181734743
2020-10-12 13:30:00,91.17155399631542,91.88458246001689,90.62714320473384,91.50879669189452,4780423.690802945
2020-10-13 13:30:00,91.5714419852084,91.99540113551448,90.8535909497098,91.23419189453124,3303184.9569937
2020-10-14 13:30:00,91.62442684876576,91.79786701523426,90.18873218548424,90.75241088867188,4456414.717320577
2020-10-15 13:30:00,89.08546833408262,90.52597817707829,88.83975713444043,90.40071868896484,2756251.928115809
2020-10-16 13:30:00,91.06557002459066,91.06557002459066,89.7647724603185,89.8370361328125,3597719.459912086
2020-10-19 13:30:00,90.50188832815893,91.09928760456656,89.04210338140052,89.393798828125,4813633.805904981
2020-10-20 13:30:00,90.0201128909182,90.17427784094887,89.17217993605972,89.466064453125,5183306.488485564
2020-10-21 13:30:00,89.61059694855635,89.9526621392398,88.80121444024473,88.89274597167969,5075580.517124625
2020-10-22 13:30:00,88.93128008107874,89.26852275887843,87.84246590665714,88.85901641845703,3265408.773763453
2020-10-23 13:30:00,88.75784806407667,88.75784806407667,87.80393087345621,88.64704132080078,3457613.423225203
2020-10-26 13:30:00,87.958114086563,88.28571922954893,85.6937541515812,86.74884796142578,6709114.227862039
2020-10-27 13:30:00,87.45223211029777,87.65457772781646,86.09361636952164,86.45013427734375,3893499.523086362
2020-10-28 13:30:00,84.96626455045539,85.07707129667861,83.47757411386813,83.66064453125,9502105.936582582
2020-10-29 13:30:00,83.7666403367127,86.48386477818998,83.5209364911525,85.72747802734375,4767346.561589794
2020-10-30 13:30:00,84.69164804900213,85.27460195230519,83.37639777218074,84.28695678710938,5030538.872992109
2020-11-02 14:30:00,85.03852319575,85.68892560309793,84.12314910892053,84.94216918945312,4024887.985887687
2020-11-03 14:30:00,85.67447059641407,87.33178592556672,85.6166596644378,86.71028900146484,6112781.9261293
2020-11-04 14:30:00,88.59886262763641,90.2080047616786,87.5004107225656,89.89002990722656,8118479.456675935
2020-11-05 14:30:00,92.21219757751862,93.5949038067686,92.02430467302447,93.4600067138672,6273228.669851976
2020-11-06 14:30:00,93.315466589032,95.19439552474158,92.79033098281316,94.91014862060548,6541610.238983516
2020-11-09 14:30:00,97.23231765373144,97.74781564509608,93.77796725294571,93.87432861328124,11188154.614940992
2020-11-10 14:30:00,93.32028418876588,93.3443745298803,90.75240967437664,90.9692153930664,7164096.694289109
2020-11-11 14:30:00,92.50125986881626,94.40427910939115,92.4193585938015,94.168212890625,5578717.530245934
2020-11-12 14:30:00,94.27902210375932,94.75597703259936,92.72769826261572,93.15166473388672,6647260.64011237
2020-11-13 14:30:00,94.3512867051122,95.26184572073603,93.8887845058359,94.52472686767578,5059182.8023063
2020-11-16 14:30:00,95.26666348835408,97.46838233202422,95.11249119532654,97.18413543701172,4953947.727666856
2020-11-17 14:30:00,96.9577050401756,96.9577050401756,95.6280020175356,96.06641387939452,3559942.7075648825
2020-11-18 14:30:00,96.57709207210188,97.0106887522076,95.5460888237416,95.58944702148438,7954504.191905244
2020-11-19 14:30:00,95.08841056270126,96.9288039040608,94.75116782645064,96.83726501464844,4561027.203042012
2020-11-20 14:30:00,97.03480131283008,97.622570410193,96.23986408213072,96.34585571289062,3714578.04496017
2020-11-23 14:30:00,97.08295551771404,98.2584934807907,96.73607522200815,97.8297119140625,5229178.762161211
2020-11-24 14:30:00,98.47048147281684,98.51383967404657,96.72644965529555,98.13805389404295,4057683.113056824
2020-11-25 14:30:00,98.23440888330629,98.76436696364708,97.72854849456424,98.13323974609376,3731598.868402148
2020-11-27 14:30:00,98.8125591676812,100.00255007212706,98.8125591676812,99.44850158691406,3823964.731075326
2020-11-30 14:30:00,99.61228710446991,101.4382274668966,98.27294659416516,100.50357818603516,8855127.356326725
2020-12-01 14:30:00,101.47678800364956,103.1003756794436,101.0528214895481,102.32952880859376,6991817.393966361
2020-12-02 14:30:00,102.29098708049152,103.07627928951878,101.84774537738367,102.7390365600586,5509805.6586221615
2020-12-03 14:30:00,103.39906097394444,103.90011357573526,102.58004088212664,102.7004852294922,4779178.206288047
2020-12-04 14:30:00,103.32198449992067,105.6971435546875,103.13409160786274,105.6971435546875,5569999.751767295
2020-12-07 14:30:00,106.38609357043684,106.42462929491462,105.35990531188985,106.29936981201172,4307590.830906279
2020-12-08 14:30:00,106.24638649305128,106.8534234680362,105.57190096529028,106.43909454345705,3866515.326174801
2020-12-09 14:30:00,105.88986009593592,106.29455873176316,102.45960708227292,103.14373016357422,7446176.821844103
2020-12-10 14:30:00,102.21871959840306,103.91457826276218,101.82848104426328,103.22081756591795,4399749.350076378
2020-12-11 14:30:00,102.5318797666564,103.19191251640808,101.37079435543303,102.3825225830078,4308420.856110541
2020-12-14 14:30:00,103.29308141893442,104.03502280207304,102.87875252157322,103.427978515625,4510381.337618408
2020-12-15 14:30:00,104.7335846123066,105.3261687328488,104.25662235840318,105.0515594482422,5217762.59724701
2020-12-16 14:30:00,105.4899866463626,105.4899866463626,104.18918173710378,105.00820922851562,2632128.350197579
2020-12-17 14:30:00,105.6682386303498,105.70195922584658,104.5842394741312,104.98411560058594,2335933.5525989723
2020-12-18 14:30:00,105.11900997011374,105.29245012468247,103.95792469512128,104.6227798461914,7078787.980763235
2020-12-21 14:30:00,103.02282372879924,104.15318428275768,102.26601758341198,104.094970703125,4390755.571705994
2020-12-22 14:30:00,104.25990262867674,104.26475129226512,103.01796371638548,103.91060638427734,3806792.3022787976
2020-12-23 14:30:00,104.06099731358027,104.41514222473351,103.0761782109277,103.13439178466795,2741104.807408712
2020-12-24 14:30:00,103.43032279806027,104.25990323395996,103.43032279806027,104.24049377441406,1177821.6963904733
2020-12-28 14:30:00,105.40966640415502,105.51154756107576,103.93486577840748,104.03189086914062,2520546.6592469104
2020-12-29 14:30:00,104.63344859274882,104.68681350186996,102.8093517580858,103.76991271972656,4635431.34678741
2020-12-30 14:30:00,104.37633827844996,105.80748622537853,104.37633827844996,105.68620300292967,2173425.100996196
2020-12-31 14:30:00,105.739565798907,106.02093635511676,104.91969004716884,105.96272277832033,2950737.949920029
2021-01-04 14:30:00,106.99606138418795,109.1549012846428,105.06037846982572,106.17618560791016,9585620.871677782
2021-01-05 14:30:00,105.97728215940334,108.13612211719963,105.97728215940334,108.03424835205078,4781164.015503948
2021-01-06 14:30:00,107.13190005912324,109.74191745098116,106.70013207074346,107.70435333251952,7924632.547084106
2021-01-07 14:30:00,109.5430017411688,112.38588060913698,109.5430017411688,112.14816284179688,5405323.376126672
2021-01-08 14:30:00,114.06444087086244,114.45739732095812,110.54237881172097,111.7455062866211,6934182.621117498
2021-01-11 14:30:00,111.30888876258742,114.17602584946142,111.08572438148974,113.4192123413086,6456375.439878817
2021-01-12 14:30:00,114.40403939760049,114.8552094231076,112.81279673971204,113.94801330566406,6570570.928306277
2021-01-13 14:30:00,114.73392766689976,114.79699731096296,112.79339612073652,113.33189392089844,4563491.90380809
2021-01-14 14:30:00,115.00559880779272,117.82421964293694,114.86976219423448,116.1505126953125,6808031.678919186
2021-01-15 14:30:00,115.84973439644544,116.0389359254578,112.89527690396778,113.8897933959961,7891033.815877168
2021-01-19 14:30:00,116.06803703715572,117.88728526657825,115.4470675670494,117.79996490478516,6332698.206696681
2021-01-20 14:30:00,119.38150180139644,119.72594200597504,117.05771112568404,117.30998229980467,6503166.621813373
2021-01-21 14:30:00,118.82358698490248,119.4106009983632,117.3439376946645,119.12437438964844,7438787.028712293
2021-01-22 14:30:00,117.88728521605503,118.50825468589524,116.8151383361906,116.883056640625,5677619.929692347
2021-01-25 14:30:00,117.9697512087378,118.22202235695354,114.96192909669048,117.34393310546876,7264402.092623233
2021-01-26 14:30:00,117.14019020906196,117.20810851717336,115.286979026602,115.31608581542967,5558270.879891179
2021-01-27 14:30:00,112.97773367185206,112.97773367185206,109.12092182462662,109.68367767333984,11938586.201400498
2021-01-28 14:30:00,112.1433140628365,113.70058640313304,110.98869548342834,111.9783706665039,8196723.64994782
2021-01-29 14:30:00,112.06568406691134,112.46349654192628,109.43141634531072,109.93595123291016,8330708.082258089
2021-02-01 14:30:00,111.64847098826284,114.41372668304334,111.33313760472826,114.24393463134766,5604444.3672345085
2021-02-02 14:30:00,116.029225390882,116.029225390882,114.39433001933917,115.80606842041016,8942911.008501058
2021-02-03 14:30:00,116.34456994419584,116.34456994419584,113.52594171483874,113.62782287597656,6678376.499242014
2021-02-04 14:30:00,113.3706944788082,114.94252014160156,112.7157621842845,114.94252014160156,6076480.0053844
2021-02-05 14:30:00,115.6750856578673,115.69934378249413,113.94801378101928,114.1081085205078,5071187.893833654
2021-02-08 14:30:00,115.22876050060717,117.9358027834373,115.06866576638954,117.92124938964844,9244065.513962252
2021-02-09 14:30:00,117.42641147978397,118.48399757249912,117.02859897717656,117.57195281982422,3314143.6411314937
2021-02-10 14:30:00,118.61497909162196,119.28931344148091,116.42703265345558,117.87272644042967,7710465.465694279
2021-02-11 14:30:00,119.19229591957011,122.25348314242032,119.12437761392592,122.23892974853516,10656874.2788477
2021-02-12 14:30:00,121.80231338240668,123.72828406847262,121.06490934633712,123.49542236328124,7009213.77597241
2021-02-16 14:30:00,125.15459030112514,125.45051426233675,123.5439455272502,124.25223541259766,7160718.260585832
2021-02-17 14:30:00,122.96663356875698,123.4566151201454,120.3226608127786,121.84597778320312,7562464.007429654
2021-02-18 14:30:00,120.42938359432073,121.08916457872392,119.00309180432112,120.55066680908205,6245711.754018795
2021-02-19 14:30:00,122.39902429229544,124.10183799705749,121.86537517554032,123.15583038330078,8924153.10929106
2021-02-22 14:30:00,121.54033231179864,122.18555989056892,118.21232066487498,118.65379333496094,6959949.218405897
2021-02-23 14:30:00,116.40763811744549,118.3142142677458,112.97775235660812,117.51374053955078,9783298.535502823
2021-02-24 14:30:00,116.4173361197376,121.3074763676188,115.67508341629082,121.2929229736328,9575727.102398235
2021-02-25 14:30:00,119.84723460024242,120.45365075682314,114.11781593727436,114.53018188476562,12689099.583671402
2021-02-26 14:30:00,116.49496373770016,117.8339278548542,113.9674181129819,116.89276885986328,10628634.10099972
2021-03-01 14:30:00,118.70716700969824,120.43423889872363,117.57680649748995,120.40998077392578,7336546.550877602
2021-03-02 14:30:00,120.64283244014284,120.64283244014284,116.60653101575926,116.70841217041016,7933084.796287949
2021-03-03 14:30:00,116.84910607764284,117.18384895012228,112.91467811448028,113.03111267089844,9311881.701810043
2021-03-04 14:30:00,112.43925472276278,113.22516765486483,105.93362073302282,107.54425811767578,18608096.80505328
2021-03-05 14:30:00,110.31435489582508,111.21670226372837,105.23016486505144,110.99353790283205,15219130.675051698
2021-03-08 14:30:00,110.38713185055973,110.88196945904416,104.85661999999311,104.89543151855467,16093116.650478652
2021-03-09 14:30:00,108.77164119915643,111.83282834450458,108.33016852237624,111.10997772216795,14642586.85567189
2021-03-10 14:30:00,112.81280494212464,112.81280494212464,108.77165426921128,108.8541259765625,13014371.518941209
2021-03-11 14:30:00,112.19182661272173,113.97226338527015,111.61452470649166,113.42891693115234,9231903.683795806
2021-03-12 14:30:00,111.33800228554706,112.25975184889916,110.48901969731304,112.01233673095705,7677483.720317857
2021-03-15 13:30:00,112.6575517386146,114.42828369140624,111.740650942361,114.42828369140624,7079710.182617495
2021-03-16 13:30:00,115.573201816773,117.314834450063,114.83580518248314,115.679931640625,9530584.866828471
2021-03-17 13:30:00,113.86553957986936,117.6835329115382,113.05051250604922,116.76663208007812,10607815.507725794
2021-03-18 13:30:00,115.07351473683391,115.24816286530589,111.98322073842724,112.08995056152344,9207992.897329364
2021-03-19 13:30:00,112.25490127367053,114.35552761595832,110.99840884108492,113.36585235595705,14584869.445387935
2021-03-22 13:30:00,114.8940107332053,117.31482625597565,114.5641165545576,116.06803131103516,10128566.080781192
2021-03-23 13:30:00,116.2038793785718,116.2038793785718,112.65755917281264,113.16209411621094,9315591.951596176
2021-03-24 13:30:00,114.8988734923376,115.1317426126122,111.16335166778366,111.22156524658205,9198510.407748424
2021-03-25 13:30:00,109.7467637309752,111.9783780015058,108.86867437837708,111.62908172607422,13942365.261973064
2021-03-26 13:30:00,111.95411652082826,117.25661533324538,111.6533291022249,117.22750854492188,15730123.298113586
2021-03-29 13:30:00,116.12625239879658,116.38337222697534,113.96256395006132,115.35004425048828,12928623.074984122
2021-03-30 13:30:00,114.81154916799156,115.3209401725466,113.77821376468344,114.85520935058594,6880382.957535992
2021-03-31 13:30:00,115.83517920779676,118.79934138476855,115.83517920779676,118.15411376953124,10442705.98032014
2021-04-01 13:30:00,120.33236275160424,122.71436709676271,120.3275140874587,122.7095184326172,11656805.650263105
2021-04-05 13:30:00,124.70339872984852,124.94112390440068,122.92296938182012,124.75191497802734,10084453.736532643
2021-04-06 13:30:00,123.9271884501714,124.4317233708886,121.84597172372034,123.04425048828124,12166770.06751632
2021-04-07 13:30:00,123.0685071027578,123.51968453655552,122.01092096333278,122.76287841796876,8168895.801544935
2021-04-08 13:30:00,124.39777841292864,124.5239028930664,123.42750525967716,124.5239028930664,7007358.545857982
2021-04-09 13:30:00,123.70404055227294,124.23282623291016,123.09276836204856,124.23282623291016,5556415.584638263
2021-04-12 13:30:00,123.6312546931236,123.6312546931236,121.7149814010078,122.79197692871094,7032094.349157077
2021-04-13 13:30:00,123.77680116730691,123.99026081625792,121.64221948287738,122.5494155883789,7609873.909033402
2021-04-14 13:30:00,122.61733571994722,123.36929316629472,120.80779214583198,121.37539672851562,7445588.909916929
2021-04-15 13:30:00,122.70951361068524,123.16068364233358,121.3899515659657,122.93267059326172,8388217.145092069
2021-04-16 13:30:00,123.0054514316082,123.1849482404008,122.11280864931432,122.45240020751952,7436106.492546674
2021-04-19 13:30:00,121.53063455099624,121.97695591026094,118.27054102002444,119.4203109741211,10551336.003627244
2021-04-20 13:30:00,119.00309730583903,119.44457000458917,117.1353327511518,117.7466049194336,9931918.004341656
2021-04-21 13:30:00,118.00372051593348,120.93391975766538,117.45066934702044,120.85144805908205,10182983.60325452
2021-04-22 13:30:00,120.79808989531192,120.96788936822917,117.43612251289072,118.17837524414062,8506122.910473913
2021-04-23 13:30:00,118.74597599891835,121.10857073359296,118.63924617411406,120.89511108398438,6611178.42603959
2021-04-26 13:30:00,121.0261014855702,122.99573981544228,120.89996960030926,122.96178436279295,5711424.815784378
2021-04-27 13:30:00,123.27226109772994,123.42265109798464,121.71013271646646,122.2437744140625,7131036.319827026
2021-04-28 13:30:00,121.86052948744508,121.86052948744508,120.13830628045194,120.2886962890625,6990249.754060513
2021-04-29 13:30:00,121.86537397783036,121.9429970126937,119.43000492740872,121.39965057373048,8163742.952075135
2021-04-30 13:30:00,119.37178867155066,120.05097910754073,117.59135198864776,117.88728332519533,9390829.687254274
2021-05-03 13:30:00,118.65379214605646,118.76052196418452,116.15050488866356,116.51920318603516,9356200.153675862
2021-05-04 13:30:00,115.22390685303836,115.4228131090483,112.9389351497406,115.07351684570312,15073602.208657796
2021-05-05 13:30:00,116.3251613443776,117.0577093280753,114.9522344060247,115.5829086303711,10174119.720075993
2021-05-06 13:30:00,115.3403376060186,116.73752261333964,114.25849339960708,116.53376770019533,13245031.458276948
2021-05-07 13:30:00,118.16382184960948,119.10012477630151,117.0965235670563,118.17837524414062,11101700.375910047
2021-05-10 13:30:00,116.96554655438632,116.96554655438632,112.7351870234266,112.9389419555664,10959883.232421136
2021-05-11 13:30:00,109.62547512320724,113.41921031372551,109.285883595034,113.15724182128906,13906499.4840122
2021-05-12 13:30:00,110.66849893469715,111.14393443845796,108.09730085484996,108.4902572631836,15730537.122081626
2021-05-13 13:30:00,110.30950236938604,111.58054798193288,108.67459974131532,109.72248840332033,18438868.039374907
2021-05-14 13:30:00,111.41561939464556,113.95771095728324,110.31921434431072,113.2009048461914,8619906.333890233
2021-05-17 13:30:00,111.5368987702632,111.97837145402876,110.0475373214739,111.93955993652344,10414672.689577296
2021-05-18 13:30:00,112.99713973286968,113.37554275428712,111.18274025392827,111.32343292236328,7851045.531976573
2021-05-19 13:30:00,108.805592524135,113.43376395299696,108.64064913550662,113.31732940673828,16696457.856330644
2021-05-20 13:30:00,114.24878569669264,116.6113802974888,114.06928891175689,116.131103515625,11788111.285273708
2021-05-21 13:30:00,116.81514368552818,116.90247145382286,115.21905975696004,115.54409790039062,11224759.62508343
2021-05-24 13:30:00,116.5774295275422,118.87210591784584,116.37367461152012,118.08133697509766,7752515.346584648
2021-05-25 13:30:00,119.10983038206244,119.57555381556192,118.04253949420716,118.85755920410156,8346372.806600314
2021-05-26 13:30:00,118.8575528423842,119.53673589761036,118.04738183988584,118.97883605957033,6690332.090670771
2021-05-27 13:30:00,118.750833704389,120.02673563280676,118.46945572689371,119.55130004882812,5655975.774641559
2021-05-28 13:30:00,119.91028833735774,121.31717807545664,119.69682869416066,120.8902587890625,7155977.835940032
2021-06-01 13:30:00,121.75379471403116,122.801683470372,119.98306273244576,120.71076202392578,8162712.358725785
2021-06-02 13:30:00,120.55552379689496,121.80231888394948,120.15286260777955,121.41905975341795,6649105.945161559
2021-06-03 13:30:00,120.1625652728712,120.58462851331568,118.76053153362352,119.34268951416016,7875161.887385541
2021-06-04 13:30:00,120.48760087575114,122.4329810354638,120.4730474817352,122.00121307373048,7402301.910812889
2021-06-07 13:30:00,121.7052795254262,121.72468898545688,120.57491906119134,121.38024139404295,5976919.330683813
2021-06-08 13:30:00,122.21466861415747,122.21951727781972,119.47367092937752,120.38086700439452,6348157.935200808
2021-06-09 13:30:00,120.86600384845131,121.0843121610919,119.92970095549984,120.00731658935548,5887253.070342098
2021-06-10 13:30:00,120.04128099612784,121.82171777719344,119.99762081354316,121.57430267333984,6771340.6694338685
2021-06-11 13:30:00,122.0060691400959,122.0060691400959,121.08431223802528,122.00121307373048,4991622.151213972
2021-06-14 13:30:00,122.25348782577586,123.65067291259766,121.69073189885704,123.65067291259766,6472453.375953229
2021-06-15 13:30:00,123.2722615631978,124.14064611756352,122.26318433529232,122.58336639404295,7201120.187671229
2021-06-16 13:30:00,122.96662828079968,123.37899417839718,120.52641055417368,121.55004119873048,9891723.13548614
2021-06-17 13:30:00,121.09887675096354,123.89809576350795,121.09887675096354,122.92298126220705,8089947.827105925
2021-06-18 13:30:00,121.87022921425088,122.19041127643682,119.40575339317176,119.79385375976562,10448271.823569795
2021-06-21 13:30:00,119.7890024369131,120.30324207352054,118.83814619630984,120.10919189453124,8144160.923948698
2021-06-22 13:30:00,120.2062232891368,120.9436273325464,119.47367531210752,120.89511108398438,6281578.005023866
2021-06-23 13:30:00,121.2492433369789,122.16129541632476,121.14736958920312,121.5063705444336,4324382.711216562
2021-06-24 13:30:00,122.7046422264806,123.76223563733888,122.57366169318276,123.49056243896484,4167106.182092041
2021-06-25 13:30:00,123.74284378795244,124.06302585385136,122.69495501990116,123.00543975830078,5329055.561914481
2021-06-28 13:30:00,123.96599556019667,126.39651585655702,123.96599556019667,125.98900604248048,7168551.930220556
2021-06-29 13:30:00,125.98899808818426,127.08538818359376,125.34861921860296,127.08538818359376,5274431.905317873
2021-06-30 13:30:00,126.90590378286385,127.34252039829772,126.18790181620632,127.2212371826172,5595992.78590851
2021-07-01 13:30:00,126.89620394015468,126.92531072693464,124.91201234756072,125.3437728881836,5035940.12311965
2021-07-02 13:30:00,126.35286194254678,126.35286194254678,125.26615424604266,126.03751373291016,3623131.1219880353
2021-07-06 13:30:00,126.6002629926618,127.15332154199318,124.42202125783936,125.99870300292967,5733687.237865535
2021-07-07 13:30:00,126.73127221893547,126.93501974516094,123.7622538507466,124.25223541259766,5172603.2422102215
2021-07-08 13:30:00,121.76835058222404,123.19464240691627,120.7447199286384,122.58822631835938,7070227.985215725
2021-07-09 13:30:00,123.25284646899378,124.90229514153522,122.30199026095352,124.67913818359376,5691018.644636158
2021-07-12 13:30:00,125.26616750948148,126.4159301645719,124.8198535125673,126.31405639648438,4594204.807227923
2021-07-13 13:30:00,125.95018197704746,126.7360947867276,125.27099898134112,126.0423583984375,5057583.959153117
2021-07-14 13:30:00,127.42013573216455,128.00714231515948,125.3583211902037,125.76583099365234,6909653.95289686
2021-07-15 13:30:00,124.92657617439342,124.92657617439342,121.4578715434672,122.31655883789062,12886365.946694031
2021-07-16 13:30:00,123.0588121245472,123.40325233514058,119.44942219540896,119.75505828857422,9269831.089498414
2021-07-19 13:30:00,117.97945929522858,119.84721633125994,117.44581019776828,119.73078918457033,12759803.800640704
2021-07-20 13:30:00,120.17226928770224,121.9138945550141,118.57132929885408,121.1958999633789,7822805.145080174
2021-07-21 13:30:00,121.76834118319856,124.7131010351507,121.59369306707327,124.67913818359376,6543774.7796957325
2021-07-22 13:30:00,123.90778300171024,124.65489173617236,123.08305863717428,123.92718505859376,6404843.538907902
2021-07-23 13:30:00,124.49480118532084,124.8586508566855,123.26741555278728,124.8295440673828,4592968.282016407
2021-07-26 13:30:00,124.2425288315572,124.921711876862,123.80590481454124,124.6888427734375,2621756.018864341
2021-07-27 13:30:00,123.8592702766958,124.13094349602687,120.03642094100552,122.48634338378906,6912127.068895819
2021-07-28 13:30:00,122.88415189741568,124.97506588566443,122.25832637797916,124.67428588867188,6937893.431394843
2021-07-29 13:30:00,124.79558102596629,127.17758531423532,124.7567769086474,127.01264190673828,7029620.211582298
2021-07-30 13:30:00,125.7124949586111,128.05568042989873,125.70763889182238,127.65788269042967,6657556.912270787
2021-08-02 13:30:00,128.74942010830875,129.98650301085468,128.21091492132126,128.56021118164062,8779656.548675528
2021-08-03 13:30:00,128.81730663262255,129.7342146943376,127.5171543339128,129.72450256347656,6633853.923902784
2021-08-04 13:30:00,130.11263402597487,131.62624612280086,129.9040156522477,131.14111328125,7309956.565016736
2021-08-05 13:30:00,131.55833086868208,131.85426962417682,130.27273169746852,130.99557495117188,5799029.741083383
2021-08-06 13:30:00,130.0204715394061,130.99557858799736,129.97195528903436,130.29214477539062,4245640.787012173
2021-08-09 13:30:00,130.5395646668496,130.8888609750124,129.3995141046588,129.89920043945312,4120520.047165101
2021-08-10 13:30:00,130.31153660419557,130.36005285351467,127.44925555533588,128.23516845703125,6859357.747958715
2021-08-11 13:30:00,128.76398379222493,128.84159202953754,126.43533693564596,127.89559173583984,4388694.213599748
2021-08-12 13:30:00,127.23578679736184,127.24549892957904,125.4941616485258,126.4983901977539,9344038.47473616
2021-08-13 13:30:00,126.58572389359948,127.37163682185408,126.08603759939557,127.32313537597656,5829742.743391287
2021-08-16 13:30:00,126.80403201974792,127.33768113814412,125.8143568188204,126.7749252319336,4656044.020251262
2021-08-17 13:30:00,125.59605658313892,125.6251633711092,123.31592615826584,124.3735122680664,10488878.99331887
2021-08-18 13:30:00,124.26678187745398,125.15458332174184,122.67069798985736,122.7677230834961,5804389.209373871
2021-08-19 13:30:00,121.78776039423244,124.54331912540374,120.96789200843575,123.8447265625,9241385.162650708
2021-08-20 13:30:00,124.135798133871,124.80042778083956,123.0830607198068,124.37836456298828,6644983.83335927
2021-08-23 13:30:00,125.80951005637522,128.09449670434051,125.7949566613918,127.95380401611328,9430611.573283449
2021-08-24 13:30:00,128.25943816303203,128.76398052324402,127.75489580282004,128.04112243652344,4960496.403717039
2021-08-25 13:30:00,128.48260004835976,130.4328290461862,128.48260004835976,129.43345642089844,11052641.056682125
2021-08-26 13:30:00,129.35098417578573,130.1417531513022,128.57476859469247,129.63235473632812,5381618.247311016
2021-08-27 13:30:00,129.77788901774133,132.22780390470592,129.6857125949767,131.9755401611328,6558409.945741483
2021-08-30 13:30:00,132.7808764211507,133.50857574796353,131.95128852892594,132.39276123046875,5146631.118106258
2021-08-31 13:30:00,132.72749065033642,132.72749065033642,130.36975217691057,131.38851928710938,6044117.788494703
2021-09-01 13:30:00,132.019228437693,132.19386918847172,131.01985577246194,131.18479919433594,5276491.877300933
2021-09-02 13:30:00,131.41278268481202,132.77600474570974,130.99556075451207,131.5049591064453,3318678.7384857056
2021-09-03 13:30:00,131.37883533087015,133.04283757229425,131.1362688885023,132.58197021484375,3728462.9776961207
2021-09-07 13:30:00,132.77601086604133,132.8293683730891,131.5243598225254,132.31028747558594,4046726.5832761214
2021-09-08 13:30:00,131.62141374635766,131.82032002380276,129.5450454030124,130.56382751464844,5137560.968750435
2021-09-09 13:30:00,130.64142760348497,131.8057434671538,130.48618154030794,131.102294921875,4773331.738843006
2021-09-10 13:30:00,132.20356587270305,133.91608434698114,131.9949474824319,132.09197998046875,7570297.028363896
2021-09-13 13:30:00,133.1689854107024,133.4066958018604,131.3885410951649,133.0816650390625,5772438.66226994
2021-09-14 13:30:00,133.53282549081604,134.119832131384,132.49949008550746,133.16897583007812,5618666.775321111
2021-09-15 13:30:00,133.07194864880756,133.64441672310306,132.0143624792256,133.63470458984375,4397351.73265597
2021-09-16 13:30:00,132.5722430987142,134.23140389122912,132.01919937126192,133.8287353515625,5324521.122386154
2021-09-17 13:30:00,133.4115552726267,133.4115552726267,130.9664811687527,131.4710235595703,7712937.592978714
2021-09-20 13:30:00,128.6620756766294,129.142367253166,126.34314130578665,128.2691192626953,8048517.227703927
2021-09-21 13:30:00,129.09386058411638,129.43830077883817,127.5220200067074,128.54080200195312,4766116.927083766
2021-09-22 13:30:00,129.2248457379522,131.18964282850308,128.78822909730118,130.8597412109375,5099221.36225365
2021-09-23 13:30:00,131.703882446551,132.88275181728045,131.01984329431664,132.5043487548828,4621208.010912268
2021-09-24 13:30:00,131.46615733345982,132.36365614240952,131.18478677104596,132.14535522460938,2866843.346322139
2021-09-27 13:30:00,130.8500423433333,132.14049759413106,129.87492050679091,131.67477416992188,4184420.521938972
2021-09-28 13:30:00,128.8755329608426,129.79728237419732,126.21215846936568,126.37224578857422,11564461.667136464
2021-09-29 13:30:00,126.45473838347746,126.95928072452324,124.08243889438924,124.46569061279295,9875438.655037122
2021-09-30 13:30:00,125.2613146518795,126.39652380643888,124.30074622644597,124.3249969482422,6759179.099956638
2021-10-01 13:30:00,124.9120161550088,125.00419258431496,122.42328217390308,124.43172454833984,7587818.19089041
2021-10-04 13:30:00,123.49542892641747,123.6894865265069,120.69136137735516,121.19104766845705,9855031.549813837
2021-10-05 13:30:00,122.16130450577492,123.767093090776,121.58399521695917,122.89385986328124,6992517.460204729
2021-10-06 13:30:00,121.47242012356824,123.40810295731724,121.12312386180088,123.26741027832033,7669857.468725758
2021-10-07 13:30:00,125.00903387788044,126.260684968214,124.68400314715272,124.80043029785156,5094892.890052367
2021-10-08 13:30:00,125.35833275222912,125.40684900105994,123.3886944513578,123.5876007080078,5152815.058725687
2021-10-11 13:30:00,122.95691902790624,124.8198347929263,122.81623375889458,122.85018920898438,4557514.51551401
2021-10-12 13:30:00,123.57305080084512,123.8447240358672,121.09402142745802,121.60826110839844,8296077.358850419
2021-10-13 13:30:00,122.69496247863354,123.2431576172728,122.08369029217384,122.64644622802734,5868907.311921267
2021-10-14 13:30:00,125.41171215895272,126.40622869335792,124.69371012886596,126.32860565185548,7289754.950298472
2021-10-15 13:30:00,127.34738057634736,127.50262665065024,126.60998393102948,127.3861846923828,5472315.14967992
2021-10-18 13:30:00,126.41107577707956,128.4486249526729,125.95504969383434,128.39041137695312,4166693.539844696
2021-10-19 13:30:00,128.565070312,129.86036682128906,128.09449082236972,129.86036682128906,4773743.600239186
2021-10-20 13:30:00,129.5207719268106,129.9719419181836,128.82702070853443,129.28790283203125,4593587.156963781
2021-10-21 13:30:00,128.41952563548227,130.82579547580366,128.3030984772697,130.76272583007812,4008180.032103935
2021-10-22 13:30:00,130.5977684156364,131.7475308949286,129.38493629738227,129.60809326171875,6121003.796210877
2021-10-25 13:30:00,130.195120548795,131.02954977094308,129.70998762440848,130.26304626464844,3853170.7621449847
2021-10-26 13:30:00,131.73297881924623,132.31028809771553,130.52984401607628,131.00527954101562,5114475.321522342
2021-10-27 13:30:00,130.24849674761592,131.45161696066816,129.6760286279308,129.89920043945312,8122309.751800584
2021-10-28 13:30:00,131.53406647194743,132.4121557092085,131.0004173983161,132.3733367919922,6172948.555465862
2021-10-29 13:30:00,131.34485770911616,132.79541493885017,131.1847703893869,132.7517547607422,4541230.489634562
2021-11-01 13:30:00,132.87304394672773,134.34783715721704,132.36364556905687,134.2750701904297,4566171.906865241
2021-11-02 13:30:00,134.2605274362125,135.83720933022403,134.18776046365892,135.75473022460938,4752512.240078536
2021-11-03 13:30:00,135.9148462195761,137.18103608628095,135.3860530916927,137.09857177734375,6283638.461274771
2021-11-04 13:30:00,138.40356009359215,143.64784521364686,137.932980619305,142.77459716796875,15585421.019152118
2021-11-05 13:30:00,143.929200229191,145.41370546103852,142.61449444387844,143.89039611816406,9841222.537028365
2021-11-08 14:30:00,144.82671322439418,147.41246487396984,144.16693963612664,146.48101806640625,8894470.61286821
2021-11-09 14:30:00,147.97039070414263,148.42641681497292,145.19542992136047,146.67507934570312,11896533.907793792
2021-11-10 14:30:00,143.7837050152335,145.6951300083549,141.44050459339928,142.0469207763672,10936177.473929783
2021-11-11 14:30:00,144.32701687635236,145.00619987710763,143.32764443129554,144.60354614257812,5813047.121446219
2021-11-12 14:30:00,145.07412911748662,146.66050817990876,144.19603985847593,146.07350158691406,5433769.420644761
2021-11-15 14:30:00,147.04861271965515,147.04861271965515,144.40950360648955,145.87945556640625,5809542.6193752615
2021-11-16 14:30:00,145.4864975374344,147.9946260818569,144.94799237512828,147.77146911621094,5029962.409788741
2021-11-17 14:30:00,147.81999240536288,148.18868332158834,146.34032825886155,146.8933868408203,5997532.14089202
2021-11-18 14:30:00,150.3038666248631,151.18681198555242,148.99885804370143,150.5076141357422,7835585.472867241
2021-11-19 14:30:00,150.211700997477,152.36569224069973,149.84785132537968,151.45849609375,6870282.404243247
2021-11-22 14:30:00,152.13279015908392,154.67003998594203,149.07160343215935,149.17347717285156,11275057.265267717
2021-11-23 14:30:00,148.38758347999297,149.73141095897498,145.52530260634728,148.09165954589844,10844245.99130272
2021-11-24 14:30:00,146.67506410578878,149.66348423867134,145.28273519497435,149.5858612060547,7384575.172909336
2021-11-26 14:30:00,146.81577923078038,148.17414549661237,144.51625390752127,145.24879455566406,6938922.987532862
2021-11-29 14:30:00,147.7278083667888,151.2353093845885,147.02921588086198,151.080078125,9309614.914822308
2021-11-30 14:30:00,150.45428869886976,151.73503202692936,146.80607932937212,147.9170379638672,14358331.648065776
2021-12-01 14:30:00,150.70651726574346,153.09337740790596,147.26692712731128,147.39306640625,14665261.242012052
2021-12-02 14:30:00,145.7824323545854,149.01827522091773,145.12265873555916,147.7763214111328,12944906.800635109
2021-12-03 14:30:00,148.81449459332677,150.1195030815833,144.34642540474877,146.09774780273438,13962567.83103153
2021-12-06 14:30:00,145.33125238337863,146.2141977294038,140.93594991788268,145.53985595703125,10524952.013503738
2021-12-07 14:30:00,148.93579394313127,153.0206193010187,148.93579394313127,152.59854125976562,11634956.608628718
2021-12-08 14:30:00,151.76411094565054,152.2492438212056,150.39119142206513,151.9387664794922,7367466.069807569
2021-12-09 14:30:00,150.92483352209365,152.43358958841318,148.12560748516657,148.26144409179688,6693424.244668481
2021-12-10 14:30:00,150.93454951246102,151.2401856164412,147.66961448346734,149.20262145996094,7289342.58118336
2021-12-13 14:30:00,149.7265555374678,149.87694553824198,145.0983839513269,145.3312530517578,7729429.079265539
2021-12-14 14:30:00,143.46833546529166,145.2875835564829,142.4495535732088,144.49195861816406,8752036.117060961
2021-12-15 14:30:00,144.64721666095403,150.57554085755316,143.40527771219732,150.46881103515625,11168899.071383748
2021-12-16 14:30:00,151.2062234647332,151.5312690321712,143.1724235729805,143.92922973632812,14854073.541120289
2021-12-17 14:30:00,142.6581792749394,145.56412060597796,142.29918566685393,143.25489807128906,11623206.763614448
2021-12-20 14:30:00,141.39322733132718,143.1441800012443,140.534830811297,142.17848205566406,11381272.614624318
2021-12-21 14:30:00,145.20238653152785,147.4508340991616,143.21245067343304,147.31427001953125,9299183.701442286
2021-12-22 14:30:00,146.34368394570595,149.070113396352,146.04129310028398,149.0652313232422,5231162.139795533
2021-12-23 14:30:00,149.47493394645545,151.3819641184014,149.30910717729105,150.3479766845703,4916234.1104645645
2021-12-27 14:30:00,150.8600834609214,154.4546587648602,150.74789996582498,154.39613342285156,6599334.073679857
2021-12-28 14:30:00,155.01553624442005,155.05944513239942,152.11842781554105,152.87440490722656,5203893.161051493
2021-12-29 14:30:00,152.70369313539032,153.9035071973718,151.9184533897801,152.8500213623047,6409475.877470095
2021-12-30 14:30:00,152.68906976796617,153.1524201841517,150.84056506072247,151.1136932373047,6059282.515709019
2021-12-31 14:30:00,151.20634485936404,152.19157091151826,150.5674185009707,150.6064453125,3003500.1661373936
2022-01-03 14:30:00,151.83066510128702,153.97669356079763,151.41122355607266,153.92791748046875,7335190.39507049
2022-01-04 14:30:00,154.61072765413073,155.43499423836758,149.82120564161858,153.12802124023438,11774523.201730514
2022-01-05 14:30:00,151.9330934697128,153.0890135954684,147.78737983609886,147.8751678466797,16698138.394970171
2022-01-06 14:30:00,147.7532536448632,149.9870554282144,146.20713958177822,149.34326171875,13431992.156087032
2022-01-07 14:30:00,149.0603574101314,149.54320637461717,144.46105729533394,144.80247497558594,14207420.611089304
2022-01-10 14:30:00,142.90518690028264,145.2219092135125,140.33484981850376,144.98779296875,15159790.53658629
2022-01-11 14:30:00,144.59761950973308,148.06537999933371,143.47584409098792,147.9141845703125,10189837.59250334
2022-01-12 14:30:00,149.16276734680292,150.41137241855273,147.60691912783054,149.17739868164062,12081044.498792512
2022-01-13 14:30:00,152.1720807932905,153.54748586501705,146.16811302709965,146.5826873779297,17385196.98362859
2022-01-14 14:30:00,145.57796048477624,149.9236456673635,145.2853188953459,149.6895294189453,12022200.24646146
2022-01-18 14:30:00,147.1533260811283,147.19722008805812,142.71010350647128,142.99298095703125,12811774.45194782
2022-01-19 14:30:00,144.31959598800356,145.19263862182186,138.9496879457942,139.04234313964844,17980198.591263503
2022-01-20 14:30:00,140.18852272692388,141.23227424841812,134.77470545815,134.7844696044922,17129113.59718155
2022-01-21 14:30:00,134.1260192365743,137.54013608986892,132.42384288271523,132.5408935546875,27188963.936727226
2022-01-24 14:30:00,129.83399473732098,134.31624370012543,125.46391437556882,134.2382049560547,25767483.16326293
2022-01-25 14:30:00,130.438787271556,132.04829370962182,128.20497082888264,128.92193603515625,17361413.395836774
2022-01-26 14:30:00,132.88231655732497,136.02330537988598,128.71220758757508,130.7801971435547,21043772.134142265
2022-01-27 14:30:00,132.09217965417193,132.3653227067022,124.82987283300156,125.19567108154295,22644244.56111701
2022-01-28 14:30:00,125.0590966298558,127.81965563611764,121.62059189018736,127.63431549072266,22462588.91054818
2022-01-31 14:30:00,128.49759699333038,134.32110595703125,127.7562512784293,134.32110595703125,14832767.357365804
2022-02-01 14:30:00,135.24293669870343,135.3453560437618,131.7897927930428,134.89663696289062,11979348.958790742
2022-02-02 14:30:00,137.86204512099687,138.5351162770028,135.58921689342174,138.34002685546875,12116720.17614335
2022-02-03 14:30:00,134.9259237943328,136.83293908713975,131.68738250236936,132.20437622070312,17110454.754155803
2022-02-04 14:30:00,131.65810420966392,134.05773233753175,129.97055915729214,132.92132568359375,10127714.082348883
2022-02-07 14:30:00,133.52611868268383,135.06735052312294,132.50189542750218,133.1310577392578,10578986.540234322
2022-02-08 14:30:00,132.26289246880344,136.267174800333,131.9507523605072,135.8574676513672,10379491.702449191
2022-02-09 14:30:00,137.92546318270144,140.61773313025574,136.17937774687087,140.58847045898438,20807779.90150653
2022-02-10 14:30:00,137.4718461222877,141.61269224108588,135.73552503378593,136.37933349609375,17037671.147522938
2022-02-11 14:30:00,136.56468368947336,137.54989497771734,128.5561339039896,129.3706512451172,23957672.74238701
2022-02-14 14:30:00,129.80472788454475,132.00926651709815,127.66846384812207,129.28285217285156,15969459.509498823
2022-02-15 14:30:00,132.17998384924613,136.4720107207042,131.7702915929644,136.31593322753906,13134084.079913575
2022-02-16 14:30:00,134.59910674364625,136.65244981262248,133.2627287445816,136.28665161132812,10273082.225945797
2022-02-17 14:30:00,134.59423223477305,134.76494104851005,130.71189794115864,130.82408142089844,16231284.476911742
2022-02-18 14:30:00,131.26304995774183,131.49715131807028,127.63921210208764,129.3706512451172,17669985.64202002
2022-02-22 14:30:00,127.92698079514103,131.53618757480982,126.585720412642,128.4829864501953,18324443.42701491
2022-02-23 14:30:00,130.58998986977582,131.58008331524374,125.44443319746938,125.79071807861328,15619058.758132834
2022-02-24 14:30:00,120.92313431329411,130.12661522103087,120.35248997856574,130.10711669921875,22051296.299670447
2022-02-25 14:30:00,129.99495002003707,131.96538753657538,128.1854720776423,131.92149353027344,18177026.90615014
2022-02-28 14:30:00,129.9607829537427,132.10679612688804,128.2634887974501,130.78504943847656,18288566.933504328
2022-03-01 14:30:00,130.3363550058616,131.22889614919512,125.40538706340762,126.65885925292967,16987848.52413316
2022-03-02 14:30:00,127.6050664554404,131.50203246013243,127.288044275994,130.80458068847656,16990512.874502372
2022-03-03 14:30:00,131.2142656139411,131.2630416890601,127.19536708152673,127.98548889160156,16930644.75516822
2022-03-04 14:30:00,126.59056777939686,127.57091179573165,123.05452567596234,124.54210662841795,16564049.582555924
2022-03-07 14:30:00,124.7177038003871,125.61511965896352,118.27964831028594,118.34305572509766,18174566.588730745
2022-03-08 14:30:00,118.5283938000302,124.45919730893246,116.88473521254164,120.1281509399414,26531837.329989634
2022-03-09 14:30:00,124.3128754891716,126.1760114188875,122.73749905367336,125.34686279296876,13680492.369659778
2022-03-10 14:30:00,123.02039028201185,123.2008558159771,120.32323839836742,122.63508605957033,15375073.27545694
2022-03-11 14:30:00,124.46407021741824,124.7030536350821,119.76721848944484,119.87939453125,15136623.032919846
2022-03-14 13:30:00,119.76234643455516,120.3915161389413,115.74832245888172,116.41651153564452,23959314.058947064
2022-03-15 13:30:00,117.5041512989538,121.62060211821326,116.63111608595182,121.2938232421875,21357879.710488416
2022-03-16 13:30:00,123.4837302680951,127.71723175048828,122.3521982248088,127.71723175048828,23729679.002001952
2022-03-17 13:30:00,126.45402785691218,128.5171356201172,125.4054090440966,128.5171356201172,13767013.18048242
2022-03-18 13:30:00,127.4294764487565,131.70200488699658,126.94662750873076,131.2923126220703,16546415.508393232
2022-03-21 13:30:00,130.91677178126483,131.96539053618838,128.67807321839086,130.98504638671875,14246786.564675065
2022-03-22 13:30:00,130.9996703488252,133.34078813028913,130.67776609571007,131.88734436035156,11940188.082216552
2022-03-23 13:30:00,130.6143671024419,132.25315114354217,128.51224750203326,128.5902862548828,15798666.346714182
2022-03-24 13:30:00,130.1315193617589,134.86738365695467,129.34627952117538,134.84788513183594,17337014.033349887
2022-03-25 13:30:00,134.6625344485088,134.85762387507089,132.12146006137948,134.28697204589844,11300901.322507445
2022-03-28 13:30:00,133.3066446632623,135.3258433265689,131.72151886366552,135.26243591308594,13557882.917221265
2022-03-29 13:30:00,137.74985906045217,138.7204538457716,135.74529184875317,138.3205108642578,14706877.75131818
2022-03-30 13:30:00,137.52063365941237,137.86205132573969,133.54562883982456,134.30648803710938,14872746.929609597
2022-03-31 13:30:00,134.0041027188685,134.97956479507502,131.2679387396069,131.5849609375,15917174.412747787
2022-04-01 13:30:00,132.0726961393579,132.55066304577076,127.5855644935976,129.45358276367188,15859150.129598876
2022-04-04 13:30:00,129.7754533806626,131.77028619896396,129.3608939526931,131.58981323242188,11896312.113517482
2022-04-05 13:30:00,130.67775436103932,130.7557931018506,125.55171202139782,125.91262817382812,22779361.484910585
2022-04-06 13:30:00,123.27889638973876,125.29810262055804,121.9083733425406,123.30816650390624,23109867.832346093
2022-04-07 13:30:00,122.76677953464696,124.48358738367726,121.01094486838323,123.32766723632812,15528025.929111172
2022-04-08 13:30:00,122.6350839578562,122.6350839578562,120.18667225150686,120.39640045166016,13994394.43653494
2022-04-11 13:30:00,118.64543986015433,119.34289905702953,117.5139078150558,117.68949127197266,16020921.438846888
2022-04-12 13:30:00,120.04524411759338,121.01094949990704,116.67014618965138,117.05545043945312,21627493.55536825
2022-04-13 13:30:00,118.17722023718508,120.81584667634574,117.43586704937805,119.83550262451172,16897429.480427265
2022-04-14 13:30:00,120.4549249730292,120.57685772232836,116.15313400550632,116.1872787475586,15666422.769761622
2022-04-18 13:30:00,115.69954882375885,119.17219117451718,115.636141412036,118.1772232055664,14601286.313281868
2022-04-19 13:30:00,117.50902604963184,120.84511173978348,117.01642041969068,120.69391632080078,13560548.769124463
2022-04-20 13:30:00,122.69849355223198,123.52763477940492,120.0598670064316,120.47443389892578,13362488.4973521
2022-04-21 13:30:00,121.95225855822484,123.27401287088736,116.65549948792484,117.17250061035156,18462020.680576693
2022-04-22 13:30:00,117.03593837546477,117.75289612524728,114.3924297082938,114.48509979248048,14609487.065027095
2022-04-25 13:30:00,113.71936569032962,116.4701683280502,113.34868535447502,116.4652862548828,19563242.17460498
2022-04-26 13:30:00,115.26059235285692,115.3922743631824,111.50018310546876,111.50018310546876,18749064.73116658
2022-04-27 13:30:00,110.2076993610046,113.62669097092233,110.12966061535728,110.96367645263672,15127601.16763822
2022-04-28 13:30:00,113.35355928999697,118.35767648512643,112.01717372039884,117.29930114746094,19577390.72215869
2022-04-29 13:30:00,115.0703785885444,117.63584857498095,111.90012688657708,112.10498046875,14852243.426217709
2022-05-02 13:30:00,112.12447376175768,115.45080258993458,111.07097306759746,115.36788177490234,16811726.96516397
2022-05-03 13:30:00,114.9679520318847,117.06031474944398,114.18270482340156,116.3140869140625,10892684.686058594
2022-05-04 13:30:00,117.05056142886386,120.56222302221242,113.37306564503768,120.30372619628906,21424105.40186258
2022-05-05 13:30:00,118.29426881506416,118.41620156027076,113.03652943713077,114.65579986572266,15955722.121270295
2022-05-06 13:30:00,113.68522333561246,115.997071083558,111.40752033181715,113.48037719726562,20306684.316523355
2022-05-09 13:30:00,111.02221108206902,112.2659191914346,107.25204505394522,107.73490142822266,18709698.386583585
2022-05-10 13:30:00,111.01732430095085,112.304933802234,108.0177817234046,110.51984405517578,20090788.3899946
2022-05-11 13:30:00,109.44684174998984,112.0318177350952,106.94478659031552,107.13011932373048,18658234.37026657
2022-05-12 13:30:00,105.96443835643925,108.70549173996484,104.97434498466718,107.63735961914062,16378699.939694831
2022-05-13 13:30:00,109.84190542693356,113.98273699124604,109.1444462038698,113.28040313720705,13871375.359891228
2022-05-16 13:30:00,112.19763622256588,113.1682235939766,110.96855945812196,111.45140838623048,10401430.27278112
2022-05-17 13:30:00,114.4948509314336,117.03593268673067,113.95834386073844,116.78231048583984,10822564.201966291
2022-05-18 13:30:00,114.86064971120734,116.25556065931532,110.69054820140816,111.20266723632812,11161480.482857738
2022-05-19 13:30:00,110.45644306948516,113.89494819832689,110.16380148491726,111.23193359375,14051392.714044591
2022-05-20 13:30:00,113.17310012053775,113.40721636336872,106.69603291257296,111.28558349609376,18462840.84572065
2022-05-23 13:30:00,110.8612588789982,112.46589061022208,110.05162362490942,112.17813110351562,8820230.737192158
2022-05-24 13:30:00,110.33450610579226,110.7149356859021,108.19336733889324,109.21759796142578,13071959.903457606
2022-05-25 13:30:00,108.74938677204246,112.29031131913123,108.5933092724648,111.4904327392578,11276092.23474493
2022-05-26 13:30:00,110.41255157273422,115.65566007969498,109.96871455485784,115.2166976928711,8926231.44035006
2022-05-27 13:30:00,117.1042225165481,119.98183259791688,117.0261837661324,119.7867431640625,9522051.59116594
2022-05-31 13:30:00,119.55261706369328,120.2695822094288,117.41147833003112,119.28924560546876,10376621.823570494
2022-06-01 13:30:00,119.84038660597042,120.45005035251825,115.88976255146687,117.3285675048828,10024788.310946004
2022-06-02 13:30:00,117.20664243497792,121.50355161143176,116.7774367477876,121.47428894042967,8952885.37867204
2022-06-03 13:30:00,118.82590853180358,119.3819215863772,117.24078274684898,117.89434051513672,7998466.1913522
2022-06-06 13:30:00,119.84526935713528,120.68904195571749,117.3139441192038,117.99188995361328,8642468.365263358
2022-06-07 13:30:00,116.50918851394152,119.18682705246331,115.67029056362786,118.93321228027344,5919656.285436467
2022-06-08 13:30:00,118.38693877379538,118.86003842009862,115.71904971596808,116.45552825927734,8389255.890939625
2022-06-09 13:30:00,115.67029195719128,117.4066132196758,113.28528753681272,113.3584442138672,10125252.925949303
2022-06-10 13:30:00,111.24656169430848,112.20251772620948,108.9688588237088,109.16395568847656,11425765.46396933
2022-06-13 13:30:00,105.22308794952494,106.40827069973363,102.74541359223124,103.0965805053711,13645841.749564774
2022-06-14 13:30:00,104.28175996651932,104.73047157644908,102.57958360403724,103.85255432128906,9324197.503085844
2022-06-15 13:30:00,105.11578853845744,107.51542419586326,103.33069126966794,105.75471496582033,11303976.843789142
2022-06-16 13:30:00,102.50154712491866,102.7112678793531,98.51190373808454,99.48736572265624,17296009.75419647
2022-06-17 13:30:00,99.98485770112184,101.05786444167256,98.06319631845804,100.3018798828125,14648443.111036872
2022-06-21 13:30:00,102.30644969774096,104.5256271888238,102.29181836342794,103.14534759521484,10257908.77914048
2022-06-22 13:30:00,101.15541032188165,103.39897598522744,100.99446563480078,101.6919174194336,7376606.902847581
2022-06-23 13:30:00,102.19914074355904,102.31132422126016,99.70196064260686,101.16515350341795,8706849.480483253
2022-06-24 13:30:00,102.84296444235731,105.47670900594252,102.44790350203802,105.42794036865234,12981745.393121224
2022-06-27 13:30:00,106.41314513379996,106.56922262476668,104.34028840082397,105.07676696777344,5559006.957251858
2022-06-28 13:30:00,105.53523435091893,106.7204170883372,102.41375153916093,102.42838287353516,9167963.645357382
2022-06-29 13:30:00,101.51145327040057,101.76506802667843,99.5166278664156,100.623779296875,7900666.722592229
2022-06-30 13:30:00,99.04841057189654,101.05785987385627,97.6534996395752,99.3654327392578,10048777.069993565
2022-07-01 13:30:00,97.64375181699155,97.95102475085052,94.43448071039433,95.59040832519533,13251565.985512592
2022-07-05 13:30:00,93.1566230399965,96.10739714305112,92.6396293594246,96.09276580810548,14910882.92674174
2022-07-06 13:30:00,96.06837683129552,97.78519205594306,95.14656552779546,96.74632263183594,6822203.139881335
2022-07-07 13:30:00,99.04354192815391,101.64314171889922,99.0191538886863,101.21394348144533,9240134.027839232
2022-07-08 13:30:00,99.71172421330324,102.37473123577564,99.49712138818708,101.76019287109376,5607599.418109821
2022-07-11 13:30:00,100.1994581235216,100.6676757172664,98.75577108474216,99.32154083251952,5595092.360392196
2022-07-12 13:30:00,100.30676221608697,100.89203794497938,98.72163641915328,99.28252410888672,5608009.166967068
2022-07-13 13:30:00,97.395008021023,100.83838781190362,97.24868722741762,100.0677719116211,7212582.090826964
2022-07-14 13:30:00,99.77025690784362,102.59909833063648,98.30218920730408,102.17964935302734,6973720.838853986
2022-07-15 13:30:00,103.64771660419667,104.7938874805386,102.26743692156236,104.7597427368164,7932856.088728416
2022-07-18 13:30:00,106.28146932952728,106.80821972902272,103.45750253019204,103.9842529296875,8636932.630095007
2022-07-19 13:30:00,105.74495546981385,109.11517841974276,105.535234714937,108.73474884033205,9231728.271766068
2022-07-20 13:30:00,108.3787121061228,111.68064571894676,107.73977822510598,111.29534149169922,10439565.752332631
2022-07-21 13:30:00,111.76844195607944,113.22187830701402,110.36377424167112,113.1633529663086,8569887.58672398
2022-07-22 13:30:00,112.782918467723,112.95850192439616,109.78825044270836,110.6027603149414,11490965.373070495
2022-07-25 13:30:00,109.90529817024635,110.1784263305911,108.407967919005,109.91992950439452,6156262.566669617
2022-07-26 13:30:00,109.598035697477,109.95407724175814,107.9348712102618,108.26165008544922,4368391.616306923
2022-07-27 13:30:00,109.9833354237883,114.06564132387302,109.94431605252709,113.32917022705078,10374161.645521585
2022-07-28 13:30:00,113.5632870940914,114.89479811576528,111.2075454121122,114.7143325805664,6588057.596580756
2022-07-29 13:30:00,113.51451791539208,116.00682367349457,112.92436011889302,115.6702880859375,6577190.982549065
2022-08-01 13:30:00,114.61677895335006,116.96764582157776,113.95833916121252,115.90438842773438,6735475.443034475
2022-08-02 13:30:00,114.58753147444406,117.40174165282008,114.11930640252014,115.66541290283205,6987047.630905503
2022-08-03 13:30:00,115.54835511888956,118.79176335160118,115.3093642453126,118.43084716796876,7611162.570766106
2022-08-04 13:30:00,118.31378177898507,119.85501345875062,117.95285817533848,119.63552856445312,5801148.833725276
2022-08-05 13:30:00,117.73825863476308,119.75746464640535,117.1090889288809,118.8210220336914,5412614.822716342
2022-08-08 13:30:00,117.32369033425648,118.34792094097348,115.13377552487798,116.7676773071289,8637753.423622504
2022-08-09 13:30:00,114.25586285349124,114.32902696974494,110.5832489715286,111.880615234375,14071280.91415301
2022-08-10 13:30:00,114.84114178752084,116.47503613312682,113.39745478749316,116.41162872314452,8646774.76084008
2022-08-11 13:30:00,117.22615842104462,119.4892301485744,116.13851284365536,116.38726043701172,9009883.809616333
2022-08-12 13:30:00,117.0505726640279,119.84526938438772,116.66526098239116,119.674560546875,5971529.015967376
2022-08-15 13:30:00,118.95271324999166,120.49881962637946,118.41620617330877,120.21593475341795,4619554.633192492
2022-08-16 13:30:00,119.59164290626218,119.93793520007398,117.5724368100097,118.86004638671876,4410422.840739693
2022-08-17 13:30:00,117.19687827770566,117.31393639645484,114.81187399430108,116.30921173095705,6843936.539747343
2022-08-18 13:30:00,116.1921539972543,118.7137223731302,115.78733637436264,117.93335723876952,5373248.780790439
2022-08-19 13:30:00,116.4311424669156,116.8457167850712,114.2265963094639,114.61190795898438,7037075.913109027
2022-08-22 13:30:00,112.37322064747202,112.78779497886272,110.20770123531288,110.61739349365234,7163169.784030354
2022-08-23 13:30:00,110.61739304505328,112.7048811439568,110.5832483025712,111.33435821533205,4630831.307731743
2022-08-24 13:30:00,111.11487897686196,111.70502931384576,110.08576627857876,111.26119232177734,4606432.68631833
2022-08-25 13:30:00,111.46604013073356,115.00697197486598,111.4416595343356,114.9972152709961,5594067.188092018
2022-08-26 13:30:00,114.7484712675606,114.90454131329103,108.5835518964309,108.60305786132812,9372584.738170205
2022-08-29 13:30:00,107.73978303211328,108.72500181007698,106.48144350652724,106.58873748779295,9290366.32685074
2022-08-30 13:30:00,107.6714986934618,107.80806278545944,104.25250687807385,105.3694076538086,8964982.262662191
2022-08-31 13:30:00,106.01320913053264,106.20829855121656,103.75989432024038,104.6524429321289,8040497.834038845
2022-09-01 13:30:00,101.95528291715118,102.51617802119344,99.5751607456534,102.36498260498048,14143452.309952095
2022-09-02 13:30:00,103.66234348335378,104.65244426033458,100.92617227519354,101.36026000976562,7057578.869100219
2022-09-06 13:30:00,101.37000266899672,101.95040371204406,99.58490553883033,100.2287139892578,7659960.598539504
2022-09-07 13:30:00,100.45307842413422,102.59909181285634,99.7361132702536,101.82847595214844,8126610.905484749
2022-09-08 13:30:00,100.85302136448942,103.6086986955429,100.1311815269326,103.2087631225586,8027170.254969423
2022-09-09 13:30:00,104.70122358394642,106.07174664335,104.51100877218197,105.76935577392578,8332666.130295156
2022-09-12 13:30:00,106.20342366808104,106.73017403329712,105.01824092798309,106.03271484375,7365535.620064009
2022-09-13 13:30:00,102.33572755236112,103.16974344005165,99.44347869528332,99.72148895263672,9864043.373516098
2022-09-14 13:30:00,100.59939885702836,101.45292815349094,99.48249808079004,100.8042449951172,10701800.205167577
2022-09-15 13:30:00,100.22385236192405,101.11640104280757,98.31194761112846,99.0093994140625,10155392.37638472
2022-09-16 13:30:00,98.03394031000688,99.56054086648284,97.25844973248498,99.45323944091795,8908598.361325407
2022-09-19 13:30:00,98.18026013922254,100.38480653054332,98.09246468181912,100.10679626464844,6866489.3458661325
2022-09-20 13:30:00,99.10693812819142,99.61905716878115,98.11197015856987,98.7216339111328,5599808.067394755
2022-09-21 13:30:00,98.97524304093452,102.11623170612783,97.87297371821964,97.8973617553711,11429866.655662583
2022-09-22 13:30:00,97.39499807972663,97.594969562503,94.85879853745244,95.18557739257812,11926041.994991409
2022-09-23 13:30:00,94.1174477781661,94.46373260624068,92.41038934867048,93.8248062133789,8972159.204020554
2022-09-26 13:30:00,93.83944384488731,95.0538967454157,92.5713476774716,92.7322998046875,6133298.729831518
2022-09-27 13:30:00,94.18085149279568,94.96609863724964,92.12750087358415,93.43462371826172,8451175.610988887
2022-09-28 13:30:00,92.5323245111383,95.0441361461462,92.18603223183234,94.62468719482422,10191478.654080858
2022-09-29 13:30:00,92.85422384703456,93.09320725778466,90.4253182738372,91.64464569091795,10764130.959527548
2022-09-30 13:30:00,90.55213622304916,92.97127773466303,90.28388269356788,90.28875732421876,6953218.2970085
2022-10-03 13:30:00,91.337390450799,94.45399137949624,90.77162067991624,93.5272979736328,8753800.380053204
2022-10-04 13:30:00,96.39515574509736,97.84371742854675,96.08300819888989,97.52669525146484,11147743.186629074
2022-10-05 13:30:00,96.1025147142467,99.22887226726228,95.25874215270396,98.49240112304688,6900319.927904792
2022-10-06 13:30:00,98.19975789327074,99.84341642628934,97.52669417300076,97.81932830810548,8811004.41411315
2022-10-07 13:30:00,94.94171736748328,95.2099709034376,91.60075707152852,91.98606872558594,12561842.60729922
2022-10-10 13:30:00,91.82511518926974,91.8836405263274,87.84035391060193,88.91336059570312,13465004.606964173
2022-10-11 13:30:00,87.25019836171718,87.8257248121109,84.9578641483306,86.1089096069336,16456407.30979854
2022-10-12 13:30:00,86.11866933730575,86.61127498582333,85.20660727384133,85.5919189453125,7797330.62553393
2022-10-13 13:30:00,82.299731707864,89.83517417754652,81.43644575312217,88.21102905273438,21944883.528968528
2022-10-14 13:30:00,89.05479650131353,89.26939932000795,84.27503148137507,84.45061492919922,10230640.005037442
2022-10-17 13:30:00,86.66492785601936,87.53796312459961,85.75287321200187,86.45032501220703,8477623.42011454
2022-10-18 13:30:00,88.99627619541769,89.58155190717838,85.13344756717582,86.4698257446289,10044881.293881567
2022-10-19 13:30:00,86.02599338741958,87.95740391751411,85.6211757774116,87.16728210449219,8750520.54847228
2022-10-20 13:30:00,87.8842513200308,90.42532569823992,87.32823826987767,87.85986328125,11150613.603215989
2022-10-21 13:30:00,87.46968025544014,91.02524359604794,87.08437602017189,90.88867950439452,13208099.687055131
2022-10-24 13:30:00,90.62041673416584,91.54710261072,88.87921357942419,91.17642974853516,10081992.424362237
2022-10-25 13:30:00,91.28373896339772,93.27855703758034,91.23984495797497,92.6201171875,13828113.78053731
2022-10-26 13:30:00,91.08376666921735,93.81993794957845,90.5033655730522,91.7129364013672,10145756.30535834
2022-10-27 13:30:00,92.86887124742816,93.62973049656944,90.44972195885444,90.56678009033205,10430543.610780396
2022-10-28 13:30:00,90.78624677628665,94.1662264290883,90.625294655469,94.0247802734375,9446805.85046303
2022-10-31 13:30:00,93.25417277657756,93.4834069593193,91.78610503454192,92.28846740722656,6126122.337178048
2022-11-01 13:30:00,94.27840032706143,94.49787778056655,92.51769118401744,92.92738342285156,4787475.238867609
2022-11-02 13:30:00,93.63947909793964,95.3123928865761,90.22047996182071,90.2643814086914,12200987.614356125
2022-11-03 13:30:00,88.89385372417411,90.76674651174396,87.98179909111006,89.20600128173828,11749508.88912627
2022-11-04 13:30:00,92.53232297676634,93.42974620214204,91.09351806089629,93.3517074584961,8683680.41913092
2022-11-07 14:30:00,93.89797655180232,95.4538396714574,92.8688638183812,95.1953353881836,10470730.530349849
2022-11-08 14:30:00,96.95603854893888,98.36070615731884,95.40018296921022,97.2486801147461,12452561.4112618
2022-11-09 14:30:00,95.95620347043776,96.27322565628782,94.45399103708355,94.60518646240234,8857341.088867815
2022-11-10 14:30:00,100.11654057326776,104.45734332814332,99.22399198480106,104.27200317382812,17507602.204850465
2022-11-11 14:30:00,104.62317727176011,108.18849724023136,103.83793004049842,107.69100952148438,12964523.08786594
2022-11-14 14:30:00,107.22766680792166,108.56892710146444,106.47655687591428,106.6716537475586,12552820.717243517
2022-11-15 14:30:00,111.45629341899765,111.82696631050408,108.64208338400432,110.03211975097656,11744793.410210555
2022-11-16 14:30:00,107.67148858822988,107.92511078193029,105.45231858045,106.0717315673828,10980438.42509484
2022-11-17 14:30:00,103.98912804315842,107.37397487504082,103.76964314308636,106.87161254882812,9245465.380533066
2022-11-18 14:30:00,108.6128178059245,108.6176924367482,105.7644705461436,107.06671142578124,8226870.942550968
2022-11-21 14:30:00,105.6913048360088,106.00345237425888,104.74510551757392,105.19381713867188,5199177.483085972
2022-11-22 14:30:00,106.06685933143552,108.25189208984376,105.16455402016295,108.25189208984376,8491361.163445063
2022-11-23 14:30:00,108.23239135074311,110.26622879071896,108.07143922269236,109.19322204589844,5925397.21778117
2022-11-25 14:30:00,108.59330474065963,109.01763577356272,107.91048431396484,107.91048431396484,2262927.708576678
2022-11-28 14:30:00,106.56435406375054,107.86659500416718,104.77925673061029,105.36453247070312,8050953.924581148
2022-11-29 14:30:00,105.76446945824974,106.24244375051256,104.3354137700504,105.07676696777344,5032282.180459175
2022-11-30 14:30:00,105.41330847999627,111.07586595995154,104.58415978638148,111.07098388671876,13007374.341516342
2022-12-01 14:30:00,111.77819299684953,112.10497933348113,109.14444843260674,110.7149429321289,8972568.414807187
2022-12-02 14:30:00,107.98364377003526,109.56876956916558,107.42275607952456,109.19322204589844,8410373.490428498
2022-12-05 14:30:00,108.72011714962947,109.41269426480466,106.92038859944644,107.89097595214844,7246822.654351884
2022-12-06 14:30:00,107.79830268872564,107.89097276516388,104.64268267015936,105.52547454833984,6243195.822414666
2022-12-07 14:30:00,104.59391861309732,106.10100572001906,104.50124852601157,105.5010986328125,5793972.100975974
2022-12-08 14:30:00,105.9059143855844,108.43723959404689,105.2913759737655,108.1884994506836,7442626.810384385
2022-12-09 14:30:00,107.8812152142039,109.27124402330392,107.03744271389962,107.32032012939452,5062627.010122993
2022-12-12 14:30:00,106.70091367174967,109.2956387392724,106.38388405430588,109.23223876953124,6999350.004470121
2022-12-13 14:30:00,114.1485551495316,114.4168086766509,109.6614316272794,111.0514678955078,9707810.657432828
2022-12-14 14:30:00,110.73932154836731,112.03668775360369,108.06167576356982,109.13956451416016,7708142.641096652
2022-12-15 14:30:00,107.2813166830706,107.58370752903686,104.6621960877256,104.98410034179688,9056016.310133455
2022-12-16 14:30:00,104.52075309131342,105.4425643686584,103.24289283137684,104.16958618164062,8484185.067566954
2022-12-19 14:30:00,104.16515028515344,104.34766009867238,102.04899837320043,102.9368896484375,7325509.407845039
2022-12-20 14:30:00,101.7875556644156,103.26244681254003,101.61490596879788,102.43374633789062,4571474.977722655
2022-12-21 14:30:00,103.07500856899382,105.02837830507085,102.80863517883895,104.72254943847656,5752557.514020274
2022-12-22 14:30:00,102.59653467069955,102.59653467069955,98.38395108674489,100.38172149658205,9679565.517643413
2022-12-23 14:30:00,99.67634284571707,100.4853156546658,98.62072436667054,100.37185668945312,3928629.963879434
2022-12-27 14:30:00,99.67633592492253,99.80951509376186,98.31982623096418,98.57632446289062,4699395.093446153
2022-12-28 14:30:00,98.1373051795908,99.2027836507094,96.94850765005936,97.32340240478516,5133026.542262444
2022-12-29 14:30:00,98.86735608645463,100.82566341915928,98.5270017933262,100.50010681152344,8415162.825529976
2022-12-30 14:30:00,99.0005500373764,100.23867834417526,98.23104022817807,100.1054916381836,4471125.090741754
2023-01-03 14:30:00,101.90100286720325,101.99472655369225,98.70457505541803,99.33596801757812,4533362.647044999
2023-01-04 14:30:00,101.17096561272054,102.4041562831496,99.97230036712824,101.8615493774414,10176650.132808316
2023-01-05 14:30:00,100.63329043832114,101.48172623586969,99.97723208749588,100.03643035888672,6017114.834050553
2023-01-06 14:30:00,101.6888943458633,105.0234465611732,100.06601882038474,104.41178131103516,7100889.318014205
2023-01-09 14:30:00,106.34049152747014,108.87593107150752,105.78308697395828,106.68578338623048,11578299.54302633
2023-01-10 14:30:00,106.31090699152809,108.07683699406095,105.92121451158768,108.0718994140625,5538478.302318358
2023-01-11 14:30:00,107.95351734913474,109.3396224975586,107.13960696758424,109.3396224975586,5815199.522194783
2023-01-12 14:30:00,110.23737292631468,111.70734155305873,107.97816682507276,110.97728729248048,7809619.956352306
2023-01-13 14:30:00,109.78850363986136,111.43604458443016,109.41854643529538,111.37684631347656,4322526.984914633
2023-01-17 14:30:00,111.10060480069096,112.78760862875444,110.93782273919383,112.03783416748048,5128161.077200901
2023-01-18 14:30:00,113.03919640929186,113.97148829620824,111.28313402139,111.33739471435548,9502382.530004526
2023-01-19 14:30:00,110.28670044290884,110.62706224600852,108.38265389341034,108.61449432373048,9409535.096537244
2023-01-20 14:30:00,109.63065033245836,112.15622241073184,108.90060356485716,112.1463623046875,5787628.943875223
2023-01-23 14:30:00,112.96026119723452,117.74503931463984,112.80734676409368,117.4342803955078,12964337.940428317
2023-01-24 14:30:00,115.87058509300284,117.52306349813443,115.87058509300284,116.60063934326172,7428494.875934359
2023-01-25 14:30:00,114.59794279025309,116.97553041744668,113.5916550184198,116.71902465820312,6947425.457342622
2023-01-26 14:30:00,118.23832170095493,118.89931010351977,116.36880792909204,118.8105239868164,7294492.315279534
2023-01-27 14:30:00,116.85221322517378,118.97330265388548,116.36880459665758,118.03114318847656,7353485.835396712
2023-01-30 14:30:00,116.30467773598814,117.27150253197128,115.1060200189606,115.20467376708984,8159727.652923254
2023-01-31 14:30:00,114.88402913351844,116.96565539323498,114.53380723078196,116.95579528808594,5558751.621793872
2023-02-01 14:30:00,117.57239727809032,123.62489145040723,117.27642851716996,122.47062683105467,15730130.92507259
2023-02-02 14:30:00,123.8468693369615,126.10113784250764,123.1266827139138,125.08992004394533,13162807.09623802
2023-02-03 14:30:00,122.45582790227166,125.44015069185583,122.06614298025504,122.79125213623048,7591689.312998015
2023-02-06 14:30:00,120.8280181099049,122.4311659512995,120.24101815753728,120.74909210205078,7917875.489859779
2023-02-07 14:30:00,121.12399072253858,124.93208416425333,120.85268726617316,124.37467956542967,10449722.125074178
2023-02-08 14:30:00,123.8172626850792,124.64597065806808,121.64685030303792,121.93788146972656,7951528.568017728
2023-02-09 14:30:00,124.1477620276728,125.58813529012346,121.51860625907445,122.42129516601562,8886704.020066304
2023-02-10 14:30:00,121.0351901022424,121.46927560740468,119.15087875599356,120.36433410644533,7632437.259249484
2023-02-13 14:30:00,120.88227834415362,122.4952938121542,119.9993171558563,122.1746597290039,4085337.518822192
2023-02-14 14:30:00,121.34596146264612,125.17872015781133,120.64551006798813,124.80382537841795,9611246.933496157
2023-02-15 14:30:00,123.16121595399454,124.8679551665442,122.11054261308026,124.79889678955078,7215834.620065326
2023-02-16 14:30:00,122.22399807959792,123.34866741447222,121.24731313653317,121.41009521484376,5491851.250488265
2023-02-17 14:30:00,120.55672077138848,120.9316155642942,118.68227691405494,119.752685546875,7678050.057771857
2023-02-21 14:30:00,117.89795468793533,119.15088058734828,115.98404794179004,116.11229705810548,7800699.853506169
2023-02-22 14:30:00,116.32934377961084,117.25670557676128,114.97776408874248,115.54503631591795,7082846.284754442
2023-02-23 14:30:00,119.5011044402851,120.21636104113192,117.55266471208483,119.63922119140624,11873873.638841856
2023-02-24 14:30:00,117.25175835099093,118.0804663312223,116.62529543146576,117.50333404541016,6292822.989641784
2023-02-27 14:30:00,119.36792516824087,119.53563729063244,117.9472871272808,118.03114318847656,5931767.307465823
2023-02-28 14:30:00,117.69571705004212,119.6638844835907,117.4934719797542,118.09033203125,4835627.06293493
2023-03-01 14:30:00,118.6033359720338,119.6441491010875,117.72036732001877,118.16925048828124,4790216.709441992
2023-03-02 14:30:00,116.59077815461332,119.73294555026466,115.76700769628144,119.21500396728516,6617792.5750631215
2023-03-03 14:30:00,119.22486900267714,120.9414682578876,118.3073748698098,120.83295440673828,5458604.544729871
2023-03-06 14:30:00,121.16838459148236,122.24866084427484,119.51097599681415,119.7576141357422,6573800.820290925
2023-03-07 14:30:00,119.81187256570402,120.35940952486035,117.92262355396274,118.42083740234376,6706789.300368466
2023-03-08 14:30:00,119.03742913963052,121.61232425894146,118.79079101281393,121.51860809326172,8223383.89517574
2023-03-09 14:30:00,121.3064976193409,123.10202291448768,118.94863768579096,119.19034576416016,8335085.855371448
2023-03-10 14:30:00,119.60469709557506,120.28542075280376,116.66970481145188,117.26163482666016,13347692.639207345
2023-03-13 13:30:00,115.781805948912,118.63294216895764,114.82484878700356,117.18270874023438,9965409.509242956
2023-03-14 13:30:00,119.07688023238371,121.3410238735698,118.86477506399352,120.6898956298828,11468827.38954373
2023-03-15 13:30:00,118.87958363663898,119.61949805761392,116.94101146654803,119.3333969116211,12773977.276380489
2023-03-16 13:30:00,118.65266526477122,124.29081668776968,118.27777802630936,124.10830688476562,14945580.771794695
2023-03-17 13:30:00,124.2513532440606,125.38095253506567,122.94910425631936,123.47691345214844,10003117.000641236
2023-03-20 13:30:00,123.81234416982566,125.08499785375125,122.6778072398022,124.719970703125,6610291.610967343
2023-03-21 13:30:00,125.72625879365148,126.95451189551652,123.12176067595384,125.11459350585938,11269749.44406434
2023-03-22 13:30:00,125.3020446594301,128.6859202927838,124.31055450439452,124.31055450439452,9059831.403223578
2023-03-23 13:30:00,126.68812444659518,129.19891364340376,125.59798821981128,127.61548614501952,11100271.612823889
2023-03-24 13:30:00,126.86572318048016,127.07782836053173,124.31054822631526,125.5979995727539,11193321.91453958
2023-03-27 13:30:00,125.92356028088074,126.27871978241264,123.7531477953398,124.13296508789062,7121364.562053836
2023-03-28 13:30:00,123.6446243745658,123.8764648099779,121.55806045585678,123.2697296142578,7877330.544345219
2023-03-29 13:30:00,125.11459662481016,127.82268613907488,125.11459662481016,127.10742950439452,10115223.763616638
2023-03-30 13:30:00,128.4146007847036,129.75139027376164,128.04464359361455,128.9276123046875,7913415.58027789
2023-03-31 13:30:00,127.94599709562506,130.01282580295364,127.68948380939452,129.82537841796875,7380853.97913269
2023-04-03 13:30:00,129.1643904848332,129.64779158081444,127.56616518092088,129.08546447753906,8145537.021269554
2023-04-04 13:30:00,129.3469096478748,129.49982409382028,126.48097560101588,127.10250854492188,8167228.12932859
2023-04-05 13:30:00,125.8002394106606,126.00248447633714,123.53116568646098,124.87781524658205,10202802.346556405
2023-04-06 13:30:00,123.63475857075944,125.31189480423193,122.9639025720108,124.50292205810548,7549522.225926868
2023-04-10 13:30:00,123.36839684600666,126.45629602742918,123.16615177099258,126.38724517822266,6072864.66743077
2023-04-11 13:30:00,126.84598418401588,127.02849398723144,125.52893750484806,125.71638488769533,6374318.674809129
2023-04-12 13:30:00,126.80158902813682,127.02849188349056,123.38318829839234,123.48184204101562,7854625.231232451
2023-04-13 13:30:00,123.81233791127228,125.18364527483892,122.91457152949074,124.47826385498048,5838918.900942441
2023-04-14 13:30:00,124.40920583547192,125.765715517642,122.98363777964506,124.34507751464844,4967804.571228233
2023-04-17 13:30:00,123.22041099335854,124.29574962502627,122.65313877947646,124.25628662109376,5369202.251064071
2023-04-18 13:30:00,125.38589244770988,126.189935151839,123.8715307321782,124.81369018554688,5781344.574029407
2023-04-19 13:30:00,123.10202020440845,123.84193458216546,122.82578670766686,123.62982940673828,5081331.1823961
2023-04-20 13:30:00,122.82579247366064,125.56347730524053,122.73206877712389,123.76795196533205,5959946.076936415
2023-04-21 13:30:00,122.9145714930802,123.63475812477942,121.62712771540927,122.5002212524414,5273110.186008039
2023-04-24 13:30:00,122.2338620878006,123.00337187023035,121.0647922012951,121.84416961669922,4550188.444918489
2023-04-25 13:30:00,120.88228613981008,120.89708382633148,117.92756598678608,117.98181915283205,10607240.036334448
2023-04-26 13:30:00,119.18048266220366,119.97958782957706,118.23339310503552,118.80559539794922,7800293.962421351
2023-04-27 13:30:00,118.93877001120322,120.1226375573398,116.9755325938614,119.95491790771484,6907082.823257614
2023-04-28 13:30:00,120.60604522057082,121.96255493164062,120.14236433322648,121.96255493164062,7655953.30077626
2023-05-01 13:30:00,122.31771934212829,123.27960657953166,122.0020228250626,122.89485168457033,5272907.1196221225
2023-05-02 13:30:00,122.8553841153582,123.49664475873898,120.85268370397998,121.8293685913086,6809166.125062224
2023-05-03 13:30:00,121.1979732606739,122.62847890341747,120.43339356692454,120.5715103149414,8335086.060226092
2023-05-04 13:30:00,120.00917831796964,121.16838054291868,119.30872693003388,120.16703033447266,5969474.370803832
2023-05-05 13:30:00,120.51726472273238,123.28947501650396,119.95492253603123,122.70740509033205,5628691.473344896
2023-05-08 13:30:00,122.31278393177487,123.46704856610292,121.71098629641446,123.38812255859376,3972317.688611346
2023-05-09 13:30:00,121.92803073688395,122.10561050379422,121.0894625424518,121.4840850830078,5019195.185617028
2023-05-10 13:30:00,122.76659559197503,123.35852558701752,121.31636221170214,122.47062683105467,5549527.264165577
2023-05-11 13:30:00,122.1253361355474,122.36210663048156,120.2508848608895,121.38542175292967,5412281.601868735
2023-05-12 13:30:00,121.80964146188938,122.22399171594364,120.1719606575819,121.24730682373048,3410766.1932288865
2023-05-15 13:30:00,121.42488310770668,124.42400360107422,121.19797272166058,124.42400360107422,6277212.840001317
2023-05-16 13:30:00,124.0195219150217,125.7065258962159,124.0195219150217,124.3944091796875,5196175.23399497
2023-05-17 13:30:00,125.57828736300247,128.19265338339443,125.09487867338716,127.7585678100586,6408983.867268546
2023-05-18 13:30:00,128.35049847713785,132.50387646709606,128.35049847713785,132.2375030517578,9763899.117352849
2023-05-19 13:30:00,131.9711271508207,132.1289641041203,130.7971273116285,131.5074462890625,5385420.64498208
2023-05-22 13:30:00,130.37291792291023,131.813291318788,130.19534568355974,131.39894104003906,4292827.43738185
2023-05-23 13:30:00,130.6294146843015,131.25093249690855,129.3172981076486,129.50474548339844,4919961.383340581
2023-05-24 13:30:00,126.99889514068856,127.90652160588944,126.229385419027,127.60069274902344,8004744.042330233
2023-05-25 13:30:00,136.07517538599052,139.24201544815477,134.44736982684944,138.5711669921875,16291986.932884796
2023-05-26 13:30:00,139.88328240548654,146.3353446492406,139.8734222990726,145.37838745117188,13155710.48388468
2023-05-30 13:30:00,148.62413447503698,149.6698928148894,145.51649998825215,146.07884216308594,13476626.363046948
2023-05-31 13:30:00,143.78017233033694,145.35864735923033,142.14249150413255,142.38912963867188,10874940.345335755
2023-06-01 13:30:00,142.91199228553094,145.8025838146876,141.86624906947296,144.52993774414062,7371832.8993274225
2023-06-02 13:30:00,145.90125639568777,146.18735001234683,143.33621373759755,144.17478942871094,6857211.997939598
2023-06-05 13:30:00,143.3263418673486,143.79002273328047,141.6689409408146,142.369384765625,6819404.13083367
2023-06-06 13:30:00,141.57029363797855,144.20438719052524,141.05728208714024,143.3756866455078,5894364.054466725
2023-06-07 13:30:00,144.4707687482573,146.1775005737281,142.22142996856215,142.55685424804688,8805916.464849316
2023-06-08 13:30:00,142.69496720846044,144.59902155095023,142.38913831157922,144.2043914794922,5450089.543677694
2023-06-09 13:30:00,145.94071036238705,147.13444556219923,144.17478793518413,144.86537170410156,6036475.245286524
2023-06-12 13:30:00,146.5129247336397,149.41339185603692,146.40440334288337,149.1470184326172,7736941.564247947
2023-06-13 13:30:00,151.6627138076164,152.27438660292526,149.36404464287662,151.2089080810547,8387389.297679923
2023-06-14 13:30:00,150.75507857381606,153.645685101237,149.98556886149967,153.507568359375,7220497.955403194
2023-06-15 13:30:00,151.95868803033397,153.65555962015412,151.2582441500415,152.4026336669922,7691430.124113686
2023-06-16 13:30:00,153.70488385328937,153.84300060235194,151.11024593847506,151.3174285888672,6672934.225494893
2023-06-20 13:30:00,150.69589711378862,151.86989701870064,149.09768685189317,150.78468322753906,4659762.06684494
2023-06-21 13:30:00,149.9954299745844,150.419655361894,146.7299437279379,147.3317413330078,5992281.421253493
2023-06-22 13:30:00,146.15775904282768,148.64387576517188,145.9604515370919,148.0618133544922,6039617.256133148
2023-06-23 13:30:00,145.7631395674997,146.45372334322528,144.98376967495176,145.5460968017578,6044786.957898766
2023-06-26 13:30:00,146.2860070239243,148.33803807984796,144.855508875142,144.875244140625,7504820.90048769
2023-06-27 13:30:00,145.44742866817174,149.75867335389052,144.98376283986997,149.47256469726562,6547446.753854751
2023-06-28 13:30:00,146.91740685806857,149.5021697732635,146.7891502068696,148.12100219726562,6892891.681152391
2023-06-29 13:30:00,148.79185218657514,148.92996893156376,146.9075333378334,147.90394592285156,4283502.487436079
2023-06-30 13:30:00,149.7093299903306,150.90306504414843,148.98915093750898,150.20260620117188,5381569.071560447
2023-07-03 13:30:00,151.11024420278926,151.9981504825041,150.20261771171818,151.5344696044922,2865432.9169286
2023-07-05 13:30:00,150.20262133243554,151.10038773946965,148.63400643680242,148.6734619140625,5257905.574444572
2023-07-06 13:30:00,146.3451896053529,147.07524385154164,145.18106491792344,146.90753173828125,4840695.402572486
2023-07-07 13:30:00,147.02591903171214,149.2062066975114,146.6510242616009,147.045654296875,4411219.844493764
2023-07-10 13:30:00,147.5685188653656,149.3739116747243,147.34161601443077,149.1272735595703,6502948.6581935
2023-07-11 13:30:00,150.13356174355278,150.14343690348068,147.41068209020222,149.28514099121094,5216549.219317199
2023-07-12 13:30:00,151.46540613920945,152.5999355078901,150.84387323877573,152.42236328125,6572483.383894849
2023-07-13 13:30:00,154.2869410239486,156.33897197918935,153.7542093108208,156.0824737548828,6483081.3966361005
2023-07-14 13:30:00,156.55602228506973,158.53898743702544,154.0995010834794,154.7900848388672,7668725.00301893
2023-07-17 13:30:00,155.11565483060335,158.292355278845,153.60623061773293,157.67083740234375,7414303.398355346
2023-07-18 13:30:00,156.98021973441894,158.6277605059231,155.50039107160248,158.10488891601562,6357492.753312676
2023-07-19 13:30:00,158.2726075676013,158.35153357264576,155.9344830008452,156.44749450683594,9460925.96596899
2023-07-20 13:30:00,153.54704217732774,154.3066918751171,150.24208502949938,150.91294860839844,15025250.934422055
2023-07-21 13:30:00,152.4125073905155,153.1820171677641,150.95239879208734,151.72190856933594,8358703.325010432
2023-07-24 13:30:00,151.91922459199515,152.46181642303824,150.8438709284016,151.85015869140625,4421964.3746083565
2023-07-25 13:30:00,152.3829175408031,155.23405388382798,152.3829175408031,154.28695678710938,5852399.699100516
2023-07-26 13:30:00,152.93536909224804,153.7838048240166,150.89319824056466,152.5999298095703,6193284.337865743
2023-07-27 13:30:00,156.51654461829006,158.75602295842896,154.56317492679423,155.34255981445312,10383634.148320371
2023-07-28 13:30:00,158.00626579707784,158.87442183636878,156.6941490511793,158.34169006347656,7419574.083925913
2023-07-31 13:30:00,158.5389937604439,159.00267466904063,157.52284582550146,158.46006774902344,3987724.678947839
2023-08-01 13:30:00,157.52284107528095,158.72643636935194,156.81252204751456,158.37127685546875,4658241.551360341
2023-08-02 13:30:00,156.63495269143235,156.65467290385652,151.39636105573115,152.56048583984375,10170669.563183548
2023-08-03 13:30:00,150.4295199847057,153.10308386551017,150.11383101467507,152.1165313720703,6782913.270704534
2023-08-04 13:30:00,152.14612484469745,154.43491877305715,150.69589149314348,152.17572021484375,6896946.822516983
2023-08-07 13:30:00,153.4089101402094,154.04030312320853,152.29410102429054,153.8134002685547,5779114.78016312
2023-08-08 13:30:00,151.83042108336193,151.83042108336193,149.49229651624776,151.2779541015625,8561632.702928098
2023-08-09 13:30:00,151.1102554305539,151.2582473483007,147.7165121791551,148.2788543701172,8947419.796126679
2023-08-10 13:30:00,149.107542190533,151.10038242804364,146.89765920172928,147.95327758789062,8757060.69286878
2023-08-11 13:30:00,146.01963320279512,146.12815458224074,144.07612353228538,144.2438507080078,11334723.45650372
2023-08-14 13:30:00,143.4940575569287,148.7030535324085,143.06984720930274,148.63400268554688,8265348.302976385
2023-08-15 13:30:00,148.5254791033705,149.05821081980827,146.65102035632708,146.8483428955078,7699945.154773249
2023-08-16 13:30:00,146.9667235643193,147.1344356788195,144.44115163415745,144.52993774414062,7330679.487841634
2023-08-17 13:30:00,145.78285602941426,145.812451397871,143.0796969661362,143.55323791503906,7498030.326581742
2023-08-18 13:30:00,141.8563877903618,144.687803910166,141.42231730344042,144.16493225097656,8938094.3752181
2023-08-21 13:30:00,145.20080229226645,149.20621843398007,144.98377457279017,149.00889587402344,8219734.173397286
2023-08-22 13:30:00,150.99188022343796,151.1793276282268,146.8878177461189,147.5192108154297,10975491.699234337
2023-08-23 13:30:00,147.34162929406304,151.15958284360127,146.8582131254973,150.71563720703125,8461485.40588015
2023-08-24 13:30:00,154.3560008584218,154.48424243873848,146.5819628406414,146.81874084472656,13678340.348660396
2023-08-25 13:30:00,146.61155731491607,148.72277891427504,144.3030282401544,147.08509826660156,11929523.08955078
2023-08-28 13:30:00,148.33803301592607,149.0582121187035,146.8976597567749,148.90036010742188,6915698.929714846
2023-08-29 13:30:00,148.33802745347208,153.21159898046693,147.91380207076008,152.71832275390625,8889542.540036777
2023-08-30 13:30:00,152.64927536692988,154.1192441196257,151.60353204838825,153.49771118164062,6615055.477271223
2023-08-31 13:30:00,152.76767519991623,155.0466092834444,152.76767519991623,154.11924743652344,6046712.599383843
2023-09-01 13:30:00,155.3129705970144,155.5102931624398,153.17215323381302,154.10939025878906,4556776.74152721
2023-09-05 13:30:00,153.53715870025306,155.5003883914508,152.99455185585342,154.47438049316406,5547297.702603404
2023-09-06 13:30:00,153.912038801025,154.69142364879403,151.19901962529346,152.67884826660156,6187202.858775883
2023-09-07 13:30:00,149.1963368931864,149.6896131647866,147.44027457057751,149.2949981689453,7919801.184287274
2023-09-08 13:30:00,148.91025514557907,150.123710655406,147.73625511704154,148.3577880859375,5377513.457144338
2023-09-11 13:30:00,150.14344503014692,150.14344503014692,146.50306346871227,148.46630859375,5903486.449515143
2023-09-12 13:30:00,147.4008168431814,149.61068487192674,147.15417871114485,147.3514862060547,6259068.649495326
2023-09-13 13:30:00,147.30214605253374,149.7882624778547,147.03577267213606,148.5452117919922,6276402.141168328
2023-09-14 13:30:00,150.044755443106,150.11382133892133,148.1505765842244,149.3541717529297,7046153.645430792
2023-09-15 13:30:00,148.20979300034924,148.51562189801572,144.20439184975334,144.83578491210938,10318355.039497647
2023-09-18 13:30:00,143.47431997512103,145.8321948543395,143.02051426422594,145.31918334960938,6878498.747852448
2023-09-19 13:30:00,144.77658796734286,145.01336600069016,143.11918689470414,144.06626892089844,5649572.292617497
2023-09-20 13:30:00,144.67792522126794,145.2600026656377,141.61962135296676,141.69854736328125,7072608.560343799
2023-09-21 13:30:00,139.66624664628267,140.65279916037855,138.79807561672732,138.86712646484375,10040114.295463825
2023-09-22 13:30:00,140.21872226310782,141.4716331944209,139.6465199633344,140.05101013183594,7431839.100950571
2023-09-25 13:30:00,139.40971614170758,141.18551345849482,138.7684631081764,141.03753662109375,7968456.679720819
2023-09-26 13:30:00,139.73529940658628,140.47521380228343,138.21601513767072,138.8079376220703,6793454.795894038
2023-09-27 13:30:00,139.9424801739709,140.99808353639466,137.880573978364,140.08059692382812,8934648.558786936
2023-09-28 13:30:00,139.82408313244338,143.69136716812005,139.1828300218998,142.3496551513672,10938799.38725657
2023-09-29 13:30:00,144.5595396669662,144.95415465384318,142.51738377680272,143.03038024902344,8093943.132000283
2023-10-02 13:30:00,143.31648311184958,145.28958807360138,142.64561959698392,144.26356506347656,8717427.776740642
2023-10-03 13:30:00,143.33620000484538,144.885094589692,140.24830104762975,141.05726623535156,9585501.432737844
2023-10-04 13:30:00,141.91559682846318,143.52366732205095,141.0375656209564,143.25730895996094,11234069.075383732
2023-10-05 13:30:00,143.3362199204038,143.93801760556673,141.73800953347188,143.25730895996094,6176964.137731744
2023-10-06 13:30:00,142.69495555725354,146.9469944999433,141.59988166046827,146.35507202148438,10081571.757820392
2023-10-09 13:30:00,144.8160238845088,146.4635796819044,143.68149461686522,145.98016357421875,6933742.013760699
2023-10-10 13:30:00,146.50304697027988,148.94969296730176,145.84205859846173,147.7855682373047,6883161.277898666
2023-10-11 13:30:00,148.61426407829376,149.40350906819745,147.47973475465452,149.38377380371094,9043310.148523776
2023-10-12 13:30:00,149.79813320871264,151.98828103934326,148.69319918734837,150.1434326171875,8671509.830240453
2023-10-13 13:30:00,150.37032412779138,150.57750676794743,146.05909469528615,146.38465881347656,9258402.74236681
2023-10-16 13:30:00,146.55238620915452,148.6636080913233,146.42412955884413,148.07167053222656,9590771.295045098
2023-10-17 13:30:00,144.6187384352215,147.4600146699216,142.52725179223265,146.3254852294922,13033162.46778928
2023-10-18 13:30:00,143.47432721500186,144.73712830273595,142.68509723386387,143.39541625976562,12701705.807548808
2023-10-19 13:30:00,145.26986805629178,145.68421833531772,141.94519066393744,142.41873168945312,15932450.28007552
2023-10-20 13:30:00,142.28060393179885,143.43486855991992,140.0213902580876,140.18911743164062,8239601.9803570835
2023-10-23 13:30:00,139.24203017780704,142.59630291966565,138.07790536215413,140.68240356445312,10045587.256699253
2023-10-24 13:30:00,141.0770148406976,142.5568436676979,140.61333393728304,142.32994079589844,7929329.248022162
2023-10-25 13:30:00,140.87970054603085,141.22498489018494,136.1738408881426,136.81509399414062,12617473.426605403
2023-10-26 13:30:00,137.22945670394904,138.75860101303385,134.79267086137375,135.61151123046875,15300554.4331571
2023-10-27 13:30:00,137.17025234888578,137.85097597934703,135.81868024721987,136.4500732421875,11500959.200759709
2023-10-30 13:30:00,136.54874300313344,137.762198433022,134.67428411300585,136.10479736328125,8956441.234543873
2023-10-31 13:30:00,136.10478933545642,137.40703080578626,134.2698010858489,137.0814666748047,8007987.42177422
2023-11-01 13:30:00,137.3281090975007,140.66266146440591,137.18999234551274,140.4949493408203,11910668.361267695
2023-11-02 13:30:00,143.66177414869793,145.06267693045132,142.34965748150142,144.1353302001953,11896173.472878035
2023-11-03 13:30:00,145.6052868578077,148.51561386191636,145.20079670051064,147.4994659423828,8288661.381044378
2023-11-06 14:30:00,147.7362404795381,148.41696412972215,146.29586717081273,147.9335479736328,5497527.87375478
2023-11-07 14:30:00,147.6474606960653,149.48244907166074,147.3021612763962,148.8609161376953,4663106.819455892
2023-11-08 14:30:00,149.33444024274183,150.06449447847498,148.41695368564623,149.3936309814453,6249034.170420159
2023-11-09 14:30:00,150.9030709993982,152.4322152704762,148.96942155300874,149.1272735595703,10673228.662797926
2023-11-10 14:30:00,151.1891726045748,155.54973290523762,150.6367056059166,155.16497802734375,11582556.275904983
2023-11-13 14:30:00,154.1981602426158,154.90847925372995,153.10308635494795,154.2178955078125,7155118.386666276
2023-11-14 14:30:00,157.7398765981804,159.36768218084805,157.3748569950165,158.92373657226562,9877730.911513586
2023-11-15 14:30:00,160.04840219237806,160.04840219237806,157.93718051928423,159.04212951660156,9125617.054145236
2023-11-16 14:30:00,158.47979905799653,159.989223236428,158.08518406434538,159.63406372070312,7380346.937012046
2023-11-17 14:30:00,159.01251251768406,160.76858968218764,158.71655883328015,160.3838348388672,5237532.109697395
2023-11-20 14:30:00,160.6008838817857,163.21525718594623,160.3345255303982,162.68251037597656,7229924.001954311
2023-11-21 14:30:00,161.4887820285361,161.77487563153915,159.52553712336118,160.28518676757812,9123792.144986171
2023-11-22 14:30:00,161.0645649420593,162.7121059048513,159.16052573389277,159.9398956298828,9264179.531552771
2023-11-24 14:30:00,160.0582728052447,160.26544038701036,159.17036657974816,159.584716796875,2983622.4507445777
2023-11-27 14:30:00,159.05199846703132,160.69953936887896,158.5685823129719,159.486083984375,6116754.94016502
2023-11-28 14:30:00,158.69682963525415,159.3282226087736,157.47349916311208,158.56857299804688,6249236.850177301
2023-11-29 14:30:00,160.61076419577083,162.1201884497946,159.83137922192196,160.02870178222656,7746976.795449043
2023-11-30 14:30:00,160.65020975441823,160.65020975441823,157.10848979820423,158.3219451904297,9427678.459021952
2023-12-01 14:30:00,157.84840190397256,159.545273428728,156.72373264255063,158.9632110595703,6198757.720684755
2023-12-04 14:30:00,157.1084867909319,157.35512491776225,154.4546581376619,156.64480590820312,8247913.759900034
2023-12-05 14:30:00,155.40175516827296,156.81251802801617,154.95780955069765,156.64480590820312,4911953.458166348
2023-12-06 14:30:00,158.50938866743374,158.8053574287111,155.17483639399563,155.38201904296875,6545419.516776594
2023-12-07 14:30:00,156.73358616112608,159.26903323587447,156.09233307678065,158.93360900878906,8910524.54220592
2023-12-08 14:30:00,158.67709846804397,160.7488647131203,158.4995262460298,160.2950439453125,5760970.726159952
2023-12-11 14:30:00,161.3309280154029,164.74440626559894,161.09414999773037,164.14260864257812,9803431.714239234
2023-12-12 14:30:00,163.3533647758533,165.93812750900972,163.10672665082396,165.87893676757812,7080616.590773911
2023-12-13 14:30:00,166.04664829789257,168.79913819348224,165.5040414140311,167.83230590820312,8147158.947466228
2023-12-14 14:30:00,169.31215381190722,171.52203707369813,169.11484630097544,170.9300994873047,9575566.392440686
2023-12-15 14:30:00,171.55162730850208,173.49513709283457,171.36417990997288,171.73907470703125,6996079.224763334
2023-12-18 14:30:00,172.2581306630571,172.5658029418346,170.6800608268111,172.03977966308594,5196075.563830451
2023-12-19 14:30:00,171.9008474082396,172.74447773197554,171.61302932216984,172.61544799804688,5069022.042557073
2023-12-20 14:30:00,171.55347822637253,172.3871738490169,167.74227011194824,167.81175231933594,8622073.172299217
2023-12-21 14:30:00,171.05722551454866,172.24822140270052,170.2334494462906,171.96038818359375,8246355.105498015
2023-12-22 14:30:00,172.79411171639558,173.10178403628976,171.11678569443265,171.98025512695312,4120104.197340797
2023-12-26 14:30:00,172.476487540145,174.98750898104265,172.476487540145,174.35231018066406,4865697.244151305
2023-12-27 14:30:00,175.02720826775013,175.42420181809177,173.8858253079349,174.54087829589844,5152045.388453296
2023-12-28 14:30:00,175.2951773098309,175.40435281107,174.39201468430775,174.50119018554688,4063983.740100437
2023-12-29 14:30:00,174.6997021849666,175.05700247975287,172.36732315728776,173.55831909179688,5432347.297481924
2024-01-02 14:30:00,171.05722751868723,171.05722751868723,166.35277628938465,167.70257568359375,9056935.081537277
2024-01-03 14:30:00,165.10223691437562,166.22375063707554,164.12957685963087,164.72508239746094,9373912.466051586
2024-01-04 14:30:00,163.0477451479712,165.3999630852763,162.74007286098762,163.75242614746094,7149427.391836823
2024-01-05 14:30:00,164.2387534913077,166.3130882041646,163.86161411615328,164.83425903320312,6921517.330622375
2024-01-08 14:30:00,166.14434216989625,170.78924580185156,166.02524712488062,170.67015075683594,10594266.604774466
2024-01-09 14:30:00,169.25087102445704,172.42686512896967,168.6553655042146,171.12669372558594,7027008.861387723
2024-01-10 14:30:00,171.7519677195094,171.8015957020574,169.35012177865926,171.28549194335938,6377839.706072835
2024-01-11 14:30:00,171.97033010647056,173.22087357002465,168.9134309401144,172.25814819335938,8054112.778031218
2024-01-12 14:30:00,172.44671224040758,172.86356002965425,170.76938640041467,171.6527099609375,4595470.332279887
2024-01-16 14:30:00,171.9901687821739,175.53339797044066,171.4443063723079,174.38209533691406,7736026.878001593
2024-01-17 14:30:00,173.17122886703498,173.61785040773702,170.20366641938514,173.3300323486328,6802223.18027332
2024-01-18 14:30:00,178.3223206802502,179.19572477950064,176.0792780504804,178.95751953125,12074368.008690195
2024-01-19 14:30:00,181.0219065309838,185.90500018552532,180.0591812121798,185.7759704589844,12838702.081755308
2024-01-22 14:30:00,187.39374390207823,188.5549659775629,185.071299751109,186.6394500732422,8371695.639606682
2024-01-23 14:30:00,186.60969019481144,187.7510581337138,184.69415900366332,187.59225463867188,6076781.160636621
2024-01-24 14:30:00,189.77576027891303,193.83507797834005,188.5946839224356,190.9270477294922,14817746.37922829
2024-01-25 14:30:00,194.331327530182,194.43056835394967,189.8154535795532,190.9270477294922,11193360.234547667
2024-01-26 14:30:00,187.74114223837088,189.04131369755092,186.2920868205737,186.8578186035156,9996885.16836718
2024-01-29 14:30:00,187.30443079613488,189.08099751624587,186.4111876665746,189.0512237548828,8096229.028663496
2024-01-30 14:30:00,188.68400263774345,189.46807025546963,186.2722219735797,187.17539978027344,6388015.931503163
2024-01-31 14:30:00,184.3368502948136,187.29450846366163,182.76869992763264,184.47579956054688,10908926.964551788
2024-02-01 14:30:00,185.32934470221767,186.68907870866755,183.6619535554768,186.16305541992188,6370283.129659383
2024-02-02 14:30:00,186.8081928319964,190.291859426512,186.4508925291485,189.7856903076172,7924842.990867754
2024-02-05 14:30:00,192.08827401493625,194.25192998278257,190.00403493875564,193.4877014160156,8665498.82231726
2024-02-06 14:30:00,194.3809537968181,194.4206470971076,188.693923079035,191.29428100585935,8569378.091704154
2024-02-07 14:30:00,192.24707531236004,195.31389393933247,190.96675811907747,195.1551055908203,7192752.014392849
2024-02-08 14:30:00,196.08804830175168,199.35336357475757,195.34367400011504,197.93408203125,9031544.997212416
2024-02-09 14:30:00,199.64117855047903,202.66830369247057,198.2715401548187,202.3209381103516,7699956.96537639
2024-02-12 14:30:00,202.66831360491165,205.5664091655084,200.45504484780653,201.536865234375,9792351.42899109
2024-02-13 14:30:00,195.6910410906544,200.0481114305929,194.8176370571722,197.80506896972656,11354771.27098213
2024-02-14 14:30:00,200.48481833072157,202.38049524759785,198.90674839533284,201.7750701904297,7992450.567287966
2024-02-15 14:30:00,203.0653177732186,203.2042670386093,200.49473364698943,201.10015869140625,7157084.721768227
2024-02-16 14:30:00,202.7973283889866,204.5342016895319,199.70073626505828,200.23667907714844,6320509.962674634
2024-02-20 14:30:00,198.76779112578583,199.25410597315272,193.1899361065334,196.2964630126953,11403940.263757158
2024-02-21 14:30:00,194.17252610021416,195.06576924527823,192.26692961823207,195.03599548339844,8689982.566663321
2024-02-22 14:30:00,205.62595886148344,209.1195599779483,204.78234370244684,208.35533142089844,12539759.32378234
2024-02-23 14:30:00,210.4395861392079,211.75961177946115,205.41754304046577,207.0551605224609,8590637.383197267
2024-02-26 14:30:00,209.0203110478036,210.03264919939056,207.2635834463624,208.77218627929688,7609276.620640086
2024-02-27 14:30:00,209.42722623827535,210.17160055118796,207.2735050435685,208.1667633056641,5007259.029957815
2024-02-28 14:30:00,206.052744843872,207.1841932455233,204.88158799622045,205.854248046875,4539852.849128121
2024-02-29 14:30:00,208.22631668319755,210.96560877978789,207.2238828879117,210.3601837158203,6499350.904548147
2024-03-01 14:30:00,212.5138998603408,219.6599054088691,212.37495059380467,218.8857421875,10350941.502099425
2024-03-04 14:30:00,222.3197973683985,225.42632438317068,220.9997717542035,222.40911865234372,10987516.31170397
2024-03-05 14:30:00,220.6920977149016,221.55556707488904,216.65261915926504,219.00485229492188,10499757.76366011
2024-03-06 14:30:00,223.44132579753185,227.04408720930047,222.0021899962853,224.6521759033203,11330388.180757675
2024-03-07 14:30:00,228.0068147422056,233.1479679719366,227.73885088825716,232.41351318359372,13626611.808644377
2024-03-08 14:30:00,235.1528102454676,237.3462399736252,222.75650587563277,223.3023834228516,22689390.29686672
2024-03-11 13:30:00,220.4737359919475,222.20068977234925,217.3771438354112,219.3224334716797,12940868.948966209
2024-03-12 13:30:00,222.86567985993835,226.3096530091552,218.905602929216,226.2600250244141,10488976.581045669
2024-03-13 13:30:00,224.17575519082328,224.17575519082328,219.49115847135303,221.78384399414065,9910135.447441887
2024-03-14 13:30:00,221.10894715227045,222.30987772061735,215.77923185879632,217.81385803222656,11526559.629809462
2024-03-15 13:30:00,215.3127505475806,218.64754802667505,214.31031679507169,216.20599365234372,11488171.980276195
2024-03-18 13:30:00,220.50352105038152,221.4861006016308,216.18615909465188,216.6427001953125,8737237.228431594
2024-03-19 13:30:00,214.1019056106808,217.20843261878736,211.2236642979459,216.1663055419922,10687062.660285491
2024-03-20 13:30:00,217.2084417846082,219.95765348504364,215.2035892911979,219.630126953125,9227312.826469673
2024-03-21 13:30:00,226.86544976806695,228.3244246802332,224.11622297614585,224.6124725341797,11816635.209174763
2024-03-22 13:30:00,223.90778848927943,227.5304039114891,223.53063400956444,225.93247985839844,5390634.960930891
2024-03-25 13:30:00,223.53064482428076,227.52049538084376,223.1733445484044,225.37669372558597,4976226.257045648
2024-03-26 13:30:00,227.0837897262305,227.7388427455746,223.07408501176127,223.2825164794922,6450887.671484325
2024-03-27 13:30:00,224.890370463862,225.13849524220453,219.82863407227592,223.203125,7672248.667451927
2024-03-28 13:30:00,222.6274761432897,224.24525456204697,222.0617595175064,223.3023834228516,3791741.380874921
2024-04-01 13:30:00,223.80855481583012,229.2176720696517,223.80855481583012,226.23025512695312,7956480.490503787
2024-04-02 13:30:00,222.5679259751035,223.739067658557,220.7119574809408,223.3222198486328,6040307.668367195
2024-04-03 13:30:00,221.0593294751266,225.8134088422176,221.00970148920047,224.21548461914065,5959602.134218255
2024-04-04 13:30:00,227.3815546711229,228.0862205661816,217.99250632327403,218.2406311035156,9364240.031720066
2024-04-05 13:30:00,219.56063914050736,222.38926746610775,217.9627150781495,220.9699859619141,8165247.181418983
2024-04-08 13:30:00,223.20311594138687,223.5901899741185,220.503517251036,221.3868408203125,4247157.618875376
2024-04-09 13:30:00,223.66959552544787,224.2551663539005,218.38949309743177,222.41905212402344,5412901.688469522
2024-04-10 13:30:00,219.34230516727249,222.6969570336649,218.8460556080705,220.48367309570312,8226606.803570863
2024-04-11 13:30:00,221.8036918866156,225.863024665146,220.0171904998257,225.6049652099609,7255019.262972069
2024-04-12 13:30:00,221.8235433830039,222.1411503564568,218.32002285789736,219.02468872070312,8807564.87884006
2024-04-15 13:30:00,222.0716674663678,223.292437085099,214.9852246946669,215.72959899902344,6801416.935497846
2024-04-16 13:30:00,215.6998380533928,218.70710921011224,214.84628819458013,217.51611328125,6805950.540422764
2024-04-17 13:30:00,217.8634778689038,218.46890294201685,210.47929708685484,210.8068084716797,11815022.9894607
2024-04-18 13:30:00,209.3875382749785,210.65793592318047,205.80461588507,207.06509399414065,10428825.481329776
2024-04-19 13:30:00,205.16940649258424,206.43980407534733,196.95151550343925,197.7157440185547,13687267.398145275
2024-04-22 13:30:00,199.4625357788813,202.8469611823157,197.65618023417417,201.4971618652344,9875777.690647056
2024-04-23 13:30:00,202.9561481233984,207.01546584200852,202.40033590146783,206.24131774902344,7355774.870124667
2024-04-24 13:30:00,211.0449937976013,211.54124331416307,205.39767187603545,206.4794921875,6614515.259868576
2024-04-25 13:30:00,205.53662096513136,212.0771859533727,204.20667589648443,210.60829162597656,8747817.093431044
2024-04-26 13:30:00,210.93582132755816,217.0396844111953,210.3502505242456,216.0074920654297,6413507.4152670335
2024-04-29 13:30:00,215.8487003402694,216.9702291710811,213.28805084123988,216.7419586181641,4854412.455407307
2024-04-30 13:30:00,215.7097529673929,217.97264972700944,212.484130859375,212.484130859375,4982170.713690706
2024-05-01 13:30:00,209.55625463275928,212.93074543877012,204.5639854841193,206.2909393310547,13043639.326770114
2024-05-02 13:30:00,209.7845373901383,211.1442715036987,205.7549933237609,210.4395904541016,6430736.081022848
2024-05-03 13:30:00,214.30039613342024,216.7220962732597,213.5361676135418,216.0968170166016,6427310.845762439
2024-05-06 13:30:00,217.7245210839211,221.0096906571291,216.5831531852359,220.9997711181641,5383480.992748891
2024-05-07 13:30:00,220.88068122132427,221.50594536604908,218.9850042757534,219.07432556152344,5105294.221423246
2024-05-08 13:30:00,217.30766863423787,220.1958445663872,217.05954386641065,219.73928833007807,5445143.634111747
2024-05-09 13:30:00,219.8286394448781,220.10653799186676,217.2481356293149,218.3299560546875,4053706.293005989
2024-05-10 13:30:00,221.2875997265732,223.74899318438537,220.76156128569733,221.6250457763672,6172902.498020748
2024-05-13 13:30:00,222.3197971891869,222.8656747200808,220.6524059795485,221.58534240722656,4002421.787218501
2024-05-14 13:30:00,221.2677481251755,225.6248184964908,220.57300179550884,225.37669372558597,5088669.6858023135
2024-05-15 13:30:00,227.5502776982746,232.244794299906,226.81582289681867,232.14553833007807,8274868.790033318
2024-05-16 13:30:00,232.09593040029347,233.34647386717663,230.34912221810544,230.4582977294922,6256529.338519391
2024-05-17 13:30:00,231.83786207396665,232.0661477718126,226.90514031542824,228.52291870117188,5280911.568340701
2024-05-20 13:30:00,229.73376880330727,234.2694818333138,229.15811750569495,233.2372894287109,5024085.140374444
2024-05-21 13:30:00,231.212594559224,233.1578842938656,230.13075904194787,232.9097595214844,4429424.718267995
2024-05-22 13:30:00,235.1329603680171,235.4406326593188,232.23486487555093,234.8153533935547,8174012.625458457
2024-05-23 13:30:00,242.31864105424387,242.72556930619268,236.0063463848532,238.0211334228516,12494722.078077933
2024-05-24 13:30:00,239.71830761158304,242.6064836416827,238.48760326946123,242.4278259277344,4679802.708885777
2024-05-28 13:30:00,245.8320920679135,248.96839269991972,243.6188234272742,247.9560394287109,7761216.498450743
2024-05-29 13:30:00,244.25402499863372,245.12741387426976,242.2392531161129,243.8073883056641,7638596.646597816
2024-05-30 13:30:00,243.64860707059995,244.2838058824645,239.2716824487985,240.4527587890625,7140560.702758011
2024-05-31 13:30:00,241.5444997555296,242.18963325348375,232.5028323998625,238.6761779785156,12818953.762187952
2024-06-03 13:30:00,243.2615454294276,243.59899150260597,237.22714883699564,241.6536865234375,6360509.285587639
2024-06-04 13:30:00,241.47503504024567,241.8720286241253,238.29904093620505,240.78028869628903,5840811.318056016
2024-06-05 13:30:00,245.67329523203568,252.62078876859724,244.85945386423504,252.50169372558597,11033158.879041882
2024-06-06 13:30:00,253.6033658191205,254.0003593881539,248.3728914960529,250.5166931152344,9902477.823507104
2024-06-07 13:30:00,250.3479805488139,252.15432105100493,248.61110710915528,250.31820678710935,5511642.231043324
2024-06-10 13:30:00,249.2165210638693,254.79436095816232,248.17439401765316,253.94081115722656,6466504.838013335
2024-06-11 13:30:00,253.08726435195507,253.97058792372383,249.96089832063512,253.56365966796875,6164035.965992095
2024-06-12 13:30:00,258.61549039158274,262.5656173123453,257.81156856656986,261.1165771484375,8112350.156575274
2024-06-13 13:30:00,264.788825327042,266.128705078476,261.9800361037792,265.2056579589844,7704994.917458732
2024-06-14 13:30:00,263.4092717229549,266.5753464750629,262.6351235875954,265.880615234375,6304287.434334789
2024-06-17 13:30:00,268.67941448967514,271.1606621621891,264.91786482598485,270.4361572265625,7558697.266604466
2024-06-18 13:30:00,271.4683339398485,276.1827045087572,270.9720844062791,274.6840515136719,8303886.898110811
2024-06-20 13:30:00,277.125590828217,277.4729715595622,265.0766376106708,266.9028625488281,14160013.304538038
2024-06-21 13:30:00,263.5779988224247,266.9127813302864,260.0546087698178,262.9031066894531,11741975.13518872
2024-06-24 13:30:00,259.5385157656854,261.10665102341216,253.81179169365416,253.8614196777344,10230840.467613813
2024-06-25 13:30:00,256.5808658437398,259.9454524547699,253.89120166486535,259.8064880371094,6642020.892601599
2024-06-26 13:30:00,259.6476730861759,261.0967435692672,255.81664112715845,258.95294189453125,5995269.96462146
2024-06-27 13:30:00,258.4467308506896,260.4615025881603,255.7074542355104,256.91827392578125,5782071.377165448
2024-06-28 13:30:00,258.5261558398166,264.401733081252,257.03740730862864,258.7445068359375,7801821.299351067
2024-07-01 13:30:00,259.0422808921922,259.3896616561036,253.74233900972803,259.0522155761719,6232750.863832685
2024-07-02 13:30:00,257.04734675010684,261.6823311361836,256.7694481979412,261.6525573730469,4148215.11396714
2024-07-03 13:30:00,262.1091064443778,268.3717738860976,261.3051845266634,267.5976257324219,4668013.903183835
2024-07-05 13:30:00,269.1855869172091,270.00934778139003,266.03935167924914,267.69683837890625,6463683.928093034
2024-07-08 13:30:00,270.7934488138165,273.6320119690062,270.5056155961103,272.1531677246094,5876781.191018304
2024-07-09 13:30:00,274.2175667014279,275.5276424074789,270.1185408430762,272.7486572265625,5957486.904196599
2024-07-10 13:30:00,276.04378579057527,279.61678868935405,274.21759103979275,279.16021728515625,6227713.314600391
2024-07-11 13:30:00,280.87724100453755,280.9467232097555,267.9747529018556,268.9870910644531,12375124.761154454
2024-07-12 13:30:00,269.76124111448087,276.8476991705614,269.02680147870853,272.3913879394531,8456229.397983648
2024-07-15 13:30:00,274.33666548195947,275.3887120497063,269.97958012284374,271.7760009765625,7873861.45713979
2024-07-16 13:30:00,273.2449260115055,273.56253299419666,268.5107161873996,271.65692138671875,5681214.194508122
2024-07-17 13:30:00,261.8113493869745,262.0197657197878,251.9459057848859,252.3131256103516,15296638.362337535
2024-07-18 13:30:00,257.18629801963726,258.0497673951185,248.13469588055332,253.6232147216797,12904394.503488297
2024-07-19 13:30:00,252.94831196009204,253.29569269009275,245.9313363110149,246.2787170410156,8654416.225509325
2024-07-22 13:30:00,251.1022683446203,255.96550780028048,249.72269522312484,255.786865234375,10839203.954400722
2024-07-23 13:30:00,253.0674135259634,255.43948574339828,252.4322147146433,252.9483184814453,5914262.354317409
2024-07-24 13:30:00,248.7103569585768,249.43489223790436,238.53724072855775,239.1724395751953,11380362.455544565
2024-07-25 13:30:00,237.207283711049,241.81247890619304,229.08864838302244,234.78558349609372,18906919.0028042
2024-07-26 13:30:00,240.40312312515164,240.50237908872015,236.3934184485896,238.5074462890625,7380964.18164519
2024-07-29 13:30:00,240.62148032311063,243.39054610367657,235.9865114186312,236.81028747558597,6796278.31344096
2024-07-30 13:30:00,238.41812909837836,238.90445909727285,226.61731569793065,227.74876403808597,13029835.816320837
2024-07-31 13:30:00,240.68103318167212,245.8321059644064,238.70595450896317,245.13735961914065,18551250.96886947
2024-08-01 13:30:00,242.20946818802517,244.94877533405503,226.1905336843749,229.27720642089844,17240922.827481143
2024-08-02 13:30:00,218.27040937293384,220.67225547795093,212.57345884898317,216.7915802001953,20414425.719462603
2024-08-05 13:30:00,199.4724607303965,216.8610488412877,198.98614587388144,211.70997619628903,18560017.216119356
2024-08-06 13:30:00,214.91574493778515,221.12879889460945,211.04500456878452,215.828857421875,15505102.474675776
2024-08-07 13:30:00,223.00462857446576,224.4040559612688,209.42723280608865,209.8837890625,13165251.0338828
2024-08-08 13:30:00,215.9678106714227,223.58027696709428,211.1045559846057,223.2229766845703,11494116.192181071
2024-08-09 13:30:00,223.01453768397008,224.79111949757848,219.72936819002084,223.16342163085935,7296430.021104613
2024-08-12 13:30:00,223.50087125701103,227.8281678711146,222.3694229064779,225.25759887695312,6802222.899320046
2024-08-13 13:30:00,228.82067114533064,234.52754098558077,227.15326477782105,234.4183654785156,7705195.883365851
2024-08-14 13:30:00,236.91947229992545,237.3859329549181,230.41860001581765,234.6168670654297,7241416.978513905
2024-08-15 13:30:00,238.9937909544247,245.4847285310883,237.7333128325099,244.52200317382807,8440108.245107612
2024-08-16 13:30:00,242.37821873252815,245.54427822987003,241.17728812404107,244.8594665527344,5233858.502259908
2024-08-19 13:30:00,243.9463539841152,249.51427469743223,241.46510616435415,249.4547271728516,5606352.533274937
2024-08-20 13:30:00,248.27364505631897,249.64329866739664,244.0257500984948,246.19932556152344,6628318.319788281
2024-08-21 13:30:00,246.73527388378324,249.98073492592556,246.01073866162864,248.7500457763672,4850080.130594354
2024-08-22 13:30:00,250.6258702333486,251.4198725208656,239.72821950445413,240.60162353515625,8067916.852831939
2024-08-23 13:30:00,244.00591437095733,248.45230618197027,242.8645312979412,246.52685546875,6985799.654539036
2024-08-26 13:30:00,245.6336126517284,246.68565929579617,239.32131764298717,240.75051879882807,6977537.673035562
2024-08-27 13:30:00,238.8647530390585,243.90665020964408,236.7805140465532,243.1721954345703,5576226.801651276
2024-08-28 13:30:00,242.666037086161,243.83717878932063,236.0361501724742,239.08311462402344,8175322.034437007
2024-08-29 13:30:00,238.6662529639248,242.6759425497612,235.0039289665548,236.12545776367188,9326457.086649334
2024-08-30 13:30:00,240.63140106673845,242.7652831944013,237.58443673897307,241.6338348388672,8688975.231052088
2024-09-03 13:30:00,237.07824986588489,237.07824986588489,222.1312161774373,223.50086975097656,14575630.671808071
2024-09-04 13:30:00,220.1660804157421,226.8654494394961,219.798860589516,222.9649200439453,8711645.05090907
2024-09-05 13:30:00,220.39435527583524,226.0615319945569,220.0668287442908,222.57785034179688,6584791.639641206
2024-09-06 13:30:00,221.67468767068024,221.99227951855485,211.96804735021624,213.38731384277344,12110136.509352356
2024-09-09 13:30:00,216.82135330820083,218.6574674995126,214.17136746657863,218.2108459472656,7993357.622854767
2024-09-10 13:30:00,218.96514721093752,220.4737500875892,214.83636245303293,220.27525329589844,7709427.624171003
2024-09-11 13:30:00,222.1113747014966,231.94704476147857,217.7543041057312,231.6492919921875,11232553.873050176
2024-09-12 13:30:00,231.1728934319709,234.19009924045525,228.2351045148166,232.14553833007807,8271543.850060701
2024-09-13 13:30:00,233.23728817489277,235.76816390523183,232.46314008951856,235.13296508789065,6454212.410801163
2024-09-16 13:30:00,231.63936689589104,233.23729107027356,229.13826489591528,232.0462951660156,5546805.97628021
2024-09-17 13:30:00,234.83521019084165,235.35131395783583,230.10098529314064,231.9668884277344,4758493.029961094
2024-09-18 13:30:00,233.12810118063956,236.0559703484177,229.0588490190945,229.3268280029297,7354969.258793719
2024-09-19 13:30:00,238.17000682228,242.02090812123035,236.52245470527188,239.28160095214844,11339254.777589396
2024-09-20 13:30:00,237.0087825476332,237.85239767623776,233.19758972770023,236.1155242919922,8245146.2092157155
2024-09-23 13:30:00,237.0187045421878,238.02113831242667,235.34137866207277,237.15765380859372,3809978.315898405
2024-09-24 13:30:00,239.27168970147773,242.5469398268177,236.49268913620944,241.57427978515625,5476982.185349346
2024-09-25 13:30:00,241.40555638773336,245.22668405225244,240.97878903599644,243.6982269287109,5015923.84967961
2024-09-26 13:30:00,253.5835151135826,254.0698451150758,245.51449274147228,250.72511291503903,10158296.562953606
2024-09-27 13:30:00,251.29084611819388,251.3107003403362,244.27387030780065,245.88172912597656,7182475.125078308
2024-09-30 13:30:00,242.318650113845,245.1571981562381,240.05575336892565,243.60890197753903,6299753.799885288
2024-10-01 13:30:00,243.7875648938133,244.7304360335953,235.2222925997941,237.08819580078125,7810384.720319696
2024-10-02 13:30:00,237.37599923402004,242.61639307850493,235.80784889614503,240.50238037109372,5886756.183485345
2024-10-03 13:30:00,239.7381552328992,245.29614098108485,239.52972376308773,242.7156524658203,5971693.207101977
2024-10-04 13:30:00,247.34070901664364,247.34070901664364,242.49730853030047,245.9611358642578,5814917.073157417
2024-10-07 13:30:00,244.6807979046705,248.72027644480235,244.46244689469935,246.35812377929688,4996276.652747674
2024-10-08 13:30:00,247.29107226529075,251.2709880896546,246.02067466544224,250.62586975097656,4468820.302000296
2024-10-09 13:30:00,251.09235842486788,253.49420448372635,248.3332120761764,253.23614501953125,4094109.413642399
2024-10-10 13:30:00,250.6159360078574,253.9507335060508,249.11726785637887,252.7398834228516,4075167.5254614633
2024-10-11 13:30:00,251.70768846501085,255.36999729339612,251.6977689263217,254.76458740234372,4234663.939212225
2024-10-14 13:30:00,256.58088293828536,260.29285055210454,256.4816572489683,259.3201904296875,4643429.423598078
2024-10-15 13:30:00,259.0422596712977,260.1439191106494,243.737925687348,245.3060760498047,14235680.71356118
2024-10-16 13:30:00,247.95604145093145,247.95604145093145,243.6585187129312,245.46487426757807,5735320.305572537
2024-10-17 13:30:00,253.2659044215249,254.24849909327125,249.61351512750807,249.6929168701172,6795976.167930884
2024-10-18 13:30:00,251.59850688823528,251.61836110946825,248.97831002582345,249.62342834472656,3748819.7432705183
2024-10-21 13:30:00,249.11727149625088,251.15189765885205,247.6186033228752,250.94346618652344,3953051.48489
2024-10-22 13:30:00,249.44479323466507,250.59609579121712,247.79724114280612,249.80209350585935,3656527.353477454
2024-10-23 13:30:00,248.57138244237103,249.7822324871176,243.99596124557192,247.1421813964844,5009173.592686417
2024-10-24 13:30:00,248.98824803160127,249.3157745567369,246.33827721295975,248.184326171875,2615115.683066372
2024-10-25 13:30:00,250.59610051042552,254.6256292455736,250.4075232603642,251.0625762939453,6887562.994935405
2024-10-28 13:30:00,250.87399498370257,251.15189351266352,249.11726738365132,249.32569885253903,3584184.706975461
2024-10-29 13:30:00,250.0105094341652,256.3922711788305,248.97831706586757,254.9928741455078,5433556.733912732
2024-10-30 13:30:00,249.85171380334123,251.1022571418902,247.57888252071632,248.79965209960935,5388821.332798212
2024-10-31 13:30:00,246.40775273871583,246.40775273871583,238.47767957619268,239.8671722412109,9536230.42830648
2024-11-01 13:30:00,242.3583569813661,245.4350950962505,241.5246613743136,242.9141540527344,5562725.462702569
2024-11-04 14:30:00,243.46995179991544,245.65344679106656,241.58420956763365,242.4377593994141,5238493.415215288
2024-11-05 14:30:00,243.4104039120903,247.1719688319749,243.241680882662,246.44744873046875,4377031.683431179
2024-11-06 14:30:00,250.39757978300435,253.7720856547254,248.3331950767676,252.898681640625,7339452.836110218
2024-11-07 14:30:00,256.4518560901008,259.19113300021985,256.20373131596915,259.0621032714844,5410785.781864347
2024-11-08 14:30:00,258.8040764121274,259.9156705639697,255.98538258747908,257.39471435546875,3945192.472982378
2024-11-11 14:30:00,255.98538149096785,256.11438093163315,249.1073548450695,251.6282958984375,7725246.291160746
2024-11-12 14:30:00,251.2015295374938,251.6680053283985,246.993327880262,249.9708251953125,6623683.554745891
2024-11-13 14:30:00,248.76988881356823,249.29591211541387,245.36562423202653,245.7725524902344,5579753.272469338
2024-11-14 14:30:00,247.6880586764986,249.0775664228977,245.5244180326632,246.3184051513672,4642422.613731277
2024-11-15 14:30:00,242.3384937302867,242.7355024409974,237.00877862279103,238.150146484375,9571495.208627852
2024-11-18 14:30:00,237.237058421488,240.35350498656237,235.6093605049078,239.7282257080078,7754666.989405842
2024-11-19 14:30:00,239.2915353361375,242.4377556167541,238.79528579387625,242.34841918945312,4539248.519475404
2024-11-20 14:30:00,241.50480113190133,241.9216489250367,236.85989759748696,240.72071838378903,7642929.056642381
2024-11-21 14:30:00,243.6783770397161,246.32834775161623,237.8027843353196,244.2540283203125,8892098.970903015
2024-11-22 14:30:00,244.12500557922084,244.78997816091825,241.48495433057067,242.78512573242188,4782170.568819406
2024-11-25 14:30:00,244.50216145089468,244.50216145089468,240.46268280978472,241.83233642578125,4597182.970401907
2024-11-26 14:30:00,243.97613598515,244.2738735996261,238.09060844820888,239.609130859375,5034261.492977403
2024-11-27 14:30:00,237.86233322166595,238.00128248713597,232.41350781880536,236.46290588378903,6963835.168334072
2024-11-29 14:30:00,238.19978432379864,242.6561107408168,237.7928560576052,240.31381225585935,5649778.41529281
2024-12-02 14:30:00,241.5246572484696,247.28113979873584,241.5246572484696,246.0107421875,8131292.16963063
2024-12-03 14:30:00,245.07779625068292,246.8146696810476,244.08529714761744,246.5566253662109,3251690.596023662
2024-12-04 14:30:00,250.3380529043934,251.1717636885662,247.4498919275028,250.7350616455078,5498644.583646971
2024-12-05 14:30:00,250.0005986657992,250.26857766425536,245.7229299512514,246.43753051757807,3901363.724094504
2024-12-06 14:30:00,246.0206734034515,247.5491153020641,245.35570084634293,246.7451934814453,3914663.6323192823
2024-12-09 14:30:00,244.3731272286649,247.0925801880857,243.09279492133268,244.2242584228516,4566855.571188395
2024-12-10 14:30:00,244.5815454530533,245.29614601516647,236.58200514619503,238.0806884765625,6450786.718944276
2024-12-11 14:30:00,241.8223926214234,245.18696386675757,239.91679622218703,243.9066467285156,5630634.992611043
2024-12-12 14:30:00,242.1796934300609,242.80497269244248,240.11529354022488,241.54449462890625,4009374.020540927
2024-12-13 14:30:00,247.64838032891495,249.7425540412399,244.2044072312385,247.6186065673828,8693509.11968271
2024-12-16 14:30:00,248.6210151514202,252.45206213836917,247.05286481538064,251.3503875732422,4929979.467960508
2024-12-17 14:30:00,248.60117163861335,249.2859984443184,246.1695518596568,248.0850830078125,4058240.4344335743
2024-12-18 14:30:00,250.26857988100852,252.5612504081415,238.64640860834453,240.17486572265625,8187211.350029543
2024-12-19 14:30:00,241.17728858205368,241.4254133645455,236.5621736854397,237.0782623291016,6945195.005084906
2024-12-20 14:30:00,235.61926741872483,243.4203105246033,234.76571763355068,240.8894500732422,6961518.027785135
2024-12-23 14:30:00,242.77457766879388,248.81577733756583,242.77457766879388,248.44692993164065,6670792.55345924
2024-12-24 14:30:00,249.66314786053047,250.5902557373047,248.60643837074,250.5902557373047,2103926.292774451
2024-12-26 14:30:00,249.64321404493373,251.60710446904028,248.10799770291283,250.1516265869141,2176049.9443422286
2024-12-27 14:30:00,248.50674598143084,249.2943039634488,244.39953086170468,247.6294708251953,3824162.340515798
2024-12-30 14:30:00,243.8611928306304,246.5827354226322,241.97705615002897,243.9010772705078,3543090.5373841496
2024-12-31 14:30:00,244.74842847509424,245.2867619266437,240.6511769866738,241.41879272460935,3081358.2984980936
2025-01-02 14:30:00,243.7615186412358,246.98149512574585,241.49855577885745,244.0306701660156,4477890.132768545
2025-01-03 14:30:00,246.23382633816692,251.5472949424181,245.91481165031823,251.09869384765625,5009940.422668832
2025-01-06 14:30:00,257.8676320030354,262.47329612678806,257.6981459484378,259.4227905273437,10565975.1255828
2025-01-07 14:30:00,262.6028919671659,262.76236887950955,252.26504907123103,253.25196838378903,7684938.462610473
2025-01-08 14:30:00,252.77346226596237,253.54107800891703,248.7360221987689,251.4475860595703,5205647.758805535
2025-01-10 14:30:00,248.63634739773255,248.8157817460245,244.1602696573686,246.4132537841797,6922974.690906938
2025-01-13 14:30:00,240.32221596756088,244.1702277695526,239.87359968382404,243.88113403320312,6026193.055725354
2025-01-14 14:30:00,246.96155505237087,247.6095479258748,241.63812300004136,244.6786651611328,3803297.556179472
2025-01-15 14:30:00,248.4768439636552,251.2881038227375,246.9316489127632,250.43077087402344,5333343.65834846
2025-01-16 14:30:00,256.3124411687992,256.40218876481106,251.3678353951684,251.5074005126953,5713824.037891888
2025-01-17 14:30:00,257.1797620611624,257.87757242116845,254.81710341080503,257.44891357421875,5404063.298169317
2025-01-21 14:30:00,259.9909857331369,263.5000861570835,257.6482997759516,261.5760803222656,4938318.673950643
2025-01-22 14:30:00,265.1748939160972,268.82354460343697,264.3175761553078,266.3412780761719,6637087.599087983
2025-01-23 14:30:00,262.20411079510166,266.0321956072439,261.08758986109103,266.0222473144531,4719539.836953398
2025-01-24 14:30:00,266.5705367801113,266.6004425051766,259.8115691091348,260.71875,5135831.008510596
2025-01-27 14:30:00,241.7278297549828,244.31977071434653,231.51960367579304,235.0785217285156,22013184.26444684
2025-01-28 14:30:00,237.1520755165593,240.2823347720405,231.5395346508106,239.70413208007807,11743728.50749081
2025-01-29 14:30:00,241.65805853958213,241.6979277683081,235.9059525654756,238.7869873046875,8392031.711638669
2025-01-30 14:30:00,242.6649284843984,245.0873987255236,239.92345876805675,244.4095001220703,7700185.369244284
2025-01-31 14:30:00,245.4063967163904,250.67999603907168,242.16647798031076,242.8643035888672,8034823.438657909
2025-02-03 14:30:00,235.2380407334613,240.8904510115691,234.390671282395,238.0393218994141,7502873.326215878
2025-02-04 14:30:00,238.0692252706224,241.8674044772313,237.83994297410823,240.72097778320312,4593247.941130421
2025-02-05 14:30:00,241.36895011643625,246.7322664735064,239.65428425978465,246.37338256835935,4826070.246178605
2025-02-06 14:30:00,246.41325152110335,247.6593740776543,244.84812950003308,247.5796356201172,4892375.928796486
2025-02-07 14:30:00,248.785873398238,249.87248861532356,242.7247314660392,244.24002075195312,7281486.852665109
2025-02-10 14:30:00,246.23381982720807,249.5136077383431,246.23381982720807,248.8456878662109,4244466.096222727
2025-02-11 14:30:00,246.93164273542016,250.26127855539133,246.64254899537468,249.09490966796875,3144654.5765908854
2025-02-12 14:30:00,244.93785457848557,247.96843325224225,243.7814491579348,247.7391357421875,4225908.440836294
2025-02-13 14:30:00,247.2307113538245,251.30802064435363,247.02135607455645,251.1385498046875,4500059.049734194
2025-02-14 14:30:00,251.21830610044063,252.4345229262561,249.85256065319567,251.7965087890625,4292816.143616647
2025-02-18 14:30:00,253.92986961685904,256.40218770491146,252.55414545588283,255.4252166748047,6381194.217955839
2025-02-19 14:30:00,255.18596605072423,257.57853056764424,253.092489211309,256.541748046875,3034813.751944956
2025-02-20 14:30:00,257.2694871200038,258.8246456445032,254.12924913495823,257.00030517578125,4415396.33772873
2025-02-21 14:30:00,257.5486223012347,257.89754271009025,248.4170323352361,249.2145538330078,7602081.128453806
2025-02-24 14:30:00,250.52047834774453,251.27811537552836,242.5253518762416,242.6649169921875,7541393.164356955
2025-02-25 14:30:00,241.95712772044004,243.0238007033148,236.60377495187447,237.51095581054688,7682430.6641899105
2025-02-26 14:30:00,240.8505752945979,245.3565435345229,240.15273448947605,243.06369018554688,6696672.734842482
2025-02-27 14:30:00,245.30670356181855,245.61573951478888,227.9905745768213,228.08029174804688,10553336.217339791
2025-02-28 14:30:00,227.66159792135488,233.05481990677455,224.93010705835152,232.04795837402344,8681630.16857806
2025-03-03 14:30:00,234.63989829057655,234.63989829057655,220.2646296756156,222.3182373046875,10032319.363908255
2025-03-04 14:30:00,221.769944930952,230.08407094353137,217.37362091865785,224.5313415527344,12602191.479179656
2025-03-05 14:30:00,227.11331477914413,229.49590044437372,222.77680229684503,228.6884002685547,6820557.215267863
2025-03-06 14:30:00,221.29142400178023,225.45846574420443,218.39046224849767,219.09825134277344,9183687.375378888
2025-03-07 14:30:00,219.9157220342445,225.0497410500276,216.39667303673545,224.39178466796875,9456132.18691477
2025-03-10 13:30:00,218.88890704414897,220.60355765569048,210.8538961705844,213.86453247070312,9646422.94553314
2025-03-11 13:30:00,214.54243073708017,218.34060977998047,209.8071651164808,213.5554962158203,7404267.8508839905
2025-03-12 13:30:00,219.6365914446344,222.25842304118663,217.5032149586182,219.83596801757807,8737904.31356054
2025-03-13 13:30:00,220.0951531366268,223.18554321657157,217.13436467254095,218.8689727783203,5142752.494140848
2025-03-14 13:30:00,222.6571897602047,226.25599239717877,222.5873995938863,225.86720275878903,5116571.251793539
2025-03-17 13:30:00,225.528243722498,230.32332095445628,225.31890364843665,228.24978637695312,5208356.010885526
2025-03-18 13:30:00,225.92701753424848,227.06348074099515,223.18554780458732,224.72076416015625,5212869.887046506
2025-03-19 13:30:00,224.7207572425031,230.3033924229076,223.08584504432795,226.70458984375,4947847.963009728
2025-03-20 13:30:00,224.44162421700315,228.29961476585348,224.19239970689227,226.345703125,3666072.007097039
2025-03-21 13:30:00,222.07898827519068,224.91017515550607,220.7232062856589,224.07278442382807,6338962.992097834
2025-03-24 13:30:00,228.4890244707676,231.69903733075589,228.38934379506173,229.9145965576172,6523435.528714004
2025-03-25 13:30:00,229.73515883309975,229.9445141223391,228.14013103656083,228.9376373291016,3462540.533657894
2025-03-26 13:30:00,227.6915128917881,228.09028124629188,219.3674231418994,221.3213348388672,9620943.502192248
2025-03-27 13:30:00,218.3705249748649,220.01540070351527,215.89822202387995,217.07455444335935,9100729.839413172
2025-03-28 13:30:00,216.1274988885019,217.3636427271976,210.39533513796815,211.5118560791016,8749239.760523302
2025-03-31 13:30:00,206.68686867727024,211.0333446606104,203.87560895440248,210.81402587890625,9506689.544082085
2025-04-01 13:30:00,210.30561878632585,211.8807043152389,206.61708384153852,211.83087158203125,6170440.413280041
2025-04-02 13:30:00,208.31182658501731,215.9380907060892,207.8233410565044,213.4259033203125,7118280.435401814
2025-04-03 13:30:00,202.0612730671763,203.85569264279465,194.7340661381754,194.9633636474609,14343492.451154286
2025-04-04 13:30:00,188.114654585681,189.69971879729744,177.67713102978792,180.2391662597656,22229053.932999857
2025-04-07 13:30:00,172.95185114762114,194.22565225005448,169.58233081295575,184.32644653320312,25679957.50352359
2025-04-08 13:30:00,192.391358935401,195.11288633557345,175.50390364079715,179.3917999267578,19157024.251509
2025-04-09 13:30:00,181.1961907161622,212.1498793425785,179.71082230269167,210.176025390625,22247509.85237071
2025-04-10 13:30:00,200.75534065394663,201.87186163830444,188.45360675932935,195.60137939453125,18339387.27247325
2025-04-11 13:30:00,195.09294812624788,201.31359752312716,193.09915199780087,200.685546875,10187902.218378654
2025-04-14 13:30:00,205.9790729613912,206.1385803022612,198.15343229174005,200.984619140625,9873928.301047515
2025-04-15 13:30:00,202.041333339735,204.50367282999164,201.3136019958912,202.29055786132807,5113662.138273258
2025-04-16 13:30:00,192.560835465532,196.1496594020932,187.94519251905825,193.7471466064453,13107859.621357515
2025-04-17 13:30:00,195.21258821714736,195.39202256902755,190.40753219736868,191.9327850341797,7089390.763180399
2025-04-21 13:30:00,188.31403321977635,188.80251873432928,183.82799205053536,187.2473602294922,9602486.552143868
2025-04-22 13:30:00,189.75955343923044,192.70039969925688,188.3738657323593,191.3047332763672,7265236.264626001
2025-04-23 13:30:00,200.95471529599104,202.45006240486055,197.46557204196208,198.29299926757807,11531570.09347204
2025-04-24 13:30:00,202.58962865332467,208.6308285729244,201.55284613365927,208.32179260253903,9726370.441243436
2025-04-25 13:30:00,206.5373344759374,212.62838228132657,205.85945109103545,211.3124847412109,7510697.671666579
2025-04-28 13:30:00,210.23582777901836,211.55174049789863,205.75975008771164,209.9965667724609,5822962.57678657
2025-04-29 13:30:00,208.68066646324436,211.59160688572015,207.8731814927079,209.6376800537109,4520221.591381789
2025-04-30 13:30:00,204.38404222100695,211.0831983257554,203.25754255821423,210.62461853027344,5992989.962498629
2025-05-01 13:30:00,214.26329582522965,215.8583388288224,211.45205116543283,211.64146423339844,6899602.05236647
2025-05-02 13:30:00,217.3138186240555,220.2347227062131,216.5661450616859,218.3505859375,6542494.273165065
2025-05-05 13:30:00,216.3567796133436,218.91881486827683,216.2271780009512,216.9349822998047,4550114.289102571
2025-05-06 13:30:00,212.98726471685072,216.7655168876769,212.1797797210131,214.92124938964844,5035018.318065521
2025-05-07 13:30:00,215.05084457742583,220.23471129906295,213.5255918061096,219.33750915527344,9097018.665118368
2025-05-08 13:30:00,222.15873776260625,224.1425551578066,219.4172681098597,221.2615203857422,5937618.161737502
2025-05-09 13:30:00,223.8335156437726,224.66094284212372,221.30140131589815,222.7070159912109,3506376.641030379
2025-05-12 13:30:00,235.98570664008844,237.92965478728328,233.32399068293597,236.67356872558597,9275672.711085595
2025-05-13 13:30:00,238.3084780830233,245.9247784547416,237.85987700999016,244.79827880859372,8692564.037623651
2025-05-14 13:30:00,246.8817920091362,248.66624800822132,244.83816320882005,247.2207489013672,7462749.195064591
2025-05-15 13:30:00,244.98769441016967,248.22761305445476,243.3228765014042,246.3634185791016,6466358.356545434
2025-05-16 13:30:00,246.7721453776789,246.8419355451596,243.36275575083653,245.65562438964844,3811924.2633602335
2025-05-19 13:30:00,240.65118652431036,245.73537273443324,240.54152712883055,245.24688720703125,4209156.534895008
2025-05-20 13:30:00,243.1135176867126,244.84812573488207,242.1265983724331,244.77833557128903,3124893.325627628
2025-05-21 13:30:00,242.5752087988064,247.80892365768327,239.2754786263762,240.72097778320312,6412390.797920117
2025-05-22 13:30:00,240.28233758840025,242.8543364021903,239.5745484859733,240.06301879882807,5201635.173081409
2025-05-23 13:30:00,234.50032456370857,238.1190693609212,233.86231041874825,236.70347595214844,6597665.614227506
2025-05-27 13:30:00,241.73781065096983,244.92788132948968,239.91348541650612,244.21011352539065,8886465.480425134
2025-05-28 13:30:00,244.5291193572361,245.44627896194245,241.159614245648,241.60821533203125,10772916.901761496
2025-05-29 13:30:00,248.22761251903364,248.43696780094615,241.94715181059803,243.3228759765625,9148478.192875788
2025-05-30 13:30:00,242.4755027532797,242.4755027532797,234.6398836556624,239.0063018798828,11099129.203434965
2025-06-02 13:30:00,238.43807295471265,243.27303467623275,238.21876937396968,242.54530334472656,4734586.357963214
2025-06-03 13:30:00,242.72473843923208,248.39709090573376,241.5982539610696,248.0182647705078,7542095.031796544
2025-06-04 13:30:00,249.79275328833185,251.82641863030344,247.5896018906936,250.96908569335935,7281286.139093394
2025-06-05 13:30:00,252.95291091529063,255.2657064285966,248.9852458145123,250.52047729492188,8079161.3381625535
2025-06-06 13:30:00,252.75352992458156,254.79717400996728,251.85632774634257,251.946044921875,5607092.810511391
2025-06-09 13:30:00,254.2089912607563,259.06387967716825,254.2089912607563,256.16290283203125,10875134.613803806
2025-06-10 13:30:00,257.55856639661573,261.8651732875188,256.6613642334062,261.257080078125,9793378.540176747
2025-06-11 13:30:00,262.78232327627563,264.08825724426777,258.88444838038373,261.0676574707031,12324229.554751704
2025-06-12 13:30:00,259.2532984641596,263.1810791243177,259.2532984641596,262.3337097167969,6803002.73088502
2025-06-13 13:30:00,256.7510705108053,259.7916276974745,255.25572349461444,256.1928100585937,11987384.73806678
2025-06-16 13:30:00,259.15361401004014,264.2278215405099,258.9741796587657,262.5630187988281,7521029.700389311
2025-06-17 13:30:00,261.6259339036176,264.7063453124686,260.54926694304123,260.778564453125,7307366.885460268
2025-06-18 13:30:00,261.9648647208566,264.0882624055083,260.180408717744,261.77545166015625,7390324.519547887
2025-06-20 13:30:00,264.0284566247524,264.19791225770257,256.4221195780357,259.462646484375,11475496.329283029
2025-06-23 13:30:00,259.04395773323904,261.84523874806,256.3224151742909,261.1075439453125,10452523.472435392
2025-06-24 13:30:00,265.1050792415801,270.77743132543424,264.9156661867446,270.6976928710937,9063615.28679891
2025-06-25 13:30:00,272.3724749858838,274.4161037332928,271.60487447190707,274.3463439941406,8506386.742902858
2025-06-26 13:30:00,276.22049560570395,277.0878224559669,274.0971283352243,276.34014892578125,6810124.732830531
2025-06-27 13:30:00,277.3170897493707,279.6299005060358,274.78499062967853,277.5563659667969,8196324.662893224
2025-06-30 13:30:00,278.8323867689284,279.0915595650656,276.2404458471653,278.0149230957031,6395639.181281478
2025-07-01 13:30:00,275.9413580572771,277.1974592900273,271.3157670930492,274.9843444824219,8959090.976359516
2025-07-02 13:30:00,273.9675166157352,281.04549852497047,273.80800928443006,280.3775634765625,8740914.285764042
2025-07-03 13:30:00,281.9427280638259,284.3053716941677,281.4343002972759,282.740234375,4456824.62240006
2025-07-07 13:30:00,280.88600804059047,281.76328320392906,277.68594335301464,278.8922119140625,8643210.692765085
2025-07-08 13:30:00,280.7364525331725,283.8468000850294,279.8293020563269,282.6006774902344,8211972.917226181
2025-07-09 13:30:00,283.84680584862275,286.9471443244268,282.69040040642204,284.53466796875,6831891.872191009
2025-07-10 13:30:00,286.99699062209544,287.2960478641833,283.6773031203515,286.62811279296875,5652734.570597185
2025-07-11 13:30:00,285.581380525724,288.0437198823856,284.6642209499394,286.59820556640625,5694664.665939039
2025-07-14 13:30:00,285.4119076872179,285.6312264813905,280.8660548833804,284.4349670410156,7478999.269105877
2025-07-15 13:30:00,290.76527610277265,292.2905289468035,289.180181384917,289.89794921875,9923281.233946314
2025-07-16 13:30:00,287.6050806682936,288.6717688582333,282.25174313322583,288.3826599121094,10097221.31212735
2025-07-17 13:30:00,289.1502603716148,291.652484153068,287.086704578499,290.8051147460937,7020076.091104913
2025-07-18 13:30:00,292.00142600684444,292.4201061718469,288.4325137734161,289.40948486328125,5539282.301945406
2025-07-21 13:30:00,289.76836353659513,292.6194772971377,289.4991815980437,289.6088562011719,5929292.49211504
2025-07-22 13:30:00,288.8412420190242,288.94093791231654,281.2448834630412,284.4848022460937,11573399.677837305
2025-07-23 13:30:00,284.4150132002157,285.7807891401686,282.1121810437816,285.720947265625,8220097.9957498545
2025-07-24 13:30:00,286.2991638504088,287.3758003975755,284.0362161466618,286.9072570800781,5920966.326315815
2025-07-25 13:30:00,285.34213473330783,287.1465177379114,284.1757506494519,286.59820556640625,4027392.842571543
2025-07-28 13:30:00,288.8811242607944,290.6655803415168,288.3926539371718,290.5060729980469,5689548.527208347
2025-07-29 13:30:00,292.64938090581944,295.80956102165567,290.57584640613186,291.9914245605469,6990384.017401801
2025-07-30 13:30:00,293.8456868205117,296.45755491377344,292.67930268470167,295.3410339355469,7954975.724629782
2025-07-31 13:30:00,293.7858661229293,294.0051849098148,285.16267369264,287.8842163085937,9958992.342975324
2025-08-01 13:30:00,282.0324313753045,286.04992930557245,278.3239694071408,283.0692138671875,14075862.602144204
2025-08-04 13:30:00,285.40195953380737,289.4094788588358,284.32529257173616,289.28985595703125,5339763.525014637
2025-08-05 13:30:00,289.83813529554783,290.4263015064209,283.3283921117915,286.2094421386719,6939826.853313922
2025-08-06 13:30:00,283.9464704089999,286.33905017024483,281.8928627714998,285.7309265136719,6143356.120088038
2025-08-07 13:30:00,291.9216365748172,293.7958097378304,287.7247043892908,290.2169494628906,8094508.9283939805
2025-08-08 13:30:00,291.02443339237567,293.0082811514493,289.7484051361714,292.6194763183594,5137536.505302415
2025-08-11 13:30:00,293.5964407679444,296.168424231084,291.8219635384989,292.4898681640625,5817746.629250646
2025-08-12 13:30:00,294.3740209219143,299.3086478014163,292.2406445845415,299.1690979003906,7616426.102609839
2025-08-13 13:30:00,300.9037194877189,302.0401979271147,297.64387364609496,300.345458984375,8987578.551015472
2025-08-14 13:30:00,297.0756059015608,301.8607041630249,296.3578381200499,300.98345947265625,5845131.560803381
2025-08-15 13:30:00,298.4313935006902,298.4313935006902,293.02822296429304,294.73291015625,9054386.015097836
2025-08-18 13:30:00,294.00519367275,296.2681413508097,293.86561333924726,295.93914794921875,5594854.819891735
2025-08-19 13:30:00,295.939152750882,296.1983559899271,289.7284971133666,289.9677429199219,8217389.593084916
2025-08-20 13:30:00,289.10044218594834,289.10044218594834,280.2778881243114,288.06365966796875,10122398.907012936
2025-08-21 13:30:00,286.8873130100017,288.9708262358045,284.99321284317307,286.5682983398437,6086580.407730555
2025-08-22 13:30:00,286.7377895092313,295.44068997014807,285.65117429108926,292.7291564941406,5828479.682540378
2025-08-25 13:30:00,292.8388147194147,294.8724953468612,291.2138659607094,293.00830078125,4980448.89096222
2025-08-26 13:30:00,293.9054923433098,296.3179686034088,293.7559637194052,295.8294982910156,4982555.60556033
2025-08-27 13:30:00,294.9322808631466,297.1753013743914,293.4668395788835,296.7366638183594,5663768.9830798
2025-08-28 13:30:00,297.17530163172,299.84698098592816,295.0618827269609,297.952880859375,7216385.184547879
2025-08-29 13:30:00,294.6431988998613,294.6431988998613,288.20324571637053,289.3895568847656,13462659.874875523
2025-09-02 13:30:00,282.211870573541,285.7807826957629,280.86605209642283,285.59136962890625,11579619.18499148
2025-09-03 13:30:00,286.46861180016725,287.03685099563177,282.8997301329251,285.54150390625,7272157.80016382
2025-09-04 13:30:00,284.3551819549917,289.30976633941947,283.4180953808245,288.9608459472656,8104439.7969345
2025-09-05 13:30:00,294.1547258697624,294.23446433064976,288.3527717011895,292.3702697753906,9840123.204851076
2025-09-08 13:30:00,294.22449550002494,296.89617488553546,293.88552340189744,295.6001892089844,7245675.959731276
2025-09-09 13:30:00,296.2980337640814,297.06563429511533,294.19456310036543,296.8861999511719,6818149.694188141
2025-09-10 13:30:00,299.65757427721803,301.4420302639164,297.843212566627,299.8968200683594,10253205.165859554
2025-09-11 13:30:00,302.5984387201855,304.6121618030146,302.2295913140998,302.9872131347656,7335153.37313544
2025-09-12 13:30:00,304.11373245754913,304.64208723451054,302.1598206967185,303.37603759765625,5248179.318734304
2025-09-15 13:30:00,302.87757898382705,306.2770050538933,302.07009398081374,306.2171936035156,5406972.047826791
2025-09-16 13:30:00,307.4732664307832,307.71254265672326,304.62215253501654,306.2570495605469,4240754.496064993
2025-09-17 13:30:00,305.5492536715071,306.1972313222798,300.4351617848038,304.3031311035156,9677719.760294562
2025-09-18 13:30:00,312.57738106624697,317.63166163741187,311.6303461432343,315.9867858886719,16386429.379882956
2025-09-19 13:30:00,315.41854447782845,315.5282190858664,312.4577559816124,314.7306823730469,8407680.002559852
2025-09-22 13:30:00,315.2889315341914,322.13764661067665,315.01978001617334,321.170654296875,11654251.04357419
2025-09-23 13:30:00,322.1575805684194,324.3507380456365,319.0273060584967,320.7021179199219,9187499.075200737
2025-09-24 13:30:00,320.4030310755668,320.9612915565117,316.48522899299843,320.1139221191406,8659059.86594395
2025-09-25 13:30:00,315.30889414679046,321.0310792437538,312.62723594660264,320.0640869140625,9622749.244612342
2025-09-26 13:30:00,320.6423124735964,321.4198917576718,317.1531691999144,320.8217468261719,6907526.607403036
2025-09-29 13:30:00,323.6429359759998,325.8161663572115,321.4697055947882,321.6591186523437,5851752.020118166
2025-09-30 13:30:00,321.74883845525466,325.7065248423257,321.4298237848765,325.3476257324219,7483112.4070548415
2025-10-01 13:30:00,323.2740930807438,333.0735873637934,323.10460702896984,332.6549072265625,9942641.741779871
2025-10-02 13:30:00,338.60640455415097,338.9453462496508,335.51601443023293,337.1907958984375,8117780.729089549
2025-10-03 13:30:00,338.3571626806191,339.72290810867474,334.1402730780761,335.6356201171875,7794177.334865233
2025-10-06 13:30:00,344.38838436646853,347.4488686151008,342.3148498535156,342.3148498535156,10295135.21724622
2025-10-07 13:30:00,345.21584504143493,345.59467117994006,335.51601575955146,336.0044860839844,9394842.037566092
2025-10-08 13:30:00,335.6854967105661,345.38529542191134,335.3764607439447,344.9965209960937,7865899.501240442
2025-10-09 13:30:00,344.9666025573525,346.02331203451604,341.33787912791274,344.13916015625,5582817.737367994
2025-10-10 13:30:00,344.8968223515825,345.415198389506,323.82238280195,324.330810546875,18863011.96861364
2025-10-13 13:30:00,336.4331583794127,340.0319456675249,333.9608403108329,338.69610595703125,11796793.289695788
2025-10-14 13:30:00,332.0268775404862,338.00826611865807,329.22559632354233,332.46551513671875,7319404.086163042
2025-10-15 13:30:00,341.0388327962946,342.01577342553435,334.4692782242143,340.7198181152344,8309575.79617629
2025-10-16 13:30:00,345.0961997669742,346.013328905347,338.75591256195247,342.2350769042969,9075652.524143375
2025-10-17 13:30:00,340.16154929129493,343.8600324889448,337.09111672441674,341.7665405273437,8422426.056732178
2025-10-20 13:30:00,344.92672749029794,348.96415244927005,344.58778580189534,346.1429443359375,6456929.030130452
2025-10-21 13:30:00,345.9834321257124,346.0233165658201,342.09553584533745,344.2288818359375,4405465.567854158
2025-10-22 13:30:00,341.79644758237896,343.790243663493,331.3689025965685,337.5496826171875,8039137.077169991
2025-10-23 13:30:00,336.0044782828502,344.8370108967276,335.68549402570216,343.7304382324219,6442584.523462317
2025-10-24 13:30:00,349.49252084515825,351.8452161698542,348.73489898035405,350.0508117675781,5666878.11617053
2025-10-27 13:30:00,356.5605387082786,359.4814426914663,355.1050456516838,358.823486328125,6684133.853141472
2025-10-28 13:30:00,358.4944993429237,363.538831552039,357.34807265022624,361.983642578125,5101825.519918256
2025-10-29 13:30:00,367.93512656211686,371.6236615930155,364.6852595390911,367.4665832519531,8127811.897556254
2025-10-30 13:30:00,366.2902502071812,368.7127052134575,362.42228083162576,362.6017456054688,6954271.670574346
2025-10-31 13:30:00,365.7419632098511,367.2871430256133,359.3817487526101,361.8939208984375,4933202.523927904
2025-11-03 14:30:00,366.5494502515679,368.32392758211137,363.5587560704556,364.9643859863281,4484410.370241103
2025-11-04 14:30:00,356.8695806056175,360.6677598031026,350.7087274365522,351.665771484375,8294729.704399332
2025-11-05 14:30:00,352.0047155962881,363.15002874888336,351.62588946095127,358.3848571777344,8632176.382568993
2025-11-06 14:30:00,358.47457979243165,359.03284028784617,347.6283237279527,350.0009460449219,9630372.568791011
2025-11-07 14:30:00,345.4650755234893,347.0999725848808,335.63564445376073,347.0401611328125,14769012.02263984
2025-11-10 14:30:00,356.44088870794985,358.88330112085475,352.85208003507285,357.67706298828125,9209266.604708968
2025-11-11 14:30:00,354.1480436845172,354.9356016878335,348.65512551652654,349.9610595703125,7685038.357643724
2025-11-12 14:30:00,355.0950896055995,356.3711178640301,351.8451923002426,354.4271545410156,5888967.414295787
2025-11-13 14:30:00,350.5392700907441,351.78539266711374,340.1914633489045,343.7503967285156,10687953.378391877
2025-11-14 14:30:00,334.2001040797137,347.8277142795766,332.71473566928705,343.909912109375,12309382.666089283
2025-11-17 14:30:00,340.8793121249356,347.2594533820593,336.0044661936648,339.244384765625,6942836.525175507
2025-11-18 14:30:00,334.70852527188515,336.74220584258615,328.099086234293,332.25616455078125,12973342.46706964
2025-11-19 14:30:00,333.77144200671535,341.99585112422835,332.4256235210848,338.3870849609375,9872925.074592352
2025-11-20 14:30:00,347.7778290274125,348.69498859287853,322.685922873917,324.091552734375,14732399.593129156
2025-11-21 14:30:00,323.99187798059404,330.5913384428708,314.0727298547913,325.1183776855469,17352526.04183103
2025-11-24 14:30:00,327.97945102914935,339.51356850817825,327.8099649784019,338.06805419921875,10684041.603839893
2025-11-25 14:30:00,333.6917016768302,339.663111376386,326.334589057999,338.955322265625,12090202.972209675
2025-11-26 14:30:00,343.18214999419416,349.2133709621815,342.36468630055185,346.63140869140625,5550517.487673019
2025-11-28 14:30:00,348.08691742073904,351.47636482218815,346.6314243134146,351.187255859375,3363132.153008106
2025-12-01 14:30:00,347.7679062579651,353.90880216919373,346.9803482451042,351.8651428222656,3914141.2974612047
2025-12-02 14:30:00,354.7461817971649,359.6708606621352,353.0514429209276,358.3150634765625,6678616.648201881
2025-12-03 14:30:00,358.58424912835983,363.44908617072286,355.12501159715794,363.23974609375,4657146.126002299
2025-12-04 14:30:00,362.1331868945121,363.23972910109,358.48453646624057,360.4783325195313,3984158.754296634
2025-12-05 14:30:00,363.3294658351202,367.43668105837344,362.412336638058,363.2896118164063,3630461.399662004
2025-12-08 14:30:00,366.9581829244108,369.5700509807335,364.60548767678,367.4067687988281,4347786.561781383
2025-12-09 14:30:00,365.9014655549589,368.4136376664961,364.2167054315232,367.8553771972656,3183174.074881252
2025-12-10 14:30:00,367.7656717625895,374.42494358875547,365.79180262579257,372.9395751953125,5670890.6889203405
2025-12-11 14:30:00,368.6329598149789,370.0684954412128,360.55807952314217,369.7395324707031,7523236.701994326
2025-12-12 14:30:00,365.8516189116177,366.4198581222396,351.7854015186268,353.02154541015625,12745435.241726829
2025-12-15 14:30:00,357.0191163097522,358.0858045629817,351.09753924668934,351.8053283691406,5623242.817144443
2025-12-16 14:30:00,350.4794497135967,353.2907094757784,347.22955238187257,350.8482971191406,5867400.466764209
2025-12-17 14:30:00,351.79536576026305,351.79536576026305,337.0113507136768,338.18768310546875,10813944.367045809
2025-12-18 14:30:00,349.75171194950224,350.9978345253212,344.75724293028736,346.1728515625,8285902.366558433
2025-12-19 14:30:00,349.2233502128212,357.4178533245038,349.2233502128212,355.125,8866202.5993801
2025-12-22 14:30:00,362.4100036621094,362.4800109863281,357.7699890136719,359.70001220703125,4799500.0
2025-12-23 14:30:00,358.6000061035156,363.2999877929688,358.0599975585937,363.1600036621094,3542100.0
2025-12-24 14:30:00,362.7000122070313,364.5400085449219,362.1499938964844,364.1700134277344,1640500.0
2025-12-26 14:30:00,366.0700073242188,367.3500061035156,364.489990234375,365.8599853515625,2921300.0
2025-12-29 14:30:00,362.6600036621094,365.8200073242188,360.8200073242188,364.2099914550781,4874400.0
2025-12-30 14:30:00,365.1600036621094,366.239990234375,363.0700073242188,363.30999755859375,2927000.0
2025-12-31 14:30:00,364.8299865722656,365.5700073242188,360.07000732421875,360.1300048828125,2687300.0
2026-01-02 14:30:00,368.9500122070313,376.3399963378906,368.8399963378906,373.2999877929688,8972400.0
2026-01-05 14:30:00,381.7200012207031,383.989990234375,376.9400024414063,377.5899963378906,9071300.0
2026-01-06 14:30:00,382.3999938964844,389.3699951171875,382.1400146484375,387.6199951171875,10201200.0
2026-01-07 14:30:00,385.2000122070313,387.80999755859375,383.5899963378906,385.0199890136719,6058900.0
2026-01-08 14:30:00,384.55999755859375,384.739990234375,375.8599853515625,378.9800109863281,5724000.0
2026-01-09 14:30:00,382.2799987792969,390.8800048828125,380.0799865722656,389.2200012207031,6490800.0
2026-01-12 14:30:00,385.6700134277344,391.9800109863281,385.6700134277344,390.6600036621094,5532000.0
2026-01-13 14:30:00,392.2699890136719,396.1000061035156,390.3800048828125,391.5299987792969,5281600.0
2026-01-14 14:30:00,388.9599914550781,389.3399963378906,383.80999755859375,388.3500061035156,6696500.0
2026-01-15 14:30:00,401.0700073242188,403.6199951171875,396.1199951171875,396.4100036621094,9948100.0
2026-01-16 14:30:00,402.8500061035156,405.30999755859375,398.4200134277344,400.3900146484375,5485900.0
2026-01-20 14:30:00,393.1600036621094,397.1600036621094,389.4299926757813,390.3900146484375,7158500.0
2026-01-21 14:30:00,394.75,405.8800048828125,393.3699951171875,401.9299926757813,8754600.0
2026-01-22 14:30:00,408.1799926757813,408.7300109863281,401.5700073242188,402.8200073242188,5462600.0
2026-01-23 14:30:00,400.5,403.0899963378906,397.5299987792969,400.0899963378906,5869500.0
2026-01-26 14:30:00,398.3999938964844,400.739990234375,396.2200012207031,398.8200073242188,4326900.0
2026-01-27 14:30:00,403.8999938964844,409.3900146484375,402.2099914550781,407.25,6145600.0
2026-01-28 14:30:00,415.3399963378906,418.489990234375,413.1300048828125,416.6300048828125,7641900.0
2026-01-29 14:30:00,417.4400024414063,420.6000061035156,403.1700134277344,417.5199890136719,9352500.0
2026-01-30 14:30:00,411.2799987792969,416.6400146484375,400.5799865722656,403.4599914550781,9029000.0
2026-02-02 14:30:00,398.8599853515625,412.0400085449219,398.4299926757813,407.9700012207031,5946300.0
2026-02-03 14:30:00,411.0299987792969,412.5799865722656,390.5199890136719,397.6799926757813,12188600.0
2026-02-04 14:30:00,394.6700134277344,396.7099914550781,374.239990234375,382.0199890136719,16908500.0
2026-02-05 14:30:00,379.1400146484375,388.0799865722656,375.55999755859375,381.0700073242188,12007800.0
2026-02-06 14:30:00,389.2000122070313,403.0799865722656,387.1900024414063,401.6499938964844,13460300.0
2026-02-09 14:30:00,398.9100036621094,409.6900024414063,397.0,406.6499938964844,5915200.0
2026-02-10 14:30:00,408.1799926757813,408.7999877929688,401.8299865722656,404.760009765625,5645300.0
2026-02-11 14:30:00,413.8399963378906,418.0799865722656,406.3599853515625,414.7799987792969,6211200.0
2026-02-12 14:30:00,418.3299865722656,420.0400085449219,405.2799987792969,406.1099853515625,7379100.0
2026-02-13 14:30:00,408.1499938964844,412.0700073242188,402.489990234375,407.7200012207031,6481600.0
2026-02-17 14:30:00,402.7099914550781,410.8699951171875,397.7699890136719,407.510009765625,7312700.0
2026-02-18 14:30:00,411.4400024414063,417.0400085449219,408.7200012207031,412.5499877929688,5839900.0
2026-02-19 14:30:00,408.7099914550781,411.0,405.55999755859375,410.2000122070313,4056400.0
2026-02-20 14:30:00,407.6600036621094,416.8299865722656,407.1799926757813,415.0299987792969,5715800.0
2026-02-23 14:30:00,413.5700073242188,417.7000122070313,409.2799987792969,412.8800048828125,5842800.0
2026-02-24 14:30:00,417.2200012207031,421.6700134277344,411.6700134277344,419.1600036621094,7828900.0
2026-02-25 14:30:00,424.3500061035156,427.9400024414063,423.6799926757813,426.1600036621094,7714500.0
2026-02-26 14:30:00,423.7200012207031,423.7200012207031,405.55999755859375,412.010009765625,14811300.0
2026-02-27 14:30:00,403.260009765625,409.239990234375,401.8800048828125,406.3699951171875,9049100.0
2026-03-02 14:30:00,397.25,407.3599853515625,396.9200134277344,406.3900146484375,11490200.0
2026-03-03 14:30:00,391.3599853515625,394.5400085449219,385.9299926757813,391.05999755859375,13768900.0
2026-03-04 14:30:00,396.25,401.2300109863281,393.1000061035156,399.1000061035156,8767200.0
2026-03-05 14:30:00,396.05999755859375,401.1099853515625,386.75,395.3500061035156,11793700.0
2026-03-06 14:30:00,384.9700012207031,392.6700134277344,378.5299987792969,380.55999755859375,12423200.0
2026-03-09 13:30:00,375.760009765625,395.3599853515625,374.1600036621094,394.3699951171875,16338100.0
2026-03-10 13:30:00,394.0,403.8800048828125,394.0,397.3299865722656,13687700.0
2026-03-11 13:30:00,400.010009765625,404.3900146484375,398.6900024414063,401.0299987792969,6024900.0
2026-03-12 13:30:00,395.4599914550781,396.05999755859375,386.739990234375,388.1300048828125,9845200.0
2026-03-13 13:30:00,392.3200073242188,396.3299865722656,386.0700073242188,387.3299865722656,7636100.0
2026-03-16 13:30:00,395.1400146484375,399.4800109863281,392.6400146484375,393.9200134277344,10317600.0
2026-03-17 13:30:00,397.1600036621094,397.6099853515625,393.2200012207031,396.8800048828125,6646300.0
2026-03-18 13:30:00,396.9599914550781,399.6900024414063,393.4700012207031,393.6700134277344,8372400.0
2026-03-19 13:30:00,384.0,397.5299987792969,381.4400024414063,394.9200134277344,12674800.0
2026-03-20 13:30:00,394.1099853515625,395.7300109863281,380.8699951171875,384.739990234375,12846800.0
2026-03-23 13:30:00,393.3599853515625,399.2799987792969,389.4400024414063,391.3599853515625,12742300.0
2026-03-24 13:30:00,388.0299987792969,396.8800048828125,387.6199951171875,394.5899963378906,6177200.0
2026-03-25 13:30:00,398.3599853515625,402.5,395.739990234375,399.0199890136719,7388700.0
2026-03-26 13:30:00,391.9200134277344,392.6799926757813,380.2999877929688,380.8399963378906,14806200.0
2026-03-27 13:30:00,377.7900085449219,381.30999755859375,373.010009765625,374.25,11811400.0
2026-03-30 13:30:00,377.6199951171875,379.239990234375,359.8599853515625,362.5299987792969,12198200.0
2026-03-31 13:30:00,368.739990234375,383.5,368.1000061035156,383.3999938964844,13834900.0
2026-04-01 13:30:00,388.260009765625,396.6300048828125,386.3800048828125,391.9700012207031,10805400.0
2026-04-02 13:30:00,378.0700073242188,393.5,378.0,392.3200073242188,8505800.0
2026-04-06 13:30:00,393.75,397.1000061035156,391.8999938964844,395.9800109863281,4186100.0
2026-04-07 13:30:00,394.7099914550781,400.0899963378906,389.6400146484375,399.8999938964844,6672500.0
2026-04-08 13:30:00,423.1600036621094,424.989990234375,414.989990234375,422.9200134277344,10184300.0
2026-04-09 13:30:00,423.1700134277344,430.6499938964844,422.6300048828125,430.30999755859375,6018200.0
2026-04-10 13:30:00,434.4500122070313,441.5400085449219,434.4500122070313,436.8800048828125,11224200.0
2026-04-13 13:30:00,434.75,443.6400146484375,433.6000061035156,443.3399963378906,6549800.0
2026-04-14 13:30:00,448.0,452.1000061035156,444.239990234375,452.0,6932400.0
2026-04-15 13:30:00,450.7000122070313,453.3299865722656,435.1499938964844,453.0,9155700.0
2026-04-16 13:30:00,450.7300109863281,457.0899963378906,447.7699890136719,454.7999877929688,6450700.0
2026-04-17 13:30:00,462.7999877929688,464.5799865722656,459.5,464.1600036621094,7184600.0
2026-04-20 13:30:00,464.6400146484375,465.739990234375,458.6499938964844,463.9599914550781,3935100.0
2026-04-21 13:30:00,466.2900085449219,468.4299926757813,462.239990234375,464.6600036621094,5598600.0
2026-04-22 13:30:00,471.0499877929688,477.4200134277344,467.1700134277344,476.8299865722656,7835200.0
2026-04-23 13:30:00,480.3999938964844,488.0799865722656,475.1900024414063,481.8500061035156,10619700.0
2026-04-24 13:30:00,499.510009765625,509.5899963378906,495.4599914550781,506.4400024414063,12614300.0
2026-04-27 13:30:00,509.1900024414063,510.1000061035156,497.75,506.260009765625,9040200.0
2026-04-28 13:30:00,488.1900024414063,496.6600036621094,483.2900085449219,491.2099914550781,12664800.0
2026-04-29 13:30:00,496.3500061035156,499.5799865722656,492.3399963378906,499.5799865722656,6007900.0
2026-04-30 13:30:00,504.7099914550781,507.7900085449219,495.0199890136719,506.7200012207031,8401600.0
2026-05-01 13:30:00,504.2099914550781,511.989990234375,502.25,509.8200073242188,5308300.0
2026-05-04 13:30:00,512.469970703125,513.1500244140625,501.1499938964844,506.7900085449219,6867500.0
2026-05-05 13:30:00,515.3800048828125,526.2000122070312,514.1199951171875,522.6900024414062,8624600.0
2026-05-06 13:30:00,537.77001953125,549.8800048828125,532.3499755859375,549.760009765625,15262900.0
2026-05-07 13:30:00,545.77001953125,549.7000122070312,535.9199829101562,540.0999755859375,10905200.0
2026-05-08 13:30:00,551.5800170898438,566.7899780273438,549.0,566.5399780273438,8553700.0
2026-05-11 13:30:00,570.260009765625,578.0599975585938,566.7999877929688,576.3099975585938,12680900.0
2026-05-12 13:30:00,565.010009765625,570.4000244140625,542.6699829101562,561.25,17720800.0
2026-05-13 13:30:00,571.7999877929688,576.2000122070312,560.1199951171875,572.4600219726562,9586700.0
2026-05-14 13:30:00,570.8400268554688,581.1699829101562,567.75,578.3400268554688,8458700.0
2026-05-15 13:30:00,560.3099975585938,565.8800048828125,552.9099731445312,556.3400268554688,13009600.0
2026-05-18 13:30:00,565.47998046875,567.2100219726562,536.8699951171875,546.1599731445312,12317500.0
2026-05-19 13:30:00,534.9400024414062,553.3400268554688,527.8699951171875,543.9600219726562,11905800.0
2026-05-20 13:30:00,552.75,564.719970703125,551.6500244140625,564.6599731445312,8892200.0
2026-05-21 13:30:00,561.02001953125,570.5999755859375,557.6199951171875,567.8800048828125,8293800.0
2026-05-22 13:30:00,574.27001953125,582.5,572.8599853515625,576.3200073242188,7535000.0
2026-05-26 13:30:00,591.5800170898438,603.969970703125,589.0999755859375,602.1400146484375,10008500.0
2026-05-27 13:30:00,611.9400024414062,612.2999877929688,584.9299926757812,595.5,11209000.0
2026-05-28 13:30:00,595.8099975585938,604.739990234375,587.3099975585938,599.8300170898438,7625000.0
2026-05-29 13:30:00,606.030029296875,611.7899780273438,597.1199951171875,598.9299926757812,7596100.0
2026-06-01 13:30:00,596.0999755859375,613.4299926757812,593.0900268554688,607.8099975585938,8649000.0
2026-06-02 13:30:00,619.5999755859375,632.5700073242188,614.469970703125,632.2100219726562,8083500.0
2026-06-03 13:30:00,640.7999877929688,642.77001953125,623.9099731445312,637.9000244140625,10179900.0
2026-06-04 13:30:00,613.0,634.780029296875,604.6099853515625,627.530029296875,10462900.0
2026-06-05 13:30:00,605.0900268554688,607.0,569.6900024414062,569.6900024414062,22038000.0
2026-06-08 13:30:00,597.2100219726562,606.2000122070312,588.5399780273438,598.1599731445312,13823900.0
2026-06-09 13:30:00,609.47998046875,613.6900024414062,554.6599731445312,591.010009765625,20329700.0
2026-06-10 13:30:00,580.760009765625,598.72998046875,568.2899780273438,570.9099731445312,12711400.0
2026-06-11 13:30:00,582.6099853515625,611.6199951171875,581.6099853515625,609.4500122070312,12196800.0
2026-06-12 13:30:00,607.9500122070312,624.6199951171875,602.2100219726562,619.9600219726562,8963300.0
2026-06-15 13:30:00,643.5,649.239990234375,639.25,647.0999755859375,9613900.0
2026-06-16 13:30:00,643.52001953125,648.3099975585938,616.0,616.0,10949600.0
2026-06-17 13:30:00,633.4600219726562,643.5,623.1300048828125,623.969970703125,10658800.0
2026-06-18 13:30:00,648.5499877929688,663.7999877929688,648.1500244140625,659.8800048828125,11229700.0
2026-06-22 13:30:00,670.3499755859375,671.8300170898438,660.02001953125,668.9099731445312,8043000.0
2026-06-23 13:30:00,625.9299926757812,636.8800048828125,617.27001953125,622.0499877929688,19126000.0
2026-06-24 13:30:00,622.280029296875,625.22998046875,606.22998046875,618.9199829101562,11902000.0
2026-06-25 13:30:00,649.3699951171875,650.030029296875,613.9299926757812,636.8800048828125,14877600.0
2026-06-26 13:30:00,616.7899780273438,621.7100219726562,609.0,611.6099853515625,12728300.0
2026-06-29 13:30:00,615.030029296875,633.260009765625,596.1699829101562,631.97998046875,10473900.0
2026-06-30 13:30:00,636.0700073242188,659.739990234375,634.5999755859375,655.8900146484375,9406900.0
2026-07-01 13:30:00,634.3499755859375,639.8900146484375,618.6199951171875,620.4600219726562,13424700.0
2026-07-02 13:30:00,622.5800170898438,627.7000122070312,582.5999755859375,592.2899780273438,21288600.0
2026-07-06 13:30:00,607.0499877929688,618.2100219726562,604.0499877929688,604.2999877929688,9820700.0
2026-07-07 13:30:00,580.02001953125,585.969970703125,566.8300170898438,581.4500122070312,14619200.0
2026-07-08 13:30:00,575.3300170898438,595.0,575.0399780273438,593.0,9521300.0
2026-07-09 13:30:00,615.47998046875,618.1699829101562,604.7000122070312,607.72998046875,9045100.0
2026-07-10 13:30:00,600.8699951171875,615.0499877929688,595.8400268554688,611.030029296875,6608400.0
2026-07-13 13:30:00,598.010009765625,599.3599853515625,583.0900268554688,585.6199951171875,8736500.0
2026-07-14 13:30:00,608.9000244140625,608.9000244140625,590.3800048828125,600.3099975585938,7581100.0
2026-07-15 13:30:00,606.8800048828125,606.8800048828125,573.719970703125,590.77001953125,11020800.0
2026-07-16 13:30:00,575.75,581.8400268554688,564.4500122070312,568.9199829101562,12353300.0
2026-07-17 13:30:00,547.9400024414062,567.4099731445312,536.8099975585938,556.530029296875,22083900.0
2026-07-20 13:30:00,568.780029296875,572.77001953125,557.239990234375,558.8300170898438,6962600.0
