Date,Open,High,Low,Close,Volume
2001-07-13 13:30:00,19.789298583281283,20.14238589844035,19.31851549640253,19.88509750366211,734716.805093042
2001-07-16 13:30:00,19.529278880196173,19.58402180953564,18.73278045654297,18.73278045654297,219209.31820930925
2001-07-17 13:30:00,18.598660800300884,19.50190734863281,18.5849754601092,19.50190734863281,349638.87778279395
2001-07-18 13:30:00,18.913426562872093,19.053019212495915,18.6944580078125,18.6944580078125,367541.0070929511
2001-07-19 13:30:00,19.81666722929049,19.898780804960204,19.48821449279785,19.48821449279785,493221.1776789033
2001-07-20 13:30:00,19.091328294002512,19.40609560949125,19.091328294002512,19.392410278320312,438418.9445125938
2001-07-23 13:30:00,19.501900997776563,19.501900997776563,18.803937911987305,18.803937911987305,237842.19807745036
2001-07-24 13:30:00,18.694461894881652,18.694461894881652,18.283895377230703,18.29758071899414,183039.76766047455
2001-07-25 13:30:00,18.229149974836904,18.57128814174546,17.96912384033203,17.96912384033203,218113.30435762845
2001-07-26 13:30:00,18.762880290958336,19.83035204833672,18.694452051982644,19.638755798339844,343062.7391766647
2001-07-27 13:30:00,19.844039563577773,20.309347217700143,19.844039563577773,20.093114852905277,147966.35257090008
2001-07-30 13:30:00,20.19712742742925,20.40241060637188,20.06027249686296,20.227235794067383,9499.073475206784
2001-07-31 13:30:00,20.63780215195263,20.63780215195263,20.227235794067383,20.227235794067383,185231.9327665323
2001-08-01 13:30:00,21.007311926429637,21.54104946983585,21.007311926429637,21.281024932861328,34708.15144335779
2001-08-02 13:30:00,21.81475702613586,21.88318369937452,21.664215212638496,21.69158744812012,78915.38996357837
2001-08-03 13:30:00,21.691592121281303,21.691592121281303,21.281025728653727,21.417879104614254,11691.166364788318
2001-08-06 13:30:00,20.952571542416266,21.11679872735912,20.911515529273807,21.03468513488769,26670.473039515942
2001-08-07 13:30:00,20.69254765014473,20.708969116210938,20.528320459990184,20.708969116210938,22651.63391745992
2001-08-08 13:30:00,20.621383578107803,20.952574116512334,20.47357940673828,20.47357940673828,23016.9807543321
2001-08-09 13:30:00,19.70718100636276,19.912464141845703,19.70718100636276,19.912464141845703,3653.49057162228
2001-08-10 13:30:00,19.871409720744424,19.98089239777269,19.871409720744424,19.953521728515625,15344.659181110888
2001-08-13 13:30:00,20.39146423884707,20.473577835103065,20.28198153208785,20.43252182006836,29593.263241554792
2001-08-14 13:30:00,20.58306717029054,20.58306717029054,20.51463890075684,20.51463890075684,5114.884135944703
2001-08-15 13:30:00,20.186181027799183,20.186181027799183,19.712661743164062,19.712661743164062,7672.327508400489
2001-08-16 13:30:00,19.15976228154912,19.460845947265625,18.96816600565389,19.460845947265625,16440.704128005167
2001-08-17 13:30:00,19.159755723884444,19.159755723884444,18.776561737060547,18.776561737060547,1826.7455283378465
2001-08-20 13:30:00,18.88605455325096,19.009224161013115,18.762884945488803,18.981853485107425,39823.0343918252
2001-08-21 13:30:00,18.968160622959008,18.968160622959008,18.50285148620605,18.50285148620605,5114.8871801907935
2001-08-22 13:30:00,18.66434788966217,19.077651977539062,18.475487724364537,19.077651977539062,10229.770538114475
2001-08-23 13:30:00,19.189873501235954,19.43073888377593,19.1406044074402,19.173450469970703,3653.4895612097
2001-08-24 13:30:00,19.507373521144643,20.104063829852212,19.43347302632895,20.00005340576172,1461.3960915479122
2001-08-27 13:30:00,20.11775610617758,20.63506914549999,20.11775610617758,20.446208953857425,14979.304769852744
2001-08-28 13:30:00,20.07670269583161,20.15881474377924,19.96721839904785,19.96721839904785,3653.488493608441
2001-08-29 13:30:00,20.063015430424187,20.063015430424187,19.26925468444824,19.26925468444824,1096.0465676344568
2001-08-30 13:30:00,18.51655067622208,18.74920463562012,18.47549464792375,18.74920463562012,4384.185730534834
2001-08-31 13:30:00,18.612340414975037,19.01743133774513,18.612340414975037,18.842256546020508,7306.980454750991
2001-09-04 13:30:00,18.77656539293136,19.01469459661049,18.338626861572266,18.338626861572266,4018.8393798593447
2001-09-05 13:30:00,18.26746349006447,18.26746349006447,17.681720859766855,17.70909309387207,27401.1784485493
2001-09-06 13:30:00,17.517499558916146,17.791212594087458,16.805852558691786,16.88796615600586,964521.1598889471
2001-09-07 13:30:00,16.737418013097457,17.42990715870767,16.737418013097457,17.01112937927246,12056.519027202412
2001-09-10 13:30:00,16.926284570420922,17.172625363717078,16.926284570420922,16.994712829589844,4749.535988500273
2001-09-17 13:30:00,15.601524062928709,16.088728695027626,15.437296867370604,15.437296867370604,29958.611614784764
2001-09-18 13:30:00,15.396243018564668,15.524888038635254,15.193695906710026,15.524888038635254,1461.3954828375777
2001-09-19 13:30:00,14.060530689245304,14.219284057617188,13.056011519005748,14.219284057617188,48956.757102615695
2001-09-20 13:30:00,13.589742306504922,14.01399545734278,13.30234718322754,13.30234718322754,62109.342624257966
2001-09-21 13:30:00,12.426472644494062,13.220234537294091,12.426472644494062,12.659127235412598,13883.263858216067
2001-09-24 13:30:00,13.411833635380788,13.918200492858888,13.411833635380788,13.918200492858888,34708.1522493967
2001-09-25 13:30:00,14.150855040096564,14.150855040096564,13.548690795898438,13.548690795898438,15710.004989148883
2001-09-26 13:30:00,13.877140404128912,13.877140404128912,13.138121389222375,13.165492057800291,11691.169189988075
2001-09-27 13:30:00,12.590705071782692,12.768617630004885,12.286885971853396,12.768617630004885,4384.186472551148
2001-09-28 13:30:00,13.069695986404032,13.274979948429774,12.837041351503649,13.12443733215332,17536.751032010678
2001-10-01 13:30:00,12.919152463342908,12.919152463342908,12.686498641967772,12.686498641967772,6210.933469585781
2001-10-02 13:30:00,12.932839782781082,12.932839782781082,12.453845977783203,12.453845977783203,15710.00672802808
2001-10-03 13:30:00,12.316987795685428,13.781340371522877,12.289617129344611,13.644485473632812,15710.009883080502
2001-10-04 13:30:00,13.95925192515672,14.76396136613408,13.65816991647624,14.438244819641112,27766.530905677344
2001-10-05 13:30:00,14.23297135934123,14.616167187853623,13.658179182759586,14.525843620300291,28862.55859668261
2001-10-08 13:30:00,14.232967152875217,15.245699357288457,14.205596477838409,15.108842849731444,59917.22795950456
2001-10-09 13:30:00,14.753018085524143,14.753018085524143,14.38350774009542,14.424565315246582,27035.824736287053
2001-10-10 13:30:00,14.397200235039977,15.245705604553224,14.301402833156043,15.245705604553224,34342.78731870158
2001-10-11 13:30:00,15.81775489749812,16.64983695239173,15.81775489749812,16.59783172607422,75627.22698253422
2001-10-12 13:30:00,16.203692803751935,16.436346756130572,15.82049695311392,16.31317710876465,32150.69632727423
2001-10-15 13:30:00,16.19000549443311,16.19000549443311,15.864288747725556,15.971036911010742,9499.070523488424
2001-10-16 13:30:00,16.23106256777631,16.463716506958008,16.01209397017154,16.463716506958008,8037.674537743249
2001-10-17 13:30:00,16.874277689173297,16.915335267122757,15.793120384216309,15.793120384216309,18267.44790111428
2001-10-18 13:30:00,15.396237152668716,15.505721401341946,15.026726834530177,15.218324661254885,16075.356435848316
2001-10-19 13:30:00,14.903558517950122,15.338759422302246,14.903558517950122,15.338759422302246,8403.0265132333
2001-10-22 13:30:00,15.204642851807884,16.09420394897461,15.204642851807884,16.09420394897461,28131.86723912473
2001-10-23 13:30:00,16.258422059058226,16.493813530992767,15.98744841028012,16.025768280029297,5480.23641181902
2001-10-24 13:30:00,16.477396223006107,16.666256360237053,16.400756464201113,16.529399871826172,20459.544116740897
2001-10-25 13:30:00,16.176321183842013,17.243793487548828,15.97103792803786,17.243793487548828,12421.860662775089
2001-10-26 13:30:00,17.353268641463334,17.39432464451383,17.079557255901676,17.30947494506836,27401.17766648485
2001-10-29 14:30:00,16.764791454454603,16.764791454454603,16.354225158691406,16.354225158691406,9133.725877398616
2001-10-30 14:30:00,15.752059063760845,15.752059063760845,15.33601895856683,15.36886501312256,20459.54651019709
2001-10-31 14:30:00,15.96008544453173,16.460976987230875,15.935452461242674,15.935452461242676,9864.420783034451
2001-11-01 14:30:00,16.244738571725374,16.95365076094177,16.244738571725374,16.91533088684082,4399898.64083067
2001-11-02 14:30:00,17.230099230483315,17.241048437779565,16.83595439298267,17.079557418823242,2576076.0251119896
2001-11-05 14:30:00,17.695404510528025,17.76109504699707,17.599605615737428,17.76109504699707,2557.443565130275
2001-11-06 14:30:00,17.408010392556832,18.297569595913444,17.408010392556832,18.25651359558105,16440.70768834407
2001-11-07 14:30:00,18.114189840020156,18.58771069209071,18.081345341148776,18.387901306152344,175367.4854437856
2001-11-08 14:30:00,18.612343410632647,19.02838204175388,17.873322681366258,17.889745712280273,763944.6835872609
2001-11-09 14:30:00,18.070400851609545,18.229154263886223,17.862379895061405,18.034818649291992,253186.7409646448
2001-11-12 14:30:00,17.68172169019413,18.48916896121925,17.654351020989523,18.38515853881836,93529.3513784145
2001-11-13 14:30:00,19.077641846590943,19.269239604145056,18.864147247207377,19.2008113861084,23016.995933644957
2001-11-14 14:30:00,19.707181889960108,19.707181889960108,18.85867864290312,19.296615600585938,74165.85527860872
2001-11-15 14:30:00,19.20081944204193,19.365045041572795,18.927108021242056,19.10502052307129,244053.12432954597
2001-11-16 14:30:00,19.22819188973349,19.26924789851649,18.886052218463195,19.036592483520508,29958.616732345377
2001-11-19 14:30:00,19.2336696148034,19.250092649461784,18.68077435492317,18.95722198486328,29593.259331581587
2001-11-20 14:30:00,18.708139171483545,18.749195179074423,17.881532669067383,17.881532669067383,35438.852529468306
2001-11-21 14:30:00,17.8048939987467,18.105976104736328,17.66530137173163,18.105976104736328,51514.20516255255
2001-11-23 14:30:00,18.10597506100054,18.450850851028463,18.10597506100054,18.407058715820312,16075.35572917746
2001-11-26 14:30:00,18.667088128001296,19.159766614854234,18.667088128001296,19.14881896972656,11325.815837767155
2001-11-27 14:30:00,18.721829637356333,19.622340019322216,18.604135403442232,19.167978286743164,52975.58978066759
2001-11-28 14:30:00,18.89973255427088,18.89973255427088,18.31399154663086,18.31399154663086,22651.643034654106
2001-11-29 14:30:00,18.420746843209105,18.84226249348539,18.24283586807345,18.814891815185547,23382.330074686583
2001-11-30 14:30:00,18.58496550637764,18.64791835078045,18.344100202395737,18.56854248046875,61378.644646924826
2001-12-03 14:30:00,18.3660071931396,18.593187289748077,18.24283756315897,18.324951171875,12787.210571433803
2001-12-04 14:30:00,18.626020090191385,19.228185653686523,18.626020090191385,19.228185653686523,17536.756945442597
2001-12-05 14:30:00,19.77562393380922,20.911526345873693,19.77562393380922,20.760984420776367,40188.363244488726
2001-12-06 14:30:00,20.624116897583008,20.886879117085343,20.40788450891773,20.624116897583008,34708.15294437415
2001-12-07 14:30:00,20.473574796074203,20.473574796074203,19.70718499921396,19.88509750366211,23382.334920912326
2001-12-10 14:30:00,19.81666939242688,19.81666939242688,19.425263759368136,19.460845947265625,160753.55147382832
2001-12-11 14:30:00,19.816675107632776,20.063014366390657,19.65518558554864,19.66887092590332,37265.58527593607
2001-12-12 14:30:00,19.88510256195956,19.96174077804735,19.50190678296036,19.611391067504883,5845.582243250522
2001-12-13 14:30:00,19.365052056089706,19.365052056089706,18.68351173400879,18.68351173400879,44572.56045378198
2001-12-14 14:30:00,18.81762656285071,19.20355839148038,18.680770060408413,19.06670188903809,92433.28805055958
2001-12-17 14:30:00,19.332198855644023,19.58401340338148,19.293880544359524,19.48821449279785,38361.64715280358
2001-12-18 14:30:00,19.677074108627533,19.677074108627533,19.47452865127264,19.638755798339844,54802.35450106464
2001-12-19 14:30:00,18.8860522413982,19.137866814228108,18.626026153564453,18.626026153564453,632784.4404562147
2001-12-20 14:30:00,18.338631417915845,18.42074501083393,17.676251985066102,17.684463500976562,75992.5803019753
2001-12-21 14:30:00,18.06492086101242,18.13061141967773,17.95543659657023,18.13061141967773,30323.96345462315
2001-12-24 14:30:00,18.092289737316367,18.092289737316367,17.996492385864258,17.996492385864258,5480.234903970125
2001-12-26 14:30:00,18.363263961492397,18.5083319718292,18.09776561823426,18.2154598236084,41649.7841342128
2001-12-27 14:30:00,18.341369353047867,18.538442605116423,18.341369353047867,18.49738502502441,126410.7328791002
2001-12-28 14:30:00,18.721823281282283,18.8532043763927,18.530227025552573,18.653396606445312,161118.91741222068
2001-12-31 14:30:00,18.66708030260555,18.66708030260555,18.14702978856952,18.201772689819336,28131.87693853413
2002-01-02 14:30:00,18.5849727479813,18.940797805786133,18.448117799849133,18.940797805786133,253186.81051470767
2002-01-03 14:30:00,19.296623309173757,20.45168445421701,19.296623309173757,20.39146614074707,306527.72276422015
2002-01-04 14:30:00,20.77465375588106,20.799288297236547,19.95352117159824,20.320295333862305,135909.842254611
2002-01-07 14:30:00,20.528326649469797,20.528326649469797,19.816677887875706,19.874156951904297,30323.952391710307
2002-01-08 14:30:00,19.833090059438504,20.25186788160094,19.693497452051023,19.92615127563477,96817.4914009152
2002-01-09 14:30:00,20.254613910176428,20.55843222610259,19.816675186157227,19.816675186157227,23382.327923620105
2002-01-10 14:30:00,19.73729630912097,19.833095243788872,19.56212147228517,19.59222984313965,39823.03322312728
2002-01-11 14:30:00,19.926151474788043,19.926151474788043,19.43347315314217,19.48821449279785,53340.95699342213
2002-01-14 14:30:00,19.43346837545821,19.441678321439216,19.094064948578268,19.10775184631348,63570.74519625493
2002-01-15 14:30:00,19.337672001528947,19.337672001528947,18.888785827561072,19.15975952148437,932005.3838278698
2002-01-16 14:30:00,18.5986615397069,18.74099190249505,18.349584579467773,18.349584579467773,1942194.5667710311
2002-01-17 14:30:00,18.63969918092607,18.81761155247257,18.324931982289662,18.790239334106445,30689.337508807035
2002-01-18 14:30:00,18.201779420127345,18.52475686203733,18.201779420127345,18.311262130737305,21920.93496347799
2002-01-22 14:30:00,18.420740590781016,18.420740590781016,17.490123748779297,17.490123748779297,20094.19672836952
2002-01-23 14:30:00,17.859637338803307,18.10871423157184,17.544869888585488,18.010177612304688,42015.1308654893
2002-01-24 14:30:00,18.17440387552382,18.535702706428225,18.17440387552382,18.28936195373535,33977.45536424278
2002-01-25 14:30:00,18.27567587875844,18.6123417171172,18.20177537874235,18.467273712158203,5480.234957659285
2002-01-28 14:30:00,18.721827594645028,18.858684108222025,18.50833444054309,18.792993545532227,11325.816981954931
2002-01-29 14:30:00,19.09133461513527,19.09133461513527,18.305784129579376,18.36052703857422,33246.75895088033
2002-01-30 14:30:00,18.25651459060833,18.83130645751953,18.25651459060833,18.83130645751953,20459.54623039659
2002-01-31 14:30:00,19.159765099633308,19.159765099633308,18.73003952171546,18.979116439819336,15344.65492919317
2002-02-01 14:30:00,18.87235285683446,18.87235285683446,18.790239334106445,18.790239334106445,8768.382145373438
2002-02-04 14:30:00,18.817629002316085,18.817629002316085,18.311262070296586,18.43990707397461,17536.748028666643
2002-02-05 14:30:00,18.33862589982402,18.541172910233765,18.174400329589844,18.174400329589844,3288.1414832368173
2002-02-06 14:30:00,18.33863791631616,18.33863791631616,18.023871903266343,18.11967086791992,523544.8508862069
2002-02-07 14:30:00,17.88701446178352,18.147040657635767,17.531190872192383,17.531190872192383,13883.255628390603
2002-02-08 14:30:00,17.681727471699876,17.925330579357315,17.413491380178353,17.914382934570312,75627.22423782216
2002-02-11 14:30:00,18.10597167690413,18.606863021850582,18.10597167690413,18.606863021850582,252090.85287003903
2002-02-12 14:30:00,18.448110156109188,18.823092652593296,18.27840921367425,18.50285148620605,17902.10513066778
2002-02-13 14:30:00,18.88057713925855,18.927106966208573,18.86141641682068,18.91342163085937,12056.517293123896
2002-02-14 14:30:00,19.10776118021145,19.170714049327557,18.699930896364577,18.812152862548828,15710.00406976143
2002-02-15 14:30:00,18.639712272219487,18.639712272219487,18.36052703857422,18.36052703857422,2192.09399676134
2002-02-19 14:30:00,18.06492158236432,18.07039540425839,17.555818557739258,17.555818557739258,32150.7069572336
2002-02-20 14:30:00,17.736470394194882,17.914382934570312,17.194522822571667,17.914382934570312,47130.00930762829
2002-02-21 14:30:00,17.336841401499367,17.454537127738025,16.764787360196216,16.805843353271484,299951.63106726034
2002-02-22 14:30:00,16.833226164839093,16.931762811999402,16.570463860660773,16.87701988220215,127141.40349818426
2002-02-25 14:30:00,17.011133339836253,17.845951399919997,17.011133339836253,17.763837814331055,221766.8286560596
2002-02-26 14:30:00,17.859638175233826,17.900694188242518,17.361484366366444,17.503814697265625,17902.0983999198
2002-02-27 14:30:00,17.763836624262257,18.007439670921187,17.304002768431186,17.424434661865234,109970.04925442964
2002-02-28 14:30:00,17.566768657016553,17.566768657016553,16.88796615600586,16.88796615600586,396403.5827573892
2002-03-01 14:30:00,17.44907669841517,18.502863657846078,17.44907669841517,18.453596115112305,304700.9358657298
2002-03-04 14:30:00,18.749200457735316,19.748245918914865,18.58771250936733,19.666133880615234,210440.9619582264
2002-03-05 14:30:00,19.61138394523514,20.145119834326064,19.61138394523514,20.00005340576172,599903.095580418
2002-03-06 14:30:00,19.81667689154596,20.035645489306205,19.438954885769316,19.959007263183597,614516.752858394
2002-03-07 14:30:00,20.39146248886752,20.44346927601349,19.83035583394737,20.128700256347656,370463.8457057153
2002-03-08 14:30:00,20.58305971514367,20.944356963277038,20.58305971514367,20.856769561767575,49322.11488955509
2002-03-11 14:30:00,20.4462029622126,20.687068313260244,20.131435546320237,20.44072914123535,177559.61589011076
2002-03-12 14:30:00,19.59769921123149,19.79477085788285,19.50190029833601,19.715394973754883,23016.98773623101
2002-03-13 14:30:00,19.36503932677333,19.42799373373391,19.02290289256713,19.178916931152344,401884.0059686079
2002-03-14 14:30:00,19.365046477871424,19.365046477871424,19.072177444216283,19.12691879272461,11691.166765423342
2002-03-15 14:30:00,19.105018517271287,19.46084348357236,19.105018517271287,19.408838272094727,39457.694902455536
2002-03-18 14:30:00,19.871409618196594,20.063005868193468,19.59769822847997,19.638755798339844,55167.70353107174
2002-03-19 14:30:00,19.74549790470644,19.96446634073561,19.69349270537629,19.76192092895508,52244.923046542695
2002-03-20 14:30:00,19.28567221278511,19.36504654191009,19.08038902282715,19.08038902282715,27401.172015847467
2002-03-21 14:30:00,19.159759552932083,19.57032585144043,18.99006015269413,19.57032585144043,264878.0486735181
2002-03-22 14:30:00,19.515585912508488,19.61138482677317,19.35136032104492,19.35136032104492,24478.3834331163
2002-03-25 14:30:00,19.406098313783392,19.54295321074958,18.82309341430664,18.82309341430664,32881.416256329845
2002-03-26 14:30:00,18.85868687672485,19.348629257817706,18.735517249373185,19.118711471557617,33977.44595788925
2002-03-27 14:30:00,19.21450953905273,19.28020010837891,18.98732945769305,19.14881896972656,377770.7605242335
2002-03-28 14:30:00,19.556646180543176,19.70718645731621,19.49642944335937,19.49642944335937,586385.0745528355
2002-04-01 14:30:00,19.26924723071816,20.11501445153928,19.26924723071816,19.98089408874512,156004.0218054223
2002-04-02 14:30:00,19.76192759868549,19.76192759868549,19.39515495300293,19.39515495300293,25939.778212381647
2002-04-03 14:30:00,19.33767436677509,19.35136126907164,18.825835278558365,18.984588623046875,288625.70096706727
2002-04-04 14:30:00,19.200816039353008,19.200816039353008,18.84499266493841,19.050275802612305,569944.5230901483
2002-04-05 14:30:00,18.968172688257063,18.98185802948627,18.831316143591188,18.89153289794922,5480.232778614874
2002-04-08 13:30:00,18.26472610435956,18.91342002884573,18.13334345052597,18.83130645751953,40919.09246079318
2002-04-09 13:30:00,18.762882148103703,18.762882148103703,18.352315805984087,18.407058715820312,44937.926242927904
2002-04-10 13:30:00,18.44811989057732,18.53023349523719,17.94449061729635,18.47549057006836,112892.80747863154
2002-04-11 13:30:00,18.22914726742157,18.470012638975994,17.99375571731042,18.105976104736328,29227.91782272485
2002-04-12 13:30:00,18.22914335735122,18.2565140248831,17.903426775452022,18.201772689819336,51514.21621212094
2002-04-15 13:30:00,18.47549179069556,18.61234832956601,18.229152526627686,18.59866142272949,34708.142401001736
2002-04-16 13:30:00,19.43347755103821,19.696239799696773,19.39515766489553,19.614126205444336,56629.08536249164
2002-04-17 13:30:00,19.95352392936164,20.27376674649905,19.78108681459916,20.041112899780277,1688643.0217234374
2002-04-18 13:30:00,19.638759874104068,19.77561324808526,19.159763668051053,19.441686630249023,42380.47868531507
2002-04-19 13:30:00,19.57033761963581,19.69350883620355,19.13240038886588,19.187143325805664,45668.60161980773
2002-04-22 13:30:00,18.913424091654736,18.913424091654736,18.69445556520545,18.84499740600586,573963.2182770278
2002-04-23 13:30:00,18.92711304641756,19.11871093522835,18.40432617691695,18.47549057006836,82568.84948275317
2002-04-24 13:30:00,18.639718854704977,18.69446021684507,17.845956574178977,17.873327255249023,50418.14412069188
2002-04-25 13:30:00,17.845954118594,18.05123733074625,17.613300229137877,18.023866653442383,306162.395556175
2002-04-26 13:30:00,18.201783058759503,18.22915374188354,17.224634322599393,17.243793487548828,291548.3767321917
2002-04-29 13:30:00,17.366947449510825,17.758354442820917,17.128819902168583,17.284833908081055,255013.722647326
2002-04-30 13:30:00,17.339586646231446,18.02386445881525,17.339586646231446,17.654354095458984,113623.52817631351
2002-05-01 13:30:00,17.59961540415099,17.92259601248898,17.12609605285165,17.720048904418945,33977.44561084447
2002-05-02 13:30:00,17.70910040523732,17.996497235600902,16.961869586004035,16.997451782226562,108873.9707525955
2002-05-03 13:30:00,16.764794176400486,16.764794176400486,16.135257729990215,16.2967472076416,120930.51098237644
2002-05-06 13:30:00,16.491086121998727,16.641628001968385,15.935454711977965,15.971036911010742,25939.76950644916
2002-05-07 13:30:00,16.025772616006684,16.12704535431267,15.560464932053888,15.87523078918457,660916.3324459735
2002-05-08 13:30:00,17.024828041915363,17.826800482461277,16.929029067059446,17.73647689819336,261955.0719527279
2002-05-09 13:30:00,17.68172023398349,17.747410774376174,17.16166973099492,17.454540252685547,56994.45319010413
2002-05-10 13:30:00,17.284841123961975,17.284841123961975,16.346014305683997,16.471920013427734,88779.8119390507
2002-05-13 13:30:00,16.737420726248626,17.35053253173828,16.6963631532646,17.35053253173828,46033.97427807696
2002-05-14 13:30:00,18.352318517841574,18.50285880130997,18.067657850528,18.464540481567383,131160.26940924022
2002-05-15 13:30:00,18.06491473373373,18.9271032195512,17.917110635322526,18.31399154663086,106316.58263039266
2002-05-16 13:30:00,18.33862847596425,18.582231521606445,18.092289302915177,18.582231521606445,51879.55833656062
2002-05-17 13:30:00,18.831306691702974,18.842255898902813,18.33862682380497,18.595916748046875,49687.46879877115
2002-05-20 13:30:00,18.42074312315881,18.44811536211753,18.201776174793544,18.363264083862305,21555.58989073022
2002-05-21 13:30:00,18.420742923444525,18.502856507057714,17.706358348238368,17.859636306762695,54802.3477739795
2002-05-22 13:30:00,17.65435209967797,17.92806194082013,17.366955356911078,17.418960571289062,179021.01318448555
2002-05-23 13:30:00,17.791207007894485,17.791207007894485,17.243784241808246,17.788469314575195,50783.51640916674
2002-05-24 13:30:00,17.16166877746582,17.268416878539103,17.065869882275976,17.16166877746582,60282.59806969748
2002-05-28 13:30:00,17.243798269165943,17.243798269165943,16.887974591324568,17.093257904052734,19728.83205252522
2002-05-29 13:30:00,16.696357680536437,16.76204977577834,16.532132140988935,16.575925827026367,46764.68761100408
2002-05-30 13:30:00,16.203678012700518,16.518445298059376,15.971024272693011,16.39253807067871,69781.68868116733
2002-05-31 13:30:00,16.600561919742187,16.805845038069794,16.354222804223415,16.36790657043457,457417.0577930634
2002-06-03 13:30:00,16.176316234405242,16.176316234405242,15.53309598067363,15.574151992797852,98278.86884332204
2002-06-04 13:30:00,15.519412653446723,16.094206352761606,15.437299044089336,15.913556098937988,79646.0537942692
2002-06-05 13:30:00,16.06683076950319,16.06683076950319,15.60152150257453,16.00935173034668,49322.112581969566
2002-06-06 13:30:00,15.549521755538732,15.61521233285626,15.30044478743641,15.434563636779783,111431.400331914
2002-06-07 13:30:00,14.45193596493474,14.958301238961564,14.232965885577824,14.95556354522705,122757.25845704434
2002-06-10 13:30:00,14.917247718652538,15.119793235578666,14.772179684062804,14.802288055419922,437322.6602962479
2002-06-11 13:30:00,14.851551249599256,14.887133432759107,14.16453742980957,14.16453742980957,395672.9986963893
2002-06-12 13:30:00,14.328763491020162,14.629845527638874,13.978412374204655,14.599737167358398,115450.3020001262
2002-06-13 13:30:00,14.482043580031188,14.873449189700027,14.32602793517039,14.399930000305176,2317043.373570417
2002-06-14 13:30:00,13.685543559470014,14.506676110390773,13.630800658521808,14.36981964111328,51879.56554910828
2002-06-17 13:30:00,14.739332284246164,15.232010641027651,14.739332284246164,15.095155715942385,65397.47000616233
2002-06-18 13:30:00,15.081471473641573,15.519408518619205,14.917245864868164,14.917245864868164,83299.56469387987
2002-06-19 13:30:00,14.38350820766475,14.575106054768248,13.89082981932593,13.918200492858888,429285.0409793802
2002-06-20 13:30:00,14.164535685431602,14.164535685431602,13.2065467205538,13.30234718322754,153081.26211508288
2002-06-21 13:30:00,13.277713806413312,13.447414768364162,12.878095942624348,12.941049575805664,153081.24871680778
2002-06-24 13:30:00,12.960213930105722,13.589748948310133,12.782302166171442,13.521322250366213,75627.22141009528
2002-06-25 13:30:00,13.617117314966096,13.617117314966096,12.71387174291252,12.782299995422363,93529.33318302112
2002-06-26 13:30:00,12.152762741598105,12.782297531544744,12.152762741598105,12.730292320251465,32516.06350710808
2002-06-27 13:30:00,13.274978204897456,13.45015142799979,12.93283857415548,13.329719543457031,292644.57128253795
2002-06-28 13:30:00,13.357085590232392,13.715646558742874,13.09706040659628,13.113483428955078,127872.20398932869
2002-07-01 13:30:00,13.220238151482128,13.316037080809378,12.5222749710083,12.5222749710083,92067.93515309364
2002-07-02 13:30:00,12.31698797422964,12.41278687399716,11.96116382499014,12.067911148071287,62109.34049790258
2002-07-03 13:30:00,11.837998970224536,12.494905413596127,11.837998970224536,12.481219291687012,85491.64642280612
2002-07-05 13:30:00,13.138124732014631,13.507635116577148,13.083382597837454,13.507635116577148,47495.362749864405
2002-07-08 13:30:00,13.535008127032333,13.535008127032333,13.00127124786377,13.00127124786377,20459.537347405934
2002-07-09 13:30:00,12.809672794214489,12.823358132912018,12.535962104797363,12.535962104797363,35804.1941104347
2002-07-10 13:30:00,12.686500130514885,12.689237041146844,12.067913691381298,12.15002727508545,44937.925124882
2002-07-11 13:30:00,11.920109894761442,12.760401725769045,11.807887948990096,12.760401725769045,130794.94139534452
2002-07-12 13:30:00,12.864416846200088,13.12444145251555,12.66734512049737,13.009483337402344,138832.5687508467
2002-07-15 13:30:00,12.700187826162557,13.13812490535808,12.519538389447764,13.042325973510742,77453.97515477991
2002-07-16 13:30:00,13.466572982374323,13.904509907671445,13.138120288401485,13.31055736541748,291913.90517148544
2002-07-17 13:30:00,14.109798264234964,14.109798264234964,13.0806461085313,13.370779037475586,386173.8216032521
2002-07-18 13:30:00,13.321514115739232,13.49395129040799,13.00400966509312,13.069700241088867,74531.16762330591
2002-07-19 13:30:00,12.79598775251631,13.18192044449052,12.618075985151206,12.700189590454102,181943.7465504913
2002-07-22 13:30:00,12.727553839909143,12.913677813482517,12.31698758700885,12.412786483764648,183039.88569233427
2002-07-23 13:30:00,12.38541997567664,12.53869874148879,11.769570350646973,11.769570350646973,298490.0737597183
2002-07-24 13:30:00,11.386371747975405,12.264984130859377,11.386371747975405,12.264984130859377,126410.76938795568
2002-07-25 13:30:00,11.810626163500864,11.810626163500864,10.652829090342172,11.107189178466797,316026.84864732873
2002-07-26 13:30:00,11.140038152490511,11.16467270743386,10.606301991547104,10.852642059326172,108873.95336657346
2002-07-29 13:30:00,11.249515844664536,11.64092296806268,11.057918822803844,11.605340003967283,93894.7062148736
2002-07-30 13:30:00,11.643662359788395,12.024120357556582,11.446589909474827,11.920110702514648,84030.26391731529
2002-07-31 13:30:00,11.654606887279456,11.673767606448331,11.216669966076104,11.331628799438477,88414.4752338691
2002-08-01 13:30:00,11.249516515531925,11.41374287967463,10.707569122314451,10.707569122314451,62840.03309671616
2002-08-02 13:30:00,10.674723727460671,10.674723727460671,10.119090222929746,10.266894340515137,187424.05434374
2002-08-05 13:30:00,10.264157940102358,10.266894850502798,9.609988585717629,9.686628341674805,97548.18718134564
2002-08-06 13:30:00,10.05887882232666,10.526924361836864,10.04519269864002,10.264162063598633,93529.3104348571
2002-08-07 13:30:00,10.85263780783487,10.85263780783487,9.990448299915268,10.480390548706056,265243.3594255455
2002-08-08 13:30:00,10.294265941225696,10.94843448947771,10.16835867012258,10.869058609008787,66128.1741635587
2002-08-09 13:30:00,10.5652425587181,10.8854846455938,10.485866656310945,10.811582565307615,94990.72116333706
2002-08-12 13:30:00,10.483126273783986,10.59260972778785,10.44206948909939,10.551553726196287,127141.46889048244
2002-08-13 13:30:00,10.565246037656404,10.896436660922232,10.171102523803713,10.171102523803713,37265.57833936886
2002-08-14 13:30:00,10.140986911924276,10.825263749320206,10.02055347436178,10.792418479919434,103759.13524392464
2002-08-15 13:30:00,10.989490465288927,11.15645451100164,10.702093761063267,11.01686191558838,132987.0561997961
2002-08-16 13:30:00,10.921067203737806,11.865369680288977,10.907381081791277,11.701143264770508,296663.3192545636
2002-08-19 13:30:00,11.701141801270891,12.385418838559753,11.684718770226468,12.251300811767578,157465.40220543934
2002-08-20 13:30:00,12.043279049087872,12.043279049087872,11.673769515618387,11.728510856628418,151254.49074602983
2002-08-21 13:30:00,12.084334594274544,12.314251491845754,11.7887263714471,12.221189498901367,80742.13984311634
2002-08-22 13:30:00,12.22119214922908,12.54143341595,12.0569657582064,12.289620399475098,207152.86589535908
2002-08-23 13:30:00,11.879054333889387,12.007697756157508,11.495858628619036,11.561549186706545,146139.58419927207
2002-08-26 13:30:00,11.495859635203017,11.665560650001474,11.224885863592124,11.575236320495604,89875.8364129725
2002-08-27 13:30:00,11.619030059919355,11.619030059919355,10.975809714861995,11.057923316955566,165503.05302950658
2002-08-28 13:30:00,10.68841186966522,10.912854215730636,10.4338603726146,10.485865592956545,85491.65771657102
2002-08-29 13:30:00,10.264160482854962,10.67746381324762,10.151938514611858,10.521448135375977,166599.10986937003
2002-08-30 13:30:00,10.302480388513407,10.63367012239055,10.302480388513407,10.401016235351562,182674.46225359096
2002-09-03 13:30:00,10.192990902094811,10.192990902094811,9.826219134224743,9.88096046447754,101567.04514591247
2002-09-04 13:30:00,9.853586879333404,10.031499282304155,9.566190282115755,9.93570041656494,191442.97635985477
2002-09-05 13:30:00,9.74410759766118,9.74410759766118,9.492293823939264,9.514190673828123,174636.82550495412
2002-09-06 13:30:00,10.099929202319402,10.14098598107498,9.993181890792064,10.075295448303224,146139.64051839366
2002-09-09 13:30:00,9.79885252467979,10.069826315321396,9.703053583245955,10.045191764831545,113258.15988327136
2002-09-10 13:30:00,10.072561898334106,10.453019106888965,10.045189659242912,10.275107383728027,121661.21015040424
2002-09-11 13:30:00,10.729466928115553,10.729466928115553,10.431121752652428,10.442070960998535,202403.3443583862
2002-09-12 13:30:00,10.058877821425554,10.11088226712381,9.776955604553224,9.776955604553224,160022.82049508768
2002-09-13 13:30:00,9.661998636413028,9.85907036361916,9.5525135604273,9.634626388549805,206056.75836350865
2002-09-16 13:30:00,9.470398445491146,9.470398445491146,9.141945618966355,9.210373878479004,234188.65794892557
2002-09-17 13:30:00,9.607254803790813,9.607254803790813,8.966771359029655,9.01603889465332,322603.075776798
2002-09-18 13:30:00,8.84086104265882,9.032458063680805,8.706742266541108,8.854545593261719,1030649.6785667205
2002-09-19 13:30:00,8.671164302200555,8.86276141639,8.550730801215856,8.63831901550293,334659.5698312662
2002-09-20 13:30:00,8.725901634265654,8.777906055535828,8.460401792565884,8.509669303894043,59551.89952745898
2002-09-23 13:30:00,8.375558072908174,8.375558072908174,7.981414532109485,8.126481056213379,236015.31334725852
2002-09-24 13:30:00,8.044363442397076,8.416609899196724,8.025202719430668,8.153847694396973,205326.13732815796
2002-09-25 13:30:00,8.389241439921568,8.849075419575806,8.260597214125916,8.717694282531738,235650.0420898212
2002-09-26 13:30:00,8.799804763103499,8.90381440148718,8.36734083243826,8.539778709411621,83299.57931152087
2002-09-27 13:30:00,8.391975494616057,8.71769131510704,8.329021858771297,8.33723258972168,51514.21278251684
2002-09-30 13:30:00,8.074472047518638,8.126477269581617,7.95951317680538,8.082683563232422,35438.84839347431
2002-10-01 13:30:00,8.266068104332104,8.539778709411621,7.981409075049407,8.539778709411621,69781.66512500214
2002-10-02 13:30:00,8.485036554039338,8.84086151384156,8.33723243634833,8.378289222717285,265243.3983554068
2002-10-03 13:30:00,8.22774994523813,8.266069042752976,8.052575138100194,8.129213333129883,50418.16070157804
2002-10-04 13:30:00,8.088158958334082,8.088158958334082,7.6201126971295965,7.704963207244873,530486.6272128707
2002-10-07 13:30:00,7.488730645992144,7.631060188062308,7.360086441040039,7.360086441040039,54071.64632574074
2002-10-08 13:30:00,7.472313936417572,7.472313936417572,7.075432601086658,7.2807159423828125,129698.78525890235
2002-10-09 13:30:00,7.184911091089463,7.431251056545448,7.102797508239746,7.102797508239746,73069.79771135807
2002-10-10 13:30:00,7.143856391097275,7.8199220598577694,7.143856391097275,7.672118663787842,836283.5899763567
2002-10-11 13:30:00,8.047099561666318,8.547990161087418,8.047099561666318,8.36186695098877,805594.6215767629
2002-10-14 13:30:00,8.252388293894047,8.44398545415585,8.142903978574846,8.389244079589844,122026.49502771474
2002-10-15 13:30:00,9.1556314905031,9.221322059631348,8.983193550768112,9.221322059631348,174636.77376658825
2002-10-16 13:30:00,8.430294903593586,8.48503623926399,8.211325645446777,8.211325645446777,154907.99597082482
2002-10-17 13:30:00,8.835389002894669,8.955821697166737,8.72043013045198,8.83265209197998,344158.70808696497
2002-10-18 13:30:00,8.624634144037639,9.04888680433456,8.539783611978255,8.985932350158691,170983.2488487846
2002-10-21 13:30:00,8.868234264313628,9.538825988769531,8.747800787204124,9.538825988769531,115815.61644936744
2002-10-22 13:30:00,8.840866579237836,9.1994270885585,8.786123643985421,8.895607948303223,129333.4837737964
2002-10-23 13:30:00,9.02424719914678,9.593566049096518,8.884654592750001,9.579880714416504,81472.832964651
2002-10-24 13:30:00,9.689369125171917,9.935709170821616,9.267854214382316,9.30617332458496,336486.30892077764
2002-10-25 13:30:00,9.363648280797127,9.771477672419604,9.363648280797127,9.75505542755127,96086.79478971234
2002-10-28 14:30:00,10.072563068767966,10.140990542074508,9.76600632819692,9.823485374450684,92433.28105518562
2002-10-29 14:30:00,9.81527243532062,9.908334443323271,9.106361690661368,9.495030403137209,200941.94447092136
2002-10-30 14:30:00,9.582617862647416,10.138251391712195,9.52787573947516,10.023292541503906,127506.80716912284
2002-10-31 14:30:00,10.18204505161174,10.258684029656315,9.90833441573825,9.990447998046877,78550.03305731794
2002-11-01 14:30:00,9.880964031574711,10.578927207568862,9.880964031574711,10.477654457092283,160753.53860064477
2002-11-04 14:30:00,10.948439141332004,11.438382316208784,10.896434691086752,11.044238090515137,694528.2081351916
2002-11-05 14:30:00,10.811579488164195,11.071603976049136,10.578924886187515,10.838950157165527,130794.9532896284
2002-11-06 14:30:00,11.003180967252815,11.249521003285452,10.693887270744868,11.142773628234863,183405.1397097495
2002-11-07 14:30:00,10.81158282823768,10.836216594567718,10.346274263627414,10.359959602355955,522083.6047740975
2002-11-08 14:30:00,10.40101622159164,10.463969091890538,10.031506600664072,10.182046890258787,229073.77596905397
2002-11-11 14:30:00,9.935709368643767,9.935709368643767,9.514194449461712,9.634626388549805,252090.7150191861
2002-11-12 14:30:00,9.785164825368469,10.275107059355305,9.733159608779216,9.990447998046877,117642.37509049477
2002-11-13 14:30:00,9.976767203438742,10.22037038669471,9.785170047620303,9.941184997558594,98644.17491487024
2002-11-14 14:30:00,10.401013650375385,10.778734694259509,10.277844068212492,10.756837844848633,375944.1367517064
2002-11-15 14:30:00,10.455754990809462,10.822528393081251,10.406487471181547,10.756837844848633,224324.29539897732
2002-11-18 14:30:00,11.016869605857156,11.145513084475136,10.797900199890137,10.797900199890137,122026.49935495234
2002-11-19 14:30:00,10.737678920465862,10.82252941572397,10.45849367254989,10.524184226989746,245879.86406844805
2002-11-20 14:30:00,10.69936111346028,11.287840089957887,10.696624202267886,11.20298957824707,113258.16208239149
2002-11-21 14:30:00,11.59165579685917,12.180133819580078,11.577970461773198,12.180133819580078,329179.463334679
2002-11-22 14:30:00,11.85167959185383,12.23213749777575,11.85167959185383,12.067911148071287,433303.9872383086
2002-11-25 14:30:00,12.275936487676631,12.527751115632537,12.155503779264103,12.470272064208984,274377.0269916828
2002-11-26 14:30:00,12.207507574570029,12.31699184208726,11.881791682932954,11.95021915435791,154542.60459081616
2002-11-27 14:30:00,12.316991772058586,12.724821253561482,12.262249638611207,12.683764457702637,185962.61509210864
2002-11-29 14:30:00,12.809671507641587,12.809671507641587,12.371733665466309,12.371733665466309,98644.2181710319
2002-12-02 14:30:00,13.097068822329144,13.13812562151504,12.385420246751304,12.535962104797363,994479.7588632985
2002-12-03 14:30:00,12.18014134465288,12.215724334190451,11.796946243850313,11.86811065673828,371559.7196249366
2002-12-04 14:30:00,11.085294650321597,11.405536777688951,10.992233397751978,11.172882080078123,1570269.4920693885
2002-12-05 14:30:00,11.29057675899362,11.32615895301156,10.948437808296042,11.112664222717283,685029.220835783
2002-12-06 14:30:00,10.743156478945426,11.192042873528978,10.743156478945426,10.992234230041504,501989.3249748638
2002-12-09 14:30:00,10.743149666705763,10.756835782283147,10.239522226823524,10.3325834274292,447917.97865318926
2002-12-10 14:30:00,10.45576113933019,10.8115863261399,10.291534672175102,10.797900199890137,307623.68999062834
2002-12-11 14:30:00,10.537871534011202,10.94843796758428,10.49681473403523,10.715784072875977,177924.92036979386
2002-12-12 14:30:00,10.743152419073043,10.934750255313755,10.532395425682788,10.606297492980955,860396.8755948496
2002-12-13 14:30:00,10.346271002929878,10.398275430327454,10.236786761419612,10.266894340515137,332467.62076569867
2002-12-16 14:30:00,10.318901846096526,10.770525030094474,10.225839828567771,10.74315357208252,125314.69072428058
2002-12-17 14:30:00,10.606299020454983,10.87453509011041,10.455757170505612,10.51323699951172,1897622.3899140125
2002-12-18 14:30:00,10.127301953089514,10.127301953089514,9.760530127744078,9.845379829406738,278030.60879076534
2002-12-19 14:30:00,9.853591136969252,10.012342895675896,9.585354353615624,9.7687406539917,480068.63023291295
2002-12-20 14:30:00,9.826220937495211,9.963075854428206,9.719473601107891,9.790637969970703,633515.1941102418
2002-12-23 14:30:00,9.82622061715779,10.078033593457883,9.82622061715779,9.976760864257812,1203459.6986328396
2002-12-24 14:30:00,9.96307900373887,9.990450465633398,9.826224043546278,9.839908599853516,43476.5191862834
2002-12-26 14:30:00,10.069823781979984,10.171097303520092,9.771478604659931,9.798850059509276,73069.79895256754
2002-12-27 14:30:00,9.842644141744298,9.86727868699011,9.689366181316306,9.730422973632812,218844.0393927799
2002-12-30 14:30:00,9.880961275720756,9.880961275720756,9.448498936329912,9.525137901306152,205326.16793375855
2002-12-31 14:30:00,9.443026005196206,9.585355536784752,9.32259332462128,9.492294311523438,145408.8974492314
2003-01-02 14:30:00,9.661999719572158,10.138256838591198,9.492298655018033,10.121833801269531,470203.9331278845
2003-01-03 14:30:00,10.113617907691353,10.329849512630869,10.02055589700993,10.275107383728027,139563.31014250577
2003-01-06 14:30:00,10.48313339182972,10.904647599314336,10.44207657926756,10.797900199890137,159292.07700227312
2003-01-07 14:30:00,10.893695416508407,11.09624091680526,10.677463012565717,10.74315357208252,118373.06062585104
2003-01-08 14:30:00,10.60630025809538,10.619985597653791,10.288795055305355,10.340800285339355,101932.34212677814
2003-01-09 14:30:00,10.619984158613352,10.89095791723762,10.619984158613352,10.658303260803224,424535.4752725048
2003-01-10 14:30:00,10.537871831244502,10.975809738185232,10.4584959233205,10.89643383026123,310181.21793259936
2003-01-13 14:30:00,11.148246928412934,11.148246928412934,10.619984720899035,10.726731300354004,94260.0230818615
2003-01-14 14:30:00,10.702094938228344,10.967594824655016,10.647353597794265,10.756837844848633,118373.08095972094
2003-01-15 14:30:00,10.743151657433527,10.743151657433527,10.42838425340685,10.53786849975586,86222.36816812969
2003-01-16 14:30:00,10.537872277147809,10.537872277147809,10.146465760373756,10.168362617492676,715718.4690434082
2003-01-17 14:30:00,9.78516386698905,9.864539747844832,9.566194596643408,9.579880714416504,861858.3540969135
2003-01-21 14:30:00,9.71673920249979,9.74137297060598,9.44850309846936,9.51693058013916,86222.33858841743
2003-01-22 14:30:00,9.511454588028483,9.686630199843083,9.44850172127669,9.451238632202148,148331.6719039565
2003-01-23 14:30:00,9.716738103123271,9.84264540691986,9.55524938994873,9.793377876281738,607940.6256107521
2003-01-24 14:30:00,9.607249308482736,9.607249308482736,9.306167312001644,9.388280868530272,150523.83153503854
2003-01-27 14:30:00,9.25143067756793,9.36912568641933,9.141945618966355,9.210373878479004,204595.39539999733
2003-01-28 14:30:00,9.30617172208228,9.388285317523536,9.141945314293055,9.30890941619873,154177.24952897208
2003-01-29 14:30:00,9.144681607125934,9.645572269902509,9.141943913428994,9.552510261535645,188885.427063436
2003-01-30 14:30:00,9.566197185546404,9.566197185546404,9.089940205335964,9.092677116394045,168791.20467722908
2003-01-31 14:30:00,8.704008346296177,9.125522407192792,8.679373797469783,9.032461166381836,392750.0970835654
2003-02-03 14:30:00,9.032461166381836,9.235007463647973,9.029724255321112,9.032461166381836,3688197.4233103194
2003-02-04 14:30:00,8.868231289568694,8.98318934011261,8.868231289568694,8.890128135681152,60282.59660640583
2003-02-05 14:30:00,9.032458612720546,9.287010063639986,8.922974370312101,8.950345039367676,64301.429422776506
2003-02-06 14:30:00,8.922974646593826,8.969505255284872,8.772433612847747,8.791593551635742,86953.0666407482
2003-02-07 14:30:00,8.881918872704174,8.881918872704174,8.701270238058514,8.704007148742676,39823.038578745945
2003-02-10 14:30:00,8.704007904638269,8.849074363708496,8.599997458675517,8.849074363708496,61743.97188381803
2003-02-11 14:30:00,8.909292197654487,9.070781708292158,8.829915506418107,8.851812362670898,40553.72802769463
2003-02-12 14:30:00,8.90381649761172,9.016037676340014,8.813491389351462,8.849074363708496,48956.75877178471
2003-02-13 14:30:00,8.758748432993698,8.808016736021957,8.624629642195895,8.750536918640137,347081.56237797125
2003-02-14 14:30:00,8.895604213288623,9.292485237121582,8.895604213288623,9.292485237121582,91337.24440487089
2003-02-18 14:30:00,9.42112644537433,9.659254827452934,9.42112644537433,9.642831802368164,340870.70434077235
2003-02-19 14:30:00,9.66198840167126,9.672936036270457,9.38827717628365,9.505972862243652,181578.5769284597
2003-02-20 14:30:00,9.648311222729514,9.735898645334975,9.555249977757876,9.7167387008667,668953.8563800682
2003-02-21 14:30:00,9.689364585848995,9.713998343945391,9.448499259123444,9.648307800292969,456320.95193587337
2003-02-24 14:30:00,9.57988278477566,9.73589766988704,9.530614472949656,9.538825988769531,207518.2023446079
2003-02-25 14:30:00,9.319858075864484,9.54977505250458,9.196687679630168,9.459450721740724,414305.6791578708
2003-02-26 14:30:00,9.393758754078238,9.57714509769057,9.21584701538086,9.21584701538086,127141.43373902416
2003-02-27 14:30:00,9.35543932280823,9.525140322800905,9.281537249163252,9.519665718078612,1126736.1938222777
2003-02-28 14:30:00,9.579883308369867,9.81253719329834,9.577145614218114,9.81253719329834,2653163.91383929
2003-03-03 14:30:00,9.935707966763486,9.946655611414622,9.445764846332272,9.44850254058838,253186.7973296521
2003-03-04 14:30:00,9.4430290211761,9.497771166194084,9.333544731140137,9.333544731140137,33612.09621279643
2003-03-05 14:30:00,9.360915923785315,9.519668544561847,9.3198599000977,9.44576644897461,78550.00316014653
2003-03-06 14:30:00,9.333540609620249,9.492293151616895,9.333540609620249,9.415654182434082,33612.111055279995
2003-03-07 14:30:00,9.114577314567422,9.355442783393638,9.114577314567422,9.265117645263672,113623.48464979549
2003-03-10 14:30:00,9.196684400346388,9.24595269789106,9.062566407569095,9.087200164794922,64301.433449964425
2003-03-11 14:30:00,9.059829991654912,9.166577332140552,9.04614543914795,9.04614543914795,35804.20221407863
2003-03-12 14:30:00,9.169313521245376,9.306168420977617,9.007824081763207,9.303431510925291,102297.7373965376
2003-03-13 14:30:00,9.579880678378805,9.990446981979424,9.440288072507148,9.976760864257812,215190.57756367413
2003-03-14 14:30:00,9.990447233320335,10.127302149234838,9.7441072883439,9.801587104797363,692701.7398916432
2003-03-17 14:30:00,9.744107962543271,10.477653244381935,9.694840439995,10.387328147888184,718276.1215188934
2003-03-18 14:30:00,10.428387009697108,10.573454261771584,10.277846718498273,10.548820495605469,608671.3025483581
2003-03-19 14:30:00,10.401016738102571,10.518712534399388,10.225841107718468,10.455758094787598,195096.3162565192
2003-03-20 14:30:00,10.318902972117725,10.661041144495954,10.266897744385354,10.496814727783203,139563.28464423693
2003-03-21 14:30:00,10.68841217118061,10.795158742565498,10.581664816702489,10.770524978637695,465089.2188167683
2003-03-24 14:30:00,10.401014722469377,10.420173880358908,10.187520027160645,10.187520027160645,2897217.392757369
2003-03-25 14:30:00,10.209417582634552,10.48312903044546,10.168360787153592,10.420174598693848,380328.2595140461
2003-03-26 14:30:00,10.401014106428056,10.507761447759888,10.29152907148,10.368168830871582,160753.559686871
2003-03-27 14:30:00,10.140988927056307,10.286055366629522,10.078034502662144,10.209416389465332,1807016.130067315
2003-03-28 14:30:00,10.099931334868051,10.234049338488823,9.913807336289354,9.963075637817385,103393.77383569436
2003-03-31 14:30:00,9.74410882219402,9.75505724851433,9.530614117401376,9.563459396362305,439514.8005876338
2003-04-01 14:30:00,9.579883543340422,9.766006812466994,9.579883543340422,9.623677253723145,36900.24080489482
2003-04-02 14:30:00,10.127306308386178,10.32985263815819,10.03150814114022,10.264162063598633,135544.43035676557
2003-04-03 14:30:00,10.318900435782943,10.45028231995345,10.146462544845608,10.277844429016112,434399.9639513446
2003-04-04 14:30:00,10.154679108467557,10.19026131192797,9.886442168850644,10.004137992858888,202037.89791688332
2003-04-07 13:30:00,10.51049875348354,10.51049875348354,10.127303074489816,10.154674530029297,153811.92291697895
2003-04-08 13:30:00,9.96307989134911,9.96307989134911,9.716739844725334,9.733162879943848,264877.92942771385
2003-04-09 13:30:00,9.733163035246305,9.86180727516811,9.58262193674604,9.634626388549805,375213.2816300059
2003-04-10 13:30:00,9.579883543340422,9.741372263056729,9.511455283547432,9.623677253723145,53340.94215361033
2003-04-11 13:30:00,9.798849722383334,9.798849722383334,9.500504555327744,9.514190673828123,27401.175549940497
2003-04-14 13:30:00,9.620939733955096,9.820748329162598,9.533351535637363,9.820748329162598,52610.24764413296
2003-04-15 13:30:00,9.62093716903259,9.97676055697356,9.609987961955303,9.809797286987305,46399.32800055375
2003-04-16 13:30:00,10.182044510115428,10.384590761436677,10.143725414677585,10.244998931884766,445360.4436703759
2003-04-17 13:30:00,10.305215959178124,10.726729968723143,10.245000007711637,10.674725532531738,435130.6256862946
2003-04-21 13:30:00,10.619980034782534,10.754098798100737,10.60629470239266,10.723990440368652,336851.859030732
2003-04-22 13:30:00,10.53786690532985,11.071602721297946,10.53786690532985,11.066129684448242,596249.6870388854
2003-04-23 13:30:00,11.030552430409058,11.18656734281014,10.978547198577568,11.142773628234863,65762.79909911337
2003-04-24 13:30:00,10.975810509212783,11.079820191886323,10.8854861668475,10.99770736694336,153081.17925079682
2003-04-25 13:30:00,10.674725749564088,10.696622602014042,10.428385767955506,10.485865592956545,104855.15284040976
2003-04-28 13:30:00,10.485869230316204,10.806110612709452,10.485869230316204,10.77873992919922,50783.48846361564
2003-04-29 13:30:00,10.93475018024598,11.085291224388328,10.85811120289446,11.003177642822266,1228668.6677238415
2003-04-30 13:30:00,10.871798577867484,10.915592287425005,10.7376805381209,10.78421115875244,699643.1928008903
2003-05-01 13:30:00,10.784208676290351,10.84989922550505,10.606296967940484,10.775997161865234,142120.76483001123
2003-05-02 13:30:00,10.91558827480296,11.192036552081088,10.91558827480296,11.118134498596191,103028.43493370208
2003-05-05 13:30:00,11.304264355888238,11.591660422853028,11.197516976812144,11.326160430908203,227246.99720621
2003-05-06 13:30:00,11.304259886560182,11.619026510171746,11.304259886560182,11.432903289794922,65032.12459047463
2003-05-07 13:30:00,11.304260349772438,11.49859430933865,11.170141554038254,11.249517440795898,651782.6152550014
2003-05-08 13:30:00,11.030548937032298,11.137295495182848,10.978543721670867,10.984018325805664,102663.06888479504
2003-05-09 13:30:00,11.244043612902846,11.495858192443848,11.222147544131012,11.495858192443848,101201.66589778352
2003-05-12 13:30:00,11.468489581077634,11.739463367398988,11.402799013672054,11.733988761901855,317488.2016378604
2003-05-13 13:30:00,11.564285633248076,11.654609951218838,11.495858167094056,11.53965187072754,979500.6024196952
2003-05-14 13:30:00,11.673772469218587,11.67650938034294,11.30973588141426,11.536916732788086,937485.3262214634
2003-05-15 13:30:00,11.742201633851668,11.794206085063289,11.57797519638318,11.665562629699709,109970.00881850724
2003-05-16 13:30:00,11.60534645659062,11.61903179795556,11.430171581220325,11.515021324157717,97182.79364356332
2003-05-19 13:30:00,11.304264863721592,11.359006228370836,10.98949653533428,10.992234230041504,157465.35594189685
2003-05-20 13:30:00,11.098977343378106,11.134559529946596,10.874533449351782,11.003177642822266,187789.3830538372
2003-05-21 13:30:00,10.948435795804246,11.066132350038334,10.852637658987684,11.04970932006836,88779.80333941514
2003-05-22 13:30:00,11.003181043378152,11.287840973180266,10.978547274532476,11.172882080078123,80011.40501703027
2003-05-23 13:30:00,11.153718524726663,11.32889411064668,11.153718524726663,11.249517440795898,37630.94695698719
2003-05-27 13:30:00,11.194774611589446,11.900948382665783,11.194774611589446,11.837995529174805,166964.5032988701
2003-05-28 13:30:00,11.906426923662346,12.11171014648411,11.843473266260824,11.884530067443848,103759.08808920807
2003-05-29 13:30:00,12.029594591227172,12.393630354081964,12.029594591227172,12.251300811767578,84760.95895977246
2003-05-30 13:30:00,12.399102947710045,12.494901858349069,12.385416829695115,12.426473617553713,663839.1698698906
2003-06-02 13:30:00,12.645440989577946,12.645440989577946,12.144550414691611,12.17465877532959,1040514.1018740716
2003-06-03 13:30:00,12.070649168028854,12.368993534984956,12.070649168028854,12.336148262023926,463993.2657610838
2003-06-04 13:30:00,12.399107475719148,12.81788467214869,12.399107475719148,12.79051399230957,91337.22171760951
2003-06-05 13:30:00,12.453851113149756,12.971165011747438,12.434691165106848,12.93284511566162,347812.09855770244
2003-06-06 13:30:00,13.480258425755006,13.50489139627622,12.648176008281318,12.716604232788086,327718.1492112912
2003-06-09 13:30:00,12.453847255590809,12.535960845715309,12.2321410321106,12.371733665466309,415767.11214309
2003-06-10 13:30:00,12.371735014973964,12.533224518899036,12.180137139179475,12.481219291687012,62109.31577725231
2003-06-11 13:30:00,12.098023540098032,12.481219291687012,12.004962296438602,12.481219291687012,127506.77180153562
2003-06-12 13:30:00,12.508586945059506,12.508586945059506,12.182871887907822,12.31698989868164,200211.25455854685
2003-06-13 13:30:00,12.180135231666078,12.180135231666078,11.81062565985458,11.920110702514648,246245.20817508912
2003-06-16 13:30:00,11.933794432913803,12.23487651750099,11.84073321024782,12.128129959106444,161118.9084509202
2003-06-17 13:30:00,12.218455119722636,12.248563486890776,12.002223511204567,12.202032089233398,298124.7622815531
2003-06-18 13:30:00,12.152766309505614,12.519539023452314,12.040544339958752,12.46205997467041,82568.85612512405
2003-06-19 13:30:00,12.645445356759724,12.645445356759724,12.292358769906103,12.34436321258545,118007.70324296124
2003-06-20 13:30:00,12.344361267745358,12.344361267745358,12.130866576153148,12.166449546813965,57725.13947343854
2003-06-23 13:30:00,12.103498664540052,12.22940597970626,11.79967958785871,11.840736389160156,177559.5657250148
2003-06-24 13:30:00,11.701137396657218,11.906420508879274,11.577967842561154,11.742194175720217,713161.4403898842
2003-06-25 13:30:00,11.906421110225436,12.076122054607184,11.717561013327172,11.810622215270996,243322.4873519652
2003-06-26 13:30:00,11.851685959650608,12.122659778027844,11.843474441980163,12.092552185058594,72339.07535985918
2003-06-27 13:30:00,12.193819636738615,12.21845339590387,11.911897512224469,12.01317024230957,259763.156724424
2003-06-30 13:30:00,12.13907718283218,12.22119076055972,11.933794021606444,11.933794021606444,433303.9274574879
2003-07-01 13:30:00,11.89273836184257,12.15550136566162,11.701141300776555,12.15550136566162,672607.4660321967
2003-07-02 13:30:00,12.27593375630926,12.560593605041504,12.270459151961925,12.560593605041504,270723.5981858874
2003-07-03 13:30:00,12.371732310098002,12.590700815650228,12.371732310098002,12.42373752593994,37996.29560628876
2003-07-07 13:30:00,12.754930015245458,13.179181784338764,12.700188659845878,13.173707962036133,242226.33092783552
2003-07-08 13:30:00,13.165492395405993,13.368039420160429,12.995792209829302,13.329719543457031,307989.23045091075
2003-07-09 13:30:00,13.316038227354468,13.644491056391464,13.187393223781667,13.463842391967772,298855.4145663132
2003-07-10 13:30:00,13.2202396945103,13.261295712076851,12.943791300954173,13.0149564743042,241495.62711568573
2003-07-11 13:30:00,13.028642091259371,13.179182391732866,13.028642091259371,13.138126373291016,124583.97441872011
2003-07-14 13:30:00,13.521319721108512,13.644489320554554,13.411833892504884,13.480263710021973,492125.0545645971
2003-07-15 13:30:00,13.630797367699923,13.74028157697801,13.420038894427146,13.502152442932127,326256.7832410053
2003-07-16 13:30:00,13.68554689782752,13.68554689782752,13.247608281972305,13.480263710021973,482260.6325354626
2003-07-17 13:30:00,13.077910118773502,13.11075540265228,12.760404924851978,12.897260665893556,332832.8540188312
2003-07-18 13:30:00,12.924633597487022,13.050540932519306,12.604392219612366,12.93284511566162,216651.86391251843
2003-07-21 13:30:00,12.878098147242254,12.878098147242254,12.568805314975531,12.69744873046875,501258.8002018891
2003-07-22 13:30:00,12.919153116916744,13.149070039612436,12.89725705022932,13.118963241577148,199115.20998122304
2003-07-23 13:30:00,13.1107517087321,13.368040084838867,13.009478191319417,13.368040084838867,179021.01472982948
2003-07-24 13:30:00,13.398149542898054,13.452890888648756,13.004005432128906,13.004005432128906,398595.7369881153
2003-07-25 13:30:00,13.028640116825937,13.269505500793455,12.75492867013324,13.269505500793455,207152.85689285357
2003-07-28 13:30:00,13.206554520450634,13.4611068745312,13.195606874139042,13.428260803222656,123487.9141670014
2003-07-29 13:30:00,13.370779534810664,13.370779534810664,13.03411519047353,13.11075496673584,344158.6815698976
2003-07-30 13:30:00,13.151808430494691,13.151808430494691,12.998530473903738,13.02863883972168,172810.07216035583
2003-07-31 13:30:00,13.343404444856716,13.524053048898548,13.220234870910645,13.220234870910645,544735.4181639701
2003-08-01 13:30:00,13.274977775639815,13.38446044921875,13.14085742842174,13.38446044921875,399326.50031807047
2003-08-04 13:30:00,13.35709416404606,13.49394911711573,13.15181095134825,13.433733940124512,69050.9458309501
2003-08-05 13:30:00,13.425523839790934,13.425523839790934,13.00127124786377,13.00127124786377,236380.7261387793
2003-08-06 13:30:00,12.96020926334346,13.108013383579207,12.79598289813323,12.8917818069458,198019.17277339505
2003-08-07 13:30:00,12.864413585196882,12.897258864488045,12.70292409957536,12.782299995422363,282414.74433779425
2003-08-08 13:30:00,12.795984740642217,12.86441298998602,12.278671028421568,12.451108932495115,569213.70250493
2003-08-11 13:30:00,12.505853384702048,12.73303424367996,12.505853384702048,12.67829132080078,298490.05685356987
2003-08-12 13:30:00,12.672814978664686,12.919154167175291,12.672814978664686,12.919154167175291,55167.69589527793
2003-08-13 13:30:00,12.979372827219526,13.30235180774324,12.921892999488412,13.157283782958984,186693.3120437401
2003-08-14 13:30:00,13.192863222154752,13.318768913872187,13.1080119637871,13.307821273803713,51514.218423016566
2003-08-15 13:30:00,13.269507452454462,13.343409538269045,13.269507452454462,13.343409538269045,5845.582403530009
2003-08-18 13:30:00,13.351615413790356,13.959253311157228,13.351615413790356,13.959253311157228,403710.70532087184
2003-08-19 13:30:00,14.000312564778891,14.232966423034668,13.956520426677471,14.232966423034668,1471990.998949569
2003-08-20 13:30:00,14.014005305708944,14.336982834737206,13.975685406947267,14.096118927001951,484087.1832016179
2003-08-21 13:30:00,14.369833890730868,14.654493185855683,14.301407154423885,14.561431884765623,2236664.685507043
2003-08-22 13:30:00,15.27307358065316,15.368872531725035,14.78312961302339,14.83513641357422,4727248.978372524
2003-08-25 13:30:00,14.780382445139056,14.8050169797078,14.558676332577408,14.654475212097168,3963672.808701049
2003-08-26 13:30:00,14.479318537121015,14.711974143981934,14.304143582619943,14.711974143981934,157099.93379626898
2003-08-27 13:30:00,14.753016825257175,15.15810775756836,14.750279131752182,15.15810775756836,191442.88340542983
2003-08-28 13:30:00,15.24569985283406,15.31686423671748,14.95009154103134,15.289493560791016,2203419.451695825
2003-08-29 13:30:00,15.259382886178596,15.43455927571582,15.204641536974714,15.382554054260254,2066413.6995322376
2003-09-02 13:30:00,15.437297092085652,15.440034786319895,15.122531167359472,15.409926414489746,339409.1437195296
2003-09-03 13:30:00,15.40992497369579,15.448244858459214,14.999358583397726,15.108842849731444,846513.5194034883
2003-09-04 13:30:00,15.081474212129322,15.448246945443133,15.032206677169963,15.330551147460938,336120.98948644527
2003-09-05 13:30:00,15.35518567692245,15.869762580593552,15.300442753342104,15.533098220825195,584923.5922909369
2003-09-08 13:30:00,15.7931223983141,16.105152199590894,15.76848784840278,16.058622360229492,975481.5935162636
2003-09-09 13:30:00,16.025772616006684,16.066830189770123,15.798592595136643,15.87523078918457,636072.6007675179
2003-09-10 13:30:00,15.382554223610391,15.45098247705505,14.93093025677402,14.95830249786377,3688197.6780623063
2003-09-11 13:30:00,15.136214641675204,15.360658578860992,14.71196444873964,15.169060707092283,1018592.8001492276
2003-09-12 13:30:00,15.054095708679062,15.44550282984388,14.919978498925564,15.248431205749512,699278.088407387
2003-09-15 13:30:00,15.383653183957527,15.39186528631286,15.00043009429994,15.008642196655272,119460.57304935624
2003-09-16 13:30:00,15.205724298617213,15.5944215076306,15.137291172973972,15.588947296142578,1632262.9012401418
2003-09-17 13:30:00,15.575265403500334,15.673807503436398,15.419238584586722,15.493145942687988,190698.5211939548
2003-09-18 13:30:00,15.293319926429628,15.63000825412614,15.192039952455588,15.591687202453612,250611.50523005315
2003-09-19 13:30:00,15.547906305280346,15.6683485069475,15.386406682781145,15.53148365020752,75621.75392874137
2003-09-22 13:30:00,15.301543251056447,15.3289174647126,15.101719479493212,15.17015266418457,265224.22645343974
2003-09-23 13:30:00,15.233102075854966,15.411027322942358,15.123611543860909,15.394604682922363,131150.8915178914
2003-09-24 13:30:00,15.460304599737432,15.460304599737432,14.710282325744627,14.710282325744627,246592.827586189
2003-09-25 13:30:00,14.849877756667569,15.192041906877249,14.671954090160805,14.713014602661133,115076.6967808711
2003-09-26 13:30:00,14.535091789906003,14.707541272224525,14.35716652747681,14.442022323608398,1082086.0924229298
2003-09-29 13:30:00,14.644578871771856,14.767758834384074,14.38453576469782,14.685639381408691,1117157.3438005005
2003-09-30 13:30:00,14.630899423903374,14.630899423903374,14.25041253948987,14.34348201751709,515835.7089595233
2003-10-01 13:30:00,14.45296893916925,14.58983365026972,14.343476857029216,14.556986808776855,411353.5532999081
2003-10-02 13:30:00,14.589842504273754,14.863573658889706,14.589842504273754,14.748605728149414,421217.0152099245
2003-10-03 13:30:00,15.24679865650608,15.520528275243027,15.164679144365229,15.356290817260742,746719.4131896448
2003-10-06 13:30:00,15.411030429955234,15.506836231063936,15.33164883847633,15.471251487731934,261205.761921367
2003-10-07 13:30:00,15.419240394391757,15.80793775931429,15.301536185548382,15.794251441955566,191794.46719503755
2003-10-08 13:30:00,15.848995397765693,15.876368030214392,15.6026385731304,15.706656455993652,419390.603027161
2003-10-09 13:30:00,15.944799105727816,16.14462115656712,15.71486497324788,15.816144943237305,2460449.787360796
2003-10-10 13:30:00,16.013235092163086,16.06798192598161,15.879106680661492,16.013235092163086,217367.07042435708
2003-10-13 13:30:00,16.17748666846805,16.319825728283053,15.974924947985466,16.122739791870117,308332.2085437774
2003-10-14 13:30:00,15.93111761849608,16.259593963623047,15.89279498665658,16.259593963623047,89504.07661961521
2003-10-15 13:30:00,16.683871751039323,16.694820175509005,16.25411398149115,16.292436599731445,2557990.8852438363
2003-10-16 13:30:00,16.28695875849885,16.448461312507522,16.19389089710054,16.44298553466797,123844.47585275715
2003-10-17 13:30:00,16.464884899813658,16.49225752540321,15.944798748419702,16.021442413330078,239286.5102948267
2003-10-20 13:30:00,16.021449870840627,16.19937515258789,15.903745646459988,16.19937515258789,228326.71652103143
2003-10-21 13:30:00,16.423842818648726,16.664725616931616,16.396470164964235,16.629140853881836,293719.32338042767
2003-10-22 13:30:00,16.382780962163626,16.382780962163626,16.13642242335173,16.240440368652344,136630.6545128947
2003-10-23 13:30:00,15.63001638474741,15.917433819593,15.6026437432285,15.876373291015623,1146382.644784973
2003-10-24 13:30:00,15.807934576626906,15.90374034514756,15.53694147510809,15.854469299316406,1830267.5697291296
2003-10-27 14:30:00,16.15010621912952,16.15010621912952,15.91743406375276,16.005027770996094,572460.6682036656
2003-10-28 14:30:00,16.35539790603791,16.919281005859375,16.308863179514493,16.919281005859375,661234.3369810483
2003-10-29 14:30:00,16.916553744445977,17.195759120555902,16.8097979184808,17.108163833618164,429984.7501199886
2003-10-30 14:30:00,17.340833355101495,17.403790744756407,17.121849087216106,17.245027542114258,396740.45073523774
2003-10-31 14:30:00,17.24502884627572,17.24502884627572,16.94666295450523,17.053417205810547,172797.6233941497
2003-11-03 14:30:00,17.272403263289714,17.68299923034921,17.255979048695497,17.628253936767578,223212.1290824063
2003-11-04 14:30:00,17.573506348173108,17.83081328971535,17.518759490562328,17.704896926879883,326233.1252636019
2003-11-05 14:30:00,17.655620439791402,17.8225957199307,17.387363582431078,17.817121505737305,246227.54067607052
2003-11-06 14:30:00,17.956715068160808,18.08263132872747,17.67477203474211,18.00324821472168,1206296.365662604
2003-11-07 14:30:00,18.20307825737451,18.257823518897094,18.033363561018987,18.03883934020996,540312.491389152
2003-11-10 14:30:00,18.02516257525632,18.044323113681536,17.4174791995524,17.513286590576172,162203.258329389
2003-11-11 14:30:00,17.464010362740012,17.529705637661397,17.27513664312839,17.45853614807129,790193.0626666817
2003-11-12 14:30:00,17.724053109095504,18.09906578063965,17.710368355930513,18.09906578063965,696305.1395160544
2003-11-13 14:30:00,17.956718087388033,18.11821909881988,17.628241852178753,17.860912322998047,347787.3855302212
2003-11-14 14:30:00,17.797964537616608,17.91567035765019,17.250503802979587,17.362733840942383,205676.65494937808
2003-11-17 14:30:00,17.053415921554773,17.20396858471068,16.820745332640044,17.105424880981445,2514881.456716527
2003-11-18 14:30:00,17.368199953143144,17.43663310040577,16.834425790130414,16.848112106323242,394913.97466598696
2003-11-19 14:30:00,16.902865874830127,17.190283358373076,16.793375290203414,17.151962280273438,807363.0387893647
2003-11-20 14:30:00,16.97129428366794,17.275134301634388,16.80979165929021,16.820741653442383,142110.56081401417
2003-11-21 14:30:00,16.998676135823754,17.135540955988834,16.834437098586026,17.02057456970215,328059.6771758925
2003-11-24 14:30:00,17.24502522914254,17.655621067931648,17.24502522914254,17.573501586914062,371167.9116121688
2003-11-25 14:30:00,17.682997720609645,17.84997461089582,17.62825243170206,17.674785614013672,242208.92670490977
2003-11-26 14:30:00,17.915665407573282,17.929350160071504,17.51875433096607,17.762374877929688,167317.82236969267
2003-11-28 14:30:00,17.778797839842813,17.978621526119078,17.77058573588092,17.9539852142334,81466.98036206934
2003-12-01 14:30:00,18.20307872947096,18.260561882079852,17.904711407760484,18.12917137145996,430715.62598140095
2003-12-02 14:30:00,18.06622196887649,18.189400441768072,17.984102464849023,17.989578247070312,678404.1522967179
2003-12-03 14:30:00,18.16202779203663,18.200350436081283,17.65562601132292,17.682998657226562,292258.11629056855
2003-12-04 14:30:00,17.724051480525898,17.83354515877366,17.138269856322555,17.480432510375977,461402.6610783171
2003-12-05 14:30:00,17.053409203742667,17.321664434739493,16.88095974802294,16.974027633666992,1996854.656809838
2003-12-08 14:30:00,17.026037940116225,17.091733199900077,16.711247957864618,16.93297004699707,218097.71942292157
2003-12-09 14:30:00,16.971287373642266,17.132786799666544,16.109035596157835,16.232213973999023,1458369.125330259
2003-12-10 14:30:00,16.259591823027353,16.45394128057785,16.08166657214563,16.33076286315918,1860589.070351715
2003-12-11 14:30:00,16.374557997844917,16.941178972211585,16.344447477521317,16.889171600341797,576479.4539226792
2003-12-12 14:30:00,16.998671117398697,17.04794218750417,16.7030415641677,16.900127410888672,504875.9551286638
2003-12-15 14:30:00,17.2450287632519,17.2450287632519,16.377302169799805,16.377302169799805,295911.3649537182
2003-12-16 14:30:00,16.43752393658972,16.43752393658972,15.94754638592806,16.31708335876465,491724.2967060444
2003-12-17 14:30:00,16.25412039654324,16.36635040629168,16.046086152830096,16.155576705932617,136996.0301882783
2003-12-18 14:30:00,16.314339671156574,16.779680736190787,16.303389677263507,16.697561264038086,271069.508018374
2003-12-19 14:30:00,16.697560327857303,16.80431610555994,16.505950325308856,16.593544006347656,202023.5125858124
2003-12-22 14:30:00,16.547008460638253,16.735882130284754,16.475838989875495,16.579856872558594,124940.40634469238
2003-12-23 14:30:00,16.62913081643804,16.94118295246394,16.62913081643804,16.867277145385742,155262.17386225588
2003-12-24 14:30:00,16.916548205537463,17.012354001903937,16.83442872775209,16.867277145385742,52606.47773215258
2003-12-26 14:30:00,16.916546410551867,17.00414009321551,16.916546410551867,16.957605361938477,60643.584931572645
2003-12-29 14:30:00,17.01235710848565,17.272400341609917,17.01235710848565,17.223129272460938,134804.07457241957
2003-12-30 14:30:00,17.27239539404549,17.39557381478381,17.141004869751466,17.25323486328125,220289.6483773883
2003-12-31 14:30:00,17.313466585618592,17.395586112933007,17.06710956997505,17.176603317260742,509990.2681998209
2004-01-02 14:30:00,17.340833355101495,17.447589164632518,17.17933226174864,17.245027542114258,270338.7970019116
2004-01-05 14:30:00,17.559816431504654,17.871868600492974,17.491383265071715,17.80617332458496,377378.3733128896
2004-01-06 14:30:00,17.860926813862335,18.06622482321708,17.715849888062216,17.997793197631836,621413.7214528954
2004-01-07 14:30:00,18.0525303640829,18.17570880093473,17.863655090191372,18.159284591674805,432176.81582069374
2004-01-08 14:30:00,18.572616511108414,18.756015986561025,18.27151282456091,18.701269149780277,762063.335077708
2004-01-09 14:30:00,18.613683657584723,18.966794850294374,18.45218097978375,18.709487915039062,335731.52233218745
2004-01-12 14:30:00,18.818987909906006,19.17483711242676,18.64106252549577,19.17483711242676,311620.12290293066
2004-01-13 14:30:00,19.2158797316504,19.2186176212515,18.545239312534083,18.73137664794922,895040.974433835
2004-01-14 14:30:00,18.791601279936614,18.805287597960856,18.49323547463168,18.64652442932129,353267.12525555823
2004-01-15 14:30:00,18.62735906343693,19.00510795309564,18.45764749666826,18.860031127929688,680596.4527419254
2004-01-16 14:30:00,19.079016859726536,19.22956947640553,18.86276898294177,19.204933166503903,114346.0399411416
2004-01-20 14:30:00,19.31168810244253,19.34453651687896,19.01332231403849,19.207670211791992,1186568.4465615945
2004-01-21 14:30:00,18.88740563414432,18.88740563414432,18.52060670035095,18.720430374145508,379570.3940958321
2004-01-22 14:30:00,19.02427273559688,19.02427273559688,18.375530632570467,18.4384880065918,368245.3716831498
2004-01-23 14:30:00,18.40838504237897,18.48776508353922,18.03884808281035,18.148340225219727,748546.1516536543
2004-01-26 14:30:00,18.203082221438997,18.58904172463773,18.175708018418053,18.580829620361328,137726.68349876296
2004-01-27 14:30:00,18.408381991721622,18.48502569555713,18.02242088317871,18.02242088317871,355459.01720817544
2004-01-28 14:30:00,18.339947380580785,18.39469422622111,17.806173075507413,17.877344131469727,565519.5837948156
2004-01-29 14:30:00,18.06622612113897,18.06622612113897,17.38190041832588,17.672054290771484,1157341.8742686375
2004-01-30 14:30:00,17.724057167255747,17.87460984842692,17.655625554268145,17.792491912841797,161107.29077579305
2004-02-02 14:30:00,17.984097646383713,17.995047641593207,17.47222178678791,17.518754959106445,297007.3901947256
2004-02-03 14:30:00,17.45032122618118,17.69120386201094,17.45032122618118,17.589923858642578,186314.62182610505
2004-02-04 14:30:00,17.313454521967483,17.357252930143773,17.05067347070143,17.05888557434082,693382.6672625378
2004-02-05 14:30:00,17.354506805015,17.370931004500086,17.13552269954008,17.286073684692383,389068.9626179578
2004-02-06 14:30:00,17.587185059847716,18.00051711897976,17.458530873062085,17.929346084594727,1284475.103001115
2004-02-09 14:30:00,18.12096362012693,18.12096362012693,17.852706755137913,17.874605178833008,471631.67058299785
2004-02-10 14:30:00,17.888286661212767,18.02241505744158,17.814379305437573,17.915660858154297,196543.6927803209
2004-02-11 14:30:00,18.052533308156423,18.337212861126893,18.036109096217977,18.30162811279297,309793.643320434
2004-02-12 14:30:00,18.17571699045297,18.39196499968105,17.997793197631836,17.997793197631836,173893.55168229173
2004-02-13 14:30:00,18.20308785596431,18.20308785596431,17.595404481799672,17.792491912841797,313812.16049071704
2004-02-17 14:30:00,18.01147194896428,18.08264300865409,17.85270875100045,18.02515983581543,118729.88056029523
2004-02-18 14:30:00,18.230459723601548,18.315315546606637,18.066220726837905,18.148340225219727,171336.332418528
2004-02-19 14:30:00,18.61367439928247,18.61367439928247,17.92387343787844,17.929346084594727,671463.378645065
2004-02-20 14:30:00,17.915664650366235,17.915664650366235,17.537915689079455,17.77606201171875,329155.8173071971
2004-02-23 14:30:00,17.792486969360226,17.817121716671533,17.072575323397167,17.231338500976562,592188.187997942
2004-02-24 14:30:00,17.108157293222366,17.425685192296502,17.039725704071795,17.250497817993164,381031.66170383344
2004-02-25 14:30:00,17.40926344715221,17.65014609922331,17.40926344715221,17.587188720703125,112884.73384817204
2004-02-26 14:30:00,17.58719103762508,17.891031108244004,17.45032470164814,17.773326873779297,137361.340890901
2004-02-27 14:30:00,17.833545152019575,17.871866216463186,17.46400829539481,17.636459350585938,85850.85146038796
2004-03-01 14:30:00,17.53244681824212,17.984101722295758,17.518758929553325,17.943042755126953,201658.10852440257
2004-03-02 14:30:00,18.120971943453863,18.19214146157781,17.819868087768555,17.819868087768555,347056.4533349574
2004-03-03 14:30:00,17.765105427676854,17.770579639673958,17.494112355093407,17.606342315673828,154896.91265995102
2004-03-04 14:30:00,17.655629051467645,17.819868087768555,17.611832183960676,17.819868087768555,1023999.1986293532
2004-03-05 14:30:00,17.491377276804926,17.923872986339095,17.491377276804926,17.72678565979004,660869.0329538352
2004-03-08 14:30:00,17.73774059088754,17.808910076998266,17.02604103088379,17.02604103088379,296276.7476434622
2004-03-09 14:30:00,17.026045359633986,17.034257466472912,16.722203671790602,16.943925857543945,1274610.7394756817
2004-03-10 14:30:00,16.943916533311107,17.069832825050906,16.48404976749035,16.604490280151367,316734.9152349626
2004-03-11 14:30:00,16.478584804508916,16.875492864103983,16.382778978731004,16.396465301513672,896501.7828015453
2004-03-12 14:30:00,16.69756621880803,16.856330996427463,16.620922504008238,16.85085678100586,729549.3893285817
2004-03-15 14:30:00,16.697569019914578,16.697569019914578,16.286973034731442,16.322559356689453,242208.89533452943
2004-03-16 14:30:00,16.519637245108882,16.601756715654552,16.21305935028377,16.505950927734375,573556.7869503963
2004-03-17 14:30:00,16.670193418969507,16.883703481399646,16.670193418969507,16.87275505065918,97906.47880560464
2004-03-18 14:30:00,16.765997764489292,16.826217255247915,16.49226511739225,16.6236572265625,98637.1420434936
2004-03-19 14:30:00,16.451208634718054,16.563438660997903,16.040612734907793,16.08988380432129,182661.3466784689
2004-03-22 14:30:00,15.821622685641302,15.9885979355554,15.638223229821294,15.851733207702637,486244.6824392165
2004-03-23 14:30:00,16.040612272727106,16.09535912206394,15.728560087034102,15.876373291015623,119095.20146587036
2004-03-24 14:30:00,15.93933646364699,16.314347703620996,15.917438031377692,16.150110244750977,223212.1130101665
2004-03-25 14:30:00,16.451208167395098,16.812532987527852,16.34171603497593,16.757787704467773,391991.2611071344
2004-03-26 14:30:00,16.69756266372689,16.83442898422056,16.631867393757492,16.640079498291016,417563.9106374755
2004-03-29 14:30:00,16.971293245365942,17.069835355213247,16.83442694148005,16.957605361938477,379205.0672227253
2004-03-30 14:30:00,16.807051873099194,16.93844237806571,16.64555084829056,16.91654396057129,242939.69771142435
2004-03-31 14:30:00,16.90286389336881,17.047942346850594,16.733152254052662,16.87822914123535,289335.56637077435
2004-04-01 14:30:00,17.108155794194513,17.338089985969997,17.015087901325206,17.217649459838867,440579.31378584285
2004-04-02 14:30:00,17.792491912841797,17.817126666997645,17.51602287095452,17.792491912841797,635661.4193874828
2004-04-05 13:30:00,17.833541874792683,17.929346084594727,17.688465048962904,17.929346084594727,263763.08997918223
2004-04-06 13:30:00,17.58718975099336,17.6282487090033,17.395576581383757,17.54612922668457,885177.0035301887
2004-04-07 13:30:00,17.518755176209222,17.62824886446571,17.247761978576733,17.52423095703125,107404.8851600567
2004-04-08 13:30:00,17.76510820412547,17.76784609370099,17.436631938490628,17.603607177734375,211887.25307063543
2004-04-12 13:30:00,17.6829952791203,17.693945275169458,17.510545763312468,17.633724212646484,298833.98099544086
2004-04-13 13:30:00,17.76511154017639,17.76511154017639,17.288820473990164,17.390100479125977,191063.81473445176
2004-04-14 13:30:00,17.217649459838867,17.46126840194672,17.102683147100397,17.217649459838867,259744.5208140417
2004-04-15 13:30:00,17.18207017450171,17.190282281093936,16.56617627677758,16.763263702392578,178277.46046151125
2004-04-16 13:30:00,16.34992771403075,16.530589336233113,16.152841880819356,16.38825035095215,411718.6978529155
2004-04-19 13:30:00,16.459421394522547,16.629134602909858,16.333505042086855,16.588075637817383,136265.35920898055
2004-04-20 13:30:00,16.637346435260525,16.68661750582009,16.018714680405072,16.073461532592773,132977.45728880426
2004-04-21 13:30:00,16.415619353504276,16.61544303302906,16.276016723466228,16.505950927734375,139553.3073981219
2004-04-22 13:30:00,16.240436192046065,16.779684754525007,16.199377229286398,16.719465255737305,133708.10805384326
2004-04-23 13:30:00,16.763257859145682,16.97676629092314,16.763257859145682,16.924758911132812,100098.44506892924
2004-04-26 13:30:00,16.86179654330348,16.927491793486546,16.467625042205082,16.547006607055664,234902.60315464524
2004-04-27 13:30:00,16.492269169642167,16.64555974028874,16.24591223280156,16.289709091186523,71968.56373380525
2004-04-28 13:30:00,16.095354053259012,16.311600359235783,15.90921670369162,15.947539329528809,185218.66919838992
2004-04-29 13:30:00,15.958492516198604,15.958492516198604,15.241318669509202,15.397345542907717,525334.0569294308
2004-04-30 13:30:00,15.493147179804154,15.602639280863997,15.09897561598872,15.137296676635742,137361.37594544966
2004-05-03 13:30:00,15.200263708662836,15.531478078120792,14.877261446945088,15.096245765686035,249150.02261907325
2004-05-04 13:30:00,15.328913940249672,15.65739033190524,15.222158134024747,15.397345542907717,282759.77751278126
2004-05-05 13:30:00,15.504094173242272,15.72855413438516,15.397339971941449,15.643696784973145,112154.11253806709
2004-05-06 13:30:00,15.36997096935869,15.594429417193805,15.298799918724171,15.561582565307615,317100.1521188721
2004-05-07 13:30:00,15.676548927776448,15.947542113150476,15.630014190687398,15.692973136901855,216271.07105776112
2004-05-10 13:30:00,15.449348910923414,15.810672027863443,15.449348910923414,15.643696784973145,557117.3342689001
2004-05-11 13:30:00,15.917432924909612,16.073459792135697,15.84626343444112,15.903746604919434,325137.22473114065
2004-05-12 13:30:00,15.903743953220328,15.903743953220328,15.339859205629736,15.848997116088867,386876.82966322993
2004-05-13 13:30:00,15.766876929466168,15.911953755748922,15.668333263401438,15.777825355529783,286047.78228374105
2004-05-14 13:30:00,15.810681996694669,15.810681996694669,15.441146544150431,15.476731300354004,198370.17820900463
2004-05-17 13:30:00,15.0579222259247,15.40008500789175,15.0579222259247,15.19478702545166,177181.47819896316
2004-05-18 13:30:00,15.515054772847218,15.64918326330711,15.46304579830766,15.53421688079834,157454.0373153172
2004-05-19 13:30:00,15.90374795633088,16.128206442581078,15.71487421833872,15.739510536193848,324041.2290226782
2004-05-20 13:30:00,15.859953563778232,15.859953563778232,15.547899754374944,15.649181365966797,24476.6166569852
2004-05-21 13:30:00,15.835306074473388,15.835306074473388,15.602635610245732,15.712127685546877,94253.3067319925
2004-05-24 13:30:00,15.95848437500877,15.972172254856517,15.786034944726458,15.881840705871582,81101.68298603817
2004-05-25 13:30:00,15.805204925643745,16.32802925590826,15.660126483748842,16.265071868896484,185583.93870618893
2004-05-26 13:30:00,16.300648312918078,16.42382669990775,16.182944138032834,16.32528305053711,143937.22262140515
2004-05-27 13:30:00,16.571651425260747,16.667457243442307,16.442997181965907,16.588075637817383,221750.8660585823
2004-05-28 13:30:00,16.634609805162473,16.746839842558618,16.54701608806281,16.70304298400879,446789.6097213666
2004-06-01 13:30:00,16.631869296306984,16.741362991746612,16.440259245035044,16.560701370239258,345595.2880809465
2004-06-02 13:30:00,16.495004812212194,16.495004812212194,16.215801052790855,16.33350372314453,416467.8875127577
2004-06-03 13:30:00,16.15010597140077,16.15010597140077,15.84626432512423,15.876373291015623,477111.4512712475
2004-06-04 13:30:00,16.20485039973628,16.341715166411102,16.11725669845657,16.158315658569336,247688.80629670084
2004-06-07 13:30:00,16.385509214071657,16.760520270886442,16.377297110194117,16.72493553161621,375917.1464289449
2004-06-08 13:30:00,16.582595008236627,16.72493553161621,16.522375523632437,16.72493553161621,221385.60810101128
2004-06-09 13:30:00,16.56890367731817,16.59901419365911,16.174732208251953,16.174732208251953,161107.3972154961
2004-06-10 13:30:00,16.380032874306398,16.39371919022641,16.125463952337533,16.215795516967773,116903.30657922426
2004-06-14 13:30:00,16.05430584978439,16.06251795921161,15.764151959421248,15.81068515777588,146494.33804389427
2004-06-15 13:30:00,16.08715084378658,16.109049275471563,15.89006495862174,15.944811820983888,99367.75181470904
2004-06-16 13:30:00,15.931122037064478,15.9365978190594,15.780570924487291,15.884587287902832,202023.43119500807
2004-06-17 13:30:00,15.616327167577104,15.632751375961805,15.34807188458814,15.378182411193848,381762.29636445286
2004-06-18 13:30:00,15.219421920979132,15.534213593100391,15.219421920979132,15.312491416931152,192525.0469301448
2004-06-21 13:30:00,15.43840609587805,15.531475591164876,15.170150739949252,15.178362846374512,81101.63325231672
2004-06-22 13:30:00,15.27416644826221,15.673812316363051,15.260478562008345,15.640965461730955,374455.7934912819
2004-06-23 13:30:00,15.76687463127979,16.037867715584685,15.687491505546529,15.999545097351074,663791.6937016186
2004-06-24 13:30:00,15.99955739001084,16.12273587455296,15.821632042172554,15.87364101409912,435099.2293832056
2004-06-25 13:30:00,15.922909526919788,16.040613776041067,15.901011098392551,15.969444274902344,182296.0121529926
2004-06-28 13:30:00,16.155579389631257,16.155579389631257,15.739510833089366,15.783306121826172,98637.12535036262
2004-06-29 13:30:00,15.832573996789291,16.087142944335938,15.832573996789291,16.087142944335938,982352.9993967488
2004-06-30 13:30:00,16.155573626663358,16.314338344258708,16.04608309442985,16.21853256225586,656485.1017889539
2004-07-01 13:30:00,16.013240804865003,16.013240804865003,15.53694960255175,15.61906909942627,700688.8946921442
2004-07-02 13:30:00,15.49315195314454,15.49315195314454,15.301540325680865,15.326176643371582,305409.77369879186
2004-07-06 13:30:00,15.055174570350475,15.068862451094946,14.608995707250417,14.685639381408691,470535.8596517477
2004-07-07 13:30:00,14.82798329196169,14.994958559545712,14.82798329196169,14.89094066619873,309428.4015346718
2004-07-08 13:30:00,14.825248264326856,14.98401302504127,14.743128776550291,14.743128776550291,280567.84710243176
2004-07-09 13:30:00,14.959378963098532,15.096243752484794,14.904632107564517,14.962115287780762,158915.35820035994
2004-07-12 13:30:00,14.57615072797377,14.685642835594978,14.452972302687243,14.606261253356934,751834.2945623058
2004-07-13 13:30:00,14.72944443588061,14.781453399585592,14.54330700965756,14.630902290344238,542504.1626978859
2004-07-14 13:30:00,14.0286865234375,14.283257006058257,13.932882314122413,14.0286865234375,390530.1172034754
2004-07-15 13:30:00,14.042381303746309,14.209356629112191,13.924677052063974,14.03416919708252,341576.6886861708
2004-07-16 13:30:00,14.12449909626074,14.12449909626074,13.66189425212976,13.70842742919922,569903.4211547142
2004-07-19 13:30:00,13.754956902471866,13.869923205217336,13.590717984579706,13.79875373840332,555656.0485206968
2004-07-20 13:30:00,13.76864764645838,14.138184547424316,13.76864764645838,14.138184547424316,321484.00093598897
2004-07-21 13:30:00,14.343480922834583,14.359905131385773,13.514077186584473,13.514077186584473,1392610.3913775464
2004-07-22 13:30:00,13.62904585394488,14.001319102664723,13.494917404911632,13.891828536987305,884080.9466123892
2004-07-23 13:30:00,13.727588767512522,13.768647727283582,13.440171350218352,13.442909240722656,475650.1895017506
2004-07-26 13:30:00,13.494915391376525,13.544188018138351,13.2047616765067,13.322465896606444,698131.7938257152
2004-07-27 13:30:00,13.40184976302192,13.47575714943042,13.08432257368674,13.393637657165527,410257.38942073577
2004-07-28 13:30:00,13.27319102303808,13.407319413526205,13.007672131528324,13.330674171447754,473458.4326121521
2004-07-29 13:30:00,13.52228992120942,13.80149521439997,13.46480675489939,13.71390151977539,475650.2216818446
2004-07-30 13:30:00,13.713899496785114,13.973942651979812,13.645466345592446,13.87540054321289,914037.6576043072
2004-08-02 13:30:00,13.694743030458808,13.960262074649904,13.694743030458808,13.883618354797363,314542.8056091934
2004-08-03 13:30:00,13.84255444393473,13.848028658381844,13.3991117477417,13.3991117477417,324771.91916262987
2004-08-04 13:30:00,13.330677564995272,13.634517588593502,13.251295979540744,13.52776336669922,423774.4151381386
2004-08-05 13:30:00,13.593455173491025,13.686524619771754,13.330674171447754,13.330674171447754,341211.555601659
2004-08-06 13:30:00,13.34709986770837,13.34709986770837,12.747630373647336,12.854385375976562,1057974.7736593762
2004-08-09 13:30:00,12.879020794007308,12.936503951598842,12.766791585578762,12.85164737701416,379205.07295638026
2004-08-10 13:30:00,12.9885145315174,13.04326058924939,12.879022416053422,13.035048484802246,168779.1152613003
2004-08-11 13:30:00,12.320616087721003,12.473905102169072,12.208386826501796,12.430109024047852,792384.7941761777
2004-08-12 13:30:00,12.293239892486284,12.372621484838376,12.044145120123414,12.109840393066406,876409.2530859765
2004-08-13 13:30:00,12.164583452035297,12.164583452035297,11.962023455646852,12.153635025024414,445328.5011938943
2004-08-16 13:30:00,12.295975594612132,12.3890442788873,12.252178750988367,12.315136909484863,318561.46562044247
2004-08-17 13:30:00,12.58613156011268,12.6655131527589,12.514961289252684,12.52043628692627,292258.190859076
2004-08-18 13:30:00,12.413680753498303,13.002201080322266,12.413680753498303,13.002201080322266,490263.1356520224
2004-08-19 13:30:00,12.947455681544346,13.037786481754065,12.769530405097177,12.889971733093262,140283.93880933983
2004-08-20 13:30:00,12.82427774087984,13.062423313475318,12.783217997366938,12.977566719055176,143937.15204293956
2004-08-23 13:30:00,13.045998006553368,13.245820131094431,13.040523009403955,13.10895538330078,509259.9463280831
2004-08-24 13:30:00,13.111694327269248,13.152753285017738,12.73668322789745,12.8242769241333,488436.5089789131
2004-08-25 13:30:00,12.728471089012082,13.021362705803949,12.64361450022342,12.958404541015623,352536.44908488984
2004-08-26 13:30:00,12.955669315806343,12.955669315806343,12.783219005965364,12.835227966308594,392356.5713123217
2004-08-27 13:30:00,12.903658696782909,13.013151601764894,12.859861848049883,12.93376922607422,140283.93179787113
2004-08-30 13:30:00,12.837963403375367,12.87354893027673,12.61350416239898,12.654563903808594,371533.226208642
2004-08-31 13:30:00,12.59160577463683,12.605292877246074,12.290502830773832,12.52043628692627,335731.5967493636
2004-09-01 13:30:00,12.556018830059712,12.82974908702577,12.556018830059712,12.681934356689451,113615.39161008912
2004-09-02 13:30:00,12.613505389994945,12.794167799890367,12.56149721450718,12.76679515838623,52606.469387549296
2004-09-03 13:30:00,12.40546671923262,12.454738555974046,12.153634888380148,12.16732120513916,524603.5561150841
2004-09-07 13:30:00,12.30418876349522,12.34524850634693,12.008560024631937,12.060569763183594,208964.5997319084
2004-09-08 13:30:00,12.044146728292034,12.183749397723394,11.970239340575487,12.005824089050291,177912.15058933504
2004-09-09 13:30:00,12.315139163266586,12.777743996065473,12.20838414160919,12.673726081848145,495742.9240072795
2004-09-10 13:30:00,12.69562229100154,13.1965488899476,12.681935189892023,13.14727783203125,1155881.2715001972
2004-09-13 13:30:00,13.385425518733452,13.62904610421676,13.223924425315186,13.410061836242676,4624985.363051329
2004-09-14 13:30:00,13.385424272674816,13.467543757095294,13.256771614578543,13.445645332336426,968470.5638877576
2004-09-15 13:30:00,13.243086255560543,13.243086255560543,12.97756724873612,13.04873752593994,549810.6725457667
2004-09-16 13:30:00,13.174654867826185,13.221189617470696,13.024102970537204,13.06242561340332,638949.326389985
2004-09-17 13:30:00,13.196548806769725,13.30056670216982,13.067895382566734,13.28414249420166,525334.158942435
2004-09-20 13:30:00,13.207501380852523,13.80697262949614,13.17739241185687,13.6701078414917,1019980.8840805106
2004-09-21 13:30:00,13.78233496747895,13.894564991165469,13.702953366841763,13.826131820678713,1455810.9666672416
2004-09-22 13:30:00,13.681053821718292,13.69200225097361,13.412796943077408,13.429221153259276,587073.6297877245
2004-09-23 13:30:00,13.467547614244316,13.590726093004305,13.322470704453677,13.48123550415039,204580.67161381143
2004-09-24 13:30:00,13.54966435228464,13.58524909964759,13.078848181372589,13.152754783630373,546522.7630344506
2004-09-27 13:30:00,12.90913257542118,13.150014439422533,12.865335730484686,12.963878631591797,1719208.9590316394
2004-09-28 13:30:00,12.950194170357111,12.977566810792895,12.714784920342408,12.818802833557127,714936.5597888746
2004-09-29 13:30:00,12.843435122979576,13.114428250707762,12.843435122979576,13.007673263549805,1042996.687863383
2004-09-30 13:30:00,13.062420195122144,13.273193077158142,13.054208091750125,13.144538879394531,1376536.3410473503
2004-10-01 13:30:00,13.399118282332068,13.75770378112793,13.366269847031914,13.75770378112793,743066.0983316371
2004-10-04 13:30:00,13.960257851314871,14.138183123962277,13.87813837422386,13.908248901367188,819784.2849243712
2004-10-05 13:30:00,13.89182645696937,13.99310646809557,13.70295118707863,13.861714363098145,473823.6196050364
2004-10-06 13:30:00,13.850761913399245,13.92466926574707,13.675574579329822,13.92466926574707,310524.4360791542
2004-10-07 13:30:00,13.932885597700542,14.05332614328863,13.806969271536657,13.823391914367676,444597.7929167664
2004-10-08 13:30:00,13.659152933976795,13.711161879308865,13.281403999401572,13.37173557281494,492455.13108253095
2004-10-11 13:30:00,13.325204262647189,13.410060067935564,13.166439514577087,13.396373748779297,257187.21366008508
2004-10-12 13:30:00,13.133593367872823,13.248560498009546,13.015889913373886,13.202027320861816,751834.127412561
2004-10-13 13:30:00,13.53324245143754,13.67284514034251,13.344368685948256,13.40732765197754,515104.9226658525
2004-10-14 13:30:00,13.303306585088588,13.385424504633212,12.988515744787978,13.015889167785645,343038.03988365014
2004-10-15 13:30:00,13.125375491960652,13.174647321258036,12.95840025990955,13.040519714355469,252072.7774423474
2004-10-18 13:30:00,13.002200227656123,13.130853652954102,12.843437059409158,13.130853652954102,397105.8594647076
2004-10-19 13:30:00,13.456595838907292,13.566087966859826,13.275934219360352,13.275934219360352,552733.2732985816
2004-10-20 13:30:00,13.171911557165796,13.494912043445392,13.081579996811431,13.388157844543455,333539.7623720652
2004-10-21 13:30:00,13.451119886108415,13.883615743874646,13.451119886108415,13.812444686889648,315273.5102080327
2004-10-22 13:30:00,13.864453091983384,13.864453091983384,13.330678800445794,13.344365119934082,420851.7939613857
2004-10-25 13:30:00,13.399110243603063,13.574297616635494,13.314252880853818,13.453855514526367,488801.88596189657
2004-10-26 13:30:00,13.503130092733286,13.503130092733286,13.267723173559554,13.35805320739746,223212.16326142463
2004-10-27 13:30:00,13.481233535835068,13.88361734306099,13.401850364427313,13.856243133544922,506702.55885270366
2004-10-28 13:30:00,13.878139141363569,14.083437062289947,13.837080183697823,13.946572303771973,1211044.8994228067
2004-10-29 13:30:00,13.952041895120836,14.01773714539687,13.796015088353393,13.92466926574707,227230.82263674575
2004-11-01 14:30:00,13.889090863362584,14.00131932145527,13.850768224997235,13.9766845703125,566980.8296287239
2004-11-02 14:30:00,13.919198881115426,14.097124153573604,13.80149466287986,13.916460990905762,1237713.529535479
2004-11-03 14:30:00,14.373591639697072,14.373591639697072,13.771385726793593,13.812444686889648,865449.5314980642
2004-11-04 14:30:00,13.678321890408274,13.95752728797254,13.637261351766824,13.900042533874512,482591.1735447986
2004-11-05 14:30:00,14.151875677127473,14.283266271838563,14.028695624073812,14.12176513671875,837684.7313675871
2004-11-08 14:30:00,14.121753571148345,14.242194067844272,14.061532539651305,14.127227783203123,217367.12750393696
2004-11-09 14:30:00,14.13818449419763,14.1463965993325,13.979419738754943,14.023218154907228,191794.43309864184
2004-11-10 14:30:00,14.01500156840398,14.01500156840398,13.77959318414036,13.815177917480469,494281.81134901306
2004-11-11 14:30:00,13.919196944677584,14.124494825476376,13.894560635114258,14.097122192382812,271800.1753495355
2004-11-12 14:30:00,14.206621339871075,14.379072478794324,14.04238387541503,14.351699829101562,544695.9888358231
2004-11-15 14:30:00,14.32158099981195,14.652793628535528,14.26683416580974,14.576149940490724,443867.2095453338
2004-11-16 14:30:00,14.447497417283587,14.622686366625238,14.37906582471918,14.483083724975586,362034.8589751474
2004-11-17 14:30:00,14.775971652995349,15.0743373947694,14.718486936715577,14.86903953552246,823437.714451081
2004-11-18 14:30:00,14.778713744185067,15.079815894806671,14.691118483240231,15.06339168548584,712379.364095637
2004-11-19 14:30:00,15.022329287018971,15.022329287018971,14.611733545854356,14.614471435546877,836954.613862456
2004-11-22 14:30:00,14.518670070415718,14.669221156989307,14.461186899791274,14.666484832763672,315638.8330939148
2004-11-23 14:30:00,14.693861981888483,14.77050727710701,14.47213977032712,14.562471389770508,229787.9225595942
2004-11-24 14:30:00,14.696595945032168,14.732180691765326,14.603526459100385,14.682908058166504,220289.59354435804
2004-11-26 14:30:00,14.729447391156008,14.729447391156008,14.595318901726772,14.59805679321289,61008.87339607865
2004-11-29 14:30:00,14.775971927943012,14.84166718147254,14.50224092175412,14.565199851989746,439118.0631556176
2004-11-30 14:30:00,14.61720931479961,14.61720931479961,14.37085247039795,14.37085247039795,395644.5876618587
2004-12-01 14:30:00,14.466654402087746,14.973055839538574,14.466654402087746,14.973055839538574,290431.69993198256
2004-12-02 14:30:00,14.849884266089909,15.148251711287047,14.806088977389296,14.847147941589355,790192.9715153739
2004-12-03 14:30:00,15.304273501263244,15.397341395589471,15.126348249679038,15.137296676635742,507798.70362812513
2004-12-06 14:30:00,15.15098679263756,15.30974997099722,15.014120471418329,15.233104705810549,266685.6108043865
2004-12-07 14:30:00,15.25500384582763,15.416503339184745,14.929263836376546,14.932000160217283,466517.1835159453
2004-12-08 14:30:00,14.84988734726802,14.84988734726802,14.628166701764536,14.677437782287598,700688.7678683524
2004-12-09 14:30:00,14.302426695689965,14.60626682283328,14.12997558149303,14.496774673461914,1275341.3612815498
2004-12-10 14:30:00,14.614474020724757,14.614474020724757,14.338005065917969,14.338005065917969,251342.06568258264
2004-12-13 14:30:00,14.540572670337248,14.540572670337248,14.40370786449452,14.466665267944336,168413.72717625313
2004-12-14 14:30:00,14.598051480579564,14.77597677123792,14.598051480579564,14.70480728149414,865814.8656848373
2004-12-15 14:30:00,14.732181250756962,14.88273234900184,14.696596502673591,14.767765998840332,416102.5497953681
2004-12-16 14:30:00,14.767764424384298,14.879994438142706,14.483084903769225,14.567940711975098,1034228.6602817972
2004-12-17 14:30:00,14.573409852685918,14.584358276879325,14.39274675681122,14.431069374084473,910384.668220937
2004-12-20 14:30:00,14.452971616298704,14.56793793226642,14.255885831940365,14.266834259033203,697401.2324981651
2004-12-21 14:30:00,14.329793741633184,14.4940311183596,14.283259008973069,14.46392059326172,1595364.623644712
2004-12-22 14:30:00,14.521407327640407,14.589840498461008,14.455712047520285,14.53509521484375,498300.1628223378
2004-12-23 14:30:00,14.535093858130493,14.60626334670954,14.502245437987003,14.567940711975098,340115.46546179906
2004-12-27 14:30:00,14.592574644653208,14.671956225308044,14.42286148965048,14.48581886291504,152339.60499772144
2004-12-28 14:30:00,14.442024826000653,14.562466948526204,14.411914295369266,14.510457992553713,259013.81046390225
2004-12-29 14:30:00,14.540567472587307,14.71849118669147,14.494032734737628,14.647321701049805,212983.16277997737
2004-12-30 14:30:00,14.65279842852028,14.75134213548592,14.65279842852028,14.707545280456545,400028.34175821405
2004-12-31 14:30:00,14.70481345160898,14.792405622147918,14.671965017144762,14.726710319519045,437656.44466821983
2005-01-03 14:30:00,14.885460466917865,14.890934678498438,14.442016436632906,14.480339050292969,821611.2808468218
2005-01-04 14:30:00,14.480346915905608,14.521405874509856,13.845292604959786,14.042378425598145,1241731.9816135026
2005-01-05 14:30:00,13.913721812030316,14.0670107573004,13.75769497680415,13.820653915405272,1383477.441107877
2005-01-06 14:30:00,13.85076777713424,13.962996231598034,13.72211354527468,13.754961967468262,1950823.2784259
2005-01-07 14:30:00,13.842554013785383,13.987630873068184,13.681052945372771,13.823391914367676,712744.6951360815
2005-01-10 14:30:00,13.842554013785383,13.982156658791178,13.790545062406848,13.823391914367676,301391.27293042914
2005-01-11 14:30:00,13.596200518088448,13.661895804621606,13.434699409573703,13.505868911743164,826725.189433926
2005-01-12 14:30:00,13.67557774744934,13.77685775263372,13.481229841054809,13.69200038909912,415372.0023879469
2005-01-13 14:30:00,13.639992966918529,13.744010861882424,13.535975071954631,13.560609817504885,3571030.198328613
2005-01-14 14:30:00,13.672840996483362,13.820655747737044,13.648206248806956,13.71390151977539,241478.33834999945
2005-01-18 14:30:00,13.68653072161612,13.839818141516258,13.631783871966908,13.826131820678713,129324.23643668846
2005-01-19 14:30:00,13.8097061524768,13.8097061524768,13.434695091682505,13.45659351348877,717128.6206116243
2005-01-20 14:30:00,13.358046800919348,13.535972025081348,13.319724179880124,13.330674171447754,902347.47573458
2005-01-21 14:30:00,13.4648045610037,13.4648045610037,13.193811416625977,13.193811416625977,1074779.7082903194
2005-01-24 14:30:00,13.237608145532562,13.237608145532562,12.900918960571287,12.900918960571287,4124859.887257113
2005-01-25 14:30:00,13.08432174199985,13.193814652443113,13.08432174199985,13.117169380187988,564788.9264115663
2005-01-26 14:30:00,13.33341590905384,13.50312751379662,13.05694694618511,13.462068557739258,1061262.61557628
2005-01-27 14:30:00,13.47301477889036,13.62082791907602,13.410055851011004,13.60987949371338,360938.9872169372
2005-01-28 14:30:00,13.659151325735152,13.686525523312223,13.396370306343924,13.475751876831056,235998.55499686845
2005-01-31 14:30:00,13.68653104075933,13.722114222727468,13.593461550815377,13.642732620239258,492089.6678480819
2005-02-01 14:30:00,13.653678896246523,13.8452904728231,13.653678896246523,13.80970573425293,372629.2486888943
2005-02-02 14:30:00,13.864451003961303,13.891825205114124,13.757695221952163,13.80970573425293,97541.18568621058
2005-02-03 14:30:00,13.68926573112416,13.708426265196517,13.527764654675154,13.615358352661133,189237.1777082412
2005-02-04 14:30:00,13.801497604824345,14.20388140498638,13.771387071294638,14.190195083618164,271800.0795994596
2005-02-07 14:30:00,14.162820723084968,14.321583911258903,14.124498088122635,14.151870727539062,203119.4389605125
2005-02-08 14:30:00,14.12997312902651,14.52414479834908,14.12997312902651,14.436551094055176,895771.2863429949
2005-02-09 14:30:00,14.43928705109519,14.43928705109519,14.075225922671398,14.086175918579102,324406.57524705114
2005-02-10 14:30:00,14.343490864895,14.343490864895,14.067021716980394,14.17377758026123,199466.0930356393
2005-02-11 14:30:00,14.179240297959344,14.721226585849712,14.124495030975718,14.622684478759766,1195701.5604517213
2005-02-14 14:30:00,14.652796946439777,14.710281683363144,14.57615324104016,14.666484832763672,237459.77026741276
2005-02-15 14:30:00,14.734919405363504,14.93474316389614,14.622690931999337,14.748605728149414,835858.222723597
2005-02-16 14:30:00,14.636372674965372,14.743126899070909,14.535092665001434,14.639110565185549,608627.7249967753
2005-02-17 14:30:00,14.609002210793196,14.729442771315536,14.398228488855876,14.420126914978027,321849.30730588123
2005-02-18 14:30:00,14.376329359425634,14.504983585536213,14.370855144737648,14.409177780151367,396009.83676214586
2005-02-22 14:30:00,14.277788115527835,14.740392960785556,14.277788115527835,14.38180446624756,570999.3878815669
2005-02-23 14:30:00,14.507717040596388,14.507717040596388,14.171027096289212,14.324316024780272,465055.9744673383
2005-02-24 14:30:00,14.42833760045887,14.641847625709968,14.272310742333293,14.63363552093506,821610.8551355832
2005-02-25 14:30:00,14.685647578712423,14.912843971192832,14.611740186410437,14.893683433532717,758409.8597702694
2005-02-28 14:30:00,14.959376993721436,15.057919127890896,14.625424821416312,14.7157564163208,515470.344690018
2005-03-01 14:30:00,14.904633721050953,15.049712199086793,14.84715053461192,15.041500091552734,511451.6721746856
2005-03-02 14:30:00,15.041486013715778,15.041486013715778,14.73764458452865,14.825238227844238,445328.6942127984
2005-03-03 14:30:00,14.822505381200626,14.822505381200626,14.491292783683388,14.62541961669922,747815.8547702301
2005-03-04 14:30:00,14.721226585849712,14.808820266062355,14.562463432038935,14.622684478759766,242939.66932489903
2005-03-07 14:30:00,14.713016069618646,15.000431854285674,14.710278179746178,14.866303443908691,451904.3165872371
2005-03-08 14:30:00,14.808830613659412,15.000442314586936,14.61721891273189,14.641855239868164,571729.7997446508
2005-03-09 14:30:00,14.70754725191398,14.808827296958002,14.551520347595217,14.551520347595217,435464.5839809285
2005-03-10 14:30:00,14.576153476727283,14.762290877934232,14.474873453865737,14.743128776550291,712013.9765659369
2005-03-11 14:30:00,14.800616309185427,14.84715106477362,14.34622345140462,14.41465663909912,469804.8763789655
2005-03-14 14:30:00,14.42560266416793,14.494034266710678,14.373592140157069,14.436551094055176,294450.1047277544
2005-03-15 14:30:00,14.507721868122417,14.513194516659398,14.181981807750551,14.184718132019045,390164.66257511976
2005-03-16 14:30:00,14.14639225722467,14.343478021071189,14.00678964537942,14.045110702514648,878236.1117935142
2005-03-17 14:30:00,14.072490459332322,14.16008416675689,14.028692039321,14.07522678375244,633104.2348081113
2005-03-18 14:30:00,14.05058957264908,14.061538001010897,13.864452193809296,13.89456272125244,524603.4854856085
2005-03-21 14:30:00,13.98215706231099,14.03690233925856,13.804231779633714,13.938360214233398,1506225.6756729018
2005-03-22 14:30:00,14.105335473789118,14.11080968821326,13.80696964263916,13.80696964263916,525334.1076667309
2005-03-23 14:30:00,13.908250358042643,14.058803009527368,13.908250358042643,13.965733528137209,495012.2948897009
2005-03-24 14:30:00,14.064279219982271,14.105338185505069,13.976685507161005,13.98489761352539,186679.88693301825
2005-03-28 14:30:00,14.099863074266803,14.17924467568059,13.952048301696776,13.952048301696776,275087.99176310404
2005-03-29 14:30:00,13.91646118580586,14.006792768404877,13.722111701965332,13.722111701965332,204946.06857878595
2005-03-30 14:30:00,13.864455683553835,14.069753646850586,13.798760397950844,14.069753646850586,193621.014849247
2005-03-31 14:30:00,14.06975254161002,14.06975254161002,13.932887765596568,13.952048301696776,255360.56605897707
2005-04-01 14:30:00,14.056063737488662,14.105334797541415,13.765908458736323,13.771384239196776,269973.5216815833
2005-04-04 13:30:00,13.72485077869636,13.771385519142695,13.62357075894742,13.71937656402588,367879.987910308
2005-04-05 13:30:00,13.71390321051245,13.85898008933306,13.670106357800607,13.70842742919922,471631.6132761128
2005-04-06 13:30:00,13.823392907960608,13.897300288058243,13.7139023493554,13.71937656402588,165125.87342150864
2005-04-07 13:30:00,13.796021423284078,13.962996731954316,13.724851927712963,13.952048301696776,221385.5551240917
2005-04-08 13:30:00,14.001314996433123,14.036899733101984,13.900034999845168,13.910984992980955,372263.9457863228
2005-04-11 13:30:00,13.932887804178304,13.968472552062398,13.77138671018962,13.796021461486816,195082.32031171743
2005-04-12 13:30:00,13.768647317879438,13.79054574236598,13.45659516052092,13.76317310333252,370437.25537328055
2005-04-13 13:30:00,13.741273026468823,13.741273026468823,13.404584594687384,13.44016933441162,339384.86353440164
2005-04-14 13:30:00,13.407323761613773,13.459331147956824,13.23761058451376,13.240346908569336,452634.8825333075
2005-04-15 13:30:00,13.029574845473428,13.04599905509236,12.78321718323539,12.8242769241333,930477.0294459922
2005-04-18 13:30:00,12.829750569313982,13.010412951359095,12.78047872579281,12.88723373413086,735029.3939190323
2005-04-19 13:30:00,13.14727969240199,13.22666128758287,13.067897314071653,13.171916007995604,311620.2860534378
2005-04-20 13:30:00,13.371741131421471,13.399115343601013,12.96662017708604,12.985780715942385,515470.25304742495
2005-04-21 13:30:00,13.243083509303014,13.467541941242564,13.20749720335649,13.45659351348877,527891.4196555258
2005-04-22 13:30:00,13.399109712427386,13.410058139658556,13.139064986954562,13.248557090759276,309793.7337277344
2005-04-25 13:30:00,13.330675177852246,13.371734125159398,13.207495203333911,13.297826766967772,238190.4897824708
2005-04-26 13:30:00,13.248559827611963,13.503128825758797,13.199288762296208,13.254034042358398,179008.1346325068
2005-04-27 13:30:00,13.076104589436666,13.254029031824883,13.010409338418016,13.160961151123049,202388.86546261277
2005-04-28 13:30:00,13.24308452175642,13.24308452175642,13.002201080322266,13.002201080322266,904173.8157516804
2005-04-29 13:30:00,13.076107568969546,13.18286257198743,12.837962033975602,13.14727783203125,1401378.1787214782
2005-05-02 13:30:00,13.147280709348706,13.215712314125994,13.07063621558882,13.139068603515623,151974.24263891243
2005-05-03 13:30:00,13.180129721518227,13.256775010960212,13.081587568006292,13.106223106384276,447154.9100329909
2005-05-04 13:30:00,13.166437519080237,13.459329090270572,13.163701195442997,13.401845932006836,562597.1151482823
2005-05-05 13:30:00,13.440173274025977,13.574301734555332,13.382690095598864,13.434699058532717,223577.4764268221
2005-05-06 13:30:00,13.503127882499298,13.56608682973154,13.42922050653899,13.533238410949709,150512.97269486787
2005-05-09 13:30:00,13.544192837553783,13.590726024321668,13.423750684344212,13.585251808166504,143937.11611283798
2005-05-10 13:30:00,13.535975125807036,13.535975125807036,13.40184670459372,13.44016933441162,99733.11920871004
2005-05-11 13:30:00,13.5277638272103,13.5277638272103,13.27045696354069,13.462068557739258,313446.92742321803
2005-05-12 13:30:00,13.546925603686846,13.670104035223275,13.470280341313796,13.514077186584473,219558.98353040536
2005-05-13 13:30:00,13.582506449718467,14.015000564317653,13.582506449718467,13.943829536437988,1011579.0345023806
2005-05-16 13:30:00,13.960258191517877,14.02321713755138,13.856240289087657,13.995842933654783,217001.71719178057
2005-05-17 13:30:00,13.982153962450685,14.105332374572754,13.930145021101636,14.105332374572754,405873.65914894233
2005-05-18 13:30:00,14.192929724825754,14.31063395419154,14.02321810694848,14.275049209594728,2380077.5922114705
2005-05-19 13:30:00,14.321585921542718,14.439288600814749,14.23399064377663,14.302425384521484,2460813.576952467
2005-05-20 13:30:00,14.296947764403656,14.422864100020789,14.212091954693692,14.409177780151367,249515.42297836312
2005-05-23 13:30:00,14.425599682172344,14.52414179598331,14.340742319742096,14.442022323608398,204946.08300110183
2005-05-24 13:30:00,14.406435675272048,14.619945648633465,14.370850940761557,14.614471435546877,443867.2439296744
2005-05-25 13:30:00,14.589837934225574,14.589837934225574,14.384540024144917,14.49129581451416,356555.0178822624
2005-05-26 13:30:00,14.60352813034116,14.781453450667865,14.60352813034116,14.737656593322754,311254.9124722321
2005-05-27 13:30:00,14.737651434312069,14.737651434312069,14.551514072604352,14.674694061279297,1063089.333754107
2005-05-31 13:30:00,14.734919125012093,14.7814538746382,14.611740655983285,14.644587516784668,1031305.859984164
2005-06-01 13:30:00,14.641846006249551,14.849880227775213,14.587099169238384,14.75407600402832,831839.9840214805
2005-06-02 13:30:00,14.754072519923756,14.973056683659037,14.754072519923756,14.970318794250488,561866.5777523924
2005-06-03 13:30:00,15.000441879525944,15.000441879525944,14.819780184665309,14.841678619384766,1154419.30964359
2005-06-06 13:30:00,14.795132223488306,14.795132223488306,14.639106977746222,14.740386962890623,999523.3275294869
2005-06-07 13:30:00,14.797871839185053,14.959372882864432,14.5953102789694,14.622684478759766,1223466.0940888526
2005-06-08 13:30:00,14.808819277171551,14.855354004039018,14.691115081458443,14.734911918640137,633835.1194365295
2005-06-09 13:30:00,14.734914818375028,15.019595882377857,14.644583236549202,15.014120101928713,505972.027470987
2005-06-10 13:30:00,14.951165252211467,14.962113682364006,14.723968880406613,14.78692626953125,570999.3828012457
2005-06-13 13:30:00,14.740393481081943,14.90189457733816,14.69933295117838,14.76229190826416,211156.5160243769
2005-06-14 13:30:00,14.756818587970583,14.822513880474265,14.6336401103136,14.663750648498535,169875.02348619024
2005-06-15 13:30:00,14.721229941193666,14.77050257226768,14.447498844989576,14.696595191955566,608627.6644289928
2005-06-16 13:30:00,14.696591350730372,14.871778705296892,14.696591350730372,14.808819770812988,407700.2707272775
2005-06-17 13:30:00,14.822506087101184,14.901889227650326,14.740388189372002,14.808819770812988,202388.84407070943
2005-06-20 13:30:00,14.682902246445344,14.789658010688212,14.633631198647755,14.740386962890623,260109.87178398925
2005-06-21 13:30:00,14.754079315961436,14.863571448263444,14.754079315961436,14.836198806762695,273992.02809406153
2005-06-22 13:30:00,14.904631406254753,14.95937825921276,14.827987691672485,14.951166152954102,434368.6661860608
2005-06-23 13:30:00,14.99496001529752,15.317962154259943,14.951163168194098,14.956637382507324,1797753.265790445
2005-06-24 13:30:00,14.967588445533732,14.967588445533732,14.663746818134578,14.671958923339844,225404.12229997356
2005-06-27 13:30:00,14.617209695982256,14.63363390371697,14.387277052890898,14.442022323608398,1513897.6255910269
2005-06-28 13:30:00,14.576151556395438,14.622686292141204,14.494032079437686,14.611736297607422,485148.6328637453
2005-06-29 13:30:00,14.644583720453,14.644583720453,14.513193178709557,14.548779487609863,628355.1324863078
2005-06-30 13:30:00,14.592570378173464,14.64457774253939,14.422857272790337,14.431069374084473,1026922.6735028308
2005-07-01 13:30:00,14.50771826444241,14.537827221710538,14.414648803854975,14.469395637512209,153070.25676660848
2005-07-05 13:30:00,14.428335650228028,14.70206669596323,14.406437229221156,14.674694061279297,188141.2394788196
2005-07-06 13:30:00,14.674700616111926,14.918321245994775,14.674700616111926,14.803353309631348,809554.9523428692
2005-07-07 13:30:00,14.567938828103085,14.863568305969238,14.567938828103085,14.863568305969238,947647.2948425856
2005-07-08 13:30:00,14.8635775172328,15.20026615732269,14.8635775172328,15.181105613708496,905634.613745743
2005-07-11 13:30:00,15.32890853534056,15.531468513864947,15.32890853534056,15.525994300842283,526064.8878375768
2005-07-12 13:30:00,15.520519527583394,15.712131092482991,15.479460577804282,15.65738582611084,1063454.7147425571
2005-07-13 13:30:00,15.657399791850128,15.73678143867394,15.55611813938533,15.701196670532228,1292145.644451879
2005-07-14 13:30:00,16.013243005650853,16.013243005650853,15.73677550893272,15.86269187927246,7213660.590752083
2005-07-15 13:30:00,15.86267966082083,15.865415983662244,15.649169730581916,15.816144943237305,915133.8852767324
2005-07-18 13:30:00,15.766880094628052,15.79425273158052,15.646437985959205,15.734031677246094,981987.591857793
2005-07-19 13:30:00,15.786044946832352,16.057038199191464,15.786044946832352,16.05430030822754,942167.1526825762
2005-07-20 13:30:00,15.769616971634072,16.273282280497575,15.761404867000556,16.210323333740234,787635.8533444061
2005-07-21 13:30:00,16.193896158213473,16.371821404651573,15.881844070792996,15.947539329528809,425601.0840554719
2005-07-22 13:30:00,16.14462543442275,16.191160164336623,15.939327550906388,16.051557540893555,703977.057749269
2005-07-25 13:30:00,16.11725861358372,16.21306443152986,15.977655939793571,16.018714904785156,319657.3447743742
2005-07-26 13:30:00,16.144628719747132,16.25959505669564,16.067985017214415,16.245908737182617,439117.9300584031
2005-07-27 13:30:00,16.10905346429558,16.17748666846805,15.920179637687324,16.122739791870117,657215.2170263692
2005-07-28 13:30:00,16.150107768730955,16.204853057861328,16.03240195124245,16.204853057861328,197639.5608056017
2005-07-29 13:30:00,16.13094048067225,16.177475214518054,16.01323626730824,16.106304168701172,969566.6597823724
2005-08-01 13:30:00,16.14188863198352,16.191159684002155,16.046082851431535,16.133676528930664,1036420.8469559068
2005-08-02 13:30:00,16.1774692638635,16.492257592010933,16.1774692638635,16.478572845458984,444963.3104763483
2005-08-03 13:30:00,16.418368271733442,16.46216514326972,16.32803663682749,16.399206161499023,448250.7674367727
2005-08-04 13:30:00,16.267800108417998,16.267800108417998,16.046079635620117,16.046079635620117,598033.5800100014
2005-08-05 13:30:00,15.985861928147274,16.084404032933946,15.887318257062086,15.963963508605955,301756.6489514069
2005-08-08 13:30:00,15.983130436402462,16.054299936826325,15.859951972961426,15.859951972961426,291162.1706318532
2005-08-09 13:30:00,15.917434648471875,16.125470493966407,15.917434648471875,16.073461532592773,188506.50538742583
2005-08-10 13:30:00,16.08166764972558,16.21032185552025,15.80793816296427,15.848997116088867,1293242.660064055
2005-08-11 13:30:00,15.821617630807305,16.035127540474562,15.796982896117456,16.02417755126953,257917.9981060038
2005-08-12 13:30:00,15.865425317322584,15.879111638475749,15.68202579453188,15.739510536193848,1243558.4482448664
2005-08-15 13:30:00,15.739513828149754,15.988607118054468,15.71487750514188,15.944811820983888,257917.7675778845
2005-08-16 13:30:00,15.898277233109589,15.898277233109589,15.608121835514472,15.62454605102539,260109.70055038217
2005-08-17 13:30:00,15.725831118409172,15.890070193301655,15.725831118409172,15.843535423278809,1105831.1972605318
2005-08-18 13:30:00,15.7258227309504,16.03513860278589,15.682025876511698,15.698450088500977,371167.85452758754
2005-08-19 13:30:00,15.75320409345478,15.838061524838809,15.695720885972015,15.701196670532228,1044091.6742559994
2005-08-22 13:30:00,15.84900327538476,15.939334886922262,15.775095877999398,15.931122779846191,1472250.2527238412
2005-08-23 13:30:00,15.90373912081052,15.98585856840608,15.816145461054768,15.881840705871582,255360.70453712012
2005-08-24 13:30:00,15.818888375715243,16.078933140412122,15.755930993893283,15.766880989074709,945089.9389957148
2005-08-25 13:30:00,15.821625403101196,15.917431198942902,15.766880129076652,15.865422248840332,9150969.916184086
2005-08-26 13:30:00,15.859948249305845,15.859948249305845,15.67107297898865,15.72308349609375,907461.7335709044
2005-08-29 13:30:00,15.68476245941192,15.944807239894958,15.660126143482286,15.906484603881836,378474.33991571993
2005-08-30 13:30:00,15.824367381696812,15.969444274902344,15.72582367017468,15.969444274902344,213348.43907284105
2005-08-31 13:30:00,15.95301787930501,16.15010527538458,15.865424177180287,16.136417388916016,636392.1775906517
2005-09-01 13:30:00,16.03513165413412,16.117251112195866,15.942063770356608,15.980384826660156,2391768.697462643
2005-09-02 13:30:00,16.005025401895907,16.03239803978293,15.8818469651055,15.922905921936035,265954.96371458314
2005-09-06 13:30:00,16.029662128461034,16.19937530706773,16.024186347703612,16.17747688293457,258283.17926556096
2005-09-07 13:30:00,16.152834611734583,16.27875089564076,16.043342531446232,16.188419342041016,343403.50500990055
2005-09-08 13:30:00,16.177478967317146,16.4594206269962,16.177478967317146,16.41836166381836,641141.3312693498
2005-09-09 13:30:00,16.451208893957766,16.53880260376165,16.341716756702912,16.481319427490234,3024871.853329226
2005-09-12 13:30:00,16.500481095540955,16.522381090792628,16.412888946030197,16.451210021972656,150878.25963354702
2005-09-13 13:30:00,16.423845833890063,16.675678679660376,16.412897396926134,16.59903335571289,1194604.4914471116
2005-09-14 13:30:00,16.752307773072758,16.752307773072758,16.429305670878787,16.505950927734375,351440.52805495623
2005-09-15 13:30:00,16.505951902450196,16.522376110788944,16.300653997112004,16.341712951660156,283125.1488136228
2005-09-16 13:30:00,16.41015162429634,16.41288951537257,16.237700511376403,16.396465301513672,239651.65832021748
2005-09-19 13:30:00,16.347190092491108,16.39646115530929,16.10630586027145,16.161052703857422,297738.0349404453
2005-09-20 13:30:00,16.19664087866732,16.358141986957055,16.05430030822754,16.05430030822754,422313.00058203103
2005-09-21 13:30:00,15.994079756775836,15.994079756775836,15.766883376916262,15.832578659057615,446059.0029962061
2005-09-22 13:30:00,15.7340306807114,15.859946995535926,15.578003840626751,15.7586669921875,700689.1073192223
2005-09-23 13:30:00,15.720347128813293,15.966704021721714,15.64643974768098,15.887322425842283,364592.0782468884
2005-09-26 13:30:00,16.125312890479726,16.158177730854195,15.848707274682589,15.930866241455078,419911.2394793233
2005-09-27 13:30:00,15.91168500137375,15.963719917521216,15.648772730574386,15.752840995788574,1090674.5647897564
2005-09-28 13:30:00,15.755588834669927,15.919909876962128,15.64878125413712,15.74189567565918,355646.61783844425
2005-09-29 13:30:00,15.750114694733554,16.04041347855454,15.654260997473784,15.988378524780272,298319.5430488344
2005-09-30 13:30:00,16.02945198879005,16.31427368662737,16.02123578239037,16.229373931884766,636439.6691051428
2005-10-03 13:30:00,16.34988090774209,16.538849008067956,16.34988090774209,16.38274574279785,3571436.95481005
2005-10-04 13:30:00,16.382747689932057,16.500509183993913,16.163652420043945,16.163652420043945,319132.5557215848
2005-10-05 13:30:00,16.166391366060658,16.17460757564208,15.895262718200684,15.895262718200684,274585.45371618145
2005-10-06 13:30:00,15.906219847040026,15.974685655562444,15.503634938016964,15.678908348083496,3023360.797132598
2005-10-07 13:30:00,15.741896667693696,15.82953414455058,15.68986171992471,15.766545295715332,352360.3332506473
2005-10-10 13:30:00,15.637832676300178,15.637832676300178,15.290021896362305,15.290021896362305,642281.4426720307
2005-10-11 13:30:00,15.32288818755672,15.363969257835697,14.95864491121784,15.018896102905272,1447415.087474618
2005-10-12 13:30:00,14.953159678273908,15.05722957591575,14.81896420146828,14.98602294921875,1204597.633050918
2005-10-13 13:30:00,15.018889975280455,15.268107720241323,14.909343111035367,15.243460655212402,342866.6300840838
2005-10-14 13:30:00,15.28180210722321,15.366700337456074,15.079139237597088,15.221550941467283,268012.8989540913
2005-10-17 13:30:00,15.237977033003094,15.292749657606713,15.120214009607793,15.248930931091309,280792.9222148084
2005-10-18 13:30:00,15.240726400622066,15.240726400622066,15.073667573675628,15.139395713806152,246834.68139171708
2005-10-19 13:30:00,14.90933963588464,15.210592267029554,14.775144170807687,15.19963836669922,691575.6642625136
2005-10-20 13:30:00,15.240716282245762,15.432423622121757,15.161295028201463,15.227023124694824,575826.2588535094
2005-10-21 13:30:00,15.377650566555564,15.470764975575156,15.331092578505077,15.374911308288574,508275.3167380019
2005-10-24 13:30:00,15.424205971949185,15.550185203552246,15.287272842162174,15.550185203552246,368061.46049281006
2005-10-25 13:30:00,15.45981483592331,15.45981483592331,15.265368195800953,15.314663887023926,389969.7602572679
2005-10-26 13:30:00,15.35848645417744,15.500898179627004,15.268109691848938,15.30371379852295,495495.16181327886
2005-10-27 13:30:00,15.259894738778764,15.28454180649233,14.942208014323516,14.975072860717772,994641.7450671236
2005-10-28 13:30:00,14.775149191977922,14.96137809753418,14.58891871933954,14.96137809753418,1309392.5497614697
2005-10-31 14:30:00,15.15034121532184,15.3584794051961,15.142125007328175,15.281797409057615,1054890.3312292977
2005-11-01 14:30:00,15.199638894322414,15.210592795032987,15.070920374942435,15.117478370666504,1017645.88669128
2005-11-02 14:30:00,15.18320466851368,15.670689234973931,15.18320466851368,15.64877986907959,318767.4793153852
2005-11-03 14:30:00,15.884311736733318,16.056849052518064,15.84323224430381,15.939085960388184,1773850.7411473575
2005-11-04 14:30:00,15.769287963467496,16.054111420210603,15.769287963467496,15.999337196350098,1520808.6268303182
2005-11-07 14:30:00,16.048639926193015,16.11163038956091,15.898013487033426,16.02125358581543,1609536.972988842
2005-11-08 14:30:00,16.021241490990985,16.119834435836108,15.884306758312668,16.002071380615234,168694.79194354406
2005-11-09 14:30:00,16.262243880378207,16.275937039664214,15.944558823946885,16.245811462402344,368791.659954982
2005-11-10 14:30:00,16.295111109516263,16.415613447849932,16.106142958113022,16.366317749023438,366965.8694828279
2005-11-11 14:30:00,16.511470323921206,16.52242579636532,16.306069711105454,16.32250213623047,1109295.6193095054
2005-11-14 14:30:00,16.36083698646416,16.41834888287916,16.30606278168505,16.377267837524414,1534319.3460126794
2005-11-15 14:30:00,16.363578344843564,16.464908991251246,16.22664359886608,16.25676918029785,257058.7056149729
2005-11-16 14:30:00,16.30058153268117,16.306058481590252,16.133522837844886,16.248546600341797,413338.876181224
2005-11-17 14:30:00,16.212943731079577,16.45394671575923,16.163646490720566,16.432037353515625,706181.4521446016
2005-11-18 14:30:00,16.5936302574161,16.812724027222448,16.555288455929425,16.722347259521484,835440.5768874113
2005-11-21 14:30:00,16.684004102509437,16.755209173452645,16.588150399124977,16.645662307739258,247565.0394901136
2005-11-22 14:30:00,16.62100797240405,16.9715593894899,16.62100797240405,16.87570571899414,2371586.2583962213
2005-11-23 14:30:00,16.90309875282024,17.100283121823647,16.89762180100733,16.916791915893555,530913.7873901925
2005-11-25 14:30:00,16.971560222015317,17.075628538529276,16.952388546726848,17.02633285522461,411513.0996307483
2005-11-28 14:30:00,17.12219468348333,17.12219468348333,16.81820109634222,16.83189582824707,572174.5519680363
2005-11-29 14:30:00,16.900353865776044,16.99894680098862,16.74698829650879,16.74698829650879,424293.0030084582
2005-11-30 14:30:00,16.809986859131687,17.03729843655797,16.80724916609486,16.938705444335938,330451.76049121923
2005-12-01 14:30:00,17.14409717088652,17.54942126849225,17.14409717088652,17.513818740844727,2048071.6986131447
2005-12-02 14:30:00,17.52477260463375,17.702786809578853,17.489170077061058,17.500123977661133,470300.651338595
2005-12-05 14:30:00,17.472748292059283,17.472748292059283,17.20161949869253,17.26460838317871,301970.8089827387
2005-12-06 14:30:00,17.45631214769571,17.634324840009494,17.3659353882334,17.431663513183594,1588724.773339321
2005-12-07 14:30:00,17.42344449296913,17.42344449296913,17.15779277646348,17.207088470458984,476507.9667725991
2005-12-08 14:30:00,17.261860480921392,17.357714164681223,16.842843217699556,16.968822479248047,690845.3548847587
2005-12-09 14:30:00,16.987991929949576,17.242689701900787,16.89213824990934,17.201608657836914,310369.2253906012
2005-12-12 14:30:00,17.34950317821469,17.3741518130294,17.220784619180712,17.333070755004883,376824.6255937125
2005-12-13 14:30:00,17.330330881383716,17.505607444274265,17.22626252793399,17.349502563476562,418450.6165035351
2005-12-14 14:30:00,17.35224336295607,17.407016020466266,17.209831632681585,17.302946090698242,205939.0285884926
2005-12-15 14:30:00,17.36045987151889,17.376892297368816,17.196140314266806,17.23174285888672,188412.28252558332
2005-12-16 14:30:00,17.234473102321477,17.25912016111937,17.138619424454586,17.14409637451172,256328.47195799404
2005-12-19 14:30:00,17.144091692529795,17.144091692529795,16.77984718927667,16.79901885986328,296859.12338132714
2005-12-20 14:30:00,16.788072007925187,16.97978097673215,16.67852514509402,16.829153060913086,549170.8395125057
2005-12-21 14:30:00,16.842845000078015,17.009903757881705,16.801765517154458,16.872970581054688,452773.8633208746
2005-12-22 14:30:00,16.955140195000013,17.10028965956882,16.925014597888346,17.081119537353516,317671.81460714433
2005-12-23 14:30:00,17.14957870842242,17.237216205175315,17.100283008269436,17.133146286010742,175997.55654840198
2005-12-27 14:30:00,17.259125726727724,17.2782974087324,16.927745851645653,16.952394485473633,1673072.1934010107
2005-12-28 14:30:00,16.95238529448833,17.009897175157302,16.79901975701067,16.963340759277344,221640.1946731588
2005-12-29 14:30:00,17.007171779295312,17.03729737039232,16.799031901564092,16.812725067138672,219814.33399397144
2005-12-30 14:30:00,16.705911329237917,16.752469333207298,16.563501192290044,16.697696685791016,3007659.7359819664
2006-01-03 14:30:00,16.886661556075317,17.281030182585596,16.6319653473393,17.152313232421875,571444.5063090809
2006-01-04 14:30:00,17.32211409051309,17.426184007562956,17.281034602400677,17.40153694152832,364044.74573506834
2006-01-05 14:30:00,17.653493042660745,17.82328948999994,17.571332510898095,17.765777587890625,2088236.9041044477
2006-01-06 14:30:00,18.04785682107041,18.209438581795176,17.850672538554306,18.17109680175781,1085927.3014020948
2006-01-09 14:30:00,18.253258537358096,18.423054950063783,18.17109802235379,18.368282318115234,3103692.482142245
2006-01-10 14:30:00,18.1272871528652,18.39567661340913,18.1272871528652,18.390199661254883,2403717.4997077817
2006-01-11 14:30:00,18.431280612054493,18.658590598812197,18.36281478700128,18.609294891357425,663094.4301874725
2006-01-12 14:30:00,18.61476263753504,18.721570203051403,18.39019047350363,18.41209983825684,1074242.809841211
2006-01-13 14:30:00,18.335427532727163,18.384723237697035,18.13002693375679,18.26696014404297,609784.0056350805
2006-01-17 14:30:00,18.039645768306038,18.058815880261957,17.867110059457268,17.982133865356445,787607.4377239185
2006-01-18 14:30:00,17.535731904627227,17.858897145140755,17.516561789133647,17.81507682800293,4830804.115979573
2006-01-19 14:30:00,18.239572282041717,18.461403719298364,18.231356070723752,18.31351661682129,935489.0741157918
2006-01-20 14:30:00,18.13002503259148,18.13002503259148,17.593244585276288,17.628847122192383,2786384.5718295723
2006-01-23 14:30:00,17.6891037689114,17.801389933241733,17.538475796385036,17.702796936035156,1341889.677799513
2006-01-24 14:30:00,17.938317578075846,18.02047812945929,17.77125878274822,17.883544921875,299049.7667480649
2006-01-25 14:30:00,17.952009779305083,17.952009779305083,17.711006678404154,17.899974822998047,291381.86507418106
2006-01-26 14:30:00,18.04238755689356,18.36829050371536,17.949273100836834,18.28065299987793,599925.2324341604
2006-01-27 14:30:00,18.3217231684096,18.77634287998552,18.3217231684096,18.447702407836918,659078.2687781699
2006-01-30 14:30:00,18.52713132182551,18.52713132182551,18.357333282553437,18.436756134033203,341040.9132676127
2006-01-31 14:30:00,18.34911553387373,18.3765034242292,18.14645423431823,18.193012237548828,258884.39803916347
2006-02-01 14:30:00,18.149196832845103,18.403893133732453,18.050603857004926,18.37650680541992,464823.3823221392
2006-02-02 14:30:00,18.390187758118948,18.494257617100697,18.06154733534591,18.10262680053711,359663.26442236267
2006-02-03 14:30:00,18.034168398974188,18.121805880879943,17.886279756487777,17.910926818847656,370252.183763904
2006-02-06 14:30:00,17.979397930849363,18.165628402195527,17.883544219182056,18.13002586364746,148246.89874286653
2006-02-07 14:30:00,18.14370892054177,18.239564154175863,18.01225273219769,18.17109680175781,308908.7077962919
2006-02-08 14:30:00,18.35185352341126,18.49700290721773,18.23956897892494,18.48878669738769,405670.7843720022
2006-02-09 14:30:00,18.540832428887164,18.73253834088641,18.3737720244616,18.420330047607425,481619.7107902432
2006-02-10 14:30:00,18.351852030717584,18.360068239879336,17.987608971342727,18.294340133666992,245009.10751943677
2006-02-13 14:30:00,18.15740668527923,18.18479300399994,17.968438578775725,18.06702995300293,372077.9202512751
2006-02-14 14:30:00,18.09441617560448,18.261476479909284,17.938311338978735,18.24778175354004,380476.1481465686
2006-02-15 14:30:00,18.195754143830257,18.34638051082997,18.119070547010026,18.29708480834961,269108.2843407163
2006-02-16 14:30:00,18.4833138671812,18.51343788461074,18.32720899300734,18.48605155944824,309638.863745052
2006-02-17 14:30:00,18.36280510051945,18.39293067448437,18.17657470703125,18.17657470703125,240627.45594852336
2006-02-21 14:30:00,18.10811264060618,18.171101492793344,17.779470517822663,17.828767776489258,807325.0314605897
2006-02-22 14:30:00,17.768518991259615,18.07251252534411,17.620630329655377,17.99308967590332,2525674.5799067817
2006-02-23 14:30:00,17.924628152667843,18.001310194055456,17.798648834228516,17.798648834228516,1625238.5232443076
2006-02-24 14:30:00,17.787689581926916,17.91092961420573,17.724700719632157,17.834247589111328,2284316.864026133
2006-02-27 14:30:00,17.80959617627935,17.979394189242196,17.80959617627935,17.910926818847656,408591.9069347224
2006-02-28 14:30:00,17.88354068801874,18.017736171272052,17.72743740113741,17.79042625427246,2471268.9872007
2006-03-01 14:30:00,17.984869317535907,18.53808204131573,17.984869317535907,18.47783088684082,894958.7715666404
2006-03-02 14:30:00,18.40936987396333,18.66132689083721,18.3491171367507,18.50796127319336,659077.9938521165
2006-03-03 14:30:00,18.45044624348707,18.57368625523239,18.283385924169128,18.28612518310547,472126.3103101261
2006-03-06 14:30:00,18.351855996681746,18.387458532688846,18.04512476807072,18.11359214782715,243548.4938882705
2006-03-07 14:30:00,17.850680121918085,17.897236562308958,17.57133521124469,17.628847122192383,665285.374115251
2006-03-08 14:30:00,17.568593330893062,17.664447023866785,17.322111734497,17.56037712097168,1868422.4847461549
2006-03-09 14:30:00,17.59598641787462,17.779476081025496,17.319379159078615,17.32211685180664,286269.8446934069
2006-03-10 14:30:00,17.275563857527334,17.502873887664762,17.16875620981183,17.26460838317871,2868174.975283449
2006-03-13 14:30:00,17.33032879685829,17.43166101281844,17.193395614624023,17.193395614624023,280427.6720154697
2006-03-14 14:30:00,17.193392008939092,17.6425348210243,17.193392008939092,17.590499877929688,1260099.0873395554
2006-03-15 14:30:00,17.773995433735568,17.826030389738605,17.63432298700782,17.793167114257812,193159.15729920345
2006-03-16 14:30:00,17.801384749909314,17.80959939412564,17.324853897094727,17.324853897094727,839822.3558117595
2006-03-17 14:30:00,17.28376774965987,17.431656361897456,17.138618395827223,17.330324172973633,862461.3776390504
2006-03-20 14:30:00,17.352239915997224,17.47000141966769,17.28924949187466,17.360454559326172,583859.170437134
2006-03-21 14:30:00,17.3604466246561,17.787679968260047,17.319367158459297,17.36318588256836,2940840.467763924
2006-03-22 14:30:00,17.31115445015629,17.434394440733033,17.237210142393945,17.365928649902344,779939.6535521906
2006-03-23 14:30:00,17.409749798507693,17.595980222986352,17.409749798507693,17.519296646118164,490383.3377262904
2006-03-24 14:30:00,17.55216393070146,17.727440494042302,17.494652018439314,17.721961975097656,403845.0093053672
2006-03-27 14:30:00,17.738388971043435,17.839719601370085,17.675398559107368,17.697309494018555,2936092.869149895
2006-03-28 14:30:00,17.664442954306487,17.746603467510248,17.365928042316984,17.382360458374023,555378.3963285562
2006-03-29 14:30:00,17.29472699440235,17.92736111246644,17.29472699440235,17.86437225341797,1322902.8812172783
2006-03-30 14:30:00,18.10263297142016,18.13002085796484,17.86984612182128,17.954744338989258,502798.1180558853
2006-03-31 14:30:00,18.028685643438703,18.064289733290813,17.77125020907976,17.853410720825195,340675.9059644164
2006-04-03 13:30:00,17.834239847506566,18.21217755846353,17.834239847506566,17.979389190673828,1044301.3214619656
2006-04-04 13:30:00,18.039650270454597,18.160151057402825,17.962966669329365,18.036911010742188,372077.7833764922
2006-04-05 13:30:00,18.09989677032226,18.450446702979264,18.07524814052664,18.403888702392575,325339.93194898753
2006-04-06 13:30:00,18.398416690990768,18.702408704675516,18.398416690990768,18.601078033447266,894228.1475119464
2006-04-07 13:30:00,18.669539945941363,18.718835637223137,18.23135254103278,18.28612518310547,519594.5394983059
2006-04-10 13:30:00,18.22862263750191,18.2477927586496,17.97940322716902,18.05882453918457,504988.6713438124
2006-04-11 13:30:00,18.127287627620607,18.17384563985645,17.754828230980475,17.88080596923828,976384.69176374
2006-04-12 13:30:00,17.902717059396355,18.11359461186742,17.902717059396355,18.036911010742188,291746.9567397618
2006-04-13 13:30:00,18.0478576824649,18.28612144755495,18.0478576824649,18.116323471069336,267647.8392524203
2006-04-17 13:30:00,18.184790813497383,18.266951326844264,17.773989813844462,17.875320434570312,689384.8852346225
2006-04-18 13:30:00,17.943791952690443,18.488786964583497,17.943791952690443,18.439491271972656,582763.7826290774
2006-04-19 13:30:00,18.469612691241423,18.664059293026103,18.37102132823405,18.64762687683105,940236.2646517592
2006-04-20 13:30:00,18.6038133145828,19.00639822074138,18.590120152975743,18.73526954650879,611244.6872476821
2006-04-21 13:30:00,18.69693214767932,18.724320044411684,18.20944889816202,18.310779571533203,552822.126052148
2006-04-24 13:30:00,18.138242199234934,18.30530098914104,18.06155860254374,18.26148223876953,541867.9710089827
2006-04-25 13:30:00,18.305294688939743,18.398409109661127,18.20670175099589,18.324464797973636,877066.9234020766
2006-04-26 13:30:00,18.376508919061457,18.42854388908957,18.143720400383355,18.231359481811523,466649.0292863418
2006-04-27 13:30:00,17.973917236345788,18.57642570792011,17.973917236345788,18.453184127807617,517038.5525339432
2006-04-28 13:30:00,18.40114509668048,18.540817486470598,18.255994190641932,18.27242660522461,406036.05005170143
2006-05-01 13:30:00,18.28885715698241,18.3491067258466,18.09714985192785,18.10262680053711,256328.53972030315
2006-05-02 13:30:00,18.20671022521966,18.33268953958597,18.1711076821105,18.258745193481445,389969.62456599873
2006-05-03 13:30:00,18.23957740126275,18.431283306519475,18.182063905894964,18.423067092895508,284444.10000090074
2006-05-04 13:30:00,18.49426600965052,18.71062046516726,18.49426600965052,18.62845993041992,392525.71959472814
2006-05-05 13:30:00,18.790039021043448,18.81468607888723,18.647627355499864,18.765390396118164,203383.1401816685
2006-05-08 13:30:00,18.806480360102817,18.883163969031614,18.724321365356445,18.724321365356445,367696.06450566
2006-05-09 13:30:00,18.65585350076697,18.664069713451724,18.50522554668364,18.546306610107425,1999507.1497549368
2006-05-10 13:30:00,18.466887894438297,18.53809299156054,18.11359853496766,18.15741729736328,963604.5708191296
2006-05-11 13:30:00,18.07797945117013,18.10262807226513,17.642531448060623,17.683610916137695,1522635.2358163171
2006-05-12 13:30:00,17.527507781982422,17.787682472433456,17.47547441097362,17.527507781982422,2593956.7596013783
2006-05-15 13:30:00,17.513817265427033,17.637057256003775,17.133140259833496,17.365928649902344,2839330.873605728
2006-05-16 13:30:00,17.368668129860357,17.51381906894793,17.149574442477533,17.281030654907227,1295517.6057315057
2006-05-17 13:30:00,17.182444696470363,17.28651462255917,16.897622813073,16.99347496032715,1637288.3631863832
2006-05-18 13:30:00,17.119455304951334,17.182445743197068,16.722347259521484,16.722347259521484,501702.514267178
2006-05-19 13:30:00,16.979779624936036,17.133143653608098,16.774379077594727,17.042768478393555,850046.4203236616
2006-05-22 13:30:00,16.809979859408166,16.89761890882485,16.401918028171572,16.62101173400879,963605.0376414488
2006-05-23 13:30:00,16.83737303719187,16.946919924523215,16.3937069681882,16.396446228027344,384127.38959990506
2006-05-24 13:30:00,16.393705459121833,16.69769902290966,16.177350964214053,16.500513076782227,1092499.2922800672
2006-05-25 13:30:00,16.59362342341474,16.607316582502897,16.432041638843934,16.5498046875,756570.6242255267
2006-05-26 13:30:00,16.56898726231004,16.725090632258894,16.536122405215984,16.66210174560547,625849.998534755
2006-05-30 13:30:00,16.599110726046924,16.599110726046924,16.28142547607422,16.28142547607422,455694.7635914808
2006-05-31 13:30:00,16.380007940076247,16.618273314163346,16.341666151463812,16.541589736938477,393256.0329669785
2006-06-01 13:30:00,16.5744516004582,16.93048000192832,16.5744516004582,16.925003051757812,339215.3070081329
2006-06-02 13:30:00,17.10301848594412,17.10301848594412,16.749729317621217,16.892139434814453,187682.08312999515
2006-06-05 13:30:00,16.83736618068418,16.83736618068418,16.390962600708008,16.390962600708008,403845.1196793888
2006-06-06 13:30:00,16.412868971144295,16.412868971144295,16.207468482676003,16.31153678894043,236610.92708405564
2006-06-07 13:30:00,16.27594576455866,16.380015711418093,15.952783584594728,15.952783584594728,322783.81449315284
2006-06-08 13:30:00,15.821317408327838,15.982899196786924,15.468029820939789,15.859659194946287,674048.9086448166
2006-06-09 13:30:00,16.073281984163533,16.188305820266123,15.700822579621908,15.77476692199707,495860.2779679781
2006-06-12 13:30:00,15.810359524158438,15.837745836093704,15.322875022888182,15.322875022888184,406401.2049517779
2006-06-13 13:30:00,15.500891065283913,15.621391792667652,15.23797867781236,15.281797409057615,460441.9202769624
2006-06-14 13:30:00,15.49267867981718,15.613179436932215,15.328359180645435,15.528281211853027,892402.6768480161
2006-06-15 13:30:00,15.761080555012615,16.18831441167999,15.761080555012615,16.128063201904297,675508.8566951483
2006-06-16 13:30:00,16.04589261061424,16.067801983195103,15.829536576952004,15.944561958312988,216162.9898765393
2006-06-19 13:30:00,16.013022139727173,16.02671529689191,15.747372069984715,15.80488395690918,360758.6301793403
2006-06-20 13:30:00,15.796679118051085,15.928135401939231,15.635097239886589,15.709041595458984,396176.9555037346
2006-06-21 13:30:00,15.777503598810144,16.19926024916808,15.777503598810144,16.056848526000977,462632.5571696233
2006-06-22 13:30:00,16.00480944943402,16.00480944943402,15.728203852920553,15.799408912658691,353090.60598672734
2006-06-23 13:30:00,15.617715963266257,15.856132625192451,15.617715963266257,15.705408096313477,203617.62293334943
2006-06-26 13:30:00,15.757484366853877,15.84517653535862,15.719117965072757,15.78488826751709,452118.5175742245
2006-06-27 13:30:00,15.771186304425177,15.771186304425177,15.362862499159371,15.40122890472412,379137.2828358079
2006-06-28 13:30:00,15.179251711815631,15.379303632294825,15.132665395273335,15.373823165893556,591877.5227903738
2006-06-29 13:30:00,15.442331305133608,15.921907347186284,15.373821562045729,15.886281967163086,773965.6946997276
2006-06-30 13:30:00,15.954795850824697,15.96301733493834,15.74378141744591,15.880804061889648,186831.85845979783
2006-07-03 13:30:00,15.957531188381903,16.031522958251593,15.921905811794156,16.012340545654297,114580.50521984429
2006-07-05 13:30:00,15.836953435075412,15.84243546911867,15.568391786194876,15.579354286193848,281342.5444950664
2006-07-06 13:30:00,15.678011038864232,15.757484862226317,15.510845044240604,15.56565284729004,152530.6976633049
2006-07-07 13:30:00,15.414926091516906,15.469735449394182,15.209393743630011,15.316269874572754,453578.2369950997
2006-07-10 13:30:00,15.343671953732832,15.456028525258493,14.84765309785207,14.92712688446045,547724.122184019
2006-07-11 13:30:00,14.825727304550316,15.321746081185612,14.825727304550316,15.291601181030272,458322.1901204198
2006-07-12 13:30:00,15.225840858285318,15.291611164814263,14.877805339514763,14.899728775024414,829796.1623190914
2006-07-13 13:30:00,14.675007965438532,15.066890195334272,14.64760407425464,14.683229446411133,875044.858896987
2006-07-14 13:30:00,14.61198220312407,14.77640874344375,14.494143548448765,14.603760719299316,944376.6927425072
2006-07-17 13:30:00,14.680494323328148,14.773668531609108,14.524290826404616,14.606502532958984,406140.3406940755
2006-07-18 13:30:00,14.675016524645462,14.71886340334826,14.209142262362208,14.562658309936523,655006.0907446693
2006-07-19 13:30:00,14.63116190134869,15.028524617293025,14.595534959183723,14.91342544555664,493353.0381267002
2006-07-20 13:30:00,15.069640262348155,15.091563704360947,14.548958122522286,14.554438591003418,705363.019335993
2006-07-21 13:30:00,14.170774803276784,14.22558260749232,13.918654513239511,13.954279899597168,855704.4938044876
2006-07-24 13:30:00,14.154329463758463,14.45029657482527,14.154329463758463,14.362601280212402,1158576.6409108357
2006-07-25 13:30:00,14.502365822951438,14.72160174469312,14.420154116397066,14.606502532958984,659749.9873988216
2006-07-26 13:30:00,14.387268234138364,14.80381350766832,14.387268234138364,14.653090476989746,565969.1518559958
2006-07-27 13:30:00,14.842175102873783,14.95727270966727,14.688711104453375,14.71611499786377,1920500.7165138407
2006-07-28 13:30:00,14.839433511030649,15.19020991905206,14.839433511030649,15.154582977294922,1254547.1630885224
2006-07-31 13:30:00,15.094298133587492,15.277905508217945,15.072373133057278,15.198434829711914,670332.3497930628
2006-08-01 13:30:00,15.017566991603784,15.017566991603784,14.75174475589844,14.886026382446287,681644.3611142966
2006-08-02 13:30:00,14.921647296407418,15.171026489212926,14.921647296407418,15.050448417663574,294114.3039091435
2006-08-03 13:30:00,15.009341424503532,15.382039715730675,14.976457065203622,15.302567481994627,1662512.073902968
2006-08-04 13:30:00,15.502619171829396,15.584832421219144,15.00112132991782,15.16828727722168,743678.5881159392
2006-08-07 13:30:00,15.09703671432302,15.1847304390501,15.01756447230004,15.08607578277588,277328.5874482905
2006-08-08 13:30:00,15.129923963401373,15.245021595112188,14.9106896324819,15.001124382019045,457592.1294199253
2006-08-09 13:30:00,15.313531789770796,15.453293861504696,15.044968578002218,15.066893577575684,556116.7913250027
2006-08-10 13:30:00,15.044971123695506,15.316273830251072,14.99838480395988,15.261466026306152,253974.5546390705
2006-08-11 13:30:00,15.113481621327209,15.113481621327209,14.822996512872637,14.864102363586426,461241.1703961872
2006-08-14 13:30:00,15.006602180879918,15.297088824134454,14.979198283544353,15.066893577575684,190845.8542407982
2006-08-15 13:30:00,15.35190226648802,15.639647998630354,15.321758909182217,15.625946044921877,320752.2832968121
2006-08-16 13:30:00,15.716379073773489,16.215137660133525,15.636906810247094,16.138404846191406,2060258.922451878
2006-08-17 13:30:00,16.130181193273664,16.42066627572678,16.12744017623635,16.174026489257812,1869778.4562176117
2006-08-18 13:30:00,16.058929951663835,16.204172502735823,15.902724899787044,16.182249069213867,438981.9145892952
2006-08-21 13:30:00,15.98220285621767,15.98220285621767,15.80133330676818,15.913691520690918,402126.30476399936
2006-08-22 13:30:00,15.894501881863627,16.080851832855167,15.823252689904736,15.886281967163086,669602.5694361151
2006-08-23 13:30:00,16.09181083111764,16.09455184747973,15.675265725048602,15.779400825500488,1177552.0227517376
2006-08-24 13:30:00,15.798588241540598,15.886281967163086,15.672528118936391,15.886281967163086,590782.8664398204
2006-08-25 13:30:00,15.836949074490692,16.053443885050406,15.80132370345641,15.894497871398926,568888.6480370999
2006-08-28 13:30:00,15.910950928323516,16.124704858243177,15.910950928323516,16.121965408325195,573632.0636853741
2006-08-29 13:30:00,16.17403036477504,16.415189743041992,16.05071122603539,16.415189743041992,1000936.9782346324
2006-08-30 13:30:00,16.49739832367388,16.735815048217773,16.37407922007618,16.735815048217773,853880.129973752
2006-08-31 13:30:00,16.675521749699637,16.675521749699637,16.486432392337665,16.56590461730957,481311.1649043989
2006-09-01 13:30:00,16.702935445493125,16.702935445493125,16.34393739578679,16.415189743041992,400666.71604142414
2006-09-05 13:30:00,16.341192775742446,16.623456353495722,16.283643967078547,16.61249542236328,981232.3682404924
2006-09-06 13:30:00,16.415191868606122,16.415191868606122,16.078118780629925,16.08085823059082,275139.0389587191
2006-09-07 13:30:00,15.949319640617713,16.242545886041864,15.861625868830613,16.026052474975586,797684.1668802003
2006-09-08 13:30:00,16.0726319016041,16.2206154698992,16.02878660264785,16.182249069213867,192305.46050586744
2006-09-11 13:30:00,16.16306554307649,16.59057325144355,16.16306554307649,16.469993591308594,549548.4694650389
2006-09-12 13:30:00,16.593314126094654,17.06466873899384,16.57961374400564,17.026302337646484,1501588.1524229709
2006-09-13 13:30:00,16.998895774298497,17.100291444191853,16.837210278602353,16.944087982177734,257258.7638634956
2006-09-14 13:30:00,16.875580332742835,17.012601410839785,16.83447447974008,16.998899459838867,503935.1430755565
2006-09-15 13:30:00,17.09755399584165,17.289384426883228,16.90846458196178,16.97971534729004,1661417.0423109364
2006-09-18 13:30:00,17.001630285094816,17.33870309552903,17.001630285094816,17.190719604492188,458687.07790444087
2006-09-19 13:30:00,17.1222124995533,17.1222124995533,16.730330290171867,16.908458709716797,1255277.0943209524
2006-09-20 13:30:00,17.059178856065525,17.11398819460585,16.974226184627863,17.04547691345215,604649.5606283232
2006-09-21 13:30:00,17.07288786338191,17.086589811665107,16.708411021169,16.716630935668945,340092.43048726267
2006-09-22 13:30:00,16.64537545221014,16.689220729286983,16.494650941905565,16.51931381225586,307251.0029352682
2006-09-25 13:30:00,16.56590765604853,16.952309490678736,16.43162762429374,16.922163009643555,940727.7903834804
2006-09-26 13:30:00,16.839952621795582,16.94408931673199,16.708412028640403,16.911203384399414,294114.2515497656
2006-09-27 13:30:00,16.968799575481285,17.122388049119607,16.79601313114786,16.856351852416992,726303.8102612445
2006-09-28 13:30:00,16.886514388788605,17.03736114501953,16.826177255654915,17.03736114501953,422948.1335762818
2006-09-29 13:30:00,17.023655942482737,17.023655942482737,16.861839294433594,16.861839294433594,145844.11670885904
2006-10-02 13:30:00,16.798753333256837,16.982509564941953,16.7027587890625,16.7027587890625,348567.5543013543
2006-10-03 13:30:00,16.543682843044063,16.697271264856006,16.44768988324177,16.60127830505371,425135.8074948663
2006-10-04 13:30:00,16.595800267065748,16.963315963745117,16.57385905486637,16.963315963745117,369714.8630659831
2006-10-05 13:30:00,16.911213689626614,16.949611222163128,16.815220642965365,16.9249267578125,1237122.2037753607
2006-10-06 13:30:00,16.76584018144792,16.87828788044052,16.727442678918305,16.79326629638672,309554.25045896944
2006-10-09 13:30:00,16.774076360859354,17.092223212932293,16.771333120308537,16.957834243774414,596866.9792523476
2006-10-10 13:30:00,16.949595631093977,16.977021742237866,16.837146378301977,16.90845489501953,1114614.2221344854
2006-10-11 13:30:00,16.870073595184707,17.26776043539328,16.839905785576725,17.078516006469727,535976.8836732294
2006-10-12 13:30:00,17.188214008819667,17.333575921391596,17.06479487909881,17.289691925048828,1144147.11239481
2006-10-13 13:30:00,17.333582400159685,17.596877060471584,17.278728561248055,17.522825241088867,1163471.0232723237
2006-10-16 13:30:00,17.65446585452912,17.73674579691283,17.599612036486857,17.6407527923584,296063.5632487768
2006-10-17 13:30:00,17.437795813926726,17.437795813926726,17.103192694656776,17.193700790405273,635151.1264745906
2006-10-18 13:30:00,17.158037534925274,17.158037534925274,16.705500390330926,16.76309585571289,2481174.1000080784
2006-10-19 13:30:00,16.787788058152053,16.79875945010252,16.53820654657282,16.675338745117188,827665.3348858702
2006-10-20 13:30:00,16.661617905186553,16.661617905186553,16.42026465788486,16.48334503173828,3413483.0316986074
2006-10-23 13:30:00,16.428500709195323,16.686310376090535,16.376390127742926,16.49980926513672,356224.2381499105
2006-10-24 13:30:00,16.442215568171495,16.6012890009104,16.346222546522945,16.351707458496094,447012.1476672588
2006-10-25 13:30:00,16.351699676994297,16.697274076604042,16.351699676994297,16.667104721069336,545457.1705936226
2006-10-26 13:30:00,16.83989634515248,16.883778768258356,16.63145405071994,16.84263801574707,1162013.1196312553
2006-10-27 13:30:00,16.81246862345741,16.81246862345741,16.41478514562509,16.466894149780273,3000378.405598261
2006-10-30 14:30:00,16.45317320205951,16.697268059009986,16.45317320205951,16.606760025024414,510454.7553758733
2006-10-31 14:30:00,16.67533776319096,16.760360945382256,16.60402921247002,16.69727897644043,1521518.7867217306
2006-11-01 14:30:00,16.867321052125533,16.867321052125533,16.354445078934766,16.403812408447266,417478.86212865054
2006-11-02 14:30:00,16.346210484742798,16.40929084928649,16.231019571507147,16.318782806396484,857928.5151656047
2006-11-03 14:30:00,16.387362622631443,16.43124348593646,16.258456995829448,16.390104293823242,3445931.472052982
2006-11-06 14:30:00,16.442217806157732,16.689056141503343,16.387365540240868,16.656145095825195,248299.5359924751
2006-11-07 14:30:00,16.48335026912007,16.998969518684728,16.48335026912007,16.765844345092773,974968.0331726568
2006-11-08 14:30:00,16.64517100701637,16.793274611997212,16.554664469029994,16.7548770904541,1112425.854513824
2006-11-09 14:30:00,16.82344263764935,16.848127092961477,16.442213831976915,16.4559268951416,408728.1161892961
2006-11-10 14:30:00,16.401064419316015,16.634191078187907,16.401064419316015,16.59305191040039,270905.5758823055
2006-11-13 14:30:00,16.612263386875213,16.89475602137843,16.612263386875213,16.878299713134766,2019575.7258429965
2006-11-14 14:30:00,16.922172314389474,17.363738112543228,16.790525075928937,17.325342178344727,692759.7881382102
2006-11-15 14:30:00,17.37197259750722,17.605099373835934,17.330833408992447,17.4707088470459,2482996.01918538
2006-11-16 14:30:00,17.470702609837275,17.58315188206874,17.319855833751298,17.5173282623291,1649862.1142460494
2006-11-17 14:30:00,17.429556546218954,17.446012838470246,17.319850546807686,17.41858673095703,234444.5664733175
2006-11-20 14:30:00,17.350028811749358,17.659949007912775,17.30614638942671,17.64897918701172,1776746.1666235102
2006-11-21 14:30:00,17.67913904057949,17.67913904057949,17.33356475830078,17.33356475830078,4005246.693416874
2006-11-22 14:30:00,17.481680570625908,17.60235646750792,17.410370445410724,17.583158493041992,702968.6100084839
2006-11-24 14:30:00,17.4460175103844,17.605092429148627,17.418591395526676,17.528297424316406,211109.43644941456
2006-11-27 14:30:00,17.459741551432106,17.583162284651355,17.075769424438477,17.075769424438477,453575.08416808886
2006-11-28 14:30:00,17.040110688917256,17.105935899769634,16.92217803776516,17.097707748413086,923557.868349196
2006-11-29 14:30:00,17.303399902244326,17.306141572026803,16.977023496221427,17.083986282348633,575719.8805751391
2006-11-30 14:30:00,17.138842936400454,17.317115845686143,16.993482624860633,17.245805740356445,2573420.037870908
2006-12-01 14:30:00,17.245803924736286,17.245803924736286,16.790525068935704,17.001708984375,879804.9313019644
2006-12-04 14:30:00,17.037363104752984,17.421333428848165,17.029134956252243,17.317113876342773,1114614.0479482948
2006-12-05 14:30:00,17.30614892163228,17.498134939724732,17.30614892163228,17.37471580505371,167720.7299528891
2006-12-06 14:30:00,17.347290209835855,17.522821515415913,17.26501182300225,17.45151138305664,991739.8483739976
2006-12-07 14:30:00,17.558473428675306,17.574929731566296,17.196442611870616,17.201929092407227,322680.1044821547
2006-12-08 14:30:00,17.17450405340585,17.256784011223903,16.97428985556585,17.119651794433594,961477.1796023631
2006-12-11 14:30:00,17.122383783532285,17.232089808800744,17.059303407512463,17.083986282348633,355859.7868532842
2006-12-12 14:30:00,17.07301657544759,17.144325099995783,16.850861284325777,16.979766845703125,490036.4246135376
2006-12-13 14:30:00,17.20192143385593,17.20192143385593,16.83989077823267,16.850860595703125,463419.881797964
2006-12-14 14:30:00,16.87280175280024,17.160780646936768,16.87280175280024,17.105928421020508,5136632.0322847925
2006-12-15 14:30:00,17.22111982588957,17.226604734760727,17.07575797061322,17.103185653686523,495870.1995484552
2006-12-18 14:30:00,17.17175446720617,17.30614338136098,17.00445295735047,17.05930519104004,3331080.607366579
2006-12-19 14:30:00,16.752127071721027,16.946854684281405,16.74664059326332,16.86457633972168,403259.1308311171
2006-12-20 14:30:00,17.05930418911277,17.10044336196376,16.900230837524987,16.941370010375977,545821.7997047339
2006-12-21 14:30:00,16.9468615677326,16.971550019137293,16.639634830670758,16.705469131469727,427254.07323670544
2006-12-22 14:30:00,16.732896372831522,16.76032850325703,16.603971481323242,16.603971481323242,675513.6135002469
2006-12-26 14:30:00,16.56830997748581,16.754841227711584,16.56830997748581,16.732894897460938,503445.4303820786
2006-12-27 14:30:00,16.760326152424835,16.919425266356395,16.760326152424835,16.826160430908203,687179.3524280998
2006-12-28 14:30:00,16.837129854990604,16.875533571557657,16.801471391224293,16.83164405822754,150559.73959925113
2006-12-29 14:30:00,16.801481172123466,16.949607188633827,16.735645294189453,16.735645294189453,94418.76478323394
2007-01-03 14:30:00,16.922168683999157,17.067552517163886,16.52716144969269,16.686262130737305,619008.2539826964
2007-01-04 14:30:00,16.686261891390373,17.064810158501487,16.658831335250035,17.0126895904541,561773.6943874628
2007-01-05 14:30:00,16.721923161292835,16.856335407672173,16.55733824270211,16.689006805419922,293463.84856373473
2007-01-08 14:30:00,16.697241754026823,16.886515178706492,16.631405881497972,16.754846572875977,327002.4670422962
2007-01-09 14:30:00,16.823422660173936,16.90023013020601,16.66980928972335,16.81519317626953,521308.29103525815
2007-01-10 14:30:00,16.73289170314579,17.16630260501559,16.73289170314579,17.10321044921875,574897.6070055921
2007-01-11 14:30:00,17.16630573033595,17.308945888412723,17.119672525788424,17.155332565307617,860341.2210018862
2007-01-12 14:30:00,17.08950254978779,17.19922637939453,17.007210854792838,17.19922637939453,218366.21302626893
2007-01-16 14:30:00,17.13064782943036,17.13064782943036,16.993491882325397,17.059326171875,223834.5100626118
2007-01-17 14:30:00,16.957831799139814,17.084014579554744,16.89748330812225,16.938629150390625,673690.8396616491
2007-01-18 14:30:00,16.793239025905006,16.793239025905006,16.30222341407488,16.32142448425293,976268.8908555408
2007-01-19 14:30:00,16.315943247902617,16.606710884635017,16.296740604593193,16.47504234313965,659473.5249923387
2007-01-22 14:30:00,16.41195107322918,16.41195107322918,16.211706136554405,16.296741485595703,685721.1904094785
2007-01-23 14:30:00,16.346124910614368,16.46133455542012,16.280290603637695,16.280290603637695,566877.1514842433
2007-01-24 14:30:00,16.395485511948404,16.562815598527433,16.343368105847716,16.529897689819336,237687.6109150865
2007-01-25 14:30:00,16.710949991571866,16.817930100096827,16.42566656294611,16.461326599121094,465167.5851482583
2007-01-26 14:30:00,16.529900371560057,16.746605786746315,16.439379247151585,16.683513641357422,274507.2729789964
2007-01-29 14:30:00,16.650608053669405,16.73838712168986,16.540884218643832,16.590259552001953,174620.0515424449
2007-01-30 14:30:00,16.683517251643217,16.724664653108146,16.620426662214157,16.664316177368164,158215.3130040045
2007-01-31 14:30:00,16.488753901904715,16.716430899769062,16.447608080570337,16.680770874023438,388976.456515833
2007-02-01 14:30:00,16.732892389883016,16.87827778073094,16.68626076152457,16.8206729888916,772484.4510134341
2007-02-02 14:30:00,16.88650843207938,16.982516948341107,16.815186788539293,16.927654266357422,903358.3467925398
2007-02-05 14:30:00,16.985261991257133,17.081270524075286,16.91394190503104,16.99074935913086,387153.5104331522
2007-02-06 14:30:00,16.971543784099186,17.01817698530467,16.752096195390372,16.927654266357422,645985.0647765861
2007-02-07 14:30:00,17.114186728080796,17.254084772110293,17.00720660952322,17.155332565307617,1212133.2880640982
2007-02-08 14:30:00,17.086760557326468,17.125164293894827,16.985266201092223,17.08950424194336,300025.6686572568
2007-02-09 14:30:00,17.27054764861957,17.28700504547195,16.79599072307363,16.834394454956055,714885.0644301411
2007-02-12 14:30:00,16.787754036298914,16.787754036298914,16.61768178489399,16.642370223999023,86763.2423976221
2007-02-13 14:30:00,16.72741573727055,16.75758841887724,16.631405614578057,16.73015785217285,274871.6433745456
2007-02-14 14:30:00,16.85908118883659,17.11967466303212,16.848108022438353,17.059326171875,577813.8411225403
2007-02-15 14:30:00,17.03464121801785,17.17179561099833,17.03464121801785,17.149850845336914,1765157.2888099053
2007-02-16 14:30:00,17.089495267115222,17.16630269991526,17.053835233891206,17.138872146606445,854508.5500136049
2007-02-20 14:30:00,16.99897412727358,17.158073220000055,16.93588197112795,17.138872146606445,156392.56312109067
2007-02-21 14:30:00,17.00995628816992,17.125165939331055,16.98526783308663,17.125165939331055,198315.8542739621
2007-02-22 14:30:00,17.322662870079512,17.509194136990118,17.322662870079512,17.48724937438965,643068.5443571939
2007-02-23 14:30:00,17.542113737327725,17.638120709441935,17.506452121292103,17.58325958251953,1392585.9440797025
2007-02-26 14:30:00,17.640862204251466,17.646348002340197,17.473533590446305,17.558568954467773,281433.6340983518
2007-02-27 14:30:00,17.14436150095904,17.3912412634091,16.88925382574592,16.938629150390625,558857.1738102316
2007-02-28 14:30:00,16.977036777488646,17.122422240044273,16.845368168452843,16.974294662475586,871642.0063152437
2007-03-01 14:30:00,16.56831565494549,16.98526624993539,16.56831565494549,16.85359764099121,2176735.4342660294
2007-03-02 14:30:00,16.774040883239664,16.831645678830206,16.516189575195312,16.516189575195312,475010.46442874894
2007-03-05 14:30:00,16.370806642430342,16.65060272459945,16.337888717651367,16.337888717651367,372571.5027004613
2007-03-06 14:30:00,16.6176839985624,16.76306939984207,16.5847676449836,16.72740936279297,250811.35637709548
2007-03-07 14:30:00,16.62318012360637,16.746619261384808,16.571061097501914,16.65884017944336,178994.638225424
2007-03-08 14:30:00,16.856334671414707,16.930398430910127,16.806957785342423,16.826160430908203,427254.21806139685
2007-03-09 14:30:00,17.094991560962978,17.094991560962978,16.80696586552106,16.93040657043457,412671.96443967376
2007-03-12 13:30:00,16.919420619365617,17.136126040862447,16.919420619365617,17.06480598449707,132332.18750282918
2007-03-13 13:30:00,16.92217642281757,17.015441299452007,16.71644401550293,16.71644401550293,121395.5561303667
2007-03-14 13:30:00,16.774044509211542,16.817934036254883,16.516193145428588,16.817934036254883,433451.5119863008
2007-03-15 13:30:00,16.760334208757254,16.834398003853547,16.735645753853902,16.809709548950195,566148.021934094
2007-03-16 13:30:00,16.787753079054294,16.828900475216447,16.631396112863452,16.699974060058594,187744.0016076576
2007-03-19 13:30:00,16.80147664955827,16.815190360951487,16.606715892193883,16.612201690673828,190660.3369646612
2007-03-20 13:30:00,16.63413815249139,16.839870404139436,16.63413815249139,16.779521942138672,338668.33927038085
2007-03-21 13:30:00,16.820673974267063,17.149845353784308,16.774040773563932,17.08401107788086,252269.56526010777
2007-03-22 13:30:00,16.982518634310367,16.982518634310367,16.826161623227858,16.848106384277344,239145.68872647244
2007-03-23 13:30:00,16.9523477186984,17.040126780123686,16.891999221565165,16.949604034423828,354708.39857293235
2007-03-26 13:30:00,16.956461894340453,16.986669478124526,16.75051295172688,16.937240600585938,269848.4357080502
2007-03-27 13:30:00,16.898804973894556,16.96745517984865,16.87134552001953,16.87134552001953,127094.54320212756
2007-03-28 13:30:00,16.766991540551224,16.77797626081945,16.65440719258114,16.66264533996582,346687.82133750763
2007-03-29 13:30:00,16.761502729777735,16.761502729777735,16.371572593116095,16.506126403808594,1024404.0762822678
2007-03-30 13:30:00,16.6022338509433,16.637931443269927,16.473173203972728,16.558298110961914,228697.4208636777
2007-04-02 13:30:00,16.665391831031894,16.665391831031894,16.426491820588563,16.536331176757812,333213.5800133798
2007-04-03 13:30:00,16.6489200592041,16.71207868820635,16.53084409409235,16.6489200592041,73926.05285313757
2007-04-04 13:30:00,16.648912247949,16.83289332961907,16.648912247949,16.788957595825195,423891.45760361926
2007-04-05 13:30:00,16.82191600401766,16.939993525864594,16.82191600401766,16.92351722717285,599056.0192575126
2007-04-09 13:30:00,16.94548126352413,16.964702560133322,16.81642061929247,16.88507080078125,234524.1117226048
2007-04-10 13:30:00,16.893312207239056,17.030611038208008,16.88782063110424,17.030611038208008,67006.8699045632
2007-04-11 13:30:00,17.008648493500644,17.008648493500644,16.846635177211674,16.85761833190918,280773.2895448611
2007-04-12 13:30:00,16.84388487949286,17.052580485280117,16.84388487949286,17.030611038208008,78660.23858361765
2007-04-13 13:30:00,16.956465129389517,17.00040244156167,16.830151052733964,16.997655868530273,35324.282415399946
2007-04-16 13:30:00,17.019622579089724,17.137700071136138,16.989416562867067,17.118478775024414,321924.4101373446
2007-04-17 13:30:00,17.134963671641938,17.14869497274962,17.052585292597023,17.102012634277344,154771.2591369092
2007-04-18 13:30:00,17.29970633789951,17.579796947166727,17.264008761622755,17.458972930908203,781868.7633077075
2007-04-19 13:30:00,17.32992314125253,17.692393844639493,17.32717656780227,17.563331604003906,973784.7090064078
2007-04-20 13:30:00,17.7116103967615,17.74181641155147,17.5138995855356,17.629230499267578,384561.3045579075
2007-04-23 13:30:00,17.58529305426253,17.596277772784806,17.478200297815253,17.49467658996582,618721.3257075773
2007-04-24 13:30:00,17.7665257641636,18.032885104299,17.72533504158,17.928537368774414,851788.9668167669
2007-04-25 13:30:00,18.04662675293812,18.10978380213651,17.876375334806678,18.09605407714844,265114.15641392546
2007-04-26 13:30:00,18.087815910850697,18.096054060089035,17.903834767904623,18.090560913085938,588859.3287437488
2007-04-27 13:30:00,17.969742393316054,17.98896369830953,17.813220665454928,17.82145881652832,591772.5393069485
2007-04-30 13:30:00,17.78026184666669,17.79124656801409,17.563329705533146,17.566076278686523,232339.0843311328
2007-05-01 13:30:00,17.601773906233948,17.65943937243373,17.44525223278731,17.61001205444336,169338.04704096887
2007-05-02 13:30:00,17.651196905707405,17.85165427304989,17.64296033077925,17.755544662475586,408232.2519913215
2007-05-03 13:30:00,17.793988295141645,17.950509925668666,17.793988295141645,17.859891891479492,225055.78874736524
2007-05-04 13:30:00,17.931291339792857,18.07408328489472,17.914816615226762,18.027400970458984,463221.512915871
2007-05-07 13:30:00,18.065846355847164,18.065846355847164,17.95326042175293,17.95326042175293,264385.8456662551
2007-05-08 13:30:00,17.81870469556791,17.931290617531292,17.761039233744174,17.91206932067871,323745.2370828796
2007-05-09 13:30:00,17.848911927344606,18.2360954284668,17.848911927344606,18.2360954284668,403498.0088413661
2007-05-10 13:30:00,18.096054585951176,18.2580678593918,17.854406391314562,17.90108871459961,453753.06264268287
2007-05-11 13:30:00,18.032889165066976,18.175681083402637,17.994445005753633,18.15096664428711,236344.9828894194
2007-05-14 13:30:00,18.285529043671087,18.288275617512834,18.05212054765063,18.12626075744629,322288.460969838
2007-05-15 13:30:00,18.098794426600666,18.134492016645883,17.884607315063477,17.884607315063477,238165.8006427645
2007-05-16 13:30:00,17.848907498998603,17.90657294536246,17.71160717109216,17.88735008239746,150401.370935314
2007-05-17 13:30:00,17.848908997727488,17.925795742246763,17.711608658292278,17.80497169494629,561182.7921314486
2007-05-18 13:30:00,17.914813594565935,17.914813594565935,17.689641779536156,17.832433700561523,660600.6022890836
2007-05-21 13:30:00,17.848920822143555,18.068598053985443,17.78576218420811,17.848920822143555,439914.5774165885
2007-05-22 13:30:00,17.917563763132886,18.038387852019177,17.79673967424659,17.931293487548828,713040.5767712544
2007-05-23 13:30:00,17.807727743006836,17.884614528438107,17.651206026971934,17.673173904418945,694103.7200864726
2007-05-24 13:30:00,17.67042520465159,17.684154928775026,17.269510346675904,17.36287498474121,1155868.6613321744
2007-05-25 13:30:00,17.431527148319052,17.516652083692502,17.37935324328591,17.453495025634766,924257.7398259228
2007-05-29 13:30:00,17.480951684425104,17.590791053441414,17.480951684425104,17.563331604003906,424983.8277526096
2007-05-30 13:30:00,17.329930011216625,17.45075257939814,17.31894528432727,17.445261001586914,310270.8463635896
2007-05-31 13:30:00,17.615504641785748,17.725344005446434,17.571568896321473,17.714359283447266,509470.7832180844
2007-06-01 13:30:00,17.83243944170287,17.958753539075143,17.82969286822101,17.873628616333008,961402.9925955049
2007-06-04 13:30:00,17.80497458366707,17.97248096210403,17.80222958204306,17.829689025878906,383104.6083972729
2007-06-05 13:30:00,17.826946220008693,17.82969279347904,17.60452247816554,17.74456787109375,226148.2048880909
2007-06-06 13:30:00,17.675911735332214,17.74181533507551,17.516643524169922,17.516643524169922,77931.93576578498
2007-06-07 13:30:00,17.538625302743625,17.568831336954773,17.192630767822266,17.192630767822266,358340.9852128216
2007-06-08 13:30:00,17.357385469709847,17.68415862877572,17.29971998781976,17.673173904418945,582304.2226748529
2007-06-11 13:30:00,17.626492489053913,17.744570022333185,17.58804831213977,17.604524612426758,256009.93359473904
2007-06-12 13:30:00,17.472710300658647,17.637470109314656,17.415044839008843,17.464473724365234,163511.37445292447
2007-06-13 13:30:00,17.530374731507884,17.74730682373047,17.530374731507884,17.74730682373047,372907.9561082034
2007-06-14 13:30:00,17.807716876798207,18.043871808069262,17.79398715817997,17.977968215942383,236345.0100804901
2007-06-15 13:30:00,18.23060422179752,18.30474598519352,18.16470060669731,18.280033111572266,339040.2583701464
2007-06-18 13:30:00,18.271794945591243,18.31573068894885,18.19216003589771,18.27453994750977,119811.21923924984
2007-06-19 13:30:00,18.109788261743237,18.137247718481376,17.986217563888204,18.123517990112305,151129.59865156
2007-06-20 13:30:00,18.10703907499006,18.230608183749236,18.0026912689209,18.0026912689209,390752.0066281052
2007-06-21 13:30:00,18.04936459157034,18.562863644400043,18.04112644559387,18.535404205322266,1293888.6972377747
2007-06-22 13:30:00,18.4997160269306,18.549143356656348,18.26905253609964,18.31573486328125,430082.1205866671
2007-06-25 13:30:00,18.332203985990237,18.3486802812822,18.0438766747109,18.085065841674805,312091.86288064177
2007-06-26 13:30:00,18.150975464549905,18.150975464549905,17.903837238363643,17.988962173461914,321195.9531763958
2007-06-27 13:30:00,18.04113629006032,18.40086048057241,18.024659989116792,18.392623901367188,162782.9811619416
2007-06-28 13:30:00,18.365162461785538,18.37340061207148,18.21962547302246,18.21962547302246,457758.8633915638
2007-06-29 13:30:00,18.291662562538143,18.3219105202616,18.027682102530864,18.101926803588867,164011.9829646589
2007-07-02 13:30:00,18.266918919799743,18.354912423530905,18.206422992622574,18.341163635253903,403665.7778056941
2007-07-03 13:30:00,18.40166121530244,18.420909205929533,18.33566608157626,18.390661239624023,408029.69551036233
2007-07-05 13:30:00,18.38240673865681,18.506147384643555,18.33291079495165,18.506147384643555,96007.01283610876
2007-07-06 13:30:00,18.536398749038145,18.67663859317907,18.503401971653915,18.660140991210938,223288.99639875672
2007-07-09 13:30:00,18.6986440882843,18.82238479370775,18.6986440882843,18.794885635375977,429122.0482217608
2007-07-10 13:30:00,18.643636380068497,18.803124166729404,18.643636380068497,18.646385192871094,328387.6588520793
2007-07-11 13:30:00,18.627141628439823,18.68213835235642,18.49790019263217,18.62989044189453,174194.51968317555
2007-07-12 13:30:00,18.71513736448507,19.12485694885254,18.67939019771889,19.12485694885254,313477.3653917903
2007-07-13 13:30:00,19.171607559406937,19.21010512036893,19.045116472502315,19.089113235473636,396028.757718801
2007-07-16 13:30:00,19.111108876412693,19.212851171136293,19.069860937032853,19.193601608276367,320023.31080023554
2007-07-17 13:30:00,19.303594515383868,19.592323812574584,19.284346524950383,19.49058151245117,601498.3272395901
2007-07-18 13:30:00,19.141359022566157,19.210104552720573,18.96812236352878,19.149608612060547,500763.6505904933
2007-07-19 13:30:00,19.289848634357405,19.34759418781228,19.15510796066382,19.281599044799805,224016.27189571864
2007-07-20 13:30:00,19.331083778037225,19.35583253233189,19.00660902682023,19.047855377197266,660411.9904327436
2007-07-23 13:30:00,19.105606626634195,19.240347262455387,19.025862714589284,19.04511070251465,523310.88614531833
2007-07-24 13:30:00,18.80313156145137,18.946121807188053,18.602395769332905,18.65739250183105,682231.457065317
2007-07-25 13:30:00,18.8608656209015,18.8608656209015,18.57763726270405,18.701377868652344,807695.6231205842
2007-07-26 13:30:00,18.50890142154025,18.62164369047111,18.049684331445683,18.37691116333008,697505.3572084676
2007-07-27 13:30:00,18.31366764166036,18.489654664334303,18.077184686580225,18.07993507385254,733871.593875068
2007-07-30 13:30:00,18.275169532756365,18.497902118166973,18.162427259732592,18.404409408569336,580405.8966064687
2007-07-31 13:30:00,18.60239375929718,18.60239375929718,18.110179901123047,18.110179901123047,1423740.1082154198
2007-08-01 13:30:00,18.233916571911685,18.26416452886927,17.804947548537477,18.209169387817383,1632846.612322034
2007-08-02 13:30:00,18.308166381554177,18.308166381554177,18.0111875019442,18.21742248535156,670594.2789872158
2007-08-03 13:30:00,18.14867260639017,18.17617017560173,17.67570686340332,17.67570686340332,1761947.0411704297
2007-08-06 13:30:00,17.694954277554544,17.917686764019287,17.557463301253392,17.90943717956543,2464907.8413662286
2007-08-07 13:30:00,17.79670093426802,17.969937530328274,17.606963591769226,17.895692825317383,1937596.006009914
2007-08-08 13:30:00,18.07718306572283,18.54464815942407,18.07718306572283,18.29716682434082,1109899.0611160134
2007-08-09 13:30:00,18.038685338270707,18.492403212752084,18.0111861886263,18.16517639160156,3571533.022861501
2007-08-10 13:30:00,17.843443602068078,18.247665407610263,17.763699710129973,18.060678482055664,1165539.828347184
2007-08-13 13:30:00,18.24491588882798,18.24491588882798,17.997434616088867,17.997434616088867,407302.5103544052
2007-08-14 13:30:00,18.06618236892327,18.137678267702235,17.758205119168604,17.76920509338379,2245618.275342654
2007-08-15 13:30:00,17.579468970801397,17.755455983058837,17.268741312241353,17.279741287231445,1513564.7940998464
2007-08-16 13:30:00,17.172498511010122,17.39248068647835,16.75177900116509,17.2659912109375,1296094.5046767956
2007-08-17 13:30:00,17.791200272952764,18.14592459587739,17.395228020939456,17.565715789794922,4001747.034831664
2007-08-20 13:30:00,17.683952492818968,17.854440215996725,17.595959032268794,17.77194595336914,446578.214775493
2007-08-21 13:30:00,17.774698162678696,17.947934715867646,17.774698162678696,17.90943717956543,201105.64123274188
2007-08-22 13:30:00,18.07993118439797,18.096428784138528,17.93694097251219,18.033184051513672,304385.85540852044
2007-08-23 13:30:00,18.08818795433745,18.08818795433745,17.821456961305913,17.86820411682129,410575.2262708974
2007-08-24 13:30:00,17.956192545690868,18.134929952889035,17.8819478249608,18.123929977416992,173103.5104337867
2007-08-27 13:30:00,18.0606748053583,18.0799243579592,17.94518221009442,17.964431762695312,77823.89205710951
2007-08-28 13:30:00,17.86269740039097,17.887444588296432,17.458477072307236,17.499723434448242,560404.5082586776
2007-08-29 13:30:00,17.66471023924226,18.016684195532527,17.66471023924226,18.0029354095459,136009.93337764018
2007-08-30 13:30:00,17.873696531176776,18.21741934636585,17.873696531176776,18.02218437194824,348752.72470674897
2007-08-31 13:30:00,18.217418564756738,18.39615593149629,18.18167297954609,18.35765838623047,822241.8606813719
2007-09-04 13:30:00,18.396156415709623,18.838874264300298,18.396156415709623,18.673887252807617,174921.85960975414
2007-09-05 13:30:00,18.616139834491552,18.62988704615509,18.387906540062,18.48689842224121,473489.1565081679
2007-09-06 13:30:00,18.632636408515584,18.676633147832217,18.429151882538047,18.646385192871094,745872.7445244902
2007-09-07 13:30:00,18.346658417738592,18.346658417738592,18.022182057506463,18.16792106628418,1230271.7614170294
2007-09-10 13:30:00,18.39066550734393,18.44016147576253,18.01944181058331,18.20368003845215,642592.0718849627
2007-09-11 13:30:00,18.354906520136304,18.54189344214936,18.22566511969343,18.431900024414062,849153.057952172
2007-09-12 13:30:00,18.354911199904898,18.48965183355377,18.115677894179257,18.14592742919922,327296.5984183638
2007-09-13 13:30:00,18.14867902117949,18.23667253251646,18.063435897114832,18.07993507385254,686231.7629545358
2007-09-14 13:30:00,17.917686560611234,18.05792634784005,17.906688163762514,17.96718406677246,536766.6000529301
2007-09-17 13:30:00,17.884693819237338,17.991935293146053,17.813197929850507,17.91219139099121,203287.57584137487
2007-09-18 13:30:00,18.085423165231276,18.544640043785517,17.978181719879757,18.44289779663086,687323.113867576
2007-09-19 13:30:00,18.561147325820524,18.745383920256124,18.434656271313585,18.525400161743164,492035.8553102682
2007-09-20 13:30:00,18.4374022486935,18.599640428475556,18.4374022486935,18.53914451599121,259655.3471653012
2007-09-21 13:30:00,18.638138759005223,18.737132225929745,18.60789237237739,18.621641159057617,242926.82062250088
2007-09-24 13:30:00,18.65738854992853,18.74813243127797,18.475902360677463,18.5666446685791,459306.2434888537
2007-09-25 13:30:00,18.429154762076816,18.69588562590316,18.429154762076816,18.673887252807617,551676.63415384
2007-09-26 13:30:00,18.88340390503765,18.88891124964139,18.583318212557494,18.605342864990234,945121.8452542904
2007-09-27 13:30:00,18.759512557407916,18.82008073614864,18.66866028929682,18.67416763305664,181251.2963296993
2007-09-28 13:30:00,18.70169298591348,18.773272682134923,18.577804565429688,18.577804565429688,393013.9393559833
2007-10-01 13:30:00,18.68793100378633,19.0623500009436,18.68793100378633,18.965991973876957,292762.6437074062
2007-10-02 13:30:00,18.993515973529327,19.040317343905556,18.86962600847268,19.00177383422852,964010.4010860032
2007-10-03 13:30:00,18.770518791937384,19.045826016621557,18.45942014723728,18.591567993164062,456579.08410051727
2007-10-04 13:30:00,18.58880724484436,18.58880724484436,18.42086961816832,18.558523178100582,233193.2248175259
2007-10-05 13:30:00,18.696183559240524,18.97424442694748,18.65213270635009,18.869626998901367,742803.755367746
2007-10-08 13:30:00,18.924695379809112,18.96048523225408,18.809064808071245,18.89716339111328,948754.42262451
2007-10-09 13:30:00,19.13392670851896,19.13392670851896,18.528246700871616,18.759506225585938,1083149.3949600747
2007-10-10 13:30:00,18.740241959745163,18.75400716876916,18.55303165129906,18.715463638305664,766776.5106280459
2007-10-11 13:30:00,18.83659431719173,18.83659431719173,18.16484192225958,18.313507080078125,609498.5186561506
2007-10-12 13:30:00,18.40436069317219,18.577805753200085,18.37132451408349,18.536508560180664,705754.1916324474
2007-10-15 13:30:00,18.610841932288785,18.66590433120573,18.45942309208914,18.536508560180664,539032.022842281
2007-10-16 13:30:00,18.514488840732984,18.69343812510402,18.497969960536544,18.50622940063477,891727.3427600908
2007-10-17 13:30:00,18.996270098612737,18.996270098612737,18.66314682817467,18.850357055664062,886642.4783689512
2007-10-18 13:30:00,18.762261346452725,18.894409206408323,18.632865582333647,18.858617782592773,536126.21844869
2007-10-19 13:30:00,18.79254051562775,18.79254051562775,18.28872747975653,18.30524635314941,1030118.0389614868
2007-10-22 13:30:00,18.12078907842374,18.52824410368795,18.08775133295561,18.464923858642575,652359.6867989445
2007-10-23 13:30:00,18.50622940063477,18.50622940063477,18.255697251861072,18.50622940063477,350516.0430808504
2007-10-24 13:30:00,18.10702653258449,18.10702653258449,17.51786692021033,17.939088821411133,708660.0509460197
2007-10-25 13:30:00,17.82070976139774,17.82346185759115,17.181993446791246,17.347177505493164,590973.7427510333
2007-10-26 13:30:00,17.58945737065028,17.60597625586327,17.264593312990304,17.405000686645508,445318.6925528367
2007-10-29 13:30:00,17.449040214708592,17.669286642981817,17.449040214708592,17.56742286682129,260435.30306917545
2007-10-30 13:30:00,17.506849463939133,17.74912046250756,17.48207273275536,17.63349151611328,781306.1431182253
2007-10-31 13:30:00,17.66929275061131,17.859255163744198,17.55641582635633,17.798686981201172,328359.0412744258
2007-11-01 13:30:00,17.73261245949179,17.73261245949179,17.476576103273256,17.504106521606445,516511.6943710348
2007-11-02 13:30:00,17.56467975729602,17.639013168450475,17.37471729560249,17.625247955322266,1518660.177674736
2007-11-05 14:30:00,17.418763451943885,17.73812169477345,17.418763451943885,17.539899826049805,1394799.3635030345
2007-11-06 14:30:00,17.6334889189152,17.809685982831464,17.53988462254119,17.793167114257812,2228775.08149007
2007-11-07 14:30:00,17.630745337100205,17.73260912604602,17.311387188356886,17.31689453125,465296.4872497533
2007-11-08 14:30:00,17.4022385636826,17.413250098259127,16.78830218955346,17.071868896484375,1437660.8817354324
2007-11-09 14:30:00,16.947980830966237,17.17098095184584,16.859882251160993,16.923202514648438,1203741.2986586168
2007-11-12 14:30:00,16.82133532302459,16.9727541356611,16.47995260773202,16.485458374023438,839422.662767461
2007-11-13 14:30:00,16.727732908889756,16.906683740966088,16.667166316396724,16.859882354736328,139479.98064129445
2007-11-14 14:30:00,17.041580720753814,17.069112701236794,16.727728430794194,16.73048210144043,138027.10112680812
2007-11-15 14:30:00,16.65064723995262,16.843363275991326,16.507487836262285,16.631376266479492,790023.3372834241
2007-11-16 14:30:00,16.66166262586703,16.7194787103037,16.43315826141625,16.518503189086914,1496503.6309301602
2007-11-19 14:30:00,16.457931736095315,16.573562306653667,16.199141757217443,16.218414306640625,1504858.1979438136
2007-11-20 14:30:00,16.262458401411727,16.350556955405196,15.736619172684206,16.020187377929688,1971608.232791916
2007-11-21 14:30:00,15.799949397953249,16.04772791906862,15.53290147205373,15.703591346740724,1904409.623227505
2007-11-23 14:30:00,15.832984772781678,16.011935637336833,15.7503919448849,15.932096481323242,112237.7765516059
2007-11-26 14:30:00,16.022941678976807,16.061485195486682,15.52463436126709,15.52463436126709,269516.0477773521
2007-11-27 14:30:00,15.538403623697512,15.855008125305176,15.521884744403572,15.855008125305176,2199715.3086754363
2007-11-28 14:30:00,16.163347253606435,16.59282850562155,16.07800236746342,16.52950668334961,537216.0065827993
2007-11-29 14:30:00,16.427641225260096,16.576307918302028,16.38909771681843,16.5157413482666,872113.4314970368
2007-11-30 14:30:00,16.74701353865133,16.74701353865133,16.243200129943666,16.281742095947266,108968.68229666124
2007-12-03 14:30:00,16.317523647618966,16.43040054136788,16.24594394686445,16.265214920043945,87538.21939601933
2007-12-04 14:30:00,16.160597335035234,16.26521320381989,16.1082870376529,16.138572692871094,2586918.109217776
2007-12-05 14:30:00,16.408374824088053,16.727731360621867,16.408374824088053,16.598337173461914,665072.5734170092
2007-12-06 14:30:00,16.562553461983,16.917701553466046,16.562553461983,16.87915802001953,655628.3726046778
2007-12-07 14:30:00,16.87915257927685,16.91494242903825,16.771783029992662,16.8543758392334,335623.71831440495
2007-12-10 14:30:00,16.881901239064316,17.049838903627062,16.810319985463956,17.000282287597656,219390.461081534
2007-12-11 14:30:00,17.107658088651608,17.190250896105216,16.664411544799805,16.664411544799805,1994127.979886805
2007-12-12 14:30:00,17.16822502651505,17.16822502651505,16.650645150447293,16.870891571044922,1103490.2068306832
2007-12-13 14:30:00,16.78003646361393,16.925949481704865,16.5239986890596,16.71396255493164,1355208.3778599168
2007-12-14 14:30:00,16.603837503087895,16.71396225759218,16.504727429490742,16.537763595581055,1143082.5089778032
2007-12-17 14:30:00,16.44416891825091,16.488218215721247,16.171613693237305,16.171613693237305,1333413.86487577
2007-12-18 14:30:00,16.24595069885254,16.32028410180937,16.0725055668441,16.24595069885254,958198.0364792392
2007-12-19 14:30:00,16.16609654073286,16.391848637462108,16.16609654073286,16.28447914123535,306202.30990411184
2007-12-20 14:30:00,16.452425311332682,16.609351495254558,16.350561526714337,16.50473403930664,368677.5602046588
2007-12-21 14:30:00,16.793809879825766,16.826847641091085,16.64789835199447,16.716724395751953,436238.0897651836
2007-12-24 14:30:00,16.791047956468955,16.91218424311171,16.791047956468955,16.890159606933594,147471.0808477808
2007-12-26 14:30:00,16.90393133322919,16.947980622590222,16.835103727855003,16.92045021057129,663982.8367539007
2007-12-27 14:30:00,16.82811511841676,16.95491042076896,16.56625182605423,16.571765899658203,197718.2256573091
2007-12-28 14:30:00,16.64894334562361,16.65170038205553,16.439452739852612,16.516633987426758,231820.11587772143
2007-12-31 14:30:00,16.483542084584766,16.544184217394996,16.35398987108167,16.376041412353516,326507.47831118543
2008-01-02 14:30:00,16.35675770356927,16.447719385584808,15.81924925581023,15.937776565551758,649023.8811941381
2008-01-03 14:30:00,15.995666893256782,15.995666893256782,15.69245908514107,15.747587203979492,726297.0310204207
2008-01-04 14:30:00,15.50776697004081,15.50776697004081,14.851732936509384,14.989556312561035,785794.321442548
2008-01-07 14:30:00,15.061225966634105,15.061225966634105,14.496155077932062,14.631219863891602,419017.6778095817
2008-01-08 14:30:00,14.691859545515772,14.890323503040875,14.24255900007336,14.286662101745604,502095.7266543357
2008-01-09 14:30:00,14.23153350372282,14.498909169139395,13.98621096804819,14.377626419067385,724483.4471851152
2008-01-10 14:30:00,14.18743201712582,14.507178740539326,14.143327334765509,14.435511589050291,2298611.4712351034
2008-01-11 14:30:00,14.3445510873266,14.3445510873266,13.903519951871203,13.986213684082031,279707.87646853784
2008-01-14 14:30:00,14.195701255326034,14.435511292967488,14.176405161454529,14.4107027053833,139672.574901641
2008-01-15 14:30:00,14.256345438237084,14.256345438237084,13.81255724872298,13.870442390441896,431352.33675414405
2008-01-16 14:30:00,13.545175740946734,14.005502796606764,13.31639073061741,13.694024085998535,469445.0478768875
2008-01-17 14:30:00,13.84563649627902,13.986215384957818,13.44043731689453,13.440437316894531,588075.7621483086
2008-01-18 14:30:00,13.627872186788624,13.895247854748895,13.553447999268728,13.793259620666504,474161.1699862569
2008-01-22 14:30:00,13.25850686312118,13.729858948706168,13.060042910098623,13.534152030944824,553974.1271642136
2008-01-23 14:30:00,12.92222671311348,13.88422739337728,12.817481409326572,13.853904724121094,536197.3839103146
2008-01-24 14:30:00,13.892496326529312,14.24807834625244,13.873201801737022,14.24807834625244,803933.2334729545
2008-01-25 14:30:00,14.554041362120437,14.69186319476636,13.94762277487562,13.96140480041504,1458399.0750016705
2008-01-28 14:30:00,13.898007981463136,14.143330574035645,13.727108015711943,14.143330574035645,466905.3481585102
2008-01-29 14:30:00,14.104741819760712,14.286666779410805,13.964162939996418,14.168139457702637,271363.78653979494
2008-01-30 14:30:00,14.18467903686548,14.352821976007204,14.06339467451623,14.15711498260498,325418.8605163111
2008-01-31 14:30:00,13.975183871634815,14.2646110785336,13.898004229479303,14.115762710571287,384915.85713561845
2008-02-01 14:30:00,14.22326254085025,14.884808975528866,14.22326254085025,14.86826992034912,731376.5341495221
2008-02-04 14:30:00,14.882056127959451,14.884811586138609,14.578845320655146,14.60365390777588,452031.25085343927
2008-02-05 14:30:00,14.3059569767218,14.355574150288296,13.950376696336788,13.966914176940918,437157.0342601768
2008-02-06 14:30:00,14.011017908661769,14.11300771851465,13.600307942739192,13.614089965820312,458924.1688924057
2008-02-07 14:30:00,13.495566324877162,13.975188113184007,13.313641362847624,13.740890502929688,572838.7878904814
2008-02-08 14:30:00,13.760178025840524,14.044092680894614,13.74088351357273,13.9007568359375,281884.71475027443
2008-02-11 14:30:00,13.961401538392932,14.336277908132743,13.961401538392932,14.223264694213867,199169.4724494967
2008-02-12 14:30:00,14.33076362165342,14.43826432864483,14.124030158226654,14.154351234436035,238713.1680666771
2008-02-13 14:30:00,14.325254741685573,14.680835063565764,14.325254741685573,14.67807960510254,90333.683674741
2008-02-14 14:30:00,14.691861883608295,14.691861883608295,14.18191909790039,14.18191909790039,1200095.6643413077
2008-02-15 14:30:00,14.113006558241004,14.198455725219487,13.85665590280293,13.922810554504396,125523.93319462638
2008-02-19 14:30:00,14.113009873369236,14.121279403930837,13.765697476040472,13.820825576782228,201346.14612315907
2008-02-20 14:30:00,13.663704220817994,14.190185967905908,13.663704220817994,14.090954780578612,199532.2669644221
2008-02-21 14:30:00,14.305964158426724,14.427248540584255,14.008268853839237,14.052371978759766,998749.137888209
2008-02-22 14:30:00,14.0881952913191,14.11024683768972,13.818062665340763,14.099220275878906,880481.6295935147
2008-02-25 14:30:00,14.04685366204007,14.308715266281856,13.95313337747852,14.234291076660156,2277932.595457939
2008-02-26 14:30:00,14.115765152261014,14.600900949768288,14.115765152261014,14.463077545166016,5450494.662854891
2008-02-27 14:30:00,14.3473052837385,14.69186059296132,14.3473052837385,14.589872360229492,2108148.886975859
2008-02-28 14:30:00,14.432755837543338,14.487885512459831,14.20121372649661,14.245318412780762,355167.3658671491
2008-02-29 14:30:00,14.113009386118362,14.137816399695016,13.796016508790716,13.834607124328612,253224.53125421144
2008-03-03 14:30:00,13.831848458035894,13.864924994217963,13.619600910424952,13.751910209655762,1098878.6290051618
2008-03-04 14:30:00,13.644413818239478,13.840122371136935,13.401846692801035,13.826338768005373,977345.0276166308
2008-03-05 14:30:00,13.721595049747927,14.082691109052291,13.721595049747927,13.964163780212402,284786.84440696443
2008-03-06 14:30:00,13.83185556305954,13.895253210037282,13.545183690219822,13.561722755432127,191550.88084474124
2008-03-07 14:30:00,13.43767964883412,13.886980296018736,13.28883125267138,13.578258514404297,411036.3652313455
2008-03-10 13:30:00,13.545180479735471,13.677491392821452,13.366012573242188,13.366012573242188,256126.80668527493
2008-03-11 13:30:00,13.523128318686114,13.834607124328612,13.410115085166622,13.834607124328612,257215.17572956436
2008-03-12 13:30:00,13.793262415785223,13.97518736811568,13.732620239257812,13.732620239257812,1667000.8680738816
2008-03-13 13:30:00,13.48178351517232,14.046856045032566,13.48178351517232,13.975187301635742,468356.5029207633
2008-03-14 13:30:00,14.002748905270966,14.024800458479248,13.46248664029381,13.575501441955566,1156198.6334615273
2008-03-17 13:30:00,12.97183767133533,13.716077110837468,12.97183767133533,13.523125648498535,2255440.145641492
2008-03-18 13:30:00,13.652682612012766,14.063392639160156,13.611334959354242,14.063392639160156,1188123.659346168
2008-03-19 13:30:00,14.027556077399082,14.038582641515356,13.47351026752705,13.487292289733888,618912.7919340149
2008-03-20 13:30:00,13.454215075012074,13.751910209655762,13.382546354990277,13.751910209655762,5024222.559621157
2008-03-24 13:30:00,13.754672880187524,14.355579043325518,13.754672880187524,14.1874361038208,879392.771670687
2008-03-25 13:30:00,14.19569753986941,14.319737290822433,14.099220250265832,14.228774070739746,196992.80005678305
2008-03-26 13:30:00,14.168133602870649,14.228775756778228,13.909027508471052,14.077170372009276,2485083.831476535
2008-03-27 13:30:00,14.019286022608563,14.019286022608563,13.713319778442385,13.713319778442385,317437.6982776402
2008-03-28 13:30:00,13.851146606224368,13.87871065648208,13.514859199523926,13.514859199523926,277531.1755253925
2008-03-31 13:30:00,13.534155724704732,13.787747834151942,13.534155724704732,13.6609525680542,580094.5563723586
2008-04-01 13:30:00,13.80704569906799,14.261860487185228,13.80704569906799,14.231537818908691,1047725.3685807585
2008-04-02 13:30:00,14.228775310674044,14.537496986204724,14.228775310674044,14.333518981933594,2439010.090923462
2008-04-03 13:30:00,14.220510037033453,14.620195060140636,14.12678974598656,14.537501335144045,1115929.3165722832
2008-04-04 13:30:00,14.474100451155222,14.66153943426716,14.352817702172208,14.55679416656494,360246.4043637588
2008-04-07 13:30:00,14.62570261725912,14.691857259473874,14.377623103266558,14.446533203125,3807801.710239467
2008-04-08 13:30:00,14.303203917522602,14.303203917522602,14.093713355554042,14.140573501586914,408134.0921638263
2008-04-09 13:30:00,14.195706090144624,14.430003713871224,14.07993421923989,14.283910751342772,2989717.6564649227
2008-04-10 13:30:00,14.31974404281435,14.75526110525801,14.31422997069348,14.617439270019531,2003666.1541585133
2008-04-11 13:30:00,14.468590353514765,14.468590353514765,14.041339729258988,14.082687377929688,712148.6925913646
2008-04-14 13:30:00,13.975185280368413,14.038584483540172,13.79601581366776,13.829093933105469,544904.3912717979
2008-04-15 13:30:00,13.900758956915483,13.900758956915483,13.567230241497551,13.864925384521484,905513.6945479938
2008-04-16 13:30:00,14.14883413880532,14.457555716003656,14.135050545443226,14.427234649658203,671879.8344691041
2008-04-17 13:30:00,14.333522429581008,14.350061489061083,14.124033459422302,14.328011512756348,436431.4195498685
2008-04-18 13:30:00,14.584364220052056,14.760776691979522,14.471349388754058,14.636736869812012,1158012.2592453568
2008-04-21 13:30:00,14.540258194946883,14.810390950818045,14.540258194946883,14.796608924865724,2263420.785158252
2008-04-22 13:30:00,14.664293393632011,14.664293393632011,14.256338973172053,14.40794277191162,1232746.766175378
2008-04-23 13:30:00,14.474110073316757,14.975785193041098,14.474110073316757,14.826936721801758,1953238.0178257525
2008-04-24 13:30:00,14.81865882807294,15.215586809308885,14.65051592206694,15.091547012329102,1548370.08962103
2008-04-25 13:30:00,15.174239440651704,15.174239440651704,14.738720881884843,15.036416053771973,435705.8660700553
2008-04-28 13:30:00,14.9482149373747,15.017125069775629,14.854494633706512,14.928918838500977,746250.4210205297
2008-04-29 13:30:00,14.89031925027112,15.075001132933744,14.884806758449324,15.000576972961426,810101.2123086646
2008-04-30 13:30:00,15.019871507283128,15.019871507283128,14.631211694889496,14.716662406921388,3091300.10917252
2008-05-01 13:30:00,14.705645997730011,15.325846643301588,14.705645997730011,15.267961502075195,2596458.11641477
2008-05-02 13:30:00,15.408544964702964,15.458160589486882,15.077771504056392,15.276235580444336,2523537.4153577155
2008-05-05 13:30:00,15.212833815732594,15.276231453760834,15.066740863316475,15.165973663330078,1967024.6639244864
2008-05-06 13:30:00,15.030906737015062,15.441616794415149,15.030906737015062,15.422322273254396,1132617.3408402957
2008-05-07 13:30:00,15.4636651506524,15.61802600399595,15.234878540039062,15.234878540039062,3713839.622338204
2008-05-08 13:30:00,15.287257633153883,15.416809942150124,15.11911312692226,15.298282623291016,4255114.878116715
2008-05-09 13:30:00,15.13564870529252,15.400267334692598,15.13564870529252,15.295523643493652,276442.8581716305
2008-05-12 13:30:00,15.218342077565474,15.502256794728847,15.218342077565474,15.48296070098877,208964.6849124866
2008-05-13 13:30:00,15.532573264899726,15.579433395114624,15.436099124047336,15.549112319946287,301837.937158904
2008-05-14 13:30:00,15.540853603831016,16.014962996651988,15.540853603831016,15.747587203979492,539825.1659132798
2008-05-15 13:30:00,15.772385540754144,16.11969782609839,15.725525408431508,16.114185333251953,486133.1942312896
2008-05-16 13:30:00,16.12521103574196,16.205147705947727,15.86886196859897,16.202390670776367,371492.81251092587
2008-05-19 13:30:00,16.23546946843327,16.522139625544344,16.067326592668763,16.125211715698242,428450.1885500261
2008-05-20 13:30:00,16.061817469488336,16.061817469488336,15.62078632270088,15.728288650512695,409222.40797618
2008-05-21 13:30:00,15.659374340625153,15.791683662678809,15.447128333653854,15.477449417114258,327958.43818599
2008-05-22 13:30:00,15.493990451394785,15.71450443900388,15.485720920556036,15.56565761566162,455296.2250735597
2008-05-23 13:30:00,15.543606919041464,15.543606919041464,15.232128074975265,15.447131156921388,322879.3768121248
2008-05-27 13:30:00,15.422322306646524,15.744827712830173,15.422322306646524,15.728288650512695,449491.6342929849
2008-05-28 13:30:00,15.805466138289349,15.846813788395036,15.631810739600184,15.78892707824707,709246.3808952584
2008-05-29 13:30:00,15.73931815303544,15.84130801506596,15.722779085976192,15.733805656433104,160351.28764897707
2008-05-30 13:30:00,15.805460002679636,16.04527154844412,15.805460002679636,15.96533489227295,287326.52262275305
2008-06-02 13:30:00,15.929511257554624,15.95983235201455,15.61251986131698,15.805471420288086,278256.6712793239
2008-06-03 13:30:00,15.849571606179914,15.849571606179914,15.463668598161206,15.582194328308104,673330.5462872377
2008-06-04 13:30:00,15.700723202642015,15.926751250967849,15.642838066927576,15.827518463134766,704892.9161076081
2008-06-05 13:30:00,15.98463780451521,16.103165122349225,15.849573001618522,16.031497955322266,488672.5032307681
2008-06-06 13:30:00,16.001172367167747,16.042518434075262,15.60975694022147,15.810977935791016,429175.7489891437
2008-06-09 13:30:00,15.722770736996852,15.722770736996852,15.199045983825394,15.48296070098877,401241.2179048789
2008-06-10 13:30:00,15.364439356775128,15.364439356775128,15.077769070483743,15.17148780822754,987140.0827283198
2008-06-11 13:30:00,15.218342249754947,15.218342249754947,14.68634796142578,14.68634796142578,555062.4380184824
2008-06-12 13:30:00,14.622950405944914,15.04193152209611,14.622950405944914,14.746990203857422,668251.5659876844
2008-06-13 13:30:00,14.88480858306898,15.2045568066919,14.857244543330248,15.127375602722168,4115444.257017768
2008-06-16 13:30:00,15.05847243485782,15.516042692973832,15.05847243485782,15.430593490600586,2115766.6912111444
2008-06-17 13:30:00,15.449885272069436,15.568414158838028,15.215587688978498,15.221101760864258,1741734.857192909
2008-06-18 13:30:00,15.077760938500433,15.188018681454196,14.82141030603816,14.884809494018556,227104.01509393923
2008-06-19 13:30:00,14.95096617993591,15.380972224757963,14.796605318737218,15.273469924926758,520597.79103779775
2008-06-20 13:30:00,15.083279743231614,15.083279743231614,14.868276660186698,14.928918838500977,392171.465786676
2008-06-23 13:30:00,15.11684163430706,15.11684163430706,14.713358164374965,14.729938507080078,599220.4155784289
2008-06-24 13:30:00,14.608338902350228,15.08091258677865,14.608338902350228,14.804553031921388,3312719.7163511096
2008-06-25 13:30:00,14.973132067147835,15.25778258995032,14.973132067147835,15.0643310546875,942976.226961396
2008-06-26 13:30:00,14.923387121593152,14.948260002744512,14.312632884479152,14.387249946594238,2435238.03972193
2008-06-27 13:30:00,14.329219451687624,14.406600719468882,14.086023666480044,14.293292999267578,863007.5544429916
2008-06-30 13:30:00,14.196563820952315,14.436996948712991,14.14958381652832,14.14958381652832,287669.25339056354
2008-07-01 13:30:00,14.0114072364067,14.121950780314828,13.72399402224557,14.099842071533203,412144.8882484094
2008-07-02 13:30:00,14.133000217913496,14.215908237697963,13.723988479958676,13.76267910003662,840935.1247556079
2008-07-03 13:30:00,13.87322353152466,13.87322353152466,13.179562038680617,13.367486000061035,1245843.1325210952
2008-07-07 13:30:00,13.436576368520043,13.735044629125213,13.25141500531565,13.447629928588867,4160167.994566573
2008-07-08 13:30:00,13.3757788198562,13.574757159562443,13.254180945591273,13.525012969970703,1087353.4977849394
2008-07-09 13:30:00,13.541596297921922,13.541596297921922,12.977824211120604,12.977824211120604,5902826.52196262
2008-07-10 13:30:00,12.919786164030674,13.218253672796967,12.864515193817663,13.168509483337402,905705.7611272968
2008-07-11 13:30:00,13.008219977744991,13.317742605475072,12.795423912433286,13.121527671813965,3367358.555087068
2008-07-14 13:30:00,13.201672165446173,13.27076166692258,12.82582420210383,12.9612398147583,2360335.136792451
2008-07-15 13:30:00,12.853458106248572,13.33708613846642,12.756733132340615,13.088363647460938,1242948.3660328833
2008-07-16 13:30:00,13.248651460153203,13.549882316578552,13.035855408599115,13.51119327545166,4373296.59660097
2008-07-17 13:30:00,13.62173871221887,13.878752202636411,13.411705230210996,13.801372528076172,1177815.5224496103
2008-07-18 13:30:00,13.740576029634576,13.787556047733412,13.334326724386084,13.7350492477417,5568117.210909439
2008-07-21 13:30:00,13.817955576035994,13.834535919644225,13.54988533962108,13.618975639343262,604648.1037995016
2008-07-22 13:30:00,13.3564348783198,13.359197478154568,13.00545898282607,13.198909759521484,886527.7715559037
2008-07-23 13:30:00,13.240362601611452,13.478030767908423,13.118763942200014,13.323269844055176,834783.5718234351
2008-07-24 13:30:00,13.265233467200874,13.265233467200874,12.660007569781207,12.68764305114746,1041760.7827384904
2008-07-25 13:30:00,12.718044398801984,12.845169053140664,12.588155563424696,12.812005996704102,5965065.72675353
2008-07-28 13:30:00,12.690409503243634,12.83411529714093,12.56328326166066,12.604737281799316,2467803.8439058717
2008-07-29 13:30:00,12.71251273657595,12.952945016038637,12.624078738538996,12.928072929382324,1743384.6478480815
2008-07-30 13:30:00,13.049675539744005,13.168510028226258,12.87556928809206,13.03309440612793,4541916.996909892
2008-07-31 13:30:00,12.919785531120164,13.26523461271618,12.919785531120164,12.986111640930176,1098932.6932842766
2008-08-01 13:30:00,12.969528929475493,13.016509720535868,12.693170172253442,12.870038986206056,1316403.5643747482
2008-08-04 13:30:00,12.930839953542383,13.030329112718672,12.842404354716136,12.894912719726562,728762.1229799273
2008-08-05 13:30:00,13.024801830845696,13.221016763464032,12.90873074723007,13.212726593017578,890870.0630435579
2008-08-06 13:30:00,13.27352426720936,13.442102915377626,13.013746634029506,13.378540992736816,649155.5633397553
2008-08-07 13:30:00,13.37577826003811,13.776499103732885,13.212727164827475,13.508430480957031,846724.5561757551
2008-08-08 13:30:00,13.497376661473323,13.831769806967404,13.436577332714698,13.790316581726074,600306.0109355372
2008-08-11 13:30:00,13.856641776581316,14.257362586162532,13.78478889170191,14.080492973327637,816329.3851921645
2008-08-12 13:30:00,14.094311577706955,14.166164466988716,13.99482162372214,14.052858352661133,995082.3013011444
2008-08-13 13:30:00,14.110891821669568,14.27117950371972,13.96442029831865,14.12194538116455,1142354.61778494
2008-08-14 13:30:00,14.036270940698325,14.331974924795434,14.011398066594795,14.26564884185791,838402.3977484014
2008-08-15 13:30:00,14.343039038255595,14.453582591182016,14.229732884843338,14.331985473632812,1425319.2119123435
2008-08-18 13:30:00,14.434232767901348,14.434232767901348,13.989294537574825,14.14958381652832,1279856.7914999034
2008-08-19 13:30:00,14.077734044675443,14.108133718390183,13.834538236297186,13.884284019470217,999062.3189925876
2008-08-20 13:30:00,14.008643456304288,14.058387651538473,13.773737061611763,13.84559154510498,1135479.1643979556
2008-08-21 13:30:00,13.809661399094168,13.831768518759274,13.660427271981472,13.768206596374512,825737.4590349761
2008-08-22 13:30:00,13.928497163671166,13.992060680539614,13.804135892472903,13.939552307128906,502606.96468691935
2008-08-25 13:30:00,13.856642132330885,13.947841121792434,13.712936358882626,13.72122573852539,1011003.6541090378
2008-08-26 13:30:00,13.663192812523164,13.679774737180589,13.497378309967022,13.602395057678224,695833.826424677
2008-08-27 13:30:00,13.569228622215178,13.83453304081235,13.55817348077076,13.737807273864746,351354.53678150184
2008-08-28 13:30:00,13.798606477346224,13.889803882101612,13.75991585463897,13.86769676208496,736360.956360675
2008-08-29 13:30:00,13.7074063429361,13.729515042439688,13.458683868855465,13.558172225952148,592707.2960996636
2008-09-02 13:30:00,13.768207447915715,13.840060335288394,13.279051814943529,13.345377922058104,1410845.8166754718
2008-09-03 13:30:00,13.265237429527916,13.265237429527916,12.7042279765868,12.740155220031738,1224131.8774931186
2008-09-04 13:30:00,12.64342321393536,12.668295300509774,12.309029367907948,12.347719192504885,1279495.254273366
2008-09-05 13:30:00,12.179142341879004,12.5798631540442,12.179142341879004,12.51077365875244,1132584.6450245024
2008-09-08 13:30:00,12.839640464728594,12.839640464728594,12.215068470434744,12.436156272888184,1198802.8835325688
2008-09-09 13:30:00,12.297976251271324,12.43062845571066,11.888965287583371,11.95252799987793,2510502.4361344897
2008-09-10 13:30:00,12.1183416592661,12.170850014274604,11.9442354662044,12.027143478393556,1583447.694945848
2008-09-11 13:30:00,11.891725580244463,12.1100491408547,11.712092631186607,12.029905319213867,1881610.8486658365
2008-09-12 13:30:00,11.872386317334534,12.074128064057469,11.739734079927176,12.04649257659912,1402161.2168168195
2008-09-15 13:30:00,11.596026450975248,11.985692956466904,11.5656267849576,11.57668113708496,1858813.629886408
2008-09-16 13:30:00,11.098578242216854,11.830929507729849,11.054360052452394,11.69827651977539,2338262.844804057
2008-09-17 13:30:00,11.355589429422468,11.789473165174986,11.305845260620115,11.305845260620115,1159723.5996206845
2008-09-18 13:30:00,11.513119330101889,11.98016551487597,11.098580725499469,11.87514877319336,2907087.5103557697
2008-09-19 13:30:00,12.77883968191844,12.947419102155482,11.051596215921435,12.162559509277344,575700.454421138
2008-09-22 13:30:00,11.938712362313655,12.08794652381023,11.60431838024833,11.609845161437988,244971.1353927552
2008-09-23 13:30:00,11.656824099267611,11.781185345069929,11.3638834148709,11.43297290802002,204806.04759240663
2008-09-24 13:30:00,11.568388175271702,11.709331338195383,11.496535294201273,11.549043655395508,477277.7110581707
2008-09-25 13:30:00,11.25886646547117,11.855802172917675,11.25886646547117,11.714859008789062,600667.9253853818
2008-09-26 13:30:00,11.67064318159306,11.778423309326172,11.148324465964718,11.778423309326172,563397.4901729248
2008-09-29 13:30:00,11.73973001007079,11.73973001007079,10.697856206285486,10.778000831604004,1410846.059262829
2008-09-30 13:30:00,10.612190614187652,11.222944294205924,10.612190614187652,11.203598976135254,2009342.0004383791
2008-10-01 13:30:00,11.308611610616635,11.308611610616635,10.976980305541158,11.14279556274414,1240053.5835720915
2008-10-02 13:30:00,10.94934474802562,10.982507799234062,10.446371409362827,10.468480110168455,1135841.3265485996
2008-10-03 13:30:00,10.69786004472595,10.885784840669103,10.33859395939099,10.349647521972656,994358.4456956588
2008-10-06 13:30:00,10.070524426241809,10.109214263929733,9.459770869094806,9.998671531677246,1034523.669182889
2008-10-07 13:30:00,10.02630808123676,10.120270481028294,9.32159205947457,9.346464157104492,758071.6533418064
2008-10-08 13:30:00,8.962325811719143,9.755476647447145,8.962325811719143,9.324356079101562,2487705.349464719
2008-10-09 13:30:00,9.52609950688107,9.727841292000004,9.04247126828732,9.164069175720217,1167321.6063359128
2008-10-10 13:30:00,8.603058996228212,9.42108114430804,8.481460318681762,9.047996520996094,2869455.022665584
2008-10-13 13:30:00,9.23039058219022,9.877070426940918,9.23039058219022,9.877070426940918,745045.3867818419
2008-10-14 13:30:00,10.200409767493053,10.26673585851528,9.346459961910483,9.468058586120604,1409760.614360687
2008-10-15 13:30:00,9.42108320294189,9.42937416743533,8.58095216457723,8.592005729675293,1024029.7527985028
2008-10-16 13:30:00,8.569896153104294,9.034179005658943,8.207865083310814,9.009306907653809,1824075.9650820375
2008-10-17 13:30:00,8.824143120744361,9.24973597822796,8.796506851244121,8.86836051940918,1119920.082803267
2008-10-20 13:30:00,9.070103484291732,9.15853908478225,8.951269801597004,9.1336669921875,678827.0690078586
2008-10-21 13:30:00,8.743996733262367,8.984428966050842,8.69977855682373,8.69977855682373,745769.2936349169
2008-10-22 13:30:00,8.688728495447618,8.788218453164006,8.194046050519873,8.346043586730957,500797.7648532057
2008-10-23 13:30:00,8.37368340393584,8.434481969736781,7.859654637418156,8.171940803527832,654944.7766989022
2008-10-24 13:30:00,7.483802036043151,8.415131612814099,7.483802036043151,8.16364574432373,807645.0918745735
2008-10-27 13:30:00,7.945325439994104,8.500807404608981,7.945325439994104,8.14706802368164,642280.1519287543
2008-10-28 13:30:00,8.398549969420067,8.895995686995098,8.124954627086444,8.879414558410645,1183967.2501254198
2008-10-29 13:30:00,8.777160762602952,8.99548432713237,8.616872325774608,8.732942581176758,715735.8061249161
2008-10-30 13:30:00,8.981669129340224,9.11984892201825,8.724654857279628,9.111557960510254,518528.3265584493
2008-10-31 13:30:00,8.909813145613318,9.396204455443378,8.909813145613318,9.227625846862791,653136.0462581803
2008-11-03 14:30:00,9.329880927100978,9.398971213747512,9.164065662354488,9.205519676208496,262701.7393395227
2008-11-04 14:30:00,9.385154584627411,9.575842770745414,9.30224733078152,9.54820728302002,315893.3497942124
2008-11-05 14:30:00,9.407261139515668,9.457005318131191,9.05075776653672,9.053521156311035,278984.93569942185
2008-11-06 14:30:00,8.893235159627567,8.965087260677251,8.351570337418952,8.365388870239258,271747.9210638338
2008-11-07 14:30:00,8.44829694015313,8.608585453055909,8.395789356710731,8.550549507141113,168259.34878156695
2008-11-10 14:30:00,8.619639303077296,8.650038969544275,8.213391658724769,8.301826477050781,197207.2052393219
2008-11-11 14:30:00,8.122195600867332,8.299065284356985,8.003360293935406,8.124958992004395,486323.6947771366
2008-11-12 14:30:00,7.964669725764579,8.077976658836366,7.704892006295839,7.715947151184082,223260.2282827182
2008-11-13 14:30:00,7.776742814509514,8.224444389343262,7.329041239675765,8.224444389343262,689682.5822027132
2008-11-14 14:30:00,8.000596864182956,8.025469756306027,7.610931042293027,7.652384281158447,404907.8996147421
2008-11-17 14:30:00,7.536310058680604,7.671725641909622,7.445111082625859,7.453402042388916,407079.197592822
2008-11-18 14:30:00,7.403659810610716,7.508676553419533,7.074791839394573,7.284825325012207,433494.0005050602
2008-11-19 14:30:00,7.190860955381222,7.317986367931844,6.740396022796631,6.740396022796631,306485.4085861725
2008-11-20 14:30:00,6.654725686590387,6.989120400319011,6.461274147033691,6.461274147033691,509844.0039515068
2008-11-21 14:30:00,6.712760001417997,6.765267563450207,6.328620405199244,6.75697660446167,405993.6909927852
2008-11-24 14:30:00,6.745925552587529,7.226790283176628,6.745925552587529,7.174281120300293,237010.4891423768
2008-11-25 14:30:00,7.218499900614364,7.240607816788703,6.925559139595656,7.094138622283936,631786.6882760508
2008-11-26 14:30:00,6.908976951353806,7.58605666570371,6.908976951353806,7.572238922119141,420829.2934770836
2008-11-28 14:30:00,7.605398188471749,7.605398188471749,7.395365586180306,7.481036186218262,221451.12299356167
2008-12-01 14:30:00,7.210208171483928,7.26824411378306,6.914504051208496,6.914504051208496,576785.846595966
2008-12-02 14:30:00,7.069265429227466,7.094138316356714,6.781852252649026,7.030574798583984,500435.8691671238
2008-12-03 14:30:00,6.815016714374298,7.384316403585215,6.815016714374298,7.370498657226562,667247.6882014272
2008-12-04 14:30:00,7.237843965377643,7.373260379179934,6.886868859571648,6.955958366394043,526488.9404102168
2008-12-05 14:30:00,6.815014168875415,7.207443237304687,6.668543423904973,7.207443237304687,856856.3534858907
2008-12-08 14:30:00,7.389840809347326,7.431294825761859,7.190862479361083,7.31798791885376,301781.3182868525
2008-12-09 14:30:00,7.284825168419509,7.906633068625218,7.149408761848526,7.6496195793151855,1030543.3555733348
2008-12-10 14:30:00,7.649621508309696,8.050341676333586,7.610930870770098,7.793327331542969,1055148.7595045262
2008-12-11 14:30:00,7.738053061826175,7.937031386146746,7.583292142910175,7.613691806793213,451224.5978645173
2008-12-12 14:30:00,7.4257654297994495,8.014410041681623,7.4257654297994495,7.995064735412598,823928.4217813872
2008-12-15 14:30:00,8.036518006391214,8.036518006391214,7.7048875707501985,7.873466968536377,358229.74593348283
2008-12-16 14:30:00,7.989544281483541,8.326701760105061,7.94809024685419,8.290775299072266,438197.86074850336
2008-12-17 14:30:00,8.1747028459977,8.462116860062373,8.089032189718907,8.373682022094727,437112.3871896199
2008-12-18 14:30:00,8.354332581852159,8.354332581852159,7.751870150099008,7.856886863708496,413954.3192528096
2008-12-19 14:30:00,7.950854097642741,8.14154156101595,7.9342721665650755,8.036524772644043,283326.9241490383
2008-12-22 14:30:00,7.983282838538242,7.983282838538242,7.573526562018926,7.729623317718506,279107.2477289755
2008-12-23 14:30:00,7.7770092732024,7.7770092732024,7.464814223001498,7.50105094909668,311753.52433728287
2008-12-24 14:30:00,7.523352004661436,7.5958254704260595,7.514989436304467,7.587462902069092,170406.09473454198
2008-12-26 14:30:00,7.595823123841108,7.595823123841108,7.481537649096377,7.537286758422852,160361.15342754236
2008-12-29 14:30:00,7.531713162330263,7.537287675191862,7.3839774065222095,7.50105094909668,453818.4215036396
2008-12-30 14:30:00,7.551224193267078,7.860631964026832,7.551224193267078,7.835545063018799,410050.98367979366
2008-12-31 14:30:00,7.8271817858947745,7.986067338676301,7.821607273954089,7.908018589019775,230317.37133341096
2009-01-02 14:30:00,7.921958534281162,8.303840652901926,7.855059581785348,8.275965690612793,202334.81371641948
2009-01-05 14:30:00,8.20349283955742,8.398614400225053,8.147742910796975,8.273179054260254,439827.0620700244
2009-01-06 14:30:00,8.32334882724531,8.794430153014751,8.32334882724531,8.719168663024902,507272.2415266106
2009-01-07 14:30:00,8.50174815140962,8.50174815140962,8.214639221061148,8.30941390991211,420454.71685466816
2009-01-08 14:30:00,8.22021999573589,8.326143780163353,8.075272204807982,8.301056861877441,289510.8625759094
2009-01-09 14:30:00,8.278748554591289,8.292686427089132,7.991641300603302,8.008365631103516,306372.3805043954
2009-01-12 14:30:00,7.991644113455704,7.991644113455704,7.690598083511447,7.763071537017822,238209.82324633127
2009-01-13 14:30:00,7.852271621722952,7.9888567714643,7.634849646830045,7.77422285079956,537048.3036424739
2009-01-14 14:30:00,7.648786345090257,7.671085992809223,7.417427300631403,7.462026596069336,263681.0440459981
2009-01-15 14:30:00,7.47317651143158,7.685022347250246,7.286415982555732,7.595823764801025,526644.6384048511
2009-01-16 14:30:00,7.765858167056571,7.941468053158286,7.573523947634665,7.908018589019775,781357.0634955905
2009-01-20 14:30:00,7.89408027675264,7.89408027675264,7.36167613600787,7.375613212585449,438751.02920379926
2009-01-21 14:30:00,7.487112424541631,7.576311800098583,7.213942177985783,7.556799411773682,331843.53848939005
2009-01-22 14:30:00,7.370042324066162,7.517778135895123,7.183283312412023,7.370042324066162,545299.3985092875
2009-01-23 14:30:00,7.383977596248539,7.807671687048847,7.280841928174592,7.685022830963135,650054.5127554646
2009-01-26 14:30:00,7.698959941024455,7.924744442677476,7.645998085266472,7.749134540557861,620995.8464383332
2009-01-27 14:30:00,7.768644362663597,8.06968949881973,7.768644362663597,7.997215270996094,760190.9290805954
2009-01-28 14:30:00,8.186767087285038,8.345651900087995,8.119868134789222,8.275965690612793,760190.5501154129
2009-01-29 14:30:00,8.139378983039768,8.139378983039768,7.807672305526197,7.860633373260498,439827.13548964047
2009-01-30 14:30:00,7.905229524887813,7.977703753338008,7.634846590377153,7.701745510101318,943153.3436880542
2009-02-02 14:30:00,7.556799267018715,7.857844462200324,7.531712366794793,7.790945529937744,677319.581264153
2009-02-03 14:30:00,7.818821162054065,7.94146921517479,7.662722842402169,7.916382312774658,1471591.4625695187
2009-02-04 14:30:00,7.905231286645764,8.295475869504573,7.852270228184767,8.016730308532715,1304055.3975892176
2009-02-05 14:30:00,7.877357174139789,8.459935998010977,7.877357174139789,8.345649719238281,1136878.000394924
2009-02-06 14:30:00,8.393039465567655,8.705234585001522,8.393039465567655,8.655060768127441,660458.1254629915
2009-02-09 14:30:00,8.62718366333761,8.668995698684613,8.501748354794843,8.610459327697754,1201452.9121677368
2009-02-10 14:30:00,8.554707685567626,8.708017919170844,8.13658901164941,8.214637756347656,679113.4137566418
2009-02-11 14:30:00,8.2006975454524,8.2006975454524,7.905226243086539,8.064111709594727,783151.2377371647
2009-02-12 14:30:00,7.921956597581277,8.206276677430866,7.877357306820696,8.167253494262695,1106025.5021084808
2009-02-13 14:30:00,8.139383129594338,8.39861727687793,8.139383129594338,8.301056861877441,871043.8343671723
2009-02-17 14:30:00,7.98885623183958,7.991644285879423,7.724047720433412,7.7351975440979,527720.8470408957
2009-02-18 14:30:00,7.779797856411386,7.941470719443626,7.668299605181701,7.74634838104248,791760.5418561834
2009-02-19 14:30:00,7.824395475947014,7.835545298674607,7.3533148675825375,7.381189823150635,589784.5992083583
2009-02-20 14:30:00,7.247390790627427,7.517773749127909,7.247390790627427,7.425787925720215,978310.7417411898
2009-02-23 14:30:00,7.456451302338772,7.456451302338772,7.082931843397381,7.113594055175781,1270332.8907579745
2009-02-24 14:30:00,7.174917894069709,7.52056240778435,7.174917894069709,7.475963115692139,257223.56838599968
2009-02-25 14:30:00,7.448084984233791,7.8885031574838385,7.378398029385559,7.687805652618408,1184592.2954490238
2009-02-26 14:30:00,7.757497202940823,8.044605362102104,7.587461793681284,7.618124008178711,691669.4708257774
2009-02-27 14:30:00,7.520564994359669,7.740775071675431,7.506628707660507,7.576314926147461,905125.2996283394
2009-03-02 14:30:00,7.425786493162853,7.559584318670625,7.144252970533457,7.1777024269104,471397.3460367629
2009-03-03 14:30:00,7.303139720006417,7.4146387364362045,7.155405576794732,7.280840873718262,978669.4081811352
2009-03-04 14:30:00,7.423000712378196,7.754707289217804,7.383975940104063,7.604185104370117,800729.5794127748
2009-03-05 14:30:00,7.5261378519704,7.754708829261215,7.489901125875219,7.50105094909668,1640921.3122194842
2009-03-06 14:30:00,7.598609785602409,7.693382855348857,7.227877678364304,7.406274795532227,1631594.3162810605
2009-03-09 13:30:00,7.336589893960574,7.63484865526928,7.236241487234478,7.264117240905762,525927.1311894124
2009-03-10 13:30:00,7.4648111995722,7.84111778025779,7.420211127252203,7.827179908752441,942077.1996418352
2009-03-11 13:30:00,7.863420387356568,8.097567489844852,7.863420387356568,8.025094032287598,1003064.1996520228
2009-03-12 13:30:00,8.080842147656412,8.390249956399211,7.955406829719545,8.373525619506836,1004857.9740072011
2009-03-13 13:30:00,8.398610284825223,8.48780885113621,8.275962256147617,8.457146644592285,937413.275971782
2009-03-16 13:30:00,8.719168788452714,8.747042942184397,8.16446419721348,8.200701713562012,1094545.6765443755
2009-03-17 13:30:00,8.234150144084207,8.535195273129013,8.147738045356249,8.521257400512695,642162.2440763965
2009-03-18 13:30:00,8.51011205223146,8.866906433275645,8.468300011328257,8.797220230102539,1324145.150649018
2009-03-19 13:30:00,8.922653835602889,8.922653835602889,8.668995179843694,8.777706146240234,2355550.998338565
2009-03-20 13:30:00,8.733108038721037,8.844607084072738,8.298264872093059,8.429275512695312,588349.491601514
2009-03-23 13:30:00,8.705230145612873,8.970039367675781,8.590943892407191,8.970039367675781,651848.4660263787
2009-03-24 13:30:00,8.972829359490689,8.972829359490689,8.680146668390307,8.705233573913574,793195.5920723472
2009-03-25 13:30:00,8.813941705632232,9.08711271365592,8.504533979426226,8.769342422485352,2019043.9794060504
2009-03-26 13:30:00,8.800004747722127,9.19861187922026,8.800004747722127,9.19582462310791,1354280.4244346472
2009-03-27 13:30:00,9.181885875530895,9.212548879847295,8.983976355382888,9.03972625732422,403952.2921159129
2009-03-30 13:30:00,9.025787649190006,9.025787649190006,8.540770081222288,8.657843589782715,506554.7805027909
2009-03-31 13:30:00,8.847392602591732,8.85296791263817,8.641120485841466,8.680145263671875,1023871.8164291164
2009-04-01 13:30:00,8.50174827733307,8.861330661543501,8.479448631684278,8.830668449401855,513729.6464317623
2009-04-02 13:30:00,9.023002111480974,9.351922262324075,8.995127954967861,9.1902494430542,855259.4665691226
2009-04-03 13:30:00,9.298962050505557,9.466209411621094,9.08990264973655,9.466209411621094,793195.6151697958
2009-04-06 13:30:00,9.349135908863826,9.390947147670516,9.098264488532394,9.29617404937744,497585.8916087772
2009-04-07 13:30:00,9.17073834375626,9.17073834375626,8.894780032503242,8.958890914916992,709248.2696439181
2009-04-08 13:30:00,8.989553741359702,9.193037820212258,8.919867544081146,9.162376403808594,1763613.6849660806
2009-04-09 13:30:00,9.418818905766646,9.636239985219872,9.337982914527496,9.549829483032228,2031959.226509384
2009-04-13 13:30:00,9.552618229798142,9.566555306843142,9.220910851638852,9.446695327758787,1893840.2334321127
2009-04-14 13:30:00,9.37979751596928,9.655755821255026,9.310110527464008,9.477357864379885,1229794.1936840706
2009-04-15 13:30:00,9.307321677433118,9.318471497984875,9.128924548604994,9.301746368408203,1466569.2895783584
2009-04-16 13:30:00,9.477357875111764,9.697567865839789,9.354710625399449,9.683629989624023,1141541.7502542343
2009-04-17 13:30:00,9.719870120740236,9.756107654606996,9.491299078649693,9.694783210754396,1384773.6050492062
2009-04-20 13:30:00,9.488509620914368,9.549833253046698,9.17631375711034,9.243212699890137,1052571.6837984645
2009-04-21 13:30:00,9.123349276976372,9.346346486423656,8.983976120759078,9.223697662353516,1291499.3690902616
2009-04-22 13:30:00,9.120561236683846,9.764464317673571,9.0369379881449,9.502442359924316,1456883.1636145725
2009-04-23 13:30:00,9.62230644621344,9.62230644621344,9.120563633152573,9.435545921325684,1955544.949078153
2009-04-24 13:30:00,9.56655726408922,9.650181338464304,9.257149464898651,9.569344520568848,1918593.5776149237
2009-04-27 13:30:00,9.388161674328952,9.683631620906672,9.388161674328952,9.510808944702148,1457958.7968321054
2009-04-28 13:30:00,9.396521814863366,9.4940829603979,9.273873768262243,9.354710578918455,1087370.541235839
2009-04-29 13:30:00,9.421603796549876,9.691986626754732,9.349129596058114,9.519164085388184,563596.2246208437
2009-04-30 13:30:00,9.697567483215266,10.006975244026645,9.577705899479623,9.758891105651855,1278942.960473037
2009-05-01 13:30:00,9.795127664332009,9.87596447085062,9.586068305315251,9.786765098571776,2826230.802480607
2009-05-04 13:30:00,9.970740949224972,10.260637213364811,9.895479426779996,10.246699333190918,1687558.4123997863
2009-05-05 13:30:00,10.229974646877109,10.229974646877109,9.959591562563023,10.149139404296877,780997.9808391994
2009-05-06 13:30:00,10.285720455569454,10.285720455569454,9.96795013934069,10.21882152557373,1230511.7809625962
2009-05-07 13:30:00,10.338680140987938,10.338680140987938,9.519167958336665,9.669690132141112,1384415.6243980783
2009-05-08 13:30:00,9.753317386645916,9.753317386645916,9.229275665588323,9.37143611907959,2397883.1286266763
2009-05-11 13:30:00,9.21255262272491,9.560984467681564,9.101053571040488,9.41046142578125,1525762.3449164457
2009-05-12 13:30:00,9.35749977555234,9.480148655537386,9.003493408317096,9.176315307617188,4254053.482454492
2009-05-13 13:30:00,9.10105068224568,9.173524923211502,8.891991322630547,8.925440788269043,1797695.1651046593
2009-05-14 13:30:00,8.939377202239193,9.232060602959525,8.939377202239193,9.148436546325684,2019043.9314942583
2009-05-15 13:30:00,9.112199694351377,9.23763577747223,9.000701485464907,9.03972625732422,1469080.4939739462
2009-05-18 13:30:00,9.120563962866068,9.374222634833863,9.120563962866068,9.351922988891602,937413.092500032
2009-05-19 13:30:00,9.32405021967786,9.694782518547209,9.268301091746205,9.56098461151123,1639127.2158600057
2009-05-20 13:30:00,9.708714851921988,10.012548048646588,9.639028675470565,9.661328315734863,2101556.561073109
2009-05-21 13:30:00,9.555404326252832,9.647390132408436,9.324044588198646,9.468992233276367,1454730.7670653858
2009-05-22 13:30:00,9.510807619043836,9.572132043181108,9.332410454278287,9.471783638000488,700997.0192163925
2009-05-26 13:30:00,9.36306900882275,9.828574128165728,9.36306900882275,9.79233741760254,1738143.2368589437
2009-05-27 13:30:00,9.781193392751062,10.15750018744899,9.781193392751062,9.92892837524414,1360737.5422860454
2009-05-28 13:30:00,10.020910914560703,10.12126010425284,9.756103255505682,10.11011028289795,804317.0524446293
2009-05-29 13:30:00,10.118470861108031,10.221606489011275,9.95122277613265,10.151920318603516,906919.6734635596
2009-06-01 13:30:00,10.335896156846642,10.756802201587162,10.335896156846642,10.689903259277344,1263875.278825134
2009-06-02 13:30:00,10.673178018374946,10.673178018374946,10.33868253766107,10.4055814743042,1129702.9776163471
2009-06-03 13:30:00,10.2773625528173,10.2773625528173,10.107327894640775,10.224401473999023,780639.1896623673
2009-06-04 13:30:00,10.285723548072037,10.47248251900405,10.271785668675422,10.441821098327637,932390.4248343896
2009-06-05 13:30:00,10.531017336668658,10.531017336668658,10.188160094875697,10.274571418762209,1126115.50594324
2009-06-08 13:30:00,10.229972944498876,10.355409065728098,10.076663458827063,10.280147552490234,824048.0755722242
2009-06-09 13:30:00,10.444604334345287,10.83206080394509,10.444604334345287,10.745650291442873,1591055.4544251582
2009-06-10 13:30:00,10.85715384348632,10.868304468018623,10.561683825840802,10.784680366516112,1018490.1645276228
2009-06-11 13:30:00,10.820917100180573,10.910116513909497,10.64809438248493,10.720568656921388,941717.7467685988
2009-06-12 13:30:00,10.662029749056686,10.68711665457846,10.4223081257423,10.572831153869627,370588.4426320965
2009-06-15 13:30:00,10.4111573835009,10.508718537760382,10.22997215487664,10.458544731140137,1391231.468756118
2009-06-16 13:30:00,10.525440530126785,10.528227785774163,10.196519641296842,10.24390697479248,1127550.750746054
2009-06-17 13:30:00,10.288510173703193,10.46412010634084,10.068300943728897,10.38049602508545,1322710.1605559858
2009-06-18 13:30:00,10.347046310266547,10.416733308850196,10.14913753108416,10.18537425994873,804316.8563255591
2009-06-19 13:30:00,10.310810507753535,10.40000990585446,10.2299736778337,10.299660682678224,581174.4826863983
2009-06-22 13:30:00,10.228891124774051,10.326789543806452,9.929604530334473,9.929604530334473,547358.1387243209
2009-06-23 13:30:00,9.951982630952182,9.965968578845471,9.697449902876736,9.845693588256836,646747.693636491
2009-06-24 13:30:00,9.9072277471854,10.17574635346194,9.9072277471854,10.063862800598145,368599.8038705642
2009-06-25 13:30:00,10.00792204501038,10.27644064647006,9.95477673816079,10.268049240112305,637809.953347457
2009-06-26 13:30:00,10.245673848553512,10.393919110059109,10.17294965231038,10.25126838684082,523762.0381135995
2009-06-29 13:30:00,10.290429413733415,10.354762218048348,10.181343493416597,10.248473167419434,347863.71417221345
2009-06-30 13:30:00,10.245676964774905,10.419095700697058,10.133794167486055,10.254068374633787,762582.9948838236
2009-07-01 13:30:00,10.31839675036865,10.57293020491579,10.3100053441147,10.41909122467041,869480.8440186362
2009-07-02 13:30:00,10.301614013747756,10.37713507009254,10.198121869766608,10.32119369506836,1260604.207822995
2009-07-06 13:30:00,10.25406830917607,10.340776876334749,10.024708176073633,10.16456127166748,555223.3467485245
2009-07-07 13:30:00,10.206511624415889,10.312800619885914,9.88205170178129,9.893239974975586,672489.1941671597
2009-07-08 13:30:00,9.929604597277848,9.943590543090284,9.65549222313373,9.803736686706545,692152.4163462457
2009-07-09 13:30:00,9.862476614096424,10.12819842620268,9.854085205232836,10.007925033569336,747567.3846372284
2009-07-10 13:30:00,9.957574585737966,10.156166671692134,9.90443007818359,10.063862800598145,834444.1728747787
2009-07-13 13:30:00,10.072257727142096,10.318400669165785,9.901636669837655,10.312806129455566,680711.7180414844
2009-07-14 13:30:00,10.321196895550786,10.497412481581486,10.31840002599444,10.477832794189451,1784365.7544723651
2009-07-15 13:30:00,10.830260663574368,10.967316833025867,10.796695838387354,10.95053482055664,820858.5497124834
2009-07-16 13:30:00,10.891797008172595,11.207866414618016,10.855436110418218,11.168707847595217,752572.7577159001
2009-07-17 13:30:00,11.174301494686969,11.316952216766904,11.020462496370342,11.302967071533203,921678.1877350864
2009-07-20 13:30:00,11.384083044565497,11.445618970318003,11.263808862593748,11.42324161529541,1503715.3060780654
2009-07-21 13:30:00,11.445618718588571,11.445618718588571,11.154722712677332,11.384082794189451,1319951.743257729
2009-07-22 13:30:00,11.344922820744378,11.691759369201163,11.330936875862086,11.658194541931152,1126535.3352034024
2009-07-23 13:30:00,11.61903606426614,11.90993043587809,11.5239345192465,11.893148422241213,1827268.186269282
2009-07-24 13:30:00,11.649805887629848,11.772876950032057,11.451213745964088,11.756094932556152,1064684.6828210782
2009-07-27 13:30:00,11.77287639766283,11.814832639757244,11.577081934970158,11.79525375366211,775096.205727259
2009-07-28 13:30:00,11.747699483559952,11.890350184165918,11.63301906921087,11.817625999450684,514824.2009819654
2009-07-29 13:30:00,11.786862345193477,11.806441231288613,11.65539988009698,11.79525375366211,468346.8770768955
2009-07-30 13:30:00,11.94629246916128,12.128101744459762,11.756091787245548,11.761686325073242,627084.4302556178
2009-07-31 13:30:00,11.775674026315263,11.940701335677804,11.733717781515686,11.840006828308104,573099.23324307
2009-08-03 13:30:00,11.971473416331529,12.06097886963462,11.831619495031823,12.005038261413574,1477973.5335844418
2009-08-04 13:30:00,11.912730608239505,12.060975094218351,11.881962643149922,11.988251686096191,632804.541201835
2009-08-05 13:30:00,12.038601145113558,12.066571444667035,11.784066777733292,11.879167556762695,412931.71490365046
2009-08-06 13:30:00,11.893150455292565,12.007830902450957,11.652602883719934,11.68616771697998,525192.0381088859
2009-08-07 13:30:00,11.881961519488456,11.89594746609213,11.60784832958806,11.708542823791504,920963.0803913923
2009-08-10 13:30:00,11.635819929876854,11.739311297813853,11.521139484069586,11.613443374633787,725758.9175778632
2009-08-11 13:30:00,11.593867360099887,11.683373609415604,11.43443455356852,11.484782218933104,412574.1505764463
2009-08-12 13:30:00,11.493167220531504,11.795251464792816,11.493167220531504,11.711338996887209,466916.9008818973
2009-08-13 13:30:00,11.823224212581025,11.982656974457573,11.652603172673688,11.960280418395996,748639.9595160392
2009-08-14 13:30:00,11.895947855228409,11.895947855228409,11.619037787048567,11.719732284545898,918817.9499927984
2009-08-17 13:30:00,11.51834292012856,11.51834292012856,11.347720293295108,11.384082794189451,624939.2327233235
2009-08-18 13:30:00,11.412053919303544,11.652602278633942,11.412053919303544,11.62742805480957,270997.6756694954
2009-08-19 13:30:00,11.428833327842067,11.711337862187342,11.428833327842067,11.683366775512695,559156.2815721753
2009-08-20 13:30:00,11.649804046871376,11.80364305062859,11.649804046871376,11.77567195892334,453331.2260344792
2009-08-21 13:30:00,11.84839495486089,12.007828480880356,11.714135648896235,11.9966402053833,522689.5265898844
2009-08-24 13:30:00,12.041394409446896,12.142088898136338,11.848396039272302,11.88196086883545,402206.3362484358
2009-08-25 13:30:00,11.921120588834311,12.01622054194736,11.826019835472575,11.93790340423584,324625.1933586727
2009-08-26 13:30:00,11.904338812278237,12.07495983762053,11.904338812278237,12.049785614013672,717536.0682956927
2009-08-27 13:30:00,12.007832938066612,12.074962615966797,11.845602483016725,12.074962615966797,321049.9457252986
2009-08-28 13:30:00,12.301521324830317,12.511301704313093,12.2036237077052,12.32949161529541,803340.1427507437
2009-08-31 13:30:00,12.23439178944093,12.239986327738936,12.052581698609885,12.150479316711426,426874.9981653286
2009-09-01 13:30:00,12.069366939663489,12.407812967398248,11.814833401527885,11.840006828308104,1172654.700584697
2009-09-02 13:30:00,11.784058757796055,11.95747737789926,11.750493941025924,11.812029838562012,412216.9621755087
2009-09-03 13:30:00,11.859587538573685,12.00783284294896,11.798052401110397,11.993846893310549,289946.00005088875
2009-09-04 13:30:00,12.058181019149943,12.304323196411133,12.016224766145454,12.304323196411133,373604.8544111471
2009-09-08 13:30:00,12.438581290426953,12.564450036534373,12.318307884511556,12.553261756896973,671773.7736067077
2009-09-09 13:30:00,12.575633177688234,12.715486215886465,12.427388733128517,12.693110466003418,1495492.7318748422
2009-09-10 13:30:00,12.715485912033085,12.902890515217658,12.665139075564364,12.888904571533203,1193391.0729829296
2009-09-11 13:30:00,12.866529587821132,12.877718664229846,12.58682268381914,12.651155471801758,997829.2628326078
2009-09-14 13:30:00,12.55325621890886,12.679124109239584,12.550459350295595,12.653950691223145,411859.3552958637
2009-09-15 13:30:00,12.695910208720658,12.818981262304446,12.659548506587631,12.757445335388184,473352.1225857434
2009-09-16 13:30:00,12.824575739573836,12.824575739573836,12.625984400949257,12.709896087646484,511963.89766203065
2009-09-17 13:30:00,12.698702416750212,12.74345631096526,12.421792447769748,12.460951805114746,696085.2877431215
2009-09-18 13:30:00,12.497318716005053,12.6315780540062,12.4553624728175,12.55605697631836,381827.825714455
2009-09-21 13:30:00,12.477735699093364,12.606400463548692,12.43018492938839,12.542068481445312,556296.1192617132
2009-09-22 13:30:00,12.6455609335974,12.746255419038118,12.547663317134544,12.651155471801758,1554840.36691473
2009-09-23 13:30:00,12.774227698061171,12.936458117600369,12.687518349691066,12.69870662689209,879133.6184233798
2009-09-24 13:30:00,12.771429081259177,12.782616556680663,12.298723834011492,12.393824577331545,843382.0616662204
2009-09-25 13:30:00,12.351871308534,12.455362683262944,12.242785394502762,12.360261917114258,484435.10777294455
2009-09-28 13:30:00,12.455360701557373,12.709894193716542,12.435781017487743,12.60080909729004,416149.48720591824
2009-09-29 13:30:00,12.653958058644148,12.72388461617976,12.410612742141335,12.424598693847656,683929.2430168061
2009-09-30 13:30:00,12.486128518206694,12.67912608684948,12.284739542166744,12.528084754943848,912382.735049098
2009-10-01 13:30:00,12.50850755230124,12.536477848841791,11.926716261421308,11.929513931274414,2714266.5950169326
2009-10-02 13:30:00,11.81483075610786,12.013422856794191,11.761687044859691,11.786860466003418,855895.1163966527
2009-10-05 13:30:00,11.842800468023158,12.052580834559098,11.770077077103204,12.01621913909912,911310.2582326124
2009-10-06 13:30:00,12.119713562784586,12.335088521861326,12.119713562784586,12.251176834106444,1964554.177509616
2009-10-07 13:30:00,12.248377184090078,12.281942011622297,12.144885032345943,12.22599983215332,953854.7289251311
2009-10-08 13:30:00,12.284740319995873,12.284740319995873,11.99943885241727,12.13929271697998,1254526.1812600563
2009-10-09 13:30:00,12.156075831794416,12.570042123964615,12.150481292586646,12.55605697631836,935263.6629859684
2009-10-12 13:30:00,12.61479615391415,12.883315649690564,12.598014135568096,12.743462562561035,407211.48114696296
2009-10-13 13:30:00,12.768633700577892,12.82177741601822,12.64276498443305,12.69590950012207,610638.5728856201
2009-10-14 13:30:00,12.997996893917035,13.009185174261448,12.746260186043296,12.894505500793455,1223064.3609815317
2009-10-15 13:30:00,12.782618024572995,12.827371932641263,12.609200131896475,12.667939186096191,1304221.0291014346
2009-10-16 13:30:00,12.53367660053972,12.542067205885578,12.253968949217231,12.396618843078612,1550192.942439212
2009-10-19 13:30:00,12.427391405737245,12.617592122760025,12.349073463433747,12.584027290344238,672131.4203403649
2009-10-20 13:30:00,12.648363717547978,12.749058250078216,12.502916059448742,12.536480903625488,1048953.668237983
2009-10-21 13:30:00,12.550463197828895,12.693113944067996,12.293132000555108,12.3211030960083,983170.9026423624
2009-10-22 13:30:00,12.312712263537518,12.494522391869388,12.12530839600251,12.452566146850586,1506575.269037735
2009-10-23 13:30:00,12.438580808180111,12.460958166836225,12.077759003925308,12.125308990478516,1297785.4671288442
2009-10-26 13:30:00,12.11132101550242,12.360259969633976,11.977060896138042,12.08055305480957,1471896.4228350965
2009-10-27 13:30:00,12.094534092478854,12.200823084134514,11.761683577079774,11.800841331481934,1450445.9110290147
2009-10-28 13:30:00,11.775668269252966,11.867972122734928,11.44002007545061,11.462396621704102,2151893.930957434
2009-10-29 13:30:00,11.557499888696093,11.767280270609602,11.557499888696093,11.74490451812744,952067.1007374898
2009-10-30 13:30:00,11.688962784992803,11.70294792996708,11.31135746869836,11.35611057281494,1500497.8377350203
2009-11-02 14:30:00,11.364498574776231,11.479178969899978,11.191080748409636,11.358904838562012,1541970.2438023032
2009-11-03 14:30:00,11.191089650544104,11.26381308066831,11.031656037888991,11.247030258178713,1532673.5860906886
2009-11-04 14:30:00,11.35890819105704,11.540717475652976,11.328140232052746,11.33653163909912,1054316.9271692317
2009-11-05 14:30:00,11.512748099151958,11.725325359616232,11.473588729994724,11.677775382995604,546643.0836743219
2009-11-06 14:30:00,11.616239226219443,11.856787574131117,11.607847818676325,11.702948570251465,405066.4658424922
2009-11-09 14:30:00,11.853987642138542,12.09733279627159,11.834407963013248,12.060970306396484,557726.2577129914
2009-11-10 14:30:00,12.06656721410677,12.203623394414247,11.9658727305699,12.083349227905272,1027860.6896753118
2009-11-11 14:30:00,12.223202446835083,12.396620314967157,12.192434489501649,12.25676727294922,1535177.053617169
2009-11-12 14:30:00,12.312709145236322,12.45535986202342,12.1812475045194,12.19802951812744,568451.6574370741
2009-11-13 14:30:00,12.245579947006595,12.346274433156085,12.156073737095944,12.293129920959473,356444.2020930343
2009-11-16 14:30:00,12.472143715376228,12.620388992065823,12.472143715376228,12.584027290344238,164100.1712426742
2009-11-17 14:30:00,12.522491384449417,12.620389012549865,12.460956258378298,12.611997604370115,108327.56384711628
2009-11-18 14:30:00,12.600809006533265,12.625982428585097,12.430186389547696,12.51130199432373,111187.70743402097
2009-11-19 14:30:00,12.295927385741937,12.295927385741937,11.935105659618571,12.100132942199709,572741.8095132933
2009-11-20 14:30:00,12.005038261413574,12.027414024552574,11.918328077973667,12.005038261413574,365739.459326774
2009-11-23 14:30:00,12.142089613850464,12.267957532069373,12.091741966413675,12.130901336669922,211292.38285457145
2009-11-24 14:30:00,12.156071668521813,12.245577863201378,12.114116239952144,12.228795051574709,265992.5090118625
2009-11-25 14:30:00,12.234392827762449,12.307117030316633,12.234392827762449,12.276349067687988,131923.66914128637
2009-11-27 14:30:00,11.884758670473545,12.184046091206836,11.865179785211891,12.105728149414062,257054.5182851817
2009-11-30 14:30:00,12.12530734054179,12.133698748864871,11.95468630596572,12.128104209899902,195204.12161790775
2009-12-01 14:30:00,12.231593191989246,12.553256291584235,12.231593191989246,12.519691467285156,225235.5836234545
2009-12-02 14:30:00,12.578429587492334,12.793804474837868,12.505705402093556,12.7070951461792,265634.9845377131
2009-12-03 14:30:00,12.709894287512745,13.00918088818335,12.709894287512745,12.863733291625977,310682.0461453307
2009-12-04 14:30:00,12.98960179099299,13.179803303027624,12.818980764306028,13.067919731140137,370387.3248110757
2009-12-07 14:30:00,13.070722009230048,13.297285301869172,13.070722009230048,13.174213409423828,451543.46167455375
2009-12-08 14:30:00,13.137845842621486,13.1965848924594,12.978413107915449,13.101483345031738,539850.3015853731
2009-12-09 14:30:00,13.118267179421442,13.179803103013269,13.006384409480576,13.163021087646484,224878.0220480049
2009-12-10 14:30:00,13.199385416706871,13.30847134580142,13.121068257650515,13.123865127563477,520544.2210477591
2009-12-11 14:30:00,13.154632100090488,13.179805527896535,12.972821965299763,13.025965690612791,278505.480039667
2009-12-14 14:30:00,13.143440106218756,13.23294711903981,13.06791903929864,13.221758842468262,263489.838646355
2009-12-15 14:30:00,13.177002853803502,13.31126215144745,13.109873204981527,13.157423973083496,551290.9028403386
2009-12-16 14:30:00,13.182599661905186,13.490278472373411,13.182599661905186,13.350423812866213,271712.7198399535
2009-12-17 14:30:00,13.263716155606383,13.344830167019126,13.135049764223355,13.151832580566406,149441.9859157217
2009-12-18 14:30:00,13.196584949837256,13.330844263910016,13.13784589974395,13.308466911315918,224878.0385568149
2009-12-21 14:30:00,13.435491065794896,13.623772621154783,13.435491065794896,13.623772621154783,376843.6316641677
2009-12-22 14:30:00,13.674357570721678,13.755854252722706,13.657497685342634,13.699649810791016,1185687.2419618517
2009-12-23 14:30:00,13.77271203878895,13.789573529598384,13.660304780059818,13.719318389892578,495697.0527636102
2009-12-24 14:30:00,13.761478528918516,13.885125767132433,13.761478528918516,13.882316589355469,71881.37688690212
2009-12-28 14:30:00,13.927269978253468,13.94413146537482,13.682783238993611,13.747418403625488,468652.6642374275
2009-12-29 14:30:00,13.755850935364077,13.758660111582866,13.632202157733785,13.727747917175291,697819.1003048577
2009-12-30 14:30:00,13.68278286056624,13.924458809288488,13.68278286056624,13.921648025512695,201410.33811287727
2009-12-31 14:30:00,13.96661223645892,13.997522817352635,13.834532737731934,13.834532737731934,163690.38419104076
2010-01-04 14:30:00,13.99190083163023,14.126789486540536,13.955368688591973,14.00314235687256,451216.16785369074
2010-01-05 14:30:00,14.025621108182447,14.104305337782735,13.893541653925851,13.980656623840332,731625.0939355779
2010-01-06 14:30:00,13.983471878147494,14.053726997898574,13.924458285076504,13.938508987426758,260125.3758008745
2010-01-07 14:30:00,13.927268300335989,13.927268300335989,13.733366045800976,13.828911781311035,356560.3843134091
2010-01-08 14:30:00,13.800813679667602,14.042489663772564,13.800813679667602,14.03686809539795,276138.5150056836
2010-01-11 14:30:00,14.093076072636569,14.135228198061997,13.879501444613172,13.99471950531006,319196.11543186364
2010-01-12 14:30:00,13.859826231449254,13.859826231449254,13.418627215541402,13.505743026733398,375776.1520394515
2010-01-13 14:30:00,13.584425823928392,13.705263793766388,13.300597777192555,13.663111686706545,406379.1779761735
2010-01-14 14:30:00,13.637818336486816,13.654679821124471,13.497309716505596,13.637818336486816,503170.0568289215
2010-01-15 14:30:00,13.629392244676586,13.629392244676586,13.16009019749697,13.193812370300291,582880.0347242426
2010-01-19 14:30:00,13.20786520345763,13.376476084386857,13.20786520345763,13.345563888549805,471855.2188756223
2010-01-20 14:30:00,13.2865502812246,13.353994633596292,13.171332242922889,13.345563888549805,1086761.5674556186
2010-01-21 14:30:00,13.345562048799238,13.559134997867424,13.188191914959532,13.261256217956545,904923.0671316648
2010-01-22 14:30:00,13.188191145388666,13.188191145388666,12.600862755723586,12.637394905090332,869694.1034703922
2010-01-25 14:30:00,12.716081778950295,12.901554140003729,12.702031073961416,12.811628341674805,636257.2976587852
2010-01-26 14:30:00,12.746993992449172,12.881882690147036,12.682359623802263,12.6964111328125,730913.024278548
2010-01-27 14:30:00,12.702035242632736,12.904369159276689,12.603678667430891,12.873456954956056,928408.6939592696
2010-01-28 14:30:00,12.876263321061645,12.876263321061645,12.294555548203611,12.494078636169434,1404178.423204779
2010-01-29 14:30:00,12.561522947442803,12.699221639772208,11.99667586364234,12.078171730041504,1066478.1422660032
2010-02-01 14:30:00,12.134375217348945,12.502509190066082,12.134375217348945,12.488457679748535,2005206.6741086375
2010-02-02 14:30:00,12.49969831100711,12.67954991174101,12.440684705516318,12.61772632598877,834109.1006220785
2010-02-03 14:30:00,12.586816339581675,12.687982882745064,12.508131250454596,12.614917755126951,570781.0420859257
2010-02-04 14:30:00,12.482834997868142,12.482834997868142,12.050065968697655,12.069737434387209,729133.9193382573
2010-02-05 14:30:00,12.083789213855924,12.35918734605822,11.988243464561236,12.345136642456056,920580.4202980436
2010-02-08 14:30:00,12.356376225909658,12.508126383609678,12.187765386242916,12.294551849365234,353001.8790900118
2010-02-09 14:30:00,12.460353073396378,12.589621789584047,12.336705120695097,12.440682411193848,323466.43015972176
2010-02-10 14:30:00,12.429442978114755,12.550281775429529,12.322656493883194,12.516559600830078,538043.0803187062
2010-02-11 14:30:00,12.494074076832032,12.803195135749435,12.415389827361944,12.775092124938965,535552.2803102947
2010-02-12 14:30:00,12.631775679652232,13.008341158363152,12.530609158625436,12.890313148498535,610280.3624510624
2010-02-16 14:30:00,13.0083403578962,13.191001919732294,12.938086034728473,13.171330451965332,512422.026826024
2010-02-17 14:30:00,13.241587261535452,13.2640679081254,13.0027212460162,13.160091400146484,398906.2632560534
2010-02-18 14:30:00,13.101077775306358,13.210675047781905,12.997101267470628,13.20505428314209,1271802.8428549794
2010-02-19 14:30:00,13.140417322764304,13.311838138014275,13.078592947690613,13.241583824157717,1570716.059848725
2010-02-22 14:30:00,13.311841001064058,13.331511666454652,13.171331539130916,13.21629524230957,996020.232431274
2010-02-23 14:30:00,13.182573840398438,13.182573840398438,12.789147645531663,12.876262664794922,444810.7243955224
2010-02-24 14:30:00,12.935275669931722,13.188192367131348,12.935275669931722,13.117938041687012,556903.0874970148
2010-02-25 14:30:00,12.876263417729753,13.09264799835951,12.758236195568204,13.064546585083008,446234.09262020985
2010-02-26 14:30:00,13.072974951578123,13.072974951578123,12.89874332657085,13.042062759399414,284323.050150509
2010-03-01 14:30:00,13.106695118269688,13.379282434136,13.106695118269688,13.351181030273438,260837.0809132863
2010-03-02 14:30:00,13.393333940067162,13.516981081862296,13.30621733689355,13.351181030273438,478972.3204765121
2010-03-03 14:30:00,13.413006558335413,13.500121566220685,13.227534210579671,13.286548614501951,280764.565908764
2010-03-04 14:30:00,13.292170097899168,13.325892271679882,13.106697740105217,13.275308609008787,584303.4122571779
2010-03-05 14:30:00,13.36242226110044,13.49450015068027,13.278116438304886,13.424245834350586,408870.1153680409
2010-03-08 14:30:00,13.474832471961022,13.49169315885892,13.396148194437313,13.41862964630127,420257.1545137886
2010-03-09 14:30:00,13.353992975241342,13.491690839233518,13.314650039243578,13.382094383239746,847275.5774224935
2010-03-10 14:30:00,13.43548994858642,13.688406661680927,13.415817674945655,13.643442153930664,373996.8742332862
2010-03-11 14:30:00,13.606906853653612,13.606906853653612,13.432676059395265,13.556324005126951,787848.9733121087
2010-03-12 14:30:00,13.629392618646358,13.629392618646358,13.494502315731845,13.531034469604492,259769.48331719096
2010-03-15 13:30:00,13.480451571743894,13.480451571743894,13.297789194912657,13.384905815124512,214576.71081719385
2010-03-16 13:30:00,13.421437294882669,13.781140462209509,13.410196570903704,13.755849838256836,272224.1990358605
2010-03-17 13:30:00,13.800813913896215,14.042489902102924,13.800813913896215,13.97785472869873,425239.0719474856
2010-03-18 13:30:00,13.9862894195197,13.989098596547162,13.753044110209656,13.848589897155762,313146.67592754617
2010-03-19 13:30:00,13.890739789766773,13.890739789766773,13.570377921220182,13.65749454498291,336988.6183437504
2010-03-22 13:30:00,13.567571682757372,13.960997993631228,13.51417962811085,13.927276611328123,624514.0729048204
2010-03-23 13:30:00,13.983475586868291,14.225151590589917,13.972235665206943,14.208290100097656,502814.0335465274
2010-03-24 13:30:00,14.11274368736589,14.121174432225745,13.848586244424338,13.873878479003906,628784.4571721281
2010-03-25 13:30:00,14.022816224095711,14.109932838655007,13.859826130791182,13.865446090698242,590708.7281399637
2010-03-26 13:30:00,13.949756051939586,14.014389630009225,13.694029308445945,13.812056541442873,495696.9967736637
2010-03-29 13:30:00,13.879497996835374,13.972234579335424,13.859827331456628,13.901979446411133,544804.2074921785
2010-03-30 13:30:00,13.916031974874269,14.0312500220476,13.817675419092218,13.986287117004396,336276.88348686066
2010-03-31 13:30:00,13.91603037312494,14.050920680728863,13.862636728531758,13.88792896270752,296777.72815734387
2010-04-01 13:30:00,14.014394576902314,14.183006347558855,13.775529241806392,13.882316589355469,357983.4908327897
2010-04-05 13:30:00,13.986285275675304,14.29821478534612,13.969423786503878,14.281354904174805,393568.5524877787
2010-04-06 13:30:00,14.20266971383413,14.244823438802094,14.104313166242468,14.191428184509276,341970.4888268372
2010-04-07 13:30:00,14.157706829439531,14.348799964188691,14.064970242399474,14.244823455810549,186464.65757680035
2010-04-08 13:30:00,14.177378439580222,14.177378439580222,13.963803864160536,14.050920486450195,223117.0720953628
2010-04-09 13:30:00,14.064971246477617,14.20548152923584,14.045300578731611,14.20548152923584,96790.80771026094
2010-04-12 13:30:00,14.261684222752857,14.427483506084853,14.205479794911414,14.32631778717041,211374.0691147581
2010-04-13 13:30:00,14.334750657274505,14.475260959474372,14.30384006311108,14.461210250854492,196428.3767038577
2010-04-14 13:30:00,14.753461036287602,15.071012021609535,14.7225488511678,15.04853057861328,566511.137925038
2010-04-15 13:30:00,15.048534201581315,15.174992147880312,15.000760520712792,15.113167762756348,303538.8720542704
2010-04-16 13:30:00,15.02604931939478,15.02604931939478,14.694447629144454,14.89397144317627,711697.4007490719
2010-04-19 13:30:00,14.837768351191206,14.89959111968799,14.46401452455242,14.761893272399902,761516.1510454799
2010-04-20 13:30:00,14.896783596052355,14.99795091499328,14.78156557325852,14.95579719543457,235215.9439342086
2010-04-21 13:30:00,15.048532101611537,15.08225346551889,14.570800183592212,14.761893272399902,232369.18066948524
2010-04-22 13:30:00,14.587662441227968,14.978277774483749,14.351606449389989,14.967036247253418,536975.612681856
2010-04-23 13:30:00,14.986715890365389,14.986715890365389,14.73379989526405,14.97547435760498,316349.29412823333
2010-04-26 13:30:00,14.95580031895626,15.138462723193127,14.95580031895626,15.04291534423828,226319.68093604263
2010-04-27 13:30:00,14.930504145142883,15.014809971638304,14.517407364115204,14.556750297546388,477904.7352835216
2010-04-28 13:30:00,14.6438689737138,14.77875767193568,14.405002163612451,14.627007484436035,544804.2043930284
2010-04-29 13:30:00,14.69445086433144,14.812478065490724,14.567992919089347,14.812478065490724,456197.9334418361
2010-04-30 13:30:00,14.823722404146578,14.823722404146578,14.168951034545898,14.168951034545898,432000.098376399
2010-05-03 13:30:00,14.258867448480554,14.537075470621607,14.233575225377027,14.464011192321776,1532284.7204864104
2010-05-04 13:30:00,14.242012680734414,14.250443425743551,13.741799196860072,13.91041088104248,796744.9771813935
2010-05-05 13:30:00,13.764279109549143,13.980661213992663,13.533843086635605,13.7698974609375,1399196.947887024
2010-05-06 13:30:00,13.663116757514702,13.87106980232082,6.536488695829455,13.26969051361084,1642240.9897774796
2010-05-07 13:30:00,13.151661700201936,13.398957661224504,12.645828248655668,13.101078033447266,4178374.002953672
2010-05-10 13:30:00,13.79800437312804,13.803624334104397,13.553519186653617,13.783953666687012,614194.620951584
2010-05-11 13:30:00,13.682783597748069,13.93289030327272,13.497312058549989,13.705265045166016,1009898.4253857696
2010-05-12 13:30:00,13.809246541392875,14.1127469954896,13.758663668376936,14.08183479309082,792118.7739513421
2010-05-13 13:30:00,14.020004941421073,14.146464486831295,13.68559402284714,13.747418403625488,788560.5952544718
2010-05-14 13:30:00,13.615339423987264,13.615339423987264,13.08140544320344,13.331510543823242,827703.9141570039
2010-05-17 13:30:00,13.331508077529328,13.52260195559481,13.084213002620489,13.5029296875,1012033.6918935776
2010-05-18 13:30:00,13.612534437487373,13.663117308371378,13.061737191415318,13.13199234008789,1647578.6513794009
2010-05-19 13:30:00,13.089835350151557,13.339941254142008,12.909982965034844,13.210673332214355,1698465.5168582762
2010-05-20 13:30:00,12.88188654711777,13.103891129549334,12.609299089904496,12.817252159118652,1248316.5148335218
2010-05-21 13:30:00,12.55871338222969,13.230346983106951,12.522181222566957,13.011153221130373,1079644.5033831182
2010-05-24 13:30:00,12.997104613898893,13.11794264276674,12.814442178075293,12.817252159118652,908125.3551468492
2010-05-25 13:30:00,12.47721563691424,12.87345175891084,12.30860477776675,12.856590270996094,1264686.021509205
2010-05-26 13:30:00,12.99428941295718,13.235965388563224,12.82286856756221,12.879072189331056,1131954.4421691848
2010-05-27 13:30:00,13.095454780328916,13.457968711853027,13.095454780328916,13.457968711853027,1223051.7950101416
2010-05-28 13:30:00,13.404573896624932,13.435486888161662,13.081403731284787,13.241583824157717,664369.4797774287
2010-06-01 13:30:00,13.16852128067206,13.36523436242176,12.960567474365234,12.960567474365234,1172165.314382339
2010-06-02 13:30:00,13.022391658574367,13.379284858703612,12.966188036664253,13.379284858703612,143051.1425992521
2010-06-03 13:30:00,13.418628711881794,13.556327393959709,13.30622065638952,13.53946590423584,551565.3131728679
2010-06-04 13:30:00,13.258449822172675,13.424249930663454,12.884694268930218,12.935277938842772,318484.4574332726
2010-06-07 13:30:00,12.97461995050108,13.08140724375627,12.449115837271815,12.460355758666992,614550.4999988519
2010-06-08 13:30:00,12.480025774953274,12.508127987167088,12.134373308323406,12.457544326782228,356916.1686857263
2010-06-09 13:30:00,12.589623345713363,12.806007088686547,12.283313003842204,12.31422519683838,381113.86565519456
2010-06-10 13:30:00,12.508127434260691,12.758233333107976,12.508127434260691,12.749802589416504,299268.70501813246
2010-06-11 13:30:00,12.55589811580292,12.952133352105689,12.55589811580292,12.932462692260742,558682.4600849368
2010-06-14 13:30:00,13.13479783074118,13.230343578192896,12.954946255302698,12.963376998901367,575407.2548647157
2010-06-15 13:30:00,13.042060500132616,13.651869474021304,13.042060500132616,13.60971736907959,476125.5406783477
2010-06-16 13:30:00,13.48607511257286,13.753042576444155,13.404579239854115,13.660305976867676,413851.8462714229
2010-06-17 13:30:00,13.713698142431078,13.778331711849814,13.457971433165255,13.677165985107422,166181.28390324392
2010-06-18 13:30:00,13.713696021866138,13.786760325215427,13.595668822917286,13.646251678466797,188599.7732077669
2010-06-21 13:30:00,13.825491860567226,13.887589569174596,13.455720009454858,13.543222427368164,498816.5731973682
2010-06-22 13:30:00,13.562984377494876,13.752104059325928,13.269425781771558,13.277894020080566,383323.4465768974
2010-06-23 13:30:00,13.325877035076758,13.498060210277036,13.108530199292664,13.33152198791504,417688.0058135301
2010-06-24 13:30:00,13.27224680359053,13.27224680359053,12.939170337325509,12.97868824005127,477205.8587312749
2010-06-25 13:30:00,13.046432431849611,13.069013859654763,12.786746012090326,13.015382766723633,284835.5702511603
2010-06-28 13:30:00,13.001271260466392,13.232731329241105,12.930704491327722,13.105710983276367,1047939.6861406512
2010-06-29 13:30:00,12.83473667399706,12.837559151750868,12.47625534925888,12.54964542388916,680204.0644088036
2010-06-30 13:30:00,12.577868513393282,12.696420616066389,12.30124559452998,12.337940216064451,379426.453684039
2010-07-01 13:30:00,12.312533778326506,12.44802232928642,11.996393826086704,12.315356254577637,889934.1247323458
2010-07-02 13:30:00,12.32100642082666,12.366169287297527,12.098014565732798,12.250439643859863,513341.59458120685
2010-07-06 13:30:00,12.416973738358898,12.52988168146894,12.117770232980218,12.216564178466797,263933.46567009075
2010-07-07 13:30:00,12.239145386042487,12.87989442045579,12.239145386042487,12.868603706359863,195204.4732845506
2010-07-08 13:30:00,13.015386209982957,13.015386209982957,12.64561502995558,12.85167121887207,478268.5548644645
2010-07-09 13:30:00,12.806503441749088,13.035140991210938,12.803680965324691,13.035140991210938,346833.3816201182
2010-07-12 13:30:00,12.96457499246951,13.196034224300858,12.96457499246951,13.114176750183104,900562.2110081796
2010-07-13 13:30:00,13.266604186095025,13.469837073557072,13.204504844471543,13.407737731933594,356398.6706481641
2010-07-14 13:30:00,13.58274358995434,13.673069308066848,13.323055535229628,13.38515567779541,775503.7508782287
2010-07-15 13:30:00,13.40209097360434,13.407735927041646,13.122645589067838,13.365395545959473,301486.3912026808
2010-07-16 13:30:00,13.24119949430994,13.292007309384122,12.970221519470217,12.970221519470217,196267.27158143927
2010-07-19 13:30:00,13.015384971691203,13.325880060401586,13.015384971691203,13.320234298706056,280229.9725114657
2010-07-20 13:30:00,12.927881915395988,13.320233665651314,12.826264670311447,13.303297996520996,591636.0004241007
2010-07-21 13:30:00,13.323053775887152,13.323053775887152,13.001268851391648,13.035140991210938,492439.6327394937
2010-07-22 13:30:00,13.133935783577291,13.517820059687253,13.133935783577291,13.472657203674316,200518.57129963997
2010-07-23 13:30:00,13.41338197978604,13.596856699274037,13.292006594912596,13.577096939086914,345770.5187004385
2010-07-26 13:30:00,13.55451686694884,13.794445991516112,13.435964754560082,13.794445991516112,261453.50127985532
2010-07-27 13:30:00,13.839606847272997,13.853721654913194,13.65048877580131,13.675891876220703,373758.06459486095
2010-07-28 13:30:00,13.6420180862313,13.729520510001253,13.379508392194856,13.450075149536133,396785.8839405404
2010-07-29 13:30:00,13.520646048131278,13.520646048131278,12.98433581434701,13.119824409484863,414853.7102970509
2010-07-30 13:30:00,12.905298195378672,13.069013951909502,12.775455388370242,12.97868824005127,311051.77725765354
2010-08-02 13:30:00,13.136760457708055,13.252490093706625,13.01820753705472,13.179100036621094,1206653.9568898196
2010-08-03 13:30:00,13.105711499489765,13.114178930665442,12.984335295063316,13.060547828674316,201227.0852882776
2010-08-04 13:30:00,13.100067322317086,13.193215537121898,12.956110476434144,13.181924819946287,905521.7742697462
2010-08-05 13:30:00,13.119822164940755,13.244020830144898,13.069014354244144,13.148049354553224,193787.37690426788
2010-08-06 13:30:00,12.99844892885726,13.229908192644302,12.984334928811183,13.150873184204102,782234.8888191106
2010-08-09 13:30:00,13.277891255586136,13.289181160880018,13.08594832923137,13.235550880432127,160840.0009049982
2010-08-10 13:30:00,13.102885965940846,13.102885965940846,12.792390930671557,12.91658878326416,942720.7145364836
2010-08-11 13:30:00,12.642790697660889,12.642790697660889,12.32665067113738,12.408507347106934,757790.0658913743
2010-08-12 13:30:00,12.148819897146092,12.292776696846474,12.016153003423629,12.216564178466797,813056.7835071923
2010-08-13 13:30:00,12.174226313923707,12.34923200634158,12.123417688656774,12.134708404541016,221774.9200026029
2010-08-16 13:30:00,12.081079510022446,12.2701984173214,12.004866967076534,12.16858196258545,266059.0185586899
2010-08-17 13:30:00,12.26737344982686,12.456493126313193,12.225033874629682,12.337940216064451,205124.10521293984
2010-08-18 13:30:00,12.352053040961978,12.549640129156147,12.292776995261285,12.484718322753906,1167684.1365512158
2010-08-19 13:30:00,12.41133365098718,12.51012682762813,12.233504640912107,12.304071426391602,374112.2556824444
2010-08-20 13:30:00,12.264551055499622,12.405685405793037,12.202452522825016,12.306891441345217,421939.19098227
2010-08-23 13:30:00,12.3548762859927,12.428266334224316,12.157288377933096,12.174224853515623,517238.6933634142
2010-08-24 13:30:00,12.013334061120164,12.1064822671837,11.85526322791965,11.987929344177246,541683.4596195542
2010-08-25 13:30:00,11.883487610791086,12.11212517927329,11.779048706220548,12.08672046661377,190953.19422006505
2010-08-26 13:30:00,12.143175317705806,12.154466032357464,11.855261690300692,11.903247833251951,250471.06319292772
2010-08-27 13:30:00,11.987929155018724,12.196806996082016,11.660498392819637,12.16575813293457,650799.562473808
2010-08-30 13:30:00,12.10648139749513,12.112126351359786,11.838325899532515,11.841148376464844,602618.4637039695
2010-08-31 13:30:00,11.77340452123809,11.903248963423868,11.5588809224883,11.620980262756348,665679.0425096884
2010-09-01 13:30:00,11.80445697651244,12.07261254768784,11.80163530638539,11.954059600830078,289441.0055413993
2010-09-02 13:30:00,11.96252515932274,12.20809843108555,11.96252515932274,12.196806907653809,237008.66110591532
2010-09-03 13:30:00,12.368990064594572,12.479074738381492,12.199629338605328,12.431089401245115,157651.51206656694
2010-09-07 13:30:00,12.343583163690449,12.388746013000128,12.117768917142032,12.140350341796877,86442.64780739791
2010-09-08 13:30:00,12.16293298944117,12.16293298944117,11.97381413206564,12.08672046661377,116555.8458226371
2010-09-09 13:30:00,12.222207736047231,12.25043492049593,12.081074236530064,12.10930061340332,1740189.7065584925
2010-09-10 13:30:00,12.0980124444082,12.126238827215264,11.78751738807681,11.95970058441162,347187.6127682326
2010-09-13 13:30:00,12.072607344246329,12.36334341931025,12.06131582314963,12.340761184692385,474371.6933460049
2010-09-14 13:30:00,12.326653616648914,12.637147955962178,12.208100674585989,12.569403648376465,1115959.8584215827
2010-09-15 13:30:00,12.498837594017033,12.57505014640112,12.37181640418492,12.54964542388916,301840.5535814066
2010-09-16 13:30:00,12.527062486349251,12.676665095445816,12.459318182916173,12.651260375976562,1397961.2289730108
2010-09-17 13:30:00,12.733112357576337,12.738757309604225,12.603268770030189,12.659722328186035,789674.8928053337
2010-09-20 13:30:00,12.713356704559574,12.79239170645698,12.569399892066828,12.766987800598145,1274674.5303278358
2010-09-21 13:30:00,12.766989220945096,12.896832049005386,12.713358118939986,12.795215606689451,946971.8289354
2010-09-22 13:30:00,12.702066964096788,12.769811256632586,12.512947278873774,12.594804763793944,309280.3723287051
2010-09-23 13:30:00,12.484718554047369,12.894008351135463,12.419797554017943,12.671015739440918,649736.8527793164
2010-09-24 13:30:00,12.848843358974614,13.235550880432127,12.848843358974614,13.235550880432127,909773.3971895052
2010-09-27 13:30:00,13.204504109355254,13.266603447521565,13.097242717398444,13.16780948638916,2208183.9342155093
2010-09-28 13:30:00,13.229907427749415,13.433140294845623,13.0294978450446,13.39926815032959,812702.4178886049
2010-09-29 13:30:00,13.317412878569316,13.546049676217391,13.317412878569316,13.433141708374023,986650.390432262
2010-09-30 13:30:00,13.500884433089713,13.59403343515017,13.221439042059576,13.354105949401855,3546627.7229081765
2010-10-01 13:30:00,13.441611842786871,13.481129758241114,13.210152535386282,13.339995384216309,399974.1952297823
2010-10-04 13:30:00,13.263779368010772,13.32305541810711,13.0069154074925,13.15651798248291,681975.6663152747
2010-10-05 13:30:00,13.289185536714395,13.526291392620344,13.263781626287242,13.492419242858888,2538720.411820133
2010-10-06 13:30:00,13.458543778213704,13.4670112078867,13.179097602040512,13.286359786987305,784714.9172774893
2010-10-07 13:30:00,13.34563883953524,13.37668850951325,13.18756801262238,13.337170600891112,1284594.0501694777
2010-10-08 13:30:00,13.337167304108991,13.489592331722966,13.150870137866969,13.464187622070312,1315061.8568454504
2010-10-11 13:30:00,13.455720083543154,13.670243626440902,13.455720083543154,13.568626403808594,1605920.1092710744
2010-10-12 13:30:00,13.520641677275234,13.70976131541185,13.427492692548698,13.66459846496582,1106749.2826050697
2010-10-13 13:30:00,13.706941643066571,13.706941643066571,13.51782195510092,13.63919734954834,1114897.2710234108
2010-10-14 13:30:00,13.605324745178224,13.752103226576152,13.543224603864472,13.605324745178224,836438.7358330523
2010-10-15 13:30:00,12.730294113972375,13.802912951163904,12.719004205446875,13.661779403686523,971062.37067913
2010-10-18 13:30:00,13.591207829376778,13.633549011786473,13.464187512449614,13.568626403808594,1784119.4948795787
2010-10-19 13:30:00,13.368220163939972,13.619437576050377,13.246844769597288,13.379510879516602,910481.7251358822
2010-10-20 13:30:00,13.416205135633009,13.520644857536864,13.297652221538996,13.469836235046388,1317541.4897126176
2010-10-21 13:30:00,13.469834372241811,13.489593323120868,13.277892239243018,13.390798568725586,1464919.2829779645
2010-10-22 13:30:00,13.393625000486146,13.687184433402557,13.393625000486146,13.650489807128906,1105331.8231586572
2010-10-25 13:30:00,13.732346882715122,13.893240191640864,13.732346882715122,13.80855941772461,1144301.8900606134
2010-10-26 13:30:00,13.73799036086013,13.81137960329826,13.619436644054788,13.749281883239746,884974.1264702005
2010-10-27 13:30:00,13.76621977963338,14.189622081934132,13.76621977963338,14.183977127075195,2790608.349504719
2010-10-28 13:30:00,14.203734165298558,14.220670643701794,14.01461446353304,14.189620971679688,4136137.4926607455
2010-10-29 13:30:00,14.14728171311785,14.313819985856856,14.14728171311785,14.277125358581545,663199.075791694
2010-11-01 13:30:00,14.370275359715183,14.370275359715183,14.11905626276278,14.23196506500244,886390.9121958774
2010-11-02 13:30:00,14.319457447104718,14.392848278401816,14.243244947587016,14.327925682067873,2193305.356199005
2010-11-03 13:30:00,14.35615646155854,14.480355125604571,14.263007463524016,14.474708557128906,487834.0411067932
2010-11-04 13:30:00,14.6553638733963,14.940454249899982,14.6553638733963,14.92634105682373,528929.6371705463
2010-11-05 13:30:00,14.91504711511277,15.090053588157248,14.906578877609682,15.022309303283691,527158.3574767777
2010-11-08 14:30:00,14.99126414413982,15.12957603968412,14.957392799096269,15.019492149353027,1000466.9045599428
2010-11-09 14:30:00,15.039249223141168,15.039249223141168,14.79367512475449,14.858597755432127,266413.3024320541
2010-11-10 14:30:00,14.841661997895956,14.85859847760472,14.65536556655432,14.84448528289795,1656580.5074802588
2010-11-11 14:30:00,14.432368493807104,14.711813863259126,14.29970321186016,14.680764198303224,571088.236019768
2010-11-12 14:30:00,14.621494958144522,14.895295501905103,14.51423272294431,14.675126075744627,1895360.19888244
2010-11-15 14:30:00,14.759798504750233,14.804961355529455,14.556565676243718,14.565033912658691,203707.0527538141
2010-11-16 14:30:00,14.463419498063574,14.573503362522723,14.279944775480397,14.356157302856444,1081949.9449763317
2010-11-17 14:30:00,14.291233757207,14.500111541679814,14.291233757207,14.34486484527588,206895.5075965246
2010-11-18 14:30:00,14.48881996231414,14.661003111929915,14.48881996231414,14.6045503616333,360295.8142758568
2010-11-19 14:30:00,14.576326411272252,14.88117651584798,14.576326411272252,14.830367088317873,229923.2238512737
2010-11-22 14:30:00,14.83037081351594,15.02513710433501,14.804967708521186,15.019492149353027,405642.5657652743
2010-11-23 14:30:00,14.861415753678516,14.982791130454054,14.836012656777392,14.909401893615724,814119.5747810763
2010-11-24 14:30:00,15.0082012305514,15.313049808865456,15.0082012305514,15.284823417663574,619269.1496177865
2010-11-26 14:30:00,15.205783062080869,15.284817248577582,15.154975255393618,15.188846588134766,195913.03086774
2010-11-29 14:30:00,15.10981396205906,15.194494734435546,14.982793611070026,15.166268348693848,497045.0715007277
2010-11-30 14:30:00,15.0138373515289,15.0590001969385,14.93480317963748,14.974319458007812,1675003.5824883298
2010-12-01 14:30:00,15.214255587528466,15.476764547082777,15.214255587528466,15.42595672607422,559397.0859746052
2010-12-02 14:30:00,15.50217438004994,15.750570227678724,15.50217438004994,15.730812072753906,820850.2980063234
2010-12-03 14:30:00,15.623540022593405,15.852175956686422,15.623540022593405,15.809836387634276,775149.580906772
2010-12-06 14:30:00,15.840891395288718,15.840891395288718,15.679998071337655,15.801373481750488,830061.6340658102
2010-12-07 14:30:00,15.95379681730166,16.02718606643445,15.784435272216797,15.784435272216797,345061.9377712043
2010-12-08 14:30:00,15.770311608355858,15.942496323756057,15.750553474446972,15.919913291931152,258265.215252714
2010-12-09 14:30:00,16.01589404722992,16.018717331498063,15.914276810542203,15.967907905578612,117972.9367789954
2010-12-10 14:30:00,15.998962895069193,16.027189286537308,15.9199270607764,15.970736503601074,67666.13641953668
2010-12-13 14:30:00,16.06388352797616,16.07517505337995,15.855005651946987,15.863473892211914,805616.743238481
2010-12-14 14:30:00,15.89452276387908,15.905812673559929,15.705403047936294,15.759034156799316,431150.2313679439
2010-12-15 14:30:00,15.711044613821691,15.79572537876836,15.567087797957736,15.589669227600098,240197.1404456843
2010-12-16 14:30:00,15.59531843632261,15.730807037112053,15.589671866592742,15.674352645874023,1459250.5221483656
2010-12-17 14:30:00,15.69692769849174,15.82112472448651,15.69692769849174,15.775961875915527,573213.9608198259
2010-12-20 14:30:00,15.747732244578245,15.747732244578245,15.584017356133018,15.643293380737305,209375.47642890265
2010-12-21 14:30:00,15.708219185153084,15.790078269689651,15.7053975163025,15.74209213256836,138520.78869410025
2010-12-22 14:30:00,15.674353373586564,15.761855826643728,15.592495875369822,15.759034156799316,2029984.2446493988
2010-12-23 14:30:00,15.739269330013158,15.750560851213988,15.671525048261422,15.713866233825684,297235.13595740247
2010-12-27 14:30:00,15.6799943168453,15.750561887327134,15.519102646570476,15.733625411987305,176782.2682787181
2010-12-28 14:30:00,15.767492890656635,15.767492890656635,15.609421329210893,15.668697357177734,142772.1018854741
2010-12-29 14:30:00,15.72798511971824,15.72798511971824,15.65177257325393,15.671530723571776,62706.31705837432
2010-12-30 14:30:00,15.654584336665769,15.75337663069601,15.654584336665769,15.719505310058594,148086.21368218688
2010-12-31 14:30:00,15.651763496586016,15.722331047058104,15.626358790779888,15.722331047058104,63414.89978896715
2011-01-03 14:30:00,15.798549088117404,15.996135391439458,15.76749941963005,15.80701732635498,405642.6525257319
2011-01-04 14:30:00,15.883223618542702,15.956612841712092,15.694103993336332,15.846529006958008,323451.39696045266
2011-01-05 14:30:00,15.753383960755343,15.914277250310631,15.719512624357574,15.897340774536133,162611.34079643327
2011-01-06 14:30:00,15.984848039319,16.21066237791671,15.95662003563062,16.182435989379883,1155284.260625297
2011-01-07 14:30:00,16.227596282958984,16.298163858258654,15.973553980970951,16.227596282958984,4772412.371534617
2011-01-10 14:30:00,16.17960674797611,16.430825712862138,16.154203653705686,16.402599334716797,907647.7661393684
2011-01-11 14:30:00,16.49575411557736,16.49575411557736,16.36026550143661,16.4449462890625,156234.38136751487
2011-01-12 14:30:00,16.55502633521721,16.775195685819625,16.459055659624322,16.766727447509766,542037.7756042425
2011-01-13 14:30:00,16.780842235899893,16.834471719883105,16.68204827593118,16.778018951416016,812348.1182090996
2011-01-14 14:30:00,16.82318762792791,17.22683023048867,16.82318762792791,17.224008560180664,1950981.046872981
2011-01-18 14:30:00,17.15908128334735,17.22400391018216,17.071578839536958,17.17601776123047,875762.9289808754
2011-01-19 14:30:00,17.023582861172198,17.040519329276204,16.718734511052595,16.76107406616211,3272067.589964529
2011-01-20 14:30:00,16.625590412583193,16.625590412583193,16.348968351658474,16.588895797729492,1618673.9332480123
2011-01-21 14:30:00,16.71874023852552,16.74132166534993,16.439294879679586,16.47034454345703,325931.2636968392
2011-01-24 14:30:00,16.529617415985033,16.85987051804336,16.512680945328007,16.851402282714844,2221647.116023248
2011-01-25 14:30:00,16.809067367009582,16.83447046486544,16.62559265286706,16.73285484313965,450989.634354231
2011-01-26 14:30:00,16.800602866697854,16.921978275035485,16.698985607215736,16.86834716796875,498462.1165593532
2011-01-27 14:30:00,16.9897172539678,17.238112947479944,16.9897172539678,17.19859504699707,347187.65263501223
2011-01-28 14:30:00,17.243756375656655,17.271984367877646,16.639702861511605,16.727205276489258,548060.5572623457
2011-01-31 14:30:00,16.73285727415506,16.871167535773377,16.422362180169753,16.792133331298828,211500.99968036945
2011-02-01 14:30:00,16.94456001768016,17.297394724670742,16.94456001768016,17.20989227294922,1211613.6514262536
2011-02-02 14:30:00,17.15060759915827,17.37642346388423,17.113912985496192,17.30021095275879,526804.1621588189
2011-02-03 14:30:00,17.331257987883927,17.353839409419827,17.159073235415867,17.314321517944336,489251.2832393171
2011-02-04 14:30:00,17.365136981140544,17.678455352783203,17.351023788341987,17.678455352783203,1360054.1976233309
2011-02-07 14:30:00,17.729260740334173,17.782891834710107,17.548609313026258,17.607885360717773,600847.1568805547
2011-02-08 14:30:00,17.605063691635564,17.610708644951146,17.4582835993723,17.607885360717773,350730.3569055125
2011-02-09 14:30:00,17.53732166024571,17.599421005870663,17.421592823564502,17.483692169189453,159777.12734099966
2011-02-10 14:30:00,17.280464299804173,17.534505095676877,17.226831562829812,17.506277084350586,1299827.2938729275
2011-02-11 14:30:00,17.410297905039936,17.7095030505593,17.384894806892426,17.647403717041016,315303.0400368686
2011-02-14 14:30:00,17.67563231865101,17.9296730229279,17.67563231865101,17.791362762451172,248345.39698436868
2011-02-15 14:30:00,17.765949175267977,17.765949175267977,17.54860320434038,17.610702514648438,259327.99052970405
2011-02-16 14:30:00,17.746195395393908,17.847812620408394,17.686919353781708,17.794179916381836,312468.8954715131
2011-02-17 14:30:00,17.72079128112769,18.101853868804643,17.72079128112769,18.062335968017575,734053.888492192
2011-02-18 14:30:00,18.084919554699844,18.118792506605825,17.938139455025997,18.01999855041504,286961.1866165083
2011-02-22 14:30:00,17.67280259429589,17.717963822217015,17.255045488306436,17.314321517944336,576756.7625732138
2011-02-23 14:30:00,17.34819240136809,17.34819240136809,16.752605661915144,16.981243133544922,478623.1441048035
2011-02-24 14:30:00,16.981246094899547,17.288919393766456,16.958664672102483,17.246578216552734,542746.5054753425
2011-02-25 14:30:00,17.472392822450175,17.712321858115544,17.441343163538765,17.692562103271484,1998100.6688444733
2011-02-28 14:30:00,17.76031254528888,17.80547540755512,17.342555261750462,17.52320671081543,299360.72312292515
2011-03-01 14:30:00,17.55143464856499,17.588129272131656,17.161903751542912,17.181663513183594,997278.625554221
2011-03-02 14:30:00,17.167543177422917,17.624818220356538,17.167543177422917,17.399003982543945,4632830.119296139
2011-03-03 14:30:00,17.576837138391387,17.81111967931753,17.576837138391387,17.734907150268555,698980.7447872432
2011-03-04 14:30:00,17.71232772033054,17.717971059081183,17.455462128399038,17.5881290435791,5713361.493182319
2011-03-07 14:30:00,17.65023155391099,17.65023155391099,16.91068909217914,17.10545539855957,1023848.8396481564
2011-03-08 14:30:00,17.08569230647265,17.269167051126093,16.93044556379382,17.122386932373047,2172047.9092045925
2011-03-09 14:30:00,17.03488255668397,17.03488255668397,16.571962435547857,16.591720581054688,2167088.332455822
2011-03-10 14:30:00,16.348972358492333,16.416716652167658,16.157029385503225,16.171142578125,2084188.315926616
2011-03-11 14:30:00,16.063881122506345,16.374376220068132,16.063881122506345,16.354618072509766,739722.0808137589
2011-03-14 13:30:00,16.278398975776465,16.52114967867561,16.2078314226788,16.317916870117188,4757534.39989396
2011-03-15 13:30:00,15.801376156743714,16.213488610983987,15.615079697313584,16.103403091430664,1850367.5547545068
2011-03-16 13:30:00,16.015898017225474,16.286875228693887,15.64894849866498,15.764678955078123,7952365.932317447
2011-03-17 13:30:00,16.061061468292603,16.14574225373551,15.897344852395882,15.9537992477417,5350230.585570212
2011-03-18 13:30:00,16.20218148111985,16.21347299680454,15.95378590270994,16.021530151367188,1499993.063699836
2011-03-21 13:30:00,16.25017791092713,16.399779686443203,16.20783671917171,16.3094539642334,890642.4583237388
2011-03-22 13:30:00,16.300989569939734,16.300989569939734,16.128806323267398,16.154211044311523,814119.2866273985
2011-03-23 13:30:00,16.09492956640945,16.337680348636134,15.993313936499078,16.3094539642334,1957712.8976519413
2011-03-24 13:30:00,16.461872786135135,16.744139753501965,16.42517817728649,16.70744514465332,1068487.9364412157
2011-03-25 13:30:00,16.763708129952388,16.842862966743915,16.65345848326092,16.673246383666992,1285492.4194393624
2011-03-28 13:30:00,16.777845562937443,16.82307644413358,16.667595896615822,16.676076889038086,1504103.6858118551
2011-03-29 13:30:00,16.670416804396865,16.842859268188477,16.520588154627173,16.842859268188477,747099.7760151764
2011-03-30 13:30:00,17.00965490378249,17.00965490378249,16.726961089816044,16.862653732299805,280869.7874545846
2011-03-31 13:30:00,16.834382968122593,16.882441380263337,16.656285383635627,16.704343795776367,216135.339014993
2011-04-01 13:30:00,16.80045408549929,16.80045408549929,16.466877687224706,16.520587921142578,654419.7941106588
2011-04-04 13:30:00,16.58278089873767,16.58278089873767,16.280299300593427,16.37358856201172,798745.8826374493
2011-04-05 13:30:00,16.653458471824827,16.876785301219673,16.633668953848723,16.741092681884766,960051.3012532308
2011-04-06 13:30:00,16.91070261638571,17.023779754708414,16.845682250860794,16.998336791992188,316951.4753550933
2011-04-07 13:30:00,17.009656937262967,17.009656937262967,16.76371298236897,16.941810607910156,2788534.344851857
2011-04-08 13:30:00,17.023785434419043,17.0633628504321,16.71282279588821,16.800457000732422,341005.7146243568
2011-04-11 13:30:00,16.80045708936033,16.823072524689447,16.599745707408225,16.65911102294922,437576.8327438479
2011-04-12 13:30:00,16.543205420534957,16.543205420534957,16.218108352965938,16.305744171142578,816432.8086424157
2011-04-13 13:30:00,16.40468505947486,16.455570998732124,16.249204558633448,16.345319747924805,1503396.6565748565
2011-04-14 13:30:00,16.212450065051147,16.373585591655477,16.124814273003338,16.370758056640625,397604.3113170792
2011-04-15 13:30:00,16.325529186021537,16.509280162327936,16.240720918681415,16.455568313598633,658310.9728046168
2011-04-18 13:30:00,16.254856943624066,16.257682861393448,16.0428370845123,16.16156768798828,415645.0266932096
2011-04-19 13:30:00,16.141780080698265,16.246377872505395,16.10503020469396,16.229415893554688,285468.508047115
2011-04-20 13:30:00,16.69303243273886,16.933322835045793,16.681725524498983,16.91636085510254,988704.3783180716
2011-04-21 13:30:00,17.05205737287562,17.05205737287562,16.851345956095933,16.933326721191406,241250.88775098728
2011-04-25 13:30:00,16.94745720502878,17.00965005282646,16.882438438975207,16.944629669189453,621521.8605728631
2011-04-26 13:30:00,16.961580577054974,17.2499275762715,16.961580577054974,17.22165870666504,332869.9217829799
2011-04-27 13:30:00,17.102943173094758,17.238635807414646,17.020960791140674,17.210365295410156,272026.2966592296
2011-04-28 13:30:00,17.165131682653907,17.21884354404644,17.009651170526553,17.12272834777832,160598.12530375423
2011-04-29 13:30:00,17.09445656831422,17.20470619090492,17.09445656831422,17.182090759277344,150693.42058113992
2011-05-02 13:30:00,17.23863507716362,17.23863507716362,16.989863640531652,17.026615142822266,269550.12592347804
2011-05-03 13:30:00,16.947460131619188,16.98703755228704,16.701516233796703,16.817420959472656,408923.81716042286
2011-05-04 13:30:00,16.88243759763792,16.953109814264756,16.61105078600748,16.811763763427734,936704.5923818888
2011-05-05 13:30:00,16.726961163602276,17.020961890280656,16.701518186430377,16.85700035095215,304216.6450194237
2011-05-06 13:30:00,17.0633638238291,17.16796001544335,16.919190213944063,16.9898624420166,333223.4075221993
2011-05-09 13:30:00,17.00682174179979,17.00682174179979,16.817417288784092,16.919187545776367,609494.7151843401
2011-05-10 13:30:00,16.95594214095444,17.054884889772158,16.927671628732373,17.00117301940918,172979.00915811962
2011-05-11 13:30:00,17.046392228460416,17.08314208984916,16.77783306049236,16.87677574157715,235944.9449729897
2011-05-12 13:30:00,16.803283674377223,17.16513061916415,16.786321694444478,17.0972843170166,402556.5592926562
2011-05-13 13:30:00,17.074668968459708,17.125553290929286,16.87678351514269,16.888092041015625,153877.06714896756
2011-05-16 13:30:00,16.823071525523883,16.9955156250521,16.619532619650517,16.6506290435791,867725.1693380949
2011-05-17 13:30:00,16.56017393243655,16.57430838213423,16.283135159677023,16.44426918029785,1331478.284059227
2011-05-18 13:30:00,16.452740882255494,16.78066542983831,16.452740882255494,16.743915557861328,177931.44396952874
2011-05-19 13:30:00,16.707173420658027,16.707173420658027,16.458403572611118,16.602577209472656,710664.2255321711
2011-05-20 13:30:00,16.605401083806242,16.653459496036877,16.475361911216783,16.56865119934082,380270.84943785047
2011-05-23 13:30:00,16.367934408096545,16.367934408096545,16.218107368393103,16.229415893554688,323318.7315428291
2011-05-24 13:30:00,16.311402216178635,16.314229752832343,16.08524781139894,16.08807373046875,1734388.619637444
2011-05-25 13:30:00,16.028699913018546,16.29443160230589,16.020218925132635,16.23223876953125,1028323.5544220884
2011-05-26 13:30:00,16.21245475071912,16.41034020179388,16.164396347074746,16.384897232055664,439345.5622173809
2011-05-27 13:30:00,16.506456294865835,16.65062989610588,16.506456294865835,16.5799560546875,1436185.8977308704
2011-05-31 13:30:00,16.758054648497957,16.84851639463918,16.681727347993345,16.831554412841797,821031.3457000003
2011-06-01 13:30:00,16.814587301789036,16.814587301789036,16.32270135011905,16.34248924255371,892133.5134417836
2011-06-02 13:30:00,16.382067706570762,16.49514485120263,16.25768203868417,16.322702407836914,577304.4407573584
2011-06-03 13:30:00,16.13329894547682,16.27181907635065,16.017395864721845,16.03718376159668,626828.0059842274
2011-06-06 13:30:00,16.003260352729022,16.0767600991646,15.904316022213342,15.92127799987793,1192812.7411682892
2011-06-07 13:30:00,16.014570311892804,16.158743914355423,15.98630142211914,15.98630142211914,1051316.367453462
2011-06-08 13:30:00,15.909976024271058,15.909976024271058,15.62162878493607,15.67534065246582,917956.1399655626
2011-06-09 13:30:00,15.680986623117972,15.779929319491716,15.601833436568748,15.686641693115234,1775423.5319816184
2011-06-10 13:30:00,15.624453831940455,15.63293482292814,15.33045477148007,15.435050964355469,481086.8670552117
2011-06-13 13:30:00,15.46049138047144,15.519856696195014,15.237164562503374,15.299357414245604,530610.5473703383
2011-06-14 13:30:00,15.539644169285568,15.661202320763271,15.519854654924863,15.567913055419922,1027615.8952324594
2011-06-15 13:30:00,15.426568965053892,15.519856624653682,15.254126473131857,15.282395362854004,552188.7121754701
2011-06-16 13:30:00,15.265430437793256,15.299354392983853,14.974257371128989,15.107122421264648,684134.0008431304
2011-06-17 13:30:00,15.254129191643347,15.254129191643347,14.83291521883257,14.88379955291748,1106853.409659062
2011-06-20 13:30:00,14.83573913255309,14.957297291438326,14.827258142679304,14.90358543395996,1772593.0937059713
2011-06-21 13:30:00,15.002524533551918,15.299352637069656,14.903581832379338,15.254121780395508,1222880.8233468411
2011-06-22 13:30:00,15.223032077084977,15.350243715379245,15.155185762155783,15.19476318359375,695807.2082206941
2011-06-23 13:30:00,15.052285232510316,15.431849868190184,14.938982477143972,15.414854049682615,627345.1336907527
2011-06-24 13:30:00,15.383688046090004,15.383688046090004,15.018286231401412,15.060775756835938,408109.9212986931
2011-06-27 13:30:00,15.094766142119791,15.19957256033017,14.919148168534734,15.137255668640137,298315.6355403976
2011-06-28 13:30:00,15.176912311673192,15.346865558594,15.168414406205692,15.341200828552246,320556.9134452891
2011-06-29 13:30:00,15.386525541244334,15.440344541364947,15.244897531922255,15.36103343963623,553560.7066921765
2011-06-30 13:30:00,15.389362377027282,15.774591756144218,15.389362377027282,15.720772743225098,445531.53425733687
2011-07-01 13:30:00,15.732100752552162,16.097502722903677,15.70094391504011,16.05784797668457,359390.7637508156
2011-07-05 13:30:00,16.060675828511215,16.097499010542812,15.856730929006211,15.930378913879396,592041.6992168382
2011-07-06 13:30:00,15.836908163663685,15.848237628746466,15.66695322093834,15.802916526794434,1024510.7404523892
2011-07-07 13:30:00,15.938872629564871,16.196636483029874,15.910547358848206,16.10316276550293,603338.9547531919
2011-07-08 13:30:00,15.933218511425162,15.933218511425162,15.717944041467788,15.882232666015623,598043.012663591
2011-07-11 13:30:00,15.700942061625824,15.89355590021412,15.550814519936797,15.607466697692873,415170.5187247775
2011-07-12 13:30:00,15.463006687152625,15.463006687152625,15.074944183410963,15.159921646118164,1013919.7609511126
2011-07-13 13:30:00,15.23923027070441,15.338370357559134,15.04378327292025,15.111764907836914,1375782.0170020713
2011-07-14 13:30:00,15.12593358777718,15.29872010960732,14.851175383245277,14.887998580932615,591688.4114595177
2011-07-15 13:30:00,14.97863961732556,14.97863961732556,14.769028293506176,14.947481155395508,709602.5063849525
2011-07-18 13:30:00,14.870993415421404,14.941806589240782,14.627392207539565,14.766188621520996,1138188.9243826529
2011-07-19 13:30:00,14.902153108434634,15.264721775349614,14.902153108434634,15.227898597717283,1719992.5481141228
2011-07-20 13:30:00,15.281714897025257,15.318538068176208,15.080603232797896,15.168412208557127,1394493.382775342
2011-07-21 13:30:00,15.140093102101504,15.335540116634643,14.933315003706213,15.281721115112305,1047458.27422113
2011-07-22 13:30:00,15.346864350672664,15.703768248167824,15.346864350672664,15.652782440185549,637583.5145906338
2011-07-25 13:30:00,15.491327572573107,15.550811293348293,15.397853848844887,15.468667030334473,615342.1464995872
2011-07-26 13:30:00,15.539484208747057,15.763256489766476,15.539484208747057,15.57347583770752,903066.5347456484
2011-07-27 13:30:00,15.431846707712086,15.431846707712086,14.978635779065364,15.018290519714355,2147872.017477468
2011-07-28 13:30:00,15.00979070620796,15.21940030625323,14.831337931977464,14.987130165100098,681712.9914996012
2011-07-29 13:30:00,14.757692522982405,14.98996267899942,14.650054540629451,14.862497329711914,533790.7701634539
2011-08-01 13:30:00,15.069272872097024,15.123091854286832,14.641554189728923,14.845499038696287,1130069.1406119012
2011-08-02 13:30:00,14.737863653298652,14.811511632809507,14.389457606077224,14.41495132446289,2023250.5815481292
2011-08-03 13:30:00,14.400789055797354,14.593402863599737,14.109033547565346,14.584906578063965,1150545.0142718586
2011-08-04 13:30:00,14.358301811244228,14.38662708650446,13.726638123919209,13.743632316589355,2391467.18777832
2011-08-05 13:30:00,13.851273924109696,14.04672258854277,13.058154664070404,13.466045379638672,5034294.832244253
2011-08-08 13:30:00,13.077983671109903,13.259268084811993,12.672925296237736,12.746572494506836,3648627.897424387
2011-08-09 13:30:00,12.930685854639751,13.341408017462465,12.55961842873325,13.31591510772705,2270022.74365886
2011-08-10 13:30:00,13.01282939310718,13.471706633538798,12.871201395586182,13.060983657836914,2960561.5262283767
2011-08-11 13:30:00,13.250766715997848,13.879596456658469,13.205445624404108,13.706809997558594,1943464.1334308148
2011-08-12 13:30:00,13.9164226340611,13.944747913897771,13.568016505477251,13.650160789489746,1197498.581389485
2011-08-15 13:30:00,13.715307396612577,13.922085477150627,13.686982120618602,13.91358757019043,855053.6431589557
2011-08-16 13:30:00,13.811614634720586,13.896592085525922,13.488702266632384,13.664321899414062,989560.406683938
2011-08-17 13:30:00,13.610498327090864,13.87109532309726,13.44337665763645,13.573675155639648,738198.896102938
2011-08-18 13:30:00,13.196951487194104,13.196951487194104,12.68708906110858,12.789061546325684,2373814.5504094874
2011-08-19 13:30:00,12.650261701829187,13.04965360151584,12.511465257060133,12.553953170776367,1832963.890993571
2011-08-22 13:30:00,12.794724218963434,12.90236141289597,12.562452394695883,12.630434036254885,1156193.3963154552
2011-08-23 13:30:00,12.695582519467475,13.298920158442746,12.681419880961426,13.279092788696287,2080795.207114437
2011-08-24 13:30:00,13.287591981029705,13.406559452634168,13.026994869047291,13.290424346923828,1464393.906409434
2011-08-25 13:30:00,13.196950100366545,13.366904224535086,12.905196128347768,12.942018508911133,903772.4401633226
2011-08-26 13:30:00,12.944850885239468,13.34990922783328,12.7522370214353,13.30175495147705,706072.2183215955
2011-08-29 13:30:00,13.491537575045983,13.783291536592124,13.474541758036606,13.766297340393066,485071.631780763
2011-08-30 13:30:00,13.67848366757666,13.856936464996426,13.607668859608822,13.763461112976074,338561.7161543746
2011-08-31 13:30:00,13.851272725920555,13.98440446034581,13.58501168828544,13.692648887634276,600161.4274292905
2011-09-01 13:30:00,13.68698344878628,13.871101002233686,13.443382161655297,13.468875885009766,864938.5724421056
2011-09-02 13:30:00,13.242267761941829,13.270593847151304,13.072313681899914,13.14879322052002,706072.4022011517
2011-09-06 13:30:00,12.70691204322443,13.072313930054792,12.701247312317989,13.060983657836914,1115594.3743002228
2011-09-07 13:30:00,13.284757737420431,13.633163836965297,13.284757737420431,13.616168022155762,3256758.6480124407
2011-09-08 13:30:00,13.531190629946828,13.87393278958206,13.483037174661716,13.556683540344238,558150.2122127892
2011-09-09 13:30:00,13.48303959287088,13.76063091232924,13.321583384189786,13.412224769592283,1261751.1073194842
2011-09-12 13:30:00,13.253601707088071,13.81728306358183,13.253601707088071,13.800287246704102,4799526.117278768
2011-09-13 13:30:00,13.905091430017556,14.126032176625428,13.788957135362184,14.072213172912598,1868973.3326691869
2011-09-14 13:30:00,14.202509283572423,14.601901167843248,14.106202377046897,14.434781074523926,2916079.030045326
2011-09-15 13:30:00,14.647230613767622,14.692551722485844,14.474442468570045,14.667057991027832,1959350.0208881611
2011-09-16 13:30:00,14.40078904771139,14.839837276862236,14.40078904771139,14.686878204345703,3286767.133748234
2011-09-19 13:30:00,14.417784210271966,14.607566454501576,14.284652511347405,14.531086921691896,1402965.9697620566
2011-09-20 13:30:00,14.587737154022088,14.635889786986189,14.324306966683077,14.344134330749512,1745764.3784969198
2011-09-21 13:30:00,14.397957485830712,14.505595483800588,14.05238456688542,14.055217742919922,2034194.4255529465
2011-09-22 13:30:00,13.655829136342865,13.698318688156188,13.344246113224726,13.582181930541992,3601320.6942658834
2011-09-23 13:30:00,13.483038437207156,13.90225936729027,13.406558888448409,13.828611373901367,3004337.67309065
2011-09-26 13:30:00,13.949595941203576,13.949595941203576,13.506571727274034,13.818960189819336,1930700.7549086525
2011-09-27 13:30:00,14.083065266639691,14.355695417898856,14.000706819901756,14.071704864501951,1640550.6558613842
2011-09-28 13:30:00,14.088749207285716,14.139866970912005,13.66276405205637,13.679803848266602,1328567.4231894256
2011-09-29 13:30:00,13.875754746307312,13.895633422518168,13.233936592874445,13.503727912902832,1221169.4802532685
2011-09-30 13:30:00,13.287893309227536,13.404328088502623,13.03230213367834,13.04082202911377,1874713.8026660683
2011-10-03 13:30:00,12.944266743255548,13.08626204816802,12.549520721851277,12.558040618896484,1311313.4639422966
2011-10-04 13:30:00,12.37060753229147,13.08626180843462,12.36492733019802,13.057863235473633,4067043.712672988
2011-10-05 13:30:00,13.05786092540412,13.523604102086663,12.901666364244852,13.472485542297363,1618718.8965114488
2011-10-06 13:30:00,13.472484010369348,13.65991762494817,13.316290279472488,13.637198448181152,675375.9400779278
2011-10-07 13:30:00,13.682637677429424,13.88143089311489,13.577562493784274,13.699677467346191,1022571.2223461872
2011-10-10 13:30:00,13.912670582910811,14.168260942974989,13.912670582910811,14.085904121398926,1052853.9322678098
2011-10-11 13:30:00,14.060344462364212,14.122824236615957,13.975148758848636,14.071704864501951,638050.609233919
2011-10-12 13:30:00,14.222219058698506,14.33297607198727,14.171101312182696,14.176780700683594,660586.6207722721
2011-10-13 13:30:00,14.108624873246884,14.517571769938318,14.108624873246884,14.463613510131836,856015.9277757022
2011-10-14 13:30:00,14.62549230151595,14.651050372379787,14.389778897962849,14.628331184387209,1908164.969208713
2011-10-17 13:30:00,14.5715287411754,14.5715287411754,14.19098365665537,14.247780799865724,1631395.187913478
2011-10-18 13:30:00,14.26482293115763,14.582891535285729,14.085908325707846,14.534612655639648,595091.1754003079
2011-10-19 13:30:00,14.457927283677629,14.509046642962437,14.210856880481622,14.242095947265623,1472939.4968233393
2011-10-20 13:30:00,14.16542799221589,14.16542799221589,13.728082390208606,13.995033264160156,702489.202483486
2011-10-21 13:30:00,14.193821990885716,14.489171349188766,14.193821990885716,14.293218612670898,1960984.2763241911
2011-10-24 13:30:00,14.327298608345092,14.795881535202058,14.327298608345092,14.7703218460083,740871.0359150312
2011-10-25 13:30:00,14.634009067394135,14.781684586633178,14.492014563321304,14.526092529296877,725377.4204764375
2011-10-26 13:30:00,14.622649259711087,14.7390840623685,14.287540888639631,14.574370384216309,716222.2218005297
2011-10-27 13:30:00,15.025913439047908,15.304223005177702,14.90663814285,15.190627098083496,1076094.0825225082
2011-10-28 13:30:00,15.201985299725166,15.25310467473178,15.099749799719884,15.250264167785645,421845.79834946536
2011-10-31 13:30:00,15.048636746823083,15.094075122120032,14.858363347141566,14.88108253479004,537342.6438671347
2011-11-01 13:30:00,14.438053652877027,14.54881067829475,14.298898056841033,14.406814575195312,1159547.7100136098
2011-11-02 13:30:00,14.520415906967594,14.591413985039594,14.347182286476752,14.46077823638916,693686.0417226546
2011-11-03 13:30:00,14.599927199804856,14.915155207107318,14.318777149371137,14.892436027526855,673615.2311647953
2011-11-04 13:30:00,14.807237994422389,15.119628730068328,14.778839427546876,15.062829971313477,507060.1040031474
2011-11-07 14:30:00,15.025913182282071,15.082710322356595,14.804400760982611,15.054311752319336,510581.2978799019
2011-11-08 14:30:00,15.167905396303084,15.196303962106803,14.892434757996456,15.122467041015623,354942.0861980938
2011-11-09 14:30:00,14.801562446935112,14.801562446935112,14.418175194614468,14.455095291137695,688404.3375632518
2011-11-10 14:30:00,14.619808552210475,14.665246919699754,14.347178347274818,14.551651000976562,566216.9854570354
2011-11-11 14:30:00,14.7561202490457,15.133826388502255,14.747600353982282,15.062829971313477,456706.21867505705
2011-11-14 14:30:00,15.045794772950662,15.139512022245626,14.80440363083199,14.898120880126951,776787.6722623471
2011-11-15 14:30:00,14.815755280706648,15.176423191533276,14.815755280706648,15.085546493530272,791225.176608269
2011-11-16 14:30:00,14.969113753001622,15.255944822664471,14.969113753001622,15.034432411193848,1071164.397977893
2011-11-17 14:30:00,14.980479851122682,14.980479851122682,14.267666651459114,14.452259063720703,846508.2032733697
2011-11-18 14:30:00,14.489164796961475,14.509045087330756,14.236413408719914,14.31593132019043,390858.9569140454
2011-11-21 14:30:00,14.08590968099958,14.119989275794495,13.835998610853457,14.048991203308104,632064.2349506345
2011-11-22 14:30:00,13.989348608227552,14.094424613480452,13.782035479618026,13.870073318481444,1269410.7910119388
2011-11-23 14:30:00,13.71104042779772,13.722400832876726,13.421371223338962,13.432731628417969,681361.8152406348
2011-11-25 14:30:00,13.361734066837984,13.540647859762789,13.268016815185549,13.268016815185549,138385.10766989514
2011-11-28 14:30:00,13.705357864564924,13.784875806694316,13.560523702120012,13.671279907226562,853198.9977102799
2011-11-29 14:30:00,13.73375890306523,13.799075939900924,13.554844334769506,13.58608341217041,581358.4228488462
2011-11-30 14:30:00,13.983675434545374,14.39262085972182,13.983675434545374,14.350021362304688,817281.8686379717
2011-12-01 14:30:00,14.34433991797959,14.500535344479474,14.276182356871765,14.446577072143556,512341.7876183613
2011-12-02 14:30:00,14.653886603142912,14.690805069729691,14.429533671571512,14.44941234588623,706362.8059546282
2011-12-05 14:30:00,14.60276348241928,14.733399148005542,14.506207392639702,14.568685531616213,282404.3447744864
2011-12-06 14:30:00,14.591412184091666,14.614131371270028,14.449416045473573,14.531774520874023,325715.56740630296
2011-12-07 14:30:00,14.469295505953738,14.758965531833816,14.381257645144656,14.724885940551758,464804.94492221
2011-12-08 14:30:00,14.614133011305222,14.739087742306726,14.27618404847382,14.290383338928224,190851.69483534145
2011-12-09 14:30:00,14.145542858343871,14.543129338101693,14.06602653739471,14.480652809143066,500721.7979375088
2011-12-12 14:30:00,14.256299011770864,14.256299011770864,13.915509692761276,14.0944242477417,766928.3701990821
2011-12-13 14:30:00,14.208022633675569,14.239261714221774,13.69684181565738,13.759318351745604,1272227.6016169186
2011-12-14 14:30:00,13.76215838527249,13.7905569575171,13.500887783112578,13.543485641479492,1626113.2760956793
2011-12-15 14:30:00,13.747955396375316,13.810431913485656,13.458285487486323,13.509403228759766,514454.7718153989
2011-12-16 14:30:00,13.6230006070152,13.810433428920838,13.571882860132549,13.640040397644045,1065178.3120979453
2011-12-19 14:30:00,13.64572186914932,13.676960948402757,13.236776581656535,13.245296478271484,1570829.661134591
2011-12-20 14:30:00,13.60879988477305,13.881430006003304,13.60879988477305,13.833152770996094,2328251.155041064
2011-12-21 14:30:00,13.864391364155404,13.864391364155404,13.503725012483562,13.693998336791992,347195.3189586215
2011-12-22 14:30:00,13.734975439046805,14.19593709498882,13.734975439046805,14.15041160583496,1400482.677801844
2011-12-23 14:30:00,14.176019255855968,14.227238482774569,14.090655505836413,14.21300983428955,156741.60328692317
2011-12-27 14:30:00,14.176016796315936,14.31259812137911,14.147562760638897,14.195934295654297,1152015.8401764508
2011-12-28 14:30:00,14.213009065970626,14.213009065970626,13.971146477471446,13.985373497009276,251630.03143529367
2011-12-29 14:30:00,14.050818297377493,14.130491561651189,13.973992716498053,14.107728004455566,322620.6226515537
2011-12-30 14:30:00,14.079276393764072,14.167484582546775,14.056512832641602,14.056512832641602,515560.3178490842
2012-01-03 14:30:00,14.372353763319785,14.45771750753142,14.210164440313472,14.23292636871338,434729.5436269897
2012-01-04 14:30:00,14.170327809257644,14.264226462530246,14.056510026368128,14.23292636871338,1390642.5255715426
2012-01-05 14:30:00,14.190247124905314,14.449182817605877,14.176020103747463,14.426419258117676,1344603.8975495591
2012-01-06 14:30:00,14.420725508998876,14.497552708392485,14.329671291669833,14.463406562805176,357061.6490683985
2012-01-09 14:30:00,14.548772630258894,14.782100320692274,14.531699554729016,14.75649070739746,1253229.9571998273
2012-01-10 14:30:00,14.949973698223245,14.981273780489872,14.844692491423164,14.904446601867676,820257.9864599453
2012-01-11 14:30:00,14.84753927584574,14.998347586419476,14.804856603302008,14.955666542053224,1400834.6928894266
2012-01-12 14:30:00,15.004042364231296,15.14346811087264,14.912986522664172,15.11501407623291,423132.12999915896
2012-01-13 14:30:00,14.96989777793023,14.9841247967306,14.767870203337948,14.807706832885742,1369556.2616385927
2012-01-17 14:30:00,14.94713418509987,15.018269278925084,14.841852943696209,14.85038948059082,237572.5006842514
2012-01-18 14:30:00,15.018273130600113,15.635736974971325,15.018273130600113,15.604436874389648,1663709.9553257285
2012-01-19 14:30:00,15.749556358912407,15.92881881308345,15.712565771298312,15.914591789245604,2045371.983691661
2012-01-20 14:30:00,15.843449192448723,16.008484561850576,15.826377747053227,15.991413116455078,5627937.979362379
2012-01-23 14:30:00,15.977187288509892,16.048322386736984,15.82353287125452,15.940195083618164,5251898.270017672
2012-01-24 14:30:00,15.883295382471136,16.04833085121741,15.82923170239655,15.997113227844238,1710802.147609044
2012-01-25 14:30:00,16.039779754070203,16.099533859079575,15.820679198132847,16.065387725830078,1393806.11405349
2012-01-26 14:30:00,16.12514604918651,16.20197324091867,15.812146801286762,15.897510528564451,910577.5836563336
2012-01-27 14:30:00,15.849150815619952,16.002805313653415,15.803622049370324,15.948740005493164,484984.9974879609
2012-01-30 14:30:00,15.843455094582287,15.843455094582287,15.607282916095716,15.783700942993164,1106328.3476361008
2012-01-31 14:30:00,15.89181982526042,15.934502502390956,15.68410180503222,15.795073509216309,382013.8353076423
2012-02-01 14:30:00,16.005641432731633,16.264577099603077,15.943041243338966,16.14791488647461,2294542.5307914168
2012-02-02 14:30:00,16.199135362513765,16.344253269091894,16.14791775671511,16.236125946044922,1420163.0753279391
2012-02-03 14:30:00,16.43814731182119,16.55765719592871,16.36985664726455,16.48936653137207,974539.3014278364
2012-02-06 14:30:00,16.438146492594566,16.438146492594566,16.21335701019849,16.301565170288086,525049.3288473992
2012-02-07 14:30:00,16.244654053971264,16.355625746969782,16.127990252477318,16.31009864807129,1884765.7822087663
2012-02-08 14:30:00,16.33571334893289,16.62594910201621,16.33571334893289,16.506439208984375,816391.8601388839
2012-02-09 14:30:00,16.57757989922123,16.600343461218458,16.43530641560476,16.56050682067871,482525.0778493459
2012-02-10 14:30:00,16.36985299167709,16.43529758669592,16.16498104375758,16.238962173461914,539458.4066889259
2012-02-13 14:30:00,16.34425369762227,16.409698327404318,16.076779810538437,16.287343978881836,184856.6587569249
2012-02-14 14:30:00,16.24181423639458,16.34994154484252,16.199133175354756,16.347095489501953,1209651.562798623
2012-02-15 14:30:00,16.475136113057122,16.623100017772135,16.415381991518768,16.43245506286621,921472.1684660348
2012-02-16 14:30:00,16.472293580084703,16.867810552090976,16.409693396733402,16.845046997070312,906360.2018692757
2012-02-17 14:30:00,16.93610956426442,16.97025409953491,16.677173794763345,16.688554763793945,556327.0618149908
2012-02-21 14:30:00,16.748298219271483,16.748298219271483,16.40968940313459,16.460906982421875,541215.6070457238
2012-02-22 14:30:00,16.446682577989442,16.549119381000605,16.34424740315603,16.401155471801758,419617.7482102713
2012-02-23 14:30:00,16.389776483645964,16.455221096107522,16.190594963037128,16.42961311340332,413291.8027237301
2012-02-24 14:30:00,16.455216541725203,16.53773420526942,16.36131791750196,16.378389358520508,978053.9160914652
2012-02-27 14:30:00,16.290188672893418,16.517825923399297,16.18206297342167,16.395471572875977,725720.5210849901
2012-02-28 14:30:00,16.42107678231037,16.748303105076413,16.42107678231037,16.660093307495117,933772.3691072158
2012-02-29 14:30:00,16.694243529756374,16.694243529756374,16.381244149660898,16.41254425048828,734155.0632430359
2012-03-01 14:30:00,16.463758216251467,16.580420426431807,16.355630915156222,16.423921585083008,569330.5244014394
2012-03-02 14:30:00,16.401153076131425,16.500743809892263,16.236117747351756,16.238962173461914,555976.0256559484
2012-03-05 14:30:00,16.190594839483094,16.204821858249737,15.79223180130542,15.851985931396484,1341441.1760501678
2012-03-06 14:30:00,15.612971984571375,15.732480264452462,15.516225635926498,15.704026222229004,903197.0799541988
2012-03-07 14:30:00,15.732479768943922,15.999951990683474,15.732479768943922,15.934507369995115,1407511.4471388347
2012-03-08 14:30:00,16.082469009391705,16.210513818144126,16.005641798504637,16.170677185058594,1797256.8899228745
2012-03-09 14:30:00,16.159296541477392,16.358478082686105,16.159296541477392,16.347095489501953,822014.8185316616
2012-03-12 13:30:00,16.33855408218292,16.33855408218292,16.13652817402272,16.19059181213379,607637.4710683224
2012-03-13 13:30:00,16.32148310230836,16.543426513671875,16.307254457621053,16.543426513671875,1398374.452782723
2012-03-14 13:30:00,16.583265177526275,16.76537361634397,16.469447403265214,16.48936653137207,785816.7609061098
2012-03-15 13:30:00,16.571882664002455,16.83081827974694,16.56619218286618,16.816591262817383,2428792.550373228
2012-03-16 13:30:00,16.87350103380167,16.87350103380167,16.751146722043366,16.845046997070312,858915.9881227257
2012-03-19 13:30:00,16.853585911887137,17.02715783988971,16.776758699329292,16.964557647705078,626966.410225679
2012-03-20 13:30:00,16.85357981892411,16.89341643847411,16.69992544935806,16.8308162689209,839235.6103644582
2012-03-21 13:30:00,16.876347238844257,16.978782423259364,16.796673981474378,16.899110794067383,428403.6743901045
2012-03-22 13:30:00,16.75968841984929,16.847898240329783,16.674324655189533,16.808061599731445,725369.0890140049
2012-03-23 13:30:00,16.79098364027385,16.847893342897013,16.645865770989392,16.842201232910156,945018.4337912636
2012-03-26 13:30:00,16.97475235816147,17.0802207061183,16.88353631332621,17.074520111083984,935273.1615826066
2012-03-27 13:30:00,17.083071072241754,17.19709112330049,17.068817138671875,17.068817138671875,742675.6825361919
2012-03-28 13:30:00,17.091617490507687,17.108719269570305,16.755256405140802,16.872127532958984,1236974.6183466287
2012-03-29 13:30:00,16.721061036444244,16.90919376519357,16.66120069689091,16.874988555908203,1521134.0882257
2012-03-30 13:30:00,16.994706516169984,17.04601513742555,16.817976639503968,16.94624900817871,684791.1013015049
2012-04-02 13:30:00,16.869288188157263,17.000410061778755,16.703957842642957,16.96050262451172,443079.4112989964
2012-04-03 13:30:00,16.87213509466847,16.897790221366886,16.62129094754681,16.6897029876709,1516222.8883852058
2012-04-04 13:30:00,16.45881478249661,16.481617166754194,16.16236095214229,16.321989059448242,1241534.5539188609
2012-04-05 13:30:00,16.239327215944066,16.40465594484961,16.239327215944066,16.347646713256836,1624624.365971969
2012-04-09 13:30:00,16.102497819703263,16.17090985381227,16.0226845954452,16.13100242614746,871424.8000689582
2012-04-10 13:30:00,16.0910886040206,16.222210380694708,15.797486084652531,15.825990676879885,992807.3326064368
2012-04-11 13:30:00,16.03408793380227,16.20796833990812,16.008432805922347,16.09109878540039,760567.1149084262
2012-04-12 13:30:00,16.15095343046247,16.45310610739586,16.1309989054495,16.396095275878906,510085.3203875725
2012-04-13 13:30:00,16.344785733945596,16.384693150616673,16.0967927902696,16.105342864990234,778108.1880064491
2012-04-16 13:30:00,16.245015592686364,16.264968480516636,15.959964784554147,16.099639892578125,848973.0766387453
2012-04-17 13:30:00,16.219361435945757,16.43029803510994,16.219361435945757,16.35048484802246,1184001.6384630469
2012-04-18 13:30:00,16.182314778784665,16.287784782899113,16.059744616571525,16.23077392578125,605506.7865469587
2012-04-19 13:30:00,16.15950901139023,16.416053737051556,15.945721196315269,16.03123664855957,897034.2857601768
2012-04-20 13:30:00,16.048338483269436,16.048338483269436,15.65211857209878,15.660670280456545,1599716.9849616382
2012-04-23 13:30:00,15.466835395029785,15.486789924929088,15.321461245866375,15.469686508178713,1122959.2233395155
2012-04-24 13:30:00,15.503887568598806,15.543794986664178,15.304353740414273,15.35566234588623,617083.9742487367
2012-04-25 13:30:00,15.615068552721162,15.734789255859036,15.5238524682214,15.69773292541504,772143.7860117205
2012-04-26 13:30:00,15.75472711102576,16.08823702853934,15.75472711102576,16.05973243713379,1275564.510752768
2012-04-27 13:30:00,16.096796476385954,16.11104877894555,15.902961573218205,16.062589645385742,797753.6584019114
2012-04-30 13:30:00,16.07398692033476,16.079687513177525,15.977068686653244,15.99417209625244,1278721.6746302643
2012-05-01 13:30:00,15.95141893289438,16.162355597033464,15.934315519296264,16.042634963989258,534291.537756506
2012-05-02 13:30:00,15.914362322597253,16.142402396013498,15.90010839082138,16.119598388671875,474302.148873453
2012-05-03 13:30:00,16.102499686998964,16.199416338790925,15.703428626216468,15.717680931091309,722679.0982176461
2012-05-04 13:30:00,15.652113970200611,15.72337709818208,15.367063089345868,15.401269912719728,1293455.758262752
2012-05-07 13:30:00,15.34141004609242,15.463980150533436,15.335707821317966,15.35566234588623,589720.3869881333
2012-05-08 13:30:00,15.23595127358715,15.292960508499274,14.945199608533208,15.267305374145508,1037359.9590728424
2012-05-09 13:30:00,15.047808304973914,15.284400083335884,14.893882479821745,15.213138580322266,831432.0272675778
2012-05-10 13:30:00,15.324308652799358,15.33000924725367,15.03925772615584,15.156128883361816,664093.126411174
2012-05-11 13:30:00,15.116219979700976,15.441178297844129,15.110519385804924,15.261595726013184,529029.3358165433
2012-05-14 13:30:00,15.107670978481416,15.215988794492173,15.044957916881373,15.113369941711426,523416.25525311
2012-05-15 13:30:00,15.076310209407056,15.227388157128642,14.922384411788336,14.953740119934082,602700.6237765969
2012-05-16 13:30:00,14.993650671885865,15.044959287414573,14.70289913210404,14.722853660583496,553937.1258420196
2012-05-17 13:30:00,14.731404927959089,14.779862429093116,14.39504374645314,14.397894859313965,676020.8191312784
2012-05-18 13:30:00,14.48341172698412,14.48341172698412,14.087191816097697,14.121397018432615,1028589.9568579352
2012-05-21 13:30:00,14.155604953382682,14.489113449690782,14.121398117314303,14.474861145019531,864759.224540374
2012-05-22 13:30:00,14.472009638291985,14.474860751577426,14.275325229460051,14.369392395019531,665496.2651286884
2012-05-23 13:30:00,14.172706855186169,14.44350387711286,14.08719140523559,14.42640209197998,1552707.8041715513
2012-05-24 13:30:00,14.46915838080734,14.472007862671497,14.14135052928344,14.221163749694824,694263.1893932733
2012-05-25 13:30:00,14.246815425575315,14.47200436085641,14.246815425575315,14.363686561584473,708997.5974106552
2012-05-29 13:30:00,14.557529023548405,14.759915713567104,14.546127829473267,14.671550750732422,461672.5611853589
2012-05-30 13:30:00,14.5176191221221,14.557524921211655,14.380795045345083,14.466310501098633,558497.663014092
2012-05-31 13:30:00,14.43209960657527,14.43209960657527,14.121393592442308,14.315228462219238,1306435.8556100838
2012-06-01 13:30:00,14.041583234118454,14.041583234118454,13.682419652984745,13.702372550964355,1440797.7901554562
2012-06-04 13:30:00,13.725183148470114,13.870558992289508,13.525648364170058,13.67957592010498,1184702.167626703
2012-06-05 13:30:00,13.685267158841024,14.00167378529987,13.679567380215856,13.941813468933104,833887.7140793887
2012-06-06 13:30:00,14.07293768148114,14.45205412633681,14.07293768148114,14.380792617797852,960882.7620732292
2012-06-07 13:30:00,14.605981891545628,14.65158991036667,14.221163213323456,14.252520561218262,994911.813734376
2012-06-08 13:30:00,14.20121366932722,14.469161250925072,14.144204447878032,14.400749206542969,661286.4337614932
2012-06-11 13:30:00,14.634486789839398,14.662993025479366,14.155602582588132,14.198359489440918,1245744.6331183938
2012-06-12 13:30:00,14.238265297934,14.491960490576258,14.20120898998783,14.45205307006836,670407.8468525563
2012-06-13 13:30:00,14.463453651293554,14.543266848888486,14.283871102330698,14.338030815124512,942289.7725134466
2012-06-14 13:30:00,14.340888469764089,14.3665419662687,14.147053533910109,14.306681632995604,451849.84114073374
2012-06-15 13:30:00,14.306678327460112,14.546121236301326,14.306678327460112,14.531868934631348,499560.8093547028
2012-06-18 13:30:00,14.44065475031353,14.819771242764393,14.44065475031353,14.73425579071045,743026.44562743
2012-06-19 13:30:00,14.876530855296192,14.982240487692398,14.787962132486363,14.927958488464355,558622.9768303388
2012-06-20 13:30:00,14.93938882659534,15.122238311455504,14.902247729333537,15.059383392333984,733280.0102438694
2012-06-21 13:30:00,15.01367137079187,15.01367137079187,14.433695443142804,14.445122718811035,998240.8307914888
2012-06-22 13:30:00,14.553687659861229,14.69939602730732,14.513688931879274,14.65368366241455,720679.5942286554
2012-06-25 13:30:00,14.530835532395026,14.530835532395026,14.147993960881395,14.179421424865724,758130.9205868281
2012-06-26 13:30:00,14.202275200961603,14.299413578263248,14.073709365014627,14.233702659606934,369265.1233132547
2012-06-27 13:30:00,14.253698779605084,14.453690772468434,14.242271506483016,14.416549682617188,575073.6502212631
2012-06-28 13:30:00,14.333696966958248,14.376551695571871,14.13084896279609,14.325125694274902,682178.0199072191
2012-06-29 13:30:00,14.667970403866,14.947959899902344,14.647971854779115,14.947959899902344,1178148.2327502386
2012-07-02 13:30:00,15.02223868331449,15.036523591534287,14.813675426738929,14.925100326538086,565623.2847044703
2012-07-03 13:30:00,14.95081860846966,15.122240846666305,14.90510622959104,15.107955932617188,684627.904334345
2012-07-05 13:30:00,14.996530960999696,15.059384248892885,14.853678566724916,14.99367332458496,267060.914555051
2012-07-06 13:30:00,14.842248643368825,14.847962280375754,14.487976992088912,14.61654281616211,824983.8635372487
2012-07-09 13:30:00,14.587975816348695,14.630830554389696,14.376554858190758,14.422268867492676,2695110.1065970063
2012-07-10 13:30:00,14.325129383746445,14.50512125204472,14.025141301779122,14.125137329101562,1408807.502795167
2012-07-11 13:30:00,14.13942165963979,14.187990029999876,13.899430904742925,13.967999458312988,694078.4388006725
2012-07-12 13:30:00,13.853713570841965,13.853713570841965,13.622294172427186,13.748003959655762,937338.7419258014
2012-07-13 13:30:00,13.79086349078702,13.905144412336725,13.759436033010443,13.845147132873535,738180.252697244
2012-07-16 13:30:00,13.810863729474503,13.810863729474503,13.61944377549992,13.716581344604492,662577.0731699178
2012-07-17 13:30:00,13.785152224390297,13.785152224390297,13.433738901560105,13.65944480895996,1142796.5029380086
2012-07-18 13:30:00,13.622301190728075,14.210848443207016,13.585160089403203,14.125137329101562,2316394.5474530226
2012-07-19 13:30:00,14.322272660337028,14.530836003170329,14.319416658393656,14.407983779907228,1681118.510436881
2012-07-20 13:30:00,14.39369681866197,14.442266827631482,14.16799259185791,14.16799259185791,1662918.0052095363
2012-07-23 13:30:00,13.899429815647329,14.1108490972217,13.713722717894994,14.050851821899414,2071035.0197571693
2012-07-24 13:30:00,14.122278858826729,14.122278858826729,13.848004649474053,13.98514175415039,830934.0611780134
2012-07-25 13:30:00,14.096571130053857,14.436556402593707,14.096571130053857,14.265135765075684,1286302.1715555857
2012-07-26 13:30:00,14.542265632756097,14.687974052772454,14.436554320349158,14.57940673828125,1619165.9058155306
2012-07-27 13:30:00,14.61940210726247,14.970816162424123,14.587974647961456,14.936531066894531,2181989.3182058483
2012-07-30 13:30:00,14.905107675546,15.027959910050733,14.71083086386674,14.802255630493164,793132.2498580981
2012-07-31 13:30:00,14.856529972685683,15.07937813480035,14.853673971957852,14.910815238952637,1445559.525946806
2012-08-01 13:30:00,14.987958356201068,15.04509800099641,14.807964878528487,14.907960891723633,1221200.0178094732
2012-08-02 13:30:00,14.747964122966495,15.059379364220565,14.696538127805942,14.819390296936035,766181.5617052991
2012-08-03 13:30:00,15.045098678873677,15.239377076498563,14.970816483371523,15.150808334350586,947138.7501578355
2012-08-06 13:30:00,15.185084101193686,15.322221132391023,15.185084101193686,15.202226638793944,336363.96825984324
2012-08-07 13:30:00,15.325087350158253,15.670787793182292,15.322231348522209,15.553650856018066,1195298.8405000004
2012-08-08 13:30:00,15.49365426508395,15.630791393877017,15.46508280381608,15.590792655944824,1447659.0870479324
2012-08-09 13:30:00,15.60222166491993,15.736502806857882,15.573651835283489,15.713644981384276,1049342.713029856
2012-08-10 13:30:00,15.653640650357396,15.793635368347168,15.653640650357396,15.793635368347168,743080.5806980532
2012-08-13 13:30:00,15.756496826098733,15.756496826098733,15.496507527700231,15.656500816345217,447318.3366224989
2012-08-14 13:30:00,15.77649934610261,15.7793553477852,15.470795999428908,15.536508560180664,1541812.974113034
2012-08-15 13:30:00,15.482230250013783,15.696507285870473,15.439373861960018,15.625081062316896,488619.7887767306
2012-08-16 13:30:00,15.613652983564656,15.902212230885713,15.613652983564656,15.870784759521484,885185.8947065821
2012-08-17 13:30:00,15.8593570769628,15.8593570769628,15.707936617834353,15.756505012512209,277911.2478455102
2012-08-20 13:30:00,15.713642549375852,15.713642549375852,15.545079599727195,15.650789260864258,1527462.4110766398
2012-08-21 13:30:00,15.699363447138486,15.86507043922091,15.605081037089578,15.659364700317385,648926.3421013622
2012-08-22 13:30:00,15.642220494472667,15.642220494472667,15.45079969219498,15.545082092285156,1250250.8839400744
2012-08-23 13:30:00,15.48508391414454,15.516509744248308,15.3622300564497,15.456512451171877,373465.22091735294
2012-08-24 13:30:00,15.47079452629944,15.579361815183574,15.35365759838006,15.533649444580078,358764.6876158046
2012-08-27 13:30:00,15.579364417335665,15.605078243146243,15.416515091612789,15.473654747009276,455368.5664668327
2012-08-28 13:30:00,15.453655671262462,15.536509149663804,15.402228021382836,15.450798034667969,444518.1391213663
2012-08-29 13:30:00,15.456510466149036,15.533650300141556,15.356516080399317,15.467939376831056,563873.0535762619
2012-08-30 13:30:00,15.367938659790653,15.393650840061497,15.205087767262668,15.230801582336426,781932.207731268
2012-08-31 13:30:00,15.356519434284934,15.490798946604132,15.216523013171024,15.41365909576416,806782.8085853376
2012-09-04 13:30:00,15.43936567537056,15.43936567537056,15.133665654970054,15.293657302856444,373815.337476948
2012-09-05 13:30:00,15.287945041547344,15.379369782740357,15.15937920359509,15.210806846618652,264260.8187232765
2012-09-06 13:30:00,15.327946450832078,15.75078677008078,15.319375175498244,15.673646926879885,1214899.5253425462
2012-09-07 13:30:00,15.645079715528004,15.656508630679989,15.536514013006435,15.630796432495115,2322344.039241302
2012-09-10 13:30:00,15.53079146326555,15.57935982908807,15.342226732462334,15.359369277954102,829534.0663846672
2012-09-11 13:30:00,15.390799193947704,15.519365036086333,15.347944458169287,15.459367752075195,440668.0264093458
2012-09-12 13:30:00,15.519363575201014,15.596503400183458,15.419367566327596,15.493651390075684,444868.2401026057
2012-09-13 13:30:00,15.467945426506684,15.690793741331891,15.350806811518089,15.630796432495115,1958329.2991040067
2012-09-14 13:30:00,15.736496539744644,15.999343445170616,15.71363872337424,15.836492538452148,597474.5578734518
2012-09-17 13:30:00,15.776500596082284,15.805070423992658,15.613649634346652,15.673646926879885,377665.3955184695
2012-09-18 13:30:00,15.619361001143266,15.65935973528217,15.570792627720587,15.607932090759276,598524.4858840251
2012-09-19 13:30:00,15.539368812404794,15.61365266813042,15.499370064676215,15.513656616210938,687777.9036134447
2012-09-20 13:30:00,15.430792164965329,15.459363615976793,15.28508381357774,15.362223625183104,1216650.095009088
2012-09-21 13:30:00,15.47936479056724,15.542219704748454,15.379368782043455,15.379368782043455,245360.06089875897
2012-09-24 13:30:00,15.256519302549636,15.270805850424727,15.093669985690775,15.159380912780762,788232.1810157839
2012-09-25 13:30:00,15.246905469006764,15.249775817839396,14.767660664744682,14.78200912475586,850600.9534801801
2012-09-26 13:30:00,14.655742633520092,14.704528719821129,14.480689091610904,14.67583179473877,1594571.6004932183
2012-09-27 13:30:00,14.796361460511193,15.040288628747223,14.693051864539504,15.008721351623535,992077.1324173
2012-09-28 13:30:00,14.925494684860972,14.988629219685748,14.859491443410652,14.888188362121582,407354.59240451065
2012-10-01 13:30:00,14.9714121449694,15.037417036137464,14.793488272625554,14.830796241760254,295497.56575321406
2012-10-02 13:30:00,14.90827804349116,14.925495210078028,14.810705889119044,14.90253734588623,498303.7182550117
2012-10-03 13:30:00,14.934100905213564,14.94271030740666,14.79922410236472,14.85661792755127,660339.7067316682
2012-10-04 13:30:00,14.89392729464968,14.951322773674232,14.779139620752376,14.934103965759276,511196.9135880913
2012-10-05 13:30:00,14.988627665313963,15.166551498607063,14.891057166569649,14.916885375976562,872205.8601585731
2012-10-08 13:30:00,14.813580129674436,14.853755171007696,14.718878299225173,14.753315925598145,933186.7181151512
2012-10-09 13:30:00,14.747574896777492,14.750445246269871,14.483560216151648,14.526605606079102,951655.3338869832
2012-10-10 13:30:00,14.523729940550725,14.523729940550725,14.311368515916064,14.325716972351074,908097.762083048
2012-10-11 13:30:00,14.495031324990435,14.495031324990435,14.354413825194436,14.36876392364502,597616.1429336311
2012-10-12 13:30:00,14.357289298683456,14.406075381435004,14.2683281805701,14.285545349121094,880568.777888151
2012-10-15 13:30:00,14.340068462418015,14.512251598422322,14.340068462418015,14.477815628051758,670793.5619247366
2012-10-16 13:30:00,14.51798926805178,14.819311779906364,14.51798926805178,14.807833671569824,723063.2591103873
2012-10-17 13:30:00,14.672957018556502,14.859490259467163,14.647128808529002,14.779138565063477,502136.881458084
2012-10-18 13:30:00,14.693053768753408,14.761927389019332,14.569653351774082,14.635658264160156,753379.1648443304
2012-10-19 13:30:00,14.632782878547072,14.632782878547072,14.196581840515137,14.196581840515137,1066300.3221441074
2012-10-22 13:30:00,14.285546280293886,14.34007306485947,14.142060013892475,14.233891487121582,528968.4676312068
2012-10-23 13:30:00,14.076056320336248,14.291286534279994,14.018660830315682,14.268328666687012,590995.0915778287
2012-10-24 13:30:00,14.423293717140396,14.423293717140396,14.027270893126088,14.038750648498535,770454.0602934766
2012-10-25 13:30:00,14.199451327068475,14.253976453512076,14.081791670840095,14.245367050170898,449867.25472724414
2012-10-26 13:30:00,14.242504185991775,14.377382719779826,14.20232913872241,14.291290283203123,463805.5781507249
2012-10-31 13:30:00,14.291286348260154,14.417555439416113,14.242500264481498,14.317112922668455,912278.991680378
2012-11-01 13:30:00,14.328590383502185,14.796357059995792,14.31711063065479,14.767660140991213,1102540.5621719167
2012-11-02 13:30:00,14.767661598177211,14.81357732994561,14.492165565490724,14.492165565490724,822026.8424534473
2012-11-05 14:30:00,14.4950289198173,14.793481032291536,14.460592958646384,14.744696617126465,323723.3171473782
2012-11-06 14:30:00,14.779140865116473,14.994371055947529,14.75331265106937,14.965672492980955,770454.1791265908
2012-11-07 14:30:00,14.764795191337932,14.80497187788141,14.492169434874896,14.561044692993164,1420687.8091834604
2012-11-08 14:30:00,14.638526146977036,14.644266846566444,14.394598960876465,14.394598960876465,758606.1675793243
2012-11-09 14:30:00,14.365893251396091,14.595471832367291,14.35728384935023,14.411808967590332,495864.600922837
2012-11-12 14:30:00,14.483556134772222,14.515123401987436,14.334329202670844,14.420421600341797,601449.128213729
2012-11-13 14:30:00,14.331457140515685,14.43763702788282,14.29414918466864,14.311367988586426,484365.2861878977
2012-11-14 14:30:00,14.406075004119876,14.451990736538912,14.053097605889011,14.078924179077148,940156.1634218716
2012-11-15 14:30:00,14.121970162847116,14.144928027363203,13.86369295548409,13.90386962890625,1044347.0087516078
2012-11-16 14:30:00,13.946917819059426,13.984224146762536,13.654203790410955,13.90674114227295,883356.505003506
2012-11-19 14:30:00,14.104750971108428,14.187973022460938,14.021528919755918,14.187973022460938,466593.4877121775
2012-11-20 14:30:00,14.12196657357842,14.15640254056224,13.992827181681248,14.124836921691896,1123100.1884212135
2012-11-21 14:30:00,14.14492733097368,14.187972709043622,14.101880310827822,14.176494598388672,462760.3923597853
2012-11-23 14:30:00,14.27693052497254,14.492160649892485,14.225275754772904,14.411808967590332,350555.0165343458
2012-11-26 14:30:00,14.397462822070578,14.509381782476671,14.365895556861622,14.472075462341309,269362.80744913814
2012-11-27 14:30:00,14.492164580351648,14.578256982084085,14.423290987380891,14.440509796142578,442549.4535322084
2012-11-28 14:30:00,14.368768843189208,14.615566318318647,14.23102164433689,14.592608451843262,538725.5047508868
2012-11-29 14:30:00,14.652877079745796,14.70740059230593,14.549565828308593,14.635658264160156,678807.8691566862
2012-11-30 14:30:00,14.655739375667682,14.698786395798498,14.57825638150813,14.615564346313477,358221.1472229672
2012-12-03 14:30:00,14.718875062300958,14.744703276400632,14.53808248983136,14.54669189453125,494122.1274435349
2012-12-04 14:30:00,14.540956420515773,14.68731306884044,14.495040673671824,14.635658264160156,789619.4206925313
2012-12-05 14:30:00,14.687305358298095,14.690175706747704,14.52373162233737,14.638519287109377,273544.3824594777
2012-12-06 14:30:00,14.612694669302384,14.799227933599669,14.612694669302384,14.78200912475586,786832.0167792899
2012-12-07 14:30:00,14.84227361891583,14.853751730330462,14.718874889790396,14.813576698303224,373205.0808846957
2012-12-10 14:30:00,14.810706254041367,14.948453442586112,14.810706254041367,14.911147117614746,506666.84509855823
2012-12-11 14:30:00,14.994367608028618,15.238294663659762,14.968539399920653,15.195247650146484,919248.5716394496
2012-12-12 14:30:00,15.23255925767896,15.269867229706742,15.11490121138782,15.137857437133787,1162824.646759814
2012-12-13 14:30:00,15.106290393577163,15.258386048422006,14.948454040756234,14.99437141418457,353342.61373559746
2012-12-14 14:30:00,14.977149778992525,15.011585749972385,14.827922859211077,14.87957763671875,512939.2756791789
2012-12-17 14:30:00,14.908278714362783,15.02019769155565,14.830795713969245,14.94271469116211,818890.6889536583
2012-12-18 14:30:00,15.005844875040005,15.232553112546787,14.954190103797728,15.223943710327148,1152719.6533684237
2012-12-19 14:30:00,15.20897208785662,15.364489210207555,15.20897208785662,15.243532180786133,1596560.0263563532
2012-12-20 14:30:00,15.249288701093889,15.252169257586855,15.099532721771858,15.214730262756348,629179.4968735037
2012-12-21 14:30:00,14.903700353817907,15.082257005548346,14.768342174381376,15.073616981506348,531260.6810409803
2012-12-24 14:30:00,15.050585164325431,15.07362469091564,14.955546499171984,15.00450611114502,276047.0754349117
2012-12-26 14:30:00,15.056337648628434,15.145616802692633,14.886421012868611,14.906579971313477,289589.1417917657
2012-12-27 14:30:00,14.892181212739178,14.897940679381517,14.661784419969043,14.828822135925291,562164.0879721569
2012-12-28 14:30:00,14.736668094685434,14.883545245553002,14.722268600196765,14.733787536621094,457995.2006978092
2012-12-31 14:30:00,14.733782310932602,15.024655951438104,14.702102775126823,14.98721694946289,544108.2138251058
2013-01-02 14:30:00,15.361606743474644,15.64095973968506,15.35584563070999,15.64095973968506,2338589.444924267
2013-01-03 14:30:00,15.626569514221485,15.658249061538818,15.482572920165303,15.534411430358888,581955.9891512137
2013-01-04 14:30:00,15.568968403095315,15.57184731268892,15.439371329729648,15.525768280029297,467370.4767361665
2013-01-07 14:30:00,15.482571104973877,15.534409609089858,15.373132981238538,15.471052169799805,743417.6126797141
2013-01-08 14:30:00,15.450890836533658,15.485449288350988,15.278093633698248,15.292494773864746,1057660.0441162998
2013-01-09 14:30:00,15.373128621811636,15.450887179893437,15.34432964412678,15.43936824798584,296881.0084480842
2013-01-10 14:30:00,15.61504448551474,15.684163021445215,15.540166483569031,15.664002418518066,662166.1720131335
2013-01-11 14:30:00,15.638085889087256,15.759042929617678,15.638085889087256,15.738883972167969,668763.4467918641
2013-01-14 14:30:00,15.666876470033523,15.750394460280358,15.586239035556142,15.712955474853516,970853.374789424
2013-01-15 14:30:00,15.66400302830924,15.66400302830924,15.554564930179987,15.626564025878906,505565.7624114773
2013-01-16 14:30:00,15.603530229528486,15.8425654691562,15.603530229528486,15.813766479492188,922934.9616594828
2013-01-17 14:30:00,15.91743694612575,16.14495315535583,15.87135957038944,16.11327362060547,2008026.7424250676
2013-01-18 14:30:00,16.026882696140035,16.098881822962692,15.972165271338143,16.04416275024414,1127452.8303107007
2013-01-22 14:30:00,16.052792347178,16.052792347178,15.908795835009435,15.98943328857422,527788.5480590161
2013-01-23 14:30:00,16.07007223533631,16.185269773545187,16.021112663629197,16.16798973083496,987867.3905819056
2013-01-24 14:30:00,15.95200459372561,16.165119767083144,15.908806106558536,16.015363693237305,691333.1057349807
2013-01-25 14:30:00,16.12768075506064,16.300476334058427,16.113279612887382,16.219837188720703,967033.096652746
2013-01-28 14:30:00,16.231351931274922,16.317750513637538,16.21119132823797,16.260150909423828,618068.0544121866
2013-01-29 14:30:00,16.2342393815367,16.2342393815367,16.10464062900542,16.15648078918457,713903.0226373445
2013-01-30 14:30:00,16.136320442760095,16.27167701809129,16.124801505586497,16.17375946044922,543760.7563609502
2013-01-31 14:30:00,16.20543531161654,16.271673305041364,16.104637218723983,16.13343620300293,654874.2148876991
2013-02-01 14:30:00,16.214071961883917,16.455987664059915,16.208312495810084,16.44734764099121,881962.2757213811
2013-02-04 14:30:00,16.32351147490915,16.47902860782397,16.191033856207042,16.19391441345215,1217385.6181336883
2013-02-05 14:30:00,16.283190498517644,16.48766555142396,16.271669918454073,16.44734764099121,561816.914219368
2013-02-06 14:30:00,16.346556761350485,16.50495285952654,16.346556761350485,16.487672805786133,465981.4382883312
2013-02-07 14:30:00,16.470388917625822,16.49918789899605,16.2601527282078,16.39838981628418,646193.5509002116
2013-02-08 14:30:00,16.43582797111635,16.63166465971497,16.43582797111635,16.599985122680664,862170.1611584648
2013-02-11 14:30:00,16.62878182066907,16.680620301785357,16.551023275036837,16.640300750732422,506607.5563454302
2013-02-12 14:30:00,16.61727083344723,16.697909982094465,16.594231312107524,16.669109344482422,1145161.587744899
2013-02-13 14:30:00,16.703659057617188,16.787178720675296,16.628782712359083,16.703659057617188,426744.7932567272
2013-02-14 14:30:00,16.648948309452848,16.885102961818145,16.631668258619296,16.876462936401367,643762.8404745999
2013-02-15 14:30:00,16.882215173717515,16.922533073904443,16.712296960434838,16.7842960357666,269102.73125370394
2013-02-19 14:30:00,16.80157692140401,16.988773537919617,16.795817456504523,16.977252960205078,613901.4257547212
2013-02-20 14:30:00,16.99166146530715,16.997419284788812,16.602868577411147,16.61438751220703,1058701.7167114927
2013-02-21 14:30:00,16.56542344758736,16.56542344758736,16.188152892166503,16.3033504486084,610776.2618642244
2013-02-22 14:30:00,16.455987291491738,16.65470287382524,16.409908268112495,16.64606285095215,722236.8405644292
2013-02-25 14:30:00,16.735340296220098,16.79293824566123,16.326388593108415,16.329267501831055,967728.0183744432
2013-02-26 14:30:00,16.430067328755797,16.479026909380213,16.306229746636532,16.43870735168457,467023.3386052542
2013-02-27 14:30:00,16.536627779337714,16.790062454220674,16.447350273199778,16.70942497253418,796890.9837977086
2013-02-28 14:30:00,16.720947265625,16.841905984328594,16.68350825075835,16.720947265625,620498.4322299932
2013-03-01 14:30:00,16.605740214291227,16.70941882162719,16.4329447326187,16.651819229125977,603484.5488765684
2013-03-04 14:30:00,16.602862592151496,16.637421031997263,16.487663398223777,16.605741500854492,541677.6888997726
2013-03-05 14:30:00,16.741103464352527,16.971498608906888,16.741103464352527,16.93117904663086,529871.7723047931
2013-03-06 14:30:00,16.98590008078454,17.04925916490657,16.911022062049184,16.95134162902832,611123.3358293807
2013-03-07 14:30:00,16.99165163361621,17.109728062576032,16.977250501579704,17.029088973999023,476051.4573516767
2013-03-08 14:30:00,17.09245911210677,17.129899772611857,16.905264049163325,17.052141189575195,642373.9056912722
2013-03-11 13:30:00,17.0377403155562,17.092459380326456,16.90814322443355,17.069419860839844,612164.9610606069
2013-03-12 13:30:00,17.049256587693264,17.15869468955812,17.006056469632924,17.141414642333984,1183704.4129333824
2013-03-13 13:30:00,17.144294882528015,17.245092968605892,17.04925791124943,17.193254470825195,836127.8982300959
2013-03-14 13:30:00,17.299813695865662,17.366053339130715,17.25949577587057,17.282533645629883,695847.2367530164
2013-03-15 13:30:00,17.296930383557473,17.296930383557473,16.957097172360136,17.000295639038086,859739.6191270531
2013-03-18 13:30:00,16.824615583869008,16.931173094777492,16.700778031214423,16.7842960357666,438897.8739415248
2013-03-19 13:30:00,16.853426113044467,16.8851056619999,16.568311820362165,16.71518898010254,1284053.18412935
2013-03-20 13:30:00,16.810218942364653,16.945575447139472,16.790058340944903,16.936935424804688,1126758.9873321927
2013-03-21 13:30:00,16.836144450976587,16.839023360741496,16.643186636326842,16.663347244262695,1943441.6067134344
2013-03-22 13:30:00,16.798700481265907,16.91965751337165,16.743981431523796,16.847660064697266,326742.7036668974
2013-03-25 13:30:00,16.9051659344138,16.965850880893893,16.72022070569704,16.830032348632812,492426.3998529429
2013-03-26 13:30:00,16.916729700189514,16.974525929778526,16.841596089910983,16.9600772857666,178560.74453734353
2013-03-27 13:30:00,16.873381063483922,17.017869133984185,16.769348528315824,16.9947509765625,304868.2968086711
2013-03-28 13:30:00,16.971633092506885,17.12478901273684,16.925395127882656,17.110342025756836,467164.85148895625
2013-04-01 13:30:00,17.15079723861473,17.15079723861473,16.717331416890406,16.760677337646484,324939.1138606977
2013-04-02 13:30:00,16.856038186922337,16.856038186922337,16.54972308434527,16.613298416137695,452284.85224082746
2013-04-03 13:30:00,16.616190158161338,16.659536076890582,16.223179886103303,16.278085708618164,1350971.6292114097
2013-04-04 13:30:00,16.28964361048623,16.497706971190087,16.20295013014114,16.491926193237305,404184.1846412412
2013-04-05 13:30:00,16.197168130815562,16.428351278816614,16.10758592178977,16.405231475830078,658183.5420865275
2013-04-08 13:30:00,16.43124631717074,16.60752372116604,16.275198335163683,16.604633331298828,349508.47660301806
2013-04-09 13:30:00,16.552609428179966,16.882044288845076,16.523712155555447,16.76356315612793,228045.7235603631
2013-04-10 13:30:00,16.806914683345703,17.145017482724054,16.806914683345703,17.139238357543945,612851.1094885686
2013-04-11 13:30:00,17.026533335918636,17.16813262601278,16.960069274151884,17.058320999145508,440865.3023271832
2013-04-12 13:30:00,16.942737297901473,17.014982167436052,16.795358822317308,16.98897361755371,261266.2203755088
2013-04-15 13:30:00,16.83291552396009,16.91960732261267,16.552605758197817,16.575725555419922,575132.1344316419
2013-04-16 13:30:00,16.70866364829208,16.92828697157434,16.653757817471515,16.91672706604004,243963.8459317301
2013-04-17 13:30:00,16.711553247724016,16.711553247724016,16.286756916552466,16.350332260131836,691403.9535092344
2013-04-18 13:30:00,16.53239185243319,16.62775489508874,16.162501243647714,16.211627960205078,1578324.5894082545
2013-04-19 13:30:00,16.21739988247182,16.3792269519185,16.08157970143755,16.332990646362305,651608.5337113233
2013-04-22 13:30:00,16.43991334257108,16.564173631377752,16.17405538900445,16.509267807006836,344317.80881788704
2013-04-23 13:30:00,16.650864032017076,16.8849359260812,16.621965103715187,16.850257873535156,421140.55394669104
2013-04-24 13:30:00,16.838702785639356,17.116122324699422,16.80402637671999,17.06699562072754,791065.7609542937
2013-04-25 13:30:00,17.165241803572968,17.335740017274265,17.119007157867838,17.234596252441406,580322.708538349
2013-04-26 13:30:00,17.139240481826008,17.139240481826008,17.009201054681586,17.06699562072754,2218513.8204190624
2013-04-29 13:30:00,17.10167076089198,17.31840365361152,17.07566221849097,17.27794647216797,458513.69745060505
2013-04-30 13:30:00,17.303950273070452,17.419541018323866,17.185470792648484,17.410871505737305,2244468.2055639867
2013-05-01 13:30:00,17.40798471692985,17.433993257597514,17.25482716903731,17.275054931640625,702131.5880219549
2013-05-02 13:30:00,17.41376162982908,17.538021885780815,17.289501373877343,17.503345489501953,954746.8198043891
2013-05-03 13:30:00,17.679623056228962,17.792323423106136,17.6391658782959,17.6391658782959,1179331.9369814217
2013-05-06 13:30:00,17.763429167372045,17.870350428018792,17.705632952850603,17.777877807617188,851278.1900727068
2013-05-07 13:30:00,17.870353783012757,17.870353783012757,17.699858803986714,17.792329788208008,736736.1489466736
2013-05-08 13:30:00,17.809662432323936,18.035064819396837,17.809662432323936,17.983049392700195,862005.8268529301
2013-05-09 13:30:00,18.00617040686818,18.19689477077517,17.95415331836011,18.115982055664062,1103893.2759682257
2013-05-10 13:30:00,18.13621057518024,18.28647776100952,18.133321839170247,18.27491950988769,402799.9121624252
2013-05-13 13:30:00,18.191113047983755,18.251797989037232,18.075522290372227,18.09864044189453,584821.2861343253
2013-05-14 13:30:00,18.153553959891877,18.214238926690257,18.072639568466474,18.182451248168945,177176.55116664592
2013-05-15 13:30:00,18.173777439797338,18.422298028798835,18.173777439797338,18.358722686767575,175100.30480221933
2013-05-16 13:30:00,18.38762017500425,18.45119551775046,18.214234830790268,18.228683471679688,366810.9110732567
2013-05-17 13:30:00,18.321152093106846,18.47720002628225,18.286474039716488,18.462751388549805,224931.26820092028
2013-05-20 13:30:00,18.46852915049867,18.52921408591443,18.39339557841635,18.428071975708008,1110122.4024922536
2013-05-21 13:30:00,18.442527096087023,18.482984285100944,18.39340204485825,18.425188064575195,1022225.8179802392
2013-05-22 13:30:00,18.49165040341262,18.610131558920347,18.04951510234016,18.133319854736328,1725049.6407835758
2013-05-23 13:30:00,17.873236515552477,18.15932382275384,17.821221092481455,18.136205673217773,1815022.4315474576
2013-05-24 13:30:00,18.087076940569386,18.13042449951172,17.95125844747744,18.13042449951172,861313.8880554589
2013-05-28 13:30:00,18.326928880466884,18.43674049747919,18.25179531242284,18.295141220092773,527377.3791553581
2013-05-29 13:30:00,18.199791795466005,18.422303910070863,18.17956236915736,18.3645076751709,248462.4085208891
2013-05-30 13:30:00,18.451181005309905,18.717040418483005,18.425172480040903,18.647686004638672,1158915.7616972823
2013-05-31 13:30:00,18.56100385940073,18.68526413311696,18.40206718444824,18.40206718444824,2031648.342777967
2013-06-03 13:30:00,18.48876388959632,18.630361561834345,18.26336145489093,18.46853446960449,612851.0625249991
2013-06-04 13:30:00,18.54655089382229,18.745944701645215,18.491645088929847,18.552330017089844,648840.3221770364
2013-06-05 13:30:00,18.50032179959437,18.523439955200782,18.257580338956608,18.269140243530277,403492.0113410628
2013-06-06 13:30:00,18.286477559112903,18.39917960078148,18.084194938386908,18.24313163757324,265764.89343316614
2013-06-07 13:30:00,18.34716429243879,18.537888663503388,18.23446224998263,18.5147705078125,344663.84376256814
2013-06-10 13:30:00,18.55234047951425,18.65348263466587,18.477206874044317,18.62747573852539,149146.67794779566
2013-06-11 13:30:00,18.47141534499393,18.48297359028649,18.196886350044352,18.208444595336918,1489737.5398694533
2013-06-12 13:30:00,18.376059427868302,18.413626219786654,17.980160437813687,17.997499465942383,405222.2973645364
2013-06-13 13:30:00,17.9917266726593,18.390516228907103,17.95127112712494,18.3645076751709,445709.7244775838
2013-06-14 13:30:00,18.40785076088408,18.45697746585215,18.260472299520927,18.289369583129883,193786.88414319183
2013-06-17 13:30:00,18.511877802353936,18.673706525485574,18.468531885934137,18.555225372314453,281337.0883882683
2013-06-18 13:30:00,18.639035373676258,18.875996114251357,18.639035373676258,18.861547470092773,773417.1705237083
2013-06-19 13:30:00,18.87887572841316,18.9424510492551,18.633245610840635,18.63902473449707,2954905.140399564
2013-06-20 13:30:00,18.40495074222777,18.413620253483057,18.01772139170592,18.049509048461918,445710.0667104083
2013-06-21 13:30:00,18.24023303232449,18.24023303232449,17.89924000938319,18.127531051635746,354699.4312002034
2013-06-24 13:30:00,17.997496889536908,17.997496889536908,17.60737708019198,17.740306854248047,799717.2188456547
2013-06-25 13:30:00,17.962826614040864,18.21423763412585,17.896362525011924,18.17378044128418,360928.03902482026
2013-06-26 13:30:00,18.41441540690608,18.44047823620584,18.159584929390736,18.2667293548584,288348.2801604298
2013-06-27 13:30:00,18.402836434895505,18.48391971035005,18.330442428588867,18.330442428588867,1978379.452482412
2013-06-28 13:30:00,18.353604087993656,18.512872517606613,18.19143923608164,18.39414405822754,691345.2068053052
2013-07-01 13:30:00,18.48102233911826,18.57658441093125,18.362295512069707,18.370983123779297,381931.8880619655
2013-07-02 13:30:00,18.353606829129184,18.57947974941767,18.27831640803049,18.39704322814941,1622001.9737181102
2013-07-03 13:30:00,18.336228437703504,18.562101318954745,18.336228437703504,18.48101806640625,244837.04452175248
2013-07-05 13:30:00,18.64318576211026,18.74164424909964,18.52156252170265,18.72137260437012,413011.36885937606
2013-07-08 13:30:00,18.793773389905844,18.802461003306018,18.29569460158137,18.347820281982425,2064020.2990225523
2013-07-09 13:30:00,18.527346139634023,18.58815772955104,18.47232407819576,18.54471969604492,267628.7376935842
2013-07-10 13:30:00,18.533146918115044,18.773500316434752,18.53025215211849,18.735855102539062,373989.3509446824
2013-07-11 13:30:00,19.03991130694258,19.15863811524953,18.947244015665767,19.1441593170166,496580.59830908536
2013-07-12 13:30:00,19.20497312194546,19.286056389684862,19.16443148807576,19.248411178588867,357413.6722206968
2013-07-15 13:30:00,19.29474234402111,19.29474234402111,19.216557156047845,19.248411178588867,1125076.0812512368
2013-07-16 13:30:00,19.27737093825319,19.393203007293067,19.236829299841077,19.32370376586914,180606.1155821244
2013-07-17 13:30:00,19.323699473703588,19.40478107552541,19.277366656379048,19.329490661621094,362248.2931690845
2013-07-18 13:30:00,19.257102592350535,19.33239137241633,19.10652006124068,19.16733169555664,443745.3894846576
2013-07-19 13:30:00,19.08334851944812,19.126784916008365,18.97041123720378,19.11809730529785,260722.0693021093
2013-07-22 13:30:00,19.149951193544656,19.149951193544656,19.013849159667046,19.08045196533203,314938.4487984988
2013-07-23 13:30:00,19.15573575799125,19.277360608052213,18.98777976213452,19.02542495727539,1189652.7755137396
2013-07-24 13:30:00,19.08045277965492,19.103619190047823,18.64897859321096,18.669248580932617,1013535.4251908676
2013-07-25 13:30:00,18.66345351589611,18.7821819658702,18.55341267513885,18.764806747436523,1181019.377906221
2013-07-26 13:30:00,18.62580835203245,18.62580835203245,18.51866393312576,18.61712074279785,323571.68270046933
2013-07-29 13:30:00,18.553418264101214,18.646083914339048,18.460752613863384,18.49839782714844,228606.60604003427
2013-07-30 13:30:00,18.556312965814755,18.761914236836777,18.556312965814755,18.72137260437012,159541.18094735095
2013-07-31 13:30:00,18.73005764690756,18.91538890477759,18.73005764690756,18.814037322998047,620207.7928023735
2013-08-01 13:30:00,18.99357789179271,19.152847995219556,18.958829105494704,19.141263961791992,208922.97999060337
2013-08-02 13:30:00,19.094933024134757,19.094933024134757,18.912498149856,19.037017822265625,103252.83447952484
2013-08-05 13:30:00,18.97040857655314,19.02253423350545,18.94434740506907,18.996471405029297,108432.76985813318
2013-08-06 13:30:00,18.94144590099811,18.94144590099811,18.79375989324093,18.880634307861328,901995.13012065
2013-08-07 13:30:00,18.82273303760688,18.82273303760688,18.59975482210297,18.675046920776367,428205.6413868795
2013-08-08 13:30:00,18.759019598500863,18.782187668107568,18.58237590944185,18.68372917175293,197872.48482107627
2013-08-09 13:30:00,18.64897881142066,18.68372759892043,18.562104357182637,18.58816719055176,118792.56633256214
2013-08-12 13:30:00,18.524457985471816,18.71558044721795,18.481019932580224,18.657665252685547,158159.88020842386
2013-08-13 13:30:00,18.779287853104517,18.9038075055381,18.59974777352639,18.877744674682617,266592.64550448983
2013-08-14 13:30:00,18.718478636964747,18.756123848363377,18.567896134377797,18.591062545776367,282822.99052710296
2013-08-15 13:30:00,18.350713474614576,18.39704630411324,18.159590967180748,18.17117500305176,345327.1668131462
2013-08-16 13:30:00,18.203024517632148,18.39125222931212,18.12773409575713,18.234878540039062,155397.24944583492
2013-08-19 13:30:00,18.19433387348192,18.284104737207937,18.0958770569041,18.104564666748047,699633.0663507798
2013-08-20 13:30:00,18.11324713060634,18.28120312122717,18.11324713060634,18.23197555541992,144001.516068011
2013-08-21 13:30:00,18.153796774731667,18.240671229919023,18.084297541980263,18.09298515319824,251052.89180244223
2013-08-22 13:30:00,18.150904078599304,18.330444214317,18.150904078599304,18.29279899597168,318046.3079474428
2013-08-23 13:30:00,18.321756601315347,18.38256823533415,18.20881928928664,18.29279899597168,196491.150078279
2013-08-26 13:30:00,18.287004706941502,18.37387917311313,18.252255914668428,18.25804710388184,128807.0382424608
2013-08-27 13:30:00,18.084296717538987,18.084296717538987,17.771549355919245,17.809194564819336,718280.6585352035
2013-08-28 13:30:00,17.85842247241529,18.098772506891265,17.85842247241529,18.04085731506348,152979.97861206805
2013-08-29 13:30:00,18.05823533601326,18.26383661867717,18.03217250145341,18.229087829589844,367773.4807098077
2013-08-30 13:30:00,18.237771304688803,18.237771304688803,18.011898427376654,18.072710037231445,295600.1604592148
2013-09-03 13:30:00,18.28989801889849,18.454959310848093,18.14221194862619,18.223295211791992,1010772.8285983574
2013-09-04 13:30:00,18.33623298254032,18.724270808075868,18.30437895807176,18.68372917175293,1208299.8680435356
2013-09-05 13:30:00,18.74164262789504,18.863265857781897,18.74164262789504,18.82562065124512,190275.32100910967
2013-09-06 13:30:00,18.880639597451214,18.89222362924208,18.60553914057155,18.738744735717773,324607.6511382412
2013-09-09 13:30:00,18.787973388491363,19.042803853075046,18.787973388491363,18.98778343200684,319427.75171678903
2013-09-10 13:30:00,19.092038922803766,19.364244689244277,19.092038922803766,19.35845184326172,180606.12225111935
2013-09-11 13:30:00,19.26578237624034,19.35265682185673,19.13547153631188,19.306324005126957,971750.915217573
2013-09-12 13:30:00,19.30054212683315,19.332394503830557,19.167334800234897,19.178918838500977,139512.1465475292
2013-09-13 13:30:00,19.170219946937856,19.271571522931367,19.09492788498237,19.2686767578125,117756.60880810142
2013-09-16 13:30:00,19.41636953194485,19.51192995382789,19.32370387618393,19.33238983154297,274535.107204802
2013-09-17 13:30:00,19.45111860127125,19.50903546544266,19.39899458341184,19.465599060058597,266247.2511214453
2013-09-18 13:30:00,19.491660972772078,19.6683046810933,19.393204122673684,19.639347076416016,372608.00670197
2013-09-19 13:30:00,19.685672714683847,19.700151511732766,19.517716680525822,19.58142471313477,125353.80523432672
2013-09-20 13:30:00,19.627756899203757,19.68857016978855,19.45400966850949,19.47428131103516,107051.45339942716
2013-09-23 13:30:00,19.610387151369864,19.610387151369864,19.315014979031435,19.39320182800293,775259.5681409509
2013-09-24 13:30:00,19.46039430634966,19.600020325458253,19.38185446254189,19.515663146972656,198358.25560202927
2013-09-25 13:30:00,19.530207001918843,19.640744681387737,19.413853652339057,19.53602600097656,115164.6736481626
2013-09-26 13:30:00,19.579656192821,19.646559693816297,19.45748385862384,19.52438735961914,104507.65649883622
2013-09-27 13:30:00,19.428391916602838,19.44584558102016,19.32658275793887,19.367305755615234,194920.54987735924
2013-09-30 13:30:00,19.204408465106997,19.44584527078469,19.128778139802563,19.38766860961914,468221.8574398788
2013-10-01 13:30:00,19.41966735322096,19.608744856061755,19.384761684781274,19.57383918762207,178763.0936408295
2013-10-02 13:30:00,19.43712196033413,19.5418422996676,19.41094312385576,19.53893280029297,111726.92811850963
2013-10-03 13:30:00,19.55347256531458,19.64364704426737,19.30039946139589,19.48947525024414,188388.848022401
2013-10-04 13:30:00,19.536023473888804,19.68728414035489,19.50984297493589,19.63783264160156,206265.11381251528
2013-10-07 13:30:00,19.463302461285828,19.664014641828874,19.419668293033,19.53893280029297,313179.1738952685
2013-10-08 13:30:00,19.56511439496309,19.600020067043307,19.154963177298384,19.227684020996094,1071203.3494020938
2013-10-09 13:30:00,19.25676850654604,19.25676850654604,18.96006288872978,19.157865524291992,1116238.2130592472
2013-10-10 13:30:00,19.34404449057132,19.61747757961487,19.34404449057132,19.585479736328125,1208369.3951520545
2013-10-11 13:30:00,19.50112269928232,19.68438292462831,19.44585384811281,19.6232967376709,227579.0990487312
2013-10-14 13:30:00,19.50694455955218,19.803650391712832,19.489490883666463,19.7774715423584,319710.74475091405
2013-10-15 13:30:00,19.751281801175686,19.815277473209893,19.582567451697663,19.60001945495605,319023.34380265576
2013-10-16 13:30:00,19.629108212050447,19.806549384149424,19.623290877999644,19.78618621826172,400498.0809087632
2013-10-17 13:30:00,19.66110591525152,19.93163108825684,19.59420074845593,19.93163108825684,133040.99428559944
2013-10-18 13:30:00,19.9519987079121,19.99854238770154,19.82109949789596,19.986906051635746,227922.87380491933
2013-10-21 13:30:00,20.01017331916692,20.059624825374453,19.96944864725916,20.036352157592773,216922.11199450464
2013-10-22 13:30:00,20.071262449633384,20.07417028517909,19.89672906689057,19.98981475830078,247174.2877384685
2013-10-23 13:30:00,19.68146901191734,19.687286346401,19.242227801169896,19.32949447631836,386059.49475943984
2013-10-24 13:30:00,19.50111961364746,19.582568959685567,19.45457760576097,19.50111961364746,289458.6581858752
2013-10-25 13:30:00,19.570931437845484,19.600019774890985,19.506935764766663,19.562206268310547,1234152.786160217
2013-10-28 13:30:00,19.6087420270322,19.722189178158512,19.559292198504195,19.696008682250977,133041.01388472883
2013-10-29 13:30:00,19.75709956766234,20.013080596923828,19.75709956766234,20.013080596923828,952257.158413658
2013-10-30 13:30:00,20.021808785359955,20.04798928930112,19.84145975089921,19.90254592895508,124102.81983151162
2013-10-31 13:30:00,19.93745184048917,20.13525621107304,19.934542340747665,20.033445358276367,477503.6418095464
2013-11-01 13:30:00,20.088713961381725,20.109075465907708,19.876365423581404,19.946178436279297,240298.8118240405
2013-11-04 14:30:00,19.998536255052432,19.998536255052432,19.899633254480374,19.93163108825684,266425.7637502315
2013-11-05 14:30:00,19.80364433605358,19.94908937132746,19.71346981234163,19.885093688964844,506036.9464302774
2013-11-06 14:30:00,19.9694478446719,20.013080349943664,19.84145816385737,19.92581367492676,179106.8540275001
2013-11-07 14:30:00,19.9403578608416,19.9403578608416,19.544750853176797,19.57383918762207,280520.5469440709
2013-11-08 14:30:00,19.59711037806113,19.792005216785785,19.56802037886059,19.78618621826172,207983.98193116023
2013-11-11 14:30:00,19.84436455218954,19.84436455218954,19.69601171481785,19.78618621826172,48128.524744400725
2013-11-12 14:30:00,19.701828140384688,19.908357620239254,19.701828140384688,19.908357620239254,414936.69252067
2013-11-13 14:30:00,19.79491161225009,20.085799931791648,19.792003777672747,20.068347930908203,200420.94261572915
2013-11-14 14:30:00,20.024718203636247,20.05089870747095,19.946178356605653,19.98399353027344,126509.24621527086
2013-11-15 14:30:00,20.02762707363486,20.143980426201416,19.91999889093203,20.111984252929688,121352.62314699114
2013-11-18 14:30:00,20.143977927721338,20.143977927721338,19.896723755237694,19.93163108825684,230329.36995181305
2013-11-19 14:30:00,19.96071294472025,19.97525710726696,19.687278361213,19.701824188232425,185982.432215524
2013-11-20 14:30:00,19.71056009133471,19.75419426721689,19.573843557342325,19.59711456298828,204546.1864832384
2013-11-21 14:30:00,19.664018842858685,19.96654192799173,19.664018842858685,19.951997756958008,142666.66234887447
2013-11-22 14:30:00,19.922911078413424,19.99272410388876,19.867642225186223,19.978179931640625,93850.59173292396
2013-11-25 14:30:00,19.983995599021675,19.98981459901411,19.809463882143294,19.951997756958008,85599.99740932469
2013-11-26 14:30:00,19.96653473893831,20.15561222324578,19.96653473893831,20.12070655822754,190451.46843150252
2013-11-27 14:30:00,20.056709411249667,20.199244888657745,19.998532752371563,20.175973892211918,1401915.4256358538
2013-11-29 14:30:00,20.181792982765725,20.274876976655406,20.178883483779256,20.20797348022461,134759.88204777476
2013-12-02 14:30:00,20.205071295409116,20.263247980413382,20.13525827471976,20.15852928161621,200764.6495582548
2013-12-03 14:30:00,20.109071834893825,20.295239835139263,20.109071834893825,20.22833633422852,782088.5488003648
2013-12-04 14:30:00,20.187611331980435,20.274877996761003,20.004351169493923,20.135251998901367,967727.1655051104
2013-12-05 14:30:00,20.15561073002621,20.26905787799524,20.14397439956681,20.175973892211918,171543.84438261183
2013-12-06 14:30:00,20.388319580996967,20.45813256652169,20.376684915645946,20.411590576171875,319710.9899573445
2013-12-09 14:30:00,20.501771679003944,20.542496346523304,20.434868175879707,20.45813751220703,218641.01124412596
2013-12-10 14:30:00,20.44358911527075,20.49595010459428,20.370866628636687,20.40286445617676,149886.0072710262
2013-12-11 14:30:00,20.42032824570063,20.4523260891084,20.187618170438498,20.22543334960937,369901.98129904777
2013-12-12 14:30:00,20.216707242610006,20.23706874907549,20.01890285555433,20.059627532958984,193201.6014038955
2013-12-13 14:30:00,20.123616681693083,20.126526180972668,19.978173342706107,20.018898010253903,157792.8051744777
2013-12-16 14:30:00,20.260339814757646,20.391239018358306,20.15270995320062,20.266157150268555,322804.8099428317
2013-12-17 14:30:00,20.283607418612345,20.52795211381738,20.283607418612345,20.47850227355957,190795.20721254047
2013-12-18 14:30:00,20.490134735246365,20.64139706817545,20.18179439995308,20.58612823486328,436594.4851599083
2013-12-19 14:30:00,20.594859763224797,20.594859763224797,20.42032639039866,20.50177574157715,220016.06834601145
2013-12-20 14:30:00,20.5163175372787,20.728664396788712,20.5163175372787,20.68503189086914,1040951.1438449398
2013-12-23 14:30:00,20.766445715870724,20.862749331794195,20.746018435152315,20.83940315246582,497211.50371014647
2013-12-24 14:30:00,20.868594524175226,20.959062052026987,20.865675624297324,20.886104583740234,88065.67949434236
2013-12-26 14:30:00,20.973647712847143,21.01158505205748,20.92987424526233,20.967811584472656,288526.54309420433
2013-12-27 14:30:00,20.985322952270508,21.040770354335883,20.97656792353903,20.985322952270508,1690038.845945045
2013-12-30 14:30:00,20.99407678846645,21.078708171446404,20.97656673199813,21.020341873168945,309429.27100088715
2013-12-31 14:30:00,21.10204984409789,21.224618553013,21.10204984409789,21.21878242492676,1013269.6319100298
2014-01-02 14:30:00,21.090377544441715,21.090377544441715,20.83940566889337,20.92695426940918,988940.1974033134
2014-01-03 14:30:00,20.92403554125885,20.92403554125885,20.783958447230305,20.86566925048828,488644.7366544724
2014-01-06 14:30:00,20.87151044806817,20.87151044806817,20.72559553230009,20.76353454589844,842278.0975176354
2014-01-07 14:30:00,20.80439249791276,20.93863517733709,20.778129077896025,20.906532287597656,450951.0969575526
2014-01-08 14:30:00,21.06995030469822,21.23920970815394,21.011584014283788,21.21878242492676,391326.993453248
2014-01-09 14:30:00,21.26547488613976,21.26547488613976,20.98240179953479,21.06119537353516,243637.0324680053
2014-01-10 14:30:00,21.075786839168835,21.189598853373106,21.05535788569707,21.15749931335449,178187.41915235016
2014-01-13 14:30:00,21.122479053336463,21.189598701768915,20.85107989075212,20.91819953918457,620229.2903332048
2014-01-14 14:30:00,20.97073171902717,21.40847313492322,20.97073171902717,21.367618560791016,437587.1074659464
2014-01-15 14:30:00,21.48434479417012,21.630258010934405,21.452241916058245,21.557300567626957,866950.3712274936
2014-01-16 14:30:00,21.493099922413787,21.56022124334648,21.405552987050587,21.446409225463867,687392.2139754245
2014-01-17 14:30:00,21.33843451781225,21.466839378599666,21.280069886436856,21.329679489135746,622970.5274170955
2014-01-21 14:30:00,21.41138911543798,21.458081482238654,21.282984271810747,21.446409225463867,583563.7788634835
2014-01-22 14:30:00,21.44348863907832,21.70905166309286,21.402632403879785,21.676950454711918,511946.18568556965
2014-01-23 14:30:00,21.560226814681556,21.57189907447255,21.34719220990959,21.46100425720215,326219.9494531827
2014-01-24 14:30:00,21.332598766232323,21.3676188815582,20.94738584690277,20.961977005004883,1286033.1947269333
2014-01-27 14:30:00,21.0057474652814,21.046603700767758,20.69057317703044,20.816059112548828,941994.6817505847
2014-01-28 14:30:00,20.816064172827524,20.94446736861941,20.70808826481927,20.900693893432617,568143.6168316742
2014-01-29 14:30:00,20.766450110344216,21.00574975148709,20.766450110344216,20.821897506713867,1052676.372275028
2014-01-30 14:30:00,21.005751311510224,21.145828427525803,20.938631652946864,21.08454322814941,1500543.454377738
2014-01-31 14:30:00,20.818983657064194,21.067036696457,20.804390828407776,20.988243103027344,599326.3919994067
2014-02-03 14:30:00,20.970730839724936,20.970730839724936,20.47462481309832,20.51839828491211,1985076.1314332725
2014-02-04 14:30:00,20.57968634879235,20.588441379054743,20.43377307407208,20.553422927856445,1084544.2035862762
2014-02-05 14:30:00,20.465869370163595,20.66431110885381,20.34330231568724,20.57968139648437,692532.1841704296
2014-02-06 14:30:00,20.61470574837044,20.93863517733709,20.61470574837044,20.906532287597656,520512.7023393028
2014-02-07 14:30:00,20.988237010638443,21.256718930305635,20.91819846679273,21.236289978027344,456091.2860524027
2014-02-10 14:30:00,21.26547498695626,21.37053197288769,21.25088216182903,21.34426689147949,396124.34345679206
2014-02-11 14:30:00,21.379290102233654,21.676954388649307,21.379290102233654,21.624425888061523,940966.5132309122
2014-02-12 14:30:00,21.682793656384668,21.837461950969224,21.682793656384668,21.814117431640625,466028.5042773903
2014-02-13 14:30:00,21.7148925508054,22.070921480223543,21.6740363066514,22.06216812133789,396809.6071472725
2014-02-14 14:30:00,22.035902615589915,22.23142713404971,21.98337411402113,22.205162048339844,1332636.089444163
2014-02-18 14:30:00,22.234342698200297,22.28103506366854,22.09718283098064,22.263525009155277,193607.483538872
2014-02-19 14:30:00,22.205169722524328,22.34232965772198,22.18182352821957,22.24310874938965,159683.26126466808
2014-02-20 14:30:00,22.251855434398887,22.41819596276937,22.210999192227703,22.39484977722168,325534.66760341293
2014-02-21 14:30:00,22.43861911015418,22.479475344789485,22.240177404526584,22.29854202270508,445811.242810408
2014-02-24 14:30:00,22.409450779544557,22.523264527747862,22.38318735292197,22.386104583740234,190866.03178422403
2014-02-25 14:30:00,22.33356648773637,22.403605045128465,22.16138815874942,22.26644515991211,277903.8027399279
2014-02-26 14:30:00,22.342321039726503,22.57578289272196,22.321893753783485,22.418195724487305,187782.1049924232
2014-02-27 14:30:00,22.412360251488096,22.45321649442062,22.26352810711679,22.4152774810791,224790.25049308373
2014-02-28 14:30:00,22.41819506847736,22.48239749363512,22.24309951877993,22.39776611328125,187096.77431771424
2014-03-03 14:30:00,22.21975689418517,22.30146939450063,22.06508859342868,22.25769424438477,307715.867751003
2014-03-04 14:30:00,22.5465965394102,22.68959420538804,22.5465965394102,22.651655197143555,1016353.6166708109
2014-03-05 14:30:00,22.686675490747493,22.75671403985547,22.613718042566,22.6954288482666,330332.0561384412
2014-03-06 14:30:00,22.76255386658623,22.873448671487942,22.68084304760934,22.85301971435547,488644.64265266206
2014-03-07 14:30:00,23.00184339612057,23.00184339612057,22.75670935958365,22.82674789428711,767576.7198455186
2014-03-10 13:30:00,22.835509061966334,22.87928420478784,22.68375968645435,22.788818359375,171676.6986996213
2014-03-11 13:30:00,22.83551056642708,22.8967957704148,22.59913145902155,22.663333892822266,203887.4830270102
2014-03-12 13:30:00,22.561187857641382,22.853014288798764,22.517412724072354,22.84425926208496,166536.71298026855
2014-03-13 13:30:00,22.91137789249534,22.94639632539698,22.35690573444114,22.473636627197266,888881.2429759058
2014-03-14 13:30:00,22.447371750693197,22.537839237043997,22.34231478119923,22.34523200988769,203887.5616211467
2014-03-17 13:30:00,22.4911506939968,22.701266338470504,22.4911506939968,22.622472763061523,171676.72445054003
2014-03-18 13:30:00,22.71002565358299,22.95807868307891,22.62539426412697,22.949323654174805,614746.4780704543
2014-03-19 13:30:00,22.95515745716845,23.083562308281152,22.794653063128436,22.92889404296875,896762.3724352285
2014-03-20 13:30:00,22.873450924340617,23.36372089604265,22.83259467590266,23.35204696655273,609606.4050912189
2014-03-21 13:30:00,23.424995657071666,23.4512607361948,23.09523023298908,23.14776039123535,452321.95402589615
2014-03-24 13:30:00,23.26157694459389,23.279087000767788,22.86761069978644,23.054378509521484,831312.7619831136
2014-03-25 13:30:00,23.16235736498,23.355473936594795,23.106762870641635,23.22672843933105,352356.0254387294
2014-03-26 13:30:00,23.475436286126087,23.49591775902105,22.963382720947266,22.963382720947266,437796.47204110894
2014-03-27 13:30:00,22.96923809301164,23.04238741305649,22.73223027779285,22.793676376342773,619271.768337446
2014-03-28 13:30:00,22.863899012184454,23.12431325084863,22.84926914927348,22.942901611328125,244017.70186407692
2014-03-31 13:30:00,23.13601908241885,23.39058339536138,23.095054460041357,23.317432403564453,793228.3796876087
2014-04-01 13:30:00,23.42569664297392,23.68903923034668,23.4198450319516,23.68903923034668,707446.192189151
2014-04-02 13:30:00,23.732925632827445,23.735852275085374,23.531030848322324,23.65392303466797,618246.538055011
2014-04-03 13:30:00,23.691964198717496,23.905563906698795,23.592480114215263,23.68903923034668,403962.0285833703
2014-04-04 13:30:00,23.87629787831817,23.87629787831817,22.986787940646742,23.01897430419922,1113800.8447312573
2014-04-07 13:30:00,22.96045856173734,23.150648457548314,22.682486138197422,22.81123161315918,908060.2538952838
2014-04-08 13:30:00,22.846341447452296,23.124312178430603,22.843414805293637,23.10968399047852,206423.9478447326
2014-04-09 13:30:00,23.21501892981328,23.364245863830558,23.100905003461413,23.352540969848636,198221.67807670665
2014-04-10 13:30:00,23.387653943999823,23.387653943999823,22.60640626736755,22.62981605529785,1485979.0646768385
2014-04-11 13:30:00,22.37524659942331,22.688330256386525,22.217241450249357,22.2757625579834,1332870.2143991971
2014-04-14 13:30:00,22.457177210546497,22.57421944201184,22.243579240108737,22.454252243041992,1459321.8045112782
2014-04-15 13:30:00,22.49521997406589,22.66785502912316,22.208469313513586,22.600557327270508,544426.0684834361
2014-04-16 13:30:00,22.662000991235605,22.67662917777861,22.237726655959925,22.562515258789062,672928.464334528
2014-04-17 13:30:00,22.702973228583243,23.080429819798752,22.67663846374928,22.986797332763672,403961.9701018163
2014-04-21 13:30:00,23.144793109784143,23.20038758551492,22.90485870415021,23.19453430175781,509566.4498245812
2014-04-22 13:30:00,23.24720607313625,23.463730713382137,23.197463202039582,23.402284622192383,707446.3101582399
2014-04-23 13:30:00,23.42861783106499,23.484210634255177,23.323280485783982,23.38180160522461,685915.3808146606
2014-04-24 13:30:00,23.563212796018952,23.57784433132318,23.21501775052008,23.513471603393555,282295.0248425696
2014-04-25 13:30:00,23.2764599842875,23.2764599842875,22.70003551879633,22.74392509460449,298357.8661911362
2014-04-28 13:30:00,22.87267378231345,22.92241497378134,22.290395951140415,22.615182876586918,1005804.2099815728
2014-04-29 13:30:00,22.72344935019252,22.82293341831353,22.618111997732303,22.770265579223636,245042.9967741306
2014-04-30 13:30:00,22.705891777726883,22.890231717291424,22.67663038024848,22.88437843322754,177374.227765366
2014-05-01 13:30:00,22.85804784509427,23.10090725754261,22.76441370694357,22.81123161315918,97402.02196468042
2014-05-02 13:30:00,22.814152559638767,22.986787593753032,22.77611458718176,22.890230178833008,75529.30052171169
2014-05-05 13:30:00,22.75270801163355,22.97215928424796,22.68833528115352,22.91071319580078,294940.1898148256
2014-05-06 13:30:00,22.913635182176503,23.02775076668499,22.799521271948134,22.82292938232422,253587.07916269283
2014-05-07 13:30:00,22.92534326998512,22.92534326998512,22.647370874098467,22.831710815429688,120300.0531310921
2014-05-08 13:30:00,22.831714181939084,23.30572813444865,22.74978660926314,22.98971939086914,158577.3193816697
2014-05-09 13:30:00,23.004351529792267,23.004351529792267,22.76149208167704,22.91657066345215,227613.1126370519
2014-05-12 13:30:00,23.04531010118555,23.361320490211178,23.03946016529749,23.334985733032227,193095.2448833615
2014-05-13 13:30:00,23.42569196419977,23.42569196419977,23.14772124193018,23.1506462097168,367051.8657797922
2014-05-14 13:30:00,23.153579918702132,23.156504887381505,22.94875844278784,22.95753669738769,117565.92485054246
2014-05-15 13:30:00,22.931194806209717,22.96630781369545,22.5244786237552,22.68833541870117,807582.4615379183
2014-05-16 13:30:00,22.78196864072672,22.954603693362078,22.726374159854284,22.93997383117676,232739.584330556
2014-05-19 13:30:00,22.92241089443993,23.22671629563046,22.92241089443993,23.171123504638672,438138.3712773315
2014-05-20 13:30:00,23.162349128753448,23.2472033243766,22.93704458865723,23.059938430786133,271358.6650641366
2014-05-21 13:30:00,23.147715396854785,23.232569578286384,23.06285954114325,23.171123504638672,156185.05122756667
2014-05-22 13:30:00,23.22380423845353,23.370104574859678,23.21209934091499,23.276472091674805,301091.8022792502
2014-05-23 13:30:00,23.29987244182918,23.510545458734462,23.247204606172936,23.498842239379883,266232.2272411862
2014-05-27 13:30:00,23.65685226708153,23.788522720336918,23.59833113547877,23.788522720336918,660624.8906654142
2014-05-28 13:30:00,23.82655411369289,23.879221945574677,23.70073530610627,23.823627471923828,290497.3162679111
2014-05-29 13:30:00,23.89678100971768,23.94652387944376,23.82363002616997,23.867521286010746,171906.04049001654
2014-05-30 13:30:00,23.90848872416713,23.93189516646956,23.806078004831463,23.89678382873535,250169.39720549388
2014-06-02 13:30:00,24.05186385225728,24.095755119940847,23.84704407542973,24.02845573425293,432328.2353128884
2014-06-03 13:30:00,24.040155675767227,24.27131016556444,23.975782945952197,24.25375366210937,383798.188393602
2014-06-04 13:30:00,24.21863733855448,24.39712395548467,24.177672730361326,24.362010955810547,725218.0976002744
2014-06-05 13:30:00,24.400063229685763,24.53758530962299,24.283022627309126,24.481990814208984,296990.66942960426
2014-06-06 13:30:00,24.57269074529495,24.64876669479546,24.54342934801909,24.62535858154297,379013.5259217491
2014-06-09 13:30:00,24.70436195132459,24.79214279735689,24.61950774739617,24.64876747131348,267941.0234098707
2014-06-10 13:30:00,24.66924669135062,24.736546059353685,24.56391102515137,24.72191619873047,226929.66299021308
2014-06-11 13:30:00,24.713143983272698,24.944300190704148,24.707292372450297,24.850666046142575,392000.3913835897
2014-06-12 13:30:00,24.833105567257768,24.935516267627023,24.678025358620715,24.76580619812012,988032.5973561382
2014-06-13 13:30:00,24.991106676415274,25.078887507509982,24.876992767988213,25.008663177490234,445998.8457292707
2014-06-16 13:30:00,24.982332444094308,25.20471036206468,24.976480834221498,25.157894134521484,867048.9575649156
2014-06-17 13:30:00,25.114006023939,25.377346900764767,25.114006023939,25.342235565185547,376621.1648100384
2014-06-18 13:30:00,25.37734136041051,25.37734136041051,25.052554461517897,25.236892700195312,795279.1668304185
2014-06-19 13:30:00,25.301270528103167,25.301270528103167,25.11107896781897,25.272010803222656,1031094.4400720552
2014-06-20 13:30:00,25.3276003518886,25.34808349609375,25.23104293735084,25.34808349609375,781266.8854125784
2014-06-23 13:30:00,25.38027439884533,25.38027439884533,25.22519584005684,25.25445556640625,1627468.1727304363
2014-06-24 13:30:00,25.319588072007672,25.42522158410993,24.999756023150137,25.049638748168945,1281420.488265449
2014-06-25 13:30:00,25.00269206376454,25.181680557520597,24.89705854671879,25.1552734375,494505.5961326624
2014-06-26 13:30:00,25.17288134395059,25.17288134395059,24.858917296074733,25.04377555847168,281503.4886651341
2014-06-27 13:30:00,24.98508347818761,25.09071530474778,24.95280662035323,25.076045989990234,541536.5112226526
2014-06-30 13:30:00,25.137665333375597,25.37240459592427,25.099518734097245,25.351863861083984,337395.3023839428
2014-07-01 13:30:00,25.44870593323191,25.797881793384285,25.431100060840205,25.698116302490234,348641.6549607243
2014-07-02 13:30:00,25.78027120244617,25.80374513500922,25.68637547219396,25.765600204467773,506433.6208169688
2014-07-03 13:30:00,25.850694920237856,25.970997784191628,25.850694920237856,25.926984786987305,359888.1990982702
2014-07-07 13:30:00,25.944588712545617,25.944588712545617,25.71571745046623,25.753862380981445,531653.0612501843
2014-07-08 13:30:00,25.72158338631573,25.75092537982534,25.37240929818265,25.615951538085938,597428.1368334617
2014-07-09 13:30:00,25.598344858914164,25.78613629780341,25.49564620589812,25.771465301513672,434864.989597881
2014-07-10 13:30:00,25.39881278058316,25.747988497660263,25.313720004208022,25.65409278869629,535061.2146363162
2014-07-11 13:30:00,25.657032843433356,25.70691389953201,25.54846443889238,25.65116310119629,394990.969719741
2014-07-14 13:30:00,25.794945806933605,25.86830248607001,25.701050063553403,25.77733993530273,1065009.9890859986
2014-07-15 13:30:00,25.78906599967837,25.865355836689155,25.463364238768765,25.701038360595703,493824.05660188326
2014-07-16 13:30:00,25.900572135477194,26.01500859759772,25.85069108184976,26.000337600708008,350004.95772159897
2014-07-17 13:30:00,25.730387554018545,25.73919048829115,25.2902509143166,25.32839584350586,1261994.457848691
2014-07-18 13:30:00,25.428161071115717,25.68343944664472,25.395884205418707,25.65996551513672,687740.9776193225
2014-07-21 13:30:00,25.60421711424428,25.78907539153829,25.566072181847275,25.73625946044922,403851.8246804393
2014-07-22 13:30:00,25.83895350259715,25.94752190270751,25.78613757753534,25.903507232666016,388856.5270426153
2014-07-23 13:30:00,25.777332592314654,25.777332592314654,25.296117884065183,25.31078720092773,905855.15436082
2014-07-24 13:30:00,25.29904744549925,25.301982315843333,25.064308187601544,25.076045989990234,1046947.8681409622
2014-07-25 13:30:00,24.891189025219663,24.9234658846752,24.524409126205963,24.580158233642575,2510698.0980488835
2014-07-28 13:30:00,24.588965402092366,24.600703207092685,24.260330367915216,24.556690216064453,2046864.4195962057
2014-07-29 13:30:00,24.63591372261705,24.750348501014027,24.50973946081336,24.51267433166504,656387.1241168776
2014-07-30 13:30:00,24.72394405414513,24.8266427251962,24.603641191847625,24.75035285949707,1952120.8644088656
2014-07-31 13:30:00,24.47159771446102,24.547889255626707,24.142962653862742,24.24859619140625,2789815.3166366294
2014-08-01 13:30:00,24.21044279160169,24.459854727830844,24.11948195674484,24.32781410217285,667292.9296238015
2014-08-04 13:30:00,24.392374708319053,24.50387631723613,24.198715167928714,24.433454513549805,818609.3227512179
2014-08-05 13:30:00,24.3542316922422,24.4451925599414,24.090148666588703,24.175241470336918,1413310.9193060335
2014-08-06 13:30:00,24.08427950342034,24.42758557421416,24.04613457099749,24.25446510314941,976742.0495780032
2014-08-07 13:30:00,24.40410500164248,24.41877599635341,23.87300760556073,23.928756713867188,998553.727773013
2014-08-08 13:30:00,24.019719443992116,24.236852854013733,23.98450939217216,24.225116729736328,741247.2145758054
2014-08-11 13:30:00,24.33661800397506,24.5801585300992,24.327815071382137,24.4451847076416,1630403.088937329
2014-08-12 13:30:00,24.42758178710937,24.477464518153216,24.21924960826784,24.42758178710937,223566.95180044053
2014-08-13 13:30:00,24.465729966673795,24.65938949584961,24.465729966673795,24.65938949584961,462810.7929522574
2014-08-14 13:30:00,24.65938552990619,24.7444799931952,24.61537254185011,24.706335067749023,533016.3450597476
2014-08-15 13:30:00,24.899994695324512,25.052574397903022,24.679926395923445,24.96748161315918,707166.822407167
2014-08-18 13:30:00,25.055516674539174,25.0701876749706,24.882396183066977,25.064319610595703,554827.5887186606
2014-08-19 13:30:00,25.12886661155564,25.281446318283532,25.10245781047369,25.24330139160156,809066.9834889338
2014-08-20 13:30:00,25.20808986349456,25.483908946840632,25.20808986349456,25.454566955566406,298543.6895246676
2014-08-21 13:30:00,25.44283060649561,25.566068320084405,25.395882746177225,25.5513973236084,465196.4759126239
2014-08-22 13:30:00,25.53672909884087,25.674639502862128,25.46337242951092,25.569005966186523,530971.4511399518
2014-08-25 13:30:00,25.727452672568862,25.727452672568862,25.431092834811324,25.47804069519043,281503.5081369124
2014-08-26 13:30:00,25.504446217210614,25.574867998725264,25.454565171338388,25.480972290039062,173809.6944406352
2014-08-27 13:30:00,25.492713753706557,25.54846455228973,25.37534577225321,25.527925491333008,405215.06549805606
2014-08-28 13:30:00,25.395878377806184,25.624749577236944,25.360666649130238,25.610076904296875,235835.90967372147
2014-08-29 13:30:00,25.753858725874995,25.880031305281147,25.70104280488735,25.803741455078125,273665.0440858886
2014-09-02 13:30:00,25.841893090564927,25.89471070425562,25.5719419949957,25.686378479003903,243333.4878436719
2014-09-03 13:30:00,25.7861359680343,25.86242581936044,25.70104318324932,25.75679397583008,270597.8104674045
2014-09-04 13:30:00,25.82428444814573,26.01501078170048,25.7626655844405,25.83015251159668,307404.52323248424
2014-09-05 13:30:00,25.847757189812626,26.047286448843074,25.80374419747657,26.04435157775879,505752.03270424536
2014-09-08 13:30:00,26.015006262681904,26.25268042053452,26.009138200250288,26.108901977539062,538810.0173546073
2014-09-09 13:30:00,26.114776621518345,26.13531568337874,25.833087745077243,25.86829948425293,216410.05489499343
2014-09-10 13:30:00,25.8418931064201,25.90351197677542,25.70104949446843,25.859498977661133,184374.53339307744
2014-09-11 13:30:00,25.777338245909096,25.926984786987305,25.67170638102343,25.926984786987305,284911.49095279723
2014-09-12 13:30:00,25.894709352466165,25.894709352466165,25.55140159735164,25.604217529296875,709552.3083162197
2014-09-15 13:30:00,25.657028558613053,25.665831491510477,25.278510838962934,25.290246963500977,741247.198114119
2014-09-16 13:30:00,25.249162822659144,25.76559083014176,25.23742670014164,25.730379104614254,1890777.0865052517
2014-09-17 13:30:00,25.777338456304967,26.05902567028351,25.753864521806754,25.91524887084961,504388.7597708819
2014-09-18 13:30:00,26.02381179914312,26.31136703491211,26.00033786808059,26.31136703491211,403851.87014117127
2014-09-19 13:30:00,26.43460139690177,26.44046945880264,25.935779197598936,25.98272705078125,385107.763870651
2014-09-22 13:30:00,25.88883816607894,25.95045702974373,25.618887099655183,25.66876983642578,358525.00959292985
2014-09-23 13:30:00,25.54846228135149,25.78320326035684,25.48684342497041,25.58660888671875,718754.1203519827
2014-09-24 13:30:00,25.63368459235441,25.916149158062726,25.63368459235441,25.90732192993164,372832.2499587349
2014-09-25 13:30:00,25.854358825241583,25.872011596912923,25.35415992154681,25.433603286743164,575392.0089664932
2014-09-26 13:30:00,25.63074250719147,25.79551350954672,25.545414877138786,25.73372459411621,938368.1007980872
2014-09-29 13:30:00,25.474806133935815,25.848482705761228,25.424785719474176,25.766098022460938,369093.6115241735
2014-09-30 13:30:00,25.804343655804992,25.804343655804992,25.460088442360064,25.554244995117188,420073.466656874
2014-10-01 13:30:00,25.504222086171016,25.504222086171016,24.86573381115997,24.930465698242188,1899507.1485372216
2014-10-02 13:30:00,24.92458406711666,24.92458406711666,24.3331731597257,24.7774658203125,662057.5300403493
2014-10-03 13:30:00,24.986370425112185,25.101121029563195,24.801001991926142,24.933408737182617,554660.1642390501
2014-10-06 13:30:00,24.97754805580007,25.02168252372394,24.553851102691624,24.71567916870117,487026.8754436403
2014-10-07 13:30:00,24.63329326053284,24.68625495611855,24.244903564453125,24.244903564453125,1428113.7703488043
2014-10-08 13:30:00,24.297862266615493,24.845138665651472,24.044820653648276,24.79217529296875,497562.78376149386
2014-10-09 13:30:00,24.74216037472053,24.745101662351257,24.10661327389157,24.121326446533203,1480792.8387267266
2014-10-10 13:30:00,23.45047127586011,23.456355534534563,22.255879216604992,22.45890045166016,4476365.198898813
2014-10-13 13:30:00,22.470669477374635,22.75019111144404,21.967529189152213,21.982240676879883,5013012.689777246
2014-10-14 13:30:00,22.37651237197924,22.803150524295017,22.194086911874383,22.379453659057617,3433999.00212038
2014-10-15 13:30:00,21.9498776807758,22.65604097197428,21.82041387757576,22.48538398742676,2248548.304923217
2014-10-16 13:30:00,22.17643768611562,22.98852437786121,22.17055342694915,22.83258056640625,1121895.0942239014
2014-10-17 13:30:00,23.241565184838716,23.39162473159382,22.96498481074848,23.000293731689453,1770697.8662348704
2014-10-20 13:30:00,23.00911511177618,23.388677497276493,22.84728540464585,23.365137100219727,670554.2760725844
2014-10-21 13:30:00,23.64172433230172,24.239019571212054,23.62406987114622,24.227251052856445,1230991.8277645896
2014-10-22 13:30:00,24.412615594076424,24.444979856150457,23.868282142720368,23.880050659179688,2275398.016249809
2014-10-23 13:30:00,24.19488503448694,24.353771817199267,24.12132758591425,24.224308013916016,803781.2481447601
2014-10-24 13:30:00,24.230187128186053,24.527363177363,24.21253267205513,24.465574264526367,707939.4552758879
2014-10-27 13:30:00,24.447922917096072,24.61857819173724,24.26255615501568,24.5803279876709,1532112.6541426354
2014-10-28 13:30:00,24.709790034914043,24.93929124318822,24.62740369069637,24.930465698242188,1462440.375765909
2014-10-29 13:30:00,24.88927592187821,25.04521971940018,24.695081917758586,24.980487823486328,2111922.6714270557
2014-10-30 13:30:00,24.86279767026608,24.88927767782852,24.368482869887902,24.67742919921875,1297265.572596552
2014-10-31 13:30:00,25.36298598614136,25.766087050862204,25.36298598614136,25.642507553100582,2539134.020149718
2014-11-03 14:30:00,25.68076643586217,25.957348493337044,25.64251622729029,25.81905746459961,1891350.0257302008
2014-11-04 14:30:00,25.72195250682505,25.87789795291848,25.533642803670865,25.72489547729492,611417.7244678568
2014-11-05 14:30:00,25.91909949914712,26.016197358885915,25.69548248165774,25.98383140563965,864277.1927512941
2014-11-06 14:30:00,25.83082428343728,25.92203786737549,25.59838007601204,25.76020812988281,1107960.7348504728
2014-11-07 14:30:00,25.730780748260266,25.81316708844655,25.321795385157845,25.527759552001957,504360.12638470496
2014-11-10 14:30:00,25.59837660188643,25.75726334672588,25.489510257051005,25.7160701751709,369433.5835071311
2014-11-11 14:30:00,25.75726183987665,25.75726183987665,25.55718193518728,25.66604995727539,604620.4080109973
2014-11-12 14:30:00,25.5660110712744,25.648397415713628,25.489510668310626,25.62779998779297,288545.6369245572
2014-11-13 14:30:00,25.71018448738577,25.886725679303915,25.539527552899145,25.63074111938477,211396.22973547183
2014-11-14 14:30:00,25.586609384533347,25.87201526196501,25.4483183766442,25.85436248779297,314375.3885982077
2014-11-17 14:30:00,25.733726569493463,25.810226976982463,25.52776237983372,25.736669540405277,979831.592515378
2014-11-18 14:30:00,25.78080323769141,26.310425183447588,25.78080323769141,26.239809036254883,517614.8316552687
2014-11-19 14:30:00,26.28394427039384,26.28394427039384,25.93969075315119,26.060325622558597,822134.1043507205
2014-11-20 14:30:00,25.94263085527369,26.328079213176046,25.830821536463983,26.29865455627441,737847.5494356751
2014-11-21 14:30:00,26.57817838634902,26.66644730795905,26.378098460065075,26.58700561523437,1236769.7736276735
2014-11-24 14:30:00,26.639971536843746,26.857704271864787,26.59877835670889,26.842992782592773,603940.5162440876
2014-11-25 14:30:00,26.92243439463014,26.931261624335143,26.79002931629897,26.848876953125,691625.791600552
2014-11-26 14:30:00,26.860642295467656,27.42263017369998,26.860642295467656,27.41674423217773,625692.0063071029
2014-11-28 14:30:00,27.472652462426623,27.569750306704677,27.325535894059644,27.49324989318848,378270.0230831973
2014-12-01 14:30:00,27.37260919457802,27.516782770016444,27.046008475479383,27.14604759216309,1053922.299034727
2014-12-02 14:30:00,27.08425605137616,27.32552911665781,26.972448429976577,27.31670188903809,610398.1401245191
2014-12-03 14:30:00,27.449113399532926,27.91694647180965,27.43734319872793,27.890464782714844,1200404.0775411492
2014-12-04 14:30:00,27.972852920072267,28.093489488807023,27.758061473385126,27.914005279541016,839467.1241733333
2014-12-05 14:30:00,28.002276398415088,28.19941338809988,27.94931469952692,28.19352912902832,410217.3282547428
2014-12-08 14:30:00,28.143501148936576,28.25530877571487,27.62564945022522,27.79630470275879,1368977.500079083
2014-12-09 14:30:00,27.40203474356618,27.85221333640356,27.32553433441635,27.793367385864254,731729.9246918468
2014-12-10 14:30:00,27.6491910396278,27.796307593885345,27.213723951334465,27.263744354248047,756200.2534410462
2014-12-11 14:30:00,27.384378413998025,27.72274934096816,27.33141672540674,27.393205642700195,2087792.4916353507
2014-12-12 14:30:00,27.151942496615035,27.33142504520308,26.913612299972986,26.940093994140625,1346545.878866934
2014-12-15 14:30:00,27.069549599115625,27.337301013138603,26.60171657912099,26.689987182617188,1242547.507910963
2014-12-16 14:30:00,26.57523390275364,27.07248987751128,26.46931052940245,26.50756072998047,969635.71448616
2014-12-17 14:30:00,26.55463905915228,27.146049949377478,26.37221526689474,27.07837677001953,920015.2904711096
2014-12-18 14:30:00,27.525611653110904,27.593286514282227,27.33730192397641,27.593286514282227,710998.1673800112
2014-12-19 14:30:00,27.746294841765117,27.746294841765117,27.39615697568797,27.596235275268555,654240.4883063924
2014-12-22 14:30:00,27.660961761288178,27.96696509402539,27.62565452624484,27.934600830078125,427890.3564823059
2014-12-23 14:30:00,28.055237994370305,28.16410604671607,27.86398694808081,27.8728141784668,1113058.6205164555
2014-12-24 14:30:00,27.970994234471043,28.033283559469552,27.90573980182206,27.91463851928711,228577.49586445387
2014-12-26 14:30:00,27.98583024136153,28.06888211986037,27.917607297578414,27.95023536682129,225880.38656820235
2014-12-29 14:30:00,27.93539619421873,27.941328105742876,27.775222702271225,27.870140075683597,229926.07572690357
2014-12-30 14:30:00,27.680308302242707,27.825651182364144,27.680308302242707,27.69513893127441,407596.18136876496
2014-12-31 14:30:00,27.736665841148177,27.9353993261682,27.534965551405204,27.55276298522949,326009.51656987466
2015-01-02 14:30:00,27.67437270696953,27.831579390491417,27.27097388032168,27.529029846191406,745068.3876827911
2015-01-05 14:30:00,27.41334924418107,27.46377303545279,27.00105001500752,27.00994873046875,696183.8277996344
2015-01-06 14:30:00,27.02774562082395,27.054441766673698,26.33069599711457,26.40781593322754,1262907.8310395707
2015-01-07 14:30:00,26.55909050869492,26.78748520847785,26.40188383341276,26.66883850097656,810472.6234702641
2015-01-08 14:30:00,26.938762449383788,27.50530159057392,26.938762449383788,27.4608097076416,711354.8578619169
2015-01-09 14:30:00,27.57055862849993,27.58538925663811,27.146395535270475,27.47564125061035,473000.3944700607
2015-01-12 14:30:00,27.356996759338507,27.356996759338507,26.817153704250632,26.947664260864254,643253.5132195672
2015-01-13 14:30:00,27.14342647717631,27.475638969464747,26.54722611033524,26.683671951293945,585266.3955621219
2015-01-14 14:30:00,26.425609630773167,26.79638032983076,26.259504262549022,26.53239250183105,1395402.0958598882
2015-01-15 14:30:00,26.740031651237054,26.885374532257853,26.301039597960703,26.321802139282227,745068.2839131738
2015-01-16 14:30:00,26.22984855781804,26.64511121751884,26.117133752671737,26.60951805114746,985445.6303758046
2015-01-20 14:30:00,26.745961005132017,26.983254427865205,26.5412956401817,26.8853702545166,444343.9612868541
2015-01-21 14:30:00,26.834947305891557,27.309534166265315,26.719265697890144,27.190887451171875,487160.093999266
2015-01-22 14:30:00,27.167162638170375,27.37775995610632,26.662912741999207,27.35403060913086,1541043.8881377608
2015-01-23 14:30:00,27.23240952189524,27.407413619493653,27.149357679127487,27.282835006713867,634488.164796254
2015-01-26 14:30:00,27.22351370110591,27.3955527102284,27.02181513490228,27.3332633972168,397482.1821315122
2015-01-27 14:30:00,26.983251607985014,27.098931503007176,26.680702101303982,26.8468074798584,1192109.568519222
2015-01-28 14:30:00,27.217581174211645,27.43411205994411,26.701467553028145,26.71926498413086,1062986.724852394
2015-01-29 14:30:00,26.630283364170165,26.82011813060997,26.23875000701641,26.7370662689209,739674.1319951607
2015-01-30 14:30:00,26.434516123296856,26.78748949816641,26.173493324994418,26.212053298950195,1636453.1964797222
2015-02-02 14:30:00,26.25951280353859,26.363328904602216,25.731535278556663,26.280275344848636,1042084.19314446
2015-02-03 14:30:00,26.392985218650637,26.7578240577628,26.354425250722997,26.745960235595703,709332.1103539675
2015-02-04 14:30:00,26.67477019066968,27.0366421982063,26.66587147609009,26.8468074798584,1132773.798140437
2015-02-05 14:30:00,26.956560985329595,27.119701290608425,26.81121811285512,27.10783576965332,785524.5265144386
2015-02-06 14:30:00,27.146399764418756,27.371829420654592,26.89130884728563,26.959531784057617,1130750.58866711
2015-02-09 14:30:00,26.92096654685813,26.92096654685813,26.6065531495236,26.674776077270508,1711971.4516528647
2015-02-10 14:30:00,27.00402120097364,27.585391026475467,26.929866358268512,27.576492309570312,1414955.472718817
2015-02-11 14:30:00,27.579459085700528,27.763361941284035,27.48750680928042,27.665477752685547,1085237.4723382348
2015-02-12 14:30:00,27.74852636683277,28.11633203494608,27.74852636683277,28.1074333190918,1051186.9632929096
2015-02-13 14:30:00,28.234983375997476,28.38922498064338,28.06294603398444,28.306171417236328,828340.5855469588
2015-02-17 14:30:00,28.294305659119267,28.427783015165197,28.20828699398997,28.39515495300293,2689662.8583715223
2015-02-18 14:30:00,28.36252231306649,28.404049085230188,28.20828244111045,28.32099723815918,515479.46530657023
2015-02-19 14:30:00,28.27947415650169,28.481174435292942,28.23794737891869,28.398120880126957,732257.1959018307
2015-02-20 14:30:00,28.32100349628958,28.5879582242837,28.252780563247534,28.56719398498535,2138447.041159312
2015-02-23 14:30:00,28.534560444970605,28.534560444970605,28.288370003519876,28.389219284057617,756530.9918411742
2015-02-24 14:30:00,28.38922297189059,28.7807580196286,28.19642140403957,28.76889419555664,946675.0218952416
2015-02-25 14:30:00,28.706599542419426,28.774822466623128,28.534562224200297,28.620582580566406,435915.5576901905
2015-02-26 14:30:00,28.757028419041685,28.878643654046208,28.66507783747464,28.81635093688965,332077.93796519435
2015-02-27 14:30:00,28.81041625804163,28.87270557103384,28.641345750564646,28.730329513549805,393436.56207970186
2015-03-02 14:30:00,28.973561509921076,29.53416542279314,28.9705947050779,29.51933479309082,972971.4857230252
2015-03-03 14:30:00,29.41551531767056,29.41551531767056,28.934994851263667,28.973556518554688,1339774.54967872
2015-03-04 14:30:00,28.893476286821024,28.943901788293413,28.608724107991467,28.935001373291016,640219.2492106602
2015-03-05 14:30:00,29.03585049811674,29.118900665684816,28.83118509497843,28.95279693603516,824294.9792366126
2015-03-06 14:30:00,28.857873136589333,28.905331819445152,28.57312103945442,28.653207778930664,722143.2465749951
2015-03-09 13:30:00,28.62948791868268,28.810425702817312,28.599826654630597,28.742202758789062,584254.7888300846
2015-03-10 13:30:00,28.5553266410423,28.62354956567661,28.205318393503056,28.21125030517578,1292912.7248185023
2015-03-11 13:30:00,28.353631072789767,28.564228398790863,28.26464559390975,28.27354431152344,400179.17855321424
2015-03-12 13:30:00,27.976927350377444,28.27354334011068,27.95616480816342,28.26464462280273,1318534.811368845
2015-03-13 13:30:00,28.332865685360872,28.50490301593539,28.148962833407072,28.454479217529297,605831.5552291266
2015-03-16 13:30:00,28.608716599563486,28.893468703659156,28.570154933701165,28.887535095214844,738999.9802976325
2015-03-17 13:30:00,28.67693901062012,28.727364503933853,28.516765511629742,28.67693901062012,494239.9005784845
2015-03-18 13:30:00,28.668042020934227,29.029914099037008,28.303203138307627,28.890504837036133,524244.9144695514
2015-03-19 13:30:00,28.860849281425214,29.026953027922943,28.81932079891539,28.955766677856445,318255.37074536
2015-03-20 13:30:00,29.16635576326503,29.45703806911214,29.1277940990185,29.365087509155277,519525.0991587751
2015-03-23 13:30:00,29.373992235825465,29.4066203004392,29.11000430855272,29.12186813354492,450749.4323709482
2015-03-24 13:30:00,29.14263079671641,29.14263079671641,28.85491184050964,28.872709274291992,652019.0346762023
2015-03-25 13:30:00,28.85158839269327,28.88430349822589,27.49838039922812,27.531095504760746,1299223.5588988753
2015-03-26 13:30:00,26.89165847337686,27.328848478810905,26.552613753455105,27.153377532958984,1592087.3446828118
2015-03-27 13:30:00,27.165285619387724,28.027770506792542,27.10283012234393,27.923677444458008,1306284.4453935912
2015-03-30 13:30:00,28.10509425760291,28.35491793031293,27.941520429105733,28.28056526184082,1429347.6346955427
2015-03-31 13:30:00,28.158628343111992,28.21513610097064,27.91772881957048,27.96233940124512,458292.3438023416
2015-04-01 13:30:00,27.885011383587127,27.902856296569627,27.56381145882493,27.780920028686523,701056.1689734088
2015-04-02 13:30:00,27.893935118139517,27.97126251067853,27.694673153915087,27.71846580505371,721566.6521268011
2015-04-06 13:30:00,27.456747339204423,27.902860012469606,27.308043682044293,27.840404510498047,1188937.3061695392
2015-04-07 13:30:00,27.84634548367744,28.090221396245937,27.798761890587635,27.852294921875,1169772.0285614422
2015-04-08 13:30:00,27.79579135882077,28.108068839860827,27.780921164655503,28.015872955322266,982151.0723438232
2015-04-09 13:30:00,27.87906843991075,28.41737699422941,27.87906843991075,28.38168716430664,669785.9634205989
2015-04-10 13:30:00,28.40251024164058,28.497682571411133,28.36087436823573,28.497682571411133,296898.0414554776
2015-04-13 13:30:00,28.536335900199266,28.64042725074829,28.28948695354283,28.328149795532227,489226.2678653921
2015-04-14 13:30:00,28.33112669491488,28.33112669491488,27.953418977602045,28.0396671295166,744430.7963186646
2015-04-15 13:30:00,28.253800817670392,28.58986924378821,28.21811099068769,28.5065975189209,497968.42045256327
2015-04-16 13:30:00,28.232984250595276,28.426300196913683,28.232984250595276,28.384662628173828,586398.9405538519
2015-04-17 13:30:00,28.155655567337107,28.155655567337107,27.84634940531057,27.98018455505371,557818.7761078551
2015-04-20 13:30:00,28.122940435140038,28.33112485301276,28.11699099610982,28.218111038208008,446187.77368516783
2015-04-21 13:30:00,28.53336835411162,28.610694057529884,28.313286720481976,28.41143035888672,509400.4188906758
2015-04-22 13:30:00,28.58689581884285,28.81887286997776,28.363839522010878,28.812923431396484,505365.6928811679
2015-04-23 13:30:00,28.301383446966184,28.464958978720645,28.146732073436027,28.36681365966797,660035.140354133
2015-04-24 13:30:00,28.313278841840532,28.331122051813093,27.724410368134837,27.89988136291504,706772.2630131465
2015-04-27 13:30:00,27.938546870733568,28.262721523602487,27.902857043812784,27.97126197814941,667096.1160646675
2015-04-28 13:30:00,27.98613423353558,28.05751219085016,27.608424812463785,27.998029708862305,1347977.889269394
2015-04-29 13:30:00,27.786870305264003,27.92665149890456,27.55489152064406,27.8433780670166,879262.2131026763
2015-04-30 13:30:00,27.792821173919187,27.896914251844457,27.42998361208932,27.602479934692383,2604835.0277359546
2015-05-01 13:30:00,27.858250032043248,28.435223161449144,27.84932757416962,28.369792938232425,1707752.388754777
2015-05-04 13:30:00,28.43521424120092,28.494695005985964,28.23892363312795,28.313276290893555,742413.5572476216
2015-05-05 13:30:00,28.11104076312688,28.18241870909083,27.67087591212364,27.697643280029297,838577.5481281533
2015-05-06 13:30:00,27.80174042634136,27.92962614442315,27.462695558510973,27.66493225097656,1566196.3286844424
2015-05-07 13:30:00,27.772007046607637,28.00993362826102,27.772007046607637,27.96829605102539,1040656.1643916892
2015-05-08 13:30:00,28.1972942067156,28.366817498442657,28.17052853555881,28.24785423278809,736361.0605015756
2015-05-11 13:30:00,28.24785828344066,28.36979628639141,28.14971293703261,28.265703201293945,554792.5002744718
2015-05-12 13:30:00,28.14376312746425,28.179451258759784,27.882043924752363,28.009929656982425,1116309.840268514
2015-05-13 13:30:00,28.158626174491168,28.38465718851809,28.105093140247494,28.182418823242188,441480.479644151
2015-05-14 13:30:00,28.37871246426249,28.622588416186968,28.27461940220393,28.51849365234375,982151.06180457
2015-05-15 13:30:00,28.572023809540937,28.67314043401138,28.444136414941163,28.56607437133789,425004.8412583421
2015-05-18 13:30:00,28.604738988166115,28.860510374473296,28.524436888272064,28.84564018249512,701056.2434179088
2015-05-19 13:30:00,28.917019545350534,29.05680072646462,28.64042849898379,28.741548538208008,512426.6664826225
2015-05-20 13:30:00,28.777240906436827,29.00921798897645,28.6761208582796,28.80400657653809,962312.9855091464
2015-05-21 13:30:00,28.78020837886448,28.994340492891933,28.655297411753693,28.949729919433597,515789.13050181326
2015-05-22 13:30:00,28.914045705336054,29.11033635089352,28.914045705336054,29.00921630859375,460646.0050716725
2015-05-26 13:30:00,28.964603325239064,28.99136899157095,28.655300592078245,28.786157608032227,880271.0520117064
2015-05-27 13:30:00,28.87539144840225,30.014464239616807,28.860521250820103,29.916318893432617,1475075.5783366116
2015-05-28 13:30:00,29.946054458618164,30.088810374523785,29.746792481728228,29.946054458618164,1373868.1981307813
2015-05-29 13:30:00,30.041216140784268,30.1810006989639,29.919279895803903,30.05906105041504,2032895.1528670928
2015-06-01 13:30:00,30.160183227950053,30.276173447063087,29.91630731697537,30.076908111572266,1474739.9111241435
2015-06-02 13:30:00,29.98471301442894,29.98471301442894,29.6962265205342,29.74083709716797,1052088.7056457726
2015-06-03 13:30:00,29.889546769256366,29.91631243841501,29.51778510277733,29.538604736328125,4040235.234487112
2015-06-04 13:30:00,29.413696703138704,29.51481675791416,29.181719605416365,29.27094078063965,2003305.517964047
2015-06-05 13:30:00,29.23524407280124,29.360155050161826,29.00921306444929,29.273908615112305,1465997.6691363326
2015-06-08 13:30:00,29.300676420602272,29.300676420602272,28.64637769769877,28.72370338439941,1532908.918686705
2015-06-09 13:30:00,28.741542326860426,28.78020686396362,28.41439303336652,28.70585250854492,1844265.664744248
2015-06-10 13:30:00,28.83969545037945,29.163871814827072,28.82482525597473,29.06275177001953,1467006.1826896346
2015-06-11 13:30:00,29.18468580197818,29.199555995240107,29.027059711260318,29.05382537841797,1809296.556431836
2015-06-12 13:30:00,28.931887800165104,28.931887800165104,28.753442085549928,28.79210662841797,736361.203935833
2015-06-15 13:30:00,28.494699665254785,28.756418817029065,28.35789150138118,28.732627868652344,928353.03278534
2015-06-16 13:30:00,28.67909169543869,28.88430308009583,28.61068676602998,28.812923431396484,761242.8001882662
2015-06-17 13:30:00,28.845645579285897,28.949736942607803,28.729655337300244,28.83672142028809,815040.7751118528
2015-06-18 13:30:00,28.91404723698899,29.380979523018222,28.91404723698899,29.24417304992676,893047.9742041169
2015-06-19 13:30:00,29.315545118506503,29.39882023977005,29.003267668229384,29.098438262939453,1202050.8146257836
2015-06-22 13:30:00,29.339339791083454,29.41964020329016,29.199558600521968,29.34528923034668,1008377.6042754346
2015-06-23 13:30:00,29.401796427242743,29.443432288169188,29.101414435412163,29.199556350708008,1094454.60313906
2015-06-24 13:30:00,29.156316885638088,29.22787898790631,28.884970565192607,28.890932083129883,829692.3351683738
2015-06-25 13:30:00,28.96846699461119,29.06388884430759,28.79850396962,28.87006950378418,1087922.8792425275
2015-06-26 13:30:00,28.6106478706572,28.6106478706572,28.038135574683785,28.151445388793945,2042035.3893654004
2015-06-29 13:30:00,27.7816945228892,27.978494574045136,27.34038350764396,27.361255645751957,1757646.496306982
2015-06-30 13:30:00,27.61173098509558,27.671366642870463,27.337402181926628,27.459657669067383,4885593.0339369895
2015-07-01 13:30:00,27.850281657698297,27.892027648808963,27.468607924609163,27.5252628326416,1612433.2374274705
2015-07-02 13:30:00,27.57893233954553,27.739951355109117,27.537186352877946,27.653478622436523,1120453.4150592063
2015-07-06 13:30:00,27.403007945577706,27.65348219169621,27.131661556539413,27.25093460083008,3420048.6237534243
2015-07-07 13:30:00,27.262860120365065,27.265840879798773,26.341474449435378,27.164459228515625,3234256.9247858445
2015-07-08 13:30:00,26.800672791817718,26.875219070421725,26.36532668793707,26.430927276611328,2228498.4649016145
2015-07-09 13:30:00,26.91100451148719,26.97362435120498,26.08503891249358,26.09398460388184,4225259.229744716
2015-07-10 13:30:00,26.404094236832066,26.669477391200044,26.377258869162866,26.57703971862793,1668103.7882024453
2015-07-13 13:30:00,26.80961822097067,26.85434667018436,26.609837403941064,26.80067253112793,1233806.761794004
2015-07-14 13:30:00,26.931877983596102,27.14656945526412,26.89907768436981,27.080968856811523,1130514.2521316218
2015-07-15 13:30:00,27.140610739915218,27.140610739915218,26.797700480185384,26.91995429992676,1201611.3593219237
2015-07-16 13:30:00,27.11973467249029,27.11973467249029,26.72315031361262,26.97064208984375,1852889.6791275255
2015-07-17 13:30:00,26.955736016545668,26.955736016545668,26.70228098801071,26.913990020751957,1723774.1078709022
2015-07-20 13:30:00,27.012389085053076,27.057117543995684,26.71420561489525,26.729114532470703,1226093.106814919
2015-07-21 13:30:00,26.741042037286828,26.970642433531587,26.696313579436417,26.735078811645508,758594.823670116
2015-07-22 13:30:00,26.034342820341838,26.1416893926024,25.78088786339736,26.070125579833984,3907334.203037199
2015-07-23 13:30:00,26.21623327864022,26.77085235043538,26.21623327864022,26.457761764526367,1274050.63872388
2015-07-24 13:30:00,26.535299212780853,26.58897166197826,25.900168690115365,25.927005767822266,2373039.952658745
2015-07-27 13:30:00,25.768968210494528,25.915076633712,25.46482149946139,25.736167907714844,1753956.9558333391
2015-07-28 13:30:00,25.867367459693572,26.4309323844511,25.664602429938117,26.27289581298828,2405570.564273396
2015-07-29 13:30:00,26.252026143626715,26.356390287971703,26.0194432421212,26.305700302124023,1568835.537139088
2015-07-30 13:30:00,26.168532304969087,26.496535340881465,26.09696847155631,26.41006088256836,3806052.963526176
2015-07-31 13:30:00,26.44882080675703,26.44882080675703,26.05521894892759,26.102928161621094,1890115.323863618
2015-08-03 13:30:00,26.07609078525756,26.12678246298368,25.876308246158604,26.01943588256836,1231794.4757968923
2015-08-04 13:30:00,25.93594345227128,25.98663341955559,25.566196235928945,25.730195999145508,3107824.7641795985
2015-08-05 13:30:00,25.87929928832866,26.237118497936837,25.86737283445001,26.05522727966309,1600024.3660179982
2015-08-06 13:30:00,26.102928453650662,26.102928453650662,25.39325348034118,25.59005355834961,3298311.5688837627
2015-08-07 13:30:00,25.48569364385922,25.763003278195438,25.461839033311843,25.736167907714844,1058410.7366367148
2015-08-10 13:30:00,25.96278759045208,26.41900768750068,25.9299889916961,26.37428092956543,1608743.968386977
2015-08-11 13:30:00,26.111873232701107,26.114853992038704,25.67652539754068,25.7808895111084,2421333.030890657
2015-08-12 13:30:00,25.46780008696281,26.055221314523568,25.265036767714214,25.92998504638672,2868038.463822144
2015-08-13 13:30:00,25.92699798898094,26.031362096018142,25.6645973418124,25.721250534057617,1009783.1318862264
2015-08-14 13:30:00,25.625834731621985,25.625834731621985,25.354486678732577,25.50954246520996,1376672.0722140677
2015-08-17 13:30:00,25.402197934568644,25.77492593148592,25.27397751076885,25.72721672058105,888045.7000055825
2015-08-18 13:30:00,25.6884508429724,25.69143160199548,25.20241138198231,25.24117660522461,1365605.1443419296
2015-08-19 13:30:00,25.29485468430225,25.30081790989579,24.8505628125839,25.014562606811523,1633225.8270881793
2015-08-20 13:30:00,24.743215897023664,24.755142348054672,24.066341173853036,24.07528686523437,2993129.506676393
2015-08-21 13:30:00,23.76517299341036,24.131937747785443,23.416297912597656,23.416297912597656,4627697.58567402
2015-08-24 13:30:00,22.05956810357672,23.90830265337208,21.725603614975444,22.891498565673828,6006046.018584975
2015-08-25 13:30:00,23.792016275178646,23.842707966016015,22.664884567260746,22.664884567260746,3073616.512581454
2015-08-26 13:30:00,23.371578385351945,23.82481600697144,22.924303990094383,23.794998168945312,3794985.847608323
2015-08-27 13:30:00,24.209466503058387,24.71339569446486,24.18262943148668,24.68059539794922,4373490.827775519
2015-08-28 13:30:00,24.591145674638668,24.87442025025233,24.591145674638668,24.823728561401367,2298589.023758598
2015-08-31 13:30:00,24.632884615687484,25.00561259727101,24.510629127942277,24.7551383972168,1837798.5786383385
2015-09-01 13:30:00,24.01266923103461,24.498708838836738,23.76517914035656,23.8814697265625,2280479.414681272
2015-09-02 13:30:00,24.28401773651201,24.45099830627441,24.01863455092891,24.45099830627441,1617798.8998363025
2015-09-03 13:30:00,24.635869126625643,24.96685115131269,24.5613228416329,24.64183235168457,1064782.847205876
2015-09-04 13:30:00,24.30190757250218,24.510634124511707,24.1200146833919,24.21543312072754,1115758.1431932815
2015-09-08 13:30:00,24.74917867913462,25.297834621878767,24.746196213527828,25.28888893127441,2517918.0154617424
2015-09-09 13:30:00,25.512531529173625,25.688459500813597,24.7730368725504,24.823728561401367,2906269.693593816
2015-09-10 13:30:00,24.81179582076131,25.160669209381577,24.57921299294248,24.93404960632324,1908895.832947986
2015-09-11 13:30:00,24.71637840460419,24.963871880795253,24.606051056461656,24.94896125793457,2125205.826867764
2015-09-14 13:30:00,25.07122156720001,25.136822177979116,24.934057119084542,25.0056209564209,1780785.983635424
2015-09-15 13:30:00,25.121907671403388,25.3932557655458,25.109981220131303,25.32467269897461,1385726.7083022592
2015-09-16 13:30:00,25.2650432727338,25.408170960660364,25.11595235769779,25.378353118896484,1595329.216517358
2015-09-17 13:30:00,25.33361370422245,25.584087902980684,25.12190302425217,25.17557716369629,2186913.2469542027
2015-09-18 13:30:00,24.7998713238503,25.056308794760326,24.641834753977715,24.737253189086918,2057462.0884316943
2015-09-21 13:30:00,24.895287306998856,24.97579681696981,24.54343143563425,24.66270446777344,2297918.764210741
2015-09-22 13:30:00,24.2422697008438,24.310851061446733,24.02161328935047,24.120014190673828,3175567.800937447
2015-09-23 13:30:00,24.13791246983304,24.25718554814128,23.911292767939027,23.941110610961918,1607402.272842249
2015-09-24 13:30:00,23.714483864530333,24.042485135398188,23.26124462798969,23.89339256286621,4643123.863865777
2015-09-25 13:30:00,24.21963991882748,24.37856673214166,23.793841313206165,24.02473258972168,1961919.7140985555
2015-09-28 13:30:00,23.871806218350503,24.003743366205697,23.35604770156672,23.35904693603516,6341305.503905161
2015-09-29 13:30:00,23.422015108643247,23.736867784053228,23.263090011738196,23.514970779418945,1422666.9270689487
2015-09-30 13:30:00,23.928775820437373,24.45053100657268,23.892791875830635,24.42654228210449,1541389.3634058775
2015-10-01 13:30:00,24.414551821523737,24.414551821523737,23.715879441754943,24.135683059692383,2340096.7231674227
2015-10-02 13:30:00,23.814835327021694,24.654442624033955,23.80284010367125,24.639448165893555,2274065.611135078
2015-10-05 13:30:00,24.87933138184752,25.239162261207674,24.801366737796087,25.119216918945312,2788307.231840594
2015-10-06 13:30:00,25.06524747749119,25.266153304441637,24.75039475481197,25.200183868408203,3452618.022663072
2015-10-07 13:30:00,25.41308020722475,25.69194892553238,25.1072235294129,25.53302383422852,2216705.90658998
2015-10-08 13:30:00,25.518036765212127,25.74593056505977,25.296141434904214,25.700950622558597,2045958.7355562649
2015-10-09 13:30:00,25.74892142494996,25.78190613565068,25.38909055704524,25.54201889038086,1546058.2153257765
2015-10-12 13:30:00,25.51803016585388,25.595993091614336,25.407082529392703,25.54201889038086,2203699.8893168094
2015-10-13 13:30:00,25.362111165478854,25.503046042061214,25.203186026281102,25.227174758911133,1598749.046736787
2015-10-14 13:30:00,25.35310943758603,26.37263291730721,25.28414249031394,26.144739151000977,3797113.217871871
2015-10-15 13:30:00,26.33664698212569,26.591526974926765,26.165726670287903,26.39062118530273,2493835.832159006
2015-10-16 13:30:00,26.405619728035408,26.48358438954852,26.23470109443944,26.45059967041016,1585743.0831155377
2015-10-19 13:30:00,26.36663918486288,26.621519242672463,26.24369629244945,26.44160461425781,1544056.8277494593
2015-10-20 13:30:00,26.43260290793111,26.50456908689213,26.26768105790717,26.41761016845703,1108186.1659734033
2015-10-21 13:30:00,26.67848572620533,26.957354424749894,26.447592759253315,26.456588745117188,1756156.7822123943
2015-10-22 13:30:00,26.888389661873912,27.419140893968027,26.837412973206416,27.374162673950195,2666916.778485425
2015-10-23 13:30:00,27.61704050594274,27.781962310018077,27.33817013883151,27.70699691772461,3556668.297600115
2015-10-26 13:30:00,27.581060494411552,27.581060494411552,27.07429807652279,27.20923614501953,3449617.5934122354
2015-10-27 13:30:00,26.96635432137612,27.161261657329987,26.89738565835396,26.97235107421875,3522651.2343861377
2015-10-28 13:30:00,27.164261757853588,27.443130505733144,27.05031487116456,27.37116432189941,3677056.827777229
2015-10-29 13:30:00,26.846407095614367,26.91837327212957,26.55854238955354,26.63650703430176,2168349.893481662
2015-10-30 13:30:00,26.73846524988145,26.945367843656697,26.690487787098515,26.84941291809082,1673450.799068682
2015-11-02 14:30:00,26.921374416958383,27.122280221798505,26.89438817123048,27.0862979888916,1247584.800951988
2015-11-03 14:30:00,26.999332531629666,27.338173886377536,26.999332531629666,27.22722625732422,1140868.3148781064
2015-11-04 14:30:00,27.251222549463577,27.36816696277813,27.113286925378453,27.30519676208496,1636433.5767778608
2015-11-05 14:30:00,27.182254840257524,27.221236310279547,26.69348255818729,26.732465744018555,2336428.358951736
2015-11-06 14:30:00,26.95435894020691,27.452125455187964,26.91237995474805,27.44013023376465,2127330.5270533944
2015-11-09 14:30:00,27.371168247429974,27.371168247429974,27.03232677318828,27.17326164245605,2025282.3247276635
2015-11-10 14:30:00,26.882394930794067,26.882394930794067,26.59752941763887,26.678491592407227,2798978.471729858
2015-11-11 14:30:00,26.741456939107177,26.981344185332976,26.67548751744285,26.69947624206543,1786837.766329493
2015-11-12 14:30:00,26.558542362021942,26.720466687965548,26.354639053344727,26.354639053344727,2689260.7750172773
2015-11-13 14:30:00,26.34564584923004,26.444599995714984,26.015800410089383,26.117752075195312,1654442.1249809396
2015-11-16 14:30:00,26.10275647738293,26.456590605805616,26.096759724988217,26.4385986328125,2027617.2588129367
2015-11-17 14:30:00,26.47458733375756,26.82242477225876,26.438603381308447,26.61552047729492,2280735.5168530643
2015-11-18 14:30:00,26.65449620959567,26.906378675078795,26.47158239952061,26.87939071655273,2517513.689687779
2015-11-19 14:30:00,26.942365646362305,27.1882496714774,26.798433283005792,26.942365646362305,1298608.7172337747
2015-11-20 14:30:00,27.056313447703,27.176255372094136,26.96035681973358,27.02932548522949,664978.3498461064
2015-11-23 14:30:00,26.98134606378603,26.98734281640694,26.66949262198112,26.705474853515625,1299942.7264351463
2015-11-24 14:30:00,26.648500511532166,27.0743008177581,26.534555352357923,27.020326614379883,1863873.818398746
2015-11-25 14:30:00,27.04131512597816,27.17325396924335,26.939363475333465,27.059307098388672,513907.6146394518
2015-11-27 14:30:00,27.0742988109818,27.278203820354403,27.0742988109818,27.176250457763672,654306.7995622179
2015-11-30 14:30:00,27.21523395191688,27.54807859052361,27.20623968118958,27.470115661621094,1261591.4566138685
2015-12-01 14:30:00,27.6470346338131,27.89891541096894,27.584064439524138,27.89591789245605,1924902.2958607555
2015-12-02 14:30:00,27.99787139954816,28.069837585738103,27.71000665478836,27.76398086547852,1108186.0546572136
2015-12-03 14:30:00,28.132801986340564,28.162789177929955,27.45512096833289,27.59605407714844,2053963.08072556
2015-12-04 14:30:00,27.566077146438072,28.147805165436807,27.52109720301532,28.07283973693848,1394986.995188899
2015-12-07 14:30:00,28.04884137412597,28.04884137412597,27.784965421291677,27.84493637084961,1669782.998652078
2015-12-08 14:30:00,27.473118729489958,27.692014807786016,27.347176616216228,27.608055114746094,1788838.3898881432
2015-12-09 14:30:00,27.60805519204984,27.63804067423311,27.11628539152167,27.24822425842285,1517044.3349768869
2015-12-10 14:30:00,27.224229897324665,27.60505198634362,27.206239640088253,27.380157470703125,1253254.2165258755
2015-12-11 14:30:00,27.10128972627192,27.197244631552497,26.82541851568573,26.86739921569824,2470157.9691337408
2015-12-14 14:30:00,26.85540194989978,26.957355315854592,26.42360490901361,26.693477630615234,2877015.582858821
2015-12-15 14:30:00,26.900385893378942,27.200245852183823,26.81042773415657,27.095294952392575,1694127.388524271
2015-12-16 14:30:00,27.26021858680809,27.353175986511623,26.87040215924572,27.2992000579834,1395320.5773105638
2015-12-17 14:30:00,27.458126267959265,27.52709494077058,26.90038871082174,26.92437744140625,1183554.620502166
2015-12-18 14:30:00,26.75944586934727,26.843405538076784,26.552541641666856,26.612512588500977,2154010.1614026497
2015-12-21 14:30:00,26.774437114654276,27.092288969288838,26.75644685993849,27.068300247192383,1059496.8610341975
2015-12-22 14:30:00,27.15525729067433,27.20023721390534,26.89737811684531,27.110279083251957,885415.2844452994
2015-12-23 14:30:00,27.14327245747288,27.32318878761507,27.101293467474417,27.2992000579834,1435339.331917941
2015-12-24 14:30:00,27.273056549099906,27.510449591337597,27.25502806900124,27.408281326293945,562069.8716609998
2015-12-28 14:30:00,27.27906814708072,27.30010223388672,27.02965611458908,27.30010223388672,380370.5472099856
2015-12-29 14:30:00,27.468374392210563,27.744831667101224,27.38724022935035,27.618623733520508,661572.0075388914
2015-12-30 14:30:00,27.60961384707356,27.666708332435828,27.348181113075054,27.369216918945312,1293193.3279774585
2015-12-31 14:30:00,27.26103002433454,27.27304900774358,26.981568886353504,26.9965934753418,861574.4820082535
2016-01-04 14:30:00,26.4526966167246,26.684080123901367,26.29343561421856,26.684080123901367,1134788.9921496871
2016-01-05 14:30:00,26.735162238866533,26.78925110252228,26.37456522928427,26.431659698486328,1474227.4998589242
2016-01-06 14:30:00,25.86372487963848,25.97791382929284,25.4580540636175,25.51815414428711,1709504.722494335
2016-01-07 14:30:00,25.025341214354665,25.385936562222028,24.74888392126256,24.8029727935791,2248279.772969665
2016-01-08 14:30:00,24.9742543005938,25.0674091662602,24.38227719847741,24.44538116455078,1625310.7251166862
2016-01-11 14:30:00,24.60164464657981,24.751892295128844,24.19897764711589,24.529523849487305,1110162.889864224
2016-01-12 14:30:00,24.79996959467485,24.96824742834573,24.391294855759845,24.73386001586914,1191029.1717491795
2016-01-13 14:30:00,24.739865758357567,24.929179367198483,23.940546599452038,23.946556091308597,1948110.0386526624
2016-01-14 14:30:00,24.066751337305096,24.5685790896525,23.73920914243247,24.439367294311523,1435624.841158777
2016-01-15 14:30:00,23.474786068472504,23.646067825710748,23.02404134414197,23.336557388305664,1845612.2836170136
2016-01-19 14:30:00,23.68512450419204,23.88345321960805,23.171275958712567,23.37561416625977,1093856.7482791883
2016-01-20 14:30:00,23.081132635317847,23.763260891544395,22.87979998178122,23.52887344360352,1906511.6212704603
2016-01-21 14:30:00,23.76325626604203,24.168925381263183,23.549902947226325,23.877445220947266,1289200.1149324472
2016-01-22 14:30:00,24.331197772003154,24.48445103293833,24.165925524049868,24.313167572021484,1822317.6696632693
2016-01-25 14:30:00,24.259075062491164,24.310160048312326,23.93153450261034,23.976608276367188,1399351.1591049244
2016-01-26 14:30:00,24.04271369710323,24.388284394528636,23.967589034374598,24.19897079467773,1867243.9265387324
2016-01-27 14:30:00,24.120850544246803,24.379277684708534,23.826364722498656,23.92252349853516,1830304.4132603516
2016-01-28 14:30:00,24.02168049372129,24.153897910383336,23.67310417805952,23.868427276611328,582369.765133735
2016-01-29 14:30:00,24.06676094950949,24.95322571448977,24.06676094950949,24.950220108032227,1968409.259128876
2016-02-01 14:30:00,24.75489487356318,25.190614922724308,24.691790898897175,25.0614013671875,2133802.4058951894
2016-02-02 14:30:00,24.79095730857096,24.79095730857096,24.165925284020304,24.23503875732422,1342445.1337542322
2016-02-03 14:30:00,24.553560287388503,24.553560287388503,23.80231875792217,24.29212760925293,1672565.891725949
2016-02-04 14:30:00,24.292128459023893,24.86607537757112,24.271092656912703,24.71282386779785,1237286.0660370437
2016-02-05 14:30:00,24.60464600969225,24.60464600969225,23.76626074348721,23.86542510986328,2641628.8740026257
2016-02-08 14:30:00,23.462757997213597,23.471773095205418,22.89482057936173,23.26443099975586,3604369.440600686
2016-02-09 14:30:00,22.981965960107285,23.540888321946067,22.93088097413484,23.132213592529297,953089.5856856836
2016-02-10 14:30:00,23.318520375627894,23.52285686970819,22.927874144934943,22.951913833618164,2901865.094466549
2016-02-11 14:30:00,22.58832133245364,22.90384298502084,22.477136234716014,22.774627685546875,1393360.7268695757
2016-02-12 14:30:00,23.0270408207239,23.30049252192057,22.708515343509717,23.2734489440918,1346105.863182973
2016-02-16 14:30:00,23.58295272504757,24.213995729489003,23.507829786033486,24.090791702270508,1421315.1421403077
2016-02-17 14:30:00,24.2500575248981,24.71282279841533,24.213998853410075,24.664743423461918,1249266.2971741175
2016-02-18 14:30:00,24.85105470769497,24.872088792215003,24.52351241811849,24.54755210876465,1126136.5456235504
2016-02-19 14:30:00,24.58962162303745,24.79996934285374,24.484447763129307,24.655731201171875,604998.8980795104
2016-02-22 14:30:00,24.90213505258616,25.172581110746304,24.90213505258616,25.04336929321289,1982719.3635948624
2016-02-23 14:30:00,24.92016510701335,24.96523887663309,24.601639675010684,24.649717330932617,847597.5575211488
2016-02-24 14:30:00,24.355230711027215,25.031347547740943,24.20498309824218,24.977258682250977,1144439.7742865614
2016-02-25 14:30:00,25.05840069781169,25.304807135157827,24.781943352922227,25.2807674407959,1374392.202877791
2016-02-26 14:30:00,25.503131396045728,25.5361861848834,25.334851845797832,25.44303131103516,1021975.5934565946
2016-02-29 14:30:00,25.491118069452604,25.827673828453104,25.3829402923584,25.3829402923584,1299183.1852954896
2016-03-01 14:30:00,25.569238040471262,26.10111680377626,25.557219055712263,26.068063735961918,1292195.1865100411
2016-03-02 14:30:00,26.02899123174668,26.24534837842484,26.022981740869056,26.230323791503903,1146103.8718917435
2016-03-03 14:30:00,26.239349519635542,26.326493190759493,26.0680677837712,26.26038360595703,964404.0867942804
2016-03-04 14:30:00,26.44068491111397,26.750195342088595,26.24536174277423,26.530834197998047,1529136.0655273355
2016-03-07 14:30:00,26.368558996718708,26.747184528013864,26.27540584671737,26.651025772094727,1235289.3460751246
2016-03-08 14:30:00,26.44068738539197,26.45871758834695,26.01097671872383,26.04703712463379,1145770.3984629929
2016-03-09 14:30:00,26.119140472726016,26.296433349519003,26.035000722624297,26.230323791503903,641937.9700578321
2016-03-10 14:30:00,26.395605524296275,26.617972227880305,26.007964876599036,26.362550735473636,2751779.93687258
2016-03-11 14:30:00,26.64801320179559,26.891415633898703,26.593924345590587,26.864370346069336,727795.9337057809
2016-03-14 13:30:00,26.762210970931847,26.88842063640144,26.68107680007793,26.8012752532959,834618.9292924707
2016-03-15 13:30:00,26.711120953529218,26.735162359099863,26.51579957849006,26.73215675354004,2289877.964087801
2016-03-16 13:30:00,26.56388610846606,27.00561567481726,26.56388610846606,26.97256088256836,1623313.7187928483
2016-03-17 13:30:00,26.89141523475049,27.227970787514167,26.8493453607916,27.15885734558105,1042941.239181258
2016-03-18 13:30:00,27.194925359655816,27.54950948407995,27.12881406535227,27.516454696655277,1910505.41609853
2016-03-21 13:30:00,27.426309170115022,27.585573636533564,27.31813141421483,27.55251884460449,745433.1212135581
2016-03-22 13:30:00,27.417293331922764,27.65167902184431,27.35118375399164,27.546506881713867,724467.8796311087
2016-03-23 13:30:00,27.506121479250663,27.53023376956702,27.18060469765633,27.186634063720703,813526.2571643173
2016-03-24 13:30:00,27.01784548063049,27.183618549390363,26.873171743156604,27.16854858398437,666215.6502208908
2016-03-28 13:30:00,27.225811666324127,27.25896627542304,27.03894101715153,27.153474807739254,526536.0484484633
2016-03-29 13:30:00,27.03592788270744,27.54831528717455,26.909338804097136,27.5272159576416,1324468.673629482
2016-03-30 13:30:00,27.6718919064014,27.94014177397538,27.656821941036693,27.768341064453125,761768.4945703599
2016-03-31 13:30:00,27.729161649087825,27.753272214923147,27.60558551362299,27.61462783813477,593555.6541786314
2016-04-01 13:30:00,27.37651091635727,27.816559674377302,27.34637099209552,27.80450439453125,500988.9693534615
2016-04-04 13:30:00,27.786425582409425,27.80752318889165,27.503107475446708,27.55735969543457,722950.1556859835
2016-04-05 13:30:00,27.39158755433639,27.590513517451217,27.283081386043825,27.403644561767575,598864.1518487476
2016-04-06 13:30:00,27.37349334423025,27.689967689508013,27.147440486838487,27.665855407714844,5790238.686218345
2016-04-07 13:30:00,27.560370909461252,27.560370909461252,27.14141969207305,27.243896484375,1224602.6587955682
2016-04-08 13:30:00,27.551328509362303,27.62366537278269,27.274038061907586,27.37048721313477,1299916.887156518
2016-04-11 13:30:00,27.500093130059938,27.76834127502106,27.35541766723829,27.36445999145508,872915.0235264056
2016-04-12 13:30:00,27.400626966800328,27.430766895204687,26.97564638785271,27.325275421142575,1363618.7953858892
2016-04-13 13:30:00,27.512143710005983,27.96123481324696,27.497073747102867,27.937124252319336,1115446.9063942286
2016-04-14 13:30:00,27.692991249067703,27.765328117636376,27.44583898797284,27.72313117980957,802577.5207337096
2016-04-15 13:30:00,27.66285012813604,27.7020341084339,27.45488184256396,27.48502349853516,1216639.8146629147
2016-04-18 13:30:00,27.38556030565203,27.554346339579823,27.334321041467017,27.488037109375,1083927.5102680833
2016-04-19 13:30:00,27.54831370976252,27.57544067847437,27.03894101715153,27.153474807739254,1429975.0276073578
2016-04-20 13:30:00,27.08414641095779,27.53625213322372,27.0811334535878,27.412677764892575,1222612.2625248935
2016-04-21 13:30:00,27.403641662846013,27.403641662846013,27.12032185162523,27.24992561340332,912728.784496244
2016-04-22 13:30:00,27.271025950501038,27.53927582438677,27.0781276298588,27.298152923583984,808881.3353936888
2016-04-25 13:30:00,27.213755737423423,27.37048646621396,27.054012050643543,27.13539123535156,1986371.264876894
2016-04-26 13:30:00,27.340345131121023,27.747239309069787,27.33733044864005,27.497074127197266,1499980.783491785
2016-04-27 13:30:00,27.22581208125092,27.82259160483282,27.19868511212564,27.777379989624023,1677483.440695329
2016-04-28 13:30:00,27.629689674348864,27.78039101435962,26.978656298237578,27.050994873046875,1647291.6099066231
2016-04-29 13:30:00,26.94550276307972,26.94550276307972,26.13472741755492,26.336668014526367,2879857.1210788763
2016-05-02 13:30:00,26.40598739524608,26.571760410507704,26.201033862290807,26.53559112548828,1265412.0069504003
2016-05-03 13:30:00,26.270355456721376,26.39393154499926,26.113624766109268,26.23418617248535,3634990.626226665
2016-05-04 13:30:00,26.04431244346829,26.22816844206999,25.845384754310047,25.935806274414062,2805869.3056143066
2016-05-05 13:30:00,26.08650637573117,26.249264748227333,25.905663356369477,25.99909782409668,1302902.9245951236
2016-05-06 13:30:00,25.887576572738475,26.0533496142449,25.676595367093388,26.03526496887207,1373572.3333453236
2016-05-09 13:30:00,26.08348487787574,26.222130926540988,25.92675418707016,26.002105712890625,1078287.6524875094
2016-05-10 13:30:00,26.074450273506454,26.32160252351172,25.917721260963518,26.309545516967773,918037.2465950048
2016-05-11 13:30:00,26.21007877394312,26.481341539812515,26.21007877394312,26.246246337890625,2959816.3078957647
2016-05-12 13:30:00,26.30653044216703,26.354756742977276,25.568091835246506,25.77606010437012,1340394.1205316323
2016-05-13 13:30:00,25.84839987419545,26.083495140580244,25.794147651074987,25.86949920654297,1773367.7645795185
2016-05-16 13:30:00,25.88456060731764,26.46325539483384,25.794139115606608,26.28542709350586,788311.1698645409
2016-05-17 13:30:00,26.246248732214227,26.390922450495363,26.03526579522588,26.113630294799805,690103.9523373751
2016-05-18 13:30:00,26.005122795239444,26.749588902507472,26.005122795239444,26.520523071289062,2215632.085732335
2016-05-19 13:30:00,26.348724963479714,26.57176490128614,26.14377139588613,26.372838973999023,1542448.7220946494
2016-05-20 13:30:00,26.692325453550605,27.19868344023612,26.689310771173076,27.17155647277832,1857308.7180073229
2016-05-23 13:30:00,27.352405963332387,27.605585879072542,27.352405963332387,27.361448287963867,813858.021478704
2016-05-24 13:30:00,27.587497531037943,28.054673318263276,27.55434292005006,28.02151870727539,1755783.622957352
2016-05-25 13:30:00,28.193323372573914,28.26264556235208,27.97028338767377,28.187294006347656,1380871.2036735043
2016-05-26 13:30:00,28.229488126552784,28.347036611162405,28.160165943699948,28.28072738647461,1008945.1585479864
2016-05-27 13:30:00,28.256614592938128,28.50677979780565,28.256614592938128,28.458555221557617,952874.2345068144
2016-05-31 13:30:00,28.512803970509264,28.65145004151981,28.43443947479983,28.624324798583984,2371568.8916193955
2016-06-01 13:30:00,28.60021475077045,28.81119770658206,28.488695631893528,28.7750301361084,1453531.319930934
2016-06-02 13:30:00,28.72378855422589,28.781055450439453,28.597199480831065,28.781055450439453,819166.6557915995
2016-06-03 13:30:00,29.03122296684292,29.04629293158416,28.69666561043491,28.865449905395508,1455522.005200409
2016-06-06 13:30:00,28.88353689920868,29.037254691208663,28.75092016392496,28.799144744873047,2085905.1979376709
2016-06-07 13:30:00,28.922723711215845,29.1306920213293,28.91970902786887,29.07342338562012,1547424.9866314344
2016-06-08 13:30:00,29.073412777863897,29.136707307878872,28.97093772651704,29.061357498168945,463165.9668765593
2016-06-09 13:30:00,28.87448769456185,29.10958290182769,28.775025597960383,29.094512939453125,1202373.5070051576
2016-06-10 13:30:00,28.79914059170352,28.79914059170352,28.515820788329705,28.618297576904297,1148956.6951119783
2016-06-13 13:30:00,28.434444183514657,28.78708619725094,28.41033189433058,28.470613479614254,1840719.366513964
2016-06-14 13:30:00,28.37716925973944,28.53691291484831,28.19029864022385,28.46156311035156,1399783.2016110916
2016-06-15 13:30:00,28.606243633059798,28.654468209307822,28.41033064530959,28.458555221557617,781343.601066695
2016-06-16 13:30:00,28.178249260407416,28.473624350092923,27.96726631435484,28.45553970336914,4497287.823101948
2016-06-17 13:30:00,28.41033140423854,28.41033140423854,28.00946481904924,28.214418411254883,2010259.3428445167
2016-06-20 13:30:00,28.6243344275193,28.86847031929993,28.51281356193009,28.52788352966309,1223275.260494756
2016-06-21 13:30:00,28.648519669982765,28.702945546251676,28.515482676032168,28.618284225463867,1065620.46215922
2016-06-22 13:30:00,28.66061203667361,28.893428050526957,28.55781049746153,28.5910701751709,1013034.0782343908
2016-06-23 13:30:00,28.96599627208017,29.337899496432225,28.878312447195487,29.30463981628418,1211804.306397699
2016-06-24 13:30:00,28.064970463979225,28.51548485006285,27.608407604440757,27.7142333984375,2929298.48347997
2016-06-27 13:30:00,27.336277941302697,27.33930044712353,26.408034742671912,26.58945083618164,5850660.9220022485
2016-06-28 13:30:00,27.00368814953585,27.339305738338137,26.931122044110023,27.284881591796875,3022565.280826411
2016-06-29 13:30:00,27.60537914025562,27.91680973121142,27.50560183499351,27.83517265319824,2594928.2399252225
2016-06-30 13:30:00,27.871455317261137,28.34313580681356,27.81703117773192,28.312898635864254,1738992.2632898309
2016-07-01 13:30:00,28.098225804381144,28.176838646017508,28.02263546889247,28.0800838470459,1475067.546091234
2016-07-05 13:30:00,27.859364950150265,27.859364950150265,27.399779595036083,27.566076278686523,2847938.336584314
2016-07-06 13:30:00,27.366517598509216,27.64771102969209,27.10044188909708,27.602357864379883,1902043.2886376996
2016-07-07 13:30:00,27.644684243959112,28.143575905613517,27.644684243959112,27.937971115112305,1305401.8470538028
2016-07-08 13:30:00,28.225219585447388,28.739229086921917,28.21010186247608,28.71504211425781,1185345.6103480104
2016-07-11 13:30:00,28.93274062054455,29.16253416341838,28.91157442416209,29.03856468200684,1059336.4860921204
2016-07-12 13:30:00,29.304635212630807,29.516286745716474,29.250209346331918,29.416507720947266,3390340.5830695773
2016-07-13 13:30:00,29.52233707412361,29.63118882632476,29.40744030917227,29.45279693603516,1577594.5438301414
2016-07-14 13:30:00,29.718872929562476,29.74910837602918,29.48001013429545,29.6674747467041,1544851.9112623576
2016-07-15 13:30:00,29.67351921221216,29.70980313139257,29.54048048203395,29.65840148925781,1269020.9575920682
2016-07-18 13:30:00,30.0333267928128,30.148223561663503,29.948665469413605,30.09379768371582,1572302.7687290327
2016-07-19 13:30:00,30.04541746525804,30.07262867157114,29.897261028240223,29.990991592407227,932004.5471621352
2016-07-20 13:30:00,30.160312323990013,30.541283029280077,30.06355752960926,30.465694427490234,2168613.981758237
2016-07-21 13:30:00,30.495937436412675,30.514079397389423,30.12706012381947,30.251026153564453,1607360.2769187118
2016-07-22 13:30:00,30.14821832564157,30.420340747668977,29.96377798815029,30.402198791503903,1542206.370196621
2016-07-25 13:30:00,30.396150047049545,30.635016250895998,30.396150047049545,30.577566146850582,782844.2013639314
2016-07-26 13:30:00,30.870869093891503,31.90493684465273,30.870869093891503,31.762828826904297,4861437.081692224
2016-07-27 13:30:00,32.04703595014894,32.05912943502272,31.575355437825888,31.75979232788086,3781927.6475355225
2016-07-28 13:30:00,31.617690379478223,31.79608229114324,31.44534694151297,31.58443069458008,2751364.242676851
2016-07-29 13:30:00,31.57837061867249,31.68117387244587,31.303223990254523,31.445335388183597,1121183.8213190353
2016-08-01 13:30:00,31.51488709236688,31.584430699022832,31.36068561525394,31.46953392028809,1630842.298200647
2016-08-02 13:30:00,31.412083296641253,31.412083296641253,30.7982947820531,30.98575592041016,4986786.306155689
2016-08-03 13:30:00,30.8194465403512,31.03109803485148,30.81340152979172,31.025053024291992,1376840.349271978
2016-08-04 13:30:00,31.103678921875247,31.32742399179871,31.04622880595029,31.315330505371094,1343435.77879058
2016-08-05 13:30:00,31.49976549241032,31.747700980248823,31.45441232591207,31.71444129943848,1365925.6784287668
2016-08-08 13:30:00,31.823295765530663,31.89888785125249,31.62071686511025,31.678163528442383,766968.7732911878
2016-08-09 13:30:00,31.85353022440465,32.03796713688568,31.79910434551804,31.93516731262207,1243554.5453160906
2016-08-10 13:30:00,31.962383378279803,31.99866730305048,31.584433325740548,31.717472076416016,2697454.6091938885
2016-08-11 13:30:00,31.853524882457904,31.880736087225294,31.67210877681831,31.838403701782227,1245208.4171010286
2016-08-12 13:30:00,31.898880635186337,32.056106324741826,31.865620955446747,31.98656272888184,634014.4333769763
2016-08-15 13:30:00,32.05307790351159,32.500571403380874,32.05307790351159,32.42195510864258,753078.2750560315
2016-08-16 13:30:00,32.37056921051489,32.37056921051489,32.15891759416799,32.19519805908203,2076008.142441661
2016-08-17 13:30:00,32.207289908916515,32.2133349219991,32.016801062202475,32.18914794921875,1964882.3206558945
2016-08-18 13:30:00,32.198210088820055,32.424979344628554,32.170998885394795,32.42195510864258,763992.4529553944
2016-08-19 13:30:00,32.45219086996657,32.778735660163704,32.45219086996657,32.70012283325195,1623236.0700086476
2016-08-22 13:30:00,32.6487211343024,32.79385330525201,32.57615677893955,32.715240478515625,849652.2968937877
2016-08-23 13:30:00,32.86038581577186,33.0206357691394,32.86038581577186,32.87550354003906,910176.015639613
2016-08-24 13:30:00,32.92085008714215,32.94806475352608,32.51871316620872,32.60337448120117,1011711.1163515518
2016-08-25 13:30:00,32.503590517762326,32.887588883195576,32.503590517762326,32.73640823364258,1036516.2207560712
2016-08-26 13:30:00,32.790835887263526,33.129477654153014,32.66082142121159,32.88154220581055,1027586.3823087094
2016-08-29 13:30:00,33.02063159673635,33.138552599300574,32.972254193149084,33.01156234741211,893970.2329721003
2016-08-30 13:30:00,33.01760648657724,33.19901913104875,32.83014190964252,32.94806289672852,3507089.010258839
2016-08-31 13:30:00,32.93899625747758,32.975280177147056,32.74246585642213,32.926902770996094,1595454.0049284082
2016-09-01 13:30:00,33.02063319590222,33.21112204318501,32.76060766672455,33.18693161010742,1536583.611262616
2016-09-02 13:30:00,33.335087398316915,33.359277830911026,33.002490576553875,33.15367126464844,1834904.4437510096
2016-09-06 13:30:00,33.211121768594275,33.256474937486615,32.908760388862014,33.07808303833008,1196590.5190514692
2016-09-07 13:30:00,33.12645116446866,33.13249963605,32.766643230307274,32.82711410522461,4204935.356776436
2016-09-08 13:30:00,32.72129118547978,32.85735065866497,32.576159004614425,32.76966857910156,1491935.091250996
2016-09-09 13:30:00,32.512675776753504,32.512675776753504,31.508843627094752,31.60559844970703,2807257.90853059
2016-09-12 13:30:00,31.34859505392,32.231481984221624,31.242767515633776,32.19519805908203,2384250.868067857
2016-09-13 13:30:00,32.03493285483087,32.307058703706566,31.750716983627072,31.910966873168945,1325245.911066692
2016-09-14 13:30:00,31.829329406314947,32.27077438598415,31.786997027584665,32.192161560058594,1206182.1559875351
2016-09-15 13:30:00,32.177046190150094,32.99644118952824,32.13471726400277,32.935970306396484,1979434.8506891443
2016-09-16 13:30:00,33.177855574063045,33.28065537799705,32.69407815348957,32.945037841796875,2112389.481822401
2016-09-19 13:30:00,33.15064322871699,33.468122291307424,32.875496553258365,32.98434829711914,1301432.9152253086
2016-09-20 13:30:00,33.174834893252296,33.19600108760597,32.75455600389509,32.8361930847168,1186337.914401234
2016-09-21 13:30:00,32.99946189706069,33.34112788657957,32.85735049258291,33.28972625732422,1428434.425112717
2016-09-22 13:30:00,33.50740779160922,33.60718676955727,33.30180482688818,33.3985595703125,1164841.0044645304
2016-09-23 13:30:00,33.35020393919111,33.36532166144231,33.01458635294473,33.056915283203125,901907.8218169349
2016-09-26 13:30:00,32.82218900725865,32.931494123223125,32.594467988730266,32.731101989746094,1261741.238717419
2016-09-27 13:30:00,32.655218565523874,33.301949411866474,32.637003927373144,33.295875549316406,1135928.499352796
2016-09-28 13:30:00,33.41732141088484,33.532696976941764,33.159234428326165,33.362667083740234,922839.178954342
2016-09-29 13:30:00,33.37785013853718,33.98207080273174,33.01349488658844,33.77256774902344,2833399.3612533933
2016-09-30 13:30:00,33.97296053163942,34.52860073575046,33.97296053163942,34.30695343017578,1506776.9241914202
2016-10-03 13:30:00,34.38893261529701,34.53771095172958,34.00939618459146,34.076194763183594,3987442.300705149
2016-10-04 13:30:00,34.21890203402656,34.325173772197175,33.85758368384565,33.98814392089844,1119131.7279827534
2016-10-05 13:30:00,34.09745781986057,34.476990865039774,34.015478042747866,34.23712539672852,4229513.668759987
2016-10-06 13:30:00,34.21281585269026,34.464825417315325,34.00027594921536,34.4375,2858431.0626962874
2016-10-07 13:30:00,34.49215884909453,34.49215884909453,34.07618630158527,34.385887145996094,1519292.632416003
2016-10-10 13:30:00,34.546807459456,34.67736764498764,34.20067042635507,34.21281814575195,1328928.2826300624
2016-10-11 13:30:00,34.17032587903864,34.17032587903864,33.201753237427305,33.496273040771484,2054485.8260939976
2016-10-12 13:30:00,33.475017298844726,33.484124618199374,33.08637347771581,33.38393020629883,1720854.2264737848
2016-10-13 13:30:00,33.08636151218545,33.08636151218545,32.457848986767935,32.989200592041016,2285690.4594757515
2016-10-14 13:30:00,33.2897998123388,33.62682966989597,33.20782352102709,33.23818588256836,1498543.045251734
2016-10-17 13:30:00,33.20478792071131,33.38392864078411,33.0468987697194,33.06511688232422,769691.1992078286
2016-10-18 13:30:00,33.47198519073658,33.584327344298124,33.383935016870964,33.447696685791016,978828.3299724808
2016-10-19 13:30:00,33.15620592388845,33.35052781642335,32.992246392718435,33.30801773071289,1308837.3838300582
2016-10-20 13:30:00,33.24728178219119,33.66325433183779,33.04385263983354,33.54180145263672,2261318.6994514363
2016-10-21 13:30:00,33.27461710314043,33.49019402988069,33.1410199386958,33.45679473876953,1203116.0430228706
2016-10-24 13:30:00,33.63290130289848,34.091380623599846,33.63290130289848,34.070125579833984,780559.7551033844
2016-10-25 13:30:00,34.08833342078172,34.191568202537816,33.97599132287002,34.03975296020508,904066.3178838092
2016-10-26 13:30:00,33.77863663018675,34.19157233233862,33.751311203670866,33.99117660522461,1229464.1737807728
2016-10-27 13:30:00,34.32213168281484,34.401074504441695,33.78774656547628,33.833290100097656,1521268.4604035043
2016-10-28 13:30:00,33.96992705912155,34.17335974980418,33.59343098935003,33.62986373901367,1974453.9324379556
2016-10-31 13:30:00,33.74826915686595,33.972953345766186,33.74826915686595,33.81203079223633,1002542.0606318794
2016-11-01 13:30:00,33.81810805340412,34.08529886783716,33.144051944171736,33.511444091796875,1837774.0262070133
2016-11-02 13:30:00,33.53268956820782,33.71790407365228,33.18048213709022,33.28978729248047,2701989.399313694
2016-11-03 13:30:00,33.304966566918075,33.52358033997112,33.11064475742561,33.23209762573242,1660584.0234997151
2016-11-04 13:30:00,33.03777562601173,33.31407716446467,32.79183643577367,33.0225944519043,1382283.0596505008
2016-11-07 14:30:00,33.63593495185567,33.97296131425687,33.50233778936352,33.95170974731445,5267296.785456387
2016-11-08 14:30:00,33.94260257156653,34.24015928796214,33.75131760020494,34.02154541015625,1346053.8778302826
2016-11-09 14:30:00,33.25942735159694,33.969916125222134,33.09546786926059,33.86061096191406,3415361.7797663817
2016-11-10 14:30:00,34.0579746263763,34.279621915060766,32.82220794545948,33.12887191772461,7321454.333824436
2016-11-11 14:30:00,33.50538163728066,34.45270274447678,33.50538163728066,34.398048400878906,2849207.4710094286
2016-11-14 14:30:00,34.56807284065922,34.57110977141746,34.12781169894095,34.21889877319336,1471207.1528209993
2016-11-15 14:30:00,34.35857597213824,34.95064901080751,34.27659620066098,34.859561920166016,1553544.412629367
2016-11-16 14:30:00,34.79882143333639,35.290696364689204,34.78971064354849,35.26033401489258,1330904.3490707038
2016-11-17 14:30:00,35.39394564484809,35.81598873460005,35.1814056343849,35.63988494873047,1190600.655618423
2016-11-18 14:30:00,35.533605445976185,35.943504196262786,35.533605445976185,35.8979606628418,1168534.4532957296
2016-11-21 14:30:00,36.00727240380488,36.1924869765221,35.88278602813808,36.13783264160156,1251859.8216083995
2016-11-22 14:30:00,36.3291083687778,36.55682949428121,36.29571255979933,36.523433685302734,1557497.1325824212
2016-11-23 14:30:00,36.53862262546643,36.6448908850644,36.34430074240209,36.56898498535156,1146138.4795448524
2016-11-25 14:30:00,36.6357731361284,36.65095431174861,36.47484711495678,36.63273620605469,452197.867948648
2016-11-28 14:30:00,36.54468524785735,36.69042662918958,36.46270550368617,36.523433685302734,726217.2081506108
2016-11-29 14:30:00,36.49612710336686,36.67223094581367,36.283587024620495,36.45665740966797,1287429.1749913727
2016-11-30 14:30:00,36.43841974825852,36.53254374592458,36.23195364454767,36.24713134765625,649807.9111295681
2016-12-01 14:30:00,36.219816579991495,36.219816579991495,34.270523581631096,34.47698974609375,3829682.801471486
2016-12-02 14:30:00,34.42840856844413,34.962793819861375,34.30999604366831,34.902069091796875,3290207.4272233886
2016-12-05 14:30:00,35.20568757902962,35.43947909160784,34.97492952201196,35.3271369934082,1230123.0195414063
2016-12-06 14:30:00,35.427335313162466,35.855452148949965,35.427335313162466,35.81597900390625,1597019.1279658289
2016-12-07 14:30:00,35.79472215045617,36.64184498801134,35.676309670829085,36.55379486083984,1427733.1967246474
2016-12-08 14:30:00,36.65095331255845,37.08817741304782,36.60540978693944,36.87260055541992,1386235.1624794342
2016-12-09 14:30:00,37.17015462143702,37.246060492307,36.49002828914757,36.74811172485352,1102664.6803477562
2016-12-12 14:30:00,36.60237546752474,36.66613710288865,36.16818826605893,36.45967102050781,2298535.1648683925
2016-12-13 14:30:00,36.587193418496,37.12461538570699,36.53861296058001,36.88474655151367,1102335.2027977742
2016-12-14 14:30:00,36.89992203793345,37.08817345504967,36.72381833948453,36.85134506225586,2183921.6781591657
2016-12-15 14:30:00,37.0031686846995,37.64078860438812,36.939407040205545,37.47986602783203,2438508.657948471
2016-12-16 14:30:00,37.70151406618796,37.7774199600083,36.93333391162936,37.1003303527832,1618426.7027870384
2016-12-19 14:30:00,37.19749226284772,37.61042798051396,37.151948725360434,37.46772003173828,1367461.8424184718
2016-12-20 14:30:00,37.84421866309887,37.89887299168185,37.66204451732048,37.82600402832031,2367698.316525243
2016-12-21 14:30:00,37.905127227006375,37.99643030618432,37.76513381607531,37.82600021362305,862203.1421786051
2016-12-22 14:30:00,38.242946837863634,38.25207888886324,37.86556883559057,38.00860977172852,952234.8527343528
2016-12-23 14:30:00,37.97207649664886,38.22467758471099,37.908166091338565,38.203372955322266,525733.6947323382
2016-12-27 14:30:00,38.27946365813395,38.73292461878273,38.26120304109927,38.67510223388672,1542699.4995090964
2016-12-28 14:30:00,38.89726220486151,38.92769540212522,37.920341944700674,37.94164657592773,1904141.561303717
2016-12-29 14:30:00,37.76818712872801,37.9355697631836,37.53689058168802,37.9355697631836,1146427.6000841465
2016-12-30 14:30:00,38.07251297038795,38.242939578603455,37.22645751358559,37.34819030761719,3728108.588663172
2017-01-03 14:30:00,37.47601113449289,37.88382226364013,37.02863824042792,37.34819030761719,2906978.3786271
2017-01-04 14:30:00,37.53385028794535,37.63428196829611,37.27820854367619,37.45167922973633,1483225.472458866
2017-01-05 14:30:00,37.47297114632903,37.670790440751816,37.06211943945045,37.13211441040039,1031752.1337921942
2017-01-06 14:30:00,37.2234261247724,37.53384973085937,36.98908554076544,37.42733001708984,958477.7951658028
2017-01-09 14:30:00,37.558197532629656,37.975140881658575,37.53385235700368,37.82297134399414,968006.646209581
2017-01-10 14:30:00,37.85035940446062,38.09382506246177,37.79862155899245,38.00556945800781,756727.6232438403
2017-01-11 14:30:00,38.045129547146246,38.14252068202806,37.859486294581416,38.13643264770508,1785522.399939103
2017-01-12 14:30:00,37.929475882030765,38.02686700306508,37.24471839805857,37.816871643066406,1483554.431719441
2017-01-13 14:30:00,37.87165374885692,38.15468809795312,37.82600394619152,38.063385009765625,930548.42138093
2017-01-17 14:30:00,37.923400939348845,37.94774611363279,37.32689889224408,37.45167922973633,1196700.7467202458
2017-01-18 14:30:00,37.49730337731563,37.99032938910079,37.4607821580304,37.96294021606445,1266689.8781793003
2017-01-19 14:30:00,37.90513048339675,38.21859803026742,37.768181077149166,37.79252624511719,2987481.0576351224
2017-01-20 14:30:00,38.17598524550822,38.51380141208608,38.13033544763067,38.27946090698242,2113777.7622140544
2017-01-23 14:30:00,38.136430965183024,38.218602010632125,37.749924391298016,38.04512786865234,1154313.6672287674
2017-01-24 14:30:00,38.20641872209043,38.85465485300239,38.15468089569325,38.78161239624024,4089879.374047779
2017-01-25 14:30:00,39.3050698847678,39.448110775413895,38.99464642378911,39.35680770874024,2218596.1940849754
2017-01-26 14:30:00,39.43288710972299,39.43288710972299,38.96420968626676,39.13463973999024,1382679.7443120426
2017-01-27 14:30:00,39.33553023817469,39.633781323806495,39.33553023817469,39.62160873413086,1070524.497882698
2017-01-30 14:30:00,39.44203533840419,39.44203533840419,38.930748450329695,39.42377471923828,1661975.1134865377
2017-01-31 14:30:00,39.1985615711871,39.22290673861581,38.6720581434048,38.91248321533203,1593629.9439625265
2017-02-01 14:30:00,39.33247667498949,39.548553130880535,39.134657356135534,39.53029251098633,1962957.479631858
2017-02-02 14:30:00,39.25943040105268,39.633764365562406,39.07073966895392,39.51203155517578,1550913.9938608832
2017-02-03 14:30:00,39.73418773834503,39.78896958130979,39.58201827423583,39.71592712402344,952235.1041158003
2017-02-06 14:30:00,39.79506772976565,39.88637083257403,39.54551055923241,39.855934143066406,1011051.2125964086
2017-02-07 14:30:00,40.08722157972458,40.15113199573261,39.79505868287173,40.00200653076172,651581.0888430852
2017-02-08 14:30:00,40.12069262953212,40.23329684437525,39.8680950208682,40.078086853027344,845116.9027139136
2017-02-09 14:30:00,40.05678776230043,40.187652608842974,39.67940982230405,39.72810363769531,1487497.5464843002
2017-02-10 14:30:00,39.99591344485285,39.99895746074769,39.31724069738896,39.70375061035156,1699434.2464426744
2017-02-13 14:30:00,39.81332745173516,40.0507120308219,39.72506836815529,39.78593826293945,1017951.4875913804
2017-02-14 14:30:00,39.80115317850514,39.80115317850514,39.42986320549173,39.67637634277344,666367.238333825
2017-02-15 14:30:00,39.78898138712204,40.023318460924585,39.58507403574288,39.9837532043457,770856.7603246901
2017-02-16 14:30:00,40.02636000681015,40.11461908296014,39.79201946461862,40.047664642333984,1019265.9071436158
2017-02-17 14:30:00,39.843745435645424,40.260688556912015,39.70983659427935,40.25460052490234,1091226.010921391
2017-02-21 14:30:00,40.39155891518427,40.83893180921368,40.39155891518427,40.82371520996094,2202495.317450736
2017-02-22 14:30:00,40.74458439496176,40.88457779159395,40.66849792294218,40.83283996582031,738984.3997020202
2017-02-23 14:30:00,40.78414286436247,40.78718688025452,39.90461382862436,40.16938400268555,1947514.8468452008
2017-02-24 14:30:00,39.52724340596036,40.14809047102028,39.381161948467245,40.14200592041016,1719148.7873118904
2017-02-27 14:30:00,40.163312827576576,40.540687335314026,40.07505375159667,40.52547073364258,4008061.108735353
2017-02-28 14:30:00,40.59851248868633,40.59851248868633,39.925927561582135,40.00809860229492,1418823.42795014
2017-03-01 14:30:00,40.488954884503066,40.68677071553989,40.0994008079561,40.63199234008789,1442152.760985306
2017-03-02 14:30:00,40.7263405109863,40.8267721876522,40.17244776348714,40.21505355834961,1413237.259881419
2017-03-03 14:30:00,40.26070291868809,40.29113612388089,39.95940791813661,40.19374847412109,1412908.8145550487
2017-03-06 14:30:00,40.081148138985824,40.285052026848405,39.749419900821,40.21505355834961,1750692.4251681468
2017-03-07 14:30:00,40.145048728088696,40.56807648701733,40.02331244241578,40.30330276489258,1779279.6184365964
2017-03-08 14:30:00,40.46764249024631,40.73241619702983,40.31547301268616,40.39764404296875,1924513.634164306
2017-03-09 14:30:00,40.373296320377264,40.543722920224766,40.1541724258806,40.47676849365234,1117841.1811539663
2017-03-10 14:30:00,40.71719714367335,41.02457661387795,40.71719714367335,40.939361572265625,2339843.3352919603
2017-03-13 13:30:00,41.0641509711276,41.26197029584713,40.98502393781124,41.24675369262695,1256831.6265419873
2017-03-14 13:30:00,41.13717606371496,41.167609257290856,40.78718737188066,41.125,1168443.1773084276
2017-03-15 13:30:00,41.17674351570725,41.5267322559343,40.97892424725582,41.45064926147461,1213787.5422313504
2017-03-16 13:30:00,41.58456904985318,41.593701102067584,41.328927313569054,41.40805435180664,1021565.8258553556
2017-03-17 13:30:00,41.55109327530434,41.55109327530434,41.36240598390607,41.49327087402344,2006658.8229686064
2017-03-20 13:30:00,41.59977299818474,41.94367372029648,41.45673556939217,41.80063629150391,1246645.8418881332
2017-03-21 13:30:00,41.90716682131987,41.98629385597157,40.74155549098306,40.820682525634766,2149592.774400127
2017-03-22 13:30:00,40.860239758335545,41.29848412153242,40.71720232060552,41.25283432006836,1836124.54644054
2017-03-23 13:30:00,41.24673312217296,41.34107671165873,41.042829347570006,41.16151809692383,1676762.088580936
2017-03-24 13:30:00,41.68421700889132,41.9771443933193,41.3027996160139,41.46146774291992,1743502.1103840093
2017-03-27 13:30:00,41.06480335838008,41.62014537475255,40.8939272801253,41.52250289916992,1583899.3387429805
2017-03-28 13:30:00,41.60488055429445,41.815421881503575,41.40349167958588,41.65370178222656,930086.3296330852
2017-03-29 13:30:00,41.67201187236334,41.67201187236334,41.42790572278457,41.553009033203125,1162771.7277867582
2017-03-30 13:30:00,41.57438381663794,41.8581553496074,41.5103061484209,41.76661682128906,907800.6116248728
2017-03-31 13:30:00,41.809322422744906,41.97714650308216,41.635397870739965,41.769657135009766,673476.8151811037
2017-04-03 13:30:00,41.78796731001979,41.88865827053165,41.23567381234278,41.50419235229492,2364870.312309428
2017-04-04 13:30:00,41.24483012095149,41.56521838896669,41.177700485373016,41.29670333862305,1493119.3248499888
2017-04-05 13:30:00,41.41570640570658,41.69642940907051,40.98241920962244,41.00988006591797,1375793.319767445
2017-04-06 13:30:00,40.98240180035291,41.16548224581537,40.655909677866326,41.07394027709961,1273215.6545562495
2017-04-07 13:30:00,41.08920686063795,41.37603377765306,40.97325599954289,41.25092697143555,827180.3131643493
2017-04-10 13:30:00,41.25398585821139,41.29365464310861,40.83595508553387,40.93359756469727,885187.6592295772
2017-04-11 13:30:00,40.73220881526545,40.74441325222018,39.99989021842366,40.60405349731445,1750056.3051355449
2017-04-12 13:30:00,40.49113954120484,40.5460612330628,39.810694419419335,39.9052848815918,1862139.255349261
2017-04-13 13:30:00,39.66729239800423,40.24094281543338,39.62457512439678,39.63983154296875,1430195.8844592192
2017-04-17 13:30:00,39.79544747144746,40.15550802670341,39.79544747144746,40.13414764404297,1452808.9811961418
2017-04-18 13:30:00,39.91139229946937,40.344682899381525,39.88393144876009,40.32027053833008,1448221.037829111
2017-04-19 13:30:00,40.64981829741717,40.90002843339028,40.46978977718644,40.53081893920898,1858861.5077152173
2017-04-20 13:30:00,40.8298630093116,41.24484541256952,40.62847402791079,41.17161178588867,1824121.835141298
2017-04-21 13:30:00,41.03735327261235,41.080070557400965,40.65288374162967,40.997684478759766,2100067.101002233
2017-04-24 13:30:00,41.59878280495422,41.72083763900075,41.43706268152096,41.58657836914063,1619293.8225072264
2017-04-25 13:30:00,41.78797347180793,42.074796961804346,41.687279004478114,42.010719299316406,1387263.6579714366
2017-04-26 13:30:00,41.95273572793821,42.032069791777005,41.510292667479305,41.66590881347656,3827839.2011768767
2017-04-27 13:30:00,41.96495413096318,42.30975484424017,41.882568058021405,42.25177764892578,1200787.5141047577
2017-04-28 13:30:00,42.15106240101312,42.15106240101312,41.42179603468222,41.53164291381836,3423425.915217872
2017-05-01 13:30:00,41.6323486236011,41.95578887824576,41.42485924189947,41.94358444213867,2256392.977100403
2017-05-02 13:30:00,41.83373678927028,41.83373678927028,41.28754725254062,41.50114059448242,3712807.043162343
2017-05-03 13:30:00,41.28144480235861,41.705579483952455,41.26923687508335,41.64455032348633,1250602.2028110807
2017-05-04 13:30:00,41.78796843078793,41.78796843078793,41.43706382866364,41.61404037475586,1332205.870525007
2017-05-05 13:30:00,41.72387927083319,41.77880096435547,41.38823117944445,41.77880096435547,985472.1174149672
2017-05-08 13:30:00,41.75745559442412,41.83373768533362,41.53470630181592,41.61404037475586,876011.3879245616
2017-05-09 13:30:00,41.672024933543305,42.14802945543771,41.61404774061365,42.025978088378906,1399389.4367159856
2017-05-10 13:30:00,42.5446887951774,42.9962877775812,42.532484361050194,42.91695022583008,2734873.267764824
2017-05-11 13:30:00,42.8834012395929,43.27091919735942,42.53554857714124,43.07258224487305,2284249.394064538
2017-05-12 13:30:00,43.13055582668614,43.2465032125002,42.94747530955431,43.19463348388672,626284.2119384125
2017-05-15 13:30:00,43.37771297036597,43.89033774902814,43.25260963101303,43.86287689208984,1227005.733359192
2017-05-16 13:30:00,44.06731649121579,44.50975966628223,43.86287906128703,44.49145126342773,1166048.6600937806
2017-05-17 13:30:00,43.96967016844313,44.05816019252564,42.53554582565896,42.57216262817383,3376887.701429664
2017-05-18 13:30:00,42.59047687610753,43.48756770904839,42.462318049712295,43.36551284790039,2298013.7142748567
2017-05-19 13:30:00,43.7713365493268,43.99713436201358,43.73167125356871,43.84457015991211,2928886.1702491418
2017-05-22 13:30:00,44.128338392196326,44.34192824236649,44.02764393907683,44.3236198425293,2184948.7627989985
2017-05-23 13:30:00,44.363293756152416,44.36634573847337,43.80795170073905,44.14664840698242,830457.4057968272
2017-05-24 13:30:00,44.4426203184342,44.51585391386604,44.22902698771804,44.43346786499024,1112957.3114346906
2017-05-25 13:30:00,44.56773272641721,44.81793939430564,44.37244427806043,44.659271240234375,1107058.1053645804
2017-05-26 13:30:00,44.62265807783309,44.88507269587893,44.36634742466115,44.863712310791016,862574.510254573
2017-05-30 13:30:00,44.86066270841941,45.272593027929126,44.8087894841892,45.162742614746094,1285668.6503042197
2017-05-31 13:30:00,45.48617599801627,45.57771799510039,44.93998996528989,45.15663528442383,1753661.4816540023
2017-06-01 13:30:00,45.33055932470501,45.33055932470501,44.946089925270286,45.2024040222168,1161460.7291642316
2017-06-02 13:30:00,45.48923383784607,45.71808362207158,45.1474851526532,45.66315841674805,1417414.489149541
2017-06-05 13:30:00,45.6478954990336,46.01710496010015,45.62958710126594,45.77299880981445,1077890.699440634
2017-06-06 13:30:00,45.60213928881257,46.23681550961728,45.53500963665415,45.92253112792969,1355474.1005967944
2017-06-07 13:30:00,46.15136808205637,46.44734746881764,46.02931325070353,46.26426696777344,1379398.4718376636
2017-06-08 13:30:00,46.63957789483091,47.12779020983223,46.236800115977374,47.10948181152344,1767098.3519613962
2017-06-09 13:30:00,47.45428774572721,47.58549503837445,44.21682619438994,45.129173278808594,5575273.32822669
2017-06-12 13:30:00,44.56468772197604,45.03459178535986,43.576054856496576,44.86981964111328,5765025.483206848
2017-06-13 13:30:00,45.553319011844586,45.61739668263935,44.62266330195223,45.17495346069336,3513876.449922114
2017-06-14 13:30:00,45.36108443154096,45.36108443154096,44.20463092244296,44.701995849609375,2307517.714893552
2017-06-15 13:30:00,43.954423365894506,44.485356642608046,43.89644965920435,44.34804534912109,3858316.2083609807
2017-06-16 13:30:00,44.46398992806993,44.68063528555779,44.033751195532325,44.17106246948242,1735636.2479239677
2017-06-19 13:30:00,44.659280228111946,45.08341504637065,44.6226634184276,45.01018142700195,1590125.7685617837
2017-06-20 13:30:00,45.24817749336756,45.30310269611398,44.49449853353752,44.50365447998047,1303365.9393850665
2017-06-21 13:30:00,44.71115278948764,45.0315411394942,44.53112421853845,45.01933670043945,1515076.5742530916
2017-06-22 13:30:00,45.00711510806667,45.11696200163627,44.70197980419477,44.91557312011719,1420036.620864272
2017-06-23 13:30:00,44.9918691386187,45.30310498597245,44.7813242634339,45.049842834472656,1063142.7944816845
2017-06-26 13:30:00,45.3061554273494,45.55026164245554,44.42432107053393,44.66232681274414,2056807.6112313664
2017-06-27 13:30:00,44.50326083521696,44.50326083521696,43.45101443909677,43.46936798095703,2093921.701081347
2017-06-28 13:30:00,43.72020441410247,44.27079678548807,43.30114287039665,44.22185516357422,2490474.957554431
2017-06-29 13:30:00,44.04443822090089,44.04443822090089,42.53030758683717,43.12066650390625,3213948.743991414
2017-06-30 13:30:00,43.255244015039885,43.48159850953088,42.698532798608575,42.88512420654297,1626753.3712539622
2017-07-03 13:30:00,43.23077489672568,43.28889152336694,42.282530826261976,42.29782485961914,1930788.8716041248
2017-07-05 13:30:00,42.43548152765475,43.23078545885515,42.43548152765475,43.16349029541016,2090325.2673209573
2017-07-06 13:30:00,42.76276342511652,43.34394712716204,42.56088150805181,42.97382736206055,2248228.345212404
2017-07-07 13:30:00,43.1818504842477,43.87315226911338,43.1818504842477,43.69879531860352,3677193.460922325
2017-07-10 13:30:00,43.867026523533816,44.316676115110205,43.59173035513879,44.20349884033203,1066085.501034633
2017-07-11 13:30:00,44.08725980611348,44.5889139990219,44.0597312408543,44.570560455322266,1052028.0029322389
2017-07-12 13:30:00,45.01714688424611,45.38115119202176,44.858084030912735,45.28326797485352,1828789.8013914383
2017-07-13 13:30:00,45.332209974274726,45.6258596283112,45.00796875160196,45.14255905151367,1670233.645826705
2017-07-14 13:30:00,45.39032940253937,45.77268727798187,45.2832711577404,45.74821472167969,1345275.2062518448
2017-07-17 13:30:00,45.90421002902165,45.91950406131087,45.40867498145983,45.56161880493164,755511.9190401973
2017-07-18 13:30:00,45.28938560728604,45.71150656350386,45.12114772597454,45.70233154296875,1108258.3369002133
2017-07-19 13:30:00,45.96539132965854,46.13668871126568,45.80938798206131,46.12445068359375,1537177.2581788085
2017-07-20 13:30:00,46.14280407407509,46.320216968359766,45.76044972449363,46.25904083251953,1664022.1755935126
2017-07-21 13:30:00,45.9562200742177,45.9562200742177,45.63809783970671,45.86445236206055,1072297.1062932152
2017-07-24 13:30:00,45.93174428425544,45.93174428425544,45.63503512023023,45.72680282592773,1321410.124612424
2017-07-25 13:30:00,45.63198160567904,45.79715999704579,45.21597962048766,45.687042236328125,1311602.3561977271
2017-07-26 13:30:00,46.09385885291531,46.38750848263113,45.92868049862769,46.18868255615234,2184478.791495204
2017-07-27 13:30:00,46.326343010685136,46.38751915580686,44.94373972721901,45.48515701293945,3081546.2961585373
2017-07-28 13:30:00,45.27713582130741,45.497374746311,45.08748495521952,45.31078338623047,1313891.3737555724
2017-07-31 13:30:00,45.316907782262014,45.55244078290082,44.83361075571492,44.959022521972656,1653560.9021004878
2017-08-01 13:30:00,45.09361566700927,45.24044048824648,44.87338018544339,45.23738098144531,1091912.4284028243
2017-08-02 13:30:00,45.49739042093494,45.595273643419205,44.598084376208114,44.91008758544922,1897442.8728666063
2017-08-03 13:30:00,44.88255379515758,45.02631910507684,44.52160901671703,44.74184799194336,1468197.2664739047
2017-08-04 13:30:00,44.77243884218682,45.121145615492914,44.62867002274697,44.76020431518555,1398890.160887276
2017-08-07 13:30:00,44.876438411734775,45.55244592446071,44.876438411734775,45.531036376953125,1034374.4768127316
2017-08-08 13:30:00,45.570799183015794,45.93174398841444,45.25267697294681,45.39950180053711,892164.3377768323
2017-08-09 13:30:00,45.04162938564589,45.28939700943398,44.839747377826015,45.24657440185547,769896.0844584802
2017-08-10 13:30:00,44.95903392888526,44.97432796522195,43.94655402095817,43.98326110839844,1773540.0588970566
2017-08-11 13:30:00,43.77832420133807,44.307503514879066,43.67432194290345,44.23103332519531,1138007.797074576
2017-08-14 13:30:00,44.766319207307774,45.40867912379211,44.760203694181975,45.3566780090332,1754579.0132381204
2017-08-15 13:30:00,45.5555125968437,45.5616316117112,45.14868562266929,45.46986389160156,578975.0032551286
2017-08-16 13:30:00,45.56468729119979,45.73598470045335,45.32609822179007,45.54327774047852,847703.1023301398
2017-08-17 13:30:00,45.326100606165774,45.44539689743648,44.36867776958886,44.39315032958984,1317486.8193903826
2017-08-18 13:30:00,44.656204218354176,44.79079452354019,44.24019877521016,44.4604377746582,1119046.6912546053
2017-08-21 13:30:00,44.52466972373463,44.59808038373594,43.85478126104091,44.13007736206055,1030778.4138044602
2017-08-22 13:30:00,44.518557652833245,44.94679765479446,44.460441017126406,44.85808944702149,1140623.3190317196
2017-08-23 13:30:00,44.43596523452698,45.17620841273016,44.39008313062839,45.04773712158203,2161921.053656222
2017-08-24 13:30:00,45.23433246354288,45.29857162023357,44.80303641545883,45.05386352539063,1410332.057422993
2017-08-25 13:30:00,45.22208758503155,45.30162076066275,44.76631908147386,44.836673736572266,746358.0954876628
2017-08-28 13:30:00,44.90091303935994,44.9835022279901,44.72655964139858,44.97126770019531,602186.3774782957
2017-08-29 13:30:00,44.40537740154689,45.15785511134434,44.39008336683264,45.04161834716797,1164815.4654754351
2017-08-30 13:30:00,45.28326742690204,45.88280124965787,45.12420457549341,45.81244659423828,2178267.178069152
2017-08-31 13:30:00,45.96844665859908,46.32633192271585,45.89809200819982,46.26515579223633,1168411.7439510268
2017-09-01 13:30:00,46.347759667564574,46.70870455279304,46.347759667564574,46.4670524597168,1733982.6313623472
2017-09-05 13:30:00,46.30186513210517,46.35998175878316,45.43926624766457,45.8307991027832,3058335.57101976
2017-09-06 13:30:00,46.08774901071314,46.11528107562624,45.68704107192902,45.90422058105469,1137681.035866824
2017-09-07 13:30:00,45.99292441072407,46.164221809165504,45.78492342739976,45.98374938964844,951663.6662705722
2017-09-08 13:30:00,45.953166278796914,45.98681386067338,45.27409912675047,45.44233703613281,1584580.313472408
2017-09-11 13:30:00,45.79409851761493,46.41504896246739,45.79409851761493,46.307987213134766,1422428.23967423
2017-09-12 13:30:00,46.36611795789992,46.650589184309744,46.25905618406995,46.51599884033203,808799.5080979081
2017-09-13 13:30:00,46.49457649570088,46.71481199745996,46.26210296561504,46.60775375366211,842145.5561873221
2017-09-14 13:30:00,46.41198809726543,47.06658260067997,46.40586908299791,46.79128646850586,1805578.3492492083
2017-09-15 13:30:00,47.011523815426585,47.66000283055439,46.91670009404735,47.608001708984375,1551888.4823758556
2017-09-18 13:30:00,47.88635906789316,48.52565958407192,47.88635906789316,48.23200988769531,1609426.316858029
2017-09-19 13:30:00,48.345178014618426,48.57153250853552,48.08517594723421,48.38494110107422,1506773.775546519
2017-09-20 13:30:00,48.439998660818674,48.439998660818674,47.07268976277555,47.718109130859375,2479033.6866784724
2017-09-21 13:30:00,47.62941305442887,47.684473685328506,47.10023379875679,47.513179779052734,941856.0246786608
2017-09-22 13:30:00,47.38775417100408,47.81599409439364,47.3785791514739,47.75481796264648,808799.830620565
2017-09-25 13:30:00,47.58352850018515,47.58352850018515,46.61387124831045,46.834110260009766,1956615.2715735675
2017-09-26 13:30:00,47.31867864232967,47.31867864232967,46.62511671793767,46.76014709472656,1601248.584569027
2017-09-27 13:30:00,47.32481891452399,48.085896103904446,47.26344274145258,47.89255905151367,1266921.8295199417
2017-09-28 13:30:00,47.843446270509965,48.273086406022735,47.72069044092393,48.24546432495117,890560.2279592756
2017-09-29 13:30:00,48.43881665548637,48.727287481713546,48.19330844847608,48.662841796875,997766.100656974
2017-10-02 13:30:00,48.88073180132563,49.18147716219301,48.61987954888716,48.98814010620117,1347407.836288376
2017-10-03 13:30:00,49.04644492123144,49.23978195609424,48.883795970122165,49.123165130615234,582301.8298883551
2017-10-04 13:30:00,49.06178612264839,49.23670959472656,48.77638134102266,49.23670959472656,949213.9500111102
2017-10-05 13:30:00,49.44540446090226,49.4515399713589,48.99428113310317,49.27968597412109,584582.7229494981
2017-10-06 13:30:00,49.10168886961886,49.48836650493999,49.098622870439605,49.4730224609375,806815.4063025096
2017-10-09 13:30:00,49.6663585336782,49.89345319001459,49.611117869153205,49.85049057006836,907178.5686065212
2017-10-10 13:30:00,50.298537582459865,50.298537582459865,49.6295281896028,50.12975311279297,821478.922594214
2017-10-11 13:30:00,50.099080549963055,50.48575476016482,50.03156533636706,50.473480224609375,933246.6899447674
2017-10-12 13:30:00,50.45504680379671,50.6453143221037,50.273984305525936,50.31388092041016,634764.4090950653
2017-10-13 13:30:00,50.55018346907746,50.81410521095095,50.41822259814071,50.636112213134766,577739.8524765004
2017-10-16 13:30:00,50.789559229308814,50.88469299970296,50.534842492548016,50.875484466552734,590122.2839033005
2017-10-17 13:30:00,50.90003472316921,50.90003472316921,50.58701133882842,50.83251953125,607066.7393797127
2017-10-18 13:30:00,51.01972331566268,51.09644353167142,50.33536634556984,51.00437927246094,773578.3015015454
2017-10-19 13:30:00,50.61156270866808,50.881623488652885,50.09292772604899,50.875484466552734,1155479.6348542816
2017-10-20 13:30:00,51.274441007846185,51.38798834224365,51.05962087227692,51.1363410949707,1176985.9231478204
2017-10-23 13:30:00,51.38491571836503,51.6611155273856,51.14247701971671,51.38798522949219,975933.84644347
2017-10-24 13:30:00,51.53221997781394,51.79614173891284,51.33888292362095,51.74704360961914,698957.638628674
2017-10-25 13:30:00,51.461634047786056,51.59973042577733,50.54711298932385,51.06882095336914,1703240.9852110774
2017-10-26 13:30:00,51.157817275343135,51.476979680432095,51.090302083650734,51.36956787109375,1243786.232955875
2017-10-27 13:30:00,51.71328306257247,52.51425688785,51.48925791911924,52.44367218017578,1149614.229482927
2017-10-30 13:30:00,52.277935817761325,52.805779165150895,52.277935817761325,52.58482360839844,1715298.0085015404
2017-10-31 13:30:00,52.71680137223608,53.158719681129206,52.57256595120826,53.00527572631836,1120287.2847276523
2017-11-01 13:30:00,53.434924294688926,53.47175141149123,52.348548933211134,52.81194686889648,1647193.526521859
2017-11-02 13:30:00,52.9132014660463,53.21088080541528,52.505044319002366,53.072784423828125,4453452.064040426
2017-11-03 13:30:00,53.33056487008968,54.01491826313224,52.89171965697444,54.0118522644043,2915093.5732006542
2017-11-06 14:30:00,54.5366279956457,54.800549736671066,54.1468808937895,54.775997161865234,3321108.062810467
2017-11-07 14:30:00,54.7146236613709,54.855789559304206,54.35249862751336,54.726898193359375,1411275.3452242273
2017-11-08 14:30:00,54.67472649285178,54.94785677701477,54.45990638109407,54.90182113647461,1308305.372437246
2017-11-09 14:30:00,54.42615386566284,54.42615386566284,53.143368668051245,53.80317306518555,3587005.0123442137
2017-11-10 14:30:00,53.99038023769691,54.19292584455047,53.836936276866034,54.1591682434082,1266921.6963745942
2017-11-13 14:30:00,53.950467900594944,54.37703854567891,53.87374769853781,54.3156623840332,1421702.9246919889
2017-11-14 14:30:00,54.21438845972796,54.42000351371414,53.8676075345469,54.26655960083008,871008.9384227213
2017-11-15 14:30:00,53.8829677950949,54.00572014473308,53.34284621820213,53.77862548828125,1277023.278937396
2017-11-16 14:30:00,54.00263718348327,54.80361081589011,54.00263718348327,54.57958221435547,1187739.4771769906
2017-11-17 14:30:00,54.90181511585776,54.90795413713024,54.24814983137428,54.34021759033203,2049950.1869432856
2017-11-20 14:30:00,54.647112825751634,55.07675308785106,54.505946916559694,54.987754821777344,1947305.654681919
2017-11-21 14:30:00,55.34987959532738,55.68745559036744,55.24247128637701,55.61687088012695,3913510.882684326
2017-11-22 14:30:00,55.813275612274985,55.81634512340613,55.19643733192063,55.279293060302734,1307653.596222794
2017-11-24 14:30:00,55.51557606377728,55.81325531878686,55.43885587352616,55.77642822265625,604785.934971182
2017-11-27 14:30:00,55.43886524332136,55.43886524332136,54.98467250900556,55.07674026489258,1838796.5809479505
2017-11-28 14:30:00,55.294647508353805,55.294647508353805,54.76373440133517,55.1013069152832,2141188.8137867507
2017-11-29 14:30:00,55.03991509810397,55.0552591392871,52.13984565815429,52.673828125,6057307.89317712
2017-11-30 14:30:00,53.25384464026953,53.50549184160509,52.627797903696376,52.9561653137207,4663302.497496604
2017-12-01 14:30:00,52.45594822476088,52.695320930718765,51.099515768430216,52.38229751586914,5298066.104973855
2017-12-04 14:30:00,53.00527542027163,53.06972110827423,50.804906470400205,51.12406539916992,5307515.822862591
2017-12-05 14:30:00,50.86625738868781,52.09686738417086,50.49492748925198,51.16393661499024,5800536.350559511
2017-12-06 14:30:00,50.66066439700432,51.421738020138136,50.44584078250604,51.32967376708984,2357556.607405331
2017-12-07 14:30:00,51.70714268246911,51.98947797454859,51.49539209141604,51.82989501953125,3168934.0801239666
2017-12-08 14:30:00,52.42218120470106,52.44673377793699,51.51687223412196,51.56290435791016,2135324.031313083
2017-12-11 14:30:00,51.64576912486475,52.00789415674689,51.50153020468824,51.87286376953125,5700496.657591909
2017-12-12 14:30:00,51.76237964707335,51.76237964707335,51.29591585104317,51.36649703979492,1420399.3525860575
2017-12-13 14:30:00,51.544482217846856,51.81147340816968,51.32659265378884,51.35728073120117,1064566.576015767
2017-12-14 14:30:00,51.391054941950216,51.64577168610504,51.17930432969096,51.30512619018555,965832.357103859
2017-12-15 14:30:00,51.57210532155156,52.24418410967084,51.2897700676875,52.109153747558594,3674008.903813456
2017-12-18 14:30:00,52.747488720114994,53.25385271027248,52.477431437390905,53.22623062133789,3789360.388898768
2017-12-19 14:30:00,53.21915156453266,53.36672619221267,52.89632964754368,53.169960021972656,2470340.993297119
2017-12-20 14:30:00,53.72951086190414,53.79407453752923,53.099242723371525,53.55733871459961,1455208.203117794
2017-12-21 14:30:00,53.73259028009228,53.73259028009228,52.9147777928281,52.991641998291016,1897885.3794577536
2017-12-22 14:30:00,52.80717416044772,52.98856820111435,52.60425771949484,52.96089553833008,951707.3659795118
2017-12-26 14:30:00,52.29375321480134,52.4812975785783,51.99245358724424,52.432106018066406,737361.5520807126
2017-12-27 14:30:00,52.43515913231238,52.868661145705886,52.36752383912149,52.60118103027344,860960.1751066279
2017-12-28 14:30:00,52.76720367744419,52.880958902705736,52.65652358338424,52.748756408691406,855430.7625162987
2017-12-29 14:30:00,52.83484229237813,52.83484229237813,52.20457409976695,52.20764923095703,824205.9164738773
2018-01-02 14:30:00,52.49050405017978,53.64650714213589,52.42594036586184,53.62498474121094,3101017.6889892262
2018-01-03 14:30:00,53.91707284020973,54.57808194956924,53.79409219199505,54.56270980834961,1438619.5283993117
2018-01-04 14:30:00,54.965448020902656,55.05460570444706,54.43048784581086,54.8701400756836,1447402.031983308
2018-01-05 14:30:00,55.11609990127965,55.41124914088425,54.79635313247975,55.183738708496094,1269160.114601835
2018-01-08 14:30:00,55.220648578706935,55.78942837233349,55.048479889381895,55.61725616455078,1759324.6324931944
2018-01-09 14:30:00,55.76481661330432,55.76481661330432,55.0084961816591,55.06998825073242,1587913.6709649386
2018-01-10 14:30:00,54.4458799808666,54.67031887450094,53.97241169323563,54.40898895263672,2201351.315537625
2018-01-11 14:30:00,54.58422114248133,54.762540055536405,54.35978581512084,54.73487091064453,1135478.5874442745
2018-01-12 14:30:00,54.79328201020601,55.146848208481074,54.590369092168,55.0300178527832,1194675.7457425727
2018-01-16 14:30:00,55.49734588639247,55.860134025970574,54.8885999842578,55.211421966552734,1585636.590661881
2018-01-17 14:30:00,55.72792823606809,56.89008167455056,55.669514810216334,56.8132209777832,1232405.6194536516
2018-01-18 14:30:00,56.794770641483616,57.348174665254,56.72713182459616,57.068397521972656,3430179.5630093785
2018-01-19 14:30:00,57.326657429411554,57.41581865564907,56.78862549568508,57.1268196105957,1288675.3464886835
2018-01-22 14:30:00,57.23441856217433,57.56646237876847,56.960791685847575,57.55109024047852,1352751.4716067617
2018-01-23 14:30:00,57.82471993328844,58.0184109962502,57.612581599788825,58.01226425170898,1590515.5984517443
2018-01-24 14:30:00,57.41273359592635,57.609499767500616,56.28132810937429,56.68408584594727,3259093.6912429733
2018-01-25 14:30:00,57.30206637114446,57.446565901130896,55.70026397705078,55.70026397705078,2444644.978341252
2018-01-26 14:30:00,56.45350497321058,57.48960259145884,56.42583230908791,57.480377197265625,1808113.804375007
2018-01-29 14:30:00,57.27131333189215,57.800123335491,56.71790579585623,57.39736557006836,1762902.848426947
2018-01-30 14:30:00,56.57032947959396,56.89929815641019,56.18294738246389,56.25673294067383,2112556.151285331
2018-01-31 14:30:00,56.917741400782425,57.1206578288105,56.40123197446599,56.71482849121094,1261679.1209078731
2018-02-01 14:30:00,56.26288641732978,57.268239774377726,56.17680032911967,56.43505859375,1361208.1582862155
2018-02-02 14:30:00,55.97080841260994,56.01384969452619,54.88859091766623,54.916263580322266,3514747.04184206
2018-02-05 14:30:00,54.10153081965761,55.31594739511405,52.176910162068886,52.33063507080078,4245278.038063699
2018-02-06 14:30:00,51.5281969595675,54.2890738789807,51.40829146316808,54.22451019287109,4386115.2061643535
2018-02-07 14:30:00,53.87095379363773,54.35364748025676,53.05314460809366,53.0623664855957,3536863.778376117
2018-02-08 14:30:00,53.31139510309483,53.45896976043761,50.79032540131274,50.83337020874024,4512640.428172316
2018-02-09 14:30:00,51.98936388353884,52.6657449663843,50.16927325944896,52.29681015014648,6448581.922483979
2018-02-12 14:30:00,52.99163698742256,53.64957425766015,52.49971808172838,53.30215835571289,3205100.993591782
2018-02-13 14:30:00,52.96704619574935,53.35135668023427,52.79180241627412,53.24067306518555,1606453.3990178066
2018-02-14 14:30:00,52.82562747259134,54.57192926537878,52.721094108907565,54.48891830444336,1300059.4349473391
2018-02-15 14:30:00,55.00234901421528,55.14685204213488,53.85864642718114,55.13762664794922,1878369.7119648145
2018-02-16 14:30:00,54.86400386465285,55.62954627175401,54.86400386465285,54.94086456298828,1007977.0221083708
2018-02-20 14:30:00,54.76869286806218,56.416611482188536,54.71335105724496,55.91239547729492,2718513.203097011
2018-02-21 14:30:00,56.21985548018004,56.26289677297868,55.23294569324672,55.26984024047852,1556363.1633352905
2018-02-22 14:30:00,55.589570651498576,55.72177314120149,54.9654527392864,55.14684677124024,1583685.3682603885
2018-02-23 14:30:00,55.73407232261319,56.32744598388672,55.55575341480035,56.32744598388672,1544654.245287555
2018-02-26 14:30:00,56.66256871099251,57.554166828198994,56.65641844813813,57.54186630249024,1182315.81506677
2018-02-27 14:30:00,57.566466981244254,58.32893776783104,57.35125350952149,57.35125350952149,1484481.1788414044
2018-02-28 14:30:00,57.75400951741836,57.86776475371966,56.7855471654216,56.84088897705078,1373242.7105859146
2018-03-01 14:30:00,57.0407278017692,57.07761882278052,55.291351011418406,55.943138122558594,3090284.1225508787
2018-03-02 14:30:00,55.309795527226,56.99768016160269,55.1806681639734,56.89315032958984,1509851.5536403633
2018-03-05 14:30:00,56.58877370881005,57.68021303308558,56.33359412236885,57.40351104736328,1356329.4263431665
2018-03-06 14:30:00,57.95076884337316,58.427312134139626,57.646394193174,58.26743698120117,1928784.992646876
2018-03-07 14:30:00,57.6617753162986,58.52877947188851,57.6617753162986,58.45499038696289,1265581.9960942662
2018-03-08 14:30:00,58.7993258840696,58.83314529183697,58.18442980004468,58.50725173950195,1243789.7697023435
2018-03-09 14:30:00,58.977641023903125,59.746258440900334,58.83928827035356,59.72166442871094,1719968.8083478478
2018-03-12 13:30:00,60.16131613325644,60.66244991337758,59.97069318907752,60.35500717163086,2016930.1590985493
2018-03-13 13:30:00,60.16132339839889,60.66245723903746,59.165191906253774,59.42344665527344,4586149.299951853
2018-03-14 13:30:00,59.7524201671653,59.7524201671653,58.87312248970201,59.41730117797852,1779165.578028965
2018-03-15 13:30:00,59.57409472820725,59.7585674380658,59.06373547757968,59.371185302734375,1163450.7479535849
2018-03-16 13:30:00,59.45419281453645,59.70015408233287,59.28202063077038,59.34658432006836,1122142.8783087814
2018-03-19 13:30:00,58.811617050752766,59.0883190296266,57.39120910248881,58.21517181396485,3015800.180410436
2018-03-20 13:30:00,58.33815386837171,58.833144452481655,58.26129317838648,58.64252853393555,824856.4071563601
2018-03-21 13:30:00,58.57487784063105,59.5095134929905,58.50108877844386,58.753196716308594,1496516.206218261
2018-03-22 13:30:00,57.84599338801369,58.44669254847541,57.15595770888476,57.20524597167969,1895784.221031565
2018-03-23 13:30:00,57.10358766745836,57.20524536941036,55.279918437871565,55.30148315429688,4163259.056627904
2018-03-26 13:30:00,56.59838021413247,57.62419371291077,55.87753982055835,57.60879135131836,2596640.0986465258
2018-03-27 13:30:00,58.05238043764572,58.21564757091971,55.01806964969195,55.48938751220703,3486100.8316461816
2018-03-28 13:30:00,55.10741101107234,55.61261481556855,54.04771161467219,54.28799057006836,3224780.949108481
2018-03-29 13:30:00,54.65457525675093,55.99152073866923,54.2571879675693,55.464752197265625,2709607.965589785
2018-04-02 13:30:00,54.98111624414541,55.38774711524194,52.81859119684845,53.345359802246094,2574890.112860502
2018-04-03 13:30:00,54.0107522277227,54.50363491823882,53.42545535475046,54.355770111083984,1810733.397697908
2018-04-04 13:30:00,52.79086349455524,55.199829702117725,52.77546113174409,55.05504608154297,2190864.187911186
2018-04-05 13:30:00,55.40006362169875,55.47091660544272,54.1370522516588,54.491310119628906,1866568.2551172348
2018-04-06 13:30:00,53.74583396314743,54.33421208643976,52.60604127887462,52.84324264526367,1276732.444543199
2018-04-09 13:30:00,53.46549343109246,54.713105891107794,53.14512148484752,53.175926208496094,1204342.3704155383
2018-04-10 13:30:00,54.39580806279867,55.19674140174854,54.0507902448261,54.87636947631836,2060366.986970432
2018-04-11 13:30:00,54.57141103648252,55.3815881246499,54.47283449059809,54.897945404052734,1327048.6815141535
2018-04-12 13:30:00,55.335377068567496,56.08394464331443,55.28608879915361,55.93299865722656,2068157.4743529407
2018-04-13 13:30:00,56.58605701279532,56.68463353362266,55.31996460308323,55.52019882202149,1395219.345145523
2018-04-16 13:30:00,55.84981718177276,55.91758898402986,55.15670032273379,55.618778228759766,919000.875095138
2018-04-17 13:30:00,56.05928983511273,56.80477611351598,55.94531095054637,56.67231369018555,1187786.752710482
2018-04-18 13:30:00,56.30880649855396,56.43510655411325,55.61568973074839,56.1147346496582,1572786.9395677445
2018-04-19 13:30:00,55.03656068520499,55.09817013437205,53.499380955938406,53.687294006347656,5986977.267770287
2018-04-20 13:30:00,53.67498284052725,53.94914776079594,52.8185951205284,53.05271530151367,3843506.8925283286
2018-04-23 13:30:00,53.25293168548575,53.37307291372933,52.21479711032136,52.347259521484375,2215211.1355640218
2018-04-24 13:30:00,52.80319645929612,53.28683922035904,51.46625062186237,51.92525100708008,3766571.566364796
2018-04-25 13:30:00,52.15628336608859,52.23329518749048,51.04113315516309,51.86055374145508,4796592.999347624
2018-04-26 13:30:00,52.67996334558251,52.97261175086085,52.34726668361884,52.92024230957031,4987470.578871172
2018-04-27 13:30:00,53.59179879613017,53.64724589037658,52.288739200718176,52.55058288574219,3580564.9346463587
2018-04-30 13:30:00,52.46124188571603,52.85862914564238,51.74964152550778,51.97452163696289,1949995.956339645
2018-05-01 13:30:00,51.84513235505927,52.88634808591479,51.78352291635309,52.82781982421875,3384494.691336879
2018-05-02 13:30:00,52.880189943234285,53.046538250198175,52.371901491192304,52.59370040893555,1669848.5005174757
2018-05-03 13:30:00,52.18091806902562,53.138959793024185,51.78353078332607,52.90792083740234,2593393.8213463305
2018-05-04 13:30:00,52.62143237385122,54.24486745242256,52.38115340609837,54.14937210083008,2140223.445147645
2018-05-07 13:30:00,54.59296456970682,54.92874240266559,54.39581151834103,54.67305755615234,1282251.312672278
2018-05-08 13:30:00,54.63917053507016,55.07352488480805,54.42661512625949,54.99650955200195,1305299.4009990287
2018-05-09 13:30:00,55.19983061102039,55.874463984306686,55.07661170650231,55.83441925048828,1129354.9243208389
2018-05-10 13:30:00,56.1486258264225,56.87562503388755,56.11473992656772,56.850982666015625,1344903.1326879752
2018-05-11 13:30:00,56.52753733458268,56.9618882124494,56.33346544072468,56.43511962890625,2010375.079490998
2018-05-14 13:30:00,57.14055847589633,57.81211065257696,57.02349840467679,57.12515258789063,1789633.191483735
2018-05-15 13:30:00,56.74933398284752,56.9095235009642,56.09934647842967,56.50597381591797,1367626.357176429
2018-05-16 13:30:00,56.9526553562656,57.35620155803954,56.47209380252777,57.23298263549805,1321530.1018717038
2018-05-17 13:30:00,57.100513407197,57.5317866357,56.63843545171164,57.066627502441406,1408203.9454068318
2018-05-18 13:30:00,56.558340702638255,56.63843369538374,56.05005567244102,56.25028991699219,2242803.448712694
2018-05-21 13:30:00,57.07893160864575,57.37466112963634,56.314965442107024,56.81400680541992,1594211.997521595
2018-05-22 13:30:00,57.297665481778,57.56567153737954,56.93724524683972,57.13131713867188,1619207.3310474611
2018-05-23 13:30:00,56.68771645912048,57.45784511116258,56.450515156213214,57.439361572265625,1124485.728835766
2018-05-24 13:30:00,57.47941943136082,57.79363259436008,56.95573200148709,57.67041015625,1229337.9744756434
2018-05-25 13:30:00,57.667322360472745,58.21873324364766,57.57490466680199,58.13555908203125,1515653.5549014532
2018-05-29 13:30:00,57.88911339616376,58.271098275238,57.38390963534739,57.78437805175781,1664654.5336004607
2018-05-30 13:30:00,58.09859639461671,58.59455666897053,57.87371627448311,58.16020584106445,2319414.1119293543
2018-05-31 13:30:00,58.064712270464,58.32963712874408,57.64576026597758,57.73817443847656,1738343.2035524452
2018-06-01 13:30:00,58.25569883916136,59.05355453491211,58.04930226635926,59.05355453491211,1147533.8301292558
2018-06-04 13:30:00,59.21066171973717,59.58956898142977,58.985785124939554,59.52179718017578,1266994.160574679
2018-06-05 13:30:00,59.67891383281047,59.965399930995474,59.45403719332651,59.805213928222656,694038.6823015646
2018-06-06 13:30:00,59.87606583953065,60.184120178222656,59.55569383977128,60.184120178222656,1372170.983664351
2018-06-07 13:30:00,60.24263447091035,60.31040626867254,59.21990220074822,59.648094177246094,2253840.868589233
2018-06-08 13:30:00,58.96729712022531,59.22913724784352,58.64076284827576,59.11516189575195,2629102.3529612944
2018-06-11 13:30:00,59.02582873881711,59.29999359067188,58.80711097757649,59.00118637084961,1382559.1165584468
2018-06-12 13:30:00,59.15213254466061,59.34620441325652,58.77630646612226,59.30615615844727,1008920.8074251902
2018-06-13 13:30:00,59.34312746996946,59.84525365271389,59.15213676509722,59.216827392578125,9908393.696213236
2018-06-14 13:30:00,59.55876922367584,59.85757294868549,59.213747833845446,59.57108688354492,1769831.3060607626
2018-06-15 13:30:00,59.18601825944843,59.58956788212989,58.976540504755214,59.51871490478516,1214730.2680844076
2018-06-18 13:30:00,59.13980779987629,59.13980779987629,58.400483878019024,58.94573593139648,1813330.6414571684
2018-06-19 13:30:00,58.064696321776914,58.34194228849716,57.41162436255666,58.29881286621094,2846923.2647223487
2018-06-20 13:30:00,58.63152440848298,58.87796572242894,58.31115246304055,58.57915496826172,2172036.3397940136
2018-06-21 13:30:00,58.97346266825184,58.998108563001445,57.765901959889376,57.85215377807617,1348149.2564320753
2018-06-22 13:30:00,58.13247420503136,58.16944128014701,57.28225262961719,57.39315032958984,1207913.3083553836
2018-06-25 13:30:00,56.7770568141971,56.7770568141971,54.9903545542938,55.70503616333008,5887643.269417707
2018-06-26 13:30:00,55.887407196323146,56.18106243142114,55.62466266623511,55.902862548828125,11866258.07978382
2018-06-27 13:30:00,56.199601784914485,56.32942814299203,54.53967097805913,54.5674934387207,2549240.092918745
2018-06-28 13:30:00,54.403681200642005,55.105362811355846,54.33258444476428,54.981719970703125,4386438.562718655
2018-06-29 13:30:00,55.48556374241392,55.76685541713378,55.09608459472656,55.09608459472656,1378142.2268669598
2018-07-02 13:30:00,54.62005511852039,55.45465483529094,54.19966171312599,55.442291259765625,2261641.3134731413
2018-07-03 13:30:00,55.6772130918979,55.75758163359677,54.37894223752182,54.43149185180664,1230946.3286524971
2018-07-05 13:30:00,54.91681084074354,55.89669599053547,54.91681084074354,55.88742065429688,1446078.539907575
2018-07-06 13:30:00,55.88431366619614,56.666367213440815,55.58447488449555,56.57363510131836,2440541.2693717293
2018-07-09 13:30:00,57.14240589352486,57.157861247565776,56.27071189810405,56.935302734375,1466783.2275617798
2018-07-10 13:30:00,57.0404004782522,57.658625274552925,56.9538519075233,57.53807067871094,1513368.260402592
2018-07-11 13:30:00,56.61073261536427,56.94766569733769,56.014146758294274,56.06051635742188,2155207.3152100365
2018-07-12 13:30:00,55.91523263389999,56.51491028592701,55.56593596661117,56.4376335144043,2445070.014296252
2018-07-13 13:30:00,56.59838323697506,56.59838323697506,56.150170787173465,56.2336311340332,865058.9785751048
2018-07-16 13:30:00,56.31397922257602,56.53344946783928,56.10996786694705,56.15633392333984,660602.4968742031
2018-07-17 13:30:00,55.7792231596206,56.98166663848338,55.68957927957523,56.96311950683594,4465051.361603585
2018-07-18 13:30:00,57.21968165451093,57.50097332070857,57.03112210519024,57.40205764770508,995756.3152142816
2018-07-19 13:30:00,57.290788761103286,57.50716729047944,56.90130953072882,57.275333404541016,939789.2767835646
2018-07-20 13:30:00,57.21658424077876,57.32477169981239,56.71582236895839,57.006385803222656,940113.1049482324
2018-07-23 13:30:00,56.712739818192624,57.17949928561359,55.97705577956215,57.08367538452149,1079544.7077791223
2018-07-24 13:30:00,57.43915362672651,57.7173570778156,56.38199183260023,56.46236038208008,2031627.38384121
2018-07-25 13:30:00,56.43762654151025,56.72509821855979,55.71430614441345,56.67564392089844,11031608.598670812
2018-07-26 13:30:00,57.05276450673519,57.81935925068919,57.05276450673519,57.78226852416992,7868027.244893883
2018-07-27 13:30:00,57.82245046445528,58.34175954319625,57.10222178880933,57.52570343017578,5600239.339090974
2018-07-30 13:30:00,57.500975712100846,57.65862102484864,56.68182782893973,56.96311950683594,2696112.016200861
2018-07-31 13:30:00,57.34332081228951,58.14082970147637,57.23822158987621,57.34022903442383,2448952.497695324
2018-08-01 13:30:00,57.395861325434254,57.85643710432026,57.00947051604869,57.25675964355469,4019906.0185018624
2018-08-02 13:30:00,56.740557955201545,57.89354353359231,56.53654305553857,57.81935501098633,2429865.423698375
2018-08-03 13:30:00,57.85644675842098,57.99245668561999,57.58443044152628,57.93990707397461,1449637.5231909144
2018-08-06 13:30:00,57.828631572965335,58.298482792770514,57.51642919829355,58.289207458496094,838855.1337858503
2018-08-07 13:30:00,58.570496480424566,58.78996672745533,58.34484621499367,58.752872467041016,10654075.344930789
2018-08-08 13:30:00,58.76216612132858,59.00945183451192,58.53033222771472,58.88890075683594,1204094.8614051666
2018-08-09 13:30:00,58.6261442825852,58.70960460889321,58.29539475564306,58.30775833129883,2392661.847798914
2018-08-10 13:30:00,57.09912041593562,57.349501347318125,56.59217853526805,56.86110305786133,3502616.9206249085
2018-08-13 13:30:00,56.9631233963416,57.43915468278443,56.876571288578205,56.94457626342773,1819729.90827978
2018-08-14 13:30:00,57.27841635625092,57.36806024050068,56.78383794746837,56.830204010009766,1735617.985182542
2018-08-15 13:30:00,56.341800447171664,56.57672250189537,55.46392302293099,56.04196166992188,3308188.678559974
2018-08-16 13:30:00,56.41289589580399,56.49017619533819,55.81940187339935,55.97086715698242,1531161.3917861034
2018-08-17 13:30:00,55.473201247573776,55.701943310591055,54.725150106690045,55.55356979370117,2367428.3145099906
2018-08-20 13:30:00,55.63085038868928,55.83177352380547,54.87970746567849,55.50411224365234,1032312.614413539
2018-08-21 13:30:00,55.68030989741104,56.73438351078558,55.66794632082559,56.58600997924805,2748843.454838559
2018-08-22 13:30:00,56.46854562382957,56.926029782599,56.12234072631412,56.851844787597656,1553159.6781466205
2018-08-23 13:30:00,56.82401212645663,57.33713756062017,56.82401212645663,56.91674423217773,1992483.392852583
2018-08-24 13:30:00,57.170221765231,57.77298757829506,57.16094643137424,57.7420768737793,1817142.1128619576
2018-08-27 13:30:00,58.21192112482534,59.09597848847448,58.085183006432885,58.660133361816406,19274260.791075114
2018-08-28 13:30:00,58.9723476957054,59.13926834416691,58.31702867720742,58.88579559326172,1742735.2210512217
2018-08-29 13:30:00,58.8857909919421,59.222724040750194,58.6786878554065,59.04034805297852,4615806.214392088
2018-08-30 13:30:00,58.90434693144682,59.12690545361948,58.43140388119805,58.51177597045898,1953338.5025573864
2018-08-31 13:30:00,58.42830411006509,58.919790658918686,58.42830411006509,58.83014678955078,1185978.8611312304
2018-09-04 13:30:00,58.616867050748525,59.327823921751545,58.490132444994856,59.30309677124024,1390759.0071073812
2018-09-05 13:30:00,59.24745502310641,59.40819211298256,58.51795102481732,59.015621185302734,1703267.3217202884
2018-09-06 13:30:00,58.79305642896468,58.842514261935904,57.38968643871518,57.45151138305664,1611067.837476791
2018-09-07 13:30:00,57.34333118507609,58.04501631237392,57.07749484059356,57.213504791259766,9059181.557191918
2018-09-10 13:30:00,57.62152366737501,57.83481390111546,57.28459415013268,57.81935501098633,1025519.0245138928
2018-09-11 13:30:00,57.587522535486265,57.66480283793158,56.95384598795666,57.259864807128906,1870844.283783235
2018-09-12 13:30:00,56.52108520927515,56.62309265460621,55.361916125973785,56.59836196899414,2276846.439419607
2018-09-13 13:30:00,57.22277990931848,57.96155576239951,57.03731211706894,57.244415283203125,2328930.767338741
2018-09-14 13:30:00,57.57515725303092,58.11610166658706,57.4082366157044,57.88735961914063,2134179.5099699344
2018-09-17 13:30:00,57.674071866617965,57.82553714863699,57.00948110750558,57.0805778503418,1647300.6312030389
2018-09-18 13:30:00,57.31242209516772,57.92137157444236,57.31242209516772,57.57207489013672,1415668.9416912368
2018-09-19 13:30:00,57.59370386626465,57.936816934352485,57.42059967447956,57.66170883178711,1191478.4304712638
2018-09-20 13:30:00,58.116097237867685,58.58285663121136,58.03264046306766,58.36029815673828,1563835.764342855
2018-09-21 13:30:00,58.415946323264514,58.63232481791254,58.0511943069296,58.2026596069336,1841404.9645426327
2018-09-24 13:30:00,57.73279757696656,58.43138719077162,57.61224301501445,58.403568267822266,898704.1918022331
2018-09-25 13:30:00,58.261389322010615,58.261389322010615,57.31859862900693,57.47315216064453,1585510.5880617078
2018-09-26 13:30:00,57.20521341022721,57.54984083093507,56.81711716326447,56.87921142578125,1126979.0372504182
2018-09-27 13:30:00,57.06239006480521,57.320086928949046,56.894732720209525,57.09343719482422,1133420.803200331
2018-09-28 13:30:00,57.02824376706079,57.65540794283898,56.85748098010757,57.45359802246094,2551565.39300275
2018-10-01 13:30:00,57.74854479028512,58.124219338847794,57.51568775484042,57.65229797363281,1100567.992333062
2018-10-02 13:30:00,57.50016418935187,58.447115896619216,57.50016418935187,57.65229797363281,2165384.4344323017
2018-10-03 13:30:00,57.90377877311848,58.10869052969968,57.18968416573489,57.705074310302734,2132531.8509788997
2018-10-04 13:30:00,57.30768310686405,57.40392994459515,56.19307380571933,56.683624267578125,2060383.934758042
2018-10-05 13:30:00,56.699128654769176,56.755015615730535,54.82695987651304,55.34235000610352,2616305.199954645
2018-10-08 13:30:00,54.89216372066696,55.38892490097397,54.25258148032406,54.72450637817383,2310645.337916913
2018-10-09 13:30:00,54.42334666763431,54.93873685927145,54.32399442715284,54.66241455078125,1728313.678791276
2018-10-10 13:30:00,53.95143329703095,53.98558585907655,52.20655786766802,52.25002670288086,6502271.5391386645
2018-10-11 13:30:00,52.15376712822589,53.290110642555504,51.32479661817881,51.72841644287109,4692149.220481503
2018-10-12 13:30:00,53.12556032003848,53.42361706182688,51.902282666638165,52.66915893554688,5213606.337879948
2018-10-15 13:30:00,52.44250610630444,52.82128605699969,52.04820259100539,52.23759078979492,4170048.17350166
2018-10-16 13:30:00,52.81817918008517,54.01351130685613,52.75918679768953,53.938995361328125,2099035.029170177
2018-10-17 13:30:00,54.33330882516502,54.438871916359176,53.35220453179626,53.72477722167969,2604065.5350311724
2018-10-18 13:30:00,53.50433089580688,53.50743631919631,52.18481020458082,52.380409240722656,4357502.4752734825
2018-10-19 13:30:00,52.70330787841474,53.00447002348689,51.37447077412234,51.59490966796875,3631842.163306445
2018-10-22 13:30:00,51.865019883978725,52.21585811681944,51.43035298394393,51.91159057617188,4212563.67933804
2018-10-23 13:30:00,50.55480450976375,51.92710655954323,49.99284020270136,51.6414680480957,4621613.660002684
2018-10-24 13:30:00,50.77834995493184,50.77834995493184,48.16724682215941,48.254180908203125,9897383.296259534
2018-10-25 13:30:00,48.53051413322204,49.7072211009604,48.45600172344464,49.33154296875,9905755.298033524
2018-10-26 13:30:00,48.25728331783393,49.328423327337234,47.68600627735507,48.47461318969727,4198070.289940554
2018-10-29 13:30:00,49.45574130903358,49.68238754411289,47.061970771702335,47.96855926513672,4748191.38805233
2018-10-30 13:30:00,47.82883585559998,50.01148337344456,47.82883585559998,49.96180725097656,2679433.628256692
2018-10-31 13:30:00,50.73798655986708,50.98637067803115,50.148084050296056,50.59516906738281,3753269.144732576
2018-11-01 13:30:00,50.95843685060163,53.09140831824033,50.92117886920925,52.97032165527344,3770016.775600086
2018-11-02 13:30:00,52.73746010703058,53.0199932611318,51.52660423989909,52.172393798828125,3478529.2307782294
2018-11-05 14:30:00,52.09165679456766,52.097867640336176,50.828019717447006,51.69735336303711,2582164.4635305493
2018-11-06 14:30:00,51.58559580248998,52.50150397531325,51.58559580248998,52.2996940612793,1271595.6183095162
2018-11-07 14:30:00,52.988950834685625,53.06656866859896,52.315219508837885,52.892704010009766,1962470.0668024716
2018-11-08 14:30:00,52.47665725341214,53.094505056818775,52.23758939055474,52.74987411499024,1831703.452377965
2018-11-09 14:30:00,52.15065983761223,52.20033240145934,51.29374415515879,51.743934631347656,1814632.8566430176
2018-11-12 14:30:00,50.86219141934337,50.96464909442032,49.27565727391121,49.43400192260742,2414678.7691200757
2018-11-13 14:30:00,49.843818577275805,51.110561287718966,49.843818577275805,50.11393356323242,2588605.755995612
2018-11-14 14:30:00,50.58276172156725,51.06089396717705,49.85314343397081,50.334381103515625,3996121.199822113
2018-11-15 14:30:00,50.0704717931389,52.218963031063005,50.05805009867046,52.03578567504883,5352103.874848442
2018-11-16 14:30:00,50.14809448241368,51.64148360663928,50.141883634577006,51.40862655639648,4825170.630773075
2018-11-19 14:30:00,51.154032298512746,51.30306421352201,49.3936336633046,49.44330978393555,2768973.645145957
2018-11-20 14:30:00,48.03064188435742,50.14498411864949,47.97475847179893,49.50540542602539,3354204.1184831182
2018-11-21 14:30:00,50.05805620583874,50.44304705965555,49.691694342881085,49.71032333374024,2426273.910479744
2018-11-23 14:30:00,49.33152939333408,50.12634716219146,49.30048226837755,49.73825454711914,1597547.058979176
2018-11-26 14:30:00,50.40268271309751,50.641747042721846,49.9121288058561,50.63864517211914,2047823.03176054
2018-11-27 14:30:00,50.36542102363898,51.14160989975024,50.11393501766846,50.71315383911133,2161197.476498872
2018-11-28 14:30:00,51.29064994992815,51.92091604382111,50.27849840128436,51.89918518066406,1804969.880088732
2018-11-29 14:30:00,51.77189472804388,52.0171735295888,51.390009221159445,51.52040863037109,3085905.435456234
2018-11-30 14:30:00,51.48624173549241,52.243801636882914,51.0018987029984,52.23759078979492,1978252.5590211784
2018-12-03 14:30:00,53.81171133921034,54.00731040255539,53.085194949031376,53.609901428222656,2510660.5862064105
2018-12-04 14:30:00,53.18455479043235,53.30874688921137,50.9770707026137,51.04537582397461,2229801.2514760406
2018-12-06 14:30:00,49.617170716793005,50.78456115722656,49.36257930342295,50.78456115722656,5748592.399173492
2018-12-07 14:30:00,50.70694512231204,50.7845665003653,48.6143372945877,48.890663146972656,2100001.0364849893
2018-12-10 14:30:00,48.71989521456209,49.744464607588434,48.59570315471131,49.51781845092773,1731856.8665842526
2018-12-11 14:30:00,50.402678677672256,51.00189749529153,49.55197385568719,49.83450698852539,2674924.7625713064
2018-12-12 14:30:00,50.64794816880744,51.31857743875558,50.238121144458965,50.54238510131836,1507040.8626499816
2018-12-13 14:30:00,50.924285034067886,51.16956378753902,50.21950656691111,50.43684005737305,1439724.454656601
2018-12-14 14:30:00,49.853131631830855,50.70383637968212,49.67926346379764,49.72272872924805,1463881.2890237956
2018-12-17 14:30:00,49.65085828652255,50.37891210283905,48.76723598508982,49.078372955322266,1260226.295810044
2018-12-18 14:30:00,49.49218538009293,50.49714769228021,49.482849347473454,49.72553634643555,2700117.380593592
2018-12-19 14:30:00,49.44862848147733,50.01178499502629,47.40447512732622,47.609825134277344,3238469.2838101923
2018-12-20 14:30:00,47.5880313331351,48.359646088724126,46.64840362978634,47.280006408691406,3488844.1731475363
2018-12-21 14:30:00,47.58182785425479,48.12320393312199,46.34973474587552,46.477298736572266,2978452.786257427
2018-12-24 14:30:00,46.07281746194215,46.58930091015231,45.11452102661133,45.11452102661133,2830285.9863115894
2018-12-26 14:30:00,45.861241787096375,47.82139205932617,45.04918141351787,47.82139205932617,4535978.601535359
2018-12-27 14:30:00,47.08711206938625,48.14185939750613,46.52084717239912,48.13563537597656,2893281.455371603
2018-12-28 14:30:00,48.37521554015165,49.35840096866284,48.09519507241275,48.48099899291992,1083132.354992756
2018-12-31 14:30:00,48.98504948846436,49.19973201622816,48.3129973593573,48.82014846801758,2365213.390601543
2019-01-02 14:30:00,47.82140414357674,49.57309285581275,47.77162263851477,49.13439178466797,2455528.077559768
2019-01-03 14:30:00,48.01428961926926,48.3160905574838,46.24704501733128,46.26882553100586,3289251.700609155
2019-01-04 14:30:00,47.13378784315083,48.52456130653053,46.96577484594648,48.35654830932617,2718437.1563677606
2019-01-07 14:30:00,48.499665854789946,49.72242624727264,48.29742786809702,49.2495002746582,1799542.5107360613
2019-01-08 14:30:00,49.7815468802136,49.7815468802136,48.40633337144922,49.03482437133789,1638840.1559958877
2019-01-09 14:30:00,49.47973428964655,50.50648061471908,49.47973428964655,50.29490661621094,2469027.853235024
2019-01-10 14:30:00,49.79709769358641,50.82384414168664,49.76287269329462,50.739837646484375,1346362.462627275
2019-01-11 14:30:00,50.51892992059653,51.70435329708748,50.35402894525975,51.28432083129883,1382359.7738583891
2019-01-14 14:30:00,50.705609078809125,50.7927275789366,50.19223767120385,50.450477600097656,914395.1959087476
2019-01-15 14:30:00,50.58427741761245,51.14120998593128,50.38826341694785,50.59672546386719,944928.3820384588
2019-01-16 14:30:00,50.68694964615326,50.98875065945224,50.13312911987305,50.13312911987305,917930.47877664
2019-01-17 14:30:00,49.78466135713564,50.98875346519638,49.507752859085045,50.59672546386719,3357066.9899291503
2019-01-18 14:30:00,51.12875192417486,52.2239447006252,50.97007142244683,51.91281127929688,1686729.7502349978
2019-01-22 14:30:00,51.41189020319333,51.41189020319333,50.046009308073,50.41936874389648,2282613.0577466297
2019-01-23 14:30:00,50.69938547357422,50.90473546256429,49.62286115811317,50.06467056274414,2261079.1389737683
2019-01-24 14:30:00,51.203428508126656,53.15735488868642,51.18476000212075,52.97378540039063,6371518.019408415
2019-01-25 14:30:00,53.18534819574962,54.29609743798272,52.8119888114462,54.07208251953125,3349675.66467852
2019-01-28 14:30:00,52.10571914122574,53.43115101379037,51.93770614883678,53.00489807128906,2625229.9987707734
2019-01-29 14:30:00,53.00801643883336,53.17913790218008,52.14928286802,52.2395133972168,4710178.87102457
2019-01-30 14:30:00,53.17291257162755,53.94452399340926,52.569310586346006,53.75473403930664,3367030.9362372914
2019-01-31 14:30:00,53.645832829791466,54.21210133984632,53.23513638715144,53.72983932495117,1587415.661562284
2019-02-01 14:30:00,53.79206470932414,54.635238046196726,53.76717218347744,54.37388610839844,1623091.660266029
2019-02-04 14:30:00,54.34277657803139,54.6539100266595,53.95074508574584,54.64768600463867,672377.7301597152
2019-02-05 14:30:00,54.6010180387774,55.16106253465535,54.50456705869423,54.8965950012207,1387823.593760825
2019-02-06 14:30:00,55.57486534195946,56.82251461591489,55.57486534195946,56.37448120117188,2759577.255195344
2019-02-07 14:30:00,55.6837657186377,55.93889721539394,54.66635530332169,55.15172576904297,3706755.377344409
2019-02-08 14:30:00,54.3925514950357,55.17038680287601,54.09386256591369,55.055267333984375,2017133.4343929305
2019-02-11 14:30:00,55.18284565482854,55.46909017660747,54.88726865936994,55.32596969604492,794511.241448626
2019-02-12 14:30:00,56.00734048839386,56.63583134129664,55.926446013932924,56.49582290649414,2164015.16982296
2019-02-13 14:30:00,56.77584777572182,57.1149821928363,56.50827180661774,56.67628479003906,971283.726705466
2019-02-14 14:30:00,56.48338071849889,57.24877163551127,56.42115474102558,56.828739166259766,1076382.8980434258
2019-02-15 14:30:00,57.27988488241287,57.43544981712701,56.81318295696421,57.1212043762207,795475.6124974381
2019-02-19 14:30:00,56.85984942252548,57.41055780778106,56.7913994306194,57.043418884277344,1267297.174297276
2019-02-20 14:30:00,57.18032286868365,57.88971184552389,57.18032286868365,57.52879333496094,1110773.1309182758
2019-02-21 14:30:00,57.53502754511116,57.66259509705446,56.93764949714088,57.1025505065918,1235156.3617590407
2019-02-22 14:30:00,57.550572199532034,57.799479668298254,57.326557257969085,57.71547317504883,943642.9415526284
2019-02-25 14:30:00,58.58353332162299,58.87600179405854,58.151056414647954,58.191505432128906,2523666.5892427927
2019-02-26 14:30:00,58.03283056691465,58.26306953014065,57.64702310066822,57.827484130859375,926929.9206392348
2019-02-27 14:30:00,57.594137066461,57.594137066461,56.51138505442415,57.1336555480957,3190258.587957932
2019-02-28 14:30:00,56.89097254499042,57.33278199979132,56.70429103931464,57.16788101196289,1324185.5003167242
2019-03-01 14:30:00,57.71236676643782,57.955050221825424,57.077651808466015,57.67502975463867,1535669.555596431
2019-03-04 14:30:00,58.07328687798848,58.27552488910504,56.965645833900375,57.68125534057617,1880857.5640368117
2019-03-05 14:30:00,57.52568039201008,57.78703233114412,57.19587845726414,57.46034240722656,1425428.015146369
2019-03-06 14:30:00,57.30166265201506,57.43856264503344,56.47093378260358,56.51137924194336,1513171.3658031237
2019-03-07 14:30:00,56.28736154145487,56.28736154145487,55.52197069530955,55.901554107666016,3207614.9050750234
2019-03-08 14:30:00,54.93393249209516,55.89844942264424,54.73169449687464,55.85177993774414,1597379.1572130418
2019-03-11 13:30:00,56.1317947020334,57.42611702774693,56.06645671768414,57.15231704711914,2136052.9090476213
2019-03-12 13:30:00,57.36079156160595,57.703038051428216,56.86919700564583,57.36701202392578,2108733.084224684
2019-03-13 13:30:00,57.7621493259894,58.08573085306698,57.55057884327735,57.59725189208984,1317757.3616241957
2019-03-14 13:30:00,57.6283629804491,57.8990474270895,57.27989249545999,57.28300094604492,1902391.727102277
2019-03-15 13:30:00,57.97372084421296,59.40493978266549,57.95816434883761,58.944461822509766,4234822.378786556
2019-03-18 13:30:00,59.07823626376214,59.3769287578744,58.474637936137896,58.85422134399414,2889424.6832164903
2019-03-19 13:30:00,59.25559732072714,59.7969697875124,59.24937329810236,59.616512298583984,2133481.3287287247
2019-03-20 13:30:00,59.65083739784227,59.95969709350336,58.69617398975123,59.05807113647461,2680288.28449864
2019-03-21 13:30:00,59.11421903866257,61.50399584840499,59.11421903866257,61.098419189453125,2994089.5853947382
2019-03-22 13:30:00,60.84258869830622,60.9299406929707,59.32635715321746,59.37627410888672,4719514.084363167
2019-03-25 13:30:00,58.95511539320207,59.50420202797458,58.14396200498536,58.63377380371094,3146342.021478557
2019-03-26 13:30:00,59.45739446340705,59.72569498590577,58.75231609987835,59.19532775878906,4103771.8425153214
2019-03-27 13:30:00,59.26397630744908,59.460523698901305,57.91621817562116,58.36547088623047,4242561.340869813
2019-03-28 13:30:00,58.46217612138454,58.98630599523359,57.85693163248534,58.26874923706055,1481499.038593165
2019-03-29 13:30:00,58.96134771067155,59.27333140407609,58.79599799552482,59.132938385009766,1844020.70157138
2019-04-01 13:30:00,60.00336754115725,60.68036881108187,59.791217769200365,60.60861206054688,2098843.620944974
2019-04-02 13:30:00,60.63980659200986,60.84259491457422,60.337184347907,60.69908142089844,1559388.3234560296
2019-04-03 13:30:00,61.43223109909742,62.59904039119171,61.41663584384547,62.04059600830078,3438347.4108821126
2019-04-04 13:30:00,61.9626167368072,62.56162038658396,61.83782609494207,62.174766540527344,1727987.8232197308
2019-04-05 13:30:00,62.5460066655265,62.65208153607736,62.17474818894081,62.62400436401367,1307450.271071672
2019-04-08 13:30:00,62.35258987621393,62.839277598900814,62.21843781191946,62.7706413269043,1474767.767845135
2019-04-09 13:30:00,62.41185590742519,62.41185590742519,61.79412954657201,62.118595123291016,1585031.002055574
2019-04-10 13:30:00,62.04684511744558,62.79871646461175,61.993804104978096,62.59904861450195,1354247.7768843505
2019-04-11 13:30:00,62.76126066810719,63.00148754652908,62.38688890715651,62.545997619628906,999419.1063486112
2019-04-12 13:30:00,63.12628360463631,63.4569829358066,62.93284963110737,63.41330337524414,1101027.8130543197
2019-04-15 13:30:00,63.51629247918178,63.51629247918178,62.60842549103766,62.94224548339844,1891138.4410553933
2019-04-16 13:30:00,63.34155334910223,65.01377305384088,63.34155334910223,64.9576187133789,3437065.499343738
2019-04-17 13:30:00,66.28975713086479,66.83260605653265,65.51604281602316,66.03392791748047,3499890.868621276
2019-04-18 13:30:00,66.14004842449755,66.23052806838189,65.72823786949373,66.0433349609375,1158081.9649828011
2019-04-22 13:30:00,65.83742801109877,66.18372991433914,65.43809222462096,65.99342346191406,974737.6567910112
2019-04-23 13:30:00,66.36156158774499,66.92000616463385,66.20556613692645,66.67353820800781,2152692.5691786986
2019-04-24 13:30:00,66.71721283006524,68.01193355959906,66.6891356503981,67.291259765625,2164552.412244898
2019-04-25 13:30:00,67.06662053659693,67.16333397462807,65.55662985833497,66.10883331298828,2215196.947865192
2019-04-26 13:30:00,64.85157710823933,65.5940943937366,64.21201426017763,65.56289672851562,3612394.694802792
2019-04-29 13:30:00,65.59408154666423,65.72823362304611,65.17290243764027,65.4848861694336,2863632.6995823835
2019-04-30 13:30:00,65.33512958977887,66.11508532380932,65.33512958977887,66.00276947021484,3300197.361103164
2019-05-01 13:30:00,66.54873376178324,66.94494898584732,65.40376052296057,65.47551727294922,4294167.410490343
2019-05-02 13:30:00,65.43808067356008,66.83264234048171,65.28521287068725,66.10572052001953,3654064.863169244
2019-05-03 13:30:00,66.50503179825667,66.63918381419754,65.82491742351417,66.62358856201172,2425146.045061389
2019-05-06 13:30:00,64.3024647755676,65.55975381808874,64.1620717597617,65.53791046142578,2417773.0705683287
2019-05-07 13:30:00,64.67059904636771,64.82035349202408,63.19804698727669,63.92496871948242,3458540.759694721
2019-05-08 13:30:00,63.39771735354382,64.37422034660469,63.257331480989286,63.37900161743164,3315583.3354208767
2019-05-09 13:30:00,62.39626162788028,62.96094705548052,61.25752933368658,62.68016815185547,3182562.34017782
2019-05-10 13:30:00,62.10612196482904,63.11382268688686,61.25753000396829,62.7706413269043,4168198.2293106136
2019-05-13 13:30:00,60.68036366879446,61.051622167914296,59.55410982424287,59.83489227294922,5188772.665717927
2019-05-14 13:30:00,60.58366208698092,61.53520140535917,60.29351457299533,61.213863372802734,3156278.381491392
2019-05-15 13:30:00,60.58053008748151,62.10611604306256,60.52124811954732,61.68494415283203,5527895.533439066
2019-05-16 13:30:00,60.82385652171549,61.36358508437528,60.32780752005046,60.7115478515625,7476732.027107725
2019-05-17 13:30:00,59.73819268365133,60.9424409402714,59.27022063719987,59.5291633605957,5357371.276790647
2019-05-20 13:30:00,57.59175789536166,58.06285040982588,56.74940680523735,57.15498352050781,4958309.106633751
2019-05-21 13:30:00,58.30306179546793,58.63376477362056,57.84133081628725,58.32490158081055,5521164.391459433
2019-05-22 13:30:00,57.20800781529492,57.68222070074369,56.91786393533713,57.09257507324219,3476811.1220303294
2019-05-23 13:30:00,56.09112552223556,56.23463546319567,55.28309261221663,56.20343780517578,3980366.253274704
2019-05-24 13:30:00,56.4779762898194,56.89914819407517,55.66370251548149,55.713623046875,2428671.1737260795
2019-05-28 13:30:00,56.03184058073154,56.22526745370759,55.111491983414034,55.23628616333008,2552717.229675064
2019-05-29 13:30:00,54.777676714853136,55.701138668329385,54.61856440021444,55.43595504760742,4534887.327929565
2019-05-30 13:30:00,55.57634792345516,56.35317947790298,55.451553741467855,55.903926849365234,2136987.128047936
2019-05-31 13:30:00,55.2051131057994,55.975707602394266,55.03352237084652,55.07096099853516,3558545.210667777
2019-06-03 13:30:00,55.69490904491406,56.28767167497251,54.918073809959374,55.20197677612305,3192498.691612603
2019-06-04 13:30:00,56.250233510981616,57.61671447753906,55.769783157530405,57.61671447753906,3372637.646853033
2019-06-05 13:30:00,58.10340038483928,58.2500307899914,56.45613708291689,57.20177459716797,3497645.450147655
2019-06-06 13:30:00,57.28601767541485,58.19388097832265,57.08010884139672,57.99421310424805,1022497.0153264176
2019-06-07 13:30:00,58.243784045446944,58.771030783851785,58.04723669825525,58.64936065673828,1569004.4152431372
2019-06-10 13:30:00,59.3731685972599,60.81140272058675,59.3731685972599,60.0782470703125,4175249.841210498
2019-06-11 13:30:00,61.19200760935011,61.31368488240779,59.85985211957704,60.31846618652344,3633230.7003157833
2019-06-12 13:30:00,59.67579123069413,59.75378894864989,58.83656420542212,58.91767883300781,1549772.1212922104
2019-06-13 13:30:00,59.34196568537613,59.46363940045426,58.7991200425572,59.20157623291016,1221226.9573611966
2019-06-14 13:30:00,57.47006591518155,57.96299806294445,57.3171981458399,57.71029281616211,2224172.0743168797
2019-06-17 13:30:00,57.69995705453983,57.909841657148455,57.2645213412792,57.28331756591797,1143447.2786894504
2019-06-18 13:30:00,57.89419536878521,60.177885335873455,57.89419536878521,59.76124572753906,3032592.4138385346
2019-06-19 13:30:00,60.17160444553195,60.26558198840381,59.53255070097905,59.88027191162109,1523000.19383008
2019-06-20 13:30:00,61.02681895222748,61.30561828993039,60.105825373181936,60.38462829589844,3587397.9274856234
2019-06-21 13:30:00,60.17474236863611,60.63211125111423,59.9272652853902,60.0400390625,1418615.0370134676
2019-06-24 13:30:00,60.11522127283749,60.38776117488487,59.95545514283904,60.10269165039063,2251460.9147310536
2019-06-25 13:30:00,60.24679385183532,60.46607480159624,59.213026462907486,59.27254486083984,1507358.2849775085
2019-06-26 13:30:00,60.59764519379125,61.512368514457016,60.49113444781638,61.18657684326172,1867758.2194897237
2019-06-27 13:30:00,61.49357171806439,62.386369036869375,61.49357171806439,62.07623672485352,1659626.6688576287
2019-06-28 13:30:00,62.57749282186151,62.69966295294283,62.016746331957314,62.15458297729492,2691984.1086458606
2019-07-01 13:30:00,64.86118330615379,65.39998950829381,63.29172839254938,63.72089767456055,5056448.251504979
2019-07-02 13:30:00,63.53292531716048,63.5955770174183,62.63699453142961,62.92519378662109,1467136.5187831658
2019-07-03 13:30:00,62.92205935626708,62.962785111712606,62.16396519270881,62.636993408203125,785281.962777876
2019-07-05 13:30:00,61.81937028252495,62.326857621676346,61.57189680153751,62.27986526489258,994052.1001552526
2019-07-08 13:30:00,61.71287763036733,61.97602486749184,61.40901179811925,61.797462463378906,618648.8134631503
2019-07-09 13:30:00,61.44346434225,62.28301012641401,61.28683507394531,62.18276596069336,1433618.2251846057
2019-07-10 13:30:00,62.865659396183474,63.56110169616695,62.58371964671753,62.683963775634766,1515339.1702219266
2019-07-11 13:30:00,62.96591627049212,63.09435296634862,62.48348816553991,62.859405517578125,2744017.8787800814
2019-07-12 13:30:00,63.01918895761658,64.06862315543304,63.01918895761658,64.00283813476562,1399780.6431771205
2019-07-15 13:30:00,64.29730996407916,64.80479752856864,64.19393246927407,64.56358337402344,728141.2439476948
2019-07-16 13:30:00,64.26597262872828,64.39440935600224,63.53607085907703,63.87752914428711,1196437.4702084686
2019-07-17 13:30:00,64.2471582249112,64.35680226936616,63.839915062672674,64.06859588623047,837314.9805676598
2019-07-18 13:30:00,64.046675179226,65.1462275051093,64.046675179226,64.99586486816406,1108332.967959904
2019-07-19 13:30:00,65.24021759004285,65.51902414488083,64.85490743315874,64.92069244384766,1395950.2123386397
2019-07-22 13:30:00,65.20575271402637,66.25518666061083,65.20575271402637,66.16120910644531,2904585.4324701373
2019-07-23 13:30:00,66.5434006117996,67.01016235351562,66.25520128142163,67.01016235351562,1380627.4561216948
2019-07-24 13:30:00,67.47377288440703,69.1747900190472,67.47377288440703,69.05261993408203,2592388.378812412
2019-07-25 13:30:00,68.56080466609068,68.59213051855801,67.69306636369785,67.8935546875,1964800.8265924584
2019-07-26 13:30:00,68.38222016782348,68.38222016782348,67.82147402578977,67.8747329711914,666532.2312191669
2019-07-29 13:30:00,67.75884548232634,68.12536294336172,67.18557311095768,68.05957794189453,2172613.418020213
2019-07-30 13:30:00,67.38919487628314,68.04705206251477,67.13232147377053,67.90608215332031,840187.849384299
2019-07-31 13:30:00,67.39233459596787,67.49571206121983,64.9990007238144,65.65372467041016,1462667.309753857
2019-08-01 13:30:00,65.37493565566953,67.25138270467292,63.80235447932819,64.3568344116211,2744016.766383585
2019-08-02 13:30:00,63.70521096090072,64.25968343914629,62.84373946412412,63.40761184692383,2478107.616199688
2019-08-05 13:30:00,61.54996825471179,61.603227219021,60.118357542842986,60.66969680786133,2672193.164144031
2019-08-06 13:30:00,61.67840985176284,62.22662302829107,60.76055304789528,61.44346237182617,1573755.9734612857
2019-08-07 13:30:00,60.46609119750912,62.02614619493524,60.46609119750912,61.83192443847656,2320092.5549643566
2019-08-08 13:30:00,62.40831862113574,63.56738950783162,61.99794206488917,63.54546356201172,2304131.974151615
2019-08-09 13:30:00,62.87194012086845,63.13194682020691,62.00733521100364,62.43650436401367,2014918.6210233725
2019-08-12 13:30:00,61.7880513202154,62.336264473667576,61.34634892932266,61.61888885498047,1253578.0868001045
2019-08-13 13:30:00,61.61889935895589,63.98090767061571,61.20852274944532,63.438961029052734,2346268.7464563595
2019-08-14 13:30:00,61.972873716116375,62.45529464350733,61.17091336494666,61.48731231689453,2943530.6253361814
2019-08-15 13:30:00,61.82564069646512,61.99480315327454,60.84199180538609,61.37453842163086,1027570.1712235472
2019-08-16 13:30:00,62.01986158701357,63.18519895753784,62.01986158701357,63.0097770690918,1606635.8308438223
2019-08-19 13:30:00,64.51971958021338,64.75153378250508,63.88379538270464,64.16886138916016,4841932.671378182
2019-08-20 13:30:00,64.14691421773023,64.32234325521547,63.58930125965495,63.93075942993164,779536.0954325316
2019-08-21 13:30:00,64.45705938861485,64.77971781380946,64.1813861562004,64.45392608642578,745060.1491103626
2019-08-22 13:30:00,64.591762702633,64.81731027005033,63.78354281852407,64.45392608642578,6369083.1598328855
2019-08-23 13:30:00,63.664500692120086,64.1093364055077,61.47792175254142,61.653350830078125,1790506.5360496214
2019-08-26 13:30:00,62.58686775950132,62.68711191214194,61.93528435235096,62.17649841308594,1061726.7510863726
2019-08-27 13:30:00,62.627584140692605,62.9377164580733,61.64706870474575,61.94466781616211,1373285.9792111586
2019-08-28 13:30:00,61.71601212079835,62.47724695243618,61.277442943856,62.33627700805664,772512.9513769621
2019-08-29 13:30:00,63.43895767980838,64.21271848794788,63.297987747186426,63.83366775512695,3988657.079555981
2019-08-30 13:30:00,64.45390873288162,64.71704868569212,63.85244393502165,64.1343765258789,1079603.3002225377
2019-09-03 13:30:00,63.42639184532008,63.686405629313214,62.715283112999565,63.07867431640625,3015036.854269696
2019-09-04 13:30:00,64.04355107189194,64.82044512272115,64.04355107189194,64.77345275878906,1476713.010857733
2019-09-05 13:30:00,66.16747645023061,67.54896156896191,65.98578077412436,66.76580810546875,2168144.195719683
2019-09-06 13:30:00,66.94436645507812,67.13232874436999,66.49953790548183,66.94436645507812,1355090.0586492815
2019-09-09 13:30:00,67.21690562429309,67.74945229277941,66.93497294863874,67.18871307373047,1024058.6473786186
2019-09-10 13:30:00,66.98196110471162,67.48944854736328,66.45254771510353,67.48944854736328,1374562.450320637
2019-09-11 13:30:00,67.8779059822642,68.53888945992719,67.44872954716516,68.50129699707031,1506081.0474949218
2019-09-12 13:30:00,69.1873466995757,69.32830947235101,68.26008268181538,68.65479278564453,1830089.5866645935
2019-09-13 13:30:00,68.74248477654425,68.85212882036002,68.20053833057146,68.51693725585938,1393396.840062392
2019-09-16 13:30:00,68.00005618518242,68.3571737226445,67.43305044577829,68.07524108886719,894774.5682556896
2019-09-17 13:30:00,67.9530613080583,68.31331930401092,67.53015878806075,68.22560119628906,710584.4676401342
2019-09-18 13:30:00,68.303929268502,68.35092163085938,67.34534673865086,68.35092163085938,696857.8925050107
2019-09-19 13:30:00,68.43863406189801,68.65165559315268,67.8872875904285,67.9029541015625,1125251.4969928684
2019-09-20 13:30:00,68.09090777601988,68.09090777601988,66.41181631933755,66.65303039550781,2069505.1373537632
2019-09-23 13:30:00,66.64363713716321,67.7619895091368,66.59351863764986,67.4393310546875,2246033.7334355423
2019-09-24 13:30:00,67.70994205846131,67.93964726615711,65.96983184238988,66.32540893554688,1238771.804301284
2019-09-25 13:30:00,65.98240507194606,67.65328066142143,65.40971226019283,67.43616485595703,1094810.1355550345
2019-09-26 13:30:00,67.43302197127198,67.71936479498105,66.85088711150148,67.52112579345703,1112924.4823211052
2019-09-27 13:30:00,67.16241288601991,67.30086690261736,65.41286806122518,65.9415054321289,2192797.955822487
2019-09-30 13:30:00,66.23414609894157,66.64321349432376,65.94150856928967,66.52364349365234,1143750.6474709748
2019-10-01 13:30:00,66.98306555493122,67.83896133778114,65.72440418280239,65.9006118774414,1928390.5859934185
2019-10-02 13:30:00,65.53873297078698,65.56390446422151,64.50977705547828,64.9377212524414,1407522.0450244064
2019-10-03 13:30:00,65.00381235682872,66.09570800098092,64.16994797273074,66.07997131347656,1698623.6187591746
2019-10-04 13:30:00,66.41665642789202,67.27883954380323,66.27505506594058,67.17814636230469,1285170.2037915436
2019-10-07 13:30:00,67.13409531221261,67.4424695183926,66.75019942244892,66.7848129272461,1297246.5345133252
2019-10-08 13:30:00,65.92577835531509,66.10513335433433,64.64193852014783,64.71745300292969,2173730.0681886286
2019-10-09 13:30:00,65.54817664611842,66.22156272706385,65.41916463657837,65.77473449707031,1438983.89208217
2019-10-10 13:30:00,65.8439484464457,67.137230026624,65.8439484464457,66.41664123535156,1182522.1123142266
2019-10-11 13:30:00,67.65327523539335,68.76719460641776,67.6312510836034,67.98368072509766,2062819.494875688
2019-10-14 13:30:00,67.93648995357768,68.08438597625985,67.59664959680724,67.97425079345703,1177119.4040173427
2019-10-15 13:30:00,68.39590635941862,69.60737187111911,68.27948369477737,69.46891784667969,1276271.897362343
2019-10-16 13:30:00,69.07557075826902,69.39653424851295,68.28576218134498,68.48400115966797,1866103.176764236
2019-10-17 13:30:00,69.26753241323554,69.4468946204184,68.21969960883358,68.6004409790039,1366208.3698146169
2019-10-18 13:30:00,68.47774017390029,68.69485607509621,67.26942169133409,67.87358093261719,855508.7330657622
2019-10-21 13:30:00,68.53437341713754,69.21720165784699,68.36445319138834,69.21090698242188,1377013.217033533
2019-10-22 13:30:00,69.41540486420558,69.45316569510507,68.6067123413086,68.6067123413086,1197458.684965636
2019-10-23 13:30:00,67.3449030897543,67.93333255434479,66.87290346439137,67.28511810302734,1694175.0735186148
2019-10-24 13:30:00,68.19136494909262,69.01579432827822,68.10955579981184,68.94971466064453,2025636.95061078
2019-10-25 13:30:00,69.17943403471992,70.46012667681046,69.14167318801182,70.39089965820312,1970022.1020268635
2019-10-28 13:30:00,70.91638228232436,71.72821511087047,70.81254177592379,71.67157745361328,1227331.333128312
2019-10-29 13:30:00,71.73448489704752,72.21907375879513,70.92893981933594,70.92893981933594,1227013.9620006802
2019-10-30 13:30:00,71.4701872474072,71.48592393031808,70.48527975933852,70.95413208007812,1124365.2230836228
2019-10-31 13:30:00,70.83456802264605,70.83456802264605,69.67659293642853,70.59542083740234,913983.6379723384
2019-11-01 13:30:00,71.26251618424278,72.21595764160156,70.93211781846823,72.21595764160156,2107628.354876504
2019-11-04 14:30:00,73.13162788460266,73.89941235954217,73.11274386515431,73.82389068603516,2109217.6380093726
2019-11-05 14:30:00,74.04732430820292,74.46267919760766,73.65398637527387,73.86481475830078,1156462.457831131
2019-11-06 14:30:00,73.72322644405904,73.74525780872513,72.62504321938262,73.37080383300781,1730720.9206374888
2019-11-07 14:30:00,74.46582312224308,74.62316116906212,73.50924150361921,73.81446838378906,1580085.628976094
2019-11-08 14:30:00,73.53125890982994,74.23296377543824,73.09702005668285,74.1857681274414,1110699.8753660782
2019-11-11 14:30:00,73.5595830105832,73.9938218948493,73.27952763077647,73.88054656982422,886017.4622619872
2019-11-12 14:30:00,74.06619156712513,74.60427093346058,73.74208789344306,74.03157806396484,1529873.863908642
2019-11-13 14:30:00,73.62565572196685,74.28960693483094,73.26693855640167,74.11024475097656,984852.3583923784
2019-11-14 14:30:00,73.71691871602778,73.93089443630686,73.30156382662302,73.86481475830078,1031568.325946648
2019-11-15 14:30:00,74.84343854811512,75.17068964796998,74.19522382166947,74.5413589477539,1035381.73828092
2019-11-18 14:30:00,74.5350626190519,74.82770740195282,74.00642513068215,74.3714370727539,823093.5425506716
2019-11-19 14:30:00,74.71757142812903,74.82770663779654,73.59106223706674,74.00012969970703,775106.2435453116
2019-11-20 14:30:00,73.65398433493482,74.02214355964787,72.56839068378554,73.12849426269531,1496505.0466568
2019-11-21 14:30:00,72.61875034300414,72.9900569901117,72.03032059454168,72.34813690185547,2208051.534823784
2019-11-22 14:30:00,72.55579333366757,72.9554186838152,72.10267045975947,72.27259063720703,1089407.4889952014
2019-11-25 14:30:00,72.96172361681859,74.07879067350164,72.96172361681859,74.00641632080078,1302013.3765504498
2019-11-26 14:30:00,73.88370580712233,73.99698115039236,73.39282197913404,73.7295150756836,2266526.3712537675
2019-11-27 14:30:00,74.02843136093355,74.27072588513003,73.93088552430919,74.26128387451172,821186.9610497685
2019-11-29 14:30:00,74.01268544455657,74.01268544455657,73.37076570577943,73.46516418457031,651483.6083398603
2019-12-02 14:30:00,73.54068796827865,73.61620243220268,72.18132678765103,72.33551025390625,1513666.505891684
2019-12-03 14:30:00,70.78109308010157,71.2877063901323,70.43810531086565,71.21533203125,2046928.8362450209
2019-12-04 14:30:00,72.19708589016659,72.65649629748246,72.1310062123726,72.34182739257812,1145657.3712179344
2019-12-05 14:30:00,72.84214402880512,73.00262941526867,72.38588097096493,72.70369720458984,1487924.536994333
2019-12-06 14:30:00,73.60364826085339,73.96866018270032,73.47148889608373,73.75468444824219,1061758.9490475706
2019-12-09 14:30:00,73.92773691183001,73.99381658073032,73.40854157108288,73.41797637939453,522140.1703889654
2019-12-10 14:30:00,73.80503677262723,74.21095689101756,73.45260698832051,73.7295150756836,553601.9263494199
2019-12-11 14:30:00,73.92147536504099,75.35321176901829,73.87113235767252,75.23992919921875,1545445.2286731654
2019-12-12 14:30:00,75.12662082782543,77.41109763242432,75.12662082782543,77.27893829345703,2320234.540692391
2019-12-13 14:30:00,77.3198660629356,78.11596963531582,76.58983497463778,76.93911743164062,1838771.9011947368
2019-12-16 14:30:00,77.78602379857875,78.34810894013015,77.61550245016716,77.67549896240234,2215784.968357492
2019-12-17 14:30:00,78.1018280170509,78.17760968293996,77.61868285542138,78.02603912353516,1028248.0719180516
2019-12-18 14:30:00,78.18075965276792,78.18075965276792,77.70077301620772,77.98497772216797,1017481.1870631024
2019-12-19 14:30:00,78.29758264387645,78.61335754394531,77.92180400793274,78.61335754394531,1122618.0126475033
2019-12-20 14:30:00,79.15964893651186,79.54806141740625,78.79018728414194,79.36174774169922,1093167.221358989
2019-12-23 14:30:00,79.98387988248125,80.02493280558689,79.51336857240138,79.61441802978516,1431693.6060386265
2019-12-24 14:30:00,79.79123582396134,79.81017943025185,79.33966824142833,79.74386596679688,532333.0174696437
2019-12-26 14:30:00,80.08175184184645,80.08175184184645,79.53861023398845,79.83544158935547,690354.5239187626
2019-12-27 14:30:00,80.16385481242098,80.16385481242098,79.40913894754837,79.67755126953125,1165369.1461173538
2019-12-30 14:30:00,79.65859637055914,79.65859637055914,78.53441891329774,79.07756042480469,1180886.4570499498
2019-12-31 14:30:00,78.66705717698862,79.33335027527846,78.62916273727008,79.29229736328125,638102.9411142115
2020-01-02 14:30:00,80.29015042998603,80.93118286132812,79.89226972659246,80.93118286132812,1346191.610418812
2020-01-03 14:30:00,79.68387885972324,80.11649565943817,79.24810358731591,79.42178344726562,1303756.5580387728
2020-01-06 14:30:00,78.4239152591604,78.84706386616654,78.07971401379004,78.59443664550781,1704985.510307692
2020-01-07 14:30:00,79.5733500711846,80.35648502484128,79.10283885000848,80.04070281982422,1210337.09272483
2020-01-08 14:30:00,80.19858080641849,80.50803877418251,79.62701303855728,79.96805572509766,1369942.2698482375
2020-01-09 14:30:00,81.07960889881952,81.07960889881952,79.71543811300509,80.47331237792969,675154.1457278571
2020-01-10 14:30:00,80.98486761808661,80.98486761808661,79.772274599918,80.00595092773438,2060613.5608789928
2020-01-13 14:30:00,80.5648875328704,81.05434228075553,80.31857730910818,80.94066619873047,1002914.2349813436
2020-01-14 14:30:00,81.15539474314558,81.7995857333821,80.69435899849223,81.11750030517578,946229.119621438
2020-01-15 14:30:00,81.23117515390565,81.26906958792642,79.92700817630161,80.25857543945312,1600799.4304374328
2020-01-16 14:30:00,80.87751442835923,81.55959263049469,80.8206691574625,81.52801513671875,1803472.163308391
2020-01-17 14:30:00,82.02379044648633,82.140625,81.49643403680051,82.140625,1073216.4059527772
2020-01-21 14:30:00,81.81852487405287,82.37745149207872,81.74905295230684,82.09325408935547,1745203.9569700246
2020-01-22 14:30:00,82.69638708087265,83.5647788225438,82.45639384096062,82.64585876464844,1320857.5838966195
2020-01-23 14:30:00,82.96166056252564,83.346914671976,82.2069447048269,83.27112579345703,1137184.957469014
2020-01-24 14:30:00,84.48686806790697,84.60686108927064,81.81221335848383,82.38693237304688,1716702.9619062436
2020-01-27 14:30:00,80.05016323815167,80.21120916920799,79.08072195224446,79.24176788330078,3390654.5473556374
2020-01-28 14:30:00,80.13856810472448,81.36379486172389,79.69332480652112,81.07959747314453,2544495.462190884
2020-01-29 14:30:00,80.79225193396164,80.99435078967568,79.54176436077789,79.5891342163086,1311356.9907017
2020-01-30 14:30:00,79.1501854607427,79.82595383253488,78.02916655122905,79.59227752685547,1838623.5543027392
2020-01-31 14:30:00,78.86283690911516,78.9259918976891,76.38712232784054,76.75342559814453,2275319.9795730216
2020-02-03 14:30:00,76.98711785379218,77.80182308034315,76.93658952066156,77.61235809326172,1814872.2801484389
2020-02-04 14:30:00,79.68069357203788,80.15752160135268,79.28281287821193,80.03752136230469,2602130.4937202344
2020-02-05 14:30:00,81.56275034444413,82.02063484137649,80.67225635509025,81.8816909790039,2120781.947313354
2020-02-06 14:30:00,81.8532726118654,81.97010717039666,80.94066931044216,81.9290542602539,1128001.3791176786
2020-02-07 14:30:00,80.96593184692803,81.10803418603453,79.89859229514765,79.99649047851562,1636900.332837401
2020-02-10 14:30:00,79.25124802163211,81.16171168741138,79.25124802163211,81.11750030517578,1280322.7344810823
2020-02-11 14:30:00,81.90380182089163,83.23639531685342,81.90380182089163,82.75640869140625,1195453.3364745874
2020-02-12 14:30:00,83.68163176076352,84.15530136086666,83.60584289011713,84.03214263916016,1641333.9590100506
2020-02-13 14:30:00,83.33744006334112,84.66687501205331,83.23639063354443,84.12057495117188,1775287.8890991826
2020-02-14 14:30:00,84.78053790277086,85.05842559835031,83.41952567088673,83.83951568603516,1442777.8954852452
2020-02-18 14:30:00,82.56692868085952,82.89533747949129,82.13115352139154,82.76271057128906,2543861.827792248
2020-02-19 14:30:00,83.81425146172343,85.00789354742861,83.81425146172343,84.85000610351562,1662868.0995660643
2020-02-20 14:30:00,84.58476739032908,84.8089683234287,82.38694053206142,83.61848449707031,2429224.7033086186
2020-02-21 14:30:00,83.03743930394822,83.11006970136017,80.81118644188938,81.13328552246094,2617014.10074681
2020-02-24 14:30:00,77.32496477633725,78.42703265115972,76.7344535649735,77.24601745605469,3997091.081652064
2020-02-25 14:30:00,78.28178135269668,78.39862311172682,74.49558363466512,74.9439926147461,5412634.488462301
2020-02-26 14:30:00,75.55977406455465,76.6934197033171,74.58716712210051,75.04505157470703,4776747.497398667
2020-02-27 14:30:00,72.81252277373112,74.30616261418396,71.45150990005081,71.58097839355469,4404017.280694144
2020-02-28 14:30:00,69.0862902582739,73.67456702778313,68.87787447608895,73.19458770751953,5055105.879122901
2020-03-02 14:30:00,74.49244849110546,75.78714752197266,72.09568110714318,75.78714752197266,4367600.718895406
2020-03-03 14:30:00,76.12502720898885,77.11657787918283,72.62934292713439,73.11880493164062,2881438.611773917
2020-03-04 14:30:00,74.7324166478325,76.85445404052734,73.636665608303,76.85445404052734,3542343.248575689
2020-03-05 14:30:00,74.95030947227978,76.46920897220346,73.91770615346961,74.539794921875,3745966.150062231
2020-03-06 14:30:00,72.27565445304774,73.59877207866802,71.15463562919949,72.91036987304688,5121292.179193487
2020-03-09 13:30:00,67.0937269377392,70.34941794745976,66.3137505340793,66.68321228027344,6420614.074319171
2020-03-10 13:30:00,69.47154200185886,71.12306861665489,66.97687687077402,71.0599136352539,4074042.430318344
2020-03-11 13:30:00,68.81157472511246,69.81260092782694,66.3421767940971,67.07794189453125,2388689.8485334464
2020-03-12 13:30:00,62.394931027402265,64.94958600662203,59.62238480919576,59.72343063354492,6185639.576711729
2020-03-13 13:30:00,63.285401517999766,66.37057031692686,59.73288375925039,66.13057708740234,4665911.408169968
2020-03-16 13:30:00,59.36658654492407,62.16755463795272,55.466705208233456,56.06037139892578,5084873.894456205
2020-03-17 13:30:00,57.55400909381186,61.57704181801032,55.0467174919166,60.99284744262695,4305849.910484824
2020-03-18 13:30:00,56.93824102331759,58.98449348165364,52.98467995556599,55.98143005371094,4361268.001517663
2020-03-19 13:30:00,54.95515151366655,59.205548112532966,53.80255487697417,57.42139434814453,3108812.210521532
2020-03-20 13:30:00,59.50869588767762,60.55708461352482,55.501451094252246,55.78565216064453,3106278.826130477
2020-03-23 13:30:00,56.40141633062149,58.70660926455588,55.04356256254374,57.77821731567383,2942557.534269457
2020-03-24 13:30:00,61.403370247582735,64.21381045058801,61.21706376427988,64.02750396728516,6074487.159942199
2020-03-25 13:30:00,64.59659290345658,66.7037618241123,62.28029756837303,63.19287490844727,2625703.718052911
2020-03-26 13:30:00,64.85006980989469,67.71771531781556,64.26386330732961,67.44204711914062,3473377.9114012546
2020-03-27 13:30:00,65.31270933645835,66.26965027336243,63.87730518362175,64.09593963623047,2630753.3353814576
2020-03-30 13:30:00,64.76768853388049,66.52313888987463,64.29238747858778,66.32667541503906,3515035.326338892
2020-03-31 13:30:00,66.33620463585525,67.4547464227887,64.4571780167625,65.02437591552734,4567840.283519353
2020-04-01 13:30:00,62.88551089880983,64.39062632311425,60.8131940359361,61.465946197509766,3091513.7652254286
2020-04-02 13:30:00,60.93676973108221,63.44635899226749,60.806855352457205,63.29743576049805,3721746.018400603
2020-04-03 13:30:00,63.199203538813926,64.00088255968083,61.28215951569329,62.09967803955078,3272030.9330920745
2020-04-06 13:30:00,64.79622863246281,68.74439960586062,64.79622863246281,68.43386840820312,5272235.512706912
2020-04-07 13:30:00,70.82621469827494,71.09872090221702,68.11066071318335,68.18987274169922,7044270.31236941
2020-04-08 13:30:00,69.33692484183256,70.73114184618436,68.36730656364857,70.47130584716797,4119388.8568299785
2020-04-09 13:30:00,71.475803047498,72.02714697595256,68.27227006753925,68.94719696044922,7145258.0007163845
2020-04-13 13:30:00,68.68419273267206,69.93581825865829,68.12967224865105,69.7266845703125,4174300.423701552
2020-04-14 13:30:00,71.4155778130729,72.94287872314453,71.24447636394493,72.94287872314453,6176400.040446538
2020-04-15 13:30:00,71.41240187936778,71.41240187936778,70.10690503786003,70.77232360839844,3808533.551093274
2020-04-16 13:30:00,72.05566574277735,72.91437146331431,71.09872462739851,72.75910949707031,3511562.7283262666
2020-04-17 13:30:00,74.03924117367316,74.18817166754029,72.42005085810078,73.3231201171875,2916677.222918675
2020-04-20 13:30:00,72.22042646534298,73.29460444187461,71.63421978598022,71.72927856445312,2854190.47397811
2020-04-21 13:30:00,70.61073200248796,70.9751275874979,67.99340653683423,68.21521759033203,3842932.3113530152
2020-04-22 13:30:00,70.4396352778981,72.68622683821523,70.08157833402463,72.34400939941406,3514718.7222811743
2020-04-23 13:30:00,72.3471730216369,73.09181101408201,71.36805380302968,71.62154388427734,3085517.434590963
2020-04-24 13:30:00,71.57400069885415,73.27240993888492,70.97511674788961,73.11080932617188,3037232.9976896057
2020-04-27 13:30:00,74.05509047335181,74.82507602076092,73.74455932287883,74.08677673339844,3379331.165347263
2020-04-28 13:30:00,75.46832075848356,75.8453938014439,73.62098776089375,73.703369140625,4306848.134879459
2020-04-29 13:30:00,75.01204832491521,77.51529969325924,74.87262584839722,77.20159912109375,4182505.218378001
2020-04-30 13:30:00,76.87519997085839,76.97025873719639,74.34976407245429,74.47650909423828,5441077.426331352
2020-05-01 13:30:00,72.51828463605872,72.91436653015433,70.50300504771845,70.84522247314453,6347133.492436051
2020-05-04 13:30:00,70.17028293757426,71.52330563667365,69.89143808562409,71.43458557128906,3557008.481530745
2020-05-05 13:30:00,72.7654200318697,73.98852818876944,72.20139170411753,72.63550567626953,4740469.503126996
2020-05-06 13:30:00,73.42769654176023,74.65714385703433,73.31362889561444,73.52592468261719,4636954.429434306
2020-05-07 13:30:00,74.82506547224583,75.1070796741717,73.81742949027917,74.18816375732422,2972536.8634339543
2020-05-08 13:30:00,74.96449765451356,76.45694296936674,74.75219463773523,76.37772369384766,4087513.7959806337
2020-05-11 13:30:00,75.66161474335702,76.98929026997341,75.52219952983526,76.30485534667969,3680087.3021857874
2020-05-12 13:30:00,76.8213354522481,77.07800212316202,74.21668729762787,74.28005981445312,3959700.253840475
2020-05-13 13:30:00,74.64129258874398,74.98351001154299,71.7451291529542,72.84782409667969,7247510.032456005
2020-05-14 13:30:00,72.22675467673126,74.86942749803437,71.01314718118931,74.79654693603516,6860598.8197965
2020-05-15 13:30:00,72.2901485350876,73.50057978483204,71.84653358312221,73.25025177001953,5951068.298427976
2020-05-18 13:30:00,74.98982776733708,77.02411562767017,74.98982776733708,76.6153564453125,5197442.894195334
2020-05-19 13:30:00,76.63123405610399,78.13318768005038,76.33654236246818,76.36506652832031,4531862.888215605
2020-05-20 13:30:00,77.9367234773725,79.69534381153545,77.9367234773725,79.17884826660156,3988102.4930695607
2020-05-21 13:30:00,79.20417125804393,79.26437441728474,77.05897770796524,77.18572998046875,4007670.275385079
2020-05-22 13:30:00,77.26177900726069,77.65786810612843,76.30483807198394,77.52794647216797,2590357.8950973274
2020-05-26 13:30:00,79.60342609980282,79.98683778073888,78.23772596357107,78.34229278564453,4534388.8382322565
2020-05-27 13:30:00,78.5831191435298,79.54956817626953,76.35871329668095,79.54956817626953,5572677.58394993
2020-05-28 13:30:00,78.9665382125551,80.02804612137656,77.38537270567073,77.81314086914062,4691867.137971849
2020-05-29 13:30:00,78.06979405885434,80.01853165294607,77.82898138784739,79.80622863769531,6608441.901150266
2020-06-01 13:30:00,79.39429114015095,79.74918590964468,78.6686693519747,79.37528228759766,2924567.2369252346
2020-06-02 13:30:00,79.60343200372361,81.14974899322549,79.23269769888307,81.08953857421875,3324103.152202629
2020-06-03 13:30:00,82.2936328407566,83.81142557183468,82.27145463678086,83.43119049072266,1874285.5690273864
2020-06-04 13:30:00,83.11433350695941,84.81591259205244,82.85133535948317,84.19168090820312,2049752.9703207165
2020-06-05 13:30:00,86.20379096646123,87.50611154777695,85.79820101619447,86.25448608398438,3027764.440538398
2020-06-08 13:30:00,86.76780789602141,86.9040609897831,85.22783680340508,86.07704162597656,2662943.258682413
2020-06-09 13:30:00,85.20882238520684,86.4509470099486,84.83174935644739,86.14358520507812,2060167.486138532
2020-06-10 13:30:00,86.7171136333521,87.26845746380216,86.09288197590656,86.4477767944336,2713437.5341445147
2020-06-11 13:30:00,84.25505819215941,84.53073376088149,80.86774658766736,80.95646667480469,4199547.534239062
2020-06-12 13:30:00,83.02875402597034,83.70685000330143,80.227650057493,82.05914306640625,4853134.617246963
2020-06-15 13:30:00,80.25321260837784,83.2954196181763,79.97376743626096,83.16522216796875,2238332.468025707
2020-06-16 13:30:00,85.6104016153206,86.15342511852621,83.27634761371556,84.78792572021484,3552424.445361662
2020-06-17 13:30:00,85.5945272622363,86.21694268214831,84.93718755883083,85.44845581054688,1439422.996678542
2020-06-18 13:30:00,85.33414080628677,85.74696695604625,84.91178588645909,85.28968048095703,1406987.8176656433
2020-06-19 13:30:00,86.3598455094971,86.62976915602327,84.64503047530154,84.87684631347656,2384132.89476168
2020-06-22 13:30:00,84.78793632486072,85.70250195684041,83.96863658340196,85.50244140625,1349990.399122832
2020-06-23 13:30:00,86.33445398689396,86.69964356776732,85.65488039736094,85.80730438232422,1236310.1999789276
2020-06-24 13:30:00,85.34047601342003,85.79140261536482,83.27634568320887,83.92416381835938,2072063.9475539692
2020-06-25 13:30:00,83.82255337065382,84.68948964513427,82.54279825934393,84.52436065673828,1444776.366380513
2020-06-26 13:30:00,84.62917083919481,84.71173171438073,82.73334521033271,82.93975830078125,1719056.8301953438
2020-06-29 13:30:00,82.96198485427519,83.8765505252449,81.9172144655556,83.84479522705078,2797285.7952329023
2020-06-30 13:30:00,84.22585296892791,86.33760540939329,84.15598987010655,86.01687622070312,4288983.278051771
2020-07-01 13:30:00,86.09627540723503,86.1280307031879,84.83557053343867,84.91495513916016,2004044.585984171
2020-07-02 13:30:00,86.22649199564287,86.75363438651485,85.69298982218241,85.9533920288086,1876193.4305117405
2020-07-06 13:30:00,87.6427761180592,88.56051796178106,87.36967621756338,88.22390747070312,2427589.571861355
2020-07-07 13:30:00,88.03971216743162,88.57956667020852,87.04258581903773,87.18231201171875,1987040.047395853
2020-07-08 13:30:00,87.84600386402522,88.43984018092803,87.15690167106497,88.3636245727539,1690716.014302197
2020-07-09 13:30:00,88.78917802362695,90.07846220749398,87.43320697743312,89.53543853759766,2107647.3286257726
2020-07-10 13:30:00,89.7735967411122,89.88156766506937,88.36999653463522,89.23374938964844,1013988.520735982
2020-07-13 13:30:00,90.49765502886304,91.47256259560736,87.59834965766586,87.76665496826172,3098332.4121149704
2020-07-14 13:30:00,87.14738175658155,89.44014440901749,86.0105219303182,89.21785736083984,3279403.2878845264
2020-07-15 13:30:00,89.93239149065325,89.9355677477743,87.69677891842396,89.0622787475586,2358625.184016099
2020-07-16 13:30:00,88.02702836777993,89.01463337293987,87.63960502043865,88.72882843017578,1411396.52621935
2020-07-17 13:30:00,89.02099734593085,89.5386109367735,88.74154488028853,89.17659759521484,1406987.6990953973
2020-07-20 13:30:00,89.32584400872372,91.1930831621779,88.73836008964442,90.93903350830078,1871785.0688628547
2020-07-21 13:30:00,91.61224015289702,91.73291608172606,90.10384555493928,90.4753875732422,1673081.3650633837
2020-07-22 13:30:00,90.72308969906132,91.4629975204903,90.03716369857119,90.77389526367188,1302125.1762493532
2020-07-23 13:30:00,90.821532027456,91.5296845553826,88.5986250339383,89.38616943359375,2105758.4124870347
2020-07-24 13:30:00,87.80473281085317,89.23691922486694,86.6202435259377,87.9825668334961,2852394.000546824
2020-07-27 13:30:00,89.09403569173962,90.76121456318052,89.03052508479446,90.72311401367188,2439870.1721096
2020-07-28 13:30:00,90.05940015116545,90.17689984330032,88.79234266439681,88.97017669677734,1913037.3818151508
2020-07-29 13:30:00,89.76088821013553,91.17401701721948,89.66562232454355,90.80247497558594,1524131.9966908824
2020-07-30 13:30:00,90.5389139281552,92.6760767867294,90.51668739953809,92.59033966064452,2852393.8199411817
2020-07-31 13:30:00,92.82215615333942,92.86661647919809,90.80883821929912,92.2156219482422,2024198.2059895329
2020-08-03 13:30:00,92.77767229134308,94.11459256977774,92.76497453597756,93.88912200927734,1736377.059628717
2020-08-04 13:30:00,93.88914457482984,95.34991738032552,93.84151526120142,95.26734924316406,1525076.5467312017
2020-08-05 13:30:00,95.11808670153133,95.59124715350154,94.5052000398086,95.1688995361328,1828013.639594362
2020-08-06 13:30:00,95.09584598637446,95.2736799784646,94.15270147958532,95.11807250976562,1150656.819238399
2020-08-07 13:30:00,95.01011223066432,95.36259670299478,92.91740284757446,94.06060791015624,1432495.261670481
2020-08-10 13:30:00,94.34323169880874,94.45755510651183,92.69511103059676,94.05743408203124,1392817.5133935786
2020-08-11 13:30:00,93.94947591865096,94.9211995766996,92.79038947827884,93.07618713378906,2221642.827329433
2020-08-12 13:30:00,93.86691847047328,96.33752286324628,93.56523949894978,96.0834732055664,2042462.6135464655
2020-08-13 13:30:00,96.08346656974553,96.18190871565518,94.65445642333329,95.12761688232422,1597819.305714923
2020-08-14 13:30:00,95.43247074054104,96.1819073561102,94.7338469596091,95.0704574584961,1142784.0643283182
2020-08-17 13:30:00,95.8548577575276,96.5947658518127,95.63573959999744,96.14065551757812,974625.3771025132
2020-08-18 13:30:00,96.68681430549076,96.75667740405822,95.35942270102969,95.6325225830078,1070986.2101074886
2020-08-19 13:30:00,95.75003129927376,95.92468906218927,94.8005341349596,95.08950805664062,1257093.956756538
2020-08-20 13:30:00,93.99710726086576,94.67985702183884,93.5430043512334,94.24480438232422,1993652.79029018
2020-08-21 13:30:00,94.06060368313156,94.95611887851308,93.70176671478548,94.8830795288086,1300865.7269500338
2020-08-24 13:30:00,95.98184418870598,96.21366002387248,95.12126042638756,95.87069702148438,1095548.599725417
2020-08-25 13:30:00,96.06124717864463,96.8773707148662,95.86753186059346,96.80115509033205,1144043.5763589635
2020-08-26 13:30:00,97.02024594532594,97.458482061987,96.61694864534296,97.11234283447266,1070356.4318345245
2020-08-27 13:30:00,97.53788417639105,97.53788417639105,95.39754511062816,96.00725555419922,1742674.7366687004
2020-08-28 13:30:00,96.12473966230228,97.8173207567461,95.95643442969308,97.77921295166016,1796208.584987169
2020-08-31 13:30:00,97.71255889085428,98.37943480110366,96.93454305249924,97.56013488769533,1063743.0863438875
2020-09-01 13:30:00,98.3413125781546,99.56390975481494,97.83004427146088,99.49722290039062,1484454.0093395596
2020-09-02 13:30:00,101.06595140968366,102.97129826398896,100.10057295666232,102.3806381225586,3119432.027071588
2020-09-03 13:30:00,100.73570389750446,100.96117453646406,95.99774597884412,96.67096710205078,4115785.323202685
2020-09-04 13:30:00,96.0263018547756,97.31558570027856,92.25688518905356,95.6674575805664,3639022.6985902353
2020-09-08 13:30:00,92.23148516945288,93.92406639085758,91.06287722188247,91.19625091552734,3186821.443997565
2020-09-09 13:30:00,93.5080686741182,94.46074204104826,92.27911915857986,93.67955017089844,2009712.947229388
2020-09-10 13:30:00,94.94661633877718,95.22606879107884,91.86630865481452,92.40933227539062,2009082.799632373
2020-09-11 13:30:00,93.05397118863986,94.01617345540548,91.37726379937268,92.38392639160156,1600023.5183722845
2020-09-14 13:30:00,94.23529295620982,94.8227769380724,93.50809000835348,94.23211669921876,1213007.2871347154
2020-09-15 13:30:00,95.5213988133118,96.51852536178532,95.35626253913829,95.8580093383789,1322278.8407011265
2020-09-16 13:30:00,96.54709908127826,96.6614225105603,94.81323371293584,94.95931243896484,1277877.5497414656
2020-09-17 13:30:00,92.53952714410742,95.06411337801752,92.21562164222895,94.91168212890624,1799987.085225844
2020-09-18 13:30:00,95.34673473127872,95.58807934489091,92.20926202264178,93.42550659179688,1270949.691363368
2020-09-21 13:30:00,91.6662392533522,93.2572021484375,90.87869481289728,93.2572021484375,2447428.373559976
2020-09-22 13:30:00,93.85421657516326,94.34960357356908,92.21879332662984,94.21940612792967,1150656.6017351598
2020-09-23 13:30:00,94.2445766255045,94.75131813632434,91.70448629340716,92.04550170898438,1983018.2925434336
2020-09-24 13:30:00,91.28380714781387,94.11391656874882,91.2168791555642,92.82315826416016,2458377.6855364605
2020-09-25 13:30:00,92.9856954713963,94.3943783276376,91.59295132482698,94.09797668457033,1688389.3415390952
2020-09-28 13:30:00,95.43335597585818,96.78467406521854,94.81506534403732,96.68905639648438,1920264.4080892408
2020-09-29 13:30:00,96.77192502692448,97.82365375253394,96.62531807357276,96.91534423828124,2003413.072090378
2020-09-30 13:30:00,96.85159597447132,98.03718058736206,96.51376829699716,97.08106231689452,2036986.4902253577
2020-10-01 13:30:00,98.40052774554908,99.34709032438865,97.9479704299158,99.15904998779295,2139274.5508704907
2020-10-02 13:30:00,96.59663226616,98.19016765536496,96.05164511800572,96.1855010986328,2100681.439794924
2020-10-05 13:30:00,97.06192823278118,99.28012198731884,96.93125272570988,99.19087982177734,1610888.824593707
2020-10-06 13:30:00,99.27058569307508,101.0967680109985,98.31446731029096,98.71922302246094,1975487.590250064
2020-10-07 13:30:00,100.12470388249812,100.91828377733728,100.1087651742508,100.60913848876952,1306532.9579243744
2020-10-08 13:30:00,101.53020891017692,102.06244510460952,101.21150036514786,101.85528564453124,1024768.5443466164
2020-10-09 13:30:00,103.32769956440198,103.93642692257993,102.9356948729003,103.64640808105467,2057695.2578633328
2020-10-12 13:30:00,105.0168466596636,105.72437213583868,104.494166435891,105.18576049804688,1664543.0303879592
2020-10-13 13:30:00,105.36424417589036,105.89329995295148,104.5228626146296,104.99773406982422,2404409.341763052
2020-10-14 13:30:00,105.434360896001,105.75625720423965,103.97787639000092,104.57386016845705,1634107.2341456243
2020-10-15 13:30:00,102.62336153703856,104.49735243665624,102.40982661267272,104.29338073730467,1262605.328157208
2020-10-16 13:30:00,105.0136811575554,105.2049019339034,103.71335945349486,103.79621887207033,905536.3182552482
2020-10-19 13:30:00,104.64714672499149,105.265437347173,102.87832930004528,103.27352905273438,1264174.0883676356
2020-10-20 13:30:00,103.7388593179405,104.0193223063804,102.86241977367122,103.1046371459961,1096935.1383673877
2020-10-21 13:30:00,103.35001680135612,103.55717626371542,102.33015819955838,102.41302490234376,1123605.6695953656
2020-10-22 13:30:00,102.54049966000942,102.98668868512772,101.2114958101181,102.45445251464844,946640.182926239
2020-10-23 13:30:00,102.06245970438292,102.09432983398438,101.12864812946898,102.09432983398438,822073.8524559047
2020-10-26 13:30:00,101.22104367891596,101.58436595076962,98.57896779447589,99.88247680664062,1748005.7206436766
2020-10-27 13:30:00,100.57410001139812,100.81950510348636,99.1462978505634,99.49049377441406,930951.6183837052
2020-10-28 13:30:00,97.9224608251424,97.9224608251424,96.07396420765056,96.23332214355467,1549075.870389283
2020-10-29 13:30:00,96.2492226222044,99.70399739515358,96.1153666676184,98.67457580566406,1573550.3316046407
2020-10-30 13:30:00,97.63243248502498,98.26984228317382,96.07077446752808,97.35834503173828,1398467.0492478108
2020-11-02 14:30:00,98.26984056492628,98.71921734613248,96.86753319783487,97.70573425292967,1523033.2456225697
2020-11-03 14:30:00,98.5662388891026,100.39242847030582,98.54711973140078,99.54785919189452,1448670.0064538938
2020-11-04 14:30:00,101.6704131311294,103.5635228529654,100.45613907915592,103.0280990600586,3165613.170445507
2020-11-05 14:30:00,106.00484588410878,107.9234508059593,105.90922821180769,107.6557388305664,2937502.4048851603
2020-11-06 14:30:00,107.40079197040382,109.81020736091676,107.05340098720244,109.41182708740234,2108525.2681731675
2020-11-09 14:30:00,112.35028353390932,112.74866375503348,108.1306102947066,108.1369857788086,2009060.8731533005
2020-11-10 14:30:00,107.16812157132684,107.62705429292949,104.62165552479432,104.8925552368164,1947562.25080058
2020-11-11 14:30:00,106.511579665515,108.8636297990335,106.5020164400631,108.6724090576172,1747064.1514584126
2020-11-12 14:30:00,108.84449938046116,109.10265539602682,106.76016857335006,107.33065032958984,1258840.0918023922
2020-11-13 14:30:00,108.60865075888869,109.55202528907697,107.86925521178682,108.64689636230467,1119840.6203517471
2020-11-16 14:30:00,109.53611716250856,111.34955596923828,109.23653502914742,111.34955596923828,1523033.021466742
2020-11-17 14:30:00,110.95434375354785,110.98621387720144,109.61258893445977,110.4316635131836,1434550.517126707
2020-11-18 14:30:00,110.62606866183042,111.38777845393489,109.53928215933874,109.6093978881836,1423568.6553850868
2020-11-19 14:30:00,109.21740447351264,111.33361293518703,108.71703109471817,111.22843933105467,1104779.5278379065
2020-11-20 14:30:00,111.26668437182042,112.20686402547872,110.5782779826963,110.70894622802734,1432354.0387350342
2020-11-23 14:30:00,111.20292350901346,112.67853423006612,110.8459766836295,112.28652954101562,1438002.0472331804
2020-11-24 14:30:00,113.0928688890015,113.09924437321276,111.1583252233264,112.8984603881836,1908341.0934051329
2020-11-25 14:30:00,113.06416780795593,113.51673228226244,112.18454079197087,112.64984893798828,1018807.0626344668
2020-11-27 14:30:00,113.36375385580398,114.65769978730916,113.36375385580398,113.99160766601562,1791933.1474814315
2020-11-30 14:30:00,114.18284566661376,115.44492166666672,112.73910483573502,115.31106567382812,1960112.883824933
2020-12-01 14:30:00,116.32772726509702,117.95632053844191,115.94846621758406,117.21372985839844,2097229.960872039
2020-12-02 14:30:00,116.885492700645,118.13800566647627,116.76756810596096,117.5579605102539,2239680.4252727884
2020-12-03 14:30:00,118.23996305255112,118.93155715146209,117.55156399013798,117.7109146118164,1147138.359223015
2020-12-04 14:30:00,118.23995114339624,120.99357629411853,118.0519181582148,120.92027282714844,1699057.6698145317
2020-12-07 14:30:00,121.60551478479344,121.61825845893526,120.37530890653282,121.53221130371094,1733885.6649719044
2020-12-08 14:30:00,121.44613521758131,122.399065712675,120.85015883774705,121.9241943359375,1258212.586904024
2020-12-09 14:30:00,121.46206882426968,122.27158009093642,117.7682642605127,118.48854064941406,2038869.2601218373
2020-12-10 14:30:00,117.47505806882964,119.3394856401992,117.07985836409124,118.32281494140624,2057695.377865275
2020-12-11 14:30:00,117.48462800379868,117.994564579334,115.88472442896337,117.17230224609376,1679603.8494445374
2020-12-14 14:30:00,118.26353340097506,119.19604444438517,118.00165755322742,118.4806900024414,1370888.341859793
2020-12-15 14:30:00,120.0774646934236,120.530943268689,119.28865757014282,120.13175201416016,1150757.16460701
2020-12-16 14:30:00,120.69703002049238,120.69703002049238,119.2503498465663,120.2020263671875,1401261.9405628138
2020-12-17 14:30:00,120.990835241922,120.990835241922,119.89544749675308,120.4223861694336,1294484.197411772
2020-12-18 14:30:00,120.58205314135864,120.80559821481154,119.0842799518036,119.70702362060548,1210878.2601080835
2020-12-21 14:30:00,118.1932887280242,119.2758995583338,117.19370600785828,119.1737060546875,1878473.778425765
2020-12-22 14:30:00,119.20241857504762,119.27906551197492,118.00483759601173,118.99803161621094,697969.5023821415
2020-12-23 14:30:00,119.19603702039024,119.39084860549252,118.0016502036236,118.10384368896484,1312019.760199332
2020-12-24 14:30:00,118.73298496983408,119.21201742637186,118.37530408866616,119.15773010253906,599333.0850168668
2020-12-28 14:30:00,120.556517713575,120.62038774045216,118.85115583434803,119.02680206298828,1157019.591014238
2020-12-29 14:30:00,119.63994864736053,119.63994864736053,117.40446873874116,118.72020721435548,1393120.6446351577
2020-12-30 14:30:00,119.37806832829284,120.91097056538874,119.26629215105388,120.70977783203124,1210565.2828853992
2020-12-31 14:30:00,120.83433565558222,121.2814257630932,119.95610467076315,121.09300994873048,1245322.7992698797
2021-01-04 14:30:00,121.8786370904465,124.47818649070344,119.71340823110955,120.5852508544922,2596483.64183014
2021-01-05 14:30:00,120.4894481444646,123.05066680908205,120.39683003106394,123.05066680908205,1743827.4387873835
2021-01-06 14:30:00,121.70618627684216,125.0626079060302,121.5369285218753,122.65148162841795,3355826.690975932
2021-01-07 14:30:00,124.44623898670706,127.5918923010056,124.44623898670706,127.2789306640625,1888181.019335954
2021-01-08 14:30:00,129.10244833463108,129.69325704600078,125.85142157959692,127.34600067138672,2212584.695499115
2021-01-11 14:30:00,126.2410073184255,129.65491737255695,126.1452096051644,128.63616943359375,1698736.78872638
2021-01-12 14:30:00,129.46328091217012,130.6672501875085,128.2880524068369,129.41537475585938,4701039.744269968
2021-01-13 14:30:00,130.6129805359817,130.89720136876488,129.11840173439637,129.6261749267578,1252524.8373165915
2021-01-14 14:30:00,131.2357373993412,133.89276842070566,131.2357373993412,132.37265014648438,1824928.4019432925
2021-01-15 14:30:00,132.22572004766462,132.37262546190613,128.93636324178954,129.6804656982422,2509120.454987499
2021-01-19 14:30:00,131.81376091624344,134.21851323150497,131.50398620098963,134.12908935546875,2627170.598811142
2021-01-20 14:30:00,135.58535014294208,136.0420302839409,133.33709329847366,133.65005493164062,1932019.407938677
2021-01-21 14:30:00,134.9178992478742,136.12505581355916,133.52870800394635,135.5821533203125,2651594.777475963
2021-01-22 14:30:00,134.4804029992241,135.06162173790565,133.21256315992397,133.28282165527344,1741322.216260135
2021-01-25 14:30:00,134.3973620591453,134.7422660568068,130.90361744874684,133.47442626953125,1756978.8448769804
2021-01-26 14:30:00,133.5478373370275,133.5478373370275,131.2931923122258,131.30596923828125,1278514.786791068
2021-01-27 14:30:00,129.0194310780049,129.0353949303962,123.98320112136172,124.49097442626952,5627279.715584968
2021-01-28 14:30:00,126.99792824783192,129.04818710386982,125.99834537233048,127.22146606445312,3517401.679275032
2021-01-29 14:30:00,127.64937815847136,128.10605832036845,124.586760152871,125.00192260742188,2882685.5519556217
2021-02-01 14:30:00,127.13197996945308,130.33509908070312,126.71042921506708,129.93910217285156,2007484.7138851597
2021-02-02 14:30:00,132.1075886231445,132.2129763629729,130.26490394705982,132.04690551757812,2535735.971025995
2021-02-03 14:30:00,132.55150653307672,132.93153982299685,129.01944532580194,129.36434936523438,2888947.5779138105
2021-02-04 14:30:00,128.95553556330873,130.52676134358816,128.04856379548136,130.424560546875,1912605.3806584936
2021-02-05 14:30:00,131.39863780711266,131.39863780711266,129.3388034515612,129.5336151123047,1526827.1758363503
2021-02-08 14:30:00,130.4053785761337,133.51908896461268,130.39900473237722,133.4200897216797,2032534.8893772848
2021-02-09 14:30:00,133.0337016959957,133.9662127130354,132.28639764695745,133.02731323242188,1443847.9495365836
2021-02-10 14:30:00,134.12910016652432,134.82848352409735,131.57745683205758,133.28919982910156,2317483.675161338
2021-02-11 14:30:00,134.39097485045383,138.00288416264942,134.39097485045383,137.9038848876953,2205069.490285604
2021-02-12 14:30:00,137.4982809538517,139.88066634482956,136.7957107275161,139.60922241210938,2009362.7734842496
2021-02-16 14:30:00,141.27308060965606,141.78405547094647,139.71142986200962,140.31182861328125,3290381.924589874
2021-02-17 14:30:00,139.10782605797417,139.62198772122505,136.01646761505188,137.90704345703125,2907110.104630778
2021-02-18 14:30:00,136.19529439673454,137.1214315032887,134.78054950333294,136.48910522460938,2345979.0949306595
2021-02-19 14:30:00,138.55853948994255,140.6087977436677,138.27430402517555,139.77847290039062,2353180.9298640406
2021-02-22 14:30:00,137.9613559041725,138.93219780421347,134.2408722138153,134.71351623535156,2768079.4922402627
2021-02-23 14:30:00,132.23851992093884,134.7103293016216,128.4062600350266,133.70115661621094,4205664.667797809
2021-02-24 14:30:00,132.86763662589428,138.18489981549573,131.67005548494396,138.03799438476562,3282554.196603798
2021-02-25 14:30:00,136.42848519554133,137.33227040838577,129.63580610930833,130.17552185058594,5573419.995972423
2021-02-26 14:30:00,132.30877637369343,134.37179710574134,129.67409774265178,133.1422882080078,4758341.245984666
2021-03-01 14:30:00,135.16060054954605,137.53022363781264,134.13547867618618,137.38650512695312,2417998.955236711
2021-03-02 14:30:00,137.9421771104668,137.9421771104668,133.11672347759634,133.26683044433594,3316685.614273324
2021-03-03 14:30:00,133.40737212627948,133.69477994795204,127.9783319359254,129.18869018554688,4619623.659418107
2021-03-04 14:30:00,128.77031579412014,129.37708833163097,121.14731367057296,122.97083282470705,7560551.902828341
2021-03-05 14:30:00,125.80031241409463,127.08730279046988,119.93375837882483,126.6593780517578,6583896.369881802
2021-03-08 14:30:00,126.4965126058152,127.01067431124068,119.77727388360832,119.82518005371094,7670774.492850569
2021-03-09 14:30:00,124.16523441582318,128.12523461233036,123.79796348258712,127.26935577392578,4313694.632354779
2021-03-10 14:30:00,129.46330203829973,129.50481973928356,124.8677749633789,124.8677749633789,4261089.615730605
2021-03-11 14:30:00,128.5819044808767,130.86529068221674,127.90485885080984,130.1243896484375,3850887.111753609
2021-03-12 14:30:00,127.74198701658784,128.98747436129318,126.82225286157308,128.75115966796875,3291634.910183132
2021-03-15 13:30:00,129.4409632633773,131.64450085462656,128.50204912878365,131.46566772460938,4065382.179278051
2021-03-16 13:30:00,133.02090795143795,135.27873980585252,132.38858170776152,133.16461181640625,7082089.178746697
2021-03-17 13:30:00,131.32516595563308,135.89832710755525,130.32878476924594,134.8412628173828,6026522.095671621
2021-03-18 13:30:00,132.96665076363067,133.22851933513877,129.11203836731232,129.2621307373047,6307400.723511546
2021-03-19 13:30:00,129.5208189113754,132.01498085929344,127.86974428262825,130.85891723632812,6903602.082376688
2021-03-22 13:30:00,132.4652489256622,135.19253818810003,131.96386416355566,133.62770080566406,3267210.822656203
2021-03-23 13:30:00,134.14504999444097,134.38137929726815,129.51440784575684,130.1147918701172,5885613.797068043
2021-03-24 13:30:00,132.2800608599,132.8165749991238,128.2689525086208,128.3296356201172,6897338.944873083
2021-03-25 13:30:00,126.34778351442996,129.08980669587987,125.04555172040872,128.4658966064453,5813283.041583459
2021-03-26 13:30:00,128.56508170920347,135.05380225783367,128.47869686282797,134.80743408203125,6765286.314843448
2021-03-29 13:30:00,133.54681153049478,134.05873474506558,131.15032777521594,132.74050903320312,6814042.952487344
2021-03-30 13:30:00,131.69424081558307,132.70210785516804,130.85915809678028,132.4237518310547,4441848.811047686
2021-03-31 13:30:00,133.67479181784194,136.6855775603915,133.4124297067413,135.6585235595703,6217712.641975715
2021-04-01 13:30:00,138.01979429746672,140.72663656034592,137.96860490657886,140.6466522216797,7688535.951333014
2021-04-05 13:30:00,142.96000208637267,143.90387927797275,141.2482397014077,143.4847412109375,6775909.5375552885
2021-04-06 13:30:00,142.63997470445406,143.51986099928527,140.47067234883622,141.88168334960938,6160205.138907321
2021-04-07 13:30:00,142.0288623304415,142.5151981897438,140.7138441466861,141.7888946533203,3434212.5151456418
2021-04-08 13:30:00,143.31186249299168,143.56783870215628,142.09283749506463,143.40464782714844,4455288.469230223
2021-04-09 13:30:00,142.24323882580532,143.09752314762818,141.6449161136688,142.9567413330078,2569096.071188527
2021-04-12 13:30:00,142.20804521425205,142.20804521425205,140.20511190564335,141.4209442138672,2716928.449823336
2021-04-13 13:30:00,142.49920817630968,142.7007874750896,139.7891727441181,141.19699096679688,3467654.423532925
2021-04-14 13:30:00,140.92821762067464,141.99686757046234,138.88048084820414,139.6451873779297,5205076.2649087
2021-04-15 13:30:00,141.0786112700588,142.2784497540416,139.99395259366932,141.9840850830078,5909545.405197962
2021-04-16 13:30:00,141.98409441673735,142.27525153088584,141.008229624671,141.31858825683594,2826005.185167989
2021-04-19 13:30:00,140.2786606091446,140.74900240472945,136.3399929573682,137.6038360595703,9295316.837027702
2021-04-20 13:30:00,137.15276014784757,137.72227339679682,134.84266068078466,135.64256286621094,5599190.4433345925
2021-04-21 13:30:00,135.7481367473304,139.2516593705007,135.18820233981637,139.20046997070312,4502480.879530294
2021-04-22 13:30:00,138.91252502229327,139.09809577628457,135.34180391743496,136.1704864501953,5660135.876918925
2021-04-23 13:30:00,136.72719344560664,139.22605633975783,136.56082423585198,138.65333557128906,4163372.7773354384
2021-04-26 13:30:00,138.83248275395326,141.3697333473407,138.5829070373674,141.19375610351562,3727377.615814684
2021-04-27 13:30:00,141.74732565392597,141.84970445084937,139.70919668598947,140.13473510742188,5082246.528718285
2021-04-28 13:30:00,139.35721729944672,139.42440062675456,137.8470204651948,138.0070037841797,2454705.820236041
2021-04-29 13:30:00,139.96836548687892,140.05154276670848,136.88717380964275,138.9029083251953,3372328.897794728
2021-04-30 13:30:00,136.86478996974844,137.6710779798671,134.70508052705887,135.03143310546875,4063046.549943386
2021-05-03 13:30:00,135.99129737959615,136.13207921388758,132.8813106600856,133.62681579589844,3357639.323155008
2021-05-04 13:30:00,131.8862212969897,131.93742533428937,128.94582652576372,131.37429809570312,6315225.918302352
2021-05-05 13:30:00,133.02211438007424,133.83161006043355,131.20476589331557,132.19662475585938,5009735.814585051
2021-05-06 13:30:00,131.95025340982826,133.31328305100718,130.44966413754372,133.28128051757812,3809262.058803932
2021-05-07 13:30:00,134.6378999496632,136.03291752902948,134.00118865249365,135.11143493652344,2991652.0420031794
2021-05-10 13:30:00,133.9307798672689,133.9307798672689,128.87546391247125,129.10263061523438,6620265.56644884
2021-05-11 13:30:00,125.1639371233193,129.633730404431,124.71598966392818,129.27537536621094,7000318.043726823
2021-05-12 13:30:00,126.57175677312856,127.32045482286578,123.5097812345705,124.00890350341795,8078274.728602239
2021-05-13 13:30:00,126.15901297058905,127.53482868598756,124.3320568318584,125.58948516845705,5065682.030147743
2021-05-14 13:30:00,127.41964356976348,130.64800266410364,126.18140215430608,129.47695922851562,4858466.833804692
2021-05-17 13:30:00,128.2771280078013,128.45629822001877,126.20380364737645,128.34751892089844,3505784.460022805
2021-05-18 13:30:00,129.55372652813722,129.80009466435928,127.2404350370734,127.31403350830078,2453143.3436255883
2021-05-19 13:30:00,124.84719161990957,129.93130209950513,124.31925976241558,129.7969207763672,4299953.798206074
2021-05-20 13:30:00,130.76635050944552,133.7611415265441,130.67035760906765,133.2108154296875,5230706.047579731
2021-05-21 13:30:00,134.15155741460197,134.20276146747466,132.25422462935182,132.47499084472656,5469485.299326263
2021-05-24 13:30:00,133.8603938107277,136.55443575083487,133.7420064138772,135.8217315673828,3514847.6940390035
2021-05-25 13:30:00,136.81996868691135,137.25511516601446,135.456953995164,136.224853515625,4545924.594730159
2021-05-26 13:30:00,136.32407560936716,137.18156778494915,135.348210671119,136.5896453857422,2596598.934015704
2021-05-27 13:30:00,136.33682979856263,137.853427205899,135.98168233960106,137.16551208496094,3440776.057100909
2021-05-28 13:30:00,137.6838814810473,139.10448628357568,137.44070618451684,138.43898010253906,2270617.896286424
2021-06-01 13:30:00,139.4852091292464,140.58586164284566,137.33830107116896,138.0518035888672,3514535.875370536
2021-06-02 13:30:00,137.94624069878253,139.45643790945982,137.50790123489784,138.893310546875,2229987.479225515
2021-06-03 13:30:00,137.33515239643063,137.9334753739803,135.86655077201738,136.5064697265625,3383266.7437990773
2021-06-04 13:30:00,137.6774669302155,140.09953833355877,137.6774669302155,139.82118225097656,2939458.154581729
2021-06-07 13:30:00,139.15884522930497,139.4148068218282,137.92700443397618,138.73330688476562,2475646.14895514
2021-06-08 13:30:00,139.8147873430722,140.05794797806553,136.8999794204933,137.93983459472656,2640355.289282939
2021-06-09 13:30:00,138.39733767217527,138.79728862037882,137.26148986816406,137.26148986816406,2715991.2103392235
2021-06-10 13:30:00,137.47999111664788,139.37960528506332,137.19168287795327,138.83822631835938,2252924.197732869
2021-06-11 13:30:00,139.2546980308879,139.539794921875,138.46986773037764,139.539794921875,1836802.4315682652
2021-06-14 13:30:00,139.89217429175957,141.522705078125,139.0721064484898,141.522705078125,3822821.533586808
2021-06-15 13:30:00,141.1446711381067,142.00638449589647,139.9017532937418,140.36305236816406,2485177.842776361
2021-06-16 13:30:00,140.79869612754743,141.2055332052463,137.93807893307866,139.04324340820312,3761325.1522166976
2021-06-17 13:30:00,138.66205995503566,141.57074607139972,138.55634740682504,140.54244995117188,4030102.112785392
2021-06-18 13:30:00,139.5782109433334,139.68071206452385,136.42286276673934,137.17886352539062,3007124.744170122
2021-06-21 13:30:00,137.33584966309763,137.92528253274037,136.16981489607156,137.68502807617188,2323786.2388658016
2021-06-22 13:30:00,137.89007092624013,138.7325600550764,137.11804217830752,138.33534240722656,1808394.8350778655
2021-06-23 13:30:00,138.68126089604283,139.69352912711756,138.636403824309,138.91189575195312,1966040.85292512
2021-06-24 13:30:00,140.26373979141633,141.6475929419581,140.11638159546848,141.27279663085938,1486236.9552195214
2021-06-25 13:30:00,141.87185148518554,142.0992896278664,140.49119491214697,140.88841247558594,1397580.7693986406
2021-06-28 13:30:00,141.75969450562644,144.85097546703489,141.75969450562644,144.25193786621094,2758638.4677314004
2021-06-29 13:30:00,144.0821598821936,145.5941612436841,143.60805925162092,145.3827362060547,1819009.4145103544
2021-06-30 13:30:00,145.2482033687204,145.78317414848223,144.53384830221916,145.5044708251953,1370734.484684579
2021-07-01 13:30:00,145.35710026051797,145.35710026051797,142.9321351998058,143.41905212402344,2355940.3408896863
2021-07-02 13:30:00,144.30962267092391,144.64277333343705,143.16600922543446,144.29360961914062,1901109.565495463
2021-07-06 13:30:00,144.68437730008344,145.15206972351058,142.21135866205458,144.04690551757812,2083104.7268941165
2021-07-07 13:30:00,144.95348726134608,144.9663035669864,141.26639449945435,141.86541748046875,1964792.263897918
2021-07-08 13:30:00,138.8766746352848,140.712222121396,137.81315571779635,140.04270935058594,2081230.9970135672
2021-07-09 13:30:00,140.50402037581685,142.59262412894947,139.4917372753243,142.32675170898438,1907352.679156295
2021-07-12 13:30:00,142.9353940606738,144.15267944335938,142.3908182492635,144.15267944335938,4110017.2559247776
2021-07-13 13:30:00,143.55044710949173,144.1975240731372,142.81367064697665,143.57606506347656,2208283.580601996
2021-07-14 13:30:00,144.55631153194832,145.78321653206297,142.50294521082137,142.91297912597656,2348135.2302837567
2021-07-15 13:30:00,142.2242321985993,142.53176494617517,138.68128543104913,139.74160766601562,2764881.034244417
2021-07-16 13:30:00,140.17722866122622,140.885190241101,136.37801521600457,136.7047576904297,2675913.45158874
2021-07-19 13:30:00,134.83719703372006,136.79125857449577,134.06516851718976,136.56703186035156,4233012.48293726
2021-07-20 13:30:00,137.22369349925404,139.47889392869268,135.5034784869191,138.4281768798828,3330844.381560068
2021-07-21 13:30:00,138.95676173279026,142.74637068715785,138.95676173279026,142.67909240722656,2122125.255841406
2021-07-22 13:30:00,141.96474263394745,142.61503093271187,140.7859062938565,141.83660888671875,1233067.732182485
2021-07-23 13:30:00,142.49972251879277,142.70154271503986,140.80192826452483,142.5605926513672,1365739.4902797872
2021-07-26 13:30:00,142.01282379819816,142.92259117544876,141.6604485934895,142.60545349121094,1168760.6836489283
2021-07-27 13:30:00,142.19861072454023,142.19861072454023,137.03154105588084,139.98828125,2609732.825449256
2021-07-28 13:30:00,140.49759291097246,142.87450462978325,139.8216720218054,142.2754669189453,2382474.246819956
2021-07-29 13:30:00,142.81683587395634,145.62300569788317,142.76237390480804,145.177734375,2397146.36100895
2021-07-30 13:30:00,143.8643920373857,146.66415468960935,143.8643920373857,146.36624145507812,2414314.814113632
2021-08-02 13:30:00,147.76928903842503,149.11791937385655,146.92999691555295,147.29197692871094,2980278.067408984
2021-08-03 13:30:00,147.61872721910993,148.4131622314453,145.89208923554793,148.4131622314453,1840861.0644220551
2021-08-04 13:30:00,148.70150782473974,150.64596484515667,148.48046314841176,149.92520141601562,1691955.9881850265
2021-08-05 13:30:00,150.64590568393996,151.00147747687353,149.09866687711877,149.95077514648438,1477808.633509491
2021-08-06 13:30:00,149.06983435618525,149.95396870358329,148.81356693119182,149.20437622070312,1283015.127336587
2021-08-09 13:30:00,149.80664866342818,149.89313674178166,148.07040562287037,148.69827270507812,1109136.6392203665
2021-08-10 13:30:00,148.91930182734495,149.1755692908574,145.89849557771737,146.9716339111328,2804839.218098797
2021-08-11 13:30:00,147.37206316498592,147.57708006906773,144.7484744104692,146.4687042236328,1349506.9461910145
2021-08-12 13:30:00,145.98819100916174,145.98819100916174,143.69455621519444,144.8958282470703,1593623.2170581534
2021-08-13 13:30:00,144.56270039717072,145.82803949250638,144.4377633937026,145.8056182861328,1103205.398975273
2021-08-16 13:30:00,145.25463155164084,145.63903278936084,144.04695120011476,145.2642364501953,1190300.5851447843
2021-08-17 13:30:00,144.05654264419823,144.05654264419823,141.11904233331913,142.45164489746094,1925771.0452583637
2021-08-18 13:30:00,142.25298548729057,143.12430336618203,140.38220137723596,140.56800842285156,1955427.804041677
2021-08-19 13:30:00,139.68712684963262,142.49650821365205,138.60438355282756,141.72128295898438,2263850.058065132
2021-08-20 13:30:00,142.09927950964425,143.0378760384638,141.0838144663798,142.78480529785156,1871141.328628396
2021-08-23 13:30:00,144.2679826486084,147.00048099940733,144.2679826486084,146.80506896972656,2269468.965598959
2021-08-24 13:30:00,147.22791913390748,147.6764019131178,146.5520128841644,146.80506896972656,1730353.0228768955
2021-08-25 13:30:00,147.38489811851278,149.015428822179,147.30162143863078,147.92308044433594,2366553.284011501
2021-08-26 13:30:00,147.7468648270897,148.63740749477228,146.84991400617514,148.060791015625,2377167.481422838
2021-08-27 13:30:00,148.14411164300586,151.06559954403525,147.93588328169992,150.88621520996094,2502034.6152830985
2021-08-30 13:30:00,151.50122780708776,152.6512492938112,150.64592269703203,151.1873016357422,2621596.0081592933
2021-08-31 13:30:00,151.3506656294244,151.55247111163925,148.81036836841545,149.9796142578125,2193300.1232467303
2021-09-01 13:30:00,150.73242584462096,150.88298079247457,149.1627655029297,149.1627655029297,1698824.0115652028
2021-09-02 13:30:00,149.87070875268748,150.18143820290135,149.14034057303658,149.72015380859375,1562406.1724041635
2021-09-03 13:30:00,149.745764412107,151.42754515529438,149.41259914211173,150.84132385253906,1411004.3830699334
2021-09-07 13:30:00,150.91824961411234,150.92465776896393,149.3966427761838,150.2871856689453,1707252.221937146
2021-09-08 13:30:00,149.59844828992246,149.7521999993384,147.0677699391755,148.3619384765625,3213155.759305107
2021-09-09 13:30:00,148.2626048594023,149.764986788985,148.17290538194652,148.88406372070312,4080049.941858713
2021-09-10 13:30:00,150.10779252269418,152.34696593299614,150.05333054163432,150.06614685058594,3079235.126111685
2021-09-13 13:30:00,151.57812674143003,151.8183811755772,149.4542710914236,151.5044403076172,2950934.0900060884
2021-09-14 13:30:00,151.8920534846351,152.6608706094287,150.81891505310588,151.51084899902344,2686214.7206557486
2021-09-15 13:30:00,151.6293827922308,152.3853836345544,150.34481924286513,152.38218688964844,3923340.5586871663
2021-09-16 13:30:00,151.28020285076423,153.18301372822887,150.65233582338,152.67367553710938,1722236.8063274827
2021-09-17 13:30:00,152.2700492325889,152.2700492325889,149.5599723805309,150.2390899658203,2525135.687013772
2021-09-20 13:30:00,147.03570484586567,147.60591316552907,144.36086546354647,146.51995849609375,3251553.087062601
2021-09-21 13:30:00,147.6155276834771,148.05439088787557,145.6166090217697,146.95242309570312,2303807.6246792283
2021-09-22 13:30:00,148.10886886711884,150.34804220614913,147.56748981091246,150.0020751953125,1362305.6080767112
2021-09-23 13:30:00,150.71321678316022,152.48150073677894,150.1718523989422,152.00099182128906,2504844.262406494
2021-09-24 13:30:00,150.8471655210441,152.15092101573268,150.60632384394833,151.82659912109375,1237223.5719049482
2021-09-27 13:30:00,150.20172160517888,152.05138404462437,149.31222137968803,151.45730590820312,1390747.5720402752
2021-09-28 13:30:00,148.59612205295178,149.45992702116214,145.53260803222656,145.53260803222656,5655166.945649467
2021-09-29 13:30:00,145.85693084927885,146.28401910500637,142.957187692473,143.236572265625,7034081.666132604
2021-09-30 13:30:00,144.59489136303148,145.53898640173173,143.14019856381347,143.17874145507812,4696966.391907293
2021-10-01 13:30:00,143.74717120360924,144.01691273152858,140.91808971920767,143.27191162109375,3233347.8806893
2021-10-04 13:30:00,142.53008323444237,142.61678269909214,139.15509563071294,139.58218383789062,4320162.300656627
2021-10-05 13:30:00,140.25011007266642,142.6777979188766,140.0156922484721,141.69515991210938,3276011.5746768243
2021-10-06 13:30:00,140.11846558753533,142.3566877313503,139.63356302577978,142.24749755859375,3540396.742885793
2021-10-07 13:30:00,144.0843328300526,145.8183810371966,143.7278771743014,143.91091918945312,1986159.6862632327
2021-10-08 13:30:00,144.42793812610836,144.61418471494738,142.32138189772832,142.43698120117188,1735787.5781568869
2021-10-11 13:30:00,141.87180592752685,143.8820343456167,141.4318700136346,141.48324584960938,1590360.0598495768
2021-10-12 13:30:00,142.37597388640526,142.58471120107788,139.12943245194523,139.7170867919922,3323656.137940931
2021-10-13 13:30:00,140.7286045742861,141.39653448524618,140.06387922163822,140.52308654785156,1823293.3097890716
2021-10-14 13:30:00,143.11456946839425,144.89678928543233,142.71636628115772,144.88394165039062,2580636.9085931988
2021-10-15 13:30:00,145.94686746347097,146.28725628639765,145.11194759973844,145.85052490234375,1701843.9700537531
2021-10-18 13:30:00,144.98348515187075,147.07398914650756,144.15176993584586,147.02581787109375,1404138.2033533552
2021-10-19 13:30:00,147.363024915283,148.8273468017578,146.69189024631856,148.8273468017578,1447112.124602029
2021-10-20 13:30:00,148.29101898396527,149.10025812875202,147.8767783870626,148.51902770996094,1309470.3043445607
2021-10-21 13:30:00,147.5653080615035,150.20814282333683,147.4978800324884,150.01547241210938,1352755.834633757
2021-10-22 13:30:00,149.22552906300714,150.76692200496373,148.07591552452027,148.3328094482422,3409292.921580485
2021-10-25 13:30:00,149.09065586452297,150.20816499432263,148.55117275353342,149.35076904296875,1748866.40100402
2021-10-26 13:30:00,150.51960940268208,151.05588779563973,148.93648418788135,149.46311950683594,1950659.25621847
2021-10-27 13:30:00,148.55438033704633,150.13108207919734,147.86395960774044,148.39060974121094,3348880.1201078426
2021-10-28 13:30:00,150.37193492854294,151.85873273598642,150.10219337425806,151.73670959472656,3402753.4276152663
2021-10-29 13:30:00,150.4553932053708,152.4335023547887,150.2851988209232,152.41424560546875,2216912.9269809043
2021-11-01 13:30:00,152.59727350226208,154.93504287858013,152.21193271707904,154.89971923828125,2644164.5724851917
2021-11-02 13:30:00,154.816293324184,156.83293138701302,154.816293324184,156.82650756835938,2310023.073752683
2021-11-03 13:30:00,157.028768129271,158.8270545504396,156.4218424196791,158.63438415527344,2257707.324737745
2021-11-04 13:30:00,160.42629788305172,164.7068541972863,159.5528349602575,163.9714813232422,4236080.407108296
2021-11-05 13:30:00,164.99260963676772,167.06385698806844,164.14806144351223,165.79220581054688,4707241.513772487
2021-11-08 14:30:00,166.81982441701402,169.12869459234145,166.2161178107637,168.03367614746094,3032489.4193968447
2021-11-09 14:30:00,169.70992518503027,169.90259562960216,166.22254162889735,168.03367614746094,2826337.4379180283
2021-11-10 14:30:00,164.88021118734906,167.1345005241909,162.36904267368666,163.07872009277344,4083803.0297186617
2021-11-11 14:30:00,165.77616295243624,166.92577637072313,164.49488332711158,166.527587890625,2369813.833204808
2021-11-12 14:30:00,167.1056190936447,168.95206240995074,166.18398501512831,168.1556854248047,2045326.7764590844
2021-11-15 14:30:00,169.41448731710625,169.41448731710625,166.30280186197996,168.0304412841797,2406248.502743769
2021-11-16 14:30:00,167.27262377929384,170.85635024468235,167.0703249384008,170.54808044433594,2100134.18781128
2021-11-17 14:30:00,170.6347342716857,170.6347342716857,168.53138254239894,169.35987854003906,1635514.1914137895
2021-11-18 14:30:00,172.4394499617156,173.05600411614256,170.548040036437,172.1921844482422,2073042.2005749864
2021-11-19 14:30:00,172.21784027938705,173.83950844790056,171.36044455186152,172.67062377929688,3535414.072976461
2021-11-22 14:30:00,173.6629357056989,176.0135532907675,169.9379150703217,170.16912841796875,4590774.299447894
2021-11-23 14:30:00,169.9860622541775,171.129266494565,166.63675459621726,169.485107421875,2514930.0297748093
2021-11-24 14:30:00,168.1556644144536,171.43432465054514,166.47297720795166,171.3476104736328,2197605.4910054705
2021-11-26 14:30:00,168.11393320142747,169.6360545346124,165.352279702384,166.57896423339844,2541088.1498708567
2021-11-29 14:30:00,169.0483892799813,173.36748747940862,168.4125636945275,172.9821319580078,2504030.775940173
2021-11-30 14:30:00,172.30134649410786,173.91659095228596,168.49925548863555,169.9507293701172,3388429.314239114
2021-12-01 14:30:00,172.44270137164315,175.48694476738854,168.58280936560618,168.59243774414062,3230855.789015243
2021-12-02 14:30:00,166.8551275923791,170.01176497625326,165.5802717958164,168.83645629882812,3243312.9162612543
2021-12-03 14:30:00,171.22561208375797,172.92114716874477,166.51796797537617,168.4093780517578,2585619.350501052
2021-12-06 14:30:00,168.08178861149344,168.7079857667382,162.93099030635435,168.19418334960938,2171135.939827851
2021-12-07 14:30:00,171.95454246869443,177.02827014036882,171.95454246869443,176.68145751953125,2794574.317531503
2021-12-08 14:30:00,175.7438175110406,175.89795974787128,173.72074107712277,175.53187561035156,1729870.4650182112
2021-12-09 14:30:00,174.49460567338113,176.23507769640804,171.3443926181642,171.4953155517578,1737656.169964242
2021-12-10 14:30:00,174.69372095431248,175.52542151824963,170.9719053976198,173.11380004882812,2097332.059650675
2021-12-13 14:30:00,173.7966701527295,173.87386628292697,168.20652482596972,168.50242614746094,2369706.699308837
2021-12-14 14:30:00,166.434212804952,168.57635685873896,165.50787427210437,167.69183349609375,2993069.263562421
2021-12-15 14:30:00,168.03280081539316,174.00571600391498,165.77486961100786,173.84811401367188,2429400.5967186005
2021-12-16 14:30:00,174.5557287489507,175.04785218350813,165.26667806685904,166.26377868652344,2899486.637024088
2021-12-17 14:30:00,164.62658559371903,168.51524942707607,164.0765688349485,165.871337890625,2800308.838251333
2021-12-20 14:30:00,163.45904247633172,165.8552878633346,162.77716057079138,164.57192993164062,2223893.162442216
2021-12-21 14:30:00,168.28044571776147,170.58983579466803,165.9806996328496,170.50942993164062,1683232.21461423
2021-12-22 14:30:00,169.63133170393223,172.28167724609375,168.75003284294084,172.28167724609375,2212390.299231612
2021-12-23 14:30:00,172.62583660059886,175.0735406563317,172.62262684449394,173.9477996826172,2176636.27056092
2021-12-27 14:30:00,174.584687793537,178.75319031106062,174.5428873349008,178.714599609375,2594490.0574527164
2021-12-28 14:30:00,179.5412250025266,179.56696195417516,175.92596364970083,176.74293518066406,2046677.9035614615
2021-12-29 14:30:00,176.67533039015805,178.1195145360665,175.92912097496338,177.0130615234375,1300509.831701941
2021-12-30 14:30:00,176.63502599194786,177.36858831201263,174.46654873288549,175.01028442382812,1410793.9701158048
2021-12-31 14:30:00,175.19045363794015,176.35512818023645,174.46332735028574,174.48263549804688,1261291.42967132
2022-01-03 14:30:00,175.6569695815451,178.12465687894496,174.96523420835405,177.950927734375,1761083.61697355
2022-01-04 14:30:00,178.74241082529852,179.8556118498723,173.13138280725033,177.4040069580078,3630952.320302788
2022-01-05 14:30:00,176.04625937817198,177.55842169173286,171.22347869989937,171.37791442871094,3887065.150800571
2022-01-06 14:30:00,171.3521727665193,173.51743947928645,169.49577751594515,172.7098846435547,3040091.4503015582
2022-01-07 14:30:00,172.5425893240202,173.17318961139213,167.1760729236985,167.70050048828125,2366863.990548132
2022-01-10 14:30:00,165.62528516096708,168.12515241338218,162.15378078402136,167.7615966796875,5571377.957590139
2022-01-11 14:30:00,167.1986200773621,171.1173353191449,165.96316349062678,170.91786193847656,3271027.237529163
2022-01-12 14:30:00,172.56829816210777,173.75871677933716,170.45773078518314,172.17257690429688,3700265.157749784
2022-01-13 14:30:00,174.8043635796641,176.26181195891607,167.72621226273768,168.15411376953125,3386651.7087066346
2022-01-14 14:30:00,166.82217653333103,172.3399036937646,166.79965772274855,172.17904663085938,3524342.5801711213
2022-01-18 14:30:00,169.42820522502583,169.4507240340344,164.12280916933244,164.483154296875,7963106.377546856
2022-01-19 14:30:00,165.81835879908903,166.83825914667614,159.53169305656195,159.644287109375,10289874.377124742
2022-01-20 14:30:00,160.87657205414075,162.15385579510962,154.4322436143901,154.63815307617188,8650939.523587367
2022-01-21 14:30:00,153.5570937732781,157.92301835173225,151.7264278900101,152.06423950195312,14448903.314976336
2022-01-24 14:30:00,148.8854792890554,154.0879125923816,143.79244408326971,153.80157470703125,16022878.660921032
2022-01-25 14:30:00,149.84747181053,151.69100945894186,147.2092515248851,148.0618438720703,11096443.970055386
2022-01-26 14:30:00,152.21867210794517,156.61034079521417,148.06186768648033,150.33653259277344,8814741.894482136
2022-01-27 14:30:00,151.82290452639185,152.00629508451863,143.16183916653168,143.64443969726562,8703782.388328217
2022-01-28 14:30:00,143.5286541261926,146.3985137939453,139.40080444827484,146.3985137939453,7431610.464383655
2022-01-31 14:30:00,147.1320619340152,154.49655250556916,146.32129638333117,154.26168823242188,8129703.165852498
2022-02-01 14:30:00,155.77062772201546,156.02157475988352,151.66208611635463,155.54541015625,4215597.274437934
2022-02-02 14:30:00,158.6887487863684,159.8759422579828,156.4462640467618,159.47377014160156,5417522.765312895
2022-02-03 14:30:00,155.4617040070303,158.0323528163856,151.948373018165,152.533935546875,6740979.459056723
2022-02-04 14:30:00,151.82290309240497,154.72173163749744,149.7670348657999,153.4090576171875,5243777.954519955
2022-02-07 14:30:00,153.7887229717332,155.8832078539897,152.7430932249058,153.3222198486328,3628155.377107669
2022-02-08 14:30:00,152.67227126928935,157.5175842486355,152.4180989320596,157.19906616210938,3047241.040795372
2022-02-09 14:30:00,159.2710610308188,162.37578450775166,157.27631297957163,162.3564910888672,5243466.634869004
2022-02-10 14:30:00,158.39596734492667,163.40213880900103,156.40120434546162,157.29562377929688,4780350.203511152
2022-02-11 14:30:00,157.55944953774983,158.70481593619445,148.21951963121086,149.2908935546875,8166069.39838478
2022-02-14 14:30:00,149.79923105971676,152.45032383641384,147.48275395075606,149.43246459960938,5902706.818706765
2022-02-15 14:30:00,152.66585994859454,158.08707488971675,152.2604772440289,157.678466796875,5056977.121948406
2022-02-16 14:30:00,155.74165312549474,158.31551313338696,154.3646184332967,157.72996520996094,2811020.171150386
2022-02-17 14:30:00,155.63549379915463,155.85104991728824,151.57198998076916,151.80685424804688,6219428.21586573
2022-02-18 14:30:00,151.87764835563505,152.43746690368909,148.02327902161124,150.111328125,6077695.626841894
2022-02-22 14:30:00,148.48976742139533,152.7784735632297,146.8296202578851,149.19757080078125,8671767.499722842
2022-02-23 14:30:00,150.92851356079177,152.50179629879628,145.17269701499902,145.64242553710938,6760869.871853031
2022-02-24 14:30:00,139.97994929931355,151.21166778525537,139.642122913131,150.97036743164062,8981648.66952618
2022-02-25 14:30:00,150.9638965198059,153.48629760742188,148.82437408479726,153.48629760742188,7319717.445126584
2022-02-28 14:30:00,151.4882850678884,153.90772347308945,149.4806653389855,152.55322265625,4516468.856914291
2022-03-01 14:30:00,151.93552970091204,152.8203023454785,145.41077512223927,147.0226593017578,4419493.211601493
2022-03-02 14:30:00,148.24526741141253,152.75598120371578,147.90101973555156,151.69747924804688,2953373.4951938544
2022-03-03 14:30:00,152.6240283703367,152.66908071023448,147.6114216739633,148.51548767089844,4328424.433585521
2022-03-04 14:30:00,147.06769594556175,148.36428735288737,142.94629759892135,144.5742645263672,4603496.335148988
2022-03-07 14:30:00,145.0053956260989,146.0381532380056,137.29343283791894,137.3223876953125,6080804.787122926
2022-03-08 14:30:00,138.2586245865336,145.06650609817223,135.9517944955877,139.95416259765625,8194665.158313815
2022-03-09 14:30:00,144.66436854428278,146.91971055341656,143.01709330976686,145.8193817138672,4869243.574188198
2022-03-10 14:30:00,143.23908932751988,143.38065296728195,140.0185312507352,142.8272705078125,4978961.49091143
2022-03-11 14:30:00,144.89925875086072,145.1662885826358,139.4780421109947,139.76116943359375,6759625.321822811
2022-03-14 13:30:00,139.3428949611263,140.06679592913414,134.60054242819737,135.23756408691406,5888719.850356468
2022-03-15 13:30:00,136.59204866609298,141.7880463476226,135.7362456001287,141.4534454345703,4123907.132989216
2022-03-16 13:30:00,143.85357286319024,148.76002185909746,142.2931771020212,148.7375030517578,5044233.527673972
2022-03-17 13:30:00,147.05158983441854,149.6544189453125,145.91587037661887,149.6544189453125,4282113.232135152
2022-03-18 13:30:00,148.6120380562764,153.19351861788866,147.6918744230653,152.57579040527344,5185032.6406084
2022-03-21 13:30:00,151.98700856158632,153.52168966077568,149.55148675615033,152.2733612060547,4974610.481285073
2022-03-22 13:30:00,151.99665045019114,154.92764457655156,151.84544013168943,153.1162872314453,2990672.177895167
2022-03-23 13:30:00,151.71679991234683,153.57321040427112,149.21693157585403,149.25875854492188,3657681.861804477
2022-03-24 13:30:00,150.79791873532133,156.91595880952656,150.17902317010467,156.79347229003906,5173081.092600084
2022-03-25 13:30:00,156.61940897184658,157.04488766806838,153.84403659474708,156.4388885498047,3209016.661050084
2022-03-28 13:30:00,155.50083837897296,157.65408325195312,153.26056479807144,157.65408325195312,2828985.8306286344
2022-03-29 13:30:00,160.16834076408065,161.52216973751086,158.01186458804864,161.26751708984375,3199090.2862644754
2022-03-30 13:30:00,160.02009870502718,160.58742326622544,155.28166668349394,156.11009216308594,3380573.965545907
2022-03-31 13:30:00,155.99406577674324,156.68709362474198,152.1485262999576,152.55789184570312,3484190.44771202
2022-04-01 13:30:00,153.20257175476755,153.5603663409194,147.36817975711696,149.60202026367188,5575759.806260874
2022-04-04 13:30:00,149.99206170911634,152.24521742626368,149.4279538421728,152.032470703125,2797341.803173552
2022-04-05 13:30:00,150.78826795173538,150.91721746372713,144.64766533542797,145.0344696044922,4193064.506213007
2022-04-06 13:30:00,141.83036126647875,143.99648817436946,140.2186477530716,141.42742919921875,5001834.714845454
2022-04-07 13:30:00,141.2340050480253,143.00687930677938,138.77130505957933,141.7368621826172,3631550.3517920966
2022-04-08 13:30:00,140.56033780228594,140.61190874238835,137.99772688166058,138.2201385498047,4653756.618440684
2022-04-11 13:30:00,136.1764791777477,137.31756169220503,135.0676229630314,135.3802947998047,4438147.550027428
2022-04-12 13:30:00,138.24269571161878,139.26452332064113,134.26177339193438,134.96771240234375,6095704.724708555
2022-04-13 13:30:00,135.84125041528398,138.82613807232804,135.00317468040535,137.87200927734375,3421834.2346589817
2022-04-14 13:30:00,138.77130922820402,138.80355028199344,133.88461312353363,134.05868530273438,6104702.34716305
2022-04-18 13:30:00,133.38822657625676,137.58512714630203,133.22383406341206,136.3795623779297,3754090.390389282
2022-04-19 13:30:00,135.8347931277595,139.66100250348492,135.14498204773486,139.36766052246094,3140145.823875123
2022-04-20 13:30:00,141.57248422065194,142.80061036354147,138.5682667242862,139.0582275390625,3956670.392063485
2022-04-21 13:30:00,140.7698316522346,142.33640737834563,134.64856183508553,135.34803771972656,3723068.296793443
2022-04-22 13:30:00,135.1353524263692,135.88641433464002,132.115006393641,132.33743286132812,4724798.300584835
2022-04-25 13:30:00,131.25755826546785,134.60990541938412,130.8642911186787,134.57444763183594,6570356.155102727
2022-04-26 13:30:00,132.75645674572584,132.9885333623336,128.45641405867167,128.60791015625,6043275.493186884
2022-04-27 13:30:00,127.1896306920648,131.10285495922264,126.90273685481488,127.90522003173828,4498640.963643273
2022-04-28 13:30:00,130.47425581751193,136.39566141791616,128.8303013478853,134.95480346679688,5091181.205753066
2022-04-29 13:30:00,133.06265894177582,135.6446141741198,128.81418788259256,129.1881103515625,4331118.212627408
2022-05-02 13:30:00,129.30738362229374,133.64933222273334,128.29523566218217,133.5010528564453,4793359.9352963865
2022-05-03 13:30:00,133.14647194349993,135.66396011803664,132.2213527338854,134.606689453125,2378531.5810970003
2022-05-04 13:30:00,135.60590516391036,140.06067406465186,131.41868534253626,139.82858276367188,4404643.3160850415
2022-05-05 13:30:00,137.3207671695683,137.52706564015745,131.0737939126085,133.0561981201172,4753961.878130099
2022-05-06 13:30:00,131.8377540603262,134.80652828287182,129.38151673026417,131.8699951171875,4085105.8465451994
2022-05-09 13:30:00,129.0204934987735,130.59351772852736,124.4206758334308,125.15562438964844,5231094.568273704
2022-05-10 13:30:00,128.9334594137613,130.3678839253903,125.20719011809112,128.00189208984375,4629248.985567783
2022-05-11 13:30:00,126.90916171376011,129.89726605541765,123.85980673694996,124.22083282470705,5238850.005721086
2022-05-12 13:30:00,122.68649197777388,126.01628519225346,121.62920654843975,124.97511291503906,5527363.613947064
2022-05-13 13:30:00,127.16704203993886,132.27294913333515,126.49335877382656,131.35426330566406,4885497.888082535
2022-05-16 13:30:00,130.01976114195662,131.39293509686976,128.86576735839645,129.35572814941406,2453297.081518668
2022-05-17 13:30:00,132.7306746520727,135.98632856129393,132.2310488334638,135.63819885253906,3302085.1713177306
2022-05-18 13:30:00,133.39791684219352,135.25137211323386,128.25333530283552,128.8013153076172,3703212.4154333496
2022-05-19 13:30:00,128.17275159056047,131.30913543999011,126.90595087431652,128.02125549316406,3415939.7605435327
2022-05-20 13:30:00,130.54196379917147,130.55162873988456,122.22232381078688,127.95355987548828,4223157.459405387
2022-05-23 13:30:00,126.96074633271776,128.84645748987376,125.9808393541302,128.50477600097656,3763396.847983819
2022-05-24 13:30:00,126.44175190405412,126.86402859236732,123.94684006488392,125.3748016357422,2963314.9377908986
2022-05-25 13:30:00,124.52703812603728,128.83029670195364,124.41099984036852,127.63119506835938,2598174.647238703
2022-05-26 13:30:00,126.43529243324372,133.2109003742522,126.23221070616876,132.6177978515625,3067863.0076835984
2022-05-27 13:30:00,134.70981199298663,138.30069822452904,134.70981199298663,138.07183837890625,3273544.912869021
2022-05-31 13:30:00,137.83333234891984,138.5811626141814,135.25459355829005,137.36270141601562,2902819.899731199
2022-06-01 13:30:00,138.06218411724765,138.75844340226982,133.31408711277578,135.1836700439453,2550088.808075764
2022-06-02 13:30:00,134.71305763602265,140.03169608256053,134.45195670797898,139.89308166503906,2074196.2648694653
2022-06-03 13:30:00,136.8630702200685,137.63669330205366,135.08051597682103,135.70909118652344,2135932.0086023672
2022-06-06 13:30:00,138.56181013064244,139.01952985824315,135.04183918483696,135.94439697265625,2318347.1560687697
2022-06-07 13:30:00,134.32949031648286,137.4175201669018,133.29476614465983,137.0307159423828,1930249.36091697
2022-06-08 13:30:00,136.27959010132406,136.83401808279905,133.1013015222587,134.1134490966797,3511802.158065885
2022-06-09 13:30:00,132.95712438799305,135.2750292101813,130.30346481084868,130.3066864013672,2598899.22795426
2022-06-10 13:30:00,128.1630968555168,129.27040771607955,125.41583393130496,125.67731475830078,3716209.216065998
2022-06-13 13:30:00,121.06086020737877,122.6524070814247,117.97138469041654,118.42657470703124,4174346.68095311
2022-06-14 13:30:00,119.72758557036369,120.26024894689998,117.68730654241088,119.08515167236328,2923219.633341062
2022-06-15 13:30:00,120.4894855973972,123.26258093015764,118.41691637217951,121.13191223144533,3935209.81192797
2022-06-16 13:30:00,117.59369689116023,117.71314697806336,112.39937668570327,113.8327407836914,4048892.512160458
2022-06-17 13:30:00,114.08776221255296,115.12081394275693,111.67299548061128,114.29437255859376,3510837.2941030087
2022-06-21 13:30:00,116.70591943602838,119.04965634237688,116.62198073839816,117.2870101928711,2922289.954643333
2022-06-22 13:30:00,115.26609594093082,117.72281739728469,115.09498957894522,116.0634765625,4240325.445497017
2022-06-23 13:30:00,116.75111311070997,116.85118931452912,113.46148474760312,115.2757797241211,2249797.836191935
2022-06-24 13:30:00,117.0803978418797,120.38294219970705,116.82536016243304,120.38294219970705,3906712.0553212017
2022-06-27 13:30:00,121.4708536031728,121.77108217621796,119.13034606940488,120.05363464355467,2578764.888149027
2022-06-28 13:30:00,120.76387942406174,122.17141164531432,116.94158019213208,117.12559509277344,3138813.3222784484
2022-06-29 13:30:00,115.52111203179642,115.65669960172828,112.9417118349368,114.3621597290039,3504022.7430117405
2022-06-30 13:30:00,112.75770839668368,115.11436099139787,111.08545167937918,112.86424255371094,3392508.238260158
2022-07-01 13:30:00,110.98538056014772,111.58584516460006,107.46331742495698,108.870849609375,4001189.454741162
2022-07-05 13:30:00,106.11388750003916,109.72957611083984,105.4682319862401,109.72957611083984,3501544.287029875
2022-07-06 13:30:00,109.83611417712616,111.55679087463386,108.63518497750093,110.26547241210938,2759045.811624611
2022-07-07 13:30:00,112.85456461324104,115.77939961196896,112.85456461324104,115.20153045654295,2959461.388246584
2022-07-08 13:30:00,113.53251465241328,116.5412810822354,113.1903166723252,115.75035095214844,2409944.384749694
2022-07-11 13:30:00,113.9973801585997,114.56556237741805,112.34772615850656,113.08377838134766,2571020.4527463927
2022-07-12 13:30:00,113.81980222333146,114.65593049842111,112.57368225867316,113.4001235961914,4640537.892315452
2022-07-13 13:30:00,111.08545646808484,114.94972493635952,110.85947961520527,114.03934478759766,3680586.299244047
2022-07-14 13:30:00,113.73587533261706,116.95448053600568,112.07653463498671,116.4573211669922,3290596.897563687
2022-07-15 13:30:00,118.23613086168014,119.42736580588068,116.3830880533006,119.23690032958984,3081197.5995319868
2022-07-18 13:30:00,121.21260197998092,122.14234857106314,118.10053075841174,118.85594940185548,3055487.718932924
2022-07-19 13:30:00,120.73159392418891,124.76694660423276,120.38615960099956,124.09546661376952,3218112.3497604523
2022-07-20 13:30:00,123.9082216207376,127.86287170463083,123.14311605051864,127.2591781616211,5002958.526245173
2022-07-21 13:30:00,127.92102206818294,129.42218029322984,126.093818087343,129.33824157714844,2842990.386690625
2022-07-22 13:30:00,128.92178270643376,128.9766679796341,125.00908635636377,126.15190887451172,4695983.848063225
2022-07-25 13:30:00,125.18339322454196,125.45134679133716,123.2593278999012,125.3544921875,2956054.3578927536
2022-07-26 13:30:00,124.52159989867422,125.15111052549,122.80737380355234,123.26579284667967,2592084.4037028863
2022-07-27 13:30:00,125.47715731353412,129.94511877203857,125.09944802294102,128.90560913085938,3318785.2918302864
2022-07-28 13:30:00,129.18970050461982,130.77479698535134,126.37463618757054,130.4939422607422,3647132.113243946
2022-07-29 13:30:00,128.60535040231684,131.865924465829,128.1630763580779,131.49790954589844,3965877.652968311
2022-08-01 13:30:00,130.56496147465725,133.14436193326216,129.70623025932431,132.00477600097656,3936139.716867229
2022-08-02 13:30:00,130.51328295699955,133.7544982347204,129.96125313545713,131.75294494628906,2194041.1415589047
2022-08-03 13:30:00,131.7335807641784,135.67855078618908,131.6496420875535,135.41383361816406,2953886.366447796
2022-08-04 13:30:00,135.1007025935007,136.80199786974543,134.70684100336769,136.3920135498047,1981544.589597886
2022-08-05 13:30:00,133.99985155148207,136.49531322330205,133.38647846929427,135.3299102783203,3386622.901052556
2022-08-08 13:30:00,133.46396590633617,134.9457497940374,131.2332065424559,133.28317260742188,3160806.5805396
2022-08-09 13:30:00,130.2033873218085,130.33897490306546,125.42551740532082,127.17525482177734,4511057.190966647
2022-08-10 13:30:00,130.56494482960096,132.6988345109332,128.82488715314074,132.4534912109375,3568453.2398699056
2022-08-11 13:30:00,133.57694165820106,136.18861684341857,131.99184539704487,132.2823944091797,2482119.3877815856
2022-08-12 13:30:00,133.16373711865086,136.52115172670617,132.67949363243548,136.1531219482422,2116290.728057855
2022-08-15 13:30:00,135.5462042801387,137.04090405616958,134.61968667001818,136.65997314453125,1368216.6743671498
2022-08-16 13:30:00,135.95942727972314,136.55666288210523,133.75127816854544,135.26211547851562,1617884.43959516
2022-08-17 13:30:00,133.18955791018266,133.25412272495848,130.14850932263153,131.99508666992188,2725901.329760486
2022-08-18 13:30:00,132.3533922610602,135.90450020962606,131.87560688171837,135.00381469726562,1754180.0497535493
2022-08-19 13:30:00,133.1443954004465,133.81911189795215,130.68442962065842,131.35914611816406,2399102.419479337
2022-08-22 13:30:00,128.69576720405638,128.93788893209057,125.80322238502272,126.41659545898438,2997872.210367903
2022-08-23 13:30:00,126.50699049996872,128.98307823088646,126.36170859822626,127.04610443115234,2509688.0508488165
2022-08-24 13:30:00,126.90085302456016,127.8047752282532,125.89363302624233,127.36572265625,1292634.774015699
2022-08-25 13:30:00,127.48840094809566,132.18879019531073,127.41737817710924,132.03382873535156,2766480.207417824
2022-08-26 13:30:00,131.73682677032224,132.04351333350095,124.3472662705444,124.54419708251952,2930343.943739675
2022-08-29 13:30:00,123.22060013137803,124.64750613542718,121.8292055131779,122.02935791015624,2658992.930528192
2022-08-30 13:30:00,123.3432793358776,123.39170664280202,119.12713326766452,120.60891723632812,3317235.968398424
2022-08-31 13:30:00,121.1415775151158,121.1448064945611,118.3039104781628,119.34664916992188,3071595.361376881
2022-09-01 13:30:00,116.30236397526716,117.14817180893202,113.50343749057193,117.1320343017578,4685453.262905033
2022-09-02 13:30:00,118.93665942207956,119.76632986957756,115.3403444896884,115.8471908569336,3966186.356494129
2022-09-06 13:30:00,115.82780873637242,116.46378469046236,113.63257559098888,114.51066589355467,2780109.7377851447
2022-09-07 13:30:00,114.97231357749658,117.43227130968856,114.1039028268153,116.44763946533205,1754799.076198853
2022-09-08 13:30:00,115.3177414365773,118.85272030012987,114.60429213827398,118.4104461669922,2915165.7494374784
2022-09-09 13:30:00,119.9697188518097,121.87763207518576,119.9697188518097,121.25135040283205,2133637.267777188
2022-09-12 13:30:00,121.77432351558328,122.4458108851918,120.3797072694262,121.84211730957033,2695854.479711761
2022-09-13 13:30:00,117.2095157863464,118.21674309560044,113.92957461409138,114.2750015258789,4197268.762251512
2022-09-14 13:30:00,115.13372426054708,116.37339374502608,113.8488638420854,115.5727767944336,2811395.693142919
2022-09-15 13:30:00,114.79476020425602,116.14095651119992,112.88361069772584,113.6551742553711,2511856.18156555
2022-09-16 13:30:00,112.40582585125716,114.4590209150482,111.55033098674808,114.33634185791016,3502473.507511164
2022-09-19 13:30:00,112.8771526113808,115.54371321122504,112.82549633082108,114.93679809570312,2216034.075654584
2022-09-20 13:30:00,113.82627789880527,114.3783152028057,112.5091349648798,113.40982818603516,2716298.6745782145
2022-09-21 13:30:00,113.61965419929216,117.29990738673972,112.2637710571289,112.2637710571289,3650230.0532999896
2022-09-22 13:30:00,111.62134633717235,112.09267387896357,108.56415310735407,109.2098159790039,3031636.198586468
2022-09-23 13:30:00,107.9185049790437,108.20905402998318,105.79428713892028,107.74740600585938,4008004.301658865
2022-09-26 13:30:00,107.37153580577896,109.02365154706916,105.94013057355184,106.13162994384766,2959195.9160757926
2022-09-27 13:30:00,108.05965674359824,108.85163378688188,105.57985222113724,107.11837005615234,3057476.061933222
2022-09-28 13:30:00,106.23226323196374,109.06261641889655,105.79083472724211,108.63741302490234,4154273.0383459935
2022-09-29 13:30:00,106.6509845583046,106.85222349809472,103.57720239136113,105.25852966308594,3090133.0686178165
2022-09-30 13:30:00,103.8985171560818,106.57956057440764,103.2948004254146,103.45384216308594,2796216.535547233
2022-10-03 13:30:00,104.63207447167808,108.22844002651011,103.88229458719012,107.03073120117188,3848340.666718845
2022-10-04 13:30:00,110.47778755463948,112.18508669052056,110.19540079908616,112.05200958251952,3268208.920655107
2022-10-05 13:30:00,110.19540009234603,114.109856550064,109.21517015305166,112.9673309326172,2573159.981181688
2022-10-06 13:30:00,112.8504827200358,114.92780209414305,112.09745630419197,112.51616668701172,2926846.1448173784
2022-10-07 13:30:00,109.16321971376053,109.47157106272124,105.1319191958272,105.76485443115234,4076019.017787951
2022-10-10 13:30:00,105.35264315268036,105.47922723535018,100.70463224203648,102.16849517822266,4790785.495334366
2022-10-11 13:30:00,100.34759001866506,101.2791445566134,97.90025071924082,99.29595184326172,4948527.147299188
2022-10-12 13:30:00,99.16611386436708,99.69193666681863,98.01710274640315,98.33193969726562,3191186.9114200776
2022-10-13 13:30:00,94.4856526445004,103.02538669658291,93.42102843944647,101.16229248046876,5044034.77314152
2022-10-14 13:30:00,102.57748762311915,102.57748762311915,96.6311546972039,96.9459991455078,3991909.618974123
2022-10-17 13:30:00,99.52638730039584,100.36380785211396,98.21832721627152,99.00056457519533,3861897.452351621
2022-10-18 13:30:00,102.09709073286696,102.7657301849382,97.58865719395936,99.34139251708984,3654860.847562088
2022-10-19 13:30:00,98.63379762629872,100.92534152272928,98.3286927935754,99.9775619506836,3125564.1815763866
2022-10-20 13:30:00,100.5293571186436,103.66806138816332,100.02625987082916,100.59751892089844,3663487.511859602
2022-10-21 13:30:00,100.33461087919632,104.59636161699729,99.89642149847172,104.33670043945312,3803051.8885432617
2022-10-24 13:30:00,104.68726048357748,105.24229448359554,102.34053295936144,104.78787994384766,3886235.51905578
2022-10-25 13:30:00,105.22930327803309,107.9006071785337,105.06052201655292,107.18003845214844,2845510.783153722
2022-10-26 13:30:00,104.96637917609068,108.64388448429996,104.45029594881336,106.12512969970705,4941441.596148621
2022-10-27 13:30:00,106.81974633304948,107.82270919867057,104.10624536257018,104.24256896972656,3686286.033838722
2022-10-28 13:30:00,104.4340784994404,108.48809752226546,104.164677785811,108.3290557861328,4305545.004664443
2022-10-31 13:30:00,107.35205245616667,107.65066427602196,105.42728216237327,105.9693374633789,2459475.4758177926
2022-11-01 13:30:00,108.09860818897694,108.4523958258377,106.18357715097382,106.822998046875,2886178.510822837
2022-11-02 13:30:00,107.49812537509789,109.37745216561416,103.3142684337516,103.45059204101562,3279916.5136027383
2022-11-03 13:30:00,101.51608767405963,103.64859002406952,100.45146346741768,102.06462860107422,3853270.389297505
2022-11-04 13:30:00,105.74539389851044,107.05995478242568,104.27828428168884,106.78730010986328,4725778.138206343
2022-11-07 14:30:00,107.7772700084742,109.51378024726615,106.36858277041884,109.0950698852539,3644385.765004449
2022-11-08 14:30:00,111.13669066229984,112.81153219569528,109.23789208029922,111.49697875976562,4006390.233590336
2022-11-09 14:30:00,109.6079010543588,110.0428439332034,107.76752494660316,107.9330596923828,3675194.8621976585
2022-11-10 14:30:00,114.10660770032354,119.39728623138636,113.15558149339267,119.10191345214844,5491687.931740885
2022-11-11 14:30:00,119.6828989421353,123.46751664416676,118.31316261015044,122.74694061279295,6278856.620555798
2022-11-14 14:30:00,122.08156955855334,123.78886112702128,121.36099344245854,121.40319061279295,3782409.895353727
2022-11-15 14:30:00,126.43420664810628,126.77826216511356,123.22734059409362,124.92164611816406,5029862.707080183
2022-11-16 14:30:00,122.07508424551408,122.31852033085926,119.00778808434896,119.7640609741211,4904470.092456131
2022-11-17 14:30:00,117.27775748758609,121.2408962081815,117.06677907572586,120.70208740234376,4068316.788220773
2022-11-18 14:30:00,122.72099278371604,122.74695741631608,119.6634362799448,120.97149658203124,3189030.224837626
2022-11-21 14:30:00,119.65370251670647,120.0821524060898,118.58907823806044,118.96559143066406,1863938.93648058
2022-11-22 14:30:00,119.98478412899976,122.60415889803994,118.97858209460917,122.51002502441406,3379428.9914379665
2022-11-23 14:30:00,122.38017865602652,125.18455944490564,122.36394611815447,123.99010467529295,4010704.009277592
2022-11-25 14:30:00,123.23380974674993,123.66550605379132,122.33796691894533,122.33796691894533,1195385.88178096
2022-11-28 14:30:00,120.81895147577974,122.09780067577503,118.45599896972882,119.28043365478516,3283921.5680305995
2022-11-29 14:30:00,119.63746809274366,120.30934658714963,118.09245734821285,118.81951904296876,1877495.0021805696
2022-11-30 14:30:00,119.26420871800283,126.03497534262154,118.15413334787972,125.94734191894533,4278433.131534264
2022-12-01 14:30:00,126.69387903468356,126.82370963468377,123.29875981275124,125.04175567626952,4242078.493579385
2022-12-02 14:30:00,121.9062976374652,123.82456766544912,121.28309445155334,123.62982177734376,3194267.7396915704
2022-12-05 14:30:00,122.78916101067158,123.97388379807197,120.96177081559424,122.06534576416016,2782352.473572518
2022-12-06 14:30:00,122.05235374056332,122.1789452544198,118.29046106230346,119.4979019165039,2241040.071573277
2022-12-07 14:30:00,118.222289866068,120.07889096433564,117.99832542563156,119.24147033691406,2168331.217595148
2022-12-08 14:30:00,119.9685435503428,122.77617844942436,119.17007350650236,122.68853759765624,2766948.10883406
2022-12-09 14:30:00,122.1464824572089,123.70122528115527,121.11755499652708,121.55249786376952,1796159.495193643
2022-12-12 14:30:00,120.95526283668129,123.83754486372588,120.33531363177568,123.7044677734375,2237651.2584962607
2022-12-13 14:30:00,129.28724620999876,129.85033477025976,124.25519349068291,125.83055114746094,4629965.427104162
2022-12-14 14:30:00,125.52461786922224,127.0283678822437,122.49432133567451,123.94274139404295,4067732.8542322353
2022-12-15 14:30:00,121.33884372835269,121.86612846875796,118.53638545330348,118.69912719726562,3974641.748970892
2022-12-16 14:30:00,118.06767155428992,119.09296310292102,116.63877752546875,117.80077362060548,2525128.1239720546
2022-12-19 14:30:00,117.67707178964103,117.94722525798564,115.14151204266604,116.34256744384766,2285488.6535360124
2022-12-20 14:30:00,114.8909026525995,116.69410626051652,114.63050844774784,115.6330108642578,2330344.110383505
2022-12-21 14:30:00,116.4402233172752,118.6275033506379,116.215640485862,118.23692321777344,2346934.560778962
2022-12-22 14:30:00,115.93897067519664,116.12450145686122,111.06966673746146,113.45875549316406,5533530.244627458
2022-12-23 14:30:00,112.47576752080424,113.55964443413454,111.3300495032224,113.55638885498048,2633888.1607797546
2022-12-27 14:30:00,112.65480261211091,112.75895880984616,110.9915515781101,111.50582885742188,3578621.845228956
2022-12-28 14:30:00,110.7864743553924,112.14376025554007,109.41291801007252,109.86209106445312,2746641.9290375644
2022-12-29 14:30:00,111.65228938886504,113.89490687838163,111.23892018974864,113.36761474609376,3341747.1635916047
2022-12-30 14:30:00,111.7466784721433,113.45223697146022,110.93946615761196,113.2634506225586,2058445.1193738887
2023-01-03 14:30:00,115.18057108554872,115.38562787033484,111.47976732239869,112.16004180908205,2913160.8413445004
2023-01-04 14:30:00,114.29526702128848,115.68510154720325,112.97703289861649,115.0471420288086,3335602.382108005
2023-01-05 14:30:00,113.91118795410156,114.7216484774199,112.92170035234824,113.10723114013672,2736195.5878072665
2023-01-06 14:30:00,114.63702398070583,118.99205818305134,113.08769590984244,118.37037658691406,5016461.065590412
2023-01-09 14:30:00,120.54139580076068,123.29177219747191,119.77324286358294,120.55115509033205,4691717.960890915
2023-01-10 14:30:00,120.13776547721147,122.27622660526238,119.51282835802697,122.11022186279295,2893497.9536377825
2023-01-11 14:30:00,122.18509089067662,123.73767447194066,121.15655129519436,123.6855926513672,2746641.592581366
2023-01-12 14:30:00,124.35285638501468,125.94449216664717,121.78475528830576,125.18936157226562,3404114.768520832
2023-01-13 14:30:00,123.56516925028978,125.71990098005354,123.4121868138004,125.70687866210938,2129108.024372913
2023-01-17 14:30:00,125.27722725445528,127.12274591804776,124.68810148486216,125.85009002685548,3090125.432394186
2023-01-18 14:30:00,127.2594632723306,128.15456144437675,125.1437983561172,125.18936157226562,3597362.800055092
2023-01-19 14:30:00,124.07617795253094,124.14127463967344,121.2834868650556,121.67733001708984,3866189.981635253
2023-01-20 14:30:00,122.98578619609606,125.56365367017428,121.73591196015973,125.48553466796876,3433302.1548988186
2023-01-23 14:30:00,126.65729729452325,132.22639362883385,126.4554811926426,131.7869873046875,5864725.612461201
2023-01-24 14:30:00,130.17911592175665,132.01812383779583,130.00009626535353,130.79103088378906,2427428.473079632
2023-01-25 14:30:00,128.48979609731074,131.3801245685653,127.50355676988876,131.14578247070312,3380765.850208906
2023-01-26 14:30:00,132.64953110383283,133.52509563344742,130.455747585916,133.35585021972656,3990618.684245485
2023-01-27 14:30:00,131.05140870029706,133.65205798955822,130.7128880301393,132.50633239746094,4393090.249927021
2023-01-30 14:30:00,130.69987005965368,131.49080447003365,128.8836442322464,128.98779296875,4490175.479845609
2023-01-31 14:30:00,128.74044934170087,131.45502178359092,128.6167522100659,131.39317321777344,3178914.689344991
2023-02-01 14:30:00,132.0441299205216,139.6410275948137,131.92695887042916,138.2446746826172,7418697.944007304
2023-02-02 14:30:00,139.66059162122434,142.59974700151312,138.86639403102478,141.44752502441406,7635908.326719637
2023-02-03 14:30:00,138.30329367753936,141.87389715255773,137.95176558038605,138.68736267089844,5689295.98214988
2023-02-06 14:30:00,136.51959720359812,138.53437616044548,135.82305222638524,136.43496704101562,2556465.9144505523
2023-02-07 14:30:00,136.96227119899245,141.4475060702685,136.61725427810018,140.77374267578125,3364482.3083288204
2023-02-08 14:30:00,139.8363392492169,140.9853130224614,137.424468764348,137.7467041015625,3606887.000729338
2023-02-09 14:30:00,140.19759959820692,141.76970902516598,137.07617724730974,138.09820556640625,3088282.3786429865
2023-02-10 14:30:00,136.68560742548618,137.08271364141038,134.42346382528015,135.90118408203125,3018847.698581473
2023-02-13 14:30:00,136.54238734528994,138.29677966511147,135.35109853505264,137.89967346191406,2173656.4372048443
2023-02-14 14:30:00,136.68234933526648,140.82581536577473,135.65705787327252,140.40267944335938,3330379.751408205
2023-02-15 14:30:00,138.94122771393305,141.0471480069532,137.915951166577,140.9755401611328,2195162.700280648
2023-02-16 14:30:00,138.43672428025195,139.88839976900712,137.29426177946902,137.5188446044922,3527929.0912722256
2023-02-17 14:30:00,136.7051603300979,137.1055147327021,134.15007379920897,135.37716674804688,3138052.71844995
2023-02-21 14:30:00,133.2712575849119,134.84336748592858,130.73895272724414,130.99282836914062,2261831.278921939
2023-02-22 14:30:00,131.2987742042278,132.2817506281987,129.57693767251143,130.3646240234375,2340789.86949961
2023-02-23 14:30:00,134.75223730900603,135.2925444376399,132.00837167238754,134.65133666992188,4728277.709697195
2023-02-24 14:30:00,132.26220726438035,132.93597063074702,131.24669002065076,132.2394256591797,2910702.832569256
2023-02-27 14:30:00,134.44951563553684,134.46904911433214,132.89042815448295,132.93923950195312,2090089.5377297355
2023-02-28 14:30:00,132.6300535338192,135.19816268117185,132.34363695143605,133.39495849609375,1620640.9027985265
2023-03-01 14:30:00,133.88641724818166,135.05818762629087,132.9034556060396,133.4307403564453,1968733.3882934875
2023-03-02 14:30:00,131.3541024084193,135.13952910968692,130.3353221307463,134.49832153320312,3183216.3717278
2023-03-03 14:30:00,134.46901317515108,136.72138210482694,133.4567441734824,136.5716552734375,2466754.870429793
2023-03-06 14:30:00,136.952507954752,138.13078940670258,134.66107154427505,134.98330688476562,2229572.2911565173
2023-03-07 14:30:00,135.12654242008185,135.69614230167716,133.02388462389013,133.56094360351562,1944769.2616859267
2023-03-08 14:30:00,134.0979885396021,137.2617416430577,134.0979885396021,137.1120147705078,2138631.950762611
2023-03-09 14:30:00,136.93623989630572,139.05843089911954,134.1826154199168,134.38766479492188,3983551.580894333
2023-03-10 14:30:00,135.11025911174198,135.4585242080155,131.1653307092457,131.79026794433594,3400735.07205679
2023-03-13 13:30:00,130.4134586986196,133.45026646479835,129.0496613291466,131.82933044433594,3597362.7523115454
2023-03-14 13:30:00,134.127266280097,136.52286617312623,133.48930680316656,135.68310546875,2809316.585096391
2023-03-15 13:30:00,133.7431723326702,134.40717639528182,131.26620548916645,134.10121154785156,3612110.408766863
2023-03-16 13:30:00,133.51537508645657,139.64431367243878,132.93275290730452,139.33836364746094,3820104.574832296
2023-03-17 13:30:00,139.6052398119304,140.68585382023934,137.7206541069287,138.47579956054688,2896570.014115469
2023-03-20 13:30:00,138.74593893818746,140.38965637810878,137.60022829412114,139.94049072265625,2207759.134785861
2023-03-21 13:30:00,141.0796901139132,142.56392141286068,138.13727215096836,140.21714782714844,2969383.8090638528
2023-03-22 13:30:00,140.22041925121346,143.9472607188716,138.78826223674773,138.82406616210938,3393054.611894912
2023-03-23 13:30:00,141.23612333986193,144.51878627885426,140.1168775397368,142.6066131591797,4126769.322396735
2023-03-24 13:30:00,141.45147779135027,141.83651445056665,138.7137397298554,140.1331787109375,3187780.9028712395
2023-03-27 13:30:00,140.6389941347308,141.06972382326026,138.00241041812586,138.48861694335938,1845186.043770432
2023-03-28 13:30:00,138.16884146815025,138.28305146840705,135.35607292141225,137.4509735107422,2796432.613079925
2023-03-29 13:30:00,139.74488938994352,142.85788064718832,139.4838465396683,141.86917114257812,3208006.734514019
2023-03-30 13:30:00,143.66710858900817,145.1485520455171,143.18417337764689,144.2055206298828,2658220.531173878
2023-03-31 13:30:00,143.1091503454141,145.31826073391923,142.87747405156844,145.09962463378906,2197306.7025587405
2023-04-03 13:30:00,144.25123777339334,144.7994337843232,142.068222672212,143.8466033935547,1917203.6954191048
2023-04-04 13:30:00,144.1076726221465,144.150079395943,140.3746964875017,141.16436767578125,2374132.9686225187
2023-04-05 13:30:00,139.65677060564994,139.77425182201353,137.25187857328683,138.71701049804688,3415786.009131271
2023-04-06 13:30:00,137.45094338487252,139.02048659134908,136.38717440820386,138.0023956298828,1935591.4800381465
2023-04-10 13:30:00,136.8146481143582,140.53783994946374,136.5960269549935,140.43994140625,1968688.77072606
2023-04-11 13:30:00,141.2165506034567,141.3144491419761,139.4348987754983,139.70248413085938,1862347.794734599
2023-04-12 13:30:00,141.0860331194596,141.12845482485545,137.01369877365883,137.14749145507812,2654849.1846217075
2023-04-13 13:30:00,137.45745146906447,139.0889839024926,136.35778851137542,138.27647399902344,3078375.423122731
2023-04-14 13:30:00,138.14600096880412,139.81669936943803,136.55688967445963,138.06117248535156,2005770.043789899
2023-04-17 13:30:00,136.5764574352138,138.1492722204111,136.16531040104735,138.06117248535156,2254001.324992316
2023-04-18 13:30:00,139.13797365786556,140.33879179667937,137.60759561064603,138.65829467773438,2824626.980272056
2023-04-19 13:30:00,136.8179286622571,137.4705358706241,136.30235552414777,137.14097595214844,1291722.0742170024
2023-04-20 13:30:00,135.76720627036613,139.06945231547172,135.63015727132125,137.01370239257812,2443392.818874014
2023-04-21 13:30:00,136.54053622715972,136.54053622715972,134.8111050126101,136.00865173339844,2204049.0472446005
2023-04-24 13:30:00,135.7639373218719,136.53729699455894,134.4848182881637,135.3984832763672,2119466.254697286
2023-04-25 13:30:00,134.5892352962696,134.60229042786517,130.7649032859519,130.84974670410156,2535943.1025650324
2023-04-26 13:30:00,132.2104406313851,132.89568560436408,130.87582988815407,131.54803466796875,1967769.4467965455
2023-04-27 13:30:00,131.37837270194683,132.26919880395857,128.75811492732842,132.102783203125,3183795.8130002604
2023-04-28 13:30:00,132.71620563306698,134.51742513255556,132.12884430456376,134.48480224609375,2409989.099931515
2023-05-01 13:30:00,135.02320250112538,136.09677033544153,134.67080362051558,135.70193481445312,1842734.5017665983
2023-05-02 13:30:00,135.75415073774622,136.527495457806,133.4177752582741,134.73280334472656,2161144.63937039
2023-05-03 13:30:00,133.97576727707926,135.59098865146285,133.0882125871159,133.18609619140625,2579766.868038024
2023-05-04 13:30:00,132.1321066787494,133.5776559577076,131.25106474518404,132.43882751464844,2147967.2858874192
2023-05-05 13:30:00,132.60203510266712,135.9532310737062,131.9331014217949,135.3854522705078,1654262.1174284352
2023-05-08 13:30:00,135.23534268545453,136.05110924079293,134.11284025745073,135.95648193359375,1394691.959703005
2023-05-09 13:30:00,134.02470946932377,134.20418016113433,133.09798943681272,133.64292907714844,2398956.534755172
2023-05-10 13:30:00,135.14398271449565,135.9597642735879,133.69843284850612,135.00367736816406,2826158.6911525507
2023-05-11 13:30:00,135.04278778609336,135.33321214889096,132.8467326817298,134.1193389892578,1894525.9390339428
2023-05-12 13:30:00,134.59901887088498,135.15699871702404,132.73252363184994,133.99534606933594,1413079.7546984751
2023-05-15 13:30:00,134.37709947278032,137.6597619883869,133.9822640207726,137.63365173339844,1837831.488069957
2023-05-16 13:30:00,137.1866609210579,138.9389315294864,137.1866609210579,137.37591552734375,2091578.3416830795
2023-05-17 13:30:00,138.63220895117234,141.31119973506424,137.76422191208022,140.76953125,2028754.401075631
2023-05-18 13:30:00,141.39604150564043,145.56953118649457,141.29161538714862,145.2171173095703,3503125.6539989864
2023-05-19 13:30:00,144.7928958884671,145.1224707092357,143.56596757976905,144.4698486328125,2939549.0982233165
2023-05-22 13:30:00,143.167866209401,145.35086607242903,143.10586181355146,144.96908569335938,2349310.350885946
2023-05-23 13:30:00,143.9966957160884,144.94625477756878,142.86113839389458,143.1776580810547,1586535.2214377662
2023-05-24 13:30:00,140.29637386512977,141.20351132495813,139.13144983718485,140.61614990234375,4434452.783378295
2023-05-25 13:30:00,147.08031844348852,150.55876370412594,145.4846648991557,149.981201171875,13253100.85246279
2023-05-26 13:30:00,152.2686370422078,160.60583256828696,152.21643145129278,159.7835235595703,8183357.872174505
2023-05-30 13:30:00,163.4806095556457,164.1397593047137,159.00039882467092,159.64974975585938,8031967.238004795
2023-05-31 13:30:00,156.95112548949126,159.1112861425431,155.4794660049209,155.55125427246094,5473961.050820334
2023-06-01 13:30:00,156.50084517650322,159.57794249488572,154.8986788947695,158.22702026367188,7501795.161668289
2023-06-02 13:30:00,159.43436847901734,159.89119350398013,156.7064286485925,157.8550262451172,3390349.2196129463
2023-06-05 13:30:00,157.27749150267573,157.3655912467865,154.61481191880063,155.4110107421875,2769157.563581638
2023-06-06 13:30:00,154.3145757456042,158.05080748243276,154.07962822257178,157.28724670410156,3305154.117437398
2023-06-07 13:30:00,158.32663952952447,160.55507096599138,156.69943660613086,157.0555877685547,3985005.561793468
2023-06-08 13:30:00,157.5163025705027,159.05528658602466,156.70595436697727,158.66319274902344,2779802.347484664
2023-06-09 13:30:00,160.46030058079208,161.54837810249126,158.33316100290483,159.0814208984375,2570162.035286354
2023-06-12 13:30:00,160.9471682554989,164.36170801217966,160.75112134642592,164.20486450195312,2691661.656040657
2023-06-13 13:30:00,166.84502475873848,167.48219600923042,164.51202579240754,166.40391540527344,4248203.482525751
2023-06-14 13:30:00,165.7830837580784,168.84799412662196,164.8159069417806,168.7663116455078,8671770.917823065
2023-06-15 13:30:00,166.822141122552,168.6061875706935,166.17191209556728,167.37107849121094,6693499.460927058
2023-06-16 13:30:00,169.05711250402487,169.073446008634,165.58703551794144,165.8255615234375,5056161.230550343
2023-06-20 13:30:00,165.0642243116354,166.51498948555454,163.03511548183636,164.48260498046875,2065188.360385219
2023-06-21 13:30:00,163.45006453597446,164.2669341175268,160.28712361854087,160.47337341308594,4211478.894639169
2023-06-22 13:30:00,159.38203576891647,161.89147205603092,159.16310401072977,161.2216339111328,3730070.821604871
2023-06-23 13:30:00,158.6239885581228,159.3885820066612,157.66007251685338,158.38218688964844,2098853.3077193205
2023-06-26 13:30:00,159.49314022059963,161.94050345504294,158.8886509846974,158.8951873779297,2483857.221001301
2023-06-27 13:30:00,159.45391325728133,164.72438433500443,158.84942411070008,164.44664001464844,2819282.417553765
2023-06-28 13:30:00,161.7934625204695,164.56103432987413,161.61702476949,163.1788787841797,2971079.97599796
2023-06-29 13:30:00,163.84217168594972,163.9565361290146,161.87187545372248,163.22462463378906,1708340.4749460344
2023-06-30 13:30:00,165.02172610727646,166.41041782142014,164.4335854085502,165.7471160888672,1650804.283803501
2023-07-03 13:30:00,166.50846210104064,167.6226853537268,165.3844417368069,167.2207794189453,825708.0460674218
2023-07-05 13:30:00,166.1032996965209,166.4463930559479,163.47296214651502,163.52525329589844,2878654.441315502
2023-07-06 13:30:00,160.7478771112832,161.73466319978047,159.42780971643492,161.4634552001953,3523796.048449446
2023-07-07 13:30:00,161.76730871536833,164.10029229150953,161.2706475860478,161.53204345703125,1861056.8524821645
2023-07-10 13:30:00,162.03854190163153,165.03810364193967,161.87517692044253,164.8943328857422,1870543.7691244588
2023-07-11 13:30:00,165.4661189182535,165.7667331530238,162.52209473738307,164.9008331298828,2418057.846822704
2023-07-12 13:30:00,167.28613383303707,168.2761955561334,166.34182686596793,167.97232055664062,4355319.059196961
2023-07-13 13:30:00,169.75307653195492,171.83120064563204,169.09957189204397,171.44236755371094,2847438.385488615
2023-07-14 13:30:00,171.4619713519181,172.9976944937196,168.59964475163525,169.29888916015625,5228159.013911637
2023-07-17 13:30:00,169.3609932860145,174.20668956388468,168.31867035453507,173.35061645507812,2985157.9779460886
2023-07-18 13:30:00,172.60559920795865,174.2426141229797,171.25286503189224,173.67080688476562,2723184.175829776
2023-07-19 13:30:00,173.89626806302516,174.02044457586527,171.18098751834717,171.60902404785156,2533436.4546734206
2023-07-20 13:30:00,168.5473778051237,169.1322578673924,164.61658232947838,165.36810302734375,5188066.433453127
2023-07-21 13:30:00,167.16849403197338,168.41995156459018,165.92684856778655,166.86134338378906,2578731.052227051
2023-07-24 13:30:00,166.85810355655326,168.0409365879366,165.98894264835073,166.85482788085938,1575516.9469258247
2023-07-25 13:30:00,167.81873176504453,170.67126174583927,167.81873176504453,169.66160583496094,1906963.2509403096
2023-07-26 13:30:00,167.54423981407194,168.73360898716604,165.4889855921151,167.31878662109375,2671462.7712759147
2023-07-27 13:30:00,171.6711107985485,174.03024016049707,169.5112890756124,170.46539306640625,3903597.760664971
2023-07-28 13:30:00,173.71331194064592,174.77851977676758,172.01420851793088,174.18710327148438,2878348.3190787705
2023-07-31 13:30:00,174.82422154336226,175.42544998733425,173.8276385807549,174.9091796875,1661209.7899928535
2023-08-01 13:30:00,173.3081330570826,175.3895331075331,172.77225350113787,175.02029418945312,1370467.2706935315
2023-08-02 13:30:00,172.7984022093087,172.8441420064395,167.31881041084975,168.32192993164062,4751646.819741122
2023-08-03 13:30:00,166.30588604755116,169.1028642934419,165.68506325415478,167.890625,4442541.687376396
2023-08-04 13:30:00,167.28285242418804,169.9556687422646,165.779796160794,167.6259307861328,4222802.31970538
2023-08-07 13:30:00,168.83169203589682,169.60608278513504,167.80568748827554,169.3904266357422,2308493.2367134965
2023-08-08 13:30:00,166.74373288142135,166.88424291028494,164.45974939223254,166.69471740722656,2823260.368547591
2023-08-09 13:30:00,166.58033131991866,166.64568029121747,163.30630148984395,163.63632202148438,3293039.07975237
2023-08-10 13:30:00,164.94332337155586,166.69470279969394,161.86861600065822,162.97628784179688,3908800.49722802
2023-08-11 13:30:00,160.97659632418382,161.08768510046272,158.73835267652606,159.02589416503906,3960215.7039954537
2023-08-14 13:30:00,158.41486299110974,163.652652495765,157.86918637705745,163.6134490966797,3190208.1786914724
2023-08-15 13:30:00,162.76718953834344,163.2899963569891,160.69560136063043,160.88185119628906,2322571.490170344
2023-08-16 13:30:00,160.70866270051974,160.86876694874283,157.6437522559061,157.76791381835938,2897323.2130384143
2023-08-17 13:30:00,158.0619537060132,158.4181048026241,155.73221608449717,156.22561645507812,2677277.866252956
2023-08-18 13:30:00,154.52329541669363,157.62740937505615,154.19981123331047,157.06539916992188,2362357.3560262374
2023-08-21 13:30:00,157.80711328654328,161.81633057278563,157.55551449242938,161.5778045654297,2813467.0921866065
2023-08-22 13:30:00,163.5546502611751,163.75395790585378,159.60750632349848,160.15318298339844,2096710.8975314791
2023-08-23 13:30:00,159.22847278194698,164.0022985361786,159.04875935694488,163.42721557617188,3088295.0426343973
2023-08-24 13:30:00,166.51172024091906,166.59993910782293,157.66660467628714,158.02603149414062,4946291.640449369
2023-08-25 13:30:00,157.98683474254952,160.06495922005325,155.53294989247246,158.7056884765625,3505127.484901359
2023-08-28 13:30:00,160.26756419628802,161.15958004988337,159.07819476740428,160.7152099609375,1723336.4222541903
2023-08-29 13:30:00,159.91138836047637,165.4792140616008,159.6793987390592,164.93679809570312,2785004.86433069
2023-08-30 13:30:00,164.4434255976227,166.3941279093593,163.26712893459646,165.7144775390625,3135731.6019389583
2023-08-31 13:30:00,165.11650034929704,167.82199872979763,165.11650034929704,166.86134338378906,2151492.9144500555
2023-09-01 13:30:00,167.97557957947058,168.3578763423003,166.0869656643934,167.2959442138672,1929304.4498826924
2023-09-05 13:30:00,166.70450715014312,168.55064175732437,165.80920081936964,167.24037170410156,1908799.7048155316
2023-09-06 13:30:00,166.77311083744743,167.87752186984844,164.16564361052409,166.03138732910156,2048662.12663816
2023-09-07 13:30:00,162.22149561425204,162.69527190519648,160.18583557104236,162.23129272460938,3955625.571506369
2023-09-08 13:30:00,161.88823228992334,163.06454389817193,160.7184720331372,161.39157104492188,1360673.7113828002
2023-09-11 13:30:00,163.4174221328416,163.4468284251,159.12392397404787,161.30007934570312,1451569.027691141
2023-09-12 13:30:00,160.2348747535367,162.65935329869885,159.8166353026087,159.93099975585938,1755165.1292051568
2023-09-13 13:30:00,159.88524404188368,162.3750713185666,159.71532773798597,160.75112915039062,2986688.439576474
2023-09-14 13:30:00,162.30971792209647,162.58092587441212,160.36882805333246,161.90127563476562,2062740.0995366608
2023-09-15 13:30:00,160.9406382291012,160.9406382291012,156.4314843549527,157.228759765625,2959450.504185501
2023-09-18 13:30:00,156.0230657688379,158.34299180831164,155.70611800042457,157.76463317871094,1757307.532770953
2023-09-19 13:30:00,157.2941174320095,157.37907558789047,155.60155053740823,156.4347686767578,1585004.4792149595
2023-09-20 13:30:00,157.1470666020128,157.80709267285386,153.81420941292183,153.86648559570312,2165571.1677172305
2023-09-21 13:30:00,152.03017326982518,152.99735002407084,150.9584291856341,151.0270538330078,2583933.882356008
2023-09-22 13:30:00,152.46474759421486,153.80442397253847,151.68708135633665,152.2850341796875,2443765.469503872
2023-09-25 13:30:00,151.57269083613406,153.53972598925952,150.87018576015566,153.39923095703125,1619587.8634524506
2023-09-26 13:30:00,152.15185737956972,152.53878787473613,149.94500109416524,150.6139373779297,2387825.0203760955
2023-09-27 13:30:00,151.84693912983568,153.08644697866742,149.68269763247497,151.94203186035156,2772376.97343546
2023-09-28 13:30:00,151.62720571755466,156.38850630201256,151.000899716855,154.75550842285156,3735131.2374600144
2023-09-29 13:30:00,156.99516946622032,157.56246852373377,154.8375026727639,155.31625366210938,2848921.564002693
2023-10-02 13:30:00,155.65397727233855,157.32960539104482,154.20787758766946,156.0999298095703,2507368.647837058
2023-10-03 13:30:00,154.64732155981642,156.81810775850516,151.79119220771773,152.87002563476562,2730292.6617085007
2023-10-04 13:30:00,153.61438525995214,155.36544243234488,152.49292150897375,154.89981079101562,3334415.396540851
2023-10-05 13:30:00,154.93916317153122,155.53597327939264,152.72574655479505,154.14889526367188,1933741.243124587
2023-10-06 13:30:00,153.3553164647029,158.22811661268102,152.34206488104925,157.46080017089844,3881816.1273611104
2023-10-09 13:30:00,155.81139190471643,157.50997150263026,154.61449956993448,157.06729125976562,2116411.701993926
2023-10-10 13:30:00,157.5559027581191,160.49727763226542,156.90663034035185,159.08070373535156,1894096.822775052
2023-10-11 13:30:00,159.62499752488517,160.60217824405083,158.3723706975352,160.2775421142578,3032507.389211429
2023-10-12 13:30:00,160.5432019757392,162.99270663665658,159.13973235380047,160.68748474121094,3102037.0446541887
2023-10-13 13:30:00,161.00881405055966,161.1957271568087,156.01141025424204,156.31309509277344,2586962.58832981
2023-10-16 13:30:00,156.84102931317713,159.11346748475853,156.68691457021453,158.52650451660156,1761135.1632412642
2023-10-17 13:30:00,155.3621186397692,158.49042100739086,153.5717188657807,157.36895751953125,2490596.02458255
2023-10-18 13:30:00,154.68010209432506,155.85731557369462,153.71604043398062,154.5325469970703,2913267.7618886107
2023-10-19 13:30:00,155.9392626890393,156.35899157351008,151.6042507731988,152.15187072753906,4470996.111438436
2023-10-20 13:30:00,152.14204903349128,153.21433777720364,149.6794250156294,149.9515838623047,3063002.3511617268
2023-10-23 13:30:00,149.06295884754562,151.66659343920614,147.47913567646728,149.09902954101562,2893140.358593088
2023-10-24 13:30:00,150.00731891259372,151.41734807614628,149.30231183616243,151.12222290039062,2270415.644431018
2023-10-25 13:30:00,149.12522716836924,149.62694445839008,144.25244209166226,145.01319885253906,3297820.73400722
2023-10-26 13:30:00,145.65589375957197,147.36103283923796,143.49821246437028,144.15077209472656,4582611.265287155
2023-10-27 13:30:00,146.1969553470255,147.07904350308945,145.0361487088671,145.70181274414062,2477177.5566112883
2023-10-30 13:30:00,144.66233165111578,145.59033756498624,142.18986078918317,143.750732421875,2788539.9660837324
2023-10-31 13:30:00,143.875325914466,145.43948477694107,142.05541492682323,145.06565856933594,1943195.311634357
2023-11-01 13:30:00,145.08207356688845,148.6137140717994,145.08207356688845,148.47926330566406,3600643.9667108464
2023-11-02 13:30:00,151.42716604452312,152.9388474605449,149.876141613702,151.85345458984375,2771767.589612322
2023-11-03 13:30:00,153.5356532410297,156.9754725235552,153.2503751121213,155.8441619873047,2365258.0054267906
2023-11-06 14:30:00,156.096678617387,156.52952688239037,154.0832947297153,155.5556182861328,1768758.9623142614
2023-11-07 14:30:00,155.2145704660088,157.23124143567765,154.9751950188279,156.5458984375,1582124.5992744989
2023-11-08 14:30:00,156.693460846289,157.43781082395842,155.62117237619913,156.7032928466797,2270720.9604324643
2023-11-09 14:30:00,157.72641638285532,159.6020923418903,155.63761862681673,155.95240783691406,2422589.675472729
2023-11-10 14:30:00,157.90676330699358,162.74676542117805,157.25421855590167,162.24179077148438,2265841.1421845
2023-11-13 14:30:00,160.966150954486,161.21208604201797,159.61514413788828,160.66119384765625,1988329.542186544
2023-11-14 14:30:00,164.7240642093338,167.09815464352292,164.43877107078927,166.60301208496094,2810802.361580053
2023-11-15 14:30:00,167.6392250411755,169.0656457881486,166.54727246729067,167.81301879882812,5189173.27660438
2023-11-16 14:30:00,167.1079936130343,168.39341893371935,166.54398199382442,167.89498901367188,2313110.0166533887
2023-11-17 14:30:00,167.3736031586308,169.40339346820733,167.09815702756782,169.07546997070312,1845303.769909923
2023-11-20 14:30:00,168.89188159620596,172.1546205468089,168.83613188736888,171.56765747070312,1506494.5638765628
2023-11-21 14:30:00,170.1609040377785,170.1609040377785,167.49497512127394,168.36065673828125,3068491.494898712
2023-11-22 14:30:00,169.48538525119238,171.56763814275075,168.42623096675663,168.89842224121094,2077986.8653212728
2023-11-24 14:30:00,168.88858170713723,169.20994558107873,168.29505900287046,169.01976013183594,525138.427475826
2023-11-27 14:30:00,168.39344296815068,170.21664148432637,167.97371402932882,168.78366088867188,1846828.248054542
2023-11-28 14:30:00,167.81629486244893,168.68526367004392,166.44889611434277,167.796630859375,1882813.5341447268
2023-11-29 14:30:00,170.17398330874843,172.16441560687304,169.33125323822622,169.6165313720703,3726287.6570766666
2023-11-30 14:30:00,169.88215691667375,170.05266333814328,167.07521803216636,168.43276977539062,2459489.969343411
2023-12-01 14:30:00,167.5605139446687,169.53782686060143,166.25213733477517,169.22303771972656,1748022.0384463726
2023-12-04 14:30:00,167.49821943434142,167.668740866677,164.91426433894708,167.3277130126953,1840424.2962946617
2023-12-05 14:30:00,165.7242252713415,166.81945030037556,164.99625180214392,166.37677001953125,2610749.1392346136
2023-12-06 14:30:00,168.7934483826286,168.88854108437735,165.1568993224142,165.35035705566406,2727853.869702681
2023-12-07 14:30:00,166.90797493829285,170.30843630026305,166.24231093982053,169.7837677001953,1948379.6976691452
2023-12-08 14:30:00,169.38372923480478,171.87259164308088,169.311587860342,171.1249542236328,4276737.367587336
2023-12-11 14:30:00,172.72843271884497,177.51269953436105,172.5448069612798,176.96180725097656,4042834.4296279615
2023-12-12 14:30:00,176.0698977250038,178.26365018707304,175.75838085252477,178.23741149902344,2263401.4311143933
2023-12-13 14:30:00,178.2636342624815,182.01495574114296,177.60124254462158,180.9820251464844,5819522.146108057
2023-12-14 14:30:00,182.4445235220738,186.52376834732505,182.4445235220738,185.9990997314453,3428038.1157371625
2023-12-15 14:30:00,186.5434394314058,188.7896540432916,186.28767229023512,186.6910095214844,4021487.13781516
2023-12-18 14:30:00,186.6877342543295,186.9959787864981,184.47760519745563,186.17291259765625,2309755.184038591
2023-12-19 14:30:00,186.43851498170864,187.54357193493817,186.2024118436535,187.16647338867188,1941670.4761692795
2023-12-20 14:30:00,185.76780718597823,186.84878236335527,181.61810302734372,181.61810302734372,3404553.381366843
2023-12-21 14:30:00,185.54441776553884,186.9867960361397,184.68029329176795,186.6450958251953,2626917.3284391654
2023-12-22 14:30:00,187.53547043553047,188.36345306195156,185.90910445988217,187.24305725097656,2397735.585557064
2023-12-26 14:30:00,188.10056628344373,191.30731961613205,188.10056628344373,190.5516357421875,1934198.006372842
2023-12-27 14:30:00,191.42233452264625,191.7476107065941,189.98652901913687,191.04119873046875,1904675.0675155648
2023-12-28 14:30:00,191.48476739953148,191.84947923341943,190.43337638349212,190.6830902099609,1068298.0087314902
2023-12-29 14:30:00,190.72247032821576,191.10360607079025,188.2648434096297,189.28338623046875,1473399.3611141297
2024-01-02 14:30:00,186.07995464572232,186.07995464572232,180.91498626362943,182.46578979492188,3304115.07441246
2024-01-03 14:30:00,179.239287111752,180.25453600095932,177.83962374061446,178.5460205078125,4128927.474380388
2024-01-04 14:30:00,175.72701172765596,178.845042609097,175.33274578296346,177.04454040527344,3791393.120999939
2024-01-05 14:30:00,177.37637923566635,179.59086506933886,176.81782832519482,178.02691650390625,3945398.714229978
2024-01-08 14:30:00,179.25245035520985,184.3056987237535,179.20316335712448,183.8260040283203,3248722.351918339
2024-01-09 14:30:00,181.7527981585935,185.3012518775289,181.48010280667543,183.8884429931641,2986973.710101132
2024-01-10 14:30:00,184.30571886489932,184.34513944350743,180.95439815250063,183.270751953125,2862795.493984097
2024-01-11 14:30:00,183.5303082828237,185.1435288312908,180.35312410642135,183.94757080078125,3745739.5113871302
2024-01-12 14:30:00,184.19399558377987,185.0876891088328,182.24892622272387,183.1360321044922,2310080.6165437554
2024-01-16 14:30:00,183.3627393129477,186.98675509716588,182.4197738771909,185.7316436767578,4211712.42610463
2024-01-17 14:30:00,183.83585469207733,184.24655962080715,180.90838449257436,184.0297088623047,5043219.934611719
2024-01-18 14:30:00,189.1388352794473,190.35449611790656,187.09189807861355,190.10479736328125,3603603.994892568
2024-01-19 14:30:00,192.49998169844525,197.79637144123552,191.52087446235944,197.54010009765625,5404188.855728895
2024-01-22 14:30:00,199.17633635156844,200.7764116917214,196.3704215182357,198.18736267089844,5365230.861798526
2024-01-23 14:30:00,198.25965093558364,199.73817075911845,196.3769987506151,199.5016021728516,3329681.429789827
2024-01-24 14:30:00,201.8048168053007,205.09698410219676,200.22444414831023,202.4060821533203,6375091.875745624
2024-01-25 14:30:00,206.1319521574001,206.2666679627877,200.82571060639452,201.84425354003903,3973703.7653806503
2024-01-26 14:30:00,197.71424584751105,199.0580498748011,195.7231682674609,196.40328979492188,5865291.647794202
2024-01-29 14:30:00,196.79096479846996,198.4469146728516,195.35188072220737,198.4469146728516,3517775.26750584
2024-01-30 14:30:00,197.2608435170364,198.4699468880154,194.56664758651925,195.3814849853516,3103542.8243352487
2024-01-31 14:30:00,192.34556714014585,196.07472962658903,190.83419937738515,192.5525665283203,6669102.486012302
2024-02-01 14:30:00,193.3312499757912,193.9850810839258,190.9721968961124,193.50538635253903,3514427.036347001
2024-02-02 14:30:00,193.4988207893496,196.42958514795765,192.97313285866025,195.9761657714844,4870952.476265415
2024-02-05 14:30:00,197.64854794326223,199.6429044367074,195.4701886342968,198.6539306640625,4803993.422220966
2024-02-06 14:30:00,199.2157844900033,199.3702030769432,194.1329659256157,196.3376007080078,3676649.639419854
2024-02-07 14:30:00,197.72738614051767,199.5278882694955,195.67059762188984,199.34060668945312,4909606.243653353
2024-02-08 14:30:00,199.96815941856607,204.2328611361804,199.8925820072588,202.7674865722656,2801010.9068244365
2024-02-09 14:30:00,204.00287510401876,207.1340511671585,202.8036382514232,206.8054962158203,3569820.2026457945
2024-02-12 14:30:00,206.82849849491157,210.25210284717144,205.59969241491305,206.43093872070312,4362369.4737201575
2024-02-13 14:30:00,200.4445968162861,204.37745019815213,199.4687682495112,202.18923950195312,6646579.336522806
2024-02-14 14:30:00,204.78158685958832,206.8613722028612,203.89118707865603,206.7562255859375,3283418.645789483
2024-02-15 14:30:00,208.10004949738288,208.35304209979108,205.64242211427225,206.55909729003903,2886839.5576675194
2024-02-16 14:30:00,208.1098598729576,209.7033775557989,204.7815511557419,205.38938903808597,4162710.849841821
2024-02-20 14:30:00,203.4640384801565,204.19344700390545,198.82149468034072,201.93295288085935,5628196.463591398
2024-02-21 14:30:00,199.64947595163235,201.51898305024903,198.594791190704,201.46969604492188,4536462.389039042
2024-02-22 14:30:00,209.40113805932623,212.5388870271153,208.4745964631855,211.39878845214844,6773496.54477394
2024-02-23 14:30:00,212.4632934239316,213.55739865259744,208.00473753567903,209.11854553222656,5179267.923630806
2024-02-26 14:30:00,211.22789320174292,212.1248654416189,209.71323168792304,211.1819000244141,3813611.6301013217
2024-02-27 14:30:00,212.2004703146156,212.74258224993343,210.4262434127797,210.97164916992188,4627161.221750992
2024-02-28 14:30:00,208.6355833251004,209.71324958514387,207.62033423386137,208.5994415283203,2966277.396252575
2024-02-29 14:30:00,211.18519112773092,214.68107889627427,210.5247874190426,214.2506561279297,3431945.908374475
2024-03-01 14:30:00,216.7279858624487,224.3308625349228,216.48156591194052,223.36817932128903,6211956.446072888
2024-03-04 14:30:00,225.84553477969504,228.03046646633527,224.31772800577716,225.5629730224609,7434868.439136965
2024-03-05 14:30:00,222.8359345470186,224.38344412430212,218.71578486326956,221.14056396484372,7365474.542023594
2024-03-06 14:30:00,225.74696847657077,228.9570004839822,224.05817059084671,226.57493591308597,5612065.81005959
2024-03-07 14:30:00,229.4564189915237,235.2916572779049,229.31842440611965,234.34539794921875,4869329.24642826
2024-03-08 14:30:00,235.13392592137512,236.5730100473548,224.7054315387887,224.86314392089844,10635299.318005588
2024-03-11 13:30:00,222.2708223490617,223.54234283036328,219.3335003935992,221.8765563964844,4565173.643918376
2024-03-12 13:30:00,224.7152847059212,226.59793680156037,220.78243178770737,226.4796600341797,3650678.313669512
2024-03-13 13:30:00,223.79860150286976,224.11401121778997,219.61931373814645,220.9598388671875,3312028.917898595
2024-03-14 13:30:00,220.36844909570183,221.62025166376992,214.9964819343177,217.1846923828125,4729831.949280482
2024-03-15 13:30:00,214.28680929750112,218.1999597960091,213.99111735275304,215.62733459472656,4164942.2933175615
2024-03-18 13:30:00,219.3137590036909,220.14172643925104,215.2428965517664,215.45974731445312,3188966.589133288
2024-03-19 13:30:00,212.66042884336392,214.5726501696519,209.60481527492507,213.6559600830078,3610401.470437733
2024-03-20 13:30:00,214.16851799789944,217.8648174594431,212.44357824917907,217.29312133789065,3435801.1660387167
2024-03-21 13:30:00,224.34299083874376,226.2275663908069,221.76773748257676,222.18214416503903,4114577.873485957
2024-03-22 13:30:00,221.17575829398672,224.07662044040413,220.4752039097617,222.44857788085935,2694775.586323318
2024-03-25 13:30:00,219.29115573585588,223.59311106927785,218.7583514532657,221.5802764892578,2314310.731306061
2024-03-26 13:30:00,223.1787274723405,223.85954388846724,219.86345866102863,219.9127960205078,4473759.30531102
2024-03-27 13:30:00,222.3893435186372,222.75441282712137,218.45245765562908,222.67547607421875,4217853.00329056
2024-03-28 13:30:00,222.41897950299392,223.97794675403907,221.91577455807345,222.91232299804688,1818509.839485592
2024-04-01 13:30:00,223.05045117146116,228.3686932693952,223.05045117146116,225.26063537597656,3041390.1568488814
2024-04-02 13:30:00,221.55068055730385,222.26109636392405,219.4391710919737,221.78749084472656,2415659.8059245003
2024-04-03 13:30:00,219.2122473757541,223.96808590758909,219.18264797042303,222.40911865234372,1885704.3962720684
2024-04-04 13:30:00,225.46783237826472,226.11904938686283,215.6503001126316,216.11404418945312,3794516.541048135
2024-04-05 13:30:00,217.07110844776332,220.0311690175056,215.67001491809629,218.67941284179688,2461064.504715319
2024-04-08 13:30:00,219.971974998844,221.1263968394716,218.363670569834,219.2418212890625,1892089.6198711155
2024-04-09 13:30:00,221.45199384294693,222.30054511632443,217.8209784909434,221.59999084472656,3212873.541540988
2024-04-10 13:30:00,217.89992732244255,220.45544273246944,216.31136084081697,217.5545959472656,3659215.570081706
2024-04-11 13:30:00,218.9260899473264,222.8629609664211,217.13031259741533,222.46829223632807,2488428.7483499297
2024-04-12 13:30:00,218.5412918079091,218.80768643682435,214.74254113535736,215.1668243408203,3253716.9875442274
2024-04-15 13:30:00,218.10716172975145,218.90637578120544,211.38782574972143,212.44357299804688,3213582.461565291
2024-04-16 13:30:00,212.5323583233517,215.0977503590676,211.6542075594328,214.05186462402344,2485388.150771348
2024-04-17 13:30:00,214.20973883894845,214.54520878228425,207.10558088802688,207.55946350097656,4863346.059497228
2024-04-18 13:30:00,206.079458301198,207.43121474474984,203.22793332289143,203.879150390625,5445191.551499302
2024-04-19 13:30:00,202.07349208989305,203.375911046034,194.8015989687003,195.7488250732422,6493042.140172014
2024-04-22 13:30:00,197.771536724532,200.40598910176325,195.38375608736712,198.9752960205078,4554433.352185518
2024-04-23 13:30:00,200.34677746373416,204.106052132715,199.80409665920936,203.1292266845703,3694586.4091019137
2024-04-24 13:30:00,208.56588947602148,209.6709740272046,203.98766269242984,205.76368713378903,4132617.802822692
2024-04-25 13:30:00,205.27035152208157,210.98327753480888,204.1751283783122,209.58218383789065,3955560.478051322
2024-04-26 13:30:00,209.32561227177064,214.92014004219695,208.84214534380183,214.0123748779297,3864042.5218467913
2024-04-29 13:30:00,213.63746853511532,215.8476377285958,212.1081007092097,215.64044189453125,3291114.6845872398
2024-04-30 13:30:00,214.70306873973783,217.0711112033337,211.08191468114936,211.14112854003903,3631851.31190268
2024-05-01 13:30:00,207.21411779255155,210.99313056015592,202.8529633466717,204.00738525390625,7117961.889532162
2024-05-02 13:30:00,207.5002815755088,209.33552001953095,203.7706058756652,208.5955047607422,4008870.0398631655
2024-05-03 13:30:00,212.9763822655872,214.51561148484933,211.62461091839583,213.2921142578125,3513880.497924213
2024-05-06 13:30:00,215.1075914113173,217.7420434532692,214.26891663521627,217.72232055664065,2474442.6642324254
2024-05-07 13:30:00,218.03806244406687,218.62021914533767,215.7982940673828,215.7982940673828,2898082.52146341
2024-05-08 13:30:00,213.7163723003901,216.21268876299135,213.4894234905928,216.00547790527344,3255338.8966691825
2024-05-09 13:30:00,216.015347981238,216.4198932089688,214.17024836274624,215.1964111328125,1899589.49263113
2024-05-10 13:30:00,217.55459408156955,219.4588925200446,216.35083489187096,217.30792236328125,3120746.899327683
2024-05-13 13:30:00,218.2551384921897,219.12342777890692,217.3967257100516,217.7617950439453,1868069.8067028103
2024-05-14 13:30:00,217.5940604939126,221.57040748990707,217.3868646764166,221.3829345703125,2178401.277591313
2024-05-15 13:30:00,223.7312643078022,227.74708739221003,222.4979056291484,227.5990753173828,3148110.981176974
2024-05-16 13:30:00,227.5497239813733,229.3455013338948,226.4051786401812,226.48410034179688,2917237.526509376
2024-05-17 13:30:00,227.9246972359892,228.31936601413827,223.4056689646324,225.20144653320312,1830469.0323577756
2024-05-20 13:30:00,226.21771559537663,231.59515632751877,225.80330889339857,230.1545867919922,2589777.906542492
2024-05-21 13:30:00,227.11558375294348,229.7895118804036,227.00706264720355,229.41456604003903,2208096.607709004
2024-05-22 13:30:00,231.54581183398147,232.7101101989728,229.7105736071269,232.1082305908203,3535569.406884093
2024-05-23 13:30:00,237.6237958792981,237.71259408243816,229.06922269693936,230.8057861328125,4768280.838297384
2024-05-24 13:30:00,232.89756280953048,236.1635090049376,231.87141508639863,235.38401794433597,2483158.6066159056
2024-05-28 13:30:00,238.13688472460188,240.386529608575,235.67016752238163,239.36036682128903,2862306.2236907254
2024-05-29 13:30:00,234.95974927130655,235.9957584407318,234.10132145619997,234.4170684814453,2088909.9285564432
2024-05-30 13:30:00,234.4861500168272,235.15710497855025,231.5655650464514,232.7890472412109,1557535.532882894
2024-05-31 13:30:00,233.627734608594,234.20001484576235,224.47128092519608,230.8946075439453,3031356.604708633
2024-06-03 13:30:00,234.6341215567977,234.7821185529661,227.13529593425736,231.2695159912109,1840401.6546125256
2024-06-04 13:30:00,230.88474457012543,231.23995247169003,227.7174728598707,229.4639129638672,2277216.7168468297
2024-06-05 13:30:00,233.54878389531683,239.65637815445652,232.719970520918,239.49850463867188,3799989.679910019
2024-06-06 13:30:00,239.73532657749004,239.73532657749004,235.75897942101932,237.53501892089844,2291811.021780236
2024-06-07 13:30:00,237.6336603592789,238.33421465616243,235.17681970718368,236.8245849609375,2080295.2567230929
2024-06-10 13:30:00,234.98937376715617,240.9193570716119,234.66376525846812,240.2385406494141,1848914.645439647
2024-06-11 13:30:00,238.98383144680903,240.77202412552023,236.61277005242044,240.4361114501953,1682381.512679171
2024-06-12 13:30:00,244.7139255284317,248.1322211914797,244.19031598703103,247.2134246826172,3139446.637030095
2024-06-13 13:30:00,249.02137969953645,251.01703254330133,246.50211728448724,249.9006500244141,3511734.4405726665
2024-06-14 13:30:00,247.77654507807583,249.7326714523556,246.7194369649294,249.0015869140625,2598930.773018809
2024-06-17 13:30:00,250.6712221197851,253.40783335198813,247.59871328394672,252.93360900878903,3095213.512640399
2024-06-18 13:30:00,253.90175394861188,257.5077455914878,253.39789257109007,256.1542663574219,3108980.0984981167
2024-06-20 13:30:00,256.5297364409507,256.98418258233585,247.79630850166367,249.19918823242188,3969351.5398568586
2024-06-21 13:30:00,247.12452060713863,249.64378295322493,243.96310014776293,246.76885986328125,3195320.1087987544
2024-06-24 13:30:00,244.54595221776069,246.03774329899855,239.59635466060828,239.7247772216797,4006600.744287154
2024-06-25 13:30:00,241.65128019267817,243.5481322119577,238.87514291657763,243.40982055664065,2582938.087798564
2024-06-26 13:30:00,243.2418953548123,244.67441229698116,239.7840885617227,242.4614105224609,1957396.8139360528
2024-06-27 13:30:00,241.9871942248744,243.7753718454848,239.7741925145117,241.2165985107422,2392441.4332128214
2024-06-28 13:30:00,242.88623409917847,248.42860500710785,241.72045140111237,243.6568298339844,3898294.738761699
2024-07-01 13:30:00,243.5184890638674,243.9334240195729,239.05297489914628,243.64691162109372,2358836.534381653
2024-07-02 13:30:00,242.24406940085757,247.15415641396828,242.04648344974447,247.0751190185547,1637135.9515424443
2024-07-03 13:30:00,247.69752151768287,252.49893384975613,246.37367910334711,251.19483947753903,1409188.0433876058
2024-07-05 13:30:00,253.19049257540917,253.7338501564748,250.226658170289,251.68881225585935,1846155.773935084
2024-07-08 13:30:00,253.6153157945758,256.76686230033107,253.59556775132248,256.4606018066406,2323510.248341772
2024-07-09 13:30:00,257.6065478299846,258.92050084836075,254.03019329383855,256.34197998046875,2403677.352986626
2024-07-10 13:30:00,258.71307372148846,262.7932901557501,257.4386166167928,262.2894287109375,3113332.1536295624
2024-07-11 13:30:00,263.9294653846162,264.01837680474995,252.8842489992989,253.66473388671875,4746823.586185224
2024-07-12 13:30:00,254.73165331887185,261.23234621356846,253.46708533125388,256.7569580078125,2965246.9939663005
2024-07-15 13:30:00,258.1993656510669,260.4518784681758,255.47262850152623,257.04345703125,3241274.382818065
2024-07-16 13:30:00,258.37718843862325,258.97985041203805,254.4846837240458,258.6340637207031,2626766.3331021024
2024-07-17 13:30:00,249.70305385680533,250.60208726313405,239.85324277167916,240.2385406494141,9212660.255726002
2024-07-18 13:30:00,244.42739701445288,244.5360715322988,236.76093664606424,240.95970153808597,5338355.582278734
2024-07-19 13:30:00,240.6238224870338,240.76213414995357,233.19447369701723,233.58966064453125,5044310.389918511
2024-07-22 13:30:00,238.6084145772756,243.46910082292007,236.61276200868969,243.27151489257807,5002000.483627905
2024-07-23 13:30:00,239.96191697451184,242.1255185445199,238.9245718974727,239.64578247070312,2448213.653778
2024-07-24 13:30:00,236.3756465536075,236.99805654660983,226.58512590680263,226.90126037597656,5808928.299066031
2024-07-25 13:30:00,224.9648959538771,229.262446386142,217.9702456165387,221.84298706054688,8540558.936994513
2024-07-26 13:30:00,226.90126008565036,228.4227033833004,224.1745381087995,226.60487365722656,3851936.20212599
2024-07-29 13:30:00,228.8080132110135,231.9990705755282,225.28104317009667,226.13067626953125,2962513.805137756
2024-07-30 13:30:00,227.2273062177732,227.78055289919837,217.1700352915365,217.92086791992188,8182137.221739318
2024-07-31 13:30:00,227.93863855946077,232.75981428443723,226.20973506011703,232.5424652099609,7585544.829412628
2024-08-01 13:30:00,228.61041469893524,230.3986074029393,212.9910102322432,215.78689575195312,8680950.82311953
2024-08-02 13:30:00,206.53972441430656,208.90091173398972,201.74820148223063,204.3168487548828,13265316.876808098
2024-08-05 13:30:00,190.76223572721145,206.1642897579694,190.54488669038923,200.7108459472656,9359936.982964449
2024-08-06 13:30:00,202.58794553694656,207.94260420725544,199.3079768461141,202.52867126464844,6682863.673318582
2024-08-07 13:30:00,208.9503248263929,210.61006485150145,196.4528291586752,196.88751220703125,5357080.68858006
2024-08-08 13:30:00,202.99299216509704,210.68907449684124,198.81399043989427,210.4717254638672,6319382.250288633
2024-08-09 13:30:00,208.9404466169121,211.10403301880544,206.23347249707368,209.22694396972656,3496652.925776791
2024-08-12 13:30:00,209.54310665026023,212.95151333420804,207.76480292281389,210.4322509765625,4418465.305033295
2024-08-13 13:30:00,213.38621000803576,219.30398991261973,212.08211559193185,218.97796630859372,4580620.138583257
2024-08-14 13:30:00,220.9538339859818,221.83310419727016,214.86810587434687,218.42469787597656,3815901.705710382
2024-08-15 13:30:00,223.34467762184863,229.8157036963054,222.3270806570626,228.9265594482422,4384961.796078379
2024-08-16 13:30:00,226.822215177491,229.42051450656632,225.2810238906069,228.44244384765625,4014496.039390018
2024-08-19 13:30:00,227.553343492169,232.36463018038515,224.9155325008457,232.3251190185547,2224618.062101614
2024-08-20 13:30:00,231.12968308534363,232.71040079623972,227.4940534550604,229.25259399414065,2619275.8931765063
2024-08-21 13:30:00,230.398602356838,233.65880798012188,229.8354666120057,232.5029144287109,1854557.1454438383
2024-08-22 13:30:00,233.84650371256024,234.63686247481172,223.88801948780647,224.5598297119141,3005836.3062015106
2024-08-23 13:30:00,228.13620646528528,232.16702297095335,226.93091262940624,230.5764312744141,3495033.401455636
2024-08-26 13:30:00,229.6675285753045,230.3986131533348,223.96708286546448,224.78707885742188,2174412.9861116675
2024-08-27 13:30:00,223.1569748987481,228.027535497377,221.11192193918865,227.27670288085935,2049406.011592229
2024-08-28 13:30:00,226.32825818706596,227.9188498307252,220.9241992217985,223.1767120361328,3522464.2015179843
2024-08-29 13:30:00,224.36226502574613,228.2350067450064,221.50710522143956,222.53456115722656,4134441.613093779
2024-08-30 13:30:00,227.7805363855466,228.95619303576296,224.5400788508335,228.35354614257807,3289354.0245157857
2024-09-03 13:30:00,224.0658769583596,224.0955140954865,209.7209146701288,210.92620849609372,7302331.279654726
2024-09-04 13:30:00,208.5650366424445,214.8681295717973,207.98215280238344,211.61778259277344,4489926.76712538
2024-09-05 13:30:00,208.6539246316583,213.77148618842335,208.31802704034035,210.48162841796875,4036966.710861813
2024-09-06 13:30:00,208.9009218840722,209.0589966677179,200.4144797943833,201.47157287597656,5664587.821101771
2024-09-09 13:30:00,204.74166627666668,206.1642939902903,202.0939666259508,205.45298767089844,4128368.698837475
2024-09-10 13:30:00,205.8283996148832,207.84381528821828,202.48915670782583,207.6165771484375,2419771.013996396
2024-09-11 13:30:00,209.0392044265448,217.68372009547733,204.67249089190477,217.2589111328125,6600977.103329897
2024-09-12 13:30:00,216.0635164922233,218.30615532351857,213.03053391098925,216.30062866210935,4796928.108752311
2024-09-13 13:30:00,218.18762350754568,220.75627104150303,217.6640139493803,220.16351318359372,5332281.517393606
2024-09-16 13:30:00,217.0218187953249,218.33578710589327,214.42351931034207,217.2292938232422,2499937.400254377
2024-09-17 13:30:00,219.9659100449884,220.479645576786,215.5991957118128,217.4960479736328,2332215.2547727376
2024-09-18 13:30:00,218.51360188116823,221.50708819610452,214.87797261491716,215.09532165527344,4728908.401518761
2024-09-19 13:30:00,223.2458931325696,227.2865838456237,221.45771541272532,224.25360107421875,4681131.867562778
2024-09-20 13:30:00,222.00107328553412,222.8507063807232,217.7825449463525,220.97360229492188,4606330.426331778
2024-09-23 13:30:00,222.0405896610862,222.8309485013219,220.26228603926612,221.83311462402344,2484146.933864262
2024-09-24 13:30:00,223.8188923569193,225.87381930309405,221.26999302199607,224.52032470703125,4367349.368384096
2024-09-25 13:30:00,223.79933505191653,227.55277079061463,223.67059980114163,226.06724548339844,2212550.660721649
2024-09-26 13:30:00,235.42607414132965,236.07970896503576,228.0677635663149,234.1485137939453,5591354.906463322
2024-09-27 13:30:00,234.86155927582809,234.89126857485127,229.23637702475216,230.4346923828125,2326045.725083315
2024-09-30 13:30:00,227.5725697093852,229.87018946630656,225.10660734050867,228.36485290527344,2719542.9998785923
2024-10-01 13:30:00,228.2757351899952,228.9689773504756,220.1845753699652,221.9672088623047,3964758.8879594016
2024-10-02 13:30:00,222.4029632380976,227.4339292176751,221.10559171490397,224.9580535888672,1779269.5031781844
2024-10-03 13:30:00,223.1853522477168,228.60256979267447,223.03680574198728,225.76026916503903,2131266.0015443964
2024-10-04 13:30:00,230.24652559568383,230.63276157284128,226.1860836930175,228.85012817382807,2711162.1473294767
2024-10-07 13:30:00,227.3844229042793,230.01874307824465,226.5723284476672,228.2262115478516,2026353.8124706952
2024-10-08 13:30:00,228.22623519051868,231.28641414598928,226.73081160181312,230.47433471679688,2532942.003192984
2024-10-09 13:30:00,230.24652406184916,233.2076614964816,228.65205963106823,232.8808441162109,2038773.753497148
2024-10-10 13:30:00,229.7513418173182,232.5243102093796,228.4242611022096,231.24676513671875,1904780.8073751032
2024-10-11 13:30:00,229.55329769778183,233.9108482424536,229.43446049317475,233.1878967285156,4617456.908389249
2024-10-14 13:30:00,234.6734164328912,237.9712696716145,234.5248548192568,237.4860076904297,2163375.903847388
2024-10-15 13:30:00,236.93139655568348,238.14952311809773,223.5418570967216,225.16603088378903,6483766.801719191
2024-10-16 13:30:00,227.89939210254784,227.89939210254784,224.22520117929764,225.16603088378903,3813398.3840049673
2024-10-17 13:30:00,231.0486982443201,231.6131899845877,226.9387359619141,226.9387359619141,2431261.2519202186
2024-10-18 13:30:00,229.06802576040636,229.07792382317828,226.21581208128,227.1467437744141,1659715.7711300647
2024-10-21 13:30:00,226.23562425634591,227.32500051607877,223.79935587673367,226.72088623046875,2054121.664057589
2024-10-22 13:30:00,225.48294018411812,226.6020408148082,224.0964558632554,225.87908935546875,2500529.4564720145
2024-10-23 13:30:00,225.4532291610085,226.30493098346656,220.7193561582788,223.8587646484375,2282020.923455613
2024-10-24 13:30:00,225.8691870771937,226.00783550669212,223.4032095330303,225.1066131591797,2269803.0488279783
2024-10-25 13:30:00,227.2358736485524,230.82095201570277,227.1566438110497,227.3646240234375,2231129.7292828034
2024-10-28 13:30:00,227.2853871123944,229.07791868440952,226.166286470874,227.50326538085935,1523198.4528279465
2024-10-29 13:30:00,227.70133364218825,234.17823290962724,226.6515647674864,233.09873962402344,3165546.651528679
2024-10-30 13:30:00,227.07740893266487,228.51342892714624,224.78970220491567,224.87884521484372,4366535.850603148
2024-10-31 13:30:00,222.7297955820297,222.818938601472,214.47027699641228,216.15386962890625,6180438.854372414
2024-11-01 13:30:00,217.8968680651844,220.61041810157187,217.19371273270232,218.4514617919922,2150855.1970584854
2024-11-04 14:30:00,217.80773794673317,220.3133381511643,216.39154424707957,217.1937255859375,1744534.202172712
2024-11-05 14:30:00,217.2927658569106,219.92710131692624,217.0253670411001,219.72901916503903,2295854.274573736
2024-11-06 14:30:00,224.1757072058897,226.95858928861648,222.14548595362385,226.1365966796875,3679505.921962137
2024-11-07 14:30:00,229.5929131123648,231.15766840826933,229.08783989677164,230.8506622314453,3185337.534431324
2024-11-08 14:30:00,229.5929225366032,230.93979961168395,227.9192280339425,229.12745666503903,1786438.5134699116
2024-11-11 14:30:00,226.96847590368284,226.96847590368284,220.63023998911544,223.3933258056641,4291814.698013463
2024-11-12 14:30:00,222.61092962508053,222.9773543845838,218.02560309812583,220.95704650878903,3291461.759109973
2024-11-13 14:30:00,219.36258809248432,219.9865136076295,215.86665279591605,216.2627868652344,3087291.483425031
2024-11-14 14:30:00,218.3722346329616,219.23383453255343,215.7378992868088,216.1340484619141,2548189.337968187
2024-11-15 14:30:00,212.4994678194965,213.58884406562535,208.5578628064877,209.17189025878903,4794465.224930697
2024-11-18 14:30:00,209.1124484086744,212.26177004911452,208.21124116954417,211.8755340576172,2445902.355922286
2024-11-19 14:30:00,211.2714241901801,212.7371383535362,210.41972235643013,212.28158569335935,2386428.39778305
2024-11-20 14:30:00,211.01395164931455,211.61805084233487,207.626940229252,210.6574249267578,4033926.0632154457
2024-11-21 14:30:00,212.97484392182372,215.1635097136608,208.8648809384437,213.99490356445312,4286765.827099541
2024-11-22 14:30:00,213.53933444468615,214.60891462011065,212.48956550719927,214.0840301513672,2698640.980823453
2024-11-25 14:30:00,216.85701970387925,218.1741874970717,214.7871910766685,216.17367553710935,2814862.4067438226
2024-11-26 14:30:00,217.87706862120817,218.4613716784666,211.70719040921333,213.3709716796875,2811025.5194629664
2024-11-27 14:30:00,212.18255984494843,212.34101952574625,206.8742814305966,210.5088653564453,3152722.7095800648
2024-11-29 14:30:00,212.0537945164656,215.91616962801024,212.0141871548317,213.32144165039065,2529711.033892566
2024-12-02 14:30:00,214.6088912518003,220.3232162950385,214.4306354644129,218.92681884765625,3743120.259377395
2024-12-03 14:30:00,217.5304288812029,218.9268263766077,216.9065184923453,217.6888885498047,1933558.3323934835
2024-12-04 14:30:00,221.9870250466709,222.15539790443765,219.00607593146412,220.57083129882807,2707324.734447432
2024-12-05 14:30:00,220.1845889661008,220.5114063858391,215.7874311173261,216.4014434814453,2445599.2445398546
2024-12-06 14:30:00,216.4905678974792,218.2533901107793,215.8963517105385,217.7086944580078,1840661.9512162984
2024-12-09 14:30:00,216.39150625943736,219.40216404527197,215.2823189349,216.65890502929688,1590144.6685594816
2024-12-10 14:30:00,217.3125317597165,217.4610933529705,210.14240616037637,211.50909423828125,2591608.5678132027
2024-12-11 14:30:00,214.63860506892036,218.10483093774576,213.3214374253812,216.8272857666016,3265410.3997658547
2024-12-12 14:30:00,215.2922537776109,216.0746238752154,213.3808849284926,215.14370727539065,2706315.095600191
2024-12-13 14:30:00,220.15486762737885,222.49209486462505,217.88695705089785,221.1452178955078,3756852.620466484
2024-12-16 14:30:00,221.8483454332257,226.37425315322568,220.2439829263243,225.2452545166016,4820516.969316418
2024-12-17 14:30:00,223.0213900367803,224.35054788586447,220.7598329058293,222.05923461914065,2416848.5504100425
2024-12-18 14:30:00,223.52728899452572,225.32264660003352,212.2194874770032,213.84622192382807,4462091.100825666
2024-12-19 14:30:00,214.3421794757143,214.80837915042864,209.7397101397988,210.2555084228516,3282248.052147768
2024-12-20 14:30:00,209.1048832688333,216.01850837446264,208.5990137984348,213.08245849609372,4719271.325207819
2024-12-23 14:30:00,214.7190995234276,219.807610738731,214.7190995234276,219.5298767089844,3069124.3870659224
2024-12-24 14:30:00,220.97806808290548,221.8707824810618,219.5596417403329,221.79144287109372,1262511.6822301312
2024-12-26 14:30:00,220.1845341053932,223.13051278662363,219.89688639915923,221.7220001220703,1314129.1944344598
2024-12-27 14:30:00,220.39284445512075,220.91855640094863,217.07986328905085,219.8472900390625,1948762.337457364
2024-12-30 14:30:00,216.07800526968907,217.53611643776333,213.9255590538101,215.5225372314453,2587831.5837922585
2024-12-31 14:30:00,216.16727599511412,217.05009180117307,212.903893667728,213.7470245361328,1365545.14886896
2025-01-02 14:30:00,215.91931364081532,218.43877762517056,213.221327965651,215.0662841796875,2428744.615350123
2025-01-03 14:30:00,216.4846798418414,221.2359291568152,216.19703217309112,220.6705474853516,2644590.8339484567
2025-01-06 14:30:00,225.42180857602125,229.9250953923733,225.42180857602125,227.0584716796875,4210556.968970943
2025-01-07 14:30:00,229.82591581676405,230.0143814433448,222.74366756354695,223.96371459960935,3724928.695190781
2025-01-08 14:30:00,223.2296838539343,223.63637119732695,219.3215501616341,221.7318878173828,3167016.444145414
2025-01-10 14:30:00,218.9545682665881,219.0934352827847,215.0265917385888,216.4351043701172,4070927.358300813
2025-01-13 14:30:00,212.1203107515377,216.0780285175196,211.9318451178489,215.77053833007807,2328836.462425087
2025-01-14 14:30:00,217.57579446612323,218.96446451763697,214.3719094105969,217.1889495849609,1504972.967764168
2025-01-15 14:30:00,220.6804956619137,222.8329420872308,219.87704966160763,221.40460205078125,2923849.167882612
2025-01-16 14:30:00,225.4118861048837,225.9475116499274,221.72197415121525,221.7318878173828,3054203.959234269
2025-01-17 14:30:00,226.7311538215822,228.4570854427245,225.52102046687955,227.88177490234372,3816368.339096292
2025-01-21 14:30:00,229.93503190027775,232.68263134577288,227.94129497815956,230.56985473632807,3227606.0809459514
2025-01-22 14:30:00,232.93059508684715,236.41219923816448,232.4247256364275,233.9026641845703,3489323.156687191
2025-01-23 14:30:00,230.15323609138383,233.4761458431672,229.31010521843308,233.4662170410156,2588033.172950167
2025-01-24 14:30:00,233.5753232792627,233.5753232792627,227.8520046380241,228.77447509765625,2248083.5522382366
2025-01-27 14:30:00,217.22863724693687,217.8337039195692,208.0435414129913,210.830810546875,17081764.38901968
2025-01-28 14:30:00,211.89214160875247,213.03284897861687,207.28967259738232,211.7731170654297,9192654.275370218
2025-01-29 14:30:00,213.81644442013192,214.4314247180364,210.43402251092,212.64599609375,2450621.8101534103
2025-01-30 14:30:00,215.2547157972505,218.21062305577328,214.0148263840553,216.97073364257807,4691749.068982828
2025-01-31 14:30:00,218.21063301634797,222.47584068413644,215.711011607344,216.3656768798828,3899339.51194172
2025-02-03 14:30:00,210.6721106318714,215.09604316420757,209.25368426499588,212.46746826171875,3676537.190665965
2025-02-04 14:30:00,211.9913424541953,215.51263156312368,211.7036796224059,214.649658203125,3772816.150456947
2025-02-05 14:30:00,214.08429215145915,219.2521433459777,212.74520537659305,218.8057861328125,2218443.5591063
2025-02-06 14:30:00,217.2782379474529,218.9148860253234,216.117703197357,218.51812744140625,3137073.9239012
2025-02-07 14:30:00,219.0239940408234,220.28372598810307,213.64783508161983,215.1158599853516,3324288.232155964
2025-02-10 14:30:00,216.6830993153688,218.46854333221816,216.65334317636885,217.9229888916016,2720605.176994134
2025-02-11 14:30:00,216.12761629710505,219.38108510986655,216.12761629710505,218.1213531494141,1562336.8167349794
2025-02-12 14:30:00,214.6893508538973,218.4387755212504,214.20330871725156,218.3594207763672,2033951.396232517
2025-02-13 14:30:00,218.17094335201764,221.18636295304572,218.11143108041577,221.03756713867188,2567567.631240216
2025-02-14 14:30:00,221.01772342373755,221.9600363034534,220.12499400976884,221.2657012939453,1578971.5415814046
2025-02-18 14:30:00,222.88252217337947,225.63012140374056,221.66247520524564,224.9258575439453,3634396.636844783
2025-02-19 14:30:00,225.31272381557525,229.7465700738082,224.42992305808423,228.66539001464844,2657192.3181889006
2025-02-20 14:30:00,230.123489804538,231.5518449215357,226.89977712408648,229.20101928710935,2663846.270194671
2025-02-21 14:30:00,229.88542105854592,229.97470460313215,221.32523446261905,222.16835021972656,2971030.962584199
2025-02-24 14:30:00,223.15036015026007,223.5173626092823,216.7723605121628,216.95091247558597,3400302.9150670324
2025-02-25 14:30:00,216.68308189238343,217.4468580478332,211.8524773351169,212.47738647460935,3542856.1038133223
2025-02-26 14:30:00,215.19520245827675,218.0221563604687,213.8362885114821,216.1772003173828,2583496.5455949577
2025-02-27 14:30:00,217.4071642484212,217.72458320645552,203.2625111252904,203.58984375,4384564.369999425
2025-02-28 14:30:00,203.70888904670443,208.35104340103004,201.47708785250592,206.8334197998047,3752451.1689346433
2025-03-03 14:30:00,209.7992309753436,209.9380980031346,197.707840483488,199.5230255126953,5109124.305072958
2025-03-04 14:30:00,199.17584569475704,205.9406747117833,195.10900221562173,200.6339569091797,5532650.472269335
2025-03-05 14:30:00,202.88560285900263,205.61335990494013,198.947727520863,204.95870971679688,3339107.8628373933
2025-03-06 14:30:00,197.9657083862689,202.0722215858441,195.73390740529604,196.4381561279297,5130195.343407926
2025-03-07 14:30:00,197.19203049154612,202.88559342888357,194.8907882984117,202.20118713378903,3743579.542702361
2025-03-10 13:30:00,197.2118469442485,198.6600292235563,190.010559941088,192.8474273681641,5454922.2691170415
2025-03-11 13:30:00,192.94663681400505,194.7221518093431,187.58039175525332,190.5660400390625,3807395.973652199
2025-03-12 13:30:00,195.10901417945163,197.0829237676917,192.74827479711843,194.49403381347656,3168629.050832626
2025-03-13 13:30:00,194.4841128512583,197.62847077749623,191.6174738242138,193.5219573974609,2524620.161220186
2025-03-14 13:30:00,196.89445207350195,200.07849496055053,196.7159152509569,199.4932556152344,3726945.032082785
2025-03-17 13:30:00,198.68980776897868,204.591678690456,198.59062569140133,202.78640747070312,2765468.246573879
2025-03-18 13:30:00,200.73152053970952,201.66511174650137,198.81467611741448,200.09588623046875,2487767.68175414
2025-03-19 13:30:00,200.12568123081803,205.0220491846824,198.63591189163083,201.7247009277344,2346806.252508466
2025-03-20 13:30:00,199.15235261171156,202.33052390142885,198.99344025854663,200.11573791503903,2281460.75967696
2025-03-21 13:30:00,196.5899606387249,198.7749525965192,195.03066148613428,198.0201416015625,2893132.4934763755
2025-03-24 13:30:00,202.18155350315405,205.25047445140936,201.9431849728631,203.89974975585935,3974105.475928875
2025-03-25 13:30:00,203.6514830975954,204.30698528066284,202.1716400154676,202.7973480224609,1428845.2748036252
2025-03-26 13:30:00,201.8339667953398,202.6682340522615,195.1002100771372,197.11636352539065,3619989.647875581
2025-03-27 13:30:00,194.53407979489057,195.696098086775,192.0610723357716,193.23301696777344,3570250.6029705806
2025-03-28 13:30:00,191.9716705622648,192.91520326842175,186.16157922673636,187.3931121826172,4150608.97782305
2025-03-31 13:30:00,183.4402773587348,187.01573014180715,180.87787205665276,186.88661193847656,3869390.618528175
2025-04-01 13:30:00,186.1715016410729,187.05543082500472,182.546402383926,186.9859161376953,3130149.058131308
2025-04-02 13:30:00,184.1255668878225,190.71035253718824,183.470064709528,188.1876678466797,2803923.860366606
2025-04-03 13:30:00,178.52403001760996,179.90454903158522,168.83060274467482,169.1980743408203,10051153.056666937
2025-04-04 13:30:00,162.8019939763855,164.63938225045325,153.5554945657877,156.55490112304688,14084462.028880753
2025-04-07 13:30:00,150.9930753405311,169.25764539676425,147.29844645745186,160.17005920410156,18814826.87720809
2025-04-08 13:30:00,166.49662079286864,168.69155428802566,150.0793638823254,153.8037872314453,11099000.066619145
2025-04-09 13:30:00,155.03531287474195,184.2943699787916,153.8832211152342,182.3675994873047,23701155.727292057
2025-04-10 13:30:00,173.36940628518047,174.45196827301325,161.2824139240952,167.45999145507812,14598569.94860341
2025-04-11 13:30:00,165.84111162542183,171.92930691854954,163.2985744848155,171.08509826660156,9958823.982510887
2025-04-14 13:30:00,176.33903523033345,176.33903523033345,169.62513165540395,172.2173309326172,5696250.895061196
2025-04-15 13:30:00,173.13104443985674,175.42528648419662,172.06833518207353,172.92247009277344,3223083.284981876
2025-04-16 13:30:00,165.19555365227797,168.42338713667382,160.72624575080675,166.24832153320312,10275080.843027923
2025-04-17 13:30:00,167.4202740561601,167.5990390902592,163.68590947133794,165.41404724121094,4954794.219033584
2025-04-21 13:30:00,162.02730550606412,162.78211648192988,159.1669436527342,162.52389526367188,4802455.071745196
2025-04-22 13:30:00,164.10305345066843,166.87403289274337,163.49721331658935,165.68222045898438,5030308.950972311
2025-04-23 13:30:00,174.05471148925844,175.9318201824404,171.1744969330633,171.88958740234375,7374094.840743275
2025-04-24 13:30:00,176.5873368937174,182.3080459658568,175.33592089173328,181.7816619873047,6920601.230378663
2025-04-25 13:30:00,179.96415086048094,184.8505929555229,179.42784051364904,183.54953002929688,4253913.145736066
2025-04-28 13:30:00,182.6357836941812,184.49302457114783,179.20931733670608,183.2217559814453,2895146.2498191777
2025-04-29 13:30:00,180.99705018156723,183.2813510673932,180.01379695217153,181.26519775390625,3551220.8554205955
2025-04-30 13:30:00,176.78595580495508,183.12244603668705,175.56434923007305,182.58612060546875,3605088.408171711
2025-05-01 13:30:00,184.73139593778265,186.07219438954053,182.21865289358692,182.33782958984372,4025052.678378657
2025-05-02 13:30:00,186.66810186004315,190.5613640541009,186.54892515814603,188.73391723632807,4612861.583947955
2025-05-05 13:30:00,186.90644620618932,189.1609678382332,186.64820984590764,187.2838592529297,3346021.6531181983
2025-05-06 13:30:00,183.99644391722236,186.96605632328797,183.0132058299997,185.49615478515625,2864134.594966585
2025-05-07 13:30:00,185.30742770395756,189.28014559194963,183.54949579520053,188.7438201904297,3021709.655317933
2025-05-08 13:30:00,191.19698831305948,193.70973134376013,189.17090871398904,190.4322509765625,3481445.0472221207
2025-05-09 13:30:00,193.15355883572863,194.29572443586537,190.96856680921684,192.61724853515625,2827786.7169163465
2025-05-12 13:30:00,205.38954569154444,207.96187723570296,203.59189302821576,206.4522399902344,10748911.806323906
2025-05-13 13:30:00,207.276546909363,213.35481541119003,206.98853153870917,212.30203247070312,5732700.203386283
2025-05-14 13:30:00,213.74219149884013,215.22201942538544,211.75583226989383,213.32504272460935,4191386.874375468
2025-05-15 13:30:00,211.2393316079012,213.53357362535408,209.47147346654293,211.9544219970703,4245859.255794098
2025-05-16 13:30:00,212.10342101368403,212.10342101368403,209.24305907716055,211.6763610839844,2538815.881754462
2025-05-19 13:30:00,206.79985877156764,210.9414159099788,206.7501967603245,210.4051055908203,5371334.618458669
2025-05-20 13:30:00,208.60742913901032,210.1766546700845,207.98173631834476,210.09719848632807,2988382.065999319
2025-05-21 13:30:00,208.319416414319,212.4411055997236,204.9426119121599,206.25360107421875,5042089.177664394
2025-05-22 13:30:00,206.11455335483217,208.04132413047785,204.1778562392616,204.34669494628903,5434364.746108984
2025-05-23 13:30:00,199.1026947698477,202.27093978675245,198.5663693553817,201.17843627929688,9592928.608214386
2025-05-27 13:30:00,205.54845372953943,208.7961400634605,203.8699778049109,207.862548828125,6099199.064370071
2025-05-28 13:30:00,208.40878023726532,209.0245618253648,206.33303874335695,206.8197021484375,6815686.467687797
2025-05-29 13:30:00,211.57702424467485,211.7160687662334,206.33303778201469,207.6638946533203,8659461.999913149
2025-05-30 13:30:00,206.40258304627983,206.4522299004128,199.74826788298853,203.54222106933597,10855036.142934475
2025-06-02 13:30:00,203.02578115469936,207.4057070250385,202.89666295137604,206.6111602783203,6076342.816825621
2025-06-03 13:30:00,206.73031631771852,212.67946725049495,205.3001505022732,212.1630096435547,8966253.92764764
2025-06-04 13:30:00,213.9209328417733,216.13571889321543,212.0835446967875,215.32131958007807,7389902.799692842
2025-06-05 13:30:00,216.9799312286115,218.77758373739175,212.94762479692864,214.4175262451172,11016739.436781792
2025-06-06 13:30:00,216.5131529303629,218.72793919637544,215.7285477139665,215.85765075683597,7634168.0753761
2025-06-09 13:30:00,217.8340768616808,222.87943089480493,217.6354439786653,220.94273376464844,7764960.370250689
2025-06-10 13:30:00,222.0153744874943,226.5244186297077,221.46913779836996,225.7696075439453,7728913.821505042
2025-06-11 13:30:00,227.3387917467635,228.23266242992923,222.74038075946768,225.01475524902344,10477058.306628248
2025-06-12 13:30:00,223.40581777423472,226.4449448727724,223.06814035322336,225.32264709472656,5184560.868248216
2025-06-13 13:30:00,220.47593086400505,223.0482622275825,218.7974550217989,219.4529571533203,10556600.90637863
2025-06-16 13:30:00,222.55151207781225,227.51834103245835,222.2031467976877,226.38363647460935,5799436.01285983
2025-06-17 13:30:00,225.3982000682336,228.5733858407933,224.43270423181525,224.5919647216797,7324018.014575722
2025-06-18 13:30:00,225.7963672452391,228.1254951193718,224.054495382565,225.50770568847656,6688666.514259917
2025-06-20 13:30:00,227.72735368102715,228.01601525023025,221.12815775324336,224.064453125,8240574.22877432
2025-06-23 13:30:00,223.9748617893075,226.8315267413254,220.82953528483517,225.4579315185547,7148301.463871782
2025-06-24 13:30:00,229.4990830054647,234.2668282969155,229.38959331294703,234.00804138183597,7050246.150043124
2025-06-25 13:30:00,235.560782154015,236.13809003392643,233.70942074185632,236.1082305908203,5277010.281034348
2025-06-26 13:30:00,237.92972009519832,238.53688742516525,236.07835866184976,237.9595947265625,4370399.269069672
2025-06-27 13:30:00,238.19847141697844,240.10955174639173,235.2721244417181,237.7505645751953,4541594.400368238
2025-06-30 13:30:00,239.05448210915225,239.05448210915225,236.45660415200095,237.59130859375,4948283.259718971
2025-07-01 13:30:00,235.6006170297344,238.06909413650456,232.99279077632195,236.51634216308597,10943729.389435776
2025-07-02 13:30:00,235.9888026511447,241.99079435848827,235.8992243123289,241.01535034179688,6006899.785833427
2025-07-03 13:30:00,242.02062738343187,243.0657534526068,241.5727205503329,242.20974731445312,3083723.0666437014
2025-07-07 13:30:00,240.16928062169467,241.00539064076705,236.64572944015876,237.6709442138672,4881874.702463783
2025-07-08 13:30:00,239.9403385180301,244.2601767368427,238.99475405083984,242.20974731445312,7310153.703496742
2025-07-09 13:30:00,242.8766553226865,245.38495507627323,240.75655873893635,242.98614501953125,4435903.184332915
2025-07-10 13:30:00,245.2754603962121,246.3703573424148,243.1354524961727,245.4048614501953,4891218.058046045
2025-07-11 13:30:00,243.8720259137474,245.92247083618676,242.9264413026133,245.02664184570312,2661963.7041720967
2025-07-14 13:30:00,243.01600031809235,243.603271511829,239.2336621743676,242.69749450683597,5548370.290548073
2025-07-15 13:30:00,247.63445883927412,248.79903800174256,244.9569656191756,245.1162109375,6070294.196858105
2025-07-16 13:30:00,243.14541243614963,244.5289558149402,238.1089166139036,244.44932556152344,8387858.365800094
2025-07-17 13:30:00,244.39952628683585,245.9821527087819,242.7771075246933,245.3849334716797,4823503.873663398
2025-07-18 13:30:00,246.79834960316185,247.21639701678487,243.74261665551836,245.58401489257807,3776038.474440548
2025-07-21 13:30:00,246.21109310160733,249.0279504859227,245.8029937744141,245.8029937744141,4694403.994116313
2025-07-22 13:30:00,244.8972170434122,245.3550871747788,239.5720751769126,242.4088287353516,6903062.49404762
2025-07-23 13:30:00,240.5972975461916,241.2741318971678,237.94964865766565,240.9357147216797,5980376.728837173
2025-07-24 13:30:00,240.46789350285303,240.96557117400656,238.3477969515228,240.4380340576172,4186243.668861262
2025-07-25 13:30:00,238.98482241092844,240.54752239179192,237.98946707425304,240.41812133789065,3527785.375349977
2025-07-28 13:30:00,243.0757409598288,244.85742038482329,242.7771313120199,244.60858154296875,6463018.345586098
2025-07-29 13:30:00,246.1414210934564,248.37102257476903,243.36438631269465,245.04653930664065,5324430.043494857
2025-07-30 13:30:00,247.2064544396636,248.34115892704403,244.72801415947492,246.79835510253903,5325233.866644342
2025-07-31 13:30:00,243.90187076056293,244.1507096005924,236.55615853067803,238.91514587402344,9463253.404177144
2025-08-01 13:30:00,234.4161316192268,238.4970946051669,231.2509089152176,236.1381072998047,8588892.450069778
2025-08-04 13:30:00,237.65103460419056,239.7412868853838,236.66564254161648,239.28341674804688,6218382.295121734
2025-08-05 13:30:00,240.6370954326844,241.32389302994676,234.78441650958277,237.6211700439453,5173730.348902611
2025-08-06 13:30:00,235.46126743508287,236.35709639429385,232.58469098007728,235.8295440673828,4989675.120128499
2025-08-07 13:30:00,240.91579787252508,242.23962228662373,237.78043465191885,239.72137451171875,6101740.559171707
2025-08-08 13:30:00,239.89058184401344,242.05050108061576,239.17392479368527,241.741943359375,5326037.704597672
2025-08-11 13:30:00,242.64772007076616,245.365035857161,240.82621800228532,241.2840881347656,4147162.217998919
2025-08-12 13:30:00,243.10559092851787,249.2170720386958,241.58269849077067,248.9980926513672,10138590.420814276
2025-08-13 13:30:00,250.95894906169764,252.91980031471573,249.8740001882189,252.7008209228516,6050502.470955711
2025-08-14 13:30:00,249.19716794847247,253.8753350918384,248.8886102176681,252.9596099853516,5340504.73446644
2025-08-15 13:30:00,251.0186614773756,251.09829172581,246.4698803585296,247.1666412353516,6872018.301535475
2025-08-18 13:30:00,246.39025323382904,248.1818958765257,246.33053434372536,247.89324951171875,5001429.960817268
2025-08-19 13:30:00,247.9131587894704,248.8786394845688,243.58335703830156,244.0113525390625,3524369.5411720504
2025-08-20 13:30:00,243.5037238653605,243.5037238653605,235.9987514664322,242.60791015625,9467071.557079094
2025-08-21 13:30:00,241.34381892236823,242.9861492154822,239.88064530650263,241.2343292236328,4602476.780022535
2025-08-22 13:30:00,241.99078705687984,250.81959931088892,241.3139527112477,247.9330596923828,6558160.380516626
2025-08-25 13:30:00,247.69417575749765,248.47055168673683,246.1215125401392,247.35574340820312,3671251.814954882
2025-08-26 13:30:00,248.41082195805328,250.44134002563032,248.35108788401965,249.68487548828125,3779555.01355835
2025-08-27 13:30:00,248.71939713122345,250.4911284207624,247.66432290126392,250.172607421875,4214977.137196291
2025-08-28 13:30:00,251.14807142146117,253.138782139052,249.73465344660423,251.3769989013672,5083812.484943922
2025-08-29 13:30:00,247.78376936419977,247.78376936419977,243.03591997510088,244.1805877685547,8713068.94197756
2025-09-02 13:30:00,237.5614514195326,241.80165959754927,237.0438624026561,241.7021331787109,6690274.210355166
2025-09-03 13:30:00,242.10026837134205,242.28938831075604,238.1188471219245,240.55746459960935,5498840.396052717
2025-09-04 13:30:00,238.9450080058651,243.3842996445776,237.6410948995199,243.03591918945312,11897459.280750483
2025-09-05 13:30:00,246.6988294313853,247.3458043333478,242.9961063164724,245.9025421142578,17185319.805430423
2025-09-08 13:30:00,247.256224568324,248.7592056696286,246.41016645103025,247.69418334960935,10338518.867008612
2025-09-09 13:30:00,247.95296904670903,248.5203136920869,246.0816961497016,247.9031982421875,9348621.17840895
2025-09-10 13:30:00,251.85476446276297,253.02929168032276,250.69020051902837,252.27281188964844,13460921.189544445
2025-09-11 13:30:00,253.6264903373905,255.31860655626417,253.43737039378107,254.00473022460935,10334198.897759246
2025-09-12 13:30:00,254.62186057174472,255.2091166083264,252.9795302489877,254.45265197753903,7177536.840137711
2025-09-15 13:30:00,254.0146852699693,256.6424228173583,253.34779900017588,256.60260009765625,7272980.363100792
2025-09-16 13:30:00,257.6309888941719,258.3890290766643,255.9253299942088,257.92022705078125,7562595.749136548
2025-09-17 13:30:00,257.28187036168976,260.0747140057405,254.17980489575257,257.870361328125,6583698.259233013
2025-09-18 13:30:00,264.3836931445475,268.2937046013745,263.46605758408083,266.8872985839844,12633835.41362434
2025-09-19 13:30:00,266.61796888406894,266.7177198208928,262.9274277392849,265.181640625,5854036.63997076
2025-09-22 13:30:00,265.969631148368,269.96940929454223,265.89980244922555,269.1415100097656,5736035.608622931
2025-09-23 13:30:00,270.09905938808714,271.43563658453746,267.2264031403153,268.82232666015625,6083823.514883463
2025-09-24 13:30:00,268.05429383309223,269.0717107605347,264.93227523130275,268.41339111328125,7845518.023630614
2025-09-25 13:30:00,263.9049073932485,268.2537986268052,261.1320018159656,267.5555725097656,11186342.09320334
2025-09-26 13:30:00,267.8448511048205,268.7325949028152,265.0619611979466,268.1440734863281,7262830.934149885
2025-09-29 13:30:00,271.0266946362632,272.10392557111413,268.1839604596884,268.2438049316406,5970133.080214562
2025-09-30 13:30:00,268.164025601543,270.7573976955681,267.07681042868137,270.42822265625,7109941.271980746
2025-10-01 13:30:00,268.69268509098976,275.99401550593893,268.1939608348819,275.6349182128906,9363490.832478505
2025-10-02 13:30:00,280.7817653003364,281.81912030982335,278.89657294001034,280.9712829589844,7268545.369450867
2025-10-03 13:30:00,282.22808898630853,283.6145266892576,277.7694925987514,279.2456970214844,8651172.741541473
2025-10-06 13:30:00,290.247531506072,291.763672719146,287.6142832744749,287.6242370605469,11303841.66531298
2025-10-07 13:30:00,290.2375693550577,290.7362935945188,280.8116690533588,281.1907043457031,9977457.693608798
2025-10-08 13:30:00,281.28047541850714,291.11530296214903,280.7618131597198,290.796142578125,9325494.050368104
2025-10-09 13:30:00,290.33729830437386,290.8659447960057,286.7365238016898,289.4495849609375,7622949.895958579
2025-10-10 13:30:00,290.0779610602733,290.8858918571346,270.76734353747685,271.2959899902344,26759478.55921156
2025-10-13 13:30:00,282.0584941834026,285.22041941795845,279.62471733426975,284.1431579589844,8725663.265348865
2025-10-14 13:30:00,277.78937725131806,284.04336771264843,276.65227147305296,278.3180236816406,8497682.752873516
2025-10-15 13:30:00,285.5196294041158,287.2851022678117,281.1208779236747,286.9060974121094,7614628.824425967
2025-10-16 13:30:00,290.3372932598083,291.5143056129358,285.210423846608,288.24267578125,7429356.071611886
2025-10-17 13:30:00,286.1580205298858,288.9010039600394,282.9960953278349,287.43475341796875,6277516.958618963
2025-10-20 13:30:00,289.86847897766404,294.2472922771892,289.7587742594016,292.22247314453125,5847219.482241535
2025-10-21 13:30:00,291.75366746764007,291.9531693306817,288.48203781584783,290.5866394042969,3975343.343811237
2025-10-22 13:30:00,287.3748545950243,289.0904671243842,277.7494832651791,283.405029296875,7895445.726581136
2025-10-23 13:30:00,281.7692115116306,291.11529890342547,281.5298336170219,290.3173522949219,5388548.987897661
2025-10-24 13:30:00,295.5739045579102,297.45909685914256,294.6861912097084,295.1051025390625,4633021.091614854
2025-10-27 13:30:00,300.6609056445988,304.2317884585505,299.6435190936593,303.3041381835937,5178212.008749662
2025-10-28 13:30:00,302.68569260931423,305.1892979139918,301.60846169637733,303.6731872558594,4167032.4672791422
2025-10-29 13:30:00,309.07938927194635,311.9919525440654,306.1867944530166,308.8100891113281,4514618.649593852
2025-10-30 13:30:00,307.1542806866189,310.3261594785085,304.60081506852674,304.6307373046875,4642545.648778719
2025-10-31 13:30:00,307.91236086971657,310.5256710417268,303.4836871413727,305.767822265625,5177109.449368226
2025-11-03 14:30:00,309.6080051571882,310.95456670640937,306.34635955372045,307.5931701660156,3760394.685259653
2025-11-04 14:30:00,299.57366566302943,303.9724170073532,294.79587903502033,295.50408935546875,5302329.1253463
2025-11-05 14:30:00,296.4516482555805,308.3811537530523,296.13248788258034,304.6905822753906,4962060.897160395
2025-11-06 14:30:00,304.22180021911106,305.10954401769806,294.5964280378261,296.7409362792969,8570166.563087136
2025-11-07 14:30:00,291.8933251928793,293.6987044285372,282.866398574879,293.6288757324219,13833898.06347801
2025-11-10 14:30:00,301.66831090443134,302.5859464299156,297.7782680470287,301.2294311523437,6046227.2661494855
2025-11-11 14:30:00,298.27700080402786,299.25448082915085,293.9380938452256,294.3969116210937,5892935.967198649
2025-11-12 14:30:00,299.4539799887934,300.9202304529133,296.74091894088826,298.9053955078125,4155603.158476587
2025-11-13 14:30:00,295.1849225672449,296.3718887618231,285.7191456888638,288.64166259765625,11008688.257334104
2025-11-14 14:30:00,279.9039768741006,292.0528915899778,278.6970727826134,287.7838134765625,7160269.845070572
2025-11-17 14:30:00,285.3401230142495,290.78618374610045,279.5249807378842,282.8365173339844,8209646.24333202
2025-11-18 14:30:00,278.826781329577,280.69200528210337,273.3906744559907,276.2733154296875,11131501.264243465
2025-11-19 14:30:00,277.4303320064613,284.41247129519286,276.1136927207697,280.8914489746094,5121166.811682993
2025-11-20 14:30:00,288.1628716524499,289.2500868876629,266.31875512871164,267.4159545898437,13432572.926646007
2025-11-21 14:30:00,267.58548097217465,274.0589420209328,259.7754731116286,270.1389465332031,15395181.791359676
2025-11-24 14:30:00,273.0814448556835,283.32522983270934,272.9218494454057,281.97869873046875,6441234.911023716
2025-11-25 14:30:00,278.2482378998244,283.61451594825235,272.0640751777686,282.8564453125,5958001.56627078
2025-11-26 14:30:00,285.98844732320686,293.3296539849447,285.87871215488065,290.64654541015625,5833183.118817006
2025-11-28 14:30:00,292.50176370298334,296.2322112384876,291.0853734827132,295.9828491210937,3045771.378338234
2025-12-01 14:30:00,292.1227299637456,298.65603573794704,291.7836011350565,296.16241455078125,3943060.8187827487
2025-12-02 14:30:00,299.68340524308167,304.06218820146773,297.9278861936761,302.0672912597656,5099912.575593741
2025-12-03 14:30:00,303.7230631754145,308.7801342914523,300.7007954884989,308.5706481933594,3876992.2102356753
2025-12-04 14:30:00,307.0545524309567,307.48344799417544,303.81284470203224,305.49853515625,4651568.327846469
2025-12-05 14:30:00,308.5108142458675,312.0318062945861,308.14176316479563,308.6105651855469,4349196.900356795
2025-12-08 14:30:00,311.13410630599526,313.2786145137754,309.0793648113171,311.9620056152344,3630162.324180956
2025-12-09 14:30:00,309.987061991866,312.0517878148167,308.6504845753844,311.38348388671875,2782399.1268216697
2025-12-10 14:30:00,311.2139034569882,316.5402745756884,309.7675910154436,315.5228576660156,5106830.286468209
2025-12-11 14:30:00,312.0018557499092,313.97681459341294,305.0097629765343,313.71746826171875,6521339.675068635
2025-12-12 14:30:00,310.0069749919164,310.80495203867224,297.1997401786761,298.71588134765625,13848935.855359068
2025-12-15 14:30:00,301.82791869836524,302.725616250044,296.471625185646,297.2496337890625,5255208.725666501
2025-12-16 14:30:00,296.3865595702072,298.5941724848849,292.76051161286114,295.87713623046875,5856784.250021299
2025-12-17 14:30:00,296.9959156177799,297.85496354800097,284.11995164450894,284.9190979003906,10433372.829008373
2025-12-18 14:30:00,295.3976611051333,296.6362997278696,290.5229755153393,291.7216796875,6747755.174400698
2025-12-19 14:30:00,294.34880360655274,301.3611403674909,294.1789755047091,299.4831848144531,5080538.12287505
2025-12-22 14:30:00,306.3956533887644,306.6054159381733,302.2201867189359,303.5087890625,4023385.7775714057
2025-12-23 14:30:00,301.8805611712324,304.78739272335366,301.0414804888126,304.6275634765625,2711555.787757127
2025-12-24 14:30:00,304.6675329628506,306.16589787906133,304.3778405434424,305.8063049316406,1725080.4340352395
2025-12-26 14:30:00,307.06489319483376,307.20475521149547,304.95720796554133,305.7063903808594,1862930.8049194864
2025-12-29 14:30:00,303.03929608887347,306.12592406864405,301.5609289243751,304.9871826171875,3624651.177247538
2025-12-30 14:30:00,305.74635524247225,307.1448536109666,304.3678850679813,304.587646484375,2988057.0226139817
2025-12-31 14:30:00,305.3068425786876,305.7862998303242,300.78175137618683,300.8217163085937,2957423.8285920545
2026-01-02 14:30:00,308.22364024846746,315.46573711611813,308.22364024846746,313.3480529785156,8500566.358755521
2026-01-05 14:30:00,320.350424180073,322.28831186750364,316.5345809617869,317.7132873535156,7931846.331161524
2026-01-06 14:30:00,321.71891259816863,328.7911811405355,321.6489815902841,327.9920654296875,7588172.012647609
2026-01-07 14:30:00,324.6956569151122,325.5947002294894,321.75885931506906,324.5358581542969,4533441.819658503
2026-01-08 14:30:00,323.83661913945645,323.83661913945645,316.0551020931036,319.23162841796875,5414201.750447537
2026-01-09 14:30:00,322.448138043575,330.3095854049452,320.7599776931166,328.421630859375,7331090.838202444
2026-01-12 14:30:00,325.3449736432851,331.01877468146694,325.1751455435241,329.9898986816406,5165230.506452862
2026-01-13 14:30:00,332.4871543595574,336.0532698905967,331.5282094256368,332.9366455078125,3840086.2158775134
2026-01-14 14:30:00,330.6691612243472,331.6281062456559,326.82335180026865,331.5382080078125,5474867.85166466
2026-01-15 14:30:00,342.7260124181152,344.17441356549267,336.8524169921875,336.8524169921875,6538627.383588301
2026-01-16 14:30:00,343.1355545343369,345.03347727529825,339.849132379551,342.0966796875,5132895.293993911
2026-01-20 14:30:00,335.8335593837973,342.8159306367245,335.5938002507585,336.9822998046875,6239400.850606707
2026-01-21 14:30:00,341.46737751758496,350.9470232954782,339.9290476415532,347.7605285644531,7212061.425957471
2026-01-22 14:30:00,353.9737171095648,354.2134762281572,346.99134627735435,348.2899475097656,4667087.334050951
2026-01-23 14:30:00,346.01242034212777,347.6506167520828,341.79701927837544,344.334228515625,4340631.654288911
2026-01-26 14:30:00,342.91580633092667,345.123388791642,340.7581571741408,342.696044921875,4463565.495788579
2026-01-27 14:30:00,347.78049612394886,352.8150108694249,346.27213232593283,350.6972961425781,5299376.520323585
2026-01-28 14:30:00,358.13915836531555,361.645341802113,356.33113391970403,360.0670471191406,5369853.780385716
2026-01-29 14:30:00,360.7862919468406,363.4034311638997,347.34097242419193,360.7363586425781,8455416.744568745
2026-01-30 14:30:00,355.6119235521863,359.7973584619527,343.3353123748479,345.9224853515625,8728615.084090358
2026-02-02 14:30:00,341.9967843053964,355.7217968460993,341.52729542379893,352.3055419921875,7766466.072228592
2026-02-03 14:30:00,355.52203868887693,356.7307111748402,337.7214563276921,345.26324462890625,8380335.108461632
2026-02-04 14:30:00,341.8069919019359,345.0135147200375,322.9775336592365,330.0198669433594,15248021.438769102
2026-02-05 14:30:00,326.1840586795242,335.104317081992,323.6867838422614,330.4693603515625,10417856.141343191
2026-02-06 14:30:00,337.0322212213033,349.1789702386056,335.5038901709758,348.130126953125,9106025.74840053
2026-02-09 14:30:00,344.46411859490445,354.3533214364042,343.5051735364893,352.3854675292969,7099138.104733476
2026-02-10 14:30:00,353.1346542892384,354.65301700807214,347.74054635458,351.04693603515625,6259222.516005677
2026-02-11 14:30:00,358.42887245040293,361.8850923116637,351.0169472729237,359.807373046875,7505181.088004854
2026-02-12 14:30:00,363.063806422121,364.9817269631525,350.667330129806,351.1168518066406,9498353.56189795
2026-02-13 14:30:00,352.4153882636525,357.22014227672173,348.29988449634504,354.2733764648437,5969507.5676877
2026-02-17 14:30:00,349.4286875496366,356.71074962864,344.9435916242535,353.7140197753906,4073340.140007753
2026-02-18 14:30:00,355.432159635028,361.27578916808017,353.2145782398707,357.5298767089844,5687399.327303678
2026-02-19 14:30:00,353.793923721619,355.9316056769787,351.3865470503408,355.4521179199219,5582485.109923155
2026-02-20 14:30:00,353.2045473412967,360.936100200462,352.4153999858997,359.0381774902344,6020162.588458629
2026-02-23 14:30:00,357.1802432642685,359.9871778253108,352.46538701322464,356.4310607910156,6346718.149124627
2026-02-24 14:30:00,361.2058629024621,364.3424244576144,357.649745733276,361.6453857421875,6212771.907537942
2026-02-25 14:30:00,365.8008207934453,368.4179598769912,365.11157051763377,367.5988464355469,4544854.305719183
2026-02-26 14:30:00,365.9806152034137,366.0805122905936,350.02802283030746,356.4110412597656,13343645.865968106
2026-02-27 14:30:00,349.21890528629126,353.6440688036069,347.96026906398146,351.9059753417969,6257020.811507507
2026-03-02 14:30:00,343.41525394184697,351.94592280953987,342.9657322788741,351.6662292480469,7291948.722421223
2026-03-03 14:30:00,337.721459053473,338.940130403604,330.5293257526987,334.4150695800781,17965683.61478842
2026-03-04 14:30:00,339.5893993864001,343.4352085792139,336.4228720902981,341.1676940917969,10661522.17807548
2026-03-05 14:30:00,338.53055661162705,343.34530961170617,330.2096506167518,337.3918151855469,7247200.22431959
2026-03-06 14:30:00,328.0420331274356,334.67481006334503,321.13956146980547,323.1573791503906,8743230.248117402
2026-03-09 13:30:00,317.9630156188575,336.80247264617753,315.8752975348355,336.0033264160156,9835321.243030412
2026-03-10 13:30:00,335.9433989818478,345.1833159130734,335.9433989818478,338.440673828125,7479152.736369191
2026-03-11 13:30:00,340.12883888415337,345.0234915553741,340.07890558024485,341.71710205078125,6221882.146020509
2026-03-12 13:30:00,336.97227815538764,337.1820407088323,328.2817798995309,329.830078125,8016838.772202335
2026-03-13 13:30:00,333.5160386645708,338.03110038914554,329.43050087609294,330.9588317871094,6457839.761236176
2026-03-16 13:30:00,338.5206035369273,341.6671637449102,335.9533976799138,337.46173095703125,8026949.872661704
2026-03-17 13:30:00,340.3983513953973,340.99807270714285,336.63015179992993,340.0885009765625,4474223.681867046
2026-03-18 13:30:00,340.3683826978374,343.2770052675596,338.12945556640625,338.12945556640625,6366921.751235083
2026-03-19 13:30:00,328.6039710070759,342.60730072444926,326.60492026339614,340.0385437011719,8296037.533030412
2026-03-20 13:30:00,339.5487680090861,341.08804567917144,327.7843649311706,332.3522033691406,9445782.88747908
2026-03-23 13:30:00,339.95856011240903,344.76627464739346,334.9609333190287,336.43023681640625,8154870.638596404
2026-03-24 13:30:00,333.63157502282417,343.0570917499109,333.4616422920114,340.8581237792969,5290010.905174471
2026-03-25 13:30:00,344.0066466691063,347.5149598396036,341.97761146684303,345.08612060546875,5871787.154014819
2026-03-26 13:30:00,339.28888321976484,339.7286768022957,328.364048252962,328.69390869140625,10177230.893645894
2026-03-27 13:30:00,326.68486764607786,329.7934074024456,322.0070962441604,323.32647705078125,6337808.125977724
2026-03-30 13:30:00,326.59491669407726,327.47450390568406,307.1141768716929,309.6429748535156,13211070.287543904
2026-03-31 13:30:00,315.4501994655849,329.023739991931,314.73054000964754,328.5039978027344,14043165.90440227
2026-04-01 13:30:00,333.33171198332013,342.4873682005233,332.19226890226656,338.3793334960937,10135610.479315773
2026-04-02 13:30:00,324.9556738421526,340.2284505645424,324.8757252350349,339.44879150390625,6524096.623428557
2026-04-06 13:30:00,341.3578835632289,345.6058662635494,339.75866741970003,343.9366760253906,3106474.5153045
2026-04-07 13:30:00,342.8771793852417,347.77484742506584,338.30934128453566,347.5949401855469,4027911.909675785
2026-04-08 13:30:00,367.71539425206737,370.97382613855024,361.9581184970117,370.2241821289063,9873386.440471612
2026-04-09 13:30:00,371.12374899289375,378.77014229689,371.12374899289375,378.4502868652344,6039566.700843856
2026-04-10 13:30:00,382.4883766269505,389.4150799368162,382.4883766269505,386.41650390625,5599557.86641485
2026-04-13 13:30:00,384.697314040695,393.3831916020246,384.18754636120696,393.1532897949219,4379478.8055000575
2026-04-14 13:30:00,397.6511802975618,401.2494778275205,393.3232487497452,401.049560546875,5205070.341797249
2026-04-15 13:30:00,400.119998366244,401.8991523044615,392.2037745187281,401.6692504882813,5572845.040251793
2026-04-16 13:30:00,400.40985754590906,407.2865967697479,397.8010805453288,405.75732421875,4402589.730589742
2026-04-17 13:30:00,413.183814552874,415.5327053424718,409.3855997326685,415.5126953125,5731820.324416548
2026-04-20 13:30:00,417.231868476548,418.6611824369548,411.5945612432744,417.351806640625,3495158.902261106
2026-04-21 13:30:00,420.2004597802657,423.14907182533904,416.4722496691921,420.5003356933594,3678545.945349266
2026-04-22 13:30:00,427.05722474301007,431.95489301727287,422.6193296038903,431.5650634765625,6560713.828749999
2026-04-23 13:30:00,435.1333627828044,446.4280175545639,433.83399202732704,440.7906799316406,10817534.528496563
2026-04-24 13:30:00,457.3728138849088,463.64983203624064,450.7559607655573,461.38092041015625,9076307.818815716
2026-04-27 13:30:00,461.53083477547057,462.78024147491686,448.7169123452067,455.19384765625,8928837.987617418
2026-04-28 13:30:00,437.4222960327066,445.92826676005024,431.5350769150968,438.5017700195313,11020130.396881416
2026-04-29 13:30:00,445.0486623718062,450.15622221453606,442.2000090539644,449.7763977050781,5975636.399298616
2026-04-30 13:30:00,455.48371206207474,461.920657726162,449.126715004252,461.2209777832031,5172655.225027458
2026-05-01 13:30:00,458.2523873533556,466.6883837276979,454.8540072719928,465.5289306640625,4157873.544483932
2026-05-04 13:30:00,467.7079073880221,469.3871027187674,457.5927153440783,461.8406982421875,5235584.872504856
2026-05-05 13:30:00,470.91638981986426,485.9492291784396,470.0068180875562,482.5008850097656,7206420.5002735825
2026-05-06 13:30:00,497.7236502426596,506.6993991462492,487.6284377927082,506.6294250488281,9773238.563521156
2026-05-07 13:30:00,502.6912719023376,503.4409159073031,487.898309072255,492.1262817382813,9918407.871936452
2026-05-08 13:30:00,504.000664495089,520.2129977739816,502.5113814497932,520.0530395507812,7758182.240076315
2026-05-11 13:30:00,523.8312683001212,533.4866564451293,521.412373001929,532.5071411132812,7496157.968557172
2026-05-12 13:30:00,520.6027345288228,524.9007421768235,495.47468403825087,515.7450561523438,14667562.510954184
2026-05-13 13:30:00,527.3695806768088,531.997388106734,515.6951314581682,528.0392456054688,7349888.340458388
2026-05-14 13:30:00,526.2500886686937,532.8769465176091,521.9621469454717,529.7784423828125,5214875.320862361
2026-05-15 13:30:00,511.4271547772472,518.5437399624903,506.0197189149972,508.2786254882813,9392658.12382312
2026-05-18 13:30:00,517.7741550461965,519.7132367168153,486.68890973704697,495.6346435546875,10003748.014094736
2026-05-19 13:30:00,484.1700722962729,505.7998154606904,477.7231521058496,496.5042114257813,12222801.58161462
2026-05-20 13:30:00,507.4890334262058,520.2929206323959,506.3095702925315,520.0630493164062,9462090.874132248
2026-05-21 13:30:00,517.9240633261002,526.5300234494382,514.7555848660364,524.4609985351562,6753104.972925491
2026-05-22 13:30:00,531.6275864546553,541.6328456921393,529.9183760204185,537.0750122070312,7674742.262090177
2026-05-26 13:30:00,556.7256387587931,572.6780859896537,555.1463715564813,569.8194580078125,8930438.450642582
2026-05-27 13:30:00,584.1026215591813,584.2225597191764,551.6280531075515,563.7122802734375,11417819.61176986
2026-05-28 13:30:00,564.052187763683,575.5267199703048,554.5667013657503,569.19970703125,6767111.590637897
2026-05-29 13:30:00,576.1664288881567,581.953659040864,564.3320212093649,568.8099365234375,7327377.511437991
2026-06-01 13:30:00,563.4024194059227,577.7156292928883,557.1154271124544,571.6585083007812,7002824.108458494
2026-06-02 13:30:00,584.8922342430401,605.1526326879875,581.6537818574874,604.7328491210938,7478949.854596458
2026-06-03 13:30:00,615.9175340628373,618.546290597516,597.7261606045107,615.3877563476562,8568767.218519827
2026-06-04 13:30:00,587.3611003406327,610.9698845899006,577.2658575468018,602.4338989257812,11450734.915463872
2026-06-05 13:30:00,577.5857440298778,580.2245057777428,539.3139376954141,539.5138549804688,22387924.881917823
2026-06-08 13:30:00,569.4995767097674,581.1040513515906,560.5237976059141,571.1787719726562,12849098.858187689
2026-06-09 13:30:00,585.1721649037813,588.3006843251578,521.9921416223493,561.8732299804688,24559755.75499653
2026-06-10 13:30:00,551.3981365842004,572.2382770697443,539.1239968125066,541.2529907226562,16680116.950043015
2026-06-11 13:30:00,555.1563735091632,587.720927707765,554.5466776644209,586.6514282226562,12301238.324449887
2026-06-12 13:30:00,583.8327277927153,602.4039255671719,578.2554203573512,595.9669799804688,9932914.823895114
2026-06-15 13:30:00,622.6099853515625,629.719970703125,618.4500122070312,628.4500122070312,8170800.0
2026-06-16 13:30:00,623.8400268554688,629.6400146484375,590.6300048828125,591.239990234375,11204900.0
2026-06-17 13:30:00,611.5599975585938,621.989990234375,598.9500122070312,599.72998046875,8948400.0
2026-06-18 13:30:00,626.52001953125,644.4299926757812,626.1500244140625,639.4500122070312,9666000.0
2026-06-22 13:30:00,653.9600219726562,655.9500122070312,643.9299926757812,655.010009765625,7782700.0
2026-06-23 13:30:00,607.6400146484375,619.9400024414062,598.1900024414062,603.3900146484375,12712200.0
2026-06-24 13:30:00,606.1900024414062,609.6900024414062,586.6599731445312,601.5,9230700.0
2026-06-25 13:30:00,637.3300170898438,638.469970703125,598.8300170898438,625.2000122070312,12713200.0
2026-06-26 13:30:00,601.4400024414062,605.8900146484375,588.510009765625,589.9400024414062,11017500.0
2026-06-29 13:30:00,593.7100219726562,615.3499755859375,571.5999755859375,614.3499755859375,11036800.0
2026-06-30 13:30:00,616.1500244140625,644.9400024414062,616.1500244140625,640.760009765625,10112600.0
2026-07-01 13:30:00,616.8200073242188,622.8900146484375,597.8800048828125,599.7000122070312,9983000.0
2026-07-02 13:30:00,601.239990234375,608.1099853515625,554.9099731445312,566.3200073242188,16092600.0
2026-07-06 13:30:00,583.1500244140625,598.0,580.47998046875,581.510009765625,8419400.0
2026-07-07 13:30:00,551.9299926757812,558.0599975585938,536.1199951171875,551.6900024414062,12285700.0
2026-07-08 13:30:00,544.6599731445312,564.5,543.8699951171875,562.030029296875,7195400.0
2026-07-09 13:30:00,589.5,594.989990234375,579.1400146484375,581.7000122070312,10026200.0
2026-07-10 13:30:00,571.989990234375,585.7899780273438,566.6699829101562,581.3400268554688,5861000.0
2026-07-13 13:30:00,563.5800170898438,566.6500244140625,550.260009765625,553.6099853515625,8307000.0
2026-07-14 13:30:00,580.510009765625,580.6699829101562,560.239990234375,567.9199829101562,7372300.0
2026-07-15 13:30:00,575.1199951171875,575.8800048828125,538.530029296875,555.27001953125,10199600.0
2026-07-16 13:30:00,539.0499877929688,545.5499877929688,525.4299926757812,530.5,10343300.0
2026-07-17 13:30:00,508.5499877929688,533.1900024414062,498.5400085449219,521.8099975585938,15576800.0
2026-07-20 13:30:00,534.0,539.5399780273438,522.8400268554688,524.1400146484375,6533100.0
