product,signal,strategy,start,end,years,cagr,sharpe,maxdd,calmar,exposure,trades,end_value
USD,SMH,PB_RSI5_R10_H40,2007-02-01,2010-02-01,3,0.2297690998384072,1.1715035403018983,-0.17385272020986842,1.3216307433155987,0.21164021164021163,4.0,18598.19210156193
USD,SMH,PB_RSI5_R10_H40,2007-05-01,2010-05-01,3,0.1938489077207357,1.0736699155840703,-0.17385272020986853,1.1150179731828673,0.16512549537648613,3.5,17027.600563414475
USD,SMH,PB_RSI5_R10_H40,2007-08-01,2010-08-01,3,0.08145483036469403,0.4613059745525158,-0.2613659013745906,0.31165056320010415,0.164021164021164,3.5,12648.096030530356
USD,SMH,PB_RSI5_R10_H40,2007-11-01,2010-11-01,3,0.05708237966468377,0.37218084761880554,-0.2613659013745909,0.21840025559750817,0.10582010582010581,2.0,11812.083303142275
USD,SMH,PB_RSI5_R10_H40,2008-02-01,2011-02-01,3,0.12265812782185659,0.645712540359278,-0.2613659013745909,0.46929659598580287,0.15852047556142668,3.0,14156.046145783523
USD,SMH,PB_RSI5_R10_H40,2008-05-01,2011-05-01,3,0.16761097826236893,0.8040088885648068,-0.2613659013745909,0.6412886202096731,0.18121693121693122,3.5,15918.220238561773
USD,SMH,PB_RSI5_R10_H40,2008-08-01,2011-08-01,3,0.11939875528737831,0.6008661968730689,-0.2613659013745909,0.4568260613164508,0.21164021164021163,4.0,14026.66610304002
USD,SMH,PB_RSI5_R10_H40,2008-11-01,2011-11-01,3,0.11939875528737831,0.6008661968730687,-0.2613659013745909,0.4568260613164508,0.21164021164021163,4.0,14026.66610304002
USD,SMH,PB_RSI5_R10_H40,2009-02-01,2012-02-01,3,0.1192319791972134,0.6004686241813988,-0.2613659013745909,0.45618796702301856,0.21136063408190225,4.0,14026.66610304002
USD,SMH,PB_RSI5_R10_H40,2009-05-01,2012-05-01,3,0.11329602938752648,0.5635338035990546,-0.2613659013745909,0.4334767037003424,0.25891677675033026,4.5,13804.381193377014
USD,SMH,PB_RSI5_R10_H40,2009-08-01,2012-08-01,3,-0.024156458601468866,0.008148003146822012,-0.2613659013745907,-0.09242391021332094,0.24570673712021135,4.5,9291.769637783282
USD,SMH,PB_RSI5_R10_H40,2009-11-01,2012-11-01,3,-0.04612628647098205,-0.11690843614410222,-0.2606265279024934,-0.17698231581490811,0.21164021164021163,4.0,8679.059036284696
USD,SMH,PB_RSI5_R10_H40,2010-02-01,2013-02-01,3,-0.019797397926724747,0.01436665302944858,-0.2606265279024934,-0.07596079373060376,0.2404227212681638,4.5,9417.011316100408
USD,SMH,PB_RSI5_R10_H40,2010-05-01,2013-05-01,3,0.0006136608535451948,0.1174309827963169,-0.2606265279024934,0.0023545602148940877,0.2860927152317881,5.5,10018.396736339178
USD,SMH,PB_RSI5_R10_H40,2010-08-01,2013-08-01,3,0.1145766154727812,0.6799706432411728,-0.2216464344371647,0.5169341693392452,0.294973544973545,5.5,13846.173878437135
USD,SMH,PB_RSI5_R10_H40,2010-11-01,2013-11-01,3,0.08124088870415247,0.5109786057242235,-0.2216464344371647,0.36653370450307754,0.31704095112285335,6.0,12644.509742746843
USD,SMH,PB_RSI5_R10_H40,2011-02-01,2014-02-01,3,0.018057849142316007,0.18964207186595733,-0.22164643443716425,0.08147141725140326,0.26490066225165565,5.0,10550.827601901203
USD,SMH,PB_RSI5_R10_H40,2011-05-01,2014-05-01,3,-0.021038119637041386,-0.04644485824423479,-0.2216464344371647,-0.09491747381573852,0.2423841059602649,4.5,9382.833015898417
USD,SMH,PB_RSI5_R10_H40,2011-08-01,2014-08-01,3,0.021154242100438925,0.21382796338114168,-0.17445507994688325,0.12125896309170135,0.21164021164021163,4.0,10648.146987426264
USD,SMH,PB_RSI5_R10_H40,2011-11-01,2014-11-01,3,0.0011820132515691917,0.10248585150291256,-0.36397135313399276,0.0032475447350221657,0.2543046357615894,4.5,10035.455284817102
USD,SMH,PB_RSI5_R10_H40,2012-02-01,2015-02-01,3,-0.03754068587606196,-0.07938264114650104,-0.36397135313399276,-0.10314186969061188,0.30238726790450926,5.5,8918.237319860018
USD,SMH,PB_RSI5_R10_H40,2012-05-01,2015-05-01,3,0.006541108212537283,0.14435330725254794,-0.3639713531339921,0.01797149186663942,0.3152317880794702,6.0,10197.255798555792
USD,SMH,PB_RSI5_R10_H40,2012-08-01,2015-08-01,3,0.03216284347005227,0.2540095717181708,-0.3639713531339922,0.0883664145354095,0.3183023872679045,6.0,10993.489097751724
USD,SMH,PB_RSI5_R10_H40,2012-11-01,2015-11-01,3,0.032119566748096906,0.2538412546791785,-0.3639713531339922,0.08824751308455978,0.31788079470198677,6.0,10993.489097751724
USD,SMH,PB_RSI5_R10_H40,2013-02-01,2016-02-01,3,0.008211225337206862,0.1495921630902433,-0.36397135313399154,0.022560086848879016,0.2900662251655629,5.5,10248.03245700434
USD,SMH,PB_RSI5_R10_H40,2013-05-01,2016-05-01,3,-0.016471409328329023,0.02593091395982018,-0.363971353133992,-0.04525468608037748,0.2447089947089947,4.5,9513.952251767889
USD,SMH,PB_RSI5_R10_H40,2013-08-01,2016-08-01,3,-0.0005704511242657917,0.10461653339239228,-0.3413240540720346,-0.0016712889626741662,0.2208994708994709,4.0,9982.89622685025
USD,SMH,PB_RSI5_R10_H40,2013-11-01,2016-11-01,3,0.04318465975677599,0.3001167910744564,-0.286893624462204,0.150524989315213,0.2552910052910053,4.5,11352.292594980212
USD,SMH,PB_RSI5_R10_H40,2014-02-01,2017-02-01,3,0.06564648050773836,0.38325940312204376,-0.286893624462204,0.22881819221600294,0.3134920634920635,5.5,12101.507236407218
USD,SMH,PB_RSI5_R10_H40,2014-05-01,2017-05-01,3,0.08047070819076474,0.4386250065033946,-0.286893624462204,0.28048970534500717,0.32671957671957674,6.5,12613.598200799077
USD,SMH,PB_RSI5_R10_H40,2014-08-01,2017-08-01,3,0.1293759457550372,0.5908397601272077,-0.286893624462204,0.4509544121015539,0.37037037037037035,7.0,14405.07755374932
USD,SMH,PB_RSI5_R10_H40,2014-11-01,2017-11-01,3,0.15190727035646368,0.7090184830747108,-0.1551002809986045,0.9794132504365382,0.328042328042328,6.5,15284.546520740425
USD,SMH,PB_RSI5_R10_H40,2015-02-01,2018-02-01,3,0.1978428207344447,0.9121066394423257,-0.1503153909189483,1.316184720173623,0.2800528401585205,5.5,17199.2937232136
USD,SMH,PB_RSI5_R10_H40,2015-05-01,2018-05-01,3,0.1648069700567505,0.8847838414511842,-0.1383884330513514,1.1909013377989188,0.2222222222222222,4.5,15803.81300024281
USD,SMH,PB_RSI5_R10_H40,2015-08-01,2018-08-01,3,0.15859236081534567,0.8693594161048294,-0.1383884330513513,1.1459943386778386,0.21164021164021163,4.0,15552.205347895211
USD,SMH,PB_RSI5_R10_H40,2015-11-01,2018-11-01,3,0.10121094545704934,0.5591838610220075,-0.24362004970789997,0.41544587803180033,0.26420079260237783,5.0,13359.11569612928
USD,SMH,PB_RSI5_R10_H40,2016-02-01,2019-02-01,3,0.10121094545704934,0.5591838610220075,-0.24362004970789997,0.41544587803180033,0.26420079260237783,5.0,13359.11569612928
USD,SMH,PB_RSI5_R10_H40,2016-05-01,2019-05-01,3,0.17213186446837314,0.790917905785702,-0.24362004970789997,0.7065586952911264,0.3125827814569536,5.5,16093.692575860912
USD,SMH,PB_RSI5_R10_H40,2016-08-01,2019-08-01,3,0.08005241993930734,0.4608992954123606,-0.24362004970789986,0.32859536821903657,0.2804232804232804,5.5,12598.954367548022
USD,SMH,PB_RSI5_R10_H40,2016-11-01,2019-11-01,3,0.12098433258736918,0.6305663602152788,-0.24362004970789986,0.49661073763193647,0.2566137566137566,5.0,14086.354968862768
USD,SMH,PB_RSI5_R10_H40,2017-02-01,2020-02-01,3,0.17026309368540793,0.8043395239271122,-0.24362004970789997,0.6988878538098695,0.27019867549668874,5.5,16016.94044279184
USD,SMH,PB_RSI5_R10_H40,2017-05-01,2020-05-01,3,0.15511175139505884,0.7514472266437096,-0.24362004970790008,0.636695344168255,0.2562747688243065,4.5,15421.283256328708
USD,SMH,PB_RSI5_R10_H40,2017-08-01,2020-08-01,3,0.10425436518224895,0.5939200839579815,-0.21493211371955556,0.4850571809770621,0.21164021164021163,4.0,13465.031513702128
USD,SMH,PB_RSI5_R10_H40,2017-11-01,2020-11-01,3,0.10439942009113201,0.5943138292908081,-0.21493211371955556,0.4857320680675614,0.2119205298013245,4.0,13465.031513702128
USD,SMH,PB_RSI5_R10_H40,2018-02-01,2021-02-01,3,0.2137210391798139,0.9469719051187525,-0.21493211371955556,0.9943653160117251,0.26490066225165565,5.0,17865.815128709626
USD,SMH,PB_RSI5_R10_H40,2018-05-01,2021-05-01,3,0.22710964442962167,0.8534837096355685,-0.2548530977791902,0.8911394305530239,0.31746031746031744,6.0,18477.793458593875
USD,SMH,PB_RSI5_R10_H40,2018-08-01,2021-08-01,3,0.23519039819902487,0.856570089368341,-0.2548530977791902,0.9228469273024044,0.33642384105960266,6.5,18829.45272747828
USD,SMH,PB_RSI5_R10_H40,2018-11-01,2021-11-01,3,0.3647108945578068,1.1879191351316536,-0.25485309777918985,1.4310632193052646,0.3536423841059603,6.5,25385.522108718495
USD,SMH,PB_RSI5_R10_H40,2019-02-01,2022-02-01,3,0.4876267165430954,1.4240637297734875,-0.25485309777918985,1.9133638978388467,0.36988110964332893,7.0,32973.60323531626
USD,SMH,PB_RSI5_R10_H40,2019-05-01,2022-05-01,3,0.3821836032607149,1.2357087378662215,-0.25485309777918996,1.499623142081038,0.3236459709379128,6.5,26439.607915902292
USD,SMH,PB_RSI5_R10_H40,2019-08-01,2022-08-01,3,0.42526354011813905,1.3507496624421336,-0.25485309777918996,1.668661451730111,0.31746031746031744,6.0,28952.463753887514
USD,SMH,PB_RSI5_R10_H40,2019-11-01,2022-11-01,3,0.3740639827350405,1.2693691491125643,-0.2548530977791903,1.4677631388225731,0.2843915343915344,5.5,25943.040152845573
USD,SMH,PB_RSI5_R10_H40,2020-02-01,2023-02-01,3,0.28129241218961587,1.0819999025929963,-0.25485309777918996,1.1037433511337322,0.21164021164021163,4.0,21035.108806175427
USD,SMH,PB_RSI5_R10_H40,2020-05-01,2023-05-01,3,0.2889864129119277,1.103927120347744,-0.25485309777918996,1.1339332950243814,0.21324503311258278,4.5,21394.765226059746
USD,SMH,PB_RSI5_R10_H40,2020-08-01,2023-08-01,3,0.47915670735919647,1.3825597657202273,-0.25485309777918996,1.8801290293687065,0.26525198938992045,5.0,32262.145289694618
USD,SMH,PB_RSI5_R10_H40,2020-11-01,2023-11-01,3,0.4783899543298389,1.381636919466916,-0.25485309777918996,1.8771204215234845,0.26490066225165565,5.0,32262.145289694618
USD,SMH,PB_RSI5_R10_H40,2021-02-01,2024-02-01,3,0.4447057736333857,1.341220326101308,-0.2548530977791902,1.7449494532677319,0.23412698412698413,4.5,30153.534442243654
USD,SMH,PB_RSI5_R10_H40,2021-05-01,2024-05-01,3,0.6497227016901019,1.8114685340742884,-0.16063514896868203,4.044710674229673,0.21721854304635763,4.5,44809.50127881659
USD,SMH,PB_RSI5_R10_H40,2021-08-01,2024-08-01,3,0.929025675119026,2.166667015515922,-0.1979520127567801,4.693186303998345,0.24635761589403973,4.5,71594.8412753936
USD,SMH,PB_RSI5_R10_H40,2021-11-01,2024-11-01,3,0.9552431504557519,2.1463618586278677,-0.1979520127567801,4.825629894601987,0.2261904761904762,4.0,74748.47203127689
USD,SMH,PB_RSI5_R10_H40,2022-02-01,2025-02-01,3,0.8561475386566888,2.033527045264263,-0.1979520127567801,4.325025680383564,0.21248339973439576,4.0,63480.40861909789
USD,SMH,PB_RSI5_R10_H40,2022-05-01,2025-05-01,3,0.8561475386566888,2.0335270452642624,-0.1979520127567801,4.325025680383564,0.21248339973439576,4.0,63480.40861909789
USD,SMH,PB_RSI5_R10_H40,2022-08-01,2025-08-01,3,1.1146120549981626,2.3171017965316807,-0.1979520127567801,5.630718473005199,0.26525198938992045,5.0,93996.33384347973
USD,SMH,PB_RSI5_R10_H40,2022-11-01,2025-11-01,3,1.116716118919773,2.318672668785559,-0.1979520127567801,5.641347634549495,0.2656042496679947,5.0,93996.33384347973
USD,SMH,PB_RSI5_R10_H40,2023-02-01,2026-02-01,3,1.187886811634581,2.3559212326361605,-0.1979520127567801,6.000882714408745,0.300531914893617,5.5,103437.33706923013
USD,SMH,PB_RSI5_R10_H40,2023-05-01,2026-05-01,3,1.6248855011651209,2.664599252646759,-0.1979520127567801,8.208481836259917,0.34615384615384615,6.0,179475.3542827677
USD,SMH,PB_RSI5_R10_H40,2007-02-01,2012-02-01,5,0.12454229978332121,0.6584575614175193,-0.2613659013745908,0.4765055392777752,0.22204599524187152,7.0,17992.075525578606
USD,SMH,PB_RSI5_R10_H40,2007-05-01,2012-05-01,5,0.10128262879045913,0.5596226971069436,-0.2613659013745907,0.387512786701661,0.22266244057052298,7.0,16211.62220799492
USD,SMH,PB_RSI5_R10_H40,2007-08-01,2012-08-01,5,0.061358232545155156,0.39440851473035554,-0.2613659013745906,0.23475989875671008,0.19334389857369255,6.5,13474.579418859706
USD,SMH,PB_RSI5_R10_H40,2007-11-01,2012-11-01,5,0.047040095792214354,0.33549780750447933,-0.2613659013745909,0.17997793723212674,0.15873015873015872,5.0,12583.937865919526
USD,SMH,PB_RSI5_R10_H40,2008-02-01,2013-02-01,5,0.06426897743449489,0.4184160210345435,-0.2613659013745909,0.2458965652997874,0.1761904761904762,5.5,13653.909345361133
USD,SMH,PB_RSI5_R10_H40,2008-05-01,2013-05-01,5,0.07759157450950638,0.46880384773377015,-0.2613659013745909,0.29686953845712927,0.20333598093725178,6.5,14525.869857453024
USD,SMH,PB_RSI5_R10_H40,2008-08-01,2013-08-01,5,0.10348185703971802,0.566941483920094,-0.2613659013745909,0.3959271523005876,0.24066719618745036,7.5,16355.215928189204
USD,SMH,PB_RSI5_R10_H40,2008-11-01,2013-11-01,5,0.08361092906465384,0.4801954204270788,-0.2613659013745909,0.3198999128230665,0.2541699761715647,8.0,14935.800240871984
USD,SMH,PB_RSI5_R10_H40,2009-02-01,2014-02-01,5,0.08361092906465384,0.4801954204270788,-0.2613659013745909,0.3198999128230665,0.2541699761715647,8.0,14935.800240871984
USD,SMH,PB_RSI5_R10_H40,2009-05-01,2014-05-01,5,0.08361092906465384,0.4801954204270788,-0.2613659013745909,0.3198999128230665,0.2541699761715647,8.0,14935.800240871984
USD,SMH,PB_RSI5_R10_H40,2009-08-01,2014-08-01,5,0.019785484836251754,0.1978343003232463,-0.2613659013745907,0.07570032943163123,0.24305003971405878,7.5,11028.345552307734
USD,SMH,PB_RSI5_R10_H40,2009-11-01,2014-11-01,5,-0.005905933519876894,0.07793505390341372,-0.3639713531339923,-0.016226369105764995,0.24781572676727562,7.5,9708.398990181031
USD,SMH,PB_RSI5_R10_H40,2010-02-01,2015-02-01,5,-0.029115141870657224,-0.02329190490204333,-0.3639713531339923,-0.07999294895040485,0.2764098490865767,8.5,8627.591248532146
USD,SMH,PB_RSI5_R10_H40,2010-05-01,2015-05-01,5,-0.005521391216303462,0.09708287753666779,-0.3639713531339923,-0.01516985105767601,0.31215250198570293,9.5,9727.175942692253
USD,SMH,PB_RSI5_R10_H40,2010-08-01,2015-08-01,5,0.03213385709287442,0.2574663527954905,-0.3639713531339921,0.08828677536345748,0.28594122319301035,9.0,11711.853039418498
USD,SMH,PB_RSI5_R10_H40,2010-11-01,2015-11-01,5,0.03213385709287442,0.2574663527954905,-0.3639713531339921,0.08828677536345748,0.28594122319301035,9.0,11711.853039418498
USD,SMH,PB_RSI5_R10_H40,2011-02-01,2016-02-01,5,-0.0045972122537344395,0.07734958882536581,-0.3639713531339921,-0.012630698032001507,0.2543720190779014,8.0,9772.600506602423
USD,SMH,PB_RSI5_R10_H40,2011-05-01,2016-05-01,5,-0.027718228315834703,-0.04772303837826797,-0.36397135313399265,-0.07615497229978563,0.24085850556438793,7.5,8690.756985547936
USD,SMH,PB_RSI5_R10_H40,2011-08-01,2016-08-01,5,0.033493414163404456,0.26518750890695186,-0.36397135313399276,0.09202211623252163,0.2454328832406672,7.5,11789.13092254747
USD,SMH,PB_RSI5_R10_H40,2011-11-01,2016-11-01,5,0.03868678389301716,0.2854025830725335,-0.36397135313399276,0.10629073843285401,0.28038125496425736,8.5,12088.088019561996
USD,SMH,PB_RSI5_R10_H40,2012-02-01,2017-02-01,5,0.052059234334378424,0.3396945405267245,-0.36397135313399276,0.14303113112095195,0.3153296266878475,9.5,12885.862782266653
USD,SMH,PB_RSI5_R10_H40,2012-05-01,2017-05-01,5,0.06386543542430134,0.3938397972685978,-0.3639713531339921,0.17546830231111615,0.2957074721780604,10.0,13621.348637107663
USD,SMH,PB_RSI5_R10_H40,2012-08-01,2017-08-01,5,0.11342141282608087,0.5840684163931104,-0.3639713531339922,0.31162181267690586,0.3179650238473768,10.0,17097.299993808232
USD,SMH,PB_RSI5_R10_H40,2012-11-01,2017-11-01,5,0.11323155067264512,0.583604058927845,-0.3639713531339922,0.311100172301088,0.31746031746031744,10.0,17097.299993808232
USD,SMH,PB_RSI5_R10_H40,2013-02-01,2018-02-01,5,0.0977071545653343,0.524591798851215,-0.36397135313399154,0.2684473756630089,0.3007936507936508,9.5,15937.950518322657
USD,SMH,PB_RSI5_R10_H40,2013-05-01,2018-05-01,5,0.08151012565732452,0.4688485436841483,-0.363971353133992,0.22394654127441035,0.27380952380952384,8.5,14796.293908956419
USD,SMH,PB_RSI5_R10_H40,2013-08-01,2018-08-01,5,0.05369005439028074,0.3564768148067311,-0.3413240540720346,0.1572993574573849,0.2365079365079365,7.5,12988.66166327662
USD,SMH,PB_RSI5_R10_H40,2013-11-01,2018-11-01,5,0.043518771812072865,0.304991632861714,-0.286893624462204,0.15168957446736892,0.25396825396825395,8.0,12373.749789659014
USD,SMH,PB_RSI5_R10_H40,2014-02-01,2019-02-01,5,0.04355408000931571,0.30511277810391624,-0.286893624462204,0.1518126451605885,0.2541699761715647,8.0,12373.749789659014
USD,SMH,PB_RSI5_R10_H40,2014-05-01,2019-05-01,5,0.0831869182865066,0.460082072911199,-0.286893624462204,0.2899573611733077,0.28276409849086576,8.5,14906.624783786789
USD,SMH,PB_RSI5_R10_H40,2014-08-01,2019-08-01,5,0.07107555844882607,0.4104473031695454,-0.286893624462204,0.2477418540828875,0.28594122319301035,9.0,14092.31074652534
USD,SMH,PB_RSI5_R10_H40,2014-11-01,2019-11-01,5,0.11640506808420903,0.596360295602521,-0.24362004970789997,0.47781399036646827,0.2811755361397935,9.0,17334.81566347123
USD,SMH,PB_RSI5_R10_H40,2015-02-01,2020-02-01,5,0.18304573774745925,0.8345423297251984,-0.24362004970789997,0.7513574435557778,0.29547259729944403,9.5,23158.903199648998
USD,SMH,PB_RSI5_R10_H40,2015-05-01,2020-05-01,5,0.16303785697629736,0.8069429457309186,-0.24362004970789997,0.669230045604947,0.26031746031746034,8.5,21279.884008492463
USD,SMH,PB_RSI5_R10_H40,2015-08-01,2020-08-01,5,0.15944690062106015,0.7974383210922363,-0.24362004970789997,0.6544900586476224,0.2541699761715647,8.0,20941.093511697563
USD,SMH,PB_RSI5_R10_H40,2015-11-01,2020-11-01,5,0.15944690062106015,0.7974383210922363,-0.24362004970789997,0.6544900586476224,0.2541699761715647,8.0,20941.093511697563
USD,SMH,PB_RSI5_R10_H40,2016-02-01,2021-02-01,5,0.2267694817356738,0.9939916754190912,-0.24362004970789997,0.930832589549054,0.2857142857142857,9.0,27785.282558922474
USD,SMH,PB_RSI5_R10_H40,2016-05-01,2021-05-01,5,0.23526815191177675,0.9231655359614441,-0.2548530977791902,0.9231520195827393,0.3177124702144559,10.0,28737.043824404656
USD,SMH,PB_RSI5_R10_H40,2016-08-01,2021-08-01,5,0.19399423782465397,0.8031934254616382,-0.2548530977791901,0.7612002346258885,0.30659253375694995,10.0,24249.656443959095
USD,SMH,PB_RSI5_R10_H40,2016-11-01,2021-11-01,5,0.22070154777212103,0.8821920084033424,-0.2548530977791902,0.8659951544451747,0.31374106433677523,10.0,27083.437649118056
USD,SMH,PB_RSI5_R10_H40,2017-02-01,2022-02-01,5,0.2749843814525037,1.0409616050172397,-0.2548530977791902,1.0789917165957137,0.28888888888888886,9.5,33691.8084956158
USD,SMH,PB_RSI5_R10_H40,2017-05-01,2022-05-01,5,0.2653569518092056,1.014808133388543,-0.2548530977791901,1.0412153280519127,0.28095238095238095,8.5,32438.83712277259
USD,SMH,PB_RSI5_R10_H40,2017-08-01,2022-08-01,5,0.2316923798793633,0.9448690494158912,-0.2548530977791902,0.9091213012451048,0.2541699761715647,8.0,28323.840296930535
USD,SMH,PB_RSI5_R10_H40,2017-11-01,2022-11-01,5,0.2316923798793633,0.9448690494158912,-0.2548530977791902,0.9091213012451048,0.2541699761715647,8.0,28323.840296930535
USD,SMH,PB_RSI5_R10_H40,2018-02-01,2023-02-01,5,0.2316923798793633,0.9448690494158912,-0.2548530977791902,0.9091213012451048,0.2541699761715647,8.0,28323.840296930535
USD,SMH,PB_RSI5_R10_H40,2018-05-01,2023-05-01,5,0.23587906796579317,0.9579015508662322,-0.2548530977791902,0.9255491497700511,0.2549642573471009,8.5,28808.1187997153
USD,SMH,PB_RSI5_R10_H40,2018-08-01,2023-08-01,5,0.3420940576523199,1.1505364870850554,-0.2548530977791902,1.3423186166201404,0.2861685214626391,9.0,43441.08030253749
USD,SMH,PB_RSI5_R10_H40,2018-11-01,2023-11-01,5,0.3835880356283856,1.2888706885479848,-0.25485309777918985,1.505133894667172,0.2543720190779014,8.0,50572.5541096422
USD,SMH,PB_RSI5_R10_H40,2019-02-01,2024-02-01,5,0.44411485164667,1.4092686723956822,-0.25485309777918985,1.7426307763834228,0.2676727561556791,8.5,62715.56394041081
USD,SMH,PB_RSI5_R10_H40,2019-05-01,2024-05-01,5,0.5053053960492853,1.493315732459603,-0.25485309777918996,1.9827320148452439,0.2611111111111111,9.0,77289.96172337313
USD,SMH,PB_RSI5_R10_H40,2019-08-01,2024-08-01,5,0.6905637056662639,1.7792834694857178,-0.25485309777918996,2.709653960198603,0.28594122319301035,9.0,137801.14233606544
USD,SMH,PB_RSI5_R10_H40,2019-11-01,2024-11-01,5,0.7090531678865939,1.7727894410559457,-0.2548530977791903,2.78220345000841,0.29547259729944403,9.0,145497.06575283137
USD,SMH,PB_RSI5_R10_H40,2020-02-01,2025-02-01,5,0.6813346648144192,1.7555786147598629,-0.25485309777918996,2.673440781185802,0.2545743834526651,8.0,133531.7302363199
USD,SMH,PB_RSI5_R10_H40,2020-05-01,2025-05-01,5,0.6813346648144192,1.7555786147598624,-0.25485309777918996,2.673440781185802,0.2545743834526651,8.0,133531.7302363199
USD,SMH,PB_RSI5_R10_H40,2020-08-01,2025-08-01,5,0.8198544239025505,1.94034962936876,-0.25485309777918996,3.2169686421190353,0.28662420382165604,9.0,197722.31097791824
USD,SMH,PB_RSI5_R10_H40,2020-11-01,2025-11-01,5,0.8198544239025505,1.9403496293687605,-0.25485309777918996,3.2169686421190353,0.28662420382165604,9.0,197722.31097791824
USD,SMH,PB_RSI5_R10_H40,2021-02-01,2026-02-01,5,0.752810994672162,1.85539389286493,-0.2548530977791902,2.9539016838806975,0.2754777070063694,8.5,163985.94717241134
USD,SMH,PB_RSI5_R10_H40,2021-05-01,2026-05-01,5,0.9445461419072663,2.193098137531367,-0.1979520127567801,4.771591502167812,0.2714968152866242,8.5,275110.2983877047
USD,SMH,PB_RSI5_R10_H40_TS16,2007-02-01,2010-02-01,3,0.2297690998384072,1.1715035403018983,-0.17385272020986842,1.3216307433155987,0.21164021164021163,4.0,18598.19210156193
USD,SMH,PB_RSI5_R10_H40_TS16,2007-05-01,2010-05-01,3,0.1938489077207357,1.0736699155840703,-0.17385272020986853,1.1150179731828673,0.16512549537648613,3.5,17027.600563414475
USD,SMH,PB_RSI5_R10_H40_TS16,2007-08-01,2010-08-01,3,0.08145483036469403,0.4613059745525158,-0.2613659013745906,0.31165056320010415,0.164021164021164,3.5,12648.096030530356
USD,SMH,PB_RSI5_R10_H40_TS16,2007-11-01,2010-11-01,3,0.05708237966468377,0.37218084761880554,-0.2613659013745909,0.21840025559750817,0.10582010582010581,2.0,11812.083303142275
USD,SMH,PB_RSI5_R10_H40_TS16,2008-02-01,2011-02-01,3,0.12265812782185659,0.645712540359278,-0.2613659013745909,0.46929659598580287,0.15852047556142668,3.0,14156.046145783523
USD,SMH,PB_RSI5_R10_H40_TS16,2008-05-01,2011-05-01,3,0.16761097826236893,0.8040088885648068,-0.2613659013745909,0.6412886202096731,0.18121693121693122,3.5,15918.220238561773
USD,SMH,PB_RSI5_R10_H40_TS16,2008-08-01,2011-08-01,3,0.11939875528737831,0.6008661968730689,-0.2613659013745909,0.4568260613164508,0.21164021164021163,4.0,14026.66610304002
USD,SMH,PB_RSI5_R10_H40_TS16,2008-11-01,2011-11-01,3,0.11939875528737831,0.6008661968730687,-0.2613659013745909,0.4568260613164508,0.21164021164021163,4.0,14026.66610304002
USD,SMH,PB_RSI5_R10_H40_TS16,2009-02-01,2012-02-01,3,0.1192319791972134,0.6004686241813988,-0.2613659013745909,0.45618796702301856,0.21136063408190225,4.0,14026.66610304002
USD,SMH,PB_RSI5_R10_H40_TS16,2009-05-01,2012-05-01,3,0.11329602938752648,0.5635338035990546,-0.2613659013745909,0.4334767037003424,0.25891677675033026,4.5,13804.381193377014
USD,SMH,PB_RSI5_R10_H40_TS16,2009-08-01,2012-08-01,3,-0.024156458601468866,0.008148003146822012,-0.2613659013745907,-0.09242391021332094,0.24570673712021135,4.5,9291.769637783282
USD,SMH,PB_RSI5_R10_H40_TS16,2009-11-01,2012-11-01,3,-0.04612628647098205,-0.11690843614410222,-0.2606265279024934,-0.17698231581490811,0.21164021164021163,4.0,8679.059036284696
USD,SMH,PB_RSI5_R10_H40_TS16,2010-02-01,2013-02-01,3,-0.019797397926724747,0.01436665302944858,-0.2606265279024934,-0.07596079373060376,0.2404227212681638,4.5,9417.011316100408
USD,SMH,PB_RSI5_R10_H40_TS16,2010-05-01,2013-05-01,3,0.0006136608535451948,0.1174309827963169,-0.2606265279024934,0.0023545602148940877,0.2860927152317881,5.5,10018.396736339178
USD,SMH,PB_RSI5_R10_H40_TS16,2010-08-01,2013-08-01,3,0.1145766154727812,0.6799706432411728,-0.2216464344371647,0.5169341693392452,0.294973544973545,5.5,13846.173878437135
USD,SMH,PB_RSI5_R10_H40_TS16,2010-11-01,2013-11-01,3,0.08124088870415247,0.5109786057242235,-0.2216464344371647,0.36653370450307754,0.31704095112285335,6.0,12644.509742746843
USD,SMH,PB_RSI5_R10_H40_TS16,2011-02-01,2014-02-01,3,0.018057849142316007,0.18964207186595733,-0.22164643443716425,0.08147141725140326,0.26490066225165565,5.0,10550.827601901203
USD,SMH,PB_RSI5_R10_H40_TS16,2011-05-01,2014-05-01,3,-0.021038119637041386,-0.04644485824423479,-0.2216464344371647,-0.09491747381573852,0.2423841059602649,4.5,9382.833015898417
USD,SMH,PB_RSI5_R10_H40_TS16,2011-08-01,2014-08-01,3,0.021154242100438925,0.21382796338114168,-0.17445507994688325,0.12125896309170135,0.21164021164021163,4.0,10648.146987426264
USD,SMH,PB_RSI5_R10_H40_TS16,2011-11-01,2014-11-01,3,0.0011820132515691917,0.10248585150291256,-0.36397135313399276,0.0032475447350221657,0.2543046357615894,4.5,10035.455284817102
USD,SMH,PB_RSI5_R10_H40_TS16,2012-02-01,2015-02-01,3,-0.03754068587606196,-0.07938264114650104,-0.36397135313399276,-0.10314186969061188,0.30238726790450926,5.5,8918.237319860018
USD,SMH,PB_RSI5_R10_H40_TS16,2012-05-01,2015-05-01,3,0.006541108212537283,0.14435330725254794,-0.3639713531339921,0.01797149186663942,0.3152317880794702,6.0,10197.255798555792
USD,SMH,PB_RSI5_R10_H40_TS16,2012-08-01,2015-08-01,3,0.03216284347005227,0.2540095717181708,-0.3639713531339922,0.0883664145354095,0.3183023872679045,6.0,10993.489097751724
USD,SMH,PB_RSI5_R10_H40_TS16,2012-11-01,2015-11-01,3,0.032119566748096906,0.2538412546791785,-0.3639713531339922,0.08824751308455978,0.31788079470198677,6.0,10993.489097751724
USD,SMH,PB_RSI5_R10_H40_TS16,2013-02-01,2016-02-01,3,0.008211225337206862,0.1495921630902433,-0.36397135313399154,0.022560086848879016,0.2900662251655629,5.5,10248.03245700434
USD,SMH,PB_RSI5_R10_H40_TS16,2013-05-01,2016-05-01,3,-0.016471409328329023,0.02593091395982018,-0.363971353133992,-0.04525468608037748,0.2447089947089947,4.5,9513.952251767889
USD,SMH,PB_RSI5_R10_H40_TS16,2013-08-01,2016-08-01,3,-0.0005704511242657917,0.10461653339239228,-0.3413240540720346,-0.0016712889626741662,0.2208994708994709,4.0,9982.89622685025
USD,SMH,PB_RSI5_R10_H40_TS16,2013-11-01,2016-11-01,3,0.04318465975677599,0.3001167910744564,-0.286893624462204,0.150524989315213,0.2552910052910053,4.5,11352.292594980212
USD,SMH,PB_RSI5_R10_H40_TS16,2014-02-01,2017-02-01,3,0.06564648050773836,0.38325940312204376,-0.286893624462204,0.22881819221600294,0.3134920634920635,5.5,12101.507236407218
USD,SMH,PB_RSI5_R10_H40_TS16,2014-05-01,2017-05-01,3,0.08047070819076474,0.4386250065033946,-0.286893624462204,0.28048970534500717,0.32671957671957674,6.5,12613.598200799077
USD,SMH,PB_RSI5_R10_H40_TS16,2014-08-01,2017-08-01,3,0.1293759457550372,0.5908397601272077,-0.286893624462204,0.4509544121015539,0.37037037037037035,7.0,14405.07755374932
USD,SMH,PB_RSI5_R10_H40_TS16,2014-11-01,2017-11-01,3,0.15190727035646368,0.7090184830747108,-0.1551002809986045,0.9794132504365382,0.328042328042328,6.5,15284.546520740425
USD,SMH,PB_RSI5_R10_H40_TS16,2015-02-01,2018-02-01,3,0.1978428207344447,0.9121066394423257,-0.1503153909189483,1.316184720173623,0.2800528401585205,5.5,17199.2937232136
USD,SMH,PB_RSI5_R10_H40_TS16,2015-05-01,2018-05-01,3,0.1648069700567505,0.8847838414511842,-0.1383884330513514,1.1909013377989188,0.2222222222222222,4.5,15803.81300024281
USD,SMH,PB_RSI5_R10_H40_TS16,2015-08-01,2018-08-01,3,0.15859236081534567,0.8693594161048294,-0.1383884330513513,1.1459943386778386,0.21164021164021163,4.0,15552.205347895211
USD,SMH,PB_RSI5_R10_H40_TS16,2015-11-01,2018-11-01,3,0.10121094545704934,0.5591838610220075,-0.24362004970789997,0.41544587803180033,0.26420079260237783,5.0,13359.11569612928
USD,SMH,PB_RSI5_R10_H40_TS16,2016-02-01,2019-02-01,3,0.10121094545704934,0.5591838610220075,-0.24362004970789997,0.41544587803180033,0.26420079260237783,5.0,13359.11569612928
USD,SMH,PB_RSI5_R10_H40_TS16,2016-05-01,2019-05-01,3,0.17213186446837314,0.790917905785702,-0.24362004970789997,0.7065586952911264,0.3125827814569536,5.5,16093.692575860912
USD,SMH,PB_RSI5_R10_H40_TS16,2016-08-01,2019-08-01,3,0.08005241993930734,0.4608992954123606,-0.24362004970789986,0.32859536821903657,0.2804232804232804,5.5,12598.954367548022
USD,SMH,PB_RSI5_R10_H40_TS16,2016-11-01,2019-11-01,3,0.12098433258736918,0.6305663602152788,-0.24362004970789986,0.49661073763193647,0.2566137566137566,5.0,14086.354968862768
USD,SMH,PB_RSI5_R10_H40_TS16,2017-02-01,2020-02-01,3,0.17026309368540793,0.8043395239271122,-0.24362004970789997,0.6988878538098695,0.27019867549668874,5.5,16016.94044279184
USD,SMH,PB_RSI5_R10_H40_TS16,2017-05-01,2020-05-01,3,0.15511175139505884,0.7514472266437096,-0.24362004970790008,0.636695344168255,0.2562747688243065,4.5,15421.283256328708
USD,SMH,PB_RSI5_R10_H40_TS16,2017-08-01,2020-08-01,3,0.10425436518224895,0.5939200839579815,-0.21493211371955556,0.4850571809770621,0.21164021164021163,4.0,13465.031513702128
USD,SMH,PB_RSI5_R10_H40_TS16,2017-11-01,2020-11-01,3,0.10439942009113201,0.5943138292908081,-0.21493211371955556,0.4857320680675614,0.2119205298013245,4.0,13465.031513702128
USD,SMH,PB_RSI5_R10_H40_TS16,2018-02-01,2021-02-01,3,0.2137210391798139,0.9469719051187525,-0.21493211371955556,0.9943653160117251,0.26490066225165565,5.0,17865.815128709626
USD,SMH,PB_RSI5_R10_H40_TS16,2018-05-01,2021-05-01,3,0.22710964442962167,0.8534837096355685,-0.2548530977791902,0.8911394305530239,0.31746031746031744,6.0,18477.793458593875
USD,SMH,PB_RSI5_R10_H40_TS16,2018-08-01,2021-08-01,3,0.23519039819902487,0.856570089368341,-0.2548530977791902,0.9228469273024044,0.33642384105960266,6.5,18829.45272747828
USD,SMH,PB_RSI5_R10_H40_TS16,2018-11-01,2021-11-01,3,0.3647108945578068,1.1879191351316536,-0.25485309777918985,1.4310632193052646,0.3536423841059603,6.5,25385.522108718495
USD,SMH,PB_RSI5_R10_H40_TS16,2019-02-01,2022-02-01,3,0.4876267165430954,1.4240637297734875,-0.25485309777918985,1.9133638978388467,0.36988110964332893,7.0,32973.60323531626
USD,SMH,PB_RSI5_R10_H40_TS16,2019-05-01,2022-05-01,3,0.3821836032607149,1.2357087378662215,-0.25485309777918996,1.499623142081038,0.3236459709379128,6.5,26439.607915902292
USD,SMH,PB_RSI5_R10_H40_TS16,2019-08-01,2022-08-01,3,0.42526354011813905,1.3507496624421336,-0.25485309777918996,1.668661451730111,0.31746031746031744,6.0,28952.463753887514
USD,SMH,PB_RSI5_R10_H40_TS16,2019-11-01,2022-11-01,3,0.3740639827350405,1.2693691491125643,-0.2548530977791903,1.4677631388225731,0.2843915343915344,5.5,25943.040152845573
USD,SMH,PB_RSI5_R10_H40_TS16,2020-02-01,2023-02-01,3,0.28129241218961587,1.0819999025929963,-0.25485309777918996,1.1037433511337322,0.21164021164021163,4.0,21035.108806175427
USD,SMH,PB_RSI5_R10_H40_TS16,2020-05-01,2023-05-01,3,0.2889864129119277,1.103927120347744,-0.25485309777918996,1.1339332950243814,0.21324503311258278,4.5,21394.765226059746
USD,SMH,PB_RSI5_R10_H40_TS16,2020-08-01,2023-08-01,3,0.47915670735919647,1.3825597657202273,-0.25485309777918996,1.8801290293687065,0.26525198938992045,5.0,32262.145289694618
USD,SMH,PB_RSI5_R10_H40_TS16,2020-11-01,2023-11-01,3,0.4783899543298389,1.381636919466916,-0.25485309777918996,1.8771204215234845,0.26490066225165565,5.0,32262.145289694618
USD,SMH,PB_RSI5_R10_H40_TS16,2021-02-01,2024-02-01,3,0.4447057736333857,1.341220326101308,-0.2548530977791902,1.7449494532677319,0.23412698412698413,4.5,30153.534442243654
USD,SMH,PB_RSI5_R10_H40_TS16,2021-05-01,2024-05-01,3,0.6497227016901019,1.8114685340742884,-0.16063514896868203,4.044710674229673,0.21721854304635763,4.5,44809.50127881659
USD,SMH,PB_RSI5_R10_H40_TS16,2021-08-01,2024-08-01,3,0.929025675119026,2.166667015515922,-0.1979520127567801,4.693186303998345,0.24635761589403973,4.5,71594.8412753936
USD,SMH,PB_RSI5_R10_H40_TS16,2021-11-01,2024-11-01,3,0.9552431504557519,2.1463618586278677,-0.1979520127567801,4.825629894601987,0.2261904761904762,4.0,74748.47203127689
USD,SMH,PB_RSI5_R10_H40_TS16,2022-02-01,2025-02-01,3,0.8561475386566888,2.033527045264263,-0.1979520127567801,4.325025680383564,0.21248339973439576,4.0,63480.40861909789
USD,SMH,PB_RSI5_R10_H40_TS16,2022-05-01,2025-05-01,3,0.8561475386566888,2.0335270452642624,-0.1979520127567801,4.325025680383564,0.21248339973439576,4.0,63480.40861909789
USD,SMH,PB_RSI5_R10_H40_TS16,2022-08-01,2025-08-01,3,1.1146120549981626,2.3171017965316807,-0.1979520127567801,5.630718473005199,0.26525198938992045,5.0,93996.33384347973
USD,SMH,PB_RSI5_R10_H40_TS16,2022-11-01,2025-11-01,3,1.116716118919773,2.318672668785559,-0.1979520127567801,5.641347634549495,0.2656042496679947,5.0,93996.33384347973
USD,SMH,PB_RSI5_R10_H40_TS16,2023-02-01,2026-02-01,3,1.187886811634581,2.3559212326361605,-0.1979520127567801,6.000882714408745,0.300531914893617,5.5,103437.33706923013
USD,SMH,PB_RSI5_R10_H40_TS16,2023-05-01,2026-05-01,3,1.6248855011651209,2.664599252646759,-0.1979520127567801,8.208481836259917,0.34615384615384615,6.0,179475.3542827677
USD,SMH,PB_RSI5_R10_H40_TS16,2007-02-01,2012-02-01,5,0.12454229978332121,0.6584575614175193,-0.2613659013745908,0.4765055392777752,0.22204599524187152,7.0,17992.075525578606
USD,SMH,PB_RSI5_R10_H40_TS16,2007-05-01,2012-05-01,5,0.10128262879045913,0.5596226971069436,-0.2613659013745907,0.387512786701661,0.22266244057052298,7.0,16211.62220799492
USD,SMH,PB_RSI5_R10_H40_TS16,2007-08-01,2012-08-01,5,0.061358232545155156,0.39440851473035554,-0.2613659013745906,0.23475989875671008,0.19334389857369255,6.5,13474.579418859706
USD,SMH,PB_RSI5_R10_H40_TS16,2007-11-01,2012-11-01,5,0.047040095792214354,0.33549780750447933,-0.2613659013745909,0.17997793723212674,0.15873015873015872,5.0,12583.937865919526
USD,SMH,PB_RSI5_R10_H40_TS16,2008-02-01,2013-02-01,5,0.06426897743449489,0.4184160210345435,-0.2613659013745909,0.2458965652997874,0.1761904761904762,5.5,13653.909345361133
USD,SMH,PB_RSI5_R10_H40_TS16,2008-05-01,2013-05-01,5,0.07759157450950638,0.46880384773377015,-0.2613659013745909,0.29686953845712927,0.20333598093725178,6.5,14525.869857453024
USD,SMH,PB_RSI5_R10_H40_TS16,2008-08-01,2013-08-01,5,0.10348185703971802,0.566941483920094,-0.2613659013745909,0.3959271523005876,0.24066719618745036,7.5,16355.215928189204
USD,SMH,PB_RSI5_R10_H40_TS16,2008-11-01,2013-11-01,5,0.08361092906465384,0.4801954204270788,-0.2613659013745909,0.3198999128230665,0.2541699761715647,8.0,14935.800240871984
USD,SMH,PB_RSI5_R10_H40_TS16,2009-02-01,2014-02-01,5,0.08361092906465384,0.4801954204270788,-0.2613659013745909,0.3198999128230665,0.2541699761715647,8.0,14935.800240871984
USD,SMH,PB_RSI5_R10_H40_TS16,2009-05-01,2014-05-01,5,0.08361092906465384,0.4801954204270788,-0.2613659013745909,0.3198999128230665,0.2541699761715647,8.0,14935.800240871984
USD,SMH,PB_RSI5_R10_H40_TS16,2009-08-01,2014-08-01,5,0.019785484836251754,0.1978343003232463,-0.2613659013745907,0.07570032943163123,0.24305003971405878,7.5,11028.345552307734
USD,SMH,PB_RSI5_R10_H40_TS16,2009-11-01,2014-11-01,5,-0.005905933519876894,0.07793505390341372,-0.3639713531339923,-0.016226369105764995,0.24781572676727562,7.5,9708.398990181031
USD,SMH,PB_RSI5_R10_H40_TS16,2010-02-01,2015-02-01,5,-0.029115141870657224,-0.02329190490204333,-0.3639713531339923,-0.07999294895040485,0.2764098490865767,8.5,8627.591248532146
USD,SMH,PB_RSI5_R10_H40_TS16,2010-05-01,2015-05-01,5,-0.005521391216303462,0.09708287753666779,-0.3639713531339923,-0.01516985105767601,0.31215250198570293,9.5,9727.175942692253
USD,SMH,PB_RSI5_R10_H40_TS16,2010-08-01,2015-08-01,5,0.03213385709287442,0.2574663527954905,-0.3639713531339921,0.08828677536345748,0.28594122319301035,9.0,11711.853039418498
USD,SMH,PB_RSI5_R10_H40_TS16,2010-11-01,2015-11-01,5,0.03213385709287442,0.2574663527954905,-0.3639713531339921,0.08828677536345748,0.28594122319301035,9.0,11711.853039418498
USD,SMH,PB_RSI5_R10_H40_TS16,2011-02-01,2016-02-01,5,-0.0045972122537344395,0.07734958882536581,-0.3639713531339921,-0.012630698032001507,0.2543720190779014,8.0,9772.600506602423
USD,SMH,PB_RSI5_R10_H40_TS16,2011-05-01,2016-05-01,5,-0.027718228315834703,-0.04772303837826797,-0.36397135313399265,-0.07615497229978563,0.24085850556438793,7.5,8690.756985547936
USD,SMH,PB_RSI5_R10_H40_TS16,2011-08-01,2016-08-01,5,0.033493414163404456,0.26518750890695186,-0.36397135313399276,0.09202211623252163,0.2454328832406672,7.5,11789.13092254747
USD,SMH,PB_RSI5_R10_H40_TS16,2011-11-01,2016-11-01,5,0.03868678389301716,0.2854025830725335,-0.36397135313399276,0.10629073843285401,0.28038125496425736,8.5,12088.088019561996
USD,SMH,PB_RSI5_R10_H40_TS16,2012-02-01,2017-02-01,5,0.052059234334378424,0.3396945405267245,-0.36397135313399276,0.14303113112095195,0.3153296266878475,9.5,12885.862782266653
USD,SMH,PB_RSI5_R10_H40_TS16,2012-05-01,2017-05-01,5,0.06386543542430134,0.3938397972685978,-0.3639713531339921,0.17546830231111615,0.2957074721780604,10.0,13621.348637107663
USD,SMH,PB_RSI5_R10_H40_TS16,2012-08-01,2017-08-01,5,0.11342141282608087,0.5840684163931104,-0.3639713531339922,0.31162181267690586,0.3179650238473768,10.0,17097.299993808232
USD,SMH,PB_RSI5_R10_H40_TS16,2012-11-01,2017-11-01,5,0.11323155067264512,0.583604058927845,-0.3639713531339922,0.311100172301088,0.31746031746031744,10.0,17097.299993808232
USD,SMH,PB_RSI5_R10_H40_TS16,2013-02-01,2018-02-01,5,0.0977071545653343,0.524591798851215,-0.36397135313399154,0.2684473756630089,0.3007936507936508,9.5,15937.950518322657
USD,SMH,PB_RSI5_R10_H40_TS16,2013-05-01,2018-05-01,5,0.08151012565732452,0.4688485436841483,-0.363971353133992,0.22394654127441035,0.27380952380952384,8.5,14796.293908956419
USD,SMH,PB_RSI5_R10_H40_TS16,2013-08-01,2018-08-01,5,0.05369005439028074,0.3564768148067311,-0.3413240540720346,0.1572993574573849,0.2365079365079365,7.5,12988.66166327662
USD,SMH,PB_RSI5_R10_H40_TS16,2013-11-01,2018-11-01,5,0.043518771812072865,0.304991632861714,-0.286893624462204,0.15168957446736892,0.25396825396825395,8.0,12373.749789659014
USD,SMH,PB_RSI5_R10_H40_TS16,2014-02-01,2019-02-01,5,0.04355408000931571,0.30511277810391624,-0.286893624462204,0.1518126451605885,0.2541699761715647,8.0,12373.749789659014
USD,SMH,PB_RSI5_R10_H40_TS16,2014-05-01,2019-05-01,5,0.0831869182865066,0.460082072911199,-0.286893624462204,0.2899573611733077,0.28276409849086576,8.5,14906.624783786789
USD,SMH,PB_RSI5_R10_H40_TS16,2014-08-01,2019-08-01,5,0.07107555844882607,0.4104473031695454,-0.286893624462204,0.2477418540828875,0.28594122319301035,9.0,14092.31074652534
USD,SMH,PB_RSI5_R10_H40_TS16,2014-11-01,2019-11-01,5,0.11640506808420903,0.596360295602521,-0.24362004970789997,0.47781399036646827,0.2811755361397935,9.0,17334.81566347123
USD,SMH,PB_RSI5_R10_H40_TS16,2015-02-01,2020-02-01,5,0.18304573774745925,0.8345423297251984,-0.24362004970789997,0.7513574435557778,0.29547259729944403,9.5,23158.903199648998
USD,SMH,PB_RSI5_R10_H40_TS16,2015-05-01,2020-05-01,5,0.16303785697629736,0.8069429457309186,-0.24362004970789997,0.669230045604947,0.26031746031746034,8.5,21279.884008492463
USD,SMH,PB_RSI5_R10_H40_TS16,2015-08-01,2020-08-01,5,0.15944690062106015,0.7974383210922363,-0.24362004970789997,0.6544900586476224,0.2541699761715647,8.0,20941.093511697563
USD,SMH,PB_RSI5_R10_H40_TS16,2015-11-01,2020-11-01,5,0.15944690062106015,0.7974383210922363,-0.24362004970789997,0.6544900586476224,0.2541699761715647,8.0,20941.093511697563
USD,SMH,PB_RSI5_R10_H40_TS16,2016-02-01,2021-02-01,5,0.2267694817356738,0.9939916754190912,-0.24362004970789997,0.930832589549054,0.2857142857142857,9.0,27785.282558922474
USD,SMH,PB_RSI5_R10_H40_TS16,2016-05-01,2021-05-01,5,0.23526815191177675,0.9231655359614441,-0.2548530977791902,0.9231520195827393,0.3177124702144559,10.0,28737.043824404656
USD,SMH,PB_RSI5_R10_H40_TS16,2016-08-01,2021-08-01,5,0.19399423782465397,0.8031934254616382,-0.2548530977791901,0.7612002346258885,0.30659253375694995,10.0,24249.656443959095
USD,SMH,PB_RSI5_R10_H40_TS16,2016-11-01,2021-11-01,5,0.22070154777212103,0.8821920084033424,-0.2548530977791902,0.8659951544451747,0.31374106433677523,10.0,27083.437649118056
USD,SMH,PB_RSI5_R10_H40_TS16,2017-02-01,2022-02-01,5,0.2749843814525037,1.0409616050172397,-0.2548530977791902,1.0789917165957137,0.28888888888888886,9.5,33691.8084956158
USD,SMH,PB_RSI5_R10_H40_TS16,2017-05-01,2022-05-01,5,0.2653569518092056,1.014808133388543,-0.2548530977791901,1.0412153280519127,0.28095238095238095,8.5,32438.83712277259
USD,SMH,PB_RSI5_R10_H40_TS16,2017-08-01,2022-08-01,5,0.2316923798793633,0.9448690494158912,-0.2548530977791902,0.9091213012451048,0.2541699761715647,8.0,28323.840296930535
USD,SMH,PB_RSI5_R10_H40_TS16,2017-11-01,2022-11-01,5,0.2316923798793633,0.9448690494158912,-0.2548530977791902,0.9091213012451048,0.2541699761715647,8.0,28323.840296930535
USD,SMH,PB_RSI5_R10_H40_TS16,2018-02-01,2023-02-01,5,0.2316923798793633,0.9448690494158912,-0.2548530977791902,0.9091213012451048,0.2541699761715647,8.0,28323.840296930535
USD,SMH,PB_RSI5_R10_H40_TS16,2018-05-01,2023-05-01,5,0.23587906796579317,0.9579015508662322,-0.2548530977791902,0.9255491497700511,0.2549642573471009,8.5,28808.1187997153
USD,SMH,PB_RSI5_R10_H40_TS16,2018-08-01,2023-08-01,5,0.3420940576523199,1.1505364870850554,-0.2548530977791902,1.3423186166201404,0.2861685214626391,9.0,43441.08030253749
USD,SMH,PB_RSI5_R10_H40_TS16,2018-11-01,2023-11-01,5,0.3835880356283856,1.2888706885479848,-0.25485309777918985,1.505133894667172,0.2543720190779014,8.0,50572.5541096422
USD,SMH,PB_RSI5_R10_H40_TS16,2019-02-01,2024-02-01,5,0.44411485164667,1.4092686723956822,-0.25485309777918985,1.7426307763834228,0.2676727561556791,8.5,62715.56394041081
USD,SMH,PB_RSI5_R10_H40_TS16,2019-05-01,2024-05-01,5,0.5053053960492853,1.493315732459603,-0.25485309777918996,1.9827320148452439,0.2611111111111111,9.0,77289.96172337313
USD,SMH,PB_RSI5_R10_H40_TS16,2019-08-01,2024-08-01,5,0.6905637056662639,1.7792834694857178,-0.25485309777918996,2.709653960198603,0.28594122319301035,9.0,137801.14233606544
USD,SMH,PB_RSI5_R10_H40_TS16,2019-11-01,2024-11-01,5,0.7090531678865939,1.7727894410559457,-0.2548530977791903,2.78220345000841,0.29547259729944403,9.0,145497.06575283137
USD,SMH,PB_RSI5_R10_H40_TS16,2020-02-01,2025-02-01,5,0.6813346648144192,1.7555786147598629,-0.25485309777918996,2.673440781185802,0.2545743834526651,8.0,133531.7302363199
USD,SMH,PB_RSI5_R10_H40_TS16,2020-05-01,2025-05-01,5,0.6813346648144192,1.7555786147598624,-0.25485309777918996,2.673440781185802,0.2545743834526651,8.0,133531.7302363199
USD,SMH,PB_RSI5_R10_H40_TS16,2020-08-01,2025-08-01,5,0.8198544239025505,1.94034962936876,-0.25485309777918996,3.2169686421190353,0.28662420382165604,9.0,197722.31097791824
USD,SMH,PB_RSI5_R10_H40_TS16,2020-11-01,2025-11-01,5,0.8198544239025505,1.9403496293687605,-0.25485309777918996,3.2169686421190353,0.28662420382165604,9.0,197722.31097791824
USD,SMH,PB_RSI5_R10_H40_TS16,2021-02-01,2026-02-01,5,0.752810994672162,1.85539389286493,-0.2548530977791902,2.9539016838806975,0.2754777070063694,8.5,163985.94717241134
USD,SMH,PB_RSI5_R10_H40_TS16,2021-05-01,2026-05-01,5,0.9445461419072663,2.193098137531367,-0.1979520127567801,4.771591502167812,0.2714968152866242,8.5,275110.2983877047
USD,SMH,PB_RSI5_R10_H40_TS12,2007-02-01,2010-02-01,3,0.2297690998384072,1.1715035403018983,-0.17385272020986842,1.3216307433155987,0.21164021164021163,4.0,18598.19210156193
USD,SMH,PB_RSI5_R10_H40_TS12,2007-05-01,2010-05-01,3,0.1938489077207357,1.0736699155840703,-0.17385272020986853,1.1150179731828673,0.16512549537648613,3.5,17027.600563414475
USD,SMH,PB_RSI5_R10_H40_TS12,2007-08-01,2010-08-01,3,0.08145483036469403,0.4613059745525158,-0.2613659013745906,0.31165056320010415,0.164021164021164,3.5,12648.096030530356
USD,SMH,PB_RSI5_R10_H40_TS12,2007-11-01,2010-11-01,3,0.05708237966468377,0.37218084761880554,-0.2613659013745909,0.21840025559750817,0.10582010582010581,2.0,11812.083303142275
USD,SMH,PB_RSI5_R10_H40_TS12,2008-02-01,2011-02-01,3,0.12265812782185659,0.645712540359278,-0.2613659013745909,0.46929659598580287,0.15852047556142668,3.0,14156.046145783523
USD,SMH,PB_RSI5_R10_H40_TS12,2008-05-01,2011-05-01,3,0.16761097826236893,0.8040088885648068,-0.2613659013745909,0.6412886202096731,0.18121693121693122,3.5,15918.220238561773
USD,SMH,PB_RSI5_R10_H40_TS12,2008-08-01,2011-08-01,3,0.11939875528737831,0.6008661968730689,-0.2613659013745909,0.4568260613164508,0.21164021164021163,4.0,14026.66610304002
USD,SMH,PB_RSI5_R10_H40_TS12,2008-11-01,2011-11-01,3,0.11939875528737831,0.6008661968730687,-0.2613659013745909,0.4568260613164508,0.21164021164021163,4.0,14026.66610304002
USD,SMH,PB_RSI5_R10_H40_TS12,2009-02-01,2012-02-01,3,0.1192319791972134,0.6004686241813988,-0.2613659013745909,0.45618796702301856,0.21136063408190225,4.0,14026.66610304002
USD,SMH,PB_RSI5_R10_H40_TS12,2009-05-01,2012-05-01,3,0.11329602938752648,0.5635338035990546,-0.2613659013745909,0.4334767037003424,0.25891677675033026,4.5,13804.381193377014
USD,SMH,PB_RSI5_R10_H40_TS12,2009-08-01,2012-08-01,3,-0.024156458601468866,0.008148003146822012,-0.2613659013745907,-0.09242391021332094,0.24570673712021135,4.5,9291.769637783282
USD,SMH,PB_RSI5_R10_H40_TS12,2009-11-01,2012-11-01,3,-0.04612628647098205,-0.11690843614410222,-0.2606265279024934,-0.17698231581490811,0.21164021164021163,4.0,8679.059036284696
USD,SMH,PB_RSI5_R10_H40_TS12,2010-02-01,2013-02-01,3,-0.019797397926724747,0.01436665302944858,-0.2606265279024934,-0.07596079373060376,0.2404227212681638,4.5,9417.011316100408
USD,SMH,PB_RSI5_R10_H40_TS12,2010-05-01,2013-05-01,3,0.0006136608535451948,0.1174309827963169,-0.2606265279024934,0.0023545602148940877,0.2860927152317881,5.5,10018.396736339178
USD,SMH,PB_RSI5_R10_H40_TS12,2010-08-01,2013-08-01,3,0.1145766154727812,0.6799706432411728,-0.2216464344371647,0.5169341693392452,0.294973544973545,5.5,13846.173878437135
USD,SMH,PB_RSI5_R10_H40_TS12,2010-11-01,2013-11-01,3,0.08124088870415247,0.5109786057242235,-0.2216464344371647,0.36653370450307754,0.31704095112285335,6.0,12644.509742746843
USD,SMH,PB_RSI5_R10_H40_TS12,2011-02-01,2014-02-01,3,0.018057849142316007,0.18964207186595733,-0.22164643443716425,0.08147141725140326,0.26490066225165565,5.0,10550.827601901203
USD,SMH,PB_RSI5_R10_H40_TS12,2011-05-01,2014-05-01,3,-0.021038119637041386,-0.04644485824423479,-0.2216464344371647,-0.09491747381573852,0.2423841059602649,4.5,9382.833015898417
USD,SMH,PB_RSI5_R10_H40_TS12,2011-08-01,2014-08-01,3,0.021154242100438925,0.21382796338114168,-0.17445507994688325,0.12125896309170135,0.21164021164021163,4.0,10648.146987426264
USD,SMH,PB_RSI5_R10_H40_TS12,2011-11-01,2014-11-01,3,-0.009732753314419362,0.04202651844130151,-0.3478828607009037,-0.027977099230499916,0.24900662251655628,5.5,9711.226872882879
USD,SMH,PB_RSI5_R10_H40_TS12,2012-02-01,2015-02-01,3,-0.048047141911510605,-0.1384630763471273,-0.3478828607009037,-0.1381129895698417,0.29708222811671087,6.5,8630.104311301304
USD,SMH,PB_RSI5_R10_H40_TS12,2012-05-01,2015-05-01,3,-0.004432082565761886,0.0946752161097618,-0.347882860700903,-0.012740157870474764,0.30993377483443707,7.0,9867.799888503074
USD,SMH,PB_RSI5_R10_H40_TS12,2012-08-01,2015-08-01,3,0.02089548559091714,0.20545536288971347,-0.34788286070090313,0.060064717039573584,0.3129973474801061,7.0,10638.308250384205
USD,SMH,PB_RSI5_R10_H40_TS12,2012-11-01,2015-11-01,3,0.020867522674055117,0.2053192318750905,-0.34788286070090313,0.0599843367736252,0.3125827814569536,7.0,10638.308250384205
USD,SMH,PB_RSI5_R10_H40_TS12,2013-02-01,2016-02-01,3,-0.0027801728582378393,0.09877928399925587,-0.34788286070090246,-0.007991692527296234,0.2847682119205298,6.5,9916.93603988294
USD,SMH,PB_RSI5_R10_H40_TS12,2013-05-01,2016-05-01,3,-0.027179614932218432,-0.030820349175036912,-0.3478828607009029,-0.07812864042068023,0.23941798941798942,5.5,9206.57271170101
USD,SMH,PB_RSI5_R10_H40_TS12,2013-08-01,2016-08-01,3,-0.01145177902613681,0.0503457498442841,-0.324662692946028,-0.035272851716413735,0.2156084656084656,5.0,9660.365908267418
USD,SMH,PB_RSI5_R10_H40_TS12,2013-11-01,2016-11-01,3,0.03182694639140249,0.2528279595791693,-0.2688554329697941,0.11837940576405702,0.25,5.5,10985.519419731078
USD,SMH,PB_RSI5_R10_H40_TS12,2014-02-01,2017-02-01,3,0.05404421319942876,0.3398786453664725,-0.2688554329697941,0.20101588650247074,0.3082010582010582,6.5,11710.528216331562
USD,SMH,PB_RSI5_R10_H40_TS12,2014-05-01,2017-05-01,3,0.06870704152970175,0.3962077887116737,-0.2688554329697941,0.25555385201169056,0.32142857142857145,7.5,12206.074396711292
USD,SMH,PB_RSI5_R10_H40_TS12,2014-08-01,2017-08-01,3,0.11707982142684337,0.5531314709627779,-0.2688554329697941,0.435475006525151,0.36507936507936506,8.0,13939.674112999823
USD,SMH,PB_RSI5_R10_H40_TS12,2014-11-01,2017-11-01,3,0.15190727035646368,0.7090184830747108,-0.1551002809986045,0.9794132504365382,0.328042328042328,6.5,15284.546520740425
USD,SMH,PB_RSI5_R10_H40_TS12,2015-02-01,2018-02-01,3,0.1978428207344447,0.9121066394423257,-0.1503153909189483,1.316184720173623,0.2800528401585205,5.5,17199.2937232136
USD,SMH,PB_RSI5_R10_H40_TS12,2015-05-01,2018-05-01,3,0.1648069700567505,0.8847838414511842,-0.1383884330513514,1.1909013377989188,0.2222222222222222,4.5,15803.81300024281
USD,SMH,PB_RSI5_R10_H40_TS12,2015-08-01,2018-08-01,3,0.15859236081534567,0.8693594161048294,-0.1383884330513513,1.1459943386778386,0.21164021164021163,4.0,15552.205347895211
USD,SMH,PB_RSI5_R10_H40_TS12,2015-11-01,2018-11-01,3,0.07723122813025673,0.4607221064461512,-0.2853272294662603,0.27067598236147056,0.26023778071334214,7.0,12504.174173616924
USD,SMH,PB_RSI5_R10_H40_TS12,2016-02-01,2019-02-01,3,0.07723122813025673,0.4607221064461512,-0.2853272294662603,0.27067598236147056,0.26023778071334214,7.0,12504.174173616924
USD,SMH,PB_RSI5_R10_H40_TS12,2016-05-01,2019-05-01,3,0.14654091952909298,0.7044695215898935,-0.2853272294662603,0.5135889757287301,0.3086092715231788,7.5,15063.746706192385
USD,SMH,PB_RSI5_R10_H40_TS12,2016-08-01,2019-08-01,3,0.0565026777171187,0.3635283630442086,-0.2853272294662601,0.19802763943285032,0.27645502645502645,7.5,11792.660786890128
USD,SMH,PB_RSI5_R10_H40_TS12,2016-11-01,2019-11-01,3,0.096542100358467,0.5357829734498533,-0.2853272294662602,0.338355720689753,0.2526455026455027,7.0,13184.872412856592
USD,SMH,PB_RSI5_R10_H40_TS12,2017-02-01,2020-02-01,3,0.14471294928373024,0.7153459679596429,-0.2853272294662602,0.5071824009031093,0.2662251655629139,7.5,14991.906469014835
USD,SMH,PB_RSI5_R10_H40_TS12,2017-05-01,2020-05-01,3,0.1299583024636073,0.6612275536064928,-0.28532722946626043,0.45547108387345375,0.2523117569352708,6.5,14434.369475046024
USD,SMH,PB_RSI5_R10_H40_TS12,2017-08-01,2020-08-01,3,0.08017691748833977,0.4903845036721219,-0.25822116103363335,0.3104970838462643,0.20767195767195767,6.0,12603.311710920801
USD,SMH,PB_RSI5_R10_H40_TS12,2017-11-01,2020-11-01,3,0.08028726547161402,0.4907094642704047,-0.25822116103363335,0.31092442288707933,0.20794701986754968,6.0,12603.311710920801
USD,SMH,PB_RSI5_R10_H40_TS12,2018-02-01,2021-02-01,3,0.18722208524225126,0.8617811258943451,-0.25822116103363335,0.7250454784294984,0.2609271523178808,7.0,16722.458971423777
USD,SMH,PB_RSI5_R10_H40_TS12,2018-05-01,2021-05-01,3,0.16202895575448362,0.6755795119532167,-0.2984879846841447,0.5428324223031628,0.30952380952380953,11.0,15691.008229240826
USD,SMH,PB_RSI5_R10_H40_TS12,2018-08-01,2021-08-01,3,0.16959671912371177,0.6840732795953176,-0.2984879846841447,0.568186083949665,0.32847682119205296,11.5,15989.630924332578
USD,SMH,PB_RSI5_R10_H40_TS12,2018-11-01,2021-11-01,3,0.32108209421618694,1.0920836388244797,-0.2984879846841445,1.0756952061435612,0.34966887417218545,9.5,23030.82728830751
USD,SMH,PB_RSI5_R10_H40_TS12,2019-02-01,2022-02-01,3,0.44019201264095376,1.33526448357456,-0.2984879846841445,1.4747394710268098,0.36591809775429324,10.0,29915.057800797906
USD,SMH,PB_RSI5_R10_H40_TS12,2019-05-01,2022-05-01,3,0.33811107536781626,1.1403916650115633,-0.2984879846841443,1.132746015641469,0.31968295904887717,9.5,23987.13884527838
USD,SMH,PB_RSI5_R10_H40_TS12,2019-08-01,2022-08-01,3,0.3797582144794127,1.2562310014994063,-0.2984879846841443,1.2722730359859122,0.3134920634920635,9.0,26266.90872975031
USD,SMH,PB_RSI5_R10_H40_TS12,2019-11-01,2022-11-01,3,0.33019333901000647,1.1700776528905998,-0.2984879846841445,1.106219867976971,0.2804232804232804,8.5,23536.631412777195
USD,SMH,PB_RSI5_R10_H40_TS12,2020-02-01,2023-02-01,3,0.24038374736101553,0.9725141016349226,-0.2984879846841444,0.8053381030241002,0.20767195767195767,7.0,19083.946976981824
USD,SMH,PB_RSI5_R10_H40_TS12,2020-05-01,2023-05-01,3,0.24777846837491535,0.9948638522178441,-0.2984879846841444,0.8301120349521302,0.20927152317880796,7.5,19410.242605411775
USD,SMH,PB_RSI5_R10_H40_TS12,2020-08-01,2023-08-01,3,0.43180745791688047,1.294108789692406,-0.2984879846841444,1.4466493797859663,0.2612732095490716,8.0,29269.592838591074
USD,SMH,PB_RSI5_R10_H40_TS12,2020-11-01,2023-11-01,3,0.43112691832585726,1.2932457883035788,-0.2984879846841444,1.4443694233859008,0.2609271523178808,8.0,29269.592838591074
USD,SMH,PB_RSI5_R10_H40_TS12,2021-02-01,2024-02-01,3,0.39857970302900747,1.2501329560350047,-0.29848798468414484,1.335329137120136,0.23015873015873015,7.5,27356.571233681192
USD,SMH,PB_RSI5_R10_H40_TS12,2021-05-01,2024-05-01,3,0.6497227016901019,1.8114685340742884,-0.16063514896868203,4.044710674229673,0.21721854304635763,4.5,44809.50127881659
USD,SMH,PB_RSI5_R10_H40_TS12,2021-08-01,2024-08-01,3,0.929025675119026,2.166667015515922,-0.1979520127567801,4.693186303998345,0.24635761589403973,4.5,71594.8412753936
USD,SMH,PB_RSI5_R10_H40_TS12,2021-11-01,2024-11-01,3,0.9552431504557519,2.1463618586278677,-0.1979520127567801,4.825629894601987,0.2261904761904762,4.0,74748.47203127689
USD,SMH,PB_RSI5_R10_H40_TS12,2022-02-01,2025-02-01,3,0.8561475386566888,2.033527045264263,-0.1979520127567801,4.325025680383564,0.21248339973439576,4.0,63480.40861909789
USD,SMH,PB_RSI5_R10_H40_TS12,2022-05-01,2025-05-01,3,0.8561475386566888,2.0335270452642624,-0.1979520127567801,4.325025680383564,0.21248339973439576,4.0,63480.40861909789
USD,SMH,PB_RSI5_R10_H40_TS12,2022-08-01,2025-08-01,3,1.1146120549981626,2.3171017965316807,-0.1979520127567801,5.630718473005199,0.26525198938992045,5.0,93996.33384347973
USD,SMH,PB_RSI5_R10_H40_TS12,2022-11-01,2025-11-01,3,1.116716118919773,2.318672668785559,-0.1979520127567801,5.641347634549495,0.2656042496679947,5.0,93996.33384347973
USD,SMH,PB_RSI5_R10_H40_TS12,2023-02-01,2026-02-01,3,1.187886811634581,2.3559212326361605,-0.1979520127567801,6.000882714408745,0.300531914893617,5.5,103437.33706923013
USD,SMH,PB_RSI5_R10_H40_TS12,2023-05-01,2026-05-01,3,1.6248855011651209,2.664599252646759,-0.1979520127567801,8.208481836259917,0.34615384615384615,6.0,179475.3542827677
USD,SMH,PB_RSI5_R10_H40_TS12,2007-02-01,2012-02-01,5,0.12454229978332121,0.6584575614175193,-0.2613659013745908,0.4765055392777752,0.22204599524187152,7.0,17992.075525578606
USD,SMH,PB_RSI5_R10_H40_TS12,2007-05-01,2012-05-01,5,0.10128262879045913,0.5596226971069436,-0.2613659013745907,0.387512786701661,0.22266244057052298,7.0,16211.62220799492
USD,SMH,PB_RSI5_R10_H40_TS12,2007-08-01,2012-08-01,5,0.061358232545155156,0.39440851473035554,-0.2613659013745906,0.23475989875671008,0.19334389857369255,6.5,13474.579418859706
USD,SMH,PB_RSI5_R10_H40_TS12,2007-11-01,2012-11-01,5,0.047040095792214354,0.33549780750447933,-0.2613659013745909,0.17997793723212674,0.15873015873015872,5.0,12583.937865919526
USD,SMH,PB_RSI5_R10_H40_TS12,2008-02-01,2013-02-01,5,0.06426897743449489,0.4184160210345435,-0.2613659013745909,0.2458965652997874,0.1761904761904762,5.5,13653.909345361133
USD,SMH,PB_RSI5_R10_H40_TS12,2008-05-01,2013-05-01,5,0.07759157450950638,0.46880384773377015,-0.2613659013745909,0.29686953845712927,0.20333598093725178,6.5,14525.869857453024
USD,SMH,PB_RSI5_R10_H40_TS12,2008-08-01,2013-08-01,5,0.10348185703971802,0.566941483920094,-0.2613659013745909,0.3959271523005876,0.24066719618745036,7.5,16355.215928189204
USD,SMH,PB_RSI5_R10_H40_TS12,2008-11-01,2013-11-01,5,0.08361092906465384,0.4801954204270788,-0.2613659013745909,0.3198999128230665,0.2541699761715647,8.0,14935.800240871984
USD,SMH,PB_RSI5_R10_H40_TS12,2009-02-01,2014-02-01,5,0.08361092906465384,0.4801954204270788,-0.2613659013745909,0.3198999128230665,0.2541699761715647,8.0,14935.800240871984
USD,SMH,PB_RSI5_R10_H40_TS12,2009-05-01,2014-05-01,5,0.08361092906465384,0.4801954204270788,-0.2613659013745909,0.3198999128230665,0.2541699761715647,8.0,14935.800240871984
USD,SMH,PB_RSI5_R10_H40_TS12,2009-08-01,2014-08-01,5,0.019785484836251754,0.1978343003232463,-0.2613659013745907,0.07570032943163123,0.24305003971405878,7.5,11028.345552307734
USD,SMH,PB_RSI5_R10_H40_TS12,2009-11-01,2014-11-01,5,-0.012419241361409372,0.0451651110601505,-0.34788286070090324,-0.035699491881800334,0.24463860206513105,8.5,9394.737208261427
USD,SMH,PB_RSI5_R10_H40_TS12,2010-02-01,2015-02-01,5,-0.03547638289694133,-0.055705625195608365,-0.34788286070090324,-0.10197795552636496,0.2732327243844321,9.5,8348.848517889788
USD,SMH,PB_RSI5_R10_H40_TS12,2010-05-01,2015-05-01,5,-0.012037218580369768,0.06826238652607144,-0.34788286070090324,-0.03460135562906884,0.3089753772835584,10.5,9412.907509522563
USD,SMH,PB_RSI5_R10_H40_TS12,2010-08-01,2015-08-01,5,0.025371312408629887,0.22576003143689855,-0.34788286070090313,0.07293061910987103,0.28276409849086576,10.0,11333.463080616844
USD,SMH,PB_RSI5_R10_H40_TS12,2010-11-01,2015-11-01,5,0.025371312408629887,0.22576003143689852,-0.34788286070090313,0.07293061910987103,0.28276409849086576,10.0,11333.463080616844
USD,SMH,PB_RSI5_R10_H40_TS12,2011-02-01,2016-02-01,5,-0.011124262133437757,0.042539822105955825,-0.3478828607009029,-0.03197703419773242,0.25119236883942764,9.0,9456.86448339308
USD,SMH,PB_RSI5_R10_H40_TS12,2011-05-01,2016-05-01,5,-0.03409366919166079,-0.08524613460822314,-0.3478828607009036,-0.09800330238451509,0.23767885532591415,8.5,8409.973477878526
USD,SMH,PB_RSI5_R10_H40_TS12,2011-08-01,2016-08-01,5,0.02672196165642271,0.2329393893075543,-0.3478828607009037,0.07681310198089128,0.24225575853852263,8.5,11408.24424739232
USD,SMH,PB_RSI5_R10_H40_TS12,2011-11-01,2016-11-01,5,0.03188130440918857,0.25508317725667473,-0.3478828607009037,0.0916437916629612,0.27720413026211277,9.5,11697.54255145222
USD,SMH,PB_RSI5_R10_H40_TS12,2012-02-01,2017-02-01,5,0.04516613850793494,0.31116088057150487,-0.3478828607009037,0.12983145653377576,0.31215250198570293,10.5,12469.542574790124
USD,SMH,PB_RSI5_R10_H40_TS12,2012-05-01,2017-05-01,5,0.05688946263440342,0.365191279930064,-0.347882860700903,0.1635305128852407,0.29252782193958665,11.0,13181.26613843982
USD,SMH,PB_RSI5_R10_H40_TS12,2012-08-01,2017-08-01,5,0.10612049184403305,0.558444172785274,-0.34788286070090313,0.3050466229644798,0.314785373608903,11.0,16544.91544641831
USD,SMH,PB_RSI5_R10_H40_TS12,2012-11-01,2017-11-01,5,0.10594342342961749,0.5580002390546928,-0.34788286070090313,0.30453763435245446,0.3142857142857143,11.0,16544.91544641831
USD,SMH,PB_RSI5_R10_H40_TS12,2013-02-01,2018-02-01,5,0.09052066275846804,0.4982896605844344,-0.34788286070090246,0.26020443368808144,0.2976190476190476,10.5,15423.022571420217
USD,SMH,PB_RSI5_R10_H40_TS12,2013-05-01,2018-05-01,5,0.07442967289289215,0.4411152963310318,-0.3478828607009029,0.2139503876187913,0.2706349206349206,9.5,14318.250936270257
USD,SMH,PB_RSI5_R10_H40_TS12,2013-08-01,2018-08-01,5,0.046791734641376204,0.3263513473400217,-0.324662692946028,0.14412414995016035,0.23333333333333334,8.5,12569.020199614633
USD,SMH,PB_RSI5_R10_H40_TS12,2013-11-01,2018-11-01,5,0.02306477232425208,0.21520560698393967,-0.28532722946626043,0.0808362116976973,0.24841269841269842,11.0,11207.678212402117
USD,SMH,PB_RSI5_R10_H40_TS12,2014-02-01,2019-02-01,5,0.023083302073019674,0.21529107261438604,-0.28532722946626043,0.08090115379524002,0.24861000794281177,11.0,11207.678212402117
USD,SMH,PB_RSI5_R10_H40_TS12,2014-05-01,2019-05-01,5,0.06193868660162272,0.3780670866735408,-0.28532722946626043,0.21707947999735822,0.27720413026211277,11.5,13501.861331423012
USD,SMH,PB_RSI5_R10_H40_TS12,2014-08-01,2019-08-01,5,0.050064908085785564,0.328247977210571,-0.28532722946626043,0.17546488002367708,0.28038125496425736,12.0,12764.286235060905
USD,SMH,PB_RSI5_R10_H40_TS12,2014-11-01,2019-11-01,5,0.10172371343773912,0.5415320039981739,-0.2853272294662601,0.35651596809749253,0.27879269261318507,11.0,16225.441807229157
USD,SMH,PB_RSI5_R10_H40_TS12,2015-02-01,2020-02-01,5,0.16748802080814928,0.7830264279386283,-0.2853272294662602,0.5870032843393752,0.2930897537728356,11.5,21676.806000134467
USD,SMH,PB_RSI5_R10_H40_TS12,2015-05-01,2020-05-01,5,0.14775531339366088,0.7514272324725889,-0.2853272294662602,0.5178451200400866,0.25793650793650796,10.5,19918.038146316263
USD,SMH,PB_RSI5_R10_H40_TS12,2015-08-01,2020-08-01,5,0.14419952166480066,0.7413816980709277,-0.2853272294662603,0.5053829665487714,0.25178713264495634,10.0,19600.929179177274
USD,SMH,PB_RSI5_R10_H40_TS12,2015-11-01,2020-11-01,5,0.14419952166480066,0.7413816980709277,-0.2853272294662603,0.5053829665487714,0.25178713264495634,10.0,19600.929179177274
USD,SMH,PB_RSI5_R10_H40_TS12,2016-02-01,2021-02-01,5,0.21064949221167328,0.9435895353045558,-0.2853272294662603,0.7382733593485594,0.2833333333333333,11.0,26007.1115845335
USD,SMH,PB_RSI5_R10_H40_TS12,2016-05-01,2021-05-01,5,0.1955014690892103,0.8114010038072528,-0.2984879846841444,0.6549726592716524,0.3129467831612391,15.0,24402.97820966669
USD,SMH,PB_RSI5_R10_H40_TS12,2016-08-01,2021-08-01,5,0.15555627593430654,0.6879104441536567,-0.2984879846841445,0.5211475299379768,0.3018268467037331,15.0,20592.36995321307
USD,SMH,PB_RSI5_R10_H40_TS12,2016-11-01,2021-11-01,5,0.18140380404243706,0.769137074866335,-0.2984879846841447,0.6077423995287304,0.3089753772835584,15.0,22998.765733621447
USD,SMH,PB_RSI5_R10_H40_TS12,2017-02-01,2022-02-01,5,0.23397116980110977,0.9314761164748354,-0.2984879846841446,0.7838545663695456,0.2841269841269841,14.5,28610.47481385499
USD,SMH,PB_RSI5_R10_H40_TS12,2017-05-01,2022-05-01,5,0.22465343164530194,0.9045722648583024,-0.2984879846841447,0.7526381066327567,0.2761904761904762,13.5,27546.474170794296
USD,SMH,PB_RSI5_R10_H40_TS12,2017-08-01,2022-08-01,5,0.19204081100354475,0.8285771880217225,-0.2984879846841447,0.6433786981635435,0.2494042891183479,13.0,24052.093242558618
USD,SMH,PB_RSI5_R10_H40_TS12,2017-11-01,2022-11-01,5,0.19204081100354475,0.8285771880217225,-0.2984879846841447,0.6433786981635435,0.2494042891183479,13.0,24052.093242558618
USD,SMH,PB_RSI5_R10_H40_TS12,2018-02-01,2023-02-01,5,0.19204081100354475,0.8285771880217225,-0.2984879846841447,0.6433786981635435,0.2494042891183479,13.0,24052.093242558618
USD,SMH,PB_RSI5_R10_H40_TS12,2018-05-01,2023-05-01,5,0.19609271807343776,0.841917001417576,-0.2984879846841447,0.6569534726194757,0.25019857029388404,13.5,24463.33379405997
USD,SMH,PB_RSI5_R10_H40_TS12,2018-08-01,2023-08-01,5,0.29885456934402876,1.0503993908083156,-0.2984879846841447,1.0012281387482713,0.28139904610492844,14.0,36889.38021964977
USD,SMH,PB_RSI5_R10_H40_TS12,2018-11-01,2023-11-01,5,0.35686938337577656,1.2298943585622861,-0.2984879846841445,1.195590448149564,0.2519872813990461,11.0,45881.57589351836
USD,SMH,PB_RSI5_R10_H40_TS12,2019-02-01,2024-02-01,5,0.41624929342908157,1.3527562808480915,-0.2984879846841445,1.3945261276414538,0.2652899126290707,11.5,56898.231803723334
USD,SMH,PB_RSI5_R10_H40_TS12,2019-05-01,2024-05-01,5,0.4762819374899383,1.4395957858451702,-0.2984879846841443,1.5956486087503088,0.25873015873015875,12.0,70120.74646121058
USD,SMH,PB_RSI5_R10_H40_TS12,2019-08-01,2024-08-01,5,0.6579426843485552,1.7301995202978535,-0.2984879846841443,2.2042518228825214,0.2835583796664019,12.0,125019.06778523276
USD,SMH,PB_RSI5_R10_H40_TS12,2019-11-01,2024-11-01,5,0.6760753749552391,1.7246162555347349,-0.2984879846841445,2.2650003003325305,0.2930897537728356,12.0,132001.13741832916
USD,SMH,PB_RSI5_R10_H40_TS12,2020-02-01,2025-02-01,5,0.6488406089655654,1.7064009324801892,-0.2984879846841444,2.17375788057988,0.25218774860779636,11.0,121145.6752164004
USD,SMH,PB_RSI5_R10_H40_TS12,2020-05-01,2025-05-01,5,0.6488406089655654,1.7064009324801888,-0.2984879846841444,2.17375788057988,0.25218774860779636,11.0,121145.6752164004
USD,SMH,PB_RSI5_R10_H40_TS12,2020-08-01,2025-08-01,5,0.7846555573021352,1.8936457051226296,-0.2984879846841444,2.6287676474898856,0.28423566878980894,12.0,179382.1051099649
USD,SMH,PB_RSI5_R10_H40_TS12,2020-11-01,2025-11-01,5,0.7846555573021352,1.8936457051226299,-0.2984879846841444,2.6287676474898856,0.28423566878980894,12.0,179382.1051099649
USD,SMH,PB_RSI5_R10_H40_TS12,2021-02-01,2026-02-01,5,0.7189088541674815,1.8075254118911723,-0.29848798468414484,2.408501819355373,0.2730891719745223,11.5,148775.03842003839
USD,SMH,PB_RSI5_R10_H40_TS12,2021-05-01,2026-05-01,5,0.9445461419072663,2.193098137531367,-0.1979520127567801,4.771591502167812,0.2714968152866242,8.5,275110.2983877047
USD,SMH,PB_RSI5_R10_H40_TS8,2007-02-01,2010-02-01,3,0.2097370602591455,1.093241401928102,-0.21357066615547105,0.9820499417577561,0.20899470899470898,5.0,17704.063407264915
USD,SMH,PB_RSI5_R10_H40_TS8,2007-05-01,2010-05-01,3,0.17442746117646601,0.9899661901952561,-0.21357066615547093,0.8167201250825793,0.16248348745046234,4.5,16208.97979771662
USD,SMH,PB_RSI5_R10_H40_TS8,2007-08-01,2010-08-01,3,-0.01225478196908214,0.040183629006283736,-0.3831447311745436,-0.03198473310989995,0.14814814814814814,8.5,9636.843527168347
USD,SMH,PB_RSI5_R10_H40_TS8,2007-11-01,2010-11-01,3,-0.03320378481157038,-0.09429542552033106,-0.3831447311745435,-0.08666120687548808,0.09126984126984126,7.0,9036.595126579892
USD,SMH,PB_RSI5_R10_H40_TS8,2008-02-01,2011-02-01,3,0.026892195636124328,0.23384412423748707,-0.3831447311745435,0.07018808676733036,0.14398943196829592,8.0,10829.796432149888
USD,SMH,PB_RSI5_R10_H40_TS8,2008-05-01,2011-05-01,3,0.0678844868784938,0.42463661379917783,-0.3831447311745435,0.1771771379196356,0.16666666666666666,8.5,12177.912036342168
USD,SMH,PB_RSI5_R10_H40_TS8,2008-08-01,2011-08-01,3,0.023790104458812023,0.2165854080281952,-0.3831447311745435,0.062091691528375265,0.1970899470899471,9.0,10730.816850502191
USD,SMH,PB_RSI5_R10_H40_TS8,2008-11-01,2011-11-01,3,0.023790104458812023,0.2165854080281952,-0.3831447311745435,0.062091691528375265,0.1970899470899471,9.0,10730.816850502191
USD,SMH,PB_RSI5_R10_H40_TS8,2009-02-01,2012-02-01,3,0.023758307236312115,0.21644227904992386,-0.3831447311745435,0.0620087014206882,0.19682959048877147,9.0,10730.816850502191
USD,SMH,PB_RSI5_R10_H40_TS8,2009-05-01,2012-05-01,3,0.018328710832746564,0.19279444615131305,-0.3831447311745435,0.0478375646105305,0.24438573315719947,9.5,10560.76228181839
USD,SMH,PB_RSI5_R10_H40_TS8,2009-08-01,2012-08-01,3,-0.10739868888823512,-0.4368408877546568,-0.38314473117454384,-0.2803084060662941,0.2311756935270806,9.5,7108.480195340187
USD,SMH,PB_RSI5_R10_H40_TS8,2009-11-01,2012-11-01,3,-0.12759732472305763,-0.6229073078224668,-0.3825272584329764,-0.3335640059894301,0.1970899470899471,9.0,6639.738357561829
USD,SMH,PB_RSI5_R10_H40_TS8,2010-02-01,2013-02-01,3,-0.10341146849026439,-0.46680930927249054,-0.3825272584329764,-0.27033751506726517,0.22589167767503301,9.5,7204.293805088782
USD,SMH,PB_RSI5_R10_H40_TS8,2010-05-01,2013-05-01,3,-0.08495768172679685,-0.3172161257137493,-0.3825272584329764,-0.2220957588089961,0.271523178807947,10.5,7664.3715422886335
USD,SMH,PB_RSI5_R10_H40_TS8,2010-08-01,2013-08-01,3,0.1145766154727812,0.6799706432411728,-0.2216464344371647,0.5169341693392452,0.294973544973545,5.5,13846.173878437135
USD,SMH,PB_RSI5_R10_H40_TS8,2010-11-01,2013-11-01,3,0.08124088870415247,0.5109786057242235,-0.2216464344371647,0.36653370450307754,0.31704095112285335,6.0,12644.509742746843
USD,SMH,PB_RSI5_R10_H40_TS8,2011-02-01,2014-02-01,3,0.018057849142316007,0.18964207186595733,-0.22164643443716425,0.08147141725140326,0.26490066225165565,5.0,10550.827601901203
USD,SMH,PB_RSI5_R10_H40_TS8,2011-05-01,2014-05-01,3,-0.021038119637041386,-0.04644485824423479,-0.2216464344371647,-0.09491747381573852,0.2423841059602649,4.5,9382.833015898417
USD,SMH,PB_RSI5_R10_H40_TS8,2011-08-01,2014-08-01,3,0.021154242100438925,0.21382796338114168,-0.17445507994688325,0.12125896309170135,0.21164021164021163,4.0,10648.146987426264
USD,SMH,PB_RSI5_R10_H40_TS8,2011-11-01,2014-11-01,3,-0.04661899894511756,-0.17305147510657745,-0.35461869145065883,-0.13146232860543977,0.24370860927152319,6.5,8667.258609644674
USD,SMH,PB_RSI5_R10_H40_TS8,2012-02-01,2015-02-01,3,-0.08355236320506809,-0.3401285319371768,-0.3621379715726889,-0.23071969736346007,0.2917771883289125,7.5,7702.357989712263
USD,SMH,PB_RSI5_R10_H40_TS8,2012-05-01,2015-05-01,3,-0.04151577170870091,-0.08013935862226275,-0.3621379715726887,-0.11464075840599286,0.304635761589404,8.0,8806.99984269747
USD,SMH,PB_RSI5_R10_H40_TS8,2012-08-01,2015-08-01,3,-0.017181105939343855,0.031059917274834613,-0.3621379715726888,-0.04744353613273399,0.3076923076923077,8.0,9494.677653208235
USD,SMH,PB_RSI5_R10_H40_TS8,2012-11-01,2015-11-01,3,-0.0171585458683432,0.031039340898901716,-0.3621379715726888,-0.04738123923825844,0.3072847682119205,8.0,9494.677653208235
USD,SMH,PB_RSI5_R10_H40_TS8,2013-02-01,2016-02-01,3,-0.039925393620479754,-0.08059317928321195,-0.3621379715726879,-0.11024912258466654,0.27947019867549666,7.5,8850.853800252642
USD,SMH,PB_RSI5_R10_H40_TS8,2013-05-01,2016-05-01,3,-0.06336895737877513,-0.22805036717703733,-0.36213797157268846,-0.17498567494476533,0.23412698412698413,6.5,8216.855361872742
USD,SMH,PB_RSI5_R10_H40_TS8,2013-08-01,2016-08-01,3,-0.060174113933506135,-0.20511823298349266,-0.3394253906390452,-0.17728230000771225,0.20899470899470898,7.0,8301.2254426995
USD,SMH,PB_RSI5_R10_H40_TS8,2013-11-01,2016-11-01,3,-0.01902845649324747,0.023536586044880552,-0.28483806283522195,-0.06680447235120883,0.24338624338624337,7.5,9439.939871252414
USD,SMH,PB_RSI5_R10_H40_TS8,2014-02-01,2017-02-01,3,0.002093793307838432,0.12795253518440614,-0.28483806283522195,0.007350819925529706,0.30158730158730157,8.5,10062.945410138913
USD,SMH,PB_RSI5_R10_H40_TS8,2014-05-01,2017-05-01,3,0.01603393839672851,0.18693554663845796,-0.28483806283522195,0.05629141778710979,0.3148148148148148,9.5,10488.771988517306
USD,SMH,PB_RSI5_R10_H40_TS8,2014-08-01,2017-08-01,3,0.06202258089668056,0.3640225909091381,-0.28483806283522195,0.21774681473157068,0.3584656084656085,10.0,11978.467328110506
USD,SMH,PB_RSI5_R10_H40_TS8,2014-11-01,2017-11-01,3,0.13744702300091038,0.6581589256905204,-0.1551002809986045,0.8861816504519875,0.32671957671957674,7.5,14716.127271415606
USD,SMH,PB_RSI5_R10_H40_TS8,2015-02-01,2018-02-01,3,0.18282566899625574,0.8590608415689943,-0.153644435626776,1.189927043243955,0.27873183619550856,6.5,16559.666658465536
USD,SMH,PB_RSI5_R10_H40_TS8,2015-05-01,2018-05-01,3,0.1501847887909955,0.8232958544525967,-0.1383884330513513,1.0852409083587715,0.2208994708994709,5.5,15216.082673413803
USD,SMH,PB_RSI5_R10_H40_TS8,2015-08-01,2018-08-01,3,0.14404819345675302,0.806744313574156,-0.1383884330513513,1.040897640652536,0.21031746031746032,5.0,14973.832095067582
USD,SMH,PB_RSI5_R10_H40_TS8,2015-11-01,2018-11-01,3,0.11259692204717875,0.6289206378958206,-0.18208403206183132,0.618378892274,0.2536327608982827,6.0,13778.357304607507
USD,SMH,PB_RSI5_R10_H40_TS8,2016-02-01,2019-02-01,3,0.11259692204717875,0.6289206378958206,-0.18208403206183132,0.618378892274,0.2536327608982827,6.0,13778.357304607507
USD,SMH,PB_RSI5_R10_H40_TS8,2016-05-01,2019-05-01,3,0.1842833981387888,0.860924176130903,-0.18208403206183132,1.0120788520116395,0.3019867549668874,6.5,16598.75187135103
USD,SMH,PB_RSI5_R10_H40_TS8,2016-08-01,2019-08-01,3,0.10510722746021783,0.5806257949072205,-0.18208403206183144,0.5772457160028502,0.27116402116402116,5.5,13496.254453450392
USD,SMH,PB_RSI5_R10_H40_TS8,2016-11-01,2019-11-01,3,0.14698866919957831,0.7586435174058275,-0.2015493313526736,0.7292937575782658,0.24735449735449735,5.0,15089.588027327427
USD,SMH,PB_RSI5_R10_H40_TS8,2017-02-01,2020-02-01,3,0.19744695902912457,0.9338689680515753,-0.20154933135267372,0.9796458152650938,0.2609271523178808,5.5,17157.670190351633
USD,SMH,PB_RSI5_R10_H40_TS8,2017-05-01,2020-05-01,3,0.18187196347961487,0.8797280283477819,-0.2015493313526734,0.9023694708337839,0.24702774108322326,4.5,16519.59017823256
USD,SMH,PB_RSI5_R10_H40_TS8,2017-08-01,2020-08-01,3,0.12987060386011007,0.7362338992731698,-0.20154933135267372,0.6443613729130202,0.20238095238095238,4.0,14424.013789647508
USD,SMH,PB_RSI5_R10_H40_TS8,2017-11-01,2020-11-01,3,0.13005334806974633,0.7367223594926441,-0.20154933135267372,0.6452680700893879,0.20264900662251656,4.0,14424.013789647508
USD,SMH,PB_RSI5_R10_H40_TS8,2018-02-01,2021-02-01,3,0.24191438260141673,1.078610844085911,-0.20154933135267372,1.2002738038267748,0.2556291390728477,5.0,19138.222106466405
USD,SMH,PB_RSI5_R10_H40_TS8,2018-05-01,2021-05-01,3,0.19871927943876888,0.8280820598187845,-0.27855835901427806,0.713384728937835,0.291005291005291,9.0,17224.731899573475
USD,SMH,PB_RSI5_R10_H40_TS8,2018-08-01,2021-08-01,3,0.20657566827384133,0.82905386987369,-0.31391202129861784,0.6580686761190655,0.30993377483443707,9.5,17552.54358553627
USD,SMH,PB_RSI5_R10_H40_TS8,2018-11-01,2021-11-01,3,0.28583986655741356,1.0418265531570967,-0.3139120212986173,0.9105731770797674,0.3337748344370861,11.5,21238.673010165185
USD,SMH,PB_RSI5_R10_H40_TS8,2019-02-01,2022-02-01,3,0.40187245748118117,1.2974032586569388,-0.3139120212986173,1.2802072880760726,0.35006605019815057,12.0,27587.204000869777
USD,SMH,PB_RSI5_R10_H40_TS8,2019-05-01,2022-05-01,3,0.3025076136679885,1.0931713043754399,-0.3139120212986175,0.9636700512982896,0.3038309114927345,11.5,22120.568749301627
USD,SMH,PB_RSI5_R10_H40_TS8,2019-08-01,2022-08-01,3,0.342998729158847,1.2161360015109655,-0.31391202129861717,1.0926587893636617,0.2976190476190476,11.0,24222.937305523825
USD,SMH,PB_RSI5_R10_H40_TS8,2019-11-01,2022-11-01,3,0.2947543599151785,1.1261829377650334,-0.3139120212986176,0.938971240081262,0.26455026455026454,10.5,21705.117757126496
USD,SMH,PB_RSI5_R10_H40_TS8,2020-02-01,2023-02-01,3,0.2073374732569766,0.9164492801145007,-0.3139120212986176,0.6604954865992246,0.1917989417989418,9.0,17598.920981584626
USD,SMH,PB_RSI5_R10_H40_TS8,2020-05-01,2023-05-01,3,0.21449174604122456,0.9404860985475278,-0.3139120212986176,0.683286180484255,0.19337748344370861,9.5,17899.825767596743
USD,SMH,PB_RSI5_R10_H40_TS8,2020-08-01,2023-08-01,3,0.39356145796838193,1.2534649701556575,-0.3139120212986176,1.253731718652455,0.2453580901856764,10.0,26991.966187645845
USD,SMH,PB_RSI5_R10_H40_TS8,2020-11-01,2023-11-01,3,0.3929490481654385,1.2526294137307303,-0.3139120212986176,1.2517808223458722,0.24503311258278146,10.0,26991.966187645845
USD,SMH,PB_RSI5_R10_H40_TS8,2021-02-01,2024-02-01,3,0.36131877606106455,1.2081498196913985,-0.3139120212986176,1.1510192396147516,0.21428571428571427,9.5,25227.80722716032
USD,SMH,PB_RSI5_R10_H40_TS8,2021-05-01,2024-05-01,3,0.6282058061668117,1.770657210379394,-0.16147451381971334,3.8904331792458895,0.21456953642384105,6.5,43081.198932189276
USD,SMH,PB_RSI5_R10_H40_TS8,2021-08-01,2024-08-01,3,0.90386590501296,2.129373341350641,-0.1979520127567802,4.566085953990893,0.24370860927152319,6.5,68833.42843545269
USD,SMH,PB_RSI5_R10_H40_TS8,2021-11-01,2024-11-01,3,0.9552431504557519,2.1463618586278677,-0.1979520127567801,4.825629894601987,0.2261904761904762,4.0,74748.47203127689
USD,SMH,PB_RSI5_R10_H40_TS8,2022-02-01,2025-02-01,3,0.8561475386566888,2.033527045264263,-0.1979520127567801,4.325025680383564,0.21248339973439576,4.0,63480.40861909789
USD,SMH,PB_RSI5_R10_H40_TS8,2022-05-01,2025-05-01,3,0.8561475386566888,2.0335270452642624,-0.1979520127567801,4.325025680383564,0.21248339973439576,4.0,63480.40861909789
USD,SMH,PB_RSI5_R10_H40_TS8,2022-08-01,2025-08-01,3,1.1146120549981626,2.3171017965316807,-0.1979520127567801,5.630718473005199,0.26525198938992045,5.0,93996.33384347973
USD,SMH,PB_RSI5_R10_H40_TS8,2022-11-01,2025-11-01,3,1.116716118919773,2.318672668785559,-0.1979520127567801,5.641347634549495,0.2656042496679947,5.0,93996.33384347973
USD,SMH,PB_RSI5_R10_H40_TS8,2023-02-01,2026-02-01,3,1.187886811634581,2.3559212326361605,-0.1979520127567801,6.000882714408745,0.300531914893617,5.5,103437.33706923013
USD,SMH,PB_RSI5_R10_H40_TS8,2023-05-01,2026-05-01,3,1.541670874218657,2.5935342812624387,-0.1979520127567801,7.78810405991112,0.34350132625994695,7.0,162983.14882434436
USD,SMH,PB_RSI5_R10_H40_TS8,2007-02-01,2012-02-01,5,0.055489091308634775,0.37089899902965373,-0.3831447311745434,0.14482540615534775,0.21173671689135606,13.0,13102.730732963118
USD,SMH,PB_RSI5_R10_H40_TS8,2007-05-01,2012-05-01,5,0.033709601509429366,0.2658922399080701,-0.38314473117454373,0.08798137822772974,0.21236133122028525,13.0,11806.11543309157
USD,SMH,PB_RSI5_R10_H40_TS8,2007-08-01,2012-08-01,5,0.005266830933885913,0.12231118922628628,-0.3831447311745436,0.013746322225912537,0.1838351822503962,11.5,10266.55815551307
USD,SMH,PB_RSI5_R10_H40_TS8,2007-11-01,2012-11-01,5,-0.007572070906944006,0.04526995124287026,-0.3831447311745435,-0.019762951936547736,0.15,10.0,9627.0868291372
USD,SMH,PB_RSI5_R10_H40_TS8,2008-02-01,2013-02-01,5,0.00875817604114526,0.13815192417502997,-0.3831447311745435,0.022858662350117062,0.16746031746031745,10.5,10445.646841673633
USD,SMH,PB_RSI5_R10_H40_TS8,2008-05-01,2013-05-01,5,0.021342427687302656,0.20606282511144935,-0.3831447311745435,0.05570330465429265,0.19459888800635425,11.5,11112.722573525576
USD,SMH,PB_RSI5_R10_H40_TS8,2008-08-01,2013-08-01,5,0.04588126469978815,0.3235357022487633,-0.3831447311745435,0.11974917300607929,0.23193010325655283,12.5,12512.22673916628
USD,SMH,PB_RSI5_R10_H40_TS8,2008-11-01,2013-11-01,5,0.027047578265584793,0.23294053918781682,-0.3831447311745435,0.07059363228790724,0.2454328832406672,13.0,11426.331511929808
USD,SMH,PB_RSI5_R10_H40_TS8,2009-02-01,2014-02-01,5,0.027047578265584793,0.23294053918781682,-0.3831447311745435,0.07059363228790724,0.2454328832406672,13.0,11426.331511929808
USD,SMH,PB_RSI5_R10_H40_TS8,2009-05-01,2014-05-01,5,0.027047578265584793,0.23294053918781682,-0.3831447311745435,0.07059363228790724,0.2454328832406672,13.0,11426.331511929808
USD,SMH,PB_RSI5_R10_H40_TS8,2009-08-01,2014-08-01,5,-0.03344624490311299,-0.08326917955289412,-0.38314473117454384,-0.087294022811125,0.23431294678316125,12.5,8437.012431643758
USD,SMH,PB_RSI5_R10_H40_TS8,2009-11-01,2014-11-01,5,-0.08503708691979006,-0.36418457051253894,-0.4232306237277239,-0.20092375681797733,0.23272438443208895,14.5,6414.615285919548
USD,SMH,PB_RSI5_R10_H40_TS8,2010-02-01,2015-02-01,5,-0.10639881273524154,-0.45288683125469403,-0.42995051234016024,-0.24746757982942677,0.26131850675139,15.5,5700.494876598397
USD,SMH,PB_RSI5_R10_H40_TS8,2010-05-01,2015-05-01,5,-0.0846831546731911,-0.28448767867219305,-0.42995051234016024,-0.19696023668461884,0.29706115965051627,16.5,6427.021752394942
USD,SMH,PB_RSI5_R10_H40_TS8,2010-08-01,2015-08-01,5,0.00229334643944612,0.11219613833380838,-0.36213797157268857,0.00633279749562467,0.2795869737887212,11.0,10115.102524981572
USD,SMH,PB_RSI5_R10_H40_TS8,2010-11-01,2015-11-01,5,0.00229334643944612,0.11219613833380838,-0.36213797157268857,0.00633279749562467,0.2795869737887212,11.0,10115.102524981572
USD,SMH,PB_RSI5_R10_H40_TS8,2011-02-01,2016-02-01,5,-0.033398315816616675,-0.07803054551370611,-0.3621379715726887,-0.09222539042667867,0.2480127186009539,10.0,8440.240474950353
USD,SMH,PB_RSI5_R10_H40_TS8,2011-05-01,2016-05-01,5,-0.05585034562884783,-0.2123726948725032,-0.3621379715726891,-0.15422394229001038,0.23449920508744038,9.5,7505.8914787135855
USD,SMH,PB_RSI5_R10_H40_TS8,2011-08-01,2016-08-01,5,-0.0039706930794337625,0.07769906416421779,-0.3621379715726889,-0.010964586403877725,0.23828435266084194,10.5,9803.190510820743
USD,SMH,PB_RSI5_R10_H40_TS8,2011-11-01,2016-11-01,5,0.0010344171433109839,0.1094415789582431,-0.3621379715726889,0.002856417234621181,0.2732327243844321,11.5,10051.786730156142
USD,SMH,PB_RSI5_R10_H40_TS8,2012-02-01,2017-02-01,5,0.01392211663167231,0.1732209425861987,-0.3621379715726889,0.03844423320540371,0.30818109610802225,12.5,10715.17218536056
USD,SMH,PB_RSI5_R10_H40_TS8,2012-05-01,2017-05-01,5,0.02527025030478458,0.22463753254390212,-0.3621379715726887,0.06978072527175547,0.28855325914149443,13.0,11326.761623156217
USD,SMH,PB_RSI5_R10_H40_TS8,2012-08-01,2017-08-01,5,0.07302842315542946,0.4282860348911876,-0.3621379715726888,0.20165911582892682,0.3108108108108108,13.0,14217.170897593045
USD,SMH,PB_RSI5_R10_H40_TS8,2012-11-01,2017-11-01,5,0.07290837850951015,0.42794574312680467,-0.3621379715726888,0.20132762712754051,0.3103174603174603,13.0,14217.170897593045
USD,SMH,PB_RSI5_R10_H40_TS8,2013-02-01,2018-02-01,5,0.0579463028795395,0.3662924627185516,-0.3621379715726879,0.16001167352843745,0.29365079365079366,12.5,13253.119870297398
USD,SMH,PB_RSI5_R10_H40_TS8,2013-05-01,2018-05-01,5,0.042335958372267335,0.302832127465481,-0.36213797157268846,0.11690560420496984,0.26666666666666666,11.5,12303.78125381382
USD,SMH,PB_RSI5_R10_H40_TS8,2013-08-01,2018-08-01,5,0.015523578202923494,0.17894962227277397,-0.3394253906390452,0.045734876149650563,0.22936507936507936,10.5,10800.654060272322
USD,SMH,PB_RSI5_R10_H40_TS8,2013-11-01,2018-11-01,5,0.0196547513785299,0.19926693466616754,-0.28483806283522195,0.06900324760985374,0.24126984126984127,11.0,11022.135266405157
USD,SMH,PB_RSI5_R10_H40_TS8,2014-02-01,2019-02-01,5,0.019670515323122695,0.19934606842017066,-0.28483806283522195,0.06905859114237142,0.2414614773629865,11.0,11022.135266405157
USD,SMH,PB_RSI5_R10_H40_TS8,2014-05-01,2019-05-01,5,0.05839628661181373,0.3678438776366177,-0.28483806283522195,0.20501574133228054,0.27005559968228754,11.5,13278.338218036106
USD,SMH,PB_RSI5_R10_H40_TS8,2014-08-01,2019-08-01,5,0.04656211647772612,0.31646569914766287,-0.28483806283522195,0.1634687303173459,0.2732327243844321,12.0,12552.973666416583
USD,SMH,PB_RSI5_R10_H40_TS8,2014-11-01,2019-11-01,5,0.12333134522765721,0.6341929147419239,-0.20154933135267372,0.6119164196672544,0.2748212867355044,10.0,17878.82442623184
USD,SMH,PB_RSI5_R10_H40_TS8,2015-02-01,2020-02-01,5,0.1903854595807497,0.8772237397625423,-0.20154933135267372,0.9446097305458715,0.2891183478951549,10.5,23885.68602336729
USD,SMH,PB_RSI5_R10_H40_TS8,2015-05-01,2020-05-01,5,0.17024770375002896,0.8546432832430635,-0.20154933135267383,0.8446949568496813,0.25396825396825395,9.5,21947.6986305737
USD,SMH,PB_RSI5_R10_H40_TS8,2015-08-01,2020-08-01,5,0.16664021315285882,0.8455127488666282,-0.2015493313526736,0.8267961597018133,0.24781572676727562,9.0,21598.27606231211
USD,SMH,PB_RSI5_R10_H40_TS8,2015-11-01,2020-11-01,5,0.16664021315285882,0.8455127488666282,-0.2015493313526736,0.8267961597018133,0.24781572676727562,9.0,21598.27606231211
USD,SMH,PB_RSI5_R10_H40_TS8,2016-02-01,2021-02-01,5,0.23437441044624907,1.0413589230670037,-0.2015493313526736,1.1628637459289692,0.27936507936507937,10.0,28657.25244203383
USD,SMH,PB_RSI5_R10_H40_TS8,2016-05-01,2021-05-01,5,0.20882227177589185,0.8869501348839802,-0.27855835901427806,0.7496535825198061,0.30103256552819696,14.0,25792.02433467675
USD,SMH,PB_RSI5_R10_H40_TS8,2016-08-01,2021-08-01,5,0.17732904602493704,0.7877831722481585,-0.3139120212986173,0.5649004625287924,0.2907069102462272,13.0,22605.1791216279
USD,SMH,PB_RSI5_R10_H40_TS8,2016-11-01,2021-11-01,5,0.19422440883539194,0.8417446761915635,-0.31391202129861717,0.6187224306731178,0.2962668784749801,15.0,24273.020403665596
USD,SMH,PB_RSI5_R10_H40_TS8,2017-02-01,2022-02-01,5,0.24735155088006366,1.0124102602955738,-0.3139120212986174,0.7879645699989416,0.2714285714285714,14.5,30195.64819080884
USD,SMH,PB_RSI5_R10_H40_TS8,2017-05-01,2022-05-01,5,0.23793277722977302,0.9844193634716752,-0.3139120212986176,0.7579600687016468,0.2634920634920635,13.5,29072.69621948763
USD,SMH,PB_RSI5_R10_H40_TS8,2017-08-01,2022-08-01,5,0.20497684869248523,0.9111298178449321,-0.31391202129861784,0.6529754669621114,0.23669579030976967,13.0,25384.707892129343
USD,SMH,PB_RSI5_R10_H40_TS8,2017-11-01,2022-11-01,5,0.20497684869248523,0.9111298178449321,-0.31391202129861784,0.6529754669621114,0.23669579030976967,13.0,25384.707892129343
USD,SMH,PB_RSI5_R10_H40_TS8,2018-02-01,2023-02-01,5,0.20497684869248523,0.9111298178449321,-0.31391202129861784,0.6529754669621114,0.23669579030976967,13.0,25384.707892129343
USD,SMH,PB_RSI5_R10_H40_TS8,2018-05-01,2023-05-01,5,0.20907272709463842,0.9252470970824604,-0.31391202129861784,0.6660233215336216,0.2374900714853058,13.5,25818.73337041031
USD,SMH,PB_RSI5_R10_H40_TS8,2018-08-01,2023-08-01,5,0.3129610159687082,1.1250814966093525,-0.31391202129861784,0.9969704717711177,0.2686804451510334,14.0,38933.24925003028
USD,SMH,PB_RSI5_R10_H40_TS8,2018-11-01,2023-11-01,5,0.3350281537082165,1.205674968662353,-0.3139120212986173,1.0672676768549487,0.2424483306836248,13.0,42311.28024168886
USD,SMH,PB_RSI5_R10_H40_TS8,2019-02-01,2024-02-01,5,0.39347019920270343,1.3323046033393005,-0.3139120212986173,1.2534410041863426,0.255758538522637,13.5,52470.67007225458
USD,SMH,PB_RSI5_R10_H40_TS8,2019-05-01,2024-05-01,5,0.45255596497840944,1.420690941998807,-0.3139120212986175,1.4416649706699287,0.2492063492063492,14.0,64664.26875053831
USD,SMH,PB_RSI5_R10_H40_TS8,2019-08-01,2024-08-01,5,0.6312761696297604,1.7177551632770682,-0.31391202129861717,2.0109971163838996,0.27402700555996823,14.0,115290.65228474319
USD,SMH,PB_RSI5_R10_H40_TS8,2019-11-01,2024-11-01,5,0.6491172122406965,1.7110416462827853,-0.3139120212986176,2.067831647718918,0.2835583796664019,14.0,121729.40900047886
USD,SMH,PB_RSI5_R10_H40_TS8,2020-02-01,2025-02-01,5,0.6222786387575574,1.6931154805314503,-0.3139120212986176,1.9823345285830816,0.24264120922832141,13.0,111718.66951662072
USD,SMH,PB_RSI5_R10_H40_TS8,2020-05-01,2025-05-01,5,0.6222786387575574,1.6931154805314503,-0.3139120212986176,1.9823345285830816,0.24264120922832141,13.0,111718.66951662072
USD,SMH,PB_RSI5_R10_H40_TS8,2020-08-01,2025-08-01,5,0.7558829739430899,1.883894599258554,-0.3139120212986176,2.407945292493386,0.2746815286624204,14.0,165423.40518700477
USD,SMH,PB_RSI5_R10_H40_TS8,2020-11-01,2025-11-01,5,0.7558829739430899,1.8838945992585547,-0.3139120212986176,2.407945292493386,0.2746815286624204,14.0,165423.40518700477
USD,SMH,PB_RSI5_R10_H40_TS8,2021-02-01,2026-02-01,5,0.6911962526569138,1.7962583499023783,-0.3139120212986176,2.2018788888603726,0.2635350318471338,13.5,137198.04128278713
USD,SMH,PB_RSI5_R10_H40_TS8,2021-05-01,2026-05-01,5,0.8923079755242305,2.1200257935876494,-0.1979520127567802,4.507698421943261,0.26831210191082805,11.5,240194.13761371077
USD,SMH,PB_RSI5_R10_H30,2007-02-01,2010-02-01,3,0.21509958562679588,1.2575906929373508,-0.09627587710447483,2.234200218122949,0.15873015873015872,4.0,17940.544435252854
USD,SMH,PB_RSI5_R10_H30,2007-05-01,2010-05-01,3,0.16983286586374424,1.101130102261315,-0.09627587710447527,1.7640230447285092,0.11889035667107001,3.0,16019.235575052675
USD,SMH,PB_RSI5_R10_H30,2007-08-01,2010-08-01,3,0.05983564275754105,0.3794252855662443,-0.23569077002422179,0.2538735087139466,0.14153439153439154,3.5,11904.620705049836
USD,SMH,PB_RSI5_R10_H30,2007-11-01,2010-11-01,3,-0.002345105403565473,0.09405374589338068,-0.29592687916991123,-0.007924611005744403,0.11904761904761904,3.0,9929.811694504126
USD,SMH,PB_RSI5_R10_H30,2008-02-01,2011-02-01,3,0.0318355498737779,0.2526588262590043,-0.29592687916991123,0.10757910860641694,0.15852047556142668,4.0,10987.160521057283
USD,SMH,PB_RSI5_R10_H30,2008-05-01,2011-05-01,3,0.0730319900358114,0.4245878174047309,-0.29592687916991123,0.24679066072223502,0.18121693121693122,4.5,12354.865134620582
USD,SMH,PB_RSI5_R10_H30,2008-08-01,2011-08-01,3,0.06395651238594002,0.3842498562159409,-0.29592687916991123,0.21612268735216295,0.1984126984126984,5.0,12044.024535747603
USD,SMH,PB_RSI5_R10_H30,2008-11-01,2011-11-01,3,0.06395651238594002,0.3842498562159409,-0.29592687916991123,0.21612268735216295,0.1984126984126984,5.0,12044.024535747603
USD,SMH,PB_RSI5_R10_H30,2009-02-01,2012-02-01,3,0.06386938323053726,0.3839958259491878,-0.29592687916991123,0.21582825936492783,0.19815059445178335,5.0,12044.024535747603
USD,SMH,PB_RSI5_R10_H30,2009-05-01,2012-05-01,3,0.041700692879310886,0.29010139736863877,-0.29592687916991123,0.14091552952635897,0.24174372523117568,6.5,11305.74713121442
USD,SMH,PB_RSI5_R10_H30,2009-08-01,2012-08-01,3,-0.10969445569819569,-0.3524906471608733,-0.3713965379750904,-0.2953566995973261,0.25891677675033026,6.5,7053.700116825405
USD,SMH,PB_RSI5_R10_H30,2009-11-01,2012-11-01,3,-0.09989998143232004,-0.32675349520152713,-0.3527626812520782,-0.2831931684999673,0.23809523809523808,6.0,7292.430721304903
USD,SMH,PB_RSI5_R10_H30,2010-02-01,2013-02-01,3,-0.07498445678294707,-0.2061347818965311,-0.3527626812520782,-0.212563461976196,0.2668428005284016,6.5,7912.482486558103
USD,SMH,PB_RSI5_R10_H30,2010-05-01,2013-05-01,3,-0.04483783136656949,-0.06334483943878466,-0.3527626812520782,-0.1271048037378113,0.2993377483443709,7.5,8715.86305241249
USD,SMH,PB_RSI5_R10_H30,2010-08-01,2013-08-01,3,0.052618909890501886,0.36112222072258315,-0.34911295828711997,0.15072173244061216,0.2857142857142857,7.0,11663.086672955193
USD,SMH,PB_RSI5_R10_H30,2010-11-01,2013-11-01,3,0.08538962395322836,0.54090378636094,-0.3491129582871202,0.24459024486567915,0.2774108322324967,7.0,12790.814763061982
USD,SMH,PB_RSI5_R10_H30,2011-02-01,2014-02-01,3,0.049572343458679,0.3633923711354927,-0.34911295828711997,0.14199514020304385,0.23841059602649006,6.0,11559.891363475484
USD,SMH,PB_RSI5_R10_H30,2011-05-01,2014-05-01,3,0.009266139242378735,0.13802092027155907,-0.3491129582871204,0.026541951601687607,0.21589403973509932,5.5,10280.19170040007
USD,SMH,PB_RSI5_R10_H30,2011-08-01,2014-08-01,3,0.017862693312782785,0.19093024339498632,-0.3491129582871202,0.0511659418213059,0.1984126984126984,5.0,10545.510069288881
USD,SMH,PB_RSI5_R10_H30,2011-11-01,2014-11-01,3,-0.019955290922568758,-0.00603492526820279,-0.3491129582871202,-0.05715998346345246,0.23841059602649006,6.0,9413.961194661462
USD,SMH,PB_RSI5_R10_H30,2012-02-01,2015-02-01,3,-0.06337182532269481,-0.20758478549307474,-0.3491129582871202,-0.1815224093474527,0.27586206896551724,6.5,8221.05038520581
USD,SMH,PB_RSI5_R10_H30,2012-05-01,2015-05-01,3,-0.05054199511916613,-0.1138894760751192,-0.32870304057352673,-0.15376187281681236,0.27549668874172184,6.5,8560.845574200343
USD,SMH,PB_RSI5_R10_H30,2012-08-01,2015-08-01,3,0.005023396238543754,0.1268345743369039,-0.32870304057352706,0.015282475725745768,0.23872679045092837,6.0,10151.05649056081
USD,SMH,PB_RSI5_R10_H30,2012-11-01,2015-11-01,3,0.005016726072043509,0.12675054473968936,-0.32870304057352706,0.015262183347285848,0.23841059602649006,6.0,10151.05649056081
USD,SMH,PB_RSI5_R10_H30,2013-02-01,2016-02-01,3,-0.0182637966355067,0.007426641108004673,-0.32870304057352706,-0.05556321171729868,0.21059602649006623,5.5,9462.724296458928
USD,SMH,PB_RSI5_R10_H30,2013-05-01,2016-05-01,3,-0.05330942532888239,-0.1921033521263576,-0.32870304057352717,-0.16218111410185654,0.17857142857142858,4.5,8484.459087198664
USD,SMH,PB_RSI5_R10_H30,2013-08-01,2016-08-01,3,-0.04183993774775008,-0.11190881630904989,-0.3229538710911467,-0.12955391309101746,0.167989417989418,4.0,8796.586837543859
USD,SMH,PB_RSI5_R10_H30,2013-11-01,2016-11-01,3,-0.03866429564863305,-0.07225647740955411,-0.31431181908564154,-0.12301254137089279,0.1984126984126984,5.0,8884.340959993066
USD,SMH,PB_RSI5_R10_H30,2014-02-01,2017-02-01,3,0.017166720915723577,0.19144665014815676,-0.31431181908564154,0.05461684821672616,0.23809523809523808,6.0,10523.893106374231
USD,SMH,PB_RSI5_R10_H30,2014-05-01,2017-05-01,3,0.024258636920204246,0.22090980310489286,-0.31431181908564154,0.07718016137851443,0.24735449735449735,6.5,10745.556309144906
USD,SMH,PB_RSI5_R10_H30,2014-08-01,2017-08-01,3,0.08827720503933989,0.46894368375571543,-0.31431181908564154,0.28085868770746647,0.2777777777777778,7.0,12888.981422419234
USD,SMH,PB_RSI5_R10_H30,2014-11-01,2017-11-01,3,0.1302415311066496,0.6729816574277304,-0.24834702556439114,0.5244336259339685,0.23809523809523808,6.0,14438.22430987697
USD,SMH,PB_RSI5_R10_H30,2015-02-01,2018-02-01,3,0.18219778648847118,0.927968169615995,-0.17148267877444034,1.0624850730733275,0.20079260237780713,5.5,16533.27458223535
USD,SMH,PB_RSI5_R10_H30,2015-05-01,2018-05-01,3,0.19070401332256193,1.1088018908841608,-0.12182401794090869,1.5654057101865069,0.15873015873015872,4.0,16881.516295632602
USD,SMH,PB_RSI5_R10_H30,2015-08-01,2018-08-01,3,0.19070401332256193,1.1088018908841608,-0.12182401794090869,1.5654057101865069,0.15873015873015872,4.0,16881.516295632602
USD,SMH,PB_RSI5_R10_H30,2015-11-01,2018-11-01,3,0.1921683666515257,1.0557090859686749,-0.12182401794090869,1.5774259452248396,0.19815059445178335,5.0,16955.699409833996
USD,SMH,PB_RSI5_R10_H30,2016-02-01,2019-02-01,3,0.1921683666515257,1.0557090859686749,-0.12182401794090869,1.5774259452248396,0.19815059445178335,5.0,16955.699409833996
USD,SMH,PB_RSI5_R10_H30,2016-05-01,2019-05-01,3,0.3068185005673194,1.4373949037999612,-0.12182401794090869,2.518538673680449,0.23841059602649006,6.0,22293.828231738582
USD,SMH,PB_RSI5_R10_H30,2016-08-01,2019-08-01,3,0.22674280772586553,1.2457509893434975,-0.12182401794090891,1.861232387162339,0.20105820105820105,5.5,18461.22695191425
USD,SMH,PB_RSI5_R10_H30,2016-11-01,2019-11-01,3,0.30473469958949684,1.5781755243547864,-0.12182401794090902,2.5014336642328527,0.1931216931216931,4.5,22210.92460841101
USD,SMH,PB_RSI5_R10_H30,2017-02-01,2020-02-01,3,0.3045076023645643,1.6220543605358513,-0.1104371397915408,2.757293451635451,0.1986754966887417,5.0,22175.92385693727
USD,SMH,PB_RSI5_R10_H30,2017-05-01,2020-05-01,3,0.2958052360026264,1.5998968927694022,-0.11043713979154102,2.678494178326083,0.190224570673712,4.5,21780.396304073172
USD,SMH,PB_RSI5_R10_H30,2017-08-01,2020-08-01,3,0.21883949177775275,1.3089179281758032,-0.1104371397915409,1.981575149363974,0.15873015873015872,4.0,18106.710263354347
USD,SMH,PB_RSI5_R10_H30,2017-11-01,2020-11-01,3,0.21915901355085166,1.309790371657764,-0.1104371397915409,1.9844683950030952,0.15894039735099338,4.0,18106.710263354347
USD,SMH,PB_RSI5_R10_H30,2018-02-01,2021-02-01,3,0.41063534642607125,1.662190021872198,-0.11608713990190378,3.537302639836482,0.2304635761589404,5.5,28031.824770994772
USD,SMH,PB_RSI5_R10_H30,2018-05-01,2021-05-01,3,0.42859491245618053,1.6830733759909149,-0.11608713990190378,3.692010267617522,0.23809523809523808,6.0,29155.956762935228
USD,SMH,PB_RSI5_R10_H30,2018-08-01,2021-08-01,3,0.43829207675677395,1.6348398829535409,-0.14977743498533524,2.926289108901399,0.25695364238410595,6.5,29710.83700130648
USD,SMH,PB_RSI5_R10_H30,2018-11-01,2021-11-01,3,0.39223101927683346,1.455584188797082,-0.15604127234621656,2.5136363820885217,0.2781456953642384,6.0,26950.301879337207
USD,SMH,PB_RSI5_R10_H30,2019-02-01,2022-02-01,3,0.391014378924764,1.4536439397554306,-0.15604127234621656,2.5058394682735017,0.2774108322324967,6.0,26950.301879337207
USD,SMH,PB_RSI5_R10_H30,2019-05-01,2022-05-01,3,0.269875021865452,1.136279465995097,-0.15604127234621656,1.7295105186444955,0.23778071334214002,5.0,20497.207250380325
USD,SMH,PB_RSI5_R10_H30,2019-08-01,2022-08-01,3,0.2702764035664509,1.1370345781695448,-0.15604127234621656,1.7320827977278674,0.23809523809523808,5.0,20497.207250380325
USD,SMH,PB_RSI5_R10_H30,2019-11-01,2022-11-01,3,0.22464442899744896,1.0381148296575833,-0.1560412723462169,1.4396475087630578,0.20502645502645503,4.5,18366.65353380897
USD,SMH,PB_RSI5_R10_H30,2020-02-01,2023-02-01,3,0.14342964091806532,0.7684245417513591,-0.15604127234621668,0.9191775916811977,0.15873015873015872,3.0,14949.557518862355
USD,SMH,PB_RSI5_R10_H30,2020-05-01,2023-05-01,3,0.15012236721176664,0.796485026668261,-0.15604127234621668,0.9620683358610569,0.16026490066225166,3.5,15205.163723975507
USD,SMH,PB_RSI5_R10_H30,2020-08-01,2023-08-01,3,0.3411346350301272,1.2256975677193105,-0.19174338984206862,1.7791207056008875,0.1989389920424403,4.0,24066.085185215463
USD,SMH,PB_RSI5_R10_H30,2020-11-01,2023-11-01,3,0.34061335295873363,1.2248807425626722,-0.19174338984206862,1.7764020613137341,0.1986754966887417,4.0,24066.085185215463
USD,SMH,PB_RSI5_R10_H30,2021-02-01,2024-02-01,3,0.2729938560745666,1.1208569090573948,-0.19174338984206818,1.4237458527223357,0.15079365079365079,3.0,20629.035479161426
USD,SMH,PB_RSI5_R10_H30,2021-05-01,2024-05-01,3,0.3069208196511697,1.1319038714096958,-0.1917433898420683,1.600685269536377,0.16423841059602648,3.5,22299.058288063614
USD,SMH,PB_RSI5_R10_H30,2021-08-01,2024-08-01,3,0.5065899436436396,1.6153175154456616,-0.1917433898420685,2.6420203797424144,0.18013245033112582,3.5,34141.206396833186
USD,SMH,PB_RSI5_R10_H30,2021-11-01,2024-11-01,3,0.6718958456471198,1.9169814619113603,-0.1344797766960677,4.996259379323959,0.15873015873015872,4.0,46733.4298568576
USD,SMH,PB_RSI5_R10_H30,2022-02-01,2025-02-01,3,0.6753227977047984,1.92085215385978,-0.1344797766960677,5.0217424083850775,0.1593625498007968,4.0,46733.4298568576
USD,SMH,PB_RSI5_R10_H30,2022-05-01,2025-05-01,3,0.6753227977047984,1.9208521538597798,-0.1344797766960677,5.0217424083850775,0.1593625498007968,4.0,46733.4298568576
USD,SMH,PB_RSI5_R10_H30,2022-08-01,2025-08-01,3,0.8686618732426765,2.181496658888957,-0.1344797766960677,6.459423822556636,0.1989389920424403,5.0,64928.768880233205
USD,SMH,PB_RSI5_R10_H30,2022-11-01,2025-11-01,3,0.8702140841382879,2.182972089006829,-0.1344797766960677,6.47096615950682,0.199203187250996,5.0,64928.768880233205
USD,SMH,PB_RSI5_R10_H30,2023-02-01,2026-02-01,3,0.9327783502346794,2.2196246644305746,-0.1344797766960677,6.9361979410689685,0.23404255319148937,5.5,71450.22233886513
USD,SMH,PB_RSI5_R10_H30,2023-05-01,2026-05-01,3,1.221831177449055,2.479734361200509,-0.17486784793834287,6.987168835518944,0.26657824933687,6.0,108988.70563063686
USD,SMH,PB_RSI5_R10_H30,2007-02-01,2012-02-01,5,0.10518355997845208,0.5949463314195617,-0.29592687916991156,0.3554376684993833,0.19032513877874702,8.0,16494.700669744645
USD,SMH,PB_RSI5_R10_H30,2007-05-01,2012-05-01,5,0.06681978136305688,0.42007873786451766,-0.2959268791699119,0.22579828351682468,0.19255150554675118,8.5,13825.417169510387
USD,SMH,PB_RSI5_R10_H30,2007-08-01,2012-08-01,5,0.003856429869043998,0.12278880395349365,-0.37487521736514395,0.010287236099919819,0.1901743264659271,8.0,10194.62586279024
USD,SMH,PB_RSI5_R10_H30,2007-11-01,2012-11-01,5,-0.009106397218605955,0.05538248248026818,-0.3748752173651444,-0.024291809105470786,0.16666666666666666,7.0,9552.897613175897
USD,SMH,PB_RSI5_R10_H30,2008-02-01,2013-02-01,5,0.007198602629080231,0.13685198748975155,-0.3748752173651444,0.019202663434719627,0.18412698412698414,7.5,10365.14955696576
USD,SMH,PB_RSI5_R10_H30,2008-05-01,2013-05-01,5,0.026889676016510933,0.23114780099864846,-0.3748752173651444,0.07172967102362289,0.20333598093725178,8.5,11417.557537695806
USD,SMH,PB_RSI5_R10_H30,2008-08-01,2013-08-01,5,0.054087675436630844,0.3517040717260304,-0.3748752173651444,0.14428181146994082,0.23272438443208895,9.5,13010.467342168226
USD,SMH,PB_RSI5_R10_H30,2008-11-01,2013-11-01,5,0.049021380888241595,0.32918469504769043,-0.3748752173651444,0.13076719563590858,0.23828435266084194,10.0,12701.038201648871
USD,SMH,PB_RSI5_R10_H30,2009-02-01,2014-02-01,5,0.049021380888241595,0.32918469504769043,-0.3748752173651444,0.13076719563590858,0.23828435266084194,10.0,12701.038201648871
USD,SMH,PB_RSI5_R10_H30,2009-05-01,2014-05-01,5,0.049021380888241595,0.32918469504769043,-0.3748752173651444,0.13076719563590858,0.23828435266084194,10.0,12701.038201648871
USD,SMH,PB_RSI5_R10_H30,2009-08-01,2014-08-01,5,-0.012766714676720192,0.03949868642116607,-0.3713965379750904,-0.03437488875455392,0.22716441620333597,9.5,9378.23457075557
USD,SMH,PB_RSI5_R10_H30,2009-11-01,2014-11-01,5,-0.028492222839264225,-0.02433009084107539,-0.3527626812520782,-0.08076881244392223,0.23828435266084194,10.0,8655.28203912302
USD,SMH,PB_RSI5_R10_H30,2010-02-01,2015-02-01,5,-0.05448610628334016,-0.13591530264015203,-0.3527626812520782,-0.1544554148697076,0.26052422557585386,10.5,7558.508928435845
USD,SMH,PB_RSI5_R10_H30,2010-05-01,2015-05-01,5,-0.058422738364932614,-0.12896379057067436,-0.3527626812520782,-0.1656148495004343,0.28594122319301035,12.0,7402.587620546712
USD,SMH,PB_RSI5_R10_H30,2010-08-01,2015-08-01,5,-0.027647509146394245,-0.03552006770771205,-0.34911295828711997,-0.07919359190229823,0.24861000794281177,10.5,8692.945839880309
USD,SMH,PB_RSI5_R10_H30,2010-11-01,2015-11-01,5,-0.0047333868839235516,0.0744736142131671,-0.3491129582871202,-0.013558324810248615,0.23828435266084194,10.0,9765.744437385798
USD,SMH,PB_RSI5_R10_H30,2011-02-01,2016-02-01,5,-0.02470738999443034,-0.03336637125099936,-0.34911295828711997,-0.0707719075099765,0.21462639109697934,9.0,8825.938524702702
USD,SMH,PB_RSI5_R10_H30,2011-05-01,2016-05-01,5,-0.04736129088639229,-0.16699740274294822,-0.3491129582871204,-0.13566179588052135,0.20111287758346583,8.5,7848.892097426363
USD,SMH,PB_RSI5_R10_H30,2011-08-01,2016-08-01,5,-0.007640273928712915,0.06039618646583506,-0.3491129582871202,-0.021884819074602616,0.2136616362192216,8.5,9624.072156888216
USD,SMH,PB_RSI5_R10_H30,2011-11-01,2016-11-01,5,-0.01296156376986346,0.04182791026462628,-0.3491129582871202,-0.03712713453392787,0.23828435266084194,10.0,9368.990705260265
USD,SMH,PB_RSI5_R10_H30,2012-02-01,2017-02-01,5,0.021071116018557268,0.2055250050460162,-0.3491129582871202,0.060356155560481364,0.2621127879269261,11.0,11097.982072138946
USD,SMH,PB_RSI5_R10_H30,2012-05-01,2017-05-01,5,0.038038400902908,0.2816804812770669,-0.34623279338204294,0.10986365714045856,0.2424483306836248,10.0,12048.650920216802
USD,SMH,PB_RSI5_R10_H30,2012-08-01,2017-08-01,5,0.11393261171574487,0.6300873990080743,-0.34623279338204294,0.32906360660651934,0.2384737678855326,10.0,17136.52255632894
USD,SMH,PB_RSI5_R10_H30,2012-11-01,2017-11-01,5,0.1137418509176098,0.6295863438451027,-0.34623279338204294,0.32851264551392123,0.23809523809523808,10.0,17136.52255632894
USD,SMH,PB_RSI5_R10_H30,2013-02-01,2018-02-01,5,0.09821033849821448,0.5643358488453247,-0.34623279338204316,0.2836540627445604,0.22142857142857142,9.5,15974.51344117496
USD,SMH,PB_RSI5_R10_H30,2013-05-01,2018-05-01,5,0.0745017383143558,0.46289043248276124,-0.34623279338204316,0.21517816838380313,0.20238095238095238,8.5,14323.053434017216
USD,SMH,PB_RSI5_R10_H30,2013-08-01,2018-08-01,5,0.0443553658017346,0.3240974888772265,-0.3229538710911467,0.1373427283960819,0.173015873015873,7.5,12423.429855214756
USD,SMH,PB_RSI5_R10_H30,2013-11-01,2018-11-01,5,0.05299078564132165,0.3620484940836066,-0.31431181908564154,0.16859304176176423,0.19047619047619047,8.0,12945.61998284561
USD,SMH,PB_RSI5_R10_H30,2014-02-01,2019-02-01,5,0.05303397209825489,0.36219232451521416,-0.31431181908564154,0.1687304418030954,0.19062748212867356,8.0,12945.61998284561
USD,SMH,PB_RSI5_R10_H30,2014-05-01,2019-05-01,5,0.11233359398491305,0.6193057616978767,-0.31431181908564154,0.3573953862495548,0.21445591739475775,9.0,17021.26354537376
USD,SMH,PB_RSI5_R10_H30,2014-08-01,2019-08-01,5,0.11233359398491305,0.6193057616978767,-0.31431181908564154,0.3573953862495548,0.21445591739475775,9.0,17021.26354537376
USD,SMH,PB_RSI5_R10_H30,2014-11-01,2019-11-01,5,0.17206617413879477,0.896295029254068,-0.24834702556439114,0.6928457216177999,0.21127879269261318,8.5,22104.823029167223
USD,SMH,PB_RSI5_R10_H30,2015-02-01,2020-02-01,5,0.24541855907666976,1.194804200423166,-0.17148267877444034,1.4311565507994013,0.21604447974583002,9.5,29936.32125650166
USD,SMH,PB_RSI5_R10_H30,2015-05-01,2020-05-01,5,0.250403558345736,1.3213216998452137,-0.12182401794090869,2.0554531247458563,0.19047619047619047,8.0,30566.872437111433
USD,SMH,PB_RSI5_R10_H30,2015-08-01,2020-08-01,5,0.2506255185630939,1.321849983166027,-0.12182401794090869,2.0572750989436335,0.19062748212867356,8.0,30566.872437111433
USD,SMH,PB_RSI5_R10_H30,2015-11-01,2020-11-01,5,0.2506255185630939,1.321849983166027,-0.12182401794090869,2.0572750989436335,0.19062748212867356,8.0,30566.872437111433
USD,SMH,PB_RSI5_R10_H30,2016-02-01,2021-02-01,5,0.3646226153728416,1.5440682177932443,-0.12182401794090869,2.9930273318493197,0.23333333333333334,9.5,47321.970666786554
USD,SMH,PB_RSI5_R10_H30,2016-05-01,2021-05-01,5,0.3757442316067212,1.5594162038178778,-0.12182401794090869,3.08431980784756,0.23828435266084194,10.0,49219.675920825044
USD,SMH,PB_RSI5_R10_H30,2016-08-01,2021-08-01,5,0.32977660171736356,1.42715091280038,-0.14977743498533558,2.2017776025450786,0.22716441620333597,10.0,41533.85569706344
USD,SMH,PB_RSI5_R10_H30,2016-11-01,2021-11-01,5,0.31494208276656854,1.3666499828729946,-0.15604127234621668,2.018325523953628,0.23828435266084194,9.0,39270.0334356755
USD,SMH,PB_RSI5_R10_H30,2017-02-01,2022-02-01,5,0.2708725872120612,1.271411572231863,-0.15604127234621668,1.735903476940783,0.21428571428571427,8.0,33152.02492331956
USD,SMH,PB_RSI5_R10_H30,2017-05-01,2022-05-01,5,0.2663064623902478,1.2584672332599587,-0.15604127234621656,1.7066411878479197,0.20952380952380953,7.5,32560.72873313589
USD,SMH,PB_RSI5_R10_H30,2017-08-01,2022-08-01,5,0.22056883927097237,1.099910773787619,-0.1560412723462169,1.4135288437124813,0.19062748212867356,7.0,27068.730655939115
USD,SMH,PB_RSI5_R10_H30,2017-11-01,2022-11-01,5,0.22056883927097237,1.099910773787619,-0.1560412723462169,1.4135288437124813,0.19062748212867356,7.0,27068.730655939115
USD,SMH,PB_RSI5_R10_H30,2018-02-01,2023-02-01,5,0.22056883927097237,1.0999107737876193,-0.1560412723462169,1.4135288437124813,0.19062748212867356,7.0,27068.730655939115
USD,SMH,PB_RSI5_R10_H30,2018-05-01,2023-05-01,5,0.22471771694653575,1.1163487570144939,-0.1560412723462169,1.4401171790495457,0.19142176330420968,7.5,27531.549405689053
USD,SMH,PB_RSI5_R10_H30,2018-08-01,2023-08-01,5,0.342926543498725,1.3370054949444248,-0.19174338984206873,1.788466052369157,0.21462639109697934,8.0,43575.76316219009
USD,SMH,PB_RSI5_R10_H30,2018-11-01,2023-11-01,5,0.3417475196884363,1.3575547365433573,-0.1917433898420684,1.7823170851935,0.1907790143084261,7.0,43385.11424014099
USD,SMH,PB_RSI5_R10_H30,2019-02-01,2024-02-01,5,0.4004781267232487,1.4890322884345824,-0.1917433898420684,2.0886150341511485,0.20413026211278792,7.5,53802.343071116855
USD,SMH,PB_RSI5_R10_H30,2019-05-01,2024-05-01,5,0.37546050441152157,1.3575978288325208,-0.1917433898420685,1.9581405373127783,0.19365079365079366,7.5,49231.2226894953
USD,SMH,PB_RSI5_R10_H30,2019-08-01,2024-08-01,5,0.5039201038634491,1.635203256900013,-0.1917433898420685,2.6280963546044966,0.21445591739475775,8.0,76810.49279677992
USD,SMH,PB_RSI5_R10_H30,2019-11-01,2024-11-01,5,0.5377291786421665,1.6706156291031622,-0.19174338984206885,2.804420945541184,0.21842732327243844,8.5,85833.6714627467
USD,SMH,PB_RSI5_R10_H30,2020-02-01,2025-02-01,5,0.4765704915366611,1.5606522978649113,-0.19174338984206862,2.485459821739843,0.1909307875894988,7.0,69864.40976988121
USD,SMH,PB_RSI5_R10_H30,2020-05-01,2025-05-01,5,0.4765704915366611,1.560652297864911,-0.19174338984206862,2.485459821739843,0.1909307875894988,7.0,69864.40976988121
USD,SMH,PB_RSI5_R10_H30,2020-08-01,2025-08-01,5,0.5777631389794233,1.7397867436001069,-0.19174338984206862,3.013210204822726,0.21496815286624205,8.0,97065.63650039675
USD,SMH,PB_RSI5_R10_H30,2020-11-01,2025-11-01,5,0.5777631389794233,1.7397867436001069,-0.19174338984206862,3.013210204822726,0.21496815286624205,8.0,97065.63650039675
USD,SMH,PB_RSI5_R10_H30,2021-02-01,2026-02-01,5,0.49348894653228004,1.6204657288799338,-0.19174338984206818,2.5736947017508576,0.19347133757961785,7.0,73832.0542611244
USD,SMH,PB_RSI5_R10_H30,2021-05-01,2026-05-01,5,0.5909796429683578,1.7707719823207209,-0.1917433898420683,3.0821382862539624,0.20780254777070065,7.5,101186.38675598515
USD,SMH,PB_RSI5_R10_H30_TS16,2007-02-01,2010-02-01,3,0.21509958562679588,1.2575906929373508,-0.09627587710447483,2.234200218122949,0.15873015873015872,4.0,17940.544435252854
USD,SMH,PB_RSI5_R10_H30_TS16,2007-05-01,2010-05-01,3,0.16983286586374424,1.101130102261315,-0.09627587710447527,1.7640230447285092,0.11889035667107001,3.0,16019.235575052675
USD,SMH,PB_RSI5_R10_H30_TS16,2007-08-01,2010-08-01,3,0.05983564275754105,0.3794252855662443,-0.23569077002422179,0.2538735087139466,0.14153439153439154,3.5,11904.620705049836
USD,SMH,PB_RSI5_R10_H30_TS16,2007-11-01,2010-11-01,3,-0.002345105403565473,0.09405374589338068,-0.29592687916991123,-0.007924611005744403,0.11904761904761904,3.0,9929.811694504126
USD,SMH,PB_RSI5_R10_H30_TS16,2008-02-01,2011-02-01,3,0.0318355498737779,0.2526588262590043,-0.29592687916991123,0.10757910860641694,0.15852047556142668,4.0,10987.160521057283
USD,SMH,PB_RSI5_R10_H30_TS16,2008-05-01,2011-05-01,3,0.0730319900358114,0.4245878174047309,-0.29592687916991123,0.24679066072223502,0.18121693121693122,4.5,12354.865134620582
USD,SMH,PB_RSI5_R10_H30_TS16,2008-08-01,2011-08-01,3,0.06395651238594002,0.3842498562159409,-0.29592687916991123,0.21612268735216295,0.1984126984126984,5.0,12044.024535747603
USD,SMH,PB_RSI5_R10_H30_TS16,2008-11-01,2011-11-01,3,0.06395651238594002,0.3842498562159409,-0.29592687916991123,0.21612268735216295,0.1984126984126984,5.0,12044.024535747603
USD,SMH,PB_RSI5_R10_H30_TS16,2009-02-01,2012-02-01,3,0.06386938323053726,0.3839958259491878,-0.29592687916991123,0.21582825936492783,0.19815059445178335,5.0,12044.024535747603
USD,SMH,PB_RSI5_R10_H30_TS16,2009-05-01,2012-05-01,3,0.041700692879310886,0.29010139736863877,-0.29592687916991123,0.14091552952635897,0.24174372523117568,6.5,11305.74713121442
USD,SMH,PB_RSI5_R10_H30_TS16,2009-08-01,2012-08-01,3,-0.10969445569819569,-0.3524906471608733,-0.3713965379750904,-0.2953566995973261,0.25891677675033026,6.5,7053.700116825405
USD,SMH,PB_RSI5_R10_H30_TS16,2009-11-01,2012-11-01,3,-0.09989998143232004,-0.32675349520152713,-0.3527626812520782,-0.2831931684999673,0.23809523809523808,6.0,7292.430721304903
USD,SMH,PB_RSI5_R10_H30_TS16,2010-02-01,2013-02-01,3,-0.07498445678294707,-0.2061347818965311,-0.3527626812520782,-0.212563461976196,0.2668428005284016,6.5,7912.482486558103
USD,SMH,PB_RSI5_R10_H30_TS16,2010-05-01,2013-05-01,3,-0.04483783136656949,-0.06334483943878466,-0.3527626812520782,-0.1271048037378113,0.2993377483443709,7.5,8715.86305241249
USD,SMH,PB_RSI5_R10_H30_TS16,2010-08-01,2013-08-01,3,0.052618909890501886,0.36112222072258315,-0.34911295828711997,0.15072173244061216,0.2857142857142857,7.0,11663.086672955193
USD,SMH,PB_RSI5_R10_H30_TS16,2010-11-01,2013-11-01,3,0.08538962395322836,0.54090378636094,-0.3491129582871202,0.24459024486567915,0.2774108322324967,7.0,12790.814763061982
USD,SMH,PB_RSI5_R10_H30_TS16,2011-02-01,2014-02-01,3,0.049572343458679,0.3633923711354927,-0.34911295828711997,0.14199514020304385,0.23841059602649006,6.0,11559.891363475484
USD,SMH,PB_RSI5_R10_H30_TS16,2011-05-01,2014-05-01,3,0.009266139242378735,0.13802092027155907,-0.3491129582871204,0.026541951601687607,0.21589403973509932,5.5,10280.19170040007
USD,SMH,PB_RSI5_R10_H30_TS16,2011-08-01,2014-08-01,3,0.017862693312782785,0.19093024339498632,-0.3491129582871202,0.0511659418213059,0.1984126984126984,5.0,10545.510069288881
USD,SMH,PB_RSI5_R10_H30_TS16,2011-11-01,2014-11-01,3,-0.019955290922568758,-0.00603492526820279,-0.3491129582871202,-0.05715998346345246,0.23841059602649006,6.0,9413.961194661462
USD,SMH,PB_RSI5_R10_H30_TS16,2012-02-01,2015-02-01,3,-0.06337182532269481,-0.20758478549307474,-0.3491129582871202,-0.1815224093474527,0.27586206896551724,6.5,8221.05038520581
USD,SMH,PB_RSI5_R10_H30_TS16,2012-05-01,2015-05-01,3,-0.05054199511916613,-0.1138894760751192,-0.32870304057352673,-0.15376187281681236,0.27549668874172184,6.5,8560.845574200343
USD,SMH,PB_RSI5_R10_H30_TS16,2012-08-01,2015-08-01,3,0.005023396238543754,0.1268345743369039,-0.32870304057352706,0.015282475725745768,0.23872679045092837,6.0,10151.05649056081
USD,SMH,PB_RSI5_R10_H30_TS16,2012-11-01,2015-11-01,3,0.005016726072043509,0.12675054473968936,-0.32870304057352706,0.015262183347285848,0.23841059602649006,6.0,10151.05649056081
USD,SMH,PB_RSI5_R10_H30_TS16,2013-02-01,2016-02-01,3,-0.0182637966355067,0.007426641108004673,-0.32870304057352706,-0.05556321171729868,0.21059602649006623,5.5,9462.724296458928
USD,SMH,PB_RSI5_R10_H30_TS16,2013-05-01,2016-05-01,3,-0.05330942532888239,-0.1921033521263576,-0.32870304057352717,-0.16218111410185654,0.17857142857142858,4.5,8484.459087198664
USD,SMH,PB_RSI5_R10_H30_TS16,2013-08-01,2016-08-01,3,-0.04183993774775008,-0.11190881630904989,-0.3229538710911467,-0.12955391309101746,0.167989417989418,4.0,8796.586837543859
USD,SMH,PB_RSI5_R10_H30_TS16,2013-11-01,2016-11-01,3,-0.03866429564863305,-0.07225647740955411,-0.31431181908564154,-0.12301254137089279,0.1984126984126984,5.0,8884.340959993066
USD,SMH,PB_RSI5_R10_H30_TS16,2014-02-01,2017-02-01,3,0.017166720915723577,0.19144665014815676,-0.31431181908564154,0.05461684821672616,0.23809523809523808,6.0,10523.893106374231
USD,SMH,PB_RSI5_R10_H30_TS16,2014-05-01,2017-05-01,3,0.024258636920204246,0.22090980310489286,-0.31431181908564154,0.07718016137851443,0.24735449735449735,6.5,10745.556309144906
USD,SMH,PB_RSI5_R10_H30_TS16,2014-08-01,2017-08-01,3,0.08827720503933989,0.46894368375571543,-0.31431181908564154,0.28085868770746647,0.2777777777777778,7.0,12888.981422419234
USD,SMH,PB_RSI5_R10_H30_TS16,2014-11-01,2017-11-01,3,0.1302415311066496,0.6729816574277304,-0.24834702556439114,0.5244336259339685,0.23809523809523808,6.0,14438.22430987697
USD,SMH,PB_RSI5_R10_H30_TS16,2015-02-01,2018-02-01,3,0.18219778648847118,0.927968169615995,-0.17148267877444034,1.0624850730733275,0.20079260237780713,5.5,16533.27458223535
USD,SMH,PB_RSI5_R10_H30_TS16,2015-05-01,2018-05-01,3,0.19070401332256193,1.1088018908841608,-0.12182401794090869,1.5654057101865069,0.15873015873015872,4.0,16881.516295632602
USD,SMH,PB_RSI5_R10_H30_TS16,2015-08-01,2018-08-01,3,0.19070401332256193,1.1088018908841608,-0.12182401794090869,1.5654057101865069,0.15873015873015872,4.0,16881.516295632602
USD,SMH,PB_RSI5_R10_H30_TS16,2015-11-01,2018-11-01,3,0.1921683666515257,1.0557090859686749,-0.12182401794090869,1.5774259452248396,0.19815059445178335,5.0,16955.699409833996
USD,SMH,PB_RSI5_R10_H30_TS16,2016-02-01,2019-02-01,3,0.1921683666515257,1.0557090859686749,-0.12182401794090869,1.5774259452248396,0.19815059445178335,5.0,16955.699409833996
USD,SMH,PB_RSI5_R10_H30_TS16,2016-05-01,2019-05-01,3,0.3068185005673194,1.4373949037999612,-0.12182401794090869,2.518538673680449,0.23841059602649006,6.0,22293.828231738582
USD,SMH,PB_RSI5_R10_H30_TS16,2016-08-01,2019-08-01,3,0.22674280772586553,1.2457509893434975,-0.12182401794090891,1.861232387162339,0.20105820105820105,5.5,18461.22695191425
USD,SMH,PB_RSI5_R10_H30_TS16,2016-11-01,2019-11-01,3,0.30473469958949684,1.5781755243547864,-0.12182401794090902,2.5014336642328527,0.1931216931216931,4.5,22210.92460841101
USD,SMH,PB_RSI5_R10_H30_TS16,2017-02-01,2020-02-01,3,0.3045076023645643,1.6220543605358513,-0.1104371397915408,2.757293451635451,0.1986754966887417,5.0,22175.92385693727
USD,SMH,PB_RSI5_R10_H30_TS16,2017-05-01,2020-05-01,3,0.2958052360026264,1.5998968927694022,-0.11043713979154102,2.678494178326083,0.190224570673712,4.5,21780.396304073172
USD,SMH,PB_RSI5_R10_H30_TS16,2017-08-01,2020-08-01,3,0.21883949177775275,1.3089179281758032,-0.1104371397915409,1.981575149363974,0.15873015873015872,4.0,18106.710263354347
USD,SMH,PB_RSI5_R10_H30_TS16,2017-11-01,2020-11-01,3,0.21915901355085166,1.309790371657764,-0.1104371397915409,1.9844683950030952,0.15894039735099338,4.0,18106.710263354347
USD,SMH,PB_RSI5_R10_H30_TS16,2018-02-01,2021-02-01,3,0.41063534642607125,1.662190021872198,-0.11608713990190378,3.537302639836482,0.2304635761589404,5.5,28031.824770994772
USD,SMH,PB_RSI5_R10_H30_TS16,2018-05-01,2021-05-01,3,0.42859491245618053,1.6830733759909149,-0.11608713990190378,3.692010267617522,0.23809523809523808,6.0,29155.956762935228
USD,SMH,PB_RSI5_R10_H30_TS16,2018-08-01,2021-08-01,3,0.43829207675677395,1.6348398829535409,-0.14977743498533524,2.926289108901399,0.25695364238410595,6.5,29710.83700130648
USD,SMH,PB_RSI5_R10_H30_TS16,2018-11-01,2021-11-01,3,0.39223101927683346,1.455584188797082,-0.15604127234621656,2.5136363820885217,0.2781456953642384,6.0,26950.301879337207
USD,SMH,PB_RSI5_R10_H30_TS16,2019-02-01,2022-02-01,3,0.391014378924764,1.4536439397554306,-0.15604127234621656,2.5058394682735017,0.2774108322324967,6.0,26950.301879337207
USD,SMH,PB_RSI5_R10_H30_TS16,2019-05-01,2022-05-01,3,0.269875021865452,1.136279465995097,-0.15604127234621656,1.7295105186444955,0.23778071334214002,5.0,20497.207250380325
USD,SMH,PB_RSI5_R10_H30_TS16,2019-08-01,2022-08-01,3,0.2702764035664509,1.1370345781695448,-0.15604127234621656,1.7320827977278674,0.23809523809523808,5.0,20497.207250380325
USD,SMH,PB_RSI5_R10_H30_TS16,2019-11-01,2022-11-01,3,0.22464442899744896,1.0381148296575833,-0.1560412723462169,1.4396475087630578,0.20502645502645503,4.5,18366.65353380897
USD,SMH,PB_RSI5_R10_H30_TS16,2020-02-01,2023-02-01,3,0.14342964091806532,0.7684245417513591,-0.15604127234621668,0.9191775916811977,0.15873015873015872,3.0,14949.557518862355
USD,SMH,PB_RSI5_R10_H30_TS16,2020-05-01,2023-05-01,3,0.15012236721176664,0.796485026668261,-0.15604127234621668,0.9620683358610569,0.16026490066225166,3.5,15205.163723975507
USD,SMH,PB_RSI5_R10_H30_TS16,2020-08-01,2023-08-01,3,0.3411346350301272,1.2256975677193105,-0.19174338984206862,1.7791207056008875,0.1989389920424403,4.0,24066.085185215463
USD,SMH,PB_RSI5_R10_H30_TS16,2020-11-01,2023-11-01,3,0.34061335295873363,1.2248807425626722,-0.19174338984206862,1.7764020613137341,0.1986754966887417,4.0,24066.085185215463
USD,SMH,PB_RSI5_R10_H30_TS16,2021-02-01,2024-02-01,3,0.2729938560745666,1.1208569090573948,-0.19174338984206818,1.4237458527223357,0.15079365079365079,3.0,20629.035479161426
USD,SMH,PB_RSI5_R10_H30_TS16,2021-05-01,2024-05-01,3,0.3069208196511697,1.1319038714096958,-0.1917433898420683,1.600685269536377,0.16423841059602648,3.5,22299.058288063614
USD,SMH,PB_RSI5_R10_H30_TS16,2021-08-01,2024-08-01,3,0.5065899436436396,1.6153175154456616,-0.1917433898420685,2.6420203797424144,0.18013245033112582,3.5,34141.206396833186
USD,SMH,PB_RSI5_R10_H30_TS16,2021-11-01,2024-11-01,3,0.6718958456471198,1.9169814619113603,-0.1344797766960677,4.996259379323959,0.15873015873015872,4.0,46733.4298568576
USD,SMH,PB_RSI5_R10_H30_TS16,2022-02-01,2025-02-01,3,0.6753227977047984,1.92085215385978,-0.1344797766960677,5.0217424083850775,0.1593625498007968,4.0,46733.4298568576
USD,SMH,PB_RSI5_R10_H30_TS16,2022-05-01,2025-05-01,3,0.6753227977047984,1.9208521538597798,-0.1344797766960677,5.0217424083850775,0.1593625498007968,4.0,46733.4298568576
USD,SMH,PB_RSI5_R10_H30_TS16,2022-08-01,2025-08-01,3,0.8686618732426765,2.181496658888957,-0.1344797766960677,6.459423822556636,0.1989389920424403,5.0,64928.768880233205
USD,SMH,PB_RSI5_R10_H30_TS16,2022-11-01,2025-11-01,3,0.8702140841382879,2.182972089006829,-0.1344797766960677,6.47096615950682,0.199203187250996,5.0,64928.768880233205
USD,SMH,PB_RSI5_R10_H30_TS16,2023-02-01,2026-02-01,3,0.9327783502346794,2.2196246644305746,-0.1344797766960677,6.9361979410689685,0.23404255319148937,5.5,71450.22233886513
USD,SMH,PB_RSI5_R10_H30_TS16,2023-05-01,2026-05-01,3,1.221831177449055,2.479734361200509,-0.17486784793834287,6.987168835518944,0.26657824933687,6.0,108988.70563063686
USD,SMH,PB_RSI5_R10_H30_TS16,2007-02-01,2012-02-01,5,0.10518355997845208,0.5949463314195617,-0.29592687916991156,0.3554376684993833,0.19032513877874702,8.0,16494.700669744645
USD,SMH,PB_RSI5_R10_H30_TS16,2007-05-01,2012-05-01,5,0.06681978136305688,0.42007873786451766,-0.2959268791699119,0.22579828351682468,0.19255150554675118,8.5,13825.417169510387
USD,SMH,PB_RSI5_R10_H30_TS16,2007-08-01,2012-08-01,5,0.003856429869043998,0.12278880395349365,-0.37487521736514395,0.010287236099919819,0.1901743264659271,8.0,10194.62586279024
USD,SMH,PB_RSI5_R10_H30_TS16,2007-11-01,2012-11-01,5,-0.009106397218605955,0.05538248248026818,-0.3748752173651444,-0.024291809105470786,0.16666666666666666,7.0,9552.897613175897
USD,SMH,PB_RSI5_R10_H30_TS16,2008-02-01,2013-02-01,5,0.007198602629080231,0.13685198748975155,-0.3748752173651444,0.019202663434719627,0.18412698412698414,7.5,10365.14955696576
USD,SMH,PB_RSI5_R10_H30_TS16,2008-05-01,2013-05-01,5,0.026889676016510933,0.23114780099864846,-0.3748752173651444,0.07172967102362289,0.20333598093725178,8.5,11417.557537695806
USD,SMH,PB_RSI5_R10_H30_TS16,2008-08-01,2013-08-01,5,0.054087675436630844,0.3517040717260304,-0.3748752173651444,0.14428181146994082,0.23272438443208895,9.5,13010.467342168226
USD,SMH,PB_RSI5_R10_H30_TS16,2008-11-01,2013-11-01,5,0.049021380888241595,0.32918469504769043,-0.3748752173651444,0.13076719563590858,0.23828435266084194,10.0,12701.038201648871
USD,SMH,PB_RSI5_R10_H30_TS16,2009-02-01,2014-02-01,5,0.049021380888241595,0.32918469504769043,-0.3748752173651444,0.13076719563590858,0.23828435266084194,10.0,12701.038201648871
USD,SMH,PB_RSI5_R10_H30_TS16,2009-05-01,2014-05-01,5,0.049021380888241595,0.32918469504769043,-0.3748752173651444,0.13076719563590858,0.23828435266084194,10.0,12701.038201648871
USD,SMH,PB_RSI5_R10_H30_TS16,2009-08-01,2014-08-01,5,-0.012766714676720192,0.03949868642116607,-0.3713965379750904,-0.03437488875455392,0.22716441620333597,9.5,9378.23457075557
USD,SMH,PB_RSI5_R10_H30_TS16,2009-11-01,2014-11-01,5,-0.028492222839264225,-0.02433009084107539,-0.3527626812520782,-0.08076881244392223,0.23828435266084194,10.0,8655.28203912302
USD,SMH,PB_RSI5_R10_H30_TS16,2010-02-01,2015-02-01,5,-0.05448610628334016,-0.13591530264015203,-0.3527626812520782,-0.1544554148697076,0.26052422557585386,10.5,7558.508928435845
USD,SMH,PB_RSI5_R10_H30_TS16,2010-05-01,2015-05-01,5,-0.058422738364932614,-0.12896379057067436,-0.3527626812520782,-0.1656148495004343,0.28594122319301035,12.0,7402.587620546712
USD,SMH,PB_RSI5_R10_H30_TS16,2010-08-01,2015-08-01,5,-0.027647509146394245,-0.03552006770771205,-0.34911295828711997,-0.07919359190229823,0.24861000794281177,10.5,8692.945839880309
USD,SMH,PB_RSI5_R10_H30_TS16,2010-11-01,2015-11-01,5,-0.0047333868839235516,0.0744736142131671,-0.3491129582871202,-0.013558324810248615,0.23828435266084194,10.0,9765.744437385798
USD,SMH,PB_RSI5_R10_H30_TS16,2011-02-01,2016-02-01,5,-0.02470738999443034,-0.03336637125099936,-0.34911295828711997,-0.0707719075099765,0.21462639109697934,9.0,8825.938524702702
USD,SMH,PB_RSI5_R10_H30_TS16,2011-05-01,2016-05-01,5,-0.04736129088639229,-0.16699740274294822,-0.3491129582871204,-0.13566179588052135,0.20111287758346583,8.5,7848.892097426363
USD,SMH,PB_RSI5_R10_H30_TS16,2011-08-01,2016-08-01,5,-0.007640273928712915,0.06039618646583506,-0.3491129582871202,-0.021884819074602616,0.2136616362192216,8.5,9624.072156888216
USD,SMH,PB_RSI5_R10_H30_TS16,2011-11-01,2016-11-01,5,-0.01296156376986346,0.04182791026462628,-0.3491129582871202,-0.03712713453392787,0.23828435266084194,10.0,9368.990705260265
USD,SMH,PB_RSI5_R10_H30_TS16,2012-02-01,2017-02-01,5,0.021071116018557268,0.2055250050460162,-0.3491129582871202,0.060356155560481364,0.2621127879269261,11.0,11097.982072138946
USD,SMH,PB_RSI5_R10_H30_TS16,2012-05-01,2017-05-01,5,0.038038400902908,0.2816804812770669,-0.34623279338204294,0.10986365714045856,0.2424483306836248,10.0,12048.650920216802
USD,SMH,PB_RSI5_R10_H30_TS16,2012-08-01,2017-08-01,5,0.11393261171574487,0.6300873990080743,-0.34623279338204294,0.32906360660651934,0.2384737678855326,10.0,17136.52255632894
USD,SMH,PB_RSI5_R10_H30_TS16,2012-11-01,2017-11-01,5,0.1137418509176098,0.6295863438451027,-0.34623279338204294,0.32851264551392123,0.23809523809523808,10.0,17136.52255632894
USD,SMH,PB_RSI5_R10_H30_TS16,2013-02-01,2018-02-01,5,0.09821033849821448,0.5643358488453247,-0.34623279338204316,0.2836540627445604,0.22142857142857142,9.5,15974.51344117496
USD,SMH,PB_RSI5_R10_H30_TS16,2013-05-01,2018-05-01,5,0.0745017383143558,0.46289043248276124,-0.34623279338204316,0.21517816838380313,0.20238095238095238,8.5,14323.053434017216
USD,SMH,PB_RSI5_R10_H30_TS16,2013-08-01,2018-08-01,5,0.0443553658017346,0.3240974888772265,-0.3229538710911467,0.1373427283960819,0.173015873015873,7.5,12423.429855214756
USD,SMH,PB_RSI5_R10_H30_TS16,2013-11-01,2018-11-01,5,0.05299078564132165,0.3620484940836066,-0.31431181908564154,0.16859304176176423,0.19047619047619047,8.0,12945.61998284561
USD,SMH,PB_RSI5_R10_H30_TS16,2014-02-01,2019-02-01,5,0.05303397209825489,0.36219232451521416,-0.31431181908564154,0.1687304418030954,0.19062748212867356,8.0,12945.61998284561
USD,SMH,PB_RSI5_R10_H30_TS16,2014-05-01,2019-05-01,5,0.11233359398491305,0.6193057616978767,-0.31431181908564154,0.3573953862495548,0.21445591739475775,9.0,17021.26354537376
USD,SMH,PB_RSI5_R10_H30_TS16,2014-08-01,2019-08-01,5,0.11233359398491305,0.6193057616978767,-0.31431181908564154,0.3573953862495548,0.21445591739475775,9.0,17021.26354537376
USD,SMH,PB_RSI5_R10_H30_TS16,2014-11-01,2019-11-01,5,0.17206617413879477,0.896295029254068,-0.24834702556439114,0.6928457216177999,0.21127879269261318,8.5,22104.823029167223
USD,SMH,PB_RSI5_R10_H30_TS16,2015-02-01,2020-02-01,5,0.24541855907666976,1.194804200423166,-0.17148267877444034,1.4311565507994013,0.21604447974583002,9.5,29936.32125650166
USD,SMH,PB_RSI5_R10_H30_TS16,2015-05-01,2020-05-01,5,0.250403558345736,1.3213216998452137,-0.12182401794090869,2.0554531247458563,0.19047619047619047,8.0,30566.872437111433
USD,SMH,PB_RSI5_R10_H30_TS16,2015-08-01,2020-08-01,5,0.2506255185630939,1.321849983166027,-0.12182401794090869,2.0572750989436335,0.19062748212867356,8.0,30566.872437111433
USD,SMH,PB_RSI5_R10_H30_TS16,2015-11-01,2020-11-01,5,0.2506255185630939,1.321849983166027,-0.12182401794090869,2.0572750989436335,0.19062748212867356,8.0,30566.872437111433
USD,SMH,PB_RSI5_R10_H30_TS16,2016-02-01,2021-02-01,5,0.3646226153728416,1.5440682177932443,-0.12182401794090869,2.9930273318493197,0.23333333333333334,9.5,47321.970666786554
USD,SMH,PB_RSI5_R10_H30_TS16,2016-05-01,2021-05-01,5,0.3757442316067212,1.5594162038178778,-0.12182401794090869,3.08431980784756,0.23828435266084194,10.0,49219.675920825044
USD,SMH,PB_RSI5_R10_H30_TS16,2016-08-01,2021-08-01,5,0.32977660171736356,1.42715091280038,-0.14977743498533558,2.2017776025450786,0.22716441620333597,10.0,41533.85569706344
USD,SMH,PB_RSI5_R10_H30_TS16,2016-11-01,2021-11-01,5,0.31494208276656854,1.3666499828729946,-0.15604127234621668,2.018325523953628,0.23828435266084194,9.0,39270.0334356755
USD,SMH,PB_RSI5_R10_H30_TS16,2017-02-01,2022-02-01,5,0.2708725872120612,1.271411572231863,-0.15604127234621668,1.735903476940783,0.21428571428571427,8.0,33152.02492331956
USD,SMH,PB_RSI5_R10_H30_TS16,2017-05-01,2022-05-01,5,0.2663064623902478,1.2584672332599587,-0.15604127234621656,1.7066411878479197,0.20952380952380953,7.5,32560.72873313589
USD,SMH,PB_RSI5_R10_H30_TS16,2017-08-01,2022-08-01,5,0.22056883927097237,1.099910773787619,-0.1560412723462169,1.4135288437124813,0.19062748212867356,7.0,27068.730655939115
USD,SMH,PB_RSI5_R10_H30_TS16,2017-11-01,2022-11-01,5,0.22056883927097237,1.099910773787619,-0.1560412723462169,1.4135288437124813,0.19062748212867356,7.0,27068.730655939115
USD,SMH,PB_RSI5_R10_H30_TS16,2018-02-01,2023-02-01,5,0.22056883927097237,1.0999107737876193,-0.1560412723462169,1.4135288437124813,0.19062748212867356,7.0,27068.730655939115
USD,SMH,PB_RSI5_R10_H30_TS16,2018-05-01,2023-05-01,5,0.22471771694653575,1.1163487570144939,-0.1560412723462169,1.4401171790495457,0.19142176330420968,7.5,27531.549405689053
USD,SMH,PB_RSI5_R10_H30_TS16,2018-08-01,2023-08-01,5,0.342926543498725,1.3370054949444248,-0.19174338984206873,1.788466052369157,0.21462639109697934,8.0,43575.76316219009
USD,SMH,PB_RSI5_R10_H30_TS16,2018-11-01,2023-11-01,5,0.3417475196884363,1.3575547365433573,-0.1917433898420684,1.7823170851935,0.1907790143084261,7.0,43385.11424014099
USD,SMH,PB_RSI5_R10_H30_TS16,2019-02-01,2024-02-01,5,0.4004781267232487,1.4890322884345824,-0.1917433898420684,2.0886150341511485,0.20413026211278792,7.5,53802.343071116855
USD,SMH,PB_RSI5_R10_H30_TS16,2019-05-01,2024-05-01,5,0.37546050441152157,1.3575978288325208,-0.1917433898420685,1.9581405373127783,0.19365079365079366,7.5,49231.2226894953
USD,SMH,PB_RSI5_R10_H30_TS16,2019-08-01,2024-08-01,5,0.5039201038634491,1.635203256900013,-0.1917433898420685,2.6280963546044966,0.21445591739475775,8.0,76810.49279677992
USD,SMH,PB_RSI5_R10_H30_TS16,2019-11-01,2024-11-01,5,0.5377291786421665,1.6706156291031622,-0.19174338984206885,2.804420945541184,0.21842732327243844,8.5,85833.6714627467
USD,SMH,PB_RSI5_R10_H30_TS16,2020-02-01,2025-02-01,5,0.4765704915366611,1.5606522978649113,-0.19174338984206862,2.485459821739843,0.1909307875894988,7.0,69864.40976988121
USD,SMH,PB_RSI5_R10_H30_TS16,2020-05-01,2025-05-01,5,0.4765704915366611,1.560652297864911,-0.19174338984206862,2.485459821739843,0.1909307875894988,7.0,69864.40976988121
USD,SMH,PB_RSI5_R10_H30_TS16,2020-08-01,2025-08-01,5,0.5777631389794233,1.7397867436001069,-0.19174338984206862,3.013210204822726,0.21496815286624205,8.0,97065.63650039675
USD,SMH,PB_RSI5_R10_H30_TS16,2020-11-01,2025-11-01,5,0.5777631389794233,1.7397867436001069,-0.19174338984206862,3.013210204822726,0.21496815286624205,8.0,97065.63650039675
USD,SMH,PB_RSI5_R10_H30_TS16,2021-02-01,2026-02-01,5,0.49348894653228004,1.6204657288799338,-0.19174338984206818,2.5736947017508576,0.19347133757961785,7.0,73832.0542611244
USD,SMH,PB_RSI5_R10_H30_TS16,2021-05-01,2026-05-01,5,0.5909796429683578,1.7707719823207209,-0.1917433898420683,3.0821382862539624,0.20780254777070065,7.5,101186.38675598515
USD,SMH,PB_RSI5_R10_H30_TS12,2007-02-01,2010-02-01,3,0.21509958562679588,1.2575906929373508,-0.09627587710447483,2.234200218122949,0.15873015873015872,4.0,17940.544435252854
USD,SMH,PB_RSI5_R10_H30_TS12,2007-05-01,2010-05-01,3,0.16983286586374424,1.101130102261315,-0.09627587710447527,1.7640230447285092,0.11889035667107001,3.0,16019.235575052675
USD,SMH,PB_RSI5_R10_H30_TS12,2007-08-01,2010-08-01,3,0.05983564275754105,0.3794252855662443,-0.23569077002422179,0.2538735087139466,0.14153439153439154,3.5,11904.620705049836
USD,SMH,PB_RSI5_R10_H30_TS12,2007-11-01,2010-11-01,3,-0.002345105403565473,0.09405374589338068,-0.29592687916991123,-0.007924611005744403,0.11904761904761904,3.0,9929.811694504126
USD,SMH,PB_RSI5_R10_H30_TS12,2008-02-01,2011-02-01,3,0.0318355498737779,0.2526588262590043,-0.29592687916991123,0.10757910860641694,0.15852047556142668,4.0,10987.160521057283
USD,SMH,PB_RSI5_R10_H30_TS12,2008-05-01,2011-05-01,3,0.0730319900358114,0.4245878174047309,-0.29592687916991123,0.24679066072223502,0.18121693121693122,4.5,12354.865134620582
USD,SMH,PB_RSI5_R10_H30_TS12,2008-08-01,2011-08-01,3,0.06395651238594002,0.3842498562159409,-0.29592687916991123,0.21612268735216295,0.1984126984126984,5.0,12044.024535747603
USD,SMH,PB_RSI5_R10_H30_TS12,2008-11-01,2011-11-01,3,0.06395651238594002,0.3842498562159409,-0.29592687916991123,0.21612268735216295,0.1984126984126984,5.0,12044.024535747603
USD,SMH,PB_RSI5_R10_H30_TS12,2009-02-01,2012-02-01,3,0.06386938323053726,0.3839958259491878,-0.29592687916991123,0.21582825936492783,0.19815059445178335,5.0,12044.024535747603
USD,SMH,PB_RSI5_R10_H30_TS12,2009-05-01,2012-05-01,3,0.041700692879310886,0.29010139736863877,-0.29592687916991123,0.14091552952635897,0.24174372523117568,6.5,11305.74713121442
USD,SMH,PB_RSI5_R10_H30_TS12,2009-08-01,2012-08-01,3,-0.14425896655310555,-0.5295394421286941,-0.4022181435424248,-0.35865852614848426,0.25495376486129456,7.5,6262.6564605123
USD,SMH,PB_RSI5_R10_H30_TS12,2009-11-01,2012-11-01,3,-0.13489005806409105,-0.5100960090898676,-0.3844979397290941,-0.3508212765954757,0.23412698412698413,7.0,6474.614402826754
USD,SMH,PB_RSI5_R10_H30_TS12,2010-02-01,2013-02-01,3,-0.1108965208929823,-0.38434489990293147,-0.3844979397290941,-0.2884190250047028,0.2628797886393659,7.5,7025.129895291817
USD,SMH,PB_RSI5_R10_H30_TS12,2010-05-01,2013-05-01,3,-0.08201657857782385,-0.2338182704404956,-0.3844979397290941,-0.21330823940333807,0.295364238410596,8.5,7738.414612201839
USD,SMH,PB_RSI5_R10_H30_TS12,2010-08-01,2013-08-01,3,0.011699883603035532,0.15601292462215796,-0.3810271695196513,0.030706166223750393,0.28174603174603174,8.0,10355.119142032803
USD,SMH,PB_RSI5_R10_H30_TS12,2010-11-01,2013-11-01,3,0.04325132471534343,0.3288029964437741,-0.38102716951965165,0.113512442616281,0.27344782034346105,8.0,11356.37713319151
USD,SMH,PB_RSI5_R10_H30_TS12,2011-02-01,2014-02-01,3,0.008718773123912449,0.13552475213601056,-0.38102716951965143,0.022882287199896854,0.23443708609271524,7.0,10263.496764996087
USD,SMH,PB_RSI5_R10_H30_TS12,2011-05-01,2014-05-01,3,-0.030018551768212776,-0.11681936904560516,-0.38102716951965176,-0.07878323166837725,0.2119205298013245,6.5,9127.31019202883
USD,SMH,PB_RSI5_R10_H30_TS12,2011-08-01,2014-08-01,3,-0.021705235700605008,-0.07064807677291195,-0.38102716951965165,-0.0569650603340651,0.19444444444444445,6.0,9362.874189575394
USD,SMH,PB_RSI5_R10_H30_TS12,2011-11-01,2014-11-01,3,-0.06837101969550186,-0.29200348302561396,-0.38102716951965165,-0.17943869929720482,0.22913907284768212,8.0,8088.183967397988
USD,SMH,PB_RSI5_R10_H30_TS12,2012-02-01,2015-02-01,3,-0.10970253374943617,-0.4811504379139591,-0.38102716951965165,-0.28791262808826606,0.26657824933687,8.5,7063.271936844208
USD,SMH,PB_RSI5_R10_H30_TS12,2012-05-01,2015-05-01,3,-0.09744669326183875,-0.3593854632016312,-0.3503914982382642,-0.2781080412960692,0.2662251655629139,8.5,7355.2134419125705
USD,SMH,PB_RSI5_R10_H30_TS12,2012-08-01,2015-08-01,3,-0.005947700380526499,0.07000537573243062,-0.35039149823826454,-0.01697444261756058,0.23342175066312998,7.0,9823.093201205254
USD,SMH,PB_RSI5_R10_H30_TS12,2012-11-01,2015-11-01,3,-0.005939846074478283,0.06995899829388273,-0.35039149823826454,-0.016952026816698666,0.23311258278145697,7.0,9823.093201205254
USD,SMH,PB_RSI5_R10_H30_TS12,2013-02-01,2016-02-01,3,-0.02896656730784708,-0.052800951468523545,-0.35039149823826465,-0.08266914994652623,0.2052980132450331,6.5,9156.999844091117
USD,SMH,PB_RSI5_R10_H30_TS12,2013-05-01,2016-05-01,3,-0.06361655560754487,-0.25960531384759467,-0.35039149823826454,-0.1815585022108211,0.17328042328042328,5.5,8210.340712108573
USD,SMH,PB_RSI5_R10_H30_TS12,2013-08-01,2016-08-01,3,-0.05227194251644285,-0.17387949514330137,-0.3448280745978328,-0.15158841859789618,0.1626984126984127,5.0,8512.384148195679
USD,SMH,PB_RSI5_R10_H30_TS12,2013-11-01,2016-11-01,3,-0.0491308753436106,-0.12850125991651287,-0.3364652325253167,-0.14602066006898304,0.1931216931216931,6.0,8597.303084900464
USD,SMH,PB_RSI5_R10_H30_TS12,2014-02-01,2017-02-01,3,0.006092278866651313,0.1439766243773443,-0.3364652325253167,0.01810671141539984,0.2328042328042328,7.0,10183.884103055014
USD,SMH,PB_RSI5_R10_H30_TS12,2014-05-01,2017-05-01,3,0.013106981361100889,0.17411636617447,-0.3364652325253167,0.038954935292206394,0.24206349206349206,7.5,10398.385746516333
USD,SMH,PB_RSI5_R10_H30_TS12,2014-08-01,2017-08-01,3,0.07642854484164441,0.4267840286911314,-0.3364652325253167,0.22715138877207378,0.2724867724867725,8.0,12472.56045700841
USD,SMH,PB_RSI5_R10_H30_TS12,2014-11-01,2017-11-01,3,0.1302415311066496,0.6729816574277304,-0.24834702556439114,0.5244336259339685,0.23809523809523808,6.0,14438.22430987697
USD,SMH,PB_RSI5_R10_H30_TS12,2015-02-01,2018-02-01,3,0.18219778648847118,0.927968169615995,-0.17148267877444034,1.0624850730733275,0.20079260237780713,5.5,16533.27458223535
USD,SMH,PB_RSI5_R10_H30_TS12,2015-05-01,2018-05-01,3,0.19070401332256193,1.1088018908841608,-0.12182401794090869,1.5654057101865069,0.15873015873015872,4.0,16881.516295632602
USD,SMH,PB_RSI5_R10_H30_TS12,2015-08-01,2018-08-01,3,0.19070401332256193,1.1088018908841608,-0.12182401794090869,1.5654057101865069,0.15873015873015872,4.0,16881.516295632602
USD,SMH,PB_RSI5_R10_H30_TS12,2015-11-01,2018-11-01,3,0.1921683666515257,1.0557090859686749,-0.12182401794090869,1.5774259452248396,0.19815059445178335,5.0,16955.699409833996
USD,SMH,PB_RSI5_R10_H30_TS12,2016-02-01,2019-02-01,3,0.1921683666515257,1.0557090859686749,-0.12182401794090869,1.5774259452248396,0.19815059445178335,5.0,16955.699409833996
USD,SMH,PB_RSI5_R10_H30_TS12,2016-05-01,2019-05-01,3,0.3068185005673194,1.4373949037999612,-0.12182401794090869,2.518538673680449,0.23841059602649006,6.0,22293.828231738582
USD,SMH,PB_RSI5_R10_H30_TS12,2016-08-01,2019-08-01,3,0.22674280772586553,1.2457509893434975,-0.12182401794090891,1.861232387162339,0.20105820105820105,5.5,18461.22695191425
USD,SMH,PB_RSI5_R10_H30_TS12,2016-11-01,2019-11-01,3,0.30473469958949684,1.5781755243547864,-0.12182401794090902,2.5014336642328527,0.1931216931216931,4.5,22210.92460841101
USD,SMH,PB_RSI5_R10_H30_TS12,2017-02-01,2020-02-01,3,0.3045076023645643,1.6220543605358513,-0.1104371397915408,2.757293451635451,0.1986754966887417,5.0,22175.92385693727
USD,SMH,PB_RSI5_R10_H30_TS12,2017-05-01,2020-05-01,3,0.2958052360026264,1.5998968927694022,-0.11043713979154102,2.678494178326083,0.190224570673712,4.5,21780.396304073172
USD,SMH,PB_RSI5_R10_H30_TS12,2017-08-01,2020-08-01,3,0.21883949177775275,1.3089179281758032,-0.1104371397915409,1.981575149363974,0.15873015873015872,4.0,18106.710263354347
USD,SMH,PB_RSI5_R10_H30_TS12,2017-11-01,2020-11-01,3,0.21915901355085166,1.309790371657764,-0.1104371397915409,1.9844683950030952,0.15894039735099338,4.0,18106.710263354347
USD,SMH,PB_RSI5_R10_H30_TS12,2018-02-01,2021-02-01,3,0.41063534642607125,1.662190021872198,-0.11608713990190378,3.537302639836482,0.2304635761589404,5.5,28031.824770994772
USD,SMH,PB_RSI5_R10_H30_TS12,2018-05-01,2021-05-01,3,0.42859491245618053,1.6830733759909149,-0.11608713990190378,3.692010267617522,0.23809523809523808,6.0,29155.956762935228
USD,SMH,PB_RSI5_R10_H30_TS12,2018-08-01,2021-08-01,3,0.43829207675677395,1.6348398829535409,-0.14977743498533524,2.926289108901399,0.25695364238410595,6.5,29710.83700130648
USD,SMH,PB_RSI5_R10_H30_TS12,2018-11-01,2021-11-01,3,0.39223101927683346,1.455584188797082,-0.15604127234621656,2.5136363820885217,0.2781456953642384,6.0,26950.301879337207
USD,SMH,PB_RSI5_R10_H30_TS12,2019-02-01,2022-02-01,3,0.391014378924764,1.4536439397554306,-0.15604127234621656,2.5058394682735017,0.2774108322324967,6.0,26950.301879337207
USD,SMH,PB_RSI5_R10_H30_TS12,2019-05-01,2022-05-01,3,0.269875021865452,1.136279465995097,-0.15604127234621656,1.7295105186444955,0.23778071334214002,5.0,20497.207250380325
USD,SMH,PB_RSI5_R10_H30_TS12,2019-08-01,2022-08-01,3,0.2702764035664509,1.1370345781695448,-0.15604127234621656,1.7320827977278674,0.23809523809523808,5.0,20497.207250380325
USD,SMH,PB_RSI5_R10_H30_TS12,2019-11-01,2022-11-01,3,0.22464442899744896,1.0381148296575833,-0.1560412723462169,1.4396475087630578,0.20502645502645503,4.5,18366.65353380897
USD,SMH,PB_RSI5_R10_H30_TS12,2020-02-01,2023-02-01,3,0.14342964091806532,0.7684245417513591,-0.15604127234621668,0.9191775916811977,0.15873015873015872,3.0,14949.557518862355
USD,SMH,PB_RSI5_R10_H30_TS12,2020-05-01,2023-05-01,3,0.15012236721176664,0.796485026668261,-0.15604127234621668,0.9620683358610569,0.16026490066225166,3.5,15205.163723975507
USD,SMH,PB_RSI5_R10_H30_TS12,2020-08-01,2023-08-01,3,0.3411346350301272,1.2256975677193105,-0.19174338984206862,1.7791207056008875,0.1989389920424403,4.0,24066.085185215463
USD,SMH,PB_RSI5_R10_H30_TS12,2020-11-01,2023-11-01,3,0.34061335295873363,1.2248807425626722,-0.19174338984206862,1.7764020613137341,0.1986754966887417,4.0,24066.085185215463
USD,SMH,PB_RSI5_R10_H30_TS12,2021-02-01,2024-02-01,3,0.2729938560745666,1.1208569090573948,-0.19174338984206818,1.4237458527223357,0.15079365079365079,3.0,20629.035479161426
USD,SMH,PB_RSI5_R10_H30_TS12,2021-05-01,2024-05-01,3,0.3069208196511697,1.1319038714096958,-0.1917433898420683,1.600685269536377,0.16423841059602648,3.5,22299.058288063614
USD,SMH,PB_RSI5_R10_H30_TS12,2021-08-01,2024-08-01,3,0.5065899436436396,1.6153175154456616,-0.1917433898420685,2.6420203797424144,0.18013245033112582,3.5,34141.206396833186
USD,SMH,PB_RSI5_R10_H30_TS12,2021-11-01,2024-11-01,3,0.6718958456471198,1.9169814619113603,-0.1344797766960677,4.996259379323959,0.15873015873015872,4.0,46733.4298568576
USD,SMH,PB_RSI5_R10_H30_TS12,2022-02-01,2025-02-01,3,0.6753227977047984,1.92085215385978,-0.1344797766960677,5.0217424083850775,0.1593625498007968,4.0,46733.4298568576
USD,SMH,PB_RSI5_R10_H30_TS12,2022-05-01,2025-05-01,3,0.6753227977047984,1.9208521538597798,-0.1344797766960677,5.0217424083850775,0.1593625498007968,4.0,46733.4298568576
USD,SMH,PB_RSI5_R10_H30_TS12,2022-08-01,2025-08-01,3,0.8686618732426765,2.181496658888957,-0.1344797766960677,6.459423822556636,0.1989389920424403,5.0,64928.768880233205
USD,SMH,PB_RSI5_R10_H30_TS12,2022-11-01,2025-11-01,3,0.8702140841382879,2.182972089006829,-0.1344797766960677,6.47096615950682,0.199203187250996,5.0,64928.768880233205
USD,SMH,PB_RSI5_R10_H30_TS12,2023-02-01,2026-02-01,3,0.9327783502346794,2.2196246644305746,-0.1344797766960677,6.9361979410689685,0.23404255319148937,5.5,71450.22233886513
USD,SMH,PB_RSI5_R10_H30_TS12,2023-05-01,2026-05-01,3,1.221831177449055,2.479734361200509,-0.17486784793834287,6.987168835518944,0.26657824933687,6.0,108988.70563063686
USD,SMH,PB_RSI5_R10_H30_TS12,2007-02-01,2012-02-01,5,0.10518355997845208,0.5949463314195617,-0.29592687916991156,0.3554376684993833,0.19032513877874702,8.0,16494.700669744645
USD,SMH,PB_RSI5_R10_H30_TS12,2007-05-01,2012-05-01,5,0.06681978136305688,0.42007873786451766,-0.2959268791699119,0.22579828351682468,0.19255150554675118,8.5,13825.417169510387
USD,SMH,PB_RSI5_R10_H30_TS12,2007-08-01,2012-08-01,5,-0.01970610500933656,0.006267007582025041,-0.4055262567639274,-0.04859390651197279,0.187797147385103,9.0,9051.340213601743
USD,SMH,PB_RSI5_R10_H30_TS12,2007-11-01,2012-11-01,5,-0.03240114890736667,-0.06690629998142479,-0.40552625676392784,-0.07989901607339966,0.16428571428571428,8.0,8481.579165956116
USD,SMH,PB_RSI5_R10_H30_TS12,2008-02-01,2013-02-01,5,-0.0164794605692824,0.01721373480979346,-0.40552625676392784,-0.04063722211426551,0.18174603174603174,8.5,9202.740372002492
USD,SMH,PB_RSI5_R10_H30_TS12,2008-05-01,2013-05-01,5,0.002729751303111705,0.11568898018605303,-0.40552625676392784,0.0067313799232013635,0.20095313741064336,9.5,10137.125096395912
USD,SMH,PB_RSI5_R10_H30_TS12,2008-08-01,2013-08-01,5,0.02928785567540726,0.24182452800622553,-0.40552625676392784,0.07222184799850538,0.23034154090548054,10.5,11551.396572751552
USD,SMH,PB_RSI5_R10_H30_TS12,2008-11-01,2013-11-01,5,0.024340757276053004,0.2191300706407636,-0.40552625676392784,0.060022641863662796,0.23590150913423352,11.0,11276.668646436412
USD,SMH,PB_RSI5_R10_H30_TS12,2009-02-01,2014-02-01,5,0.024340757276053004,0.2191300706407636,-0.40552625676392784,0.060022641863662796,0.23590150913423352,11.0,11276.668646436412
USD,SMH,PB_RSI5_R10_H30_TS12,2009-05-01,2014-05-01,5,0.024340757276053004,0.2191300706407636,-0.40552625676392784,0.060022641863662796,0.23590150913423352,11.0,11276.668646436412
USD,SMH,PB_RSI5_R10_H30_TS12,2009-08-01,2014-08-01,5,-0.035993632236643536,-0.08156109778826841,-0.4022181435424248,-0.08948783841434799,0.22478157267672755,10.5,8326.503870308496
USD,SMH,PB_RSI5_R10_H30_TS12,2009-11-01,2014-11-01,5,-0.05756472555598946,-0.1739207492732502,-0.3844979397290941,-0.1497140026200085,0.23272438443208895,12.0,7436.350328471911
USD,SMH,PB_RSI5_R10_H30_TS12,2010-02-01,2015-02-01,5,-0.08278073849319756,-0.28252367095961556,-0.3844979397290941,-0.21529566205614112,0.2549642573471009,12.5,6494.036831921294
USD,SMH,PB_RSI5_R10_H30_TS12,2010-05-01,2015-05-01,5,-0.0865995663229071,-0.26533395053891545,-0.4067762772100355,-0.21289237149439802,0.28038125496425736,14.0,6360.074072083302
USD,SMH,PB_RSI5_R10_H30_TS12,2010-08-01,2015-08-01,5,-0.05674529003557294,-0.1962370926849512,-0.40343113288397403,-0.14065669555525545,0.24305003971405878,12.5,7468.709899872002
USD,SMH,PB_RSI5_R10_H30_TS12,2010-11-01,2015-11-01,5,-0.03451687600662101,-0.08897060832092157,-0.4034311328839737,-0.08555828540021977,0.23272438443208895,12.0,8390.425237036521
USD,SMH,PB_RSI5_R10_H30_TS12,2011-02-01,2016-02-01,5,-0.053916003555939285,-0.2040301508050578,-0.4034311328839737,-0.13364363620257702,0.20906200317965024,11.0,7582.973096726026
USD,SMH,PB_RSI5_R10_H30_TS12,2011-05-01,2016-05-01,5,-0.07589145263761787,-0.34870562518447795,-0.4034311328839736,-0.18811501257996413,0.19554848966613672,10.5,6743.525059381098
USD,SMH,PB_RSI5_R10_H30_TS12,2011-08-01,2016-08-01,5,-0.03733677406018132,-0.10252945666279899,-0.41900949150299005,-0.08910722744311601,0.20810166799046861,10.5,8268.704800330746
USD,SMH,PB_RSI5_R10_H30_TS12,2011-11-01,2016-11-01,5,-0.04249882357716739,-0.11292528799344886,-0.41900949150299005,-0.10142687561736084,0.23272438443208895,12.0,8049.546715357146
USD,SMH,PB_RSI5_R10_H30_TS12,2012-02-01,2017-02-01,5,-0.00948457637247535,0.06411599111022975,-0.41900949150299005,-0.022635707698300835,0.2565528196981732,13.0,9535.042561812099
USD,SMH,PB_RSI5_R10_H30_TS12,2012-05-01,2017-05-01,5,0.006950640980471379,0.1388130704917358,-0.3673548946879108,0.018920779553996004,0.2368839427662957,12.0,10351.82779985712
USD,SMH,PB_RSI5_R10_H30_TS12,2012-08-01,2017-08-01,5,0.10662833870304933,0.6025548553115334,-0.3673548946879115,0.2902597467596997,0.23529411764705882,11.0,16582.870794966417
USD,SMH,PB_RSI5_R10_H30_TS12,2012-11-01,2017-11-01,5,0.10645038283042862,0.602075758801609,-0.3673548946879115,0.28977532182023646,0.23492063492063492,11.0,16582.870794966417
USD,SMH,PB_RSI5_R10_H30_TS12,2013-02-01,2018-02-01,5,0.09102055243641338,0.5358675908030578,-0.3673548946879114,0.2477728043170364,0.21825396825396826,10.5,15458.404208712924
USD,SMH,PB_RSI5_R10_H30_TS12,2013-05-01,2018-05-01,5,0.0674671682045187,0.4326393272700249,-0.36735489468791105,0.18365664696488096,0.1992063492063492,9.5,13860.300052415654
USD,SMH,PB_RSI5_R10_H30_TS12,2013-08-01,2018-08-01,5,0.03751815858432983,0.291004076852423,-0.3448280745978328,0.10880250579389926,0.16984126984126985,8.5,12022.050065418201
USD,SMH,PB_RSI5_R10_H30_TS12,2013-11-01,2018-11-01,5,0.04609704387946412,0.3303416503555138,-0.3364652325253167,0.1370038845722214,0.1873015873015873,9.0,12527.369122329874
USD,SMH,PB_RSI5_R10_H30_TS12,2014-02-01,2019-02-01,5,0.046134489786532784,0.33047287322593416,-0.3364652325253167,0.13711517662693867,0.187450357426529,9.0,12527.369122329874
USD,SMH,PB_RSI5_R10_H30_TS12,2014-05-01,2019-05-01,5,0.10504558034073685,0.5918633397064837,-0.3364652325253167,0.31220337255152475,0.21127879269261318,10.0,16471.335605703705
USD,SMH,PB_RSI5_R10_H30_TS12,2014-08-01,2019-08-01,5,0.10504558034073685,0.5918633397064837,-0.3364652325253167,0.31220337255152475,0.21127879269261318,10.0,16471.335605703705
USD,SMH,PB_RSI5_R10_H30_TS12,2014-11-01,2019-11-01,5,0.17206617413879477,0.896295029254068,-0.24834702556439114,0.6928457216177999,0.21127879269261318,8.5,22104.823029167223
USD,SMH,PB_RSI5_R10_H30_TS12,2015-02-01,2020-02-01,5,0.24541855907666976,1.194804200423166,-0.17148267877444034,1.4311565507994013,0.21604447974583002,9.5,29936.32125650166
USD,SMH,PB_RSI5_R10_H30_TS12,2015-05-01,2020-05-01,5,0.250403558345736,1.3213216998452137,-0.12182401794090869,2.0554531247458563,0.19047619047619047,8.0,30566.872437111433
USD,SMH,PB_RSI5_R10_H30_TS12,2015-08-01,2020-08-01,5,0.2506255185630939,1.321849983166027,-0.12182401794090869,2.0572750989436335,0.19062748212867356,8.0,30566.872437111433
USD,SMH,PB_RSI5_R10_H30_TS12,2015-11-01,2020-11-01,5,0.2506255185630939,1.321849983166027,-0.12182401794090869,2.0572750989436335,0.19062748212867356,8.0,30566.872437111433
USD,SMH,PB_RSI5_R10_H30_TS12,2016-02-01,2021-02-01,5,0.3646226153728416,1.5440682177932443,-0.12182401794090869,2.9930273318493197,0.23333333333333334,9.5,47321.970666786554
USD,SMH,PB_RSI5_R10_H30_TS12,2016-05-01,2021-05-01,5,0.3757442316067212,1.5594162038178778,-0.12182401794090869,3.08431980784756,0.23828435266084194,10.0,49219.675920825044
USD,SMH,PB_RSI5_R10_H30_TS12,2016-08-01,2021-08-01,5,0.32977660171736356,1.42715091280038,-0.14977743498533558,2.2017776025450786,0.22716441620333597,10.0,41533.85569706344
USD,SMH,PB_RSI5_R10_H30_TS12,2016-11-01,2021-11-01,5,0.31494208276656854,1.3666499828729946,-0.15604127234621668,2.018325523953628,0.23828435266084194,9.0,39270.0334356755
USD,SMH,PB_RSI5_R10_H30_TS12,2017-02-01,2022-02-01,5,0.2708725872120612,1.271411572231863,-0.15604127234621668,1.735903476940783,0.21428571428571427,8.0,33152.02492331956
USD,SMH,PB_RSI5_R10_H30_TS12,2017-05-01,2022-05-01,5,0.2663064623902478,1.2584672332599587,-0.15604127234621656,1.7066411878479197,0.20952380952380953,7.5,32560.72873313589
USD,SMH,PB_RSI5_R10_H30_TS12,2017-08-01,2022-08-01,5,0.22056883927097237,1.099910773787619,-0.1560412723462169,1.4135288437124813,0.19062748212867356,7.0,27068.730655939115
USD,SMH,PB_RSI5_R10_H30_TS12,2017-11-01,2022-11-01,5,0.22056883927097237,1.099910773787619,-0.1560412723462169,1.4135288437124813,0.19062748212867356,7.0,27068.730655939115
USD,SMH,PB_RSI5_R10_H30_TS12,2018-02-01,2023-02-01,5,0.22056883927097237,1.0999107737876193,-0.1560412723462169,1.4135288437124813,0.19062748212867356,7.0,27068.730655939115
USD,SMH,PB_RSI5_R10_H30_TS12,2018-05-01,2023-05-01,5,0.22471771694653575,1.1163487570144939,-0.1560412723462169,1.4401171790495457,0.19142176330420968,7.5,27531.549405689053
USD,SMH,PB_RSI5_R10_H30_TS12,2018-08-01,2023-08-01,5,0.342926543498725,1.3370054949444248,-0.19174338984206873,1.788466052369157,0.21462639109697934,8.0,43575.76316219009
USD,SMH,PB_RSI5_R10_H30_TS12,2018-11-01,2023-11-01,5,0.3417475196884363,1.3575547365433573,-0.1917433898420684,1.7823170851935,0.1907790143084261,7.0,43385.11424014099
USD,SMH,PB_RSI5_R10_H30_TS12,2019-02-01,2024-02-01,5,0.4004781267232487,1.4890322884345824,-0.1917433898420684,2.0886150341511485,0.20413026211278792,7.5,53802.343071116855
USD,SMH,PB_RSI5_R10_H30_TS12,2019-05-01,2024-05-01,5,0.37546050441152157,1.3575978288325208,-0.1917433898420685,1.9581405373127783,0.19365079365079366,7.5,49231.2226894953
USD,SMH,PB_RSI5_R10_H30_TS12,2019-08-01,2024-08-01,5,0.5039201038634491,1.635203256900013,-0.1917433898420685,2.6280963546044966,0.21445591739475775,8.0,76810.49279677992
USD,SMH,PB_RSI5_R10_H30_TS12,2019-11-01,2024-11-01,5,0.5377291786421665,1.6706156291031622,-0.19174338984206885,2.804420945541184,0.21842732327243844,8.5,85833.6714627467
USD,SMH,PB_RSI5_R10_H30_TS12,2020-02-01,2025-02-01,5,0.4765704915366611,1.5606522978649113,-0.19174338984206862,2.485459821739843,0.1909307875894988,7.0,69864.40976988121
USD,SMH,PB_RSI5_R10_H30_TS12,2020-05-01,2025-05-01,5,0.4765704915366611,1.560652297864911,-0.19174338984206862,2.485459821739843,0.1909307875894988,7.0,69864.40976988121
USD,SMH,PB_RSI5_R10_H30_TS12,2020-08-01,2025-08-01,5,0.5777631389794233,1.7397867436001069,-0.19174338984206862,3.013210204822726,0.21496815286624205,8.0,97065.63650039675
USD,SMH,PB_RSI5_R10_H30_TS12,2020-11-01,2025-11-01,5,0.5777631389794233,1.7397867436001069,-0.19174338984206862,3.013210204822726,0.21496815286624205,8.0,97065.63650039675
USD,SMH,PB_RSI5_R10_H30_TS12,2021-02-01,2026-02-01,5,0.49348894653228004,1.6204657288799338,-0.19174338984206818,2.5736947017508576,0.19347133757961785,7.0,73832.0542611244
USD,SMH,PB_RSI5_R10_H30_TS12,2021-05-01,2026-05-01,5,0.5909796429683578,1.7707719823207209,-0.1917433898420683,3.0821382862539624,0.20780254777070065,7.5,101186.38675598515
USD,SMH,PB_RSI5_R10_H50,2007-02-01,2010-02-01,3,0.20338414022423312,0.9300073838045411,-0.20676352479196392,0.9836557991979922,0.26455026455026454,4.0,17426.60753183438
USD,SMH,PB_RSI5_R10_H50,2007-05-01,2010-05-01,3,0.16826809496803352,0.826801582278119,-0.2067635247919638,0.8138190482936356,0.21796565389696168,3.5,15954.954686296951
USD,SMH,PB_RSI5_R10_H50,2007-08-01,2010-08-01,3,0.08689160086831493,0.4488300066324609,-0.27141053901002665,0.3201482196868741,0.21693121693121692,3.5,12839.812981558105
USD,SMH,PB_RSI5_R10_H50,2007-11-01,2010-11-01,3,0.09768800723972193,0.5321462485128252,-0.2714105390100271,0.35992709640546755,0.13227513227513227,2.0,13226.250934465996
USD,SMH,PB_RSI5_R10_H50,2008-02-01,2011-02-01,3,0.18346972496521574,0.8392037014725711,-0.27141053901002654,0.6759860012600245,0.19682959048877147,2.5,16586.767746164765
USD,SMH,PB_RSI5_R10_H50,2008-05-01,2011-05-01,3,0.2371736782591125,1.0019087982265664,-0.27141053901002654,0.8738558168161287,0.2208994708994709,3.5,18936.164362085572
USD,SMH,PB_RSI5_R10_H50,2008-08-01,2011-08-01,3,0.1478835267876768,0.6743041538965042,-0.27141053901002654,0.5448702446378239,0.26455026455026454,4.0,15124.93337182515
USD,SMH,PB_RSI5_R10_H50,2008-11-01,2011-11-01,3,0.1478835267876768,0.6743041538965042,-0.27141053901002654,0.5448702446378239,0.26455026455026454,4.0,15124.93337182515
USD,SMH,PB_RSI5_R10_H50,2009-02-01,2012-02-01,3,0.14767440989761438,0.6738578244127977,-0.27141053901002654,0.5440997628030905,0.26420079260237783,4.0,15124.93337182515
USD,SMH,PB_RSI5_R10_H50,2009-05-01,2012-05-01,3,0.14158761303902168,0.638492788880535,-0.27141053901002654,0.5216732318334592,0.31175693527080584,4.5,14885.243881570123
USD,SMH,PB_RSI5_R10_H50,2009-08-01,2012-08-01,3,-0.031166322873727337,0.0007923381923064072,-0.37720139301869215,-0.08262515316899398,0.31175693527080584,4.5,9092.705256379193
USD,SMH,PB_RSI5_R10_H50,2009-11-01,2012-11-01,3,-0.060799985290589165,-0.15328878114882807,-0.3772013930186924,-0.16118706456520482,0.26455026455026454,4.0,8284.652032133663
USD,SMH,PB_RSI5_R10_H50,2010-02-01,2013-02-01,3,-0.03485635594735359,-0.03310501405276111,-0.3772013930186924,-0.09240781341872263,0.29326287978863935,4.5,8989.069161805593
USD,SMH,PB_RSI5_R10_H50,2010-05-01,2013-05-01,3,0.009887230291351301,0.16453801468537893,-0.3772013930186924,0.026212072580711107,0.352317880794702,5.5,10299.15718279909
USD,SMH,PB_RSI5_R10_H50,2010-08-01,2013-08-01,3,0.09132497414128538,0.519702490256436,-0.37720139301869193,0.24211197474755836,0.3611111111111111,5.5,12997.573483275237
USD,SMH,PB_RSI5_R10_H50,2010-11-01,2013-11-01,3,0.09630125976611081,0.5336091635590741,-0.37720139301869193,0.25530462386531716,0.3963011889035667,6.0,13180.99488544274
USD,SMH,PB_RSI5_R10_H50,2011-02-01,2014-02-01,3,0.022684162975756372,0.21192622019298024,-0.37720139301869227,0.06013806787461216,0.3337748344370861,5.5,10695.126729575786
USD,SMH,PB_RSI5_R10_H50,2011-05-01,2014-05-01,3,-0.026893990826464487,-0.045373993002668346,-0.3772013930186924,-0.07129875796914606,0.3086092715231788,4.5,9215.681287904436
USD,SMH,PB_RSI5_R10_H50,2011-08-01,2014-08-01,3,0.04883860381958227,0.35519822341656226,-0.2712645162462014,0.18004051726122572,0.26455026455026454,4.0,11537.879294161563
USD,SMH,PB_RSI5_R10_H50,2011-11-01,2014-11-01,3,0.02836134531364043,0.23829583337416438,-0.29369810314155975,0.09656632102921865,0.3072847682119205,4.5,10873.992618143071
USD,SMH,PB_RSI5_R10_H50,2012-02-01,2015-02-01,3,0.03496067911923739,0.26427594711847485,-0.29369810314155975,0.1190361079805363,0.3687002652519894,5.5,11082.892151264132
USD,SMH,PB_RSI5_R10_H50,2012-05-01,2015-05-01,3,0.08897744489325876,0.4615787978463823,-0.29369810314155986,0.30295546325122985,0.39470198675496687,6.0,12909.509862312258
USD,SMH,PB_RSI5_R10_H50,2012-08-01,2015-08-01,3,0.19931291512594584,0.8445024770054055,-0.29369810314156053,0.6786319455045249,0.3978779840848806,6.0,17225.47010040912
USD,SMH,PB_RSI5_R10_H50,2012-11-01,2015-11-01,3,0.19902424297274024,0.8439414367850175,-0.29369810314156053,0.677649058144621,0.3973509933774834,6.0,17225.47010040912
USD,SMH,PB_RSI5_R10_H50,2013-02-01,2016-02-01,3,0.17124966928526963,0.756529740313488,-0.29369810314156,0.583080610509523,0.3695364238410596,5.5,16057.429548208902
USD,SMH,PB_RSI5_R10_H50,2013-05-01,2016-05-01,3,0.1144610379865314,0.5799029795919469,-0.29369810314155975,0.3897234499038022,0.31084656084656087,4.5,13841.866933516325
USD,SMH,PB_RSI5_R10_H50,2013-08-01,2016-08-01,3,0.1331041581493535,0.6625146241044548,-0.2868936244622041,0.46394951577911026,0.27380952380952384,4.0,14548.207938883656
USD,SMH,PB_RSI5_R10_H50,2013-11-01,2016-11-01,3,0.1571563064794641,0.7233302875116917,-0.286893624462204,0.5477859843489419,0.3082010582010582,4.5,15494.44696343588
USD,SMH,PB_RSI5_R10_H50,2014-02-01,2017-02-01,3,0.23961486145876498,0.9563086584711613,-0.286893624462204,0.835204553283241,0.37962962962962965,5.5,19048.479846737715
USD,SMH,PB_RSI5_R10_H50,2014-05-01,2017-05-01,3,0.2747392596815079,1.0566285560471127,-0.286893624462204,0.957634594343182,0.4060846560846561,6.5,20714.00537086117
USD,SMH,PB_RSI5_R10_H50,2014-08-01,2017-08-01,3,0.2963685018381088,1.0498249682510679,-0.286893624462204,1.0330257508986682,0.46296296296296297,7.0,21786.396887655264
USD,SMH,PB_RSI5_R10_H50,2014-11-01,2017-11-01,3,0.3222313685192768,1.196177894964617,-0.18467534837814215,1.74485317801851,0.42063492063492064,6.5,23116.51537495617
USD,SMH,PB_RSI5_R10_H50,2015-02-01,2018-02-01,3,0.3133974125151284,1.2357393918927322,-0.1846753483781426,1.697018120000584,0.35931307793923384,5.5,22680.796141807798
USD,SMH,PB_RSI5_R10_H50,2015-05-01,2018-05-01,3,0.2694601394192455,1.2347497429539889,-0.18467534837814226,1.4591018334915902,0.28835978835978837,4.5,20457.718868729527
USD,SMH,PB_RSI5_R10_H50,2015-08-01,2018-08-01,3,0.21471440464718805,1.0566034383492777,-0.18467534837814248,1.1626587226332852,0.26455026455026454,4.0,17923.48863280942
USD,SMH,PB_RSI5_R10_H50,2015-11-01,2018-11-01,3,0.15322893643105662,0.6880595170516872,-0.4204959861670279,0.3644004734213838,0.33025099075297226,4.5,15345.89737755265
USD,SMH,PB_RSI5_R10_H50,2016-02-01,2019-02-01,3,0.15284490646923632,0.6867477570334704,-0.4204959861670279,0.3634871948778218,0.33025099075297226,5.0,15330.551480175098
USD,SMH,PB_RSI5_R10_H50,2016-05-01,2019-05-01,3,0.22724014785574287,0.8851111484976767,-0.4204959861670279,0.5404097906548848,0.37880794701986753,5.5,18468.676232202597
USD,SMH,PB_RSI5_R10_H50,2016-08-01,2019-08-01,3,0.050393194921836804,0.3186861797076895,-0.4204959861670279,0.11984227336196214,0.35978835978835977,5.5,11589.25979261841
USD,SMH,PB_RSI5_R10_H50,2016-11-01,2019-11-01,3,0.07602457248905226,0.40992646866033877,-0.42049598616702777,0.180797379737304,0.32275132275132273,5.0,12458.523262633595
USD,SMH,PB_RSI5_R10_H50,2017-02-01,2020-02-01,3,0.01992211344381989,0.20656913292903992,-0.42049598616702766,0.04737765424449619,0.28344370860927154,4.5,10608.818712018807
USD,SMH,PB_RSI5_R10_H50,2017-05-01,2020-05-01,3,-0.007024273942725534,0.10100094264842872,-0.4204959861670272,-0.01670473482221395,0.2562747688243065,3.5,9790.474661138609
USD,SMH,PB_RSI5_R10_H50,2017-08-01,2020-08-01,3,-0.02452690274992908,0.00445187923275388,-0.3599863779797814,-0.06813286349214756,0.1984126984126984,3.0,9282.092440023836
USD,SMH,PB_RSI5_R10_H50,2017-11-01,2020-11-01,3,-0.02455898649852939,0.004454826521777959,-0.3599863779797814,-0.06822198838842936,0.1986754966887417,3.0,9282.092440023836
USD,SMH,PB_RSI5_R10_H50,2018-02-01,2021-02-01,3,0.11594137180756392,0.5435202182967566,-0.3599863779797814,0.3220715529799179,0.26490066225165565,4.0,13891.050269141648
USD,SMH,PB_RSI5_R10_H50,2018-05-01,2021-05-01,3,0.15557049644597565,0.6122569228664507,-0.3599863779797814,0.4321566202560955,0.3306878306878307,5.0,15430.831724900701
USD,SMH,PB_RSI5_R10_H50,2018-08-01,2021-08-01,3,0.16308761286439788,0.6239998096660678,-0.3599863779797814,0.45303828933648616,0.34966887417218545,5.5,15724.502882921633
USD,SMH,PB_RSI5_R10_H50,2018-11-01,2021-11-01,3,0.2981437278095884,0.989601975920811,-0.3599863779797814,0.8282083602239351,0.36821192052980134,6.0,21853.38134859302
USD,SMH,PB_RSI5_R10_H50,2019-02-01,2022-02-01,3,0.3497946801582035,1.0657928803268386,-0.3599863779797813,0.971688657002043,0.3963011889035667,6.0,24621.815453178795
USD,SMH,PB_RSI5_R10_H50,2019-05-01,2022-05-01,3,0.25412111380910596,0.8693350733420772,-0.31264156479330074,0.8128193510581843,0.35006605019815057,5.5,19742.79674908291
USD,SMH,PB_RSI5_R10_H50,2019-08-01,2022-08-01,3,0.3919790126010487,1.2212741605170656,-0.2548530977791903,1.5380586542474246,0.3306878306878307,5.0,26971.062902571924
USD,SMH,PB_RSI5_R10_H50,2019-11-01,2022-11-01,3,0.3419751309850023,1.1360374984235821,-0.2548530977791901,1.3418519687027566,0.2976190476190476,4.5,24167.593258877572
USD,SMH,PB_RSI5_R10_H50,2020-02-01,2023-02-01,3,0.31402351921753957,1.0904423874434868,-0.2548530977791902,1.2321746211992912,0.26455026455026454,4.0,22688.689707413258
USD,SMH,PB_RSI5_R10_H50,2020-05-01,2023-05-01,3,0.3219582320373635,1.1103645912420754,-0.2548530977791902,1.2633090782216607,0.2662251655629139,4.5,23076.618906507243
USD,SMH,PB_RSI5_R10_H50,2020-08-01,2023-08-01,3,0.5767927116700482,1.4865298436111019,-0.2548530977791902,2.2632360237967086,0.33156498673740054,5.0,39061.97267324684
USD,SMH,PB_RSI5_R10_H50,2020-11-01,2023-11-01,3,0.5758419254161271,1.485536433724286,-0.2548530977791902,2.25950530103051,0.33112582781456956,5.0,39061.97267324684
USD,SMH,PB_RSI5_R10_H50,2021-02-01,2024-02-01,3,0.4792507815530731,1.3549684029547744,-0.2548530977791902,1.8804981604277204,0.28703703703703703,4.5,32368.71227618565
USD,SMH,PB_RSI5_R10_H50,2021-05-01,2024-05-01,3,0.6389592018911501,1.6132584248669155,-0.19211132601122105,3.3259840278955184,0.27019867549668874,4.5,43939.28321401627
USD,SMH,PB_RSI5_R10_H50,2021-08-01,2024-08-01,3,1.0251488579651826,2.0882025525987613,-0.19785589479540733,5.181290448916049,0.3125827814569536,4.5,82823.72427597984
USD,SMH,PB_RSI5_R10_H50,2021-11-01,2024-11-01,3,1.0788582041848525,2.1253634290921615,-0.1978558947954071,5.452747340686745,0.2791005291005291,4.0,89841.00537341028
USD,SMH,PB_RSI5_R10_H50,2022-02-01,2025-02-01,3,0.9886254945665331,2.0571038211392367,-0.19785589479540722,4.996694668050304,0.2656042496679947,4.0,78001.83257920976
USD,SMH,PB_RSI5_R10_H50,2022-05-01,2025-05-01,3,0.9886254945665331,2.0571038211392363,-0.19785589479540722,4.996694668050304,0.2656042496679947,4.0,78001.83257920976
USD,SMH,PB_RSI5_R10_H50,2022-08-01,2025-08-01,3,1.273653659370944,2.3073774567598297,-0.19785589479540722,6.4372793172928455,0.32625994694960214,4.5,116772.82462166323
USD,SMH,PB_RSI5_R10_H50,2022-11-01,2025-11-01,3,1.3197552574367521,2.343413026097288,-0.19785589479540722,6.670285253828016,0.33200531208499334,5.0,123587.91372413519
USD,SMH,PB_RSI5_R10_H50,2023-02-01,2026-02-01,3,1.3980448394473872,2.382696202543972,-0.19785589479540722,7.065975167902047,0.3670212765957447,5.5,136001.09883916573
USD,SMH,PB_RSI5_R10_H50,2023-05-01,2026-05-01,3,1.7177103291099298,2.507906409221192,-0.19785589479540722,8.681623213127551,0.42572944297082227,6.0,199142.26303408976
USD,SMH,PB_RSI5_R10_H50,2007-02-01,2012-02-01,5,0.12128087251872421,0.5951060877362782,-0.27141053901002665,0.4468539540177685,0.2775574940523394,7.0,17732.474672769466
USD,SMH,PB_RSI5_R10_H50,2007-05-01,2012-05-01,5,0.09809118704572839,0.5080816994390746,-0.2714105390100263,0.3614125943801495,0.27812995245641836,7.0,15977.710842703505
USD,SMH,PB_RSI5_R10_H50,2007-08-01,2012-08-01,5,0.03608478851814256,0.2676600240630494,-0.37720139301869204,0.09566451552408343,0.24881141045958796,6.5,11942.594122574115
USD,SMH,PB_RSI5_R10_H50,2007-11-01,2012-11-01,5,0.04230626107023738,0.3026516116226997,-0.3772013930186918,0.11215828428327394,0.1984126984126984,5.0,12302.028612139195
USD,SMH,PB_RSI5_R10_H50,2008-02-01,2013-02-01,5,0.05966926687753915,0.38054348010460104,-0.37720139301869204,0.1581894128227206,0.21587301587301588,5.5,13361.39165244185
USD,SMH,PB_RSI5_R10_H50,2008-05-01,2013-05-01,5,0.08897299601273745,0.496102161067109,-0.37720139301869204,0.23587663688274987,0.2509928514694202,6.5,15308.712207282313
USD,SMH,PB_RSI5_R10_H50,2008-08-01,2013-08-01,5,0.11476713865589039,0.577276000469754,-0.37720139301869204,0.304259583288981,0.2962668784749801,7.5,17208.124967863812
USD,SMH,PB_RSI5_R10_H50,2008-11-01,2013-11-01,5,0.11789832853510229,0.5850342509170687,-0.37720139301869204,0.3125606922911334,0.3177124702144559,8.0,17450.965557635485
USD,SMH,PB_RSI5_R10_H50,2009-02-01,2014-02-01,5,0.11789832853510229,0.5850342509170687,-0.37720139301869204,0.3125606922911334,0.3177124702144559,8.0,17450.965557635485
USD,SMH,PB_RSI5_R10_H50,2009-05-01,2014-05-01,5,0.11789832853510229,0.5850342509170687,-0.37720139301869204,0.3125606922911334,0.3177124702144559,8.0,17450.965557635485
USD,SMH,PB_RSI5_R10_H50,2009-08-01,2014-08-01,5,0.052053332414097264,0.33586148223292744,-0.37720139301869215,0.13799878096292653,0.30659253375694995,7.5,12885.50163280632
USD,SMH,PB_RSI5_R10_H50,2009-11-01,2014-11-01,5,0.020460238336914127,0.20348594634168926,-0.3772013930186924,0.05424221308721469,0.3034154090548054,7.5,11064.850019767855
USD,SMH,PB_RSI5_R10_H50,2010-02-01,2015-02-01,5,0.024354347042635505,0.22056641108760985,-0.3772013930186924,0.06456589899557612,0.3399523431294678,8.5,11277.41610145965
USD,SMH,PB_RSI5_R10_H50,2010-05-01,2015-05-01,5,0.053148669715642916,0.328573772777429,-0.3772013930186924,0.14090263371060538,0.3836378077839555,9.5,12952.666176443552
USD,SMH,PB_RSI5_R10_H50,2010-08-01,2015-08-01,5,0.09894189717210389,0.526645208238001,-0.37720139301869193,0.2623052274019595,0.3574265289912629,9.0,16021.79083723377
USD,SMH,PB_RSI5_R10_H50,2010-11-01,2015-11-01,5,0.09894189717210389,0.526645208238001,-0.37720139301869193,0.2623052274019595,0.3574265289912629,9.0,16021.79083723377
USD,SMH,PB_RSI5_R10_H50,2011-02-01,2016-02-01,5,0.0539645216547755,0.3484090259860979,-0.37720139301869227,0.1430655417863244,0.3195548489666137,8.5,13000.16310818982
USD,SMH,PB_RSI5_R10_H50,2011-05-01,2016-05-01,5,0.022995528014981392,0.2140382307603366,-0.3772013930186924,0.0609635288749897,0.30445151033386325,7.5,11201.864449585852
USD,SMH,PB_RSI5_R10_H50,2011-08-01,2016-08-01,5,0.10894559826547545,0.5772717383649911,-0.29369810314155975,0.3709441671571324,0.30103256552819696,7.5,16763.820109282926
USD,SMH,PB_RSI5_R10_H50,2011-11-01,2016-11-01,5,0.12331224728110302,0.6142730954358585,-0.29369810314155975,0.41986055055203286,0.3439237490071485,8.5,17877.30587939116
USD,SMH,PB_RSI5_R10_H50,2012-02-01,2017-02-01,5,0.17071609601066817,0.7660704912571188,-0.29369810314155975,0.5812638698874558,0.3868149324861001,9.5,21977.906120892923
USD,SMH,PB_RSI5_R10_H50,2012-05-01,2017-05-01,5,0.19404773053747393,0.857210862688314,-0.29369810314155986,0.66070474566172,0.3751987281399046,10.0,24238.020826868287
USD,SMH,PB_RSI5_R10_H50,2012-08-01,2017-08-01,5,0.2533558696011282,1.0233765497990366,-0.29369810314156053,0.8626404695539092,0.397456279809221,10.0,30874.051753948177
USD,SMH,PB_RSI5_R10_H50,2012-11-01,2017-11-01,5,0.2529066824133135,1.0225606508475953,-0.29369810314156053,0.8611110514779666,0.3968253968253968,10.0,30874.051753948177
USD,SMH,PB_RSI5_R10_H50,2013-02-01,2018-02-01,5,0.23543446864832696,0.9711461869930704,-0.29369810314156,0.8016206646552618,0.38015873015873014,9.5,28780.515597946036
USD,SMH,PB_RSI5_R10_H50,2013-05-01,2018-05-01,5,0.19928787505102452,0.8760470761730953,-0.29369810314155975,0.6785466876337626,0.34523809523809523,8.5,24809.454463974078
USD,SMH,PB_RSI5_R10_H50,2013-08-01,2018-08-01,5,0.1688252419270122,0.8056958782851418,-0.2868936244622041,0.5884593714603565,0.3,7.5,21814.632960437986
USD,SMH,PB_RSI5_R10_H50,2013-11-01,2018-11-01,5,0.13279423768494425,0.6219161958180105,-0.4204959861670281,0.3158038175237091,0.31746031746031744,7.5,18653.277702455012
USD,SMH,PB_RSI5_R10_H50,2014-02-01,2019-02-01,5,0.13267957958372523,0.6213672452934978,-0.4204959861670281,0.31553114405002347,0.3177124702144559,8.0,18634.62442475256
USD,SMH,PB_RSI5_R10_H50,2014-05-01,2019-05-01,5,0.17569728940583373,0.7465185921826861,-0.4204959861670281,0.4178334518894642,0.34630659253375695,8.5,22449.08447386908
USD,SMH,PB_RSI5_R10_H50,2014-08-01,2019-08-01,5,0.11220587730159526,0.5303396691018522,-0.4204959861670281,0.2668417321277954,0.3574265289912629,9.0,17011.501744775607
USD,SMH,PB_RSI5_R10_H50,2014-11-01,2019-11-01,5,0.1592760831652109,0.6933446147476781,-0.42049598616702766,0.37878145905046506,0.3526608419380461,9.0,20925.684382684725
USD,SMH,PB_RSI5_R10_H50,2015-02-01,2020-02-01,5,0.16067918405378334,0.7052561165016193,-0.4204959861670281,0.38211823498823805,0.335186656076251,8.5,21052.524640159623
USD,SMH,PB_RSI5_R10_H50,2015-05-01,2020-05-01,5,0.13684333266490856,0.6540450752250694,-0.4204959861670279,0.32543314839288895,0.2920634920634921,7.5,18989.04376515674
USD,SMH,PB_RSI5_R10_H50,2015-08-01,2020-08-01,5,0.10725794422965795,0.5494736852385592,-0.4204959861670279,0.25507483485717114,0.2779984114376489,7.0,16636.74783374536
USD,SMH,PB_RSI5_R10_H50,2015-11-01,2020-11-01,5,0.10725794422965795,0.5494736852385592,-0.4204959861670279,0.25507483485717114,0.2779984114376489,7.0,16636.74783374536
USD,SMH,PB_RSI5_R10_H50,2016-02-01,2021-02-01,5,0.2001389354139791,0.8311618461268276,-0.4204959861670279,0.4759592053144608,0.31746031746031744,8.0,24897.608159674473
USD,SMH,PB_RSI5_R10_H50,2016-05-01,2021-05-01,5,0.2258365338477215,0.8407432258049394,-0.4204959861670279,0.5370717944451806,0.3574265289912629,9.0,27657.43370160528
USD,SMH,PB_RSI5_R10_H50,2016-08-01,2021-08-01,5,0.18487775764630854,0.7296512996343224,-0.4204959861670279,0.4396659272102352,0.34630659253375695,9.0,23338.631123077885
USD,SMH,PB_RSI5_R10_H50,2016-11-01,2021-11-01,5,0.1927377432294981,0.7476279474461407,-0.42049598616702777,0.4583581046429765,0.3534551231135822,9.0,24122.430399695506
USD,SMH,PB_RSI5_R10_H50,2017-02-01,2022-02-01,5,0.1920522416272752,0.7365523708898803,-0.42049598616702766,0.4567278831313006,0.32857142857142857,8.5,24070.019591919427
USD,SMH,PB_RSI5_R10_H50,2017-05-01,2022-05-01,5,0.1730665003929137,0.6845445271871016,-0.4204959861670272,0.4115770568239601,0.3126984126984127,7.5,22213.30416748656
USD,SMH,PB_RSI5_R10_H50,2017-08-01,2022-08-01,5,0.16076002688149815,0.6658181807781463,-0.3599863779797814,0.44657252805973463,0.2779984114376489,7.0,21059.851520722714
USD,SMH,PB_RSI5_R10_H50,2017-11-01,2022-11-01,5,0.16076002688149815,0.6658181807781463,-0.3599863779797814,0.44657252805973463,0.2779984114376489,7.0,21059.851520722714
USD,SMH,PB_RSI5_R10_H50,2018-02-01,2023-02-01,5,0.16076002688149815,0.6658181807781463,-0.3599863779797814,0.44657252805973463,0.2779984114376489,7.0,21059.851520722714
USD,SMH,PB_RSI5_R10_H50,2018-05-01,2023-05-01,5,0.16470560635827036,0.677608135015094,-0.3599863779797814,0.45753288577914203,0.27879269261318507,7.5,21419.93098934019
USD,SMH,PB_RSI5_R10_H50,2018-08-01,2023-08-01,5,0.2943683406940436,0.9624378646227336,-0.3599863779797814,0.817720776952779,0.3179650238473768,8.0,36257.6841242762
USD,SMH,PB_RSI5_R10_H50,2018-11-01,2023-11-01,5,0.35285021375652215,1.1559249299827454,-0.3599863779797814,0.980176571504436,0.2790143084260731,7.5,45207.12709867673
USD,SMH,PB_RSI5_R10_H50,2019-02-01,2024-02-01,5,0.3939896399329197,1.23722354853002,-0.3599863779797813,1.0944570795816286,0.2915011914217633,7.5,52568.462127920066
USD,SMH,PB_RSI5_R10_H50,2019-05-01,2024-05-01,5,0.447568535123418,1.2726855897477856,-0.31264156479330074,1.4315708003167225,0.29285714285714287,8.0,63561.72467467502
USD,SMH,PB_RSI5_R10_H50,2019-08-01,2024-08-01,5,0.7564226841191553,1.7746187328748315,-0.2548530977791903,2.968073336014674,0.3177124702144559,8.0,166791.70056639798
USD,SMH,PB_RSI5_R10_H50,2019-11-01,2024-11-01,5,0.7756324369087755,1.772185149351369,-0.2548530977791901,3.0434491229170746,0.3272438443208896,8.0,176106.68977730587
USD,SMH,PB_RSI5_R10_H50,2020-02-01,2025-02-01,5,0.7790104840975836,1.774021276464206,-0.2548530977791902,3.056704002760578,0.31821797931583135,8.0,176975.937599929
USD,SMH,PB_RSI5_R10_H50,2020-05-01,2025-05-01,5,0.7790104840975836,1.7740212764642063,-0.2548530977791902,3.056704002760578,0.31821797931583135,8.0,176975.937599929
USD,SMH,PB_RSI5_R10_H50,2020-08-01,2025-08-01,5,0.9299084425119113,1.9390122889660673,-0.2548530977791902,3.6488018023528306,0.35509554140127386,8.5,264942.23840991064
USD,SMH,PB_RSI5_R10_H50,2020-11-01,2025-11-01,5,0.9519974215573783,1.9617245499838858,-0.2548530977791902,3.7354751810088174,0.35828025477707004,9.0,280404.7826073466
USD,SMH,PB_RSI5_R10_H50,2021-02-01,2026-02-01,5,0.835226357031164,1.8360756820825639,-0.2548530977791902,3.2772854805744633,0.339171974522293,8.5,206187.64547779257
USD,SMH,PB_RSI5_R10_H50,2021-05-01,2026-05-01,5,0.9398109362871858,1.985175604981206,-0.19785589479540733,4.749976932751972,0.3351910828025478,8.5,271787.4555155019
USD,SMH,PB_RSI5_R10_H50_TS12,2007-02-01,2010-02-01,3,0.17234744179618788,0.8564390072326582,-0.22530365342392178,0.764956267583936,0.2566137566137566,5.0,16112.725939552254
USD,SMH,PB_RSI5_R10_H50_TS12,2007-05-01,2010-05-01,3,0.13817636693756818,0.7449056700398724,-0.22530365342392178,0.6132895087927465,0.21003963011889035,4.5,14752.028572896706
USD,SMH,PB_RSI5_R10_H50_TS12,2007-08-01,2010-08-01,3,0.05885938263263202,0.35384252736342264,-0.2714105390100269,0.21686476452728146,0.20899470899470898,4.5,11871.75342699496
USD,SMH,PB_RSI5_R10_H50_TS12,2007-11-01,2010-11-01,3,0.09805414736268592,0.5336630800312854,-0.27141053901002654,0.3612761233235072,0.13227513227513227,2.0,13239.490424890899
USD,SMH,PB_RSI5_R10_H50_TS12,2008-02-01,2011-02-01,3,0.18346972496521574,0.8392037014725711,-0.27141053901002654,0.6759860012600245,0.19682959048877147,2.5,16586.767746164765
USD,SMH,PB_RSI5_R10_H50_TS12,2008-05-01,2011-05-01,3,0.2371736782591125,1.0019087982265664,-0.27141053901002654,0.8738558168161287,0.2208994708994709,3.5,18936.164362085572
USD,SMH,PB_RSI5_R10_H50_TS12,2008-08-01,2011-08-01,3,0.1478835267876768,0.6743041538965042,-0.27141053901002654,0.5448702446378239,0.26455026455026454,4.0,15124.93337182515
USD,SMH,PB_RSI5_R10_H50_TS12,2008-11-01,2011-11-01,3,0.1478835267876768,0.6743041538965042,-0.27141053901002654,0.5448702446378239,0.26455026455026454,4.0,15124.93337182515
USD,SMH,PB_RSI5_R10_H50_TS12,2009-02-01,2012-02-01,3,0.14767440989761438,0.6738578244127977,-0.27141053901002654,0.5440997628030905,0.26420079260237783,4.0,15124.93337182515
USD,SMH,PB_RSI5_R10_H50_TS12,2009-05-01,2012-05-01,3,0.14158761303902168,0.638492788880535,-0.27141053901002654,0.5216732318334592,0.31175693527080584,4.5,14885.243881570123
USD,SMH,PB_RSI5_R10_H50_TS12,2009-08-01,2012-08-01,3,-0.031538337384858006,-0.002166055635817119,-0.35739315934740745,-0.0882454981579568,0.309114927344782,4.5,9082.221135889156
USD,SMH,PB_RSI5_R10_H50_TS12,2009-11-01,2012-11-01,3,-0.061161097953982835,-0.15754491382232155,-0.35739315934740756,-0.17113113766828028,0.2619047619047619,4.0,8275.099617569034
USD,SMH,PB_RSI5_R10_H50_TS12,2010-02-01,2013-02-01,3,-0.0352269535528974,-0.03650285298501517,-0.3604521377212202,-0.09772990604412096,0.2906208718626156,4.5,8978.704536369229
USD,SMH,PB_RSI5_R10_H50_TS12,2010-05-01,2013-05-01,3,0.009498424932880889,0.16250351557365406,-0.3604521377212202,0.026351417952269526,0.34966887417218545,5.5,10287.281992544293
USD,SMH,PB_RSI5_R10_H50_TS12,2010-08-01,2013-08-01,3,0.09090537100897245,0.5204080046837787,-0.36045213772121987,0.25219817417002055,0.3584656084656085,5.5,12982.586950375007
USD,SMH,PB_RSI5_R10_H50_TS12,2010-11-01,2013-11-01,3,0.09588030002159242,0.5343077647738429,-0.36045213772121987,0.2660000870788231,0.39365918097754293,6.0,13165.796862999352
USD,SMH,PB_RSI5_R10_H50_TS12,2011-02-01,2014-02-01,3,0.022290430813728168,0.2101023005264361,-0.3604521377212201,0.06184019591241257,0.33112582781456956,5.5,10682.794976359623
USD,SMH,PB_RSI5_R10_H50_TS12,2011-05-01,2014-05-01,3,-0.02726863545942737,-0.04974447282279399,-0.3604521377212203,-0.07565119638856849,0.30596026490066225,4.5,9205.05537292139
USD,SMH,PB_RSI5_R10_H50_TS12,2011-08-01,2014-08-01,3,0.0484353362559502,0.3550423554519157,-0.25166624398788595,0.19245861299651157,0.2619047619047619,4.0,11524.575825797789
USD,SMH,PB_RSI5_R10_H50_TS12,2011-11-01,2014-11-01,3,0.016758671299118788,0.18465392312556334,-0.2758320325186785,0.060756798788349366,0.2993377483443709,5.5,10510.539588739777
USD,SMH,PB_RSI5_R10_H50_TS12,2012-02-01,2015-02-01,3,0.023268147820679097,0.2154001831262911,-0.2758320325186785,0.08435622073409277,0.36074270557029176,6.5,10712.456850415572
USD,SMH,PB_RSI5_R10_H50_TS12,2012-05-01,2015-05-01,3,0.07669085870461667,0.42034987103454746,-0.2758320325186788,0.2780346358047567,0.38675496688741723,7.0,12478.021573480717
USD,SMH,PB_RSI5_R10_H50_TS12,2012-08-01,2015-08-01,3,0.18622090361896015,0.8081346278074141,-0.2758320325186794,0.6751242845819557,0.3925729442970822,7.0,16668.94459588859
USD,SMH,PB_RSI5_R10_H50_TS12,2012-11-01,2015-11-01,3,0.18595262408048185,0.807597875911339,-0.2758320325186794,0.6741516653541286,0.3920529801324503,7.0,16668.94459588859
USD,SMH,PB_RSI5_R10_H50_TS12,2013-02-01,2016-02-01,3,0.15848084547348185,0.7188146714692875,-0.27583203251867905,0.5745556236756139,0.36423841059602646,6.5,15538.641438013408
USD,SMH,PB_RSI5_R10_H50_TS12,2013-05-01,2016-05-01,3,0.10232730029403236,0.5377622256230224,-0.2758320325186788,0.37097685631237537,0.3055555555555556,5.5,13394.659865507292
USD,SMH,PB_RSI5_R10_H50_TS12,2013-08-01,2016-08-01,3,0.12076744276439566,0.6206492308826201,-0.2688554329697941,0.44919100733948675,0.26851851851851855,5.0,14078.180199967856
USD,SMH,PB_RSI5_R10_H50_TS12,2013-11-01,2016-11-01,3,0.1445577223984904,0.6842882816855069,-0.2688554329697941,0.537678263748278,0.3029100529100529,5.5,14993.847858544823
USD,SMH,PB_RSI5_R10_H50_TS12,2014-02-01,2017-02-01,3,0.22611850666843658,0.9220305875002525,-0.2688554329697941,0.841041239787187,0.37433862433862436,6.5,18433.05601242374
USD,SMH,PB_RSI5_R10_H50_TS12,2014-05-01,2017-05-01,3,0.26086048664584416,1.0237005500666263,-0.2688554329697941,0.9702630285888694,0.4007936507936508,7.5,20044.771252868348
USD,SMH,PB_RSI5_R10_H50_TS12,2014-08-01,2017-08-01,3,0.2822542395911851,1.0187161597975531,-0.2688554329697941,1.0498364733544232,0.4576719576719577,8.0,21082.515632228846
USD,SMH,PB_RSI5_R10_H50_TS12,2014-11-01,2017-11-01,3,0.3222313685192768,1.196177894964617,-0.18467534837814215,1.74485317801851,0.42063492063492064,6.5,23116.51537495617
USD,SMH,PB_RSI5_R10_H50_TS12,2015-02-01,2018-02-01,3,0.3133974125151284,1.2357393918927322,-0.1846753483781426,1.697018120000584,0.35931307793923384,5.5,22680.796141807798
USD,SMH,PB_RSI5_R10_H50_TS12,2015-05-01,2018-05-01,3,0.2694601394192455,1.2347497429539889,-0.18467534837814226,1.4591018334915902,0.28835978835978837,4.5,20457.718868729527
USD,SMH,PB_RSI5_R10_H50_TS12,2015-08-01,2018-08-01,3,0.21471440464718805,1.0566034383492777,-0.18467534837814248,1.1626587226332852,0.26455026455026454,4.0,17923.48863280942
USD,SMH,PB_RSI5_R10_H50_TS12,2015-11-01,2018-11-01,3,0.12934157845499938,0.6595139633820041,-0.34180897817933054,0.37840310440043545,0.3130779392338177,7.0,14410.716592925117
USD,SMH,PB_RSI5_R10_H50_TS12,2016-02-01,2019-02-01,3,0.12934157845499938,0.6595139633820041,-0.34180897817933054,0.37840310440043545,0.3130779392338177,7.0,14410.716592925117
USD,SMH,PB_RSI5_R10_H50_TS12,2016-05-01,2019-05-01,3,0.2021545098443409,0.8769645862902412,-0.34180897817933054,0.5914253947369407,0.3615894039735099,7.5,17360.55349169499
USD,SMH,PB_RSI5_R10_H50_TS12,2016-08-01,2019-08-01,3,0.04118083214793833,0.29087121034450475,-0.3839005417929633,0.10726953381104386,0.3412698412698413,7.5,11286.99916217573
USD,SMH,PB_RSI5_R10_H50_TS12,2016-11-01,2019-11-01,3,0.06658741242049748,0.39457481914716436,-0.41853833869463575,0.15909513242723375,0.30423280423280424,7.0,12133.59128568828
USD,SMH,PB_RSI5_R10_H50_TS12,2017-02-01,2020-02-01,3,0.01096519841375021,0.1629354916225493,-0.4185383386946355,0.026198790887231933,0.26490066225165565,6.5,10332.129062332178
USD,SMH,PB_RSI5_R10_H50_TS12,2017-05-01,2020-05-01,3,-0.01572160904506914,0.04151855593770116,-0.4185383386946352,-0.0375631276554084,0.23778071334214002,5.5,9535.128323549945
USD,SMH,PB_RSI5_R10_H50_TS12,2017-08-01,2020-08-01,3,-0.033082186705966854,-0.08214686438176795,-0.34469486558255746,-0.09597528135516535,0.17989417989417988,5.0,9040.005269406103
USD,SMH,PB_RSI5_R10_H50_TS12,2017-11-01,2020-11-01,3,-0.03312527029570789,-0.08220124973450577,-0.34469486558255746,-0.09610027187299108,0.18013245033112582,5.0,9040.005269406103
USD,SMH,PB_RSI5_R10_H50_TS12,2018-02-01,2021-02-01,3,0.10614121950763011,0.5454718459000089,-0.34469486558255746,0.30792805494286757,0.24635761589403973,6.0,13528.756413710433
USD,SMH,PB_RSI5_R10_H50_TS12,2018-05-01,2021-05-01,3,0.10886460934323594,0.5027371704853633,-0.34469486558255746,0.31582892643105503,0.3082010582010582,10.0,13634.385467945289
USD,SMH,PB_RSI5_R10_H50_TS12,2018-08-01,2021-08-01,3,0.11601691145093773,0.5172798214119947,-0.34469486558255746,0.33657858887703873,0.3271523178807947,10.5,13893.86764237753
USD,SMH,PB_RSI5_R10_H50_TS12,2018-11-01,2021-11-01,3,0.24458346135144282,0.868932695957045,-0.3368920837680528,0.7259994316750891,0.3615894039735099,8.5,19261.71697622379
USD,SMH,PB_RSI5_R10_H50_TS12,2019-02-01,2022-02-01,3,0.3222665966917364,1.0141402453854187,-0.3368920837680528,0.9565870265850892,0.3910171730515192,9.0,23144.00451086208
USD,SMH,PB_RSI5_R10_H50_TS12,2019-05-01,2022-05-01,3,0.22854422333421542,0.8128770522820052,-0.2984879846841447,0.7656731093415948,0.34478203434610305,8.5,18557.826407508725
USD,SMH,PB_RSI5_R10_H50_TS12,2019-08-01,2022-08-01,3,0.34753638394485376,1.1287534256665905,-0.2984879846841445,1.1643228598049316,0.32671957671957674,8.0,24469.297453522795
USD,SMH,PB_RSI5_R10_H50_TS12,2019-11-01,2022-11-01,3,0.2991290091165626,1.0390921407376292,-0.2984879846841447,1.0021475719804809,0.29365079365079366,7.5,21925.87034198181
USD,SMH,PB_RSI5_R10_H50_TS12,2020-02-01,2023-02-01,3,0.2720698268260373,0.9901040715300702,-0.2984879846841446,0.9114933960036529,0.2605820105820106,7.0,20584.146026682363
USD,SMH,PB_RSI5_R10_H50_TS12,2020-05-01,2023-05-01,3,0.27969620277129903,1.0103209075860542,-0.2984879846841446,0.937043422592937,0.26225165562913905,7.5,20936.091925063414
USD,SMH,PB_RSI5_R10_H50_TS12,2020-08-01,2023-08-01,3,0.5263180384645387,1.4048086604672199,-0.2984879846841446,1.7632804852144397,0.3275862068965517,8.0,35438.685969321225
USD,SMH,PB_RSI5_R10_H50_TS12,2020-11-01,2023-11-01,3,0.5254634218018426,1.4038707344802537,-0.2984879846841446,1.7604173325699521,0.3271523178807947,8.0,35438.685969321225
USD,SMH,PB_RSI5_R10_H50_TS12,2021-02-01,2024-02-01,3,0.43202176978004014,1.2682997101748195,-0.29848798468414484,1.4473673713774395,0.2830687830687831,7.5,29366.274949362596
USD,SMH,PB_RSI5_R10_H50_TS12,2021-05-01,2024-05-01,3,0.6389592018911501,1.6132584248669155,-0.19211132601122105,3.3259840278955184,0.27019867549668874,4.5,43939.28321401627
USD,SMH,PB_RSI5_R10_H50_TS12,2021-08-01,2024-08-01,3,1.0251488579651826,2.0882025525987613,-0.19785589479540733,5.181290448916049,0.3125827814569536,4.5,82823.72427597984
USD,SMH,PB_RSI5_R10_H50_TS12,2021-11-01,2024-11-01,3,1.0788582041848525,2.1253634290921615,-0.1978558947954071,5.452747340686745,0.2791005291005291,4.0,89841.00537341028
USD,SMH,PB_RSI5_R10_H50_TS12,2022-02-01,2025-02-01,3,0.9886254945665331,2.0571038211392367,-0.19785589479540722,4.996694668050304,0.2656042496679947,4.0,78001.83257920976
USD,SMH,PB_RSI5_R10_H50_TS12,2022-05-01,2025-05-01,3,0.9886254945665331,2.0571038211392363,-0.19785589479540722,4.996694668050304,0.2656042496679947,4.0,78001.83257920976
USD,SMH,PB_RSI5_R10_H50_TS12,2022-08-01,2025-08-01,3,1.273653659370944,2.3073774567598297,-0.19785589479540722,6.4372793172928455,0.32625994694960214,4.5,116772.82462166323
USD,SMH,PB_RSI5_R10_H50_TS12,2022-11-01,2025-11-01,3,1.3197552574367521,2.343413026097288,-0.19785589479540722,6.670285253828016,0.33200531208499334,5.0,123587.91372413519
USD,SMH,PB_RSI5_R10_H50_TS12,2023-02-01,2026-02-01,3,1.3980448394473872,2.382696202543972,-0.19785589479540722,7.065975167902047,0.3670212765957447,5.5,136001.09883916573
USD,SMH,PB_RSI5_R10_H50_TS12,2023-05-01,2026-05-01,3,1.7177103291099298,2.507906409221192,-0.19785589479540722,8.681623213127551,0.42572944297082227,6.0,199142.26303408976
USD,SMH,PB_RSI5_R10_H50_TS12,2007-02-01,2012-02-01,5,0.10385250418228842,0.5406292279537347,-0.27141053901002676,0.38263990986161295,0.2727993655828707,8.0,16395.53218321147
USD,SMH,PB_RSI5_R10_H50_TS12,2007-05-01,2012-05-01,5,0.08103668112113005,0.4506405961862523,-0.27141053901002654,0.2985760295702311,0.2733755942947702,8.0,14773.06902560367
USD,SMH,PB_RSI5_R10_H50_TS12,2007-08-01,2012-08-01,5,0.01975835557842398,0.19885463289496497,-0.35739315934740723,0.05528464958451455,0.24247226624405704,7.5,11029.44859843636
USD,SMH,PB_RSI5_R10_H50_TS12,2007-11-01,2012-11-01,5,0.042274327306647264,0.3029877556650404,-0.35739315934740734,0.11828521671718431,0.19682539682539682,5.0,12300.144204375274
USD,SMH,PB_RSI5_R10_H50_TS12,2008-02-01,2013-02-01,5,0.059424788971027764,0.3802893859005089,-0.3604521377212201,0.16486180203205764,0.21428571428571427,5.5,13345.985627936594
USD,SMH,PB_RSI5_R10_H50_TS12,2008-05-01,2013-05-01,5,0.08872155786729397,0.49629037618506594,-0.3604521377212201,0.24613963570362496,0.2494042891183479,6.5,15291.060872635137
USD,SMH,PB_RSI5_R10_H50_TS12,2008-08-01,2013-08-01,5,0.11450974477838272,0.5776285186619428,-0.3604521377212201,0.31768363340085537,0.2946783161239079,7.5,17188.283561980323
USD,SMH,PB_RSI5_R10_H50_TS12,2008-11-01,2013-11-01,5,0.11764021168229677,0.585386019704484,-0.3604521377212201,0.3263684671868467,0.3161239078633836,8.0,17430.84415037383
USD,SMH,PB_RSI5_R10_H50_TS12,2009-02-01,2014-02-01,5,0.11764021168229677,0.585386019704484,-0.3604521377212201,0.3263684671868467,0.3161239078633836,8.0,17430.84415037383
USD,SMH,PB_RSI5_R10_H50_TS12,2009-05-01,2014-05-01,5,0.11764021168229677,0.5853860197044838,-0.3604521377212201,0.3263684671868467,0.3161239078633836,8.0,17430.84415037383
USD,SMH,PB_RSI5_R10_H50_TS12,2009-08-01,2014-08-01,5,0.05181041882507498,0.3352969436844764,-0.3604521377212201,0.14373730490994077,0.3050039714058777,7.5,12870.64432160092
USD,SMH,PB_RSI5_R10_H50_TS12,2009-11-01,2014-11-01,5,0.013540104110470796,0.17367021654999945,-0.3604521377212202,0.03756422196875121,0.29864972200158857,8.5,10695.017760284056
USD,SMH,PB_RSI5_R10_H50_TS12,2010-02-01,2015-02-01,5,0.0174078053640212,0.19221340366609396,-0.3604521377212202,0.048294360172402954,0.335186656076251,9.5,10900.479019575067
USD,SMH,PB_RSI5_R10_H50_TS12,2010-05-01,2015-05-01,5,0.046006862635819434,0.30321520748889924,-0.3604521377212202,0.12763653706335326,0.37887212073073867,10.5,12519.735428189791
USD,SMH,PB_RSI5_R10_H50_TS12,2010-08-01,2015-08-01,5,0.09148954856527625,0.5006408894862242,-0.36045213772121987,0.25381885413046407,0.3526608419380461,10.0,15486.277468708682
USD,SMH,PB_RSI5_R10_H50_TS12,2010-11-01,2015-11-01,5,0.09148954856527625,0.5006408894862242,-0.36045213772121987,0.25381885413046407,0.3526608419380461,10.0,15486.277468708682
USD,SMH,PB_RSI5_R10_H50_TS12,2011-02-01,2016-02-01,5,0.046811519781650324,0.3191828608202483,-0.3604521377212201,0.12986889210199432,0.314785373608903,9.5,12565.644819431267
USD,SMH,PB_RSI5_R10_H50_TS12,2011-05-01,2016-05-01,5,0.016052705199085304,0.18213455477682886,-0.3604521377212203,0.04453491467846623,0.29968203497615264,8.5,10827.452610978007
USD,SMH,PB_RSI5_R10_H50_TS12,2011-08-01,2016-08-01,5,0.10142541070547129,0.5513560558890096,-0.2758320325186785,0.36770715054134645,0.2962668784749801,8.5,16203.505106592484
USD,SMH,PB_RSI5_R10_H50_TS12,2011-11-01,2016-11-01,5,0.11569463393630364,0.5897906161305384,-0.2758320325186785,0.41943871739577293,0.33915806195393167,9.5,17279.77365662755
USD,SMH,PB_RSI5_R10_H50_TS12,2012-02-01,2017-02-01,5,0.16277701889517515,0.7441300102934986,-0.2758320325186785,0.5901309482036042,0.38204924543288327,10.5,21243.315171635517
USD,SMH,PB_RSI5_R10_H50_TS12,2012-05-01,2017-05-01,5,0.1859440178624725,0.8361120117510891,-0.2758320325186788,0.6741204644166218,0.37042925278219396,11.0,23427.88765815824
USD,SMH,PB_RSI5_R10_H50_TS12,2012-08-01,2017-08-01,5,0.24513737114139644,1.0028999825854281,-0.2758320325186794,0.8887197360763228,0.3942766295707472,11.0,29876.563898533957
USD,SMH,PB_RSI5_R10_H50_TS12,2012-11-01,2017-11-01,5,0.24470412714118694,1.0021005397635483,-0.2758320325186794,0.8871490555565389,0.39365079365079364,11.0,29876.563898533957
USD,SMH,PB_RSI5_R10_H50_TS12,2013-02-01,2018-02-01,5,0.22734630082511798,0.9502224936993279,-0.27583203251867905,0.8242200833208968,0.376984126984127,10.5,27850.66631835348
USD,SMH,PB_RSI5_R10_H50_TS12,2013-05-01,2018-05-01,5,0.19143635249122037,0.8538309333202893,-0.2758320325186788,0.6940323454936536,0.34206349206349207,9.5,24007.903383976864
USD,SMH,PB_RSI5_R10_H50_TS12,2013-08-01,2018-08-01,5,0.1611731527611242,0.7818205243553357,-0.2688554329697941,0.5994788759921843,0.2968253968253968,8.5,21109.839445748945
USD,SMH,PB_RSI5_R10_H50_TS12,2013-11-01,2018-11-01,5,0.11131478611665835,0.5740783815702858,-0.34180897817933054,0.3256637280553143,0.30396825396825394,11.0,16950.61514340592
USD,SMH,PB_RSI5_R10_H50_TS12,2014-02-01,2019-02-01,5,0.11140795316124041,0.5743066244261993,-0.34180897817933054,0.32593629855676315,0.30420969023034156,11.0,16950.61514340592
USD,SMH,PB_RSI5_R10_H50_TS12,2014-05-01,2019-05-01,5,0.1536177940419643,0.7095654380791085,-0.34180897817933054,0.44942586019893405,0.3328038125496426,11.5,20420.36279158425
USD,SMH,PB_RSI5_R10_H50_TS12,2014-08-01,2019-08-01,5,0.09908950176079445,0.5049479028698333,-0.3839005417929634,0.258112430104965,0.3431294678316124,12.0,16032.545032648408
USD,SMH,PB_RSI5_R10_H50_TS12,2014-11-01,2019-11-01,5,0.15316011225223458,0.7054360799901074,-0.4185383386946354,0.3659404601497686,0.3415409054805401,11.0,20379.91953944743
USD,SMH,PB_RSI5_R10_H50_TS12,2015-02-01,2020-02-01,5,0.1545558108279781,0.7194587819248545,-0.4185383386946363,0.3692751572293627,0.32406671961874506,10.5,20503.45166362682
USD,SMH,PB_RSI5_R10_H50_TS12,2015-05-01,2020-05-01,5,0.13085045723941224,0.6699392453446456,-0.41853833869463586,0.31263672916444646,0.28095238095238095,9.5,18493.788637334368
USD,SMH,PB_RSI5_R10_H50_TS12,2015-08-01,2020-08-01,5,0.10141640442873268,0.5566945271987718,-0.41853833869463586,0.2423109069172412,0.26687847498014294,9.0,16202.843168673777
USD,SMH,PB_RSI5_R10_H50_TS12,2015-11-01,2020-11-01,5,0.10141640442873268,0.5566945271987718,-0.41853833869463586,0.2423109069172412,0.26687847498014294,9.0,16202.843168673777
USD,SMH,PB_RSI5_R10_H50_TS12,2016-02-01,2021-02-01,5,0.1938123968958141,0.8548354244866003,-0.41853833869463586,0.4630696377786766,0.30634920634920637,10.0,24248.251179718674
USD,SMH,PB_RSI5_R10_H50_TS12,2016-05-01,2021-05-01,5,0.1958405282691058,0.7906583462687521,-0.41853833869463586,0.4679153859116127,0.3439237490071485,14.0,24437.575295005972
USD,SMH,PB_RSI5_R10_H50_TS12,2016-08-01,2021-08-01,5,0.1558840061574569,0.6715395074874202,-0.4185383386946355,0.3724485710046015,0.3328038125496426,14.0,20621.56458570782
USD,SMH,PB_RSI5_R10_H50_TS12,2016-11-01,2021-11-01,5,0.16355165926817405,0.6909007711714206,-0.41853833869463575,0.3907686444646134,0.3399523431294678,14.0,21314.114518039452
USD,SMH,PB_RSI5_R10_H50_TS12,2017-02-01,2022-02-01,5,0.162905796660753,0.679292716479493,-0.4185383386946355,0.3892255060046211,0.31507936507936507,13.5,21267.805338557424
USD,SMH,PB_RSI5_R10_H50_TS12,2017-05-01,2022-05-01,5,0.14438426902602508,0.6236614426686669,-0.4185383386946352,0.34497262419576713,0.2992063492063492,12.5,19627.247379510736
USD,SMH,PB_RSI5_R10_H50_TS12,2017-08-01,2022-08-01,5,0.13235643204615566,0.6026598377654337,-0.34469486558255746,0.3839814434788995,0.26449563145353455,12.0,18608.07885474334
USD,SMH,PB_RSI5_R10_H50_TS12,2017-11-01,2022-11-01,5,0.13235643204615566,0.6026598377654339,-0.34469486558255746,0.3839814434788995,0.26449563145353455,12.0,18608.07885474334
USD,SMH,PB_RSI5_R10_H50_TS12,2018-02-01,2023-02-01,5,0.13235643204615566,0.6026598377654337,-0.34469486558255746,0.3839814434788995,0.26449563145353455,12.0,18608.07885474334
USD,SMH,PB_RSI5_R10_H50_TS12,2018-05-01,2023-05-01,5,0.13620546388323174,0.615357113285338,-0.34469486558255746,0.3951479336747165,0.2652899126290707,12.5,18926.238132334398
USD,SMH,PB_RSI5_R10_H50_TS12,2018-08-01,2023-08-01,5,0.2626705073791875,0.9192983414710806,-0.34469486558255746,0.762037771973356,0.30445151033386325,13.0,32036.590790349226
USD,SMH,PB_RSI5_R10_H50_TS12,2018-11-01,2023-11-01,5,0.31906911920065717,1.0841109247357517,-0.3368920837680528,0.9470959235133984,0.27503974562798095,10.0,39845.86520469747
USD,SMH,PB_RSI5_R10_H50_TS12,2019-02-01,2024-02-01,5,0.3768256952838904,1.2061535235484442,-0.3368920837680528,1.118535321664998,0.28832406671961874,10.5,49413.28257988342
USD,SMH,PB_RSI5_R10_H50_TS12,2019-05-01,2024-05-01,5,0.4297589415165879,1.2435837017082298,-0.2984879846841447,1.4397864020267082,0.2896825396825397,11.0,59746.725231787415
USD,SMH,PB_RSI5_R10_H50_TS12,2019-08-01,2024-08-01,5,0.7225308516910025,1.728359798277901,-0.2984879846841445,2.420636302850092,0.3153296266878475,11.0,151320.53744715085
USD,SMH,PB_RSI5_R10_H50_TS12,2019-11-01,2024-11-01,5,0.7413699341810314,1.7267094935605944,-0.2984879846841447,2.483751347530914,0.32486100079428115,11.0,159771.4925541641
USD,SMH,PB_RSI5_R10_H50_TS12,2020-02-01,2025-02-01,5,0.7446287115476515,1.7285630596159607,-0.2984879846841446,2.494668964097855,0.3158313444709626,11.0,160560.11121592845
USD,SMH,PB_RSI5_R10_H50_TS12,2020-05-01,2025-05-01,5,0.7446287115476515,1.7285630596159607,-0.2984879846841446,2.494668964097855,0.3158313444709626,11.0,160560.11121592845
USD,SMH,PB_RSI5_R10_H50_TS12,2020-08-01,2025-08-01,5,0.8925809569027481,1.895696540161047,-0.2984879846841446,2.9903413293076553,0.35270700636942676,11.5,240366.88739604875
USD,SMH,PB_RSI5_R10_H50_TS12,2020-11-01,2025-11-01,5,0.9142427001119038,1.918681878444967,-0.2984879846841446,3.062912904448537,0.35589171974522293,12.0,254395.16632306227
USD,SMH,PB_RSI5_R10_H50_TS12,2021-02-01,2026-02-01,5,0.7997301729000275,1.791491165262439,-0.29848798468414484,2.6792709051464465,0.33678343949044587,11.5,187062.21726087405
USD,SMH,PB_RSI5_R10_H50_TS12,2021-05-01,2026-05-01,5,0.9398109362871858,1.985175604981206,-0.19785589479540733,4.749976932751972,0.3351910828025478,8.5,271787.4555155019
USD,SMH,PB_RSI5_R10_H50_TS16,2007-02-01,2010-02-01,3,0.20338414022423312,0.9300073838045411,-0.20676352479196392,0.9836557991979922,0.26455026455026454,4.0,17426.60753183438
USD,SMH,PB_RSI5_R10_H50_TS16,2007-05-01,2010-05-01,3,0.16826809496803352,0.826801582278119,-0.2067635247919638,0.8138190482936356,0.21796565389696168,3.5,15954.954686296951
USD,SMH,PB_RSI5_R10_H50_TS16,2007-08-01,2010-08-01,3,0.08689160086831493,0.4488300066324609,-0.27141053901002665,0.3201482196868741,0.21693121693121692,3.5,12839.812981558105
USD,SMH,PB_RSI5_R10_H50_TS16,2007-11-01,2010-11-01,3,0.09768800723972193,0.5321462485128252,-0.2714105390100271,0.35992709640546755,0.13227513227513227,2.0,13226.250934465996
USD,SMH,PB_RSI5_R10_H50_TS16,2008-02-01,2011-02-01,3,0.18346972496521574,0.8392037014725711,-0.27141053901002654,0.6759860012600245,0.19682959048877147,2.5,16586.767746164765
USD,SMH,PB_RSI5_R10_H50_TS16,2008-05-01,2011-05-01,3,0.2371736782591125,1.0019087982265664,-0.27141053901002654,0.8738558168161287,0.2208994708994709,3.5,18936.164362085572
USD,SMH,PB_RSI5_R10_H50_TS16,2008-08-01,2011-08-01,3,0.1478835267876768,0.6743041538965042,-0.27141053901002654,0.5448702446378239,0.26455026455026454,4.0,15124.93337182515
USD,SMH,PB_RSI5_R10_H50_TS16,2008-11-01,2011-11-01,3,0.1478835267876768,0.6743041538965042,-0.27141053901002654,0.5448702446378239,0.26455026455026454,4.0,15124.93337182515
USD,SMH,PB_RSI5_R10_H50_TS16,2009-02-01,2012-02-01,3,0.14767440989761438,0.6738578244127977,-0.27141053901002654,0.5440997628030905,0.26420079260237783,4.0,15124.93337182515
USD,SMH,PB_RSI5_R10_H50_TS16,2009-05-01,2012-05-01,3,0.14158761303902168,0.638492788880535,-0.27141053901002654,0.5216732318334592,0.31175693527080584,4.5,14885.243881570123
USD,SMH,PB_RSI5_R10_H50_TS16,2009-08-01,2012-08-01,3,-0.031166322873727337,0.0007923381923064072,-0.37720139301869215,-0.08262515316899398,0.31175693527080584,4.5,9092.705256379193
USD,SMH,PB_RSI5_R10_H50_TS16,2009-11-01,2012-11-01,3,-0.060799985290589165,-0.15328878114882807,-0.3772013930186924,-0.16118706456520482,0.26455026455026454,4.0,8284.652032133663
USD,SMH,PB_RSI5_R10_H50_TS16,2010-02-01,2013-02-01,3,-0.03485635594735359,-0.03310501405276111,-0.3772013930186924,-0.09240781341872263,0.29326287978863935,4.5,8989.069161805593
USD,SMH,PB_RSI5_R10_H50_TS16,2010-05-01,2013-05-01,3,0.009887230291351301,0.16453801468537893,-0.3772013930186924,0.026212072580711107,0.352317880794702,5.5,10299.15718279909
USD,SMH,PB_RSI5_R10_H50_TS16,2010-08-01,2013-08-01,3,0.09132497414128538,0.519702490256436,-0.37720139301869193,0.24211197474755836,0.3611111111111111,5.5,12997.573483275237
USD,SMH,PB_RSI5_R10_H50_TS16,2010-11-01,2013-11-01,3,0.09630125976611081,0.5336091635590741,-0.37720139301869193,0.25530462386531716,0.3963011889035667,6.0,13180.99488544274
USD,SMH,PB_RSI5_R10_H50_TS16,2011-02-01,2014-02-01,3,0.022684162975756372,0.21192622019298024,-0.37720139301869227,0.06013806787461216,0.3337748344370861,5.5,10695.126729575786
USD,SMH,PB_RSI5_R10_H50_TS16,2011-05-01,2014-05-01,3,-0.026893990826464487,-0.045373993002668346,-0.3772013930186924,-0.07129875796914606,0.3086092715231788,4.5,9215.681287904436
USD,SMH,PB_RSI5_R10_H50_TS16,2011-08-01,2014-08-01,3,0.04883860381958227,0.35519822341656226,-0.2712645162462014,0.18004051726122572,0.26455026455026454,4.0,11537.879294161563
USD,SMH,PB_RSI5_R10_H50_TS16,2011-11-01,2014-11-01,3,0.02836134531364043,0.23829583337416438,-0.29369810314155975,0.09656632102921865,0.3072847682119205,4.5,10873.992618143071
USD,SMH,PB_RSI5_R10_H50_TS16,2012-02-01,2015-02-01,3,0.03496067911923739,0.26427594711847485,-0.29369810314155975,0.1190361079805363,0.3687002652519894,5.5,11082.892151264132
USD,SMH,PB_RSI5_R10_H50_TS16,2012-05-01,2015-05-01,3,0.08897744489325876,0.4615787978463823,-0.29369810314155986,0.30295546325122985,0.39470198675496687,6.0,12909.509862312258
USD,SMH,PB_RSI5_R10_H50_TS16,2012-08-01,2015-08-01,3,0.19931291512594584,0.8445024770054055,-0.29369810314156053,0.6786319455045249,0.3978779840848806,6.0,17225.47010040912
USD,SMH,PB_RSI5_R10_H50_TS16,2012-11-01,2015-11-01,3,0.19902424297274024,0.8439414367850175,-0.29369810314156053,0.677649058144621,0.3973509933774834,6.0,17225.47010040912
USD,SMH,PB_RSI5_R10_H50_TS16,2013-02-01,2016-02-01,3,0.17124966928526963,0.756529740313488,-0.29369810314156,0.583080610509523,0.3695364238410596,5.5,16057.429548208902
USD,SMH,PB_RSI5_R10_H50_TS16,2013-05-01,2016-05-01,3,0.1144610379865314,0.5799029795919469,-0.29369810314155975,0.3897234499038022,0.31084656084656087,4.5,13841.866933516325
USD,SMH,PB_RSI5_R10_H50_TS16,2013-08-01,2016-08-01,3,0.1331041581493535,0.6625146241044548,-0.2868936244622041,0.46394951577911026,0.27380952380952384,4.0,14548.207938883656
USD,SMH,PB_RSI5_R10_H50_TS16,2013-11-01,2016-11-01,3,0.1571563064794641,0.7233302875116917,-0.286893624462204,0.5477859843489419,0.3082010582010582,4.5,15494.44696343588
USD,SMH,PB_RSI5_R10_H50_TS16,2014-02-01,2017-02-01,3,0.23961486145876498,0.9563086584711613,-0.286893624462204,0.835204553283241,0.37962962962962965,5.5,19048.479846737715
USD,SMH,PB_RSI5_R10_H50_TS16,2014-05-01,2017-05-01,3,0.2747392596815079,1.0566285560471127,-0.286893624462204,0.957634594343182,0.4060846560846561,6.5,20714.00537086117
USD,SMH,PB_RSI5_R10_H50_TS16,2014-08-01,2017-08-01,3,0.2963685018381088,1.0498249682510679,-0.286893624462204,1.0330257508986682,0.46296296296296297,7.0,21786.396887655264
USD,SMH,PB_RSI5_R10_H50_TS16,2014-11-01,2017-11-01,3,0.3222313685192768,1.196177894964617,-0.18467534837814215,1.74485317801851,0.42063492063492064,6.5,23116.51537495617
USD,SMH,PB_RSI5_R10_H50_TS16,2015-02-01,2018-02-01,3,0.3133974125151284,1.2357393918927322,-0.1846753483781426,1.697018120000584,0.35931307793923384,5.5,22680.796141807798
USD,SMH,PB_RSI5_R10_H50_TS16,2015-05-01,2018-05-01,3,0.2694601394192455,1.2347497429539889,-0.18467534837814226,1.4591018334915902,0.28835978835978837,4.5,20457.718868729527
USD,SMH,PB_RSI5_R10_H50_TS16,2015-08-01,2018-08-01,3,0.21471440464718805,1.0566034383492777,-0.18467534837814248,1.1626587226332852,0.26455026455026454,4.0,17923.48863280942
USD,SMH,PB_RSI5_R10_H50_TS16,2015-11-01,2018-11-01,3,0.11297658009290923,0.5691841773494112,-0.4109845254977298,0.2748925399468192,0.3249669749009247,5.5,13792.485803365804
USD,SMH,PB_RSI5_R10_H50_TS16,2016-02-01,2019-02-01,3,0.11260595433070564,0.5677871393203293,-0.4109845254977298,0.2739907401485063,0.3249669749009247,6.0,13778.693317562438
USD,SMH,PB_RSI5_R10_H50_TS16,2016-05-01,2019-05-01,3,0.18429303785572615,0.7832048602277254,-0.4109845254977298,0.448418435298835,0.37350993377483444,6.5,16599.156665300063
USD,SMH,PB_RSI5_R10_H50_TS16,2016-08-01,2019-08-01,3,0.013682583579070151,0.18189519154289296,-0.4254915504301292,0.03215712172248411,0.3544973544973545,6.5,10416.119515762026
USD,SMH,PB_RSI5_R10_H50_TS16,2016-11-01,2019-11-01,3,0.038418159893384596,0.2776393826927812,-0.4634026218158481,0.08290449402906402,0.31746031746031744,6.0,11197.390481844888
USD,SMH,PB_RSI5_R10_H50_TS16,2017-02-01,2020-02-01,3,-0.01576992879750838,0.05753145093429451,-0.463402621815848,-0.03403072847476294,0.2781456953642384,5.5,9534.925060168503
USD,SMH,PB_RSI5_R10_H50_TS16,2017-05-01,2020-05-01,3,-0.04168314478591073,-0.05628172797228623,-0.46340262181584746,-0.08995017037792091,0.2509907529722589,4.5,8799.41911833
USD,SMH,PB_RSI5_R10_H50_TS16,2017-08-01,2020-08-01,3,-0.058619101672768514,-0.1827722268559679,-0.3952567461634482,-0.1483063913310871,0.1931216931216931,4.0,8342.49865321169
USD,SMH,PB_RSI5_R10_H50_TS16,2017-11-01,2020-11-01,3,-0.05869441840936673,-0.1828932440685763,-0.3952567461634482,-0.14849694275703818,0.19337748344370861,4.0,8342.49865321169
USD,SMH,PB_RSI5_R10_H50_TS16,2018-02-01,2021-02-01,3,0.07688914805793612,0.42008348750036656,-0.3952567461634482,0.19452962866354367,0.2596026490066225,5.0,12484.907784619365
USD,SMH,PB_RSI5_R10_H50_TS16,2018-05-01,2021-05-01,3,0.11518400157978159,0.5091153116291477,-0.3952567461634482,0.29141564994857855,0.3253968253968254,6.0,13868.822543485663
USD,SMH,PB_RSI5_R10_H50_TS16,2018-08-01,2021-08-01,3,0.12238551251621455,0.5235949520641542,-0.3952567461634482,0.3096354804924827,0.3443708609271523,6.5,14132.766396243765
USD,SMH,PB_RSI5_R10_H50_TS16,2018-11-01,2021-11-01,3,0.2981437278095884,0.989601975920811,-0.3599863779797814,0.8282083602239351,0.36821192052980134,6.0,21853.38134859302
USD,SMH,PB_RSI5_R10_H50_TS16,2019-02-01,2022-02-01,3,0.3497946801582035,1.0657928803268386,-0.3599863779797813,0.971688657002043,0.3963011889035667,6.0,24621.815453178795
USD,SMH,PB_RSI5_R10_H50_TS16,2019-05-01,2022-05-01,3,0.25412111380910596,0.8693350733420772,-0.31264156479330074,0.8128193510581843,0.35006605019815057,5.5,19742.79674908291
USD,SMH,PB_RSI5_R10_H50_TS16,2019-08-01,2022-08-01,3,0.3919790126010487,1.2212741605170656,-0.2548530977791903,1.5380586542474246,0.3306878306878307,5.0,26971.062902571924
USD,SMH,PB_RSI5_R10_H50_TS16,2019-11-01,2022-11-01,3,0.3419751309850023,1.1360374984235821,-0.2548530977791901,1.3418519687027566,0.2976190476190476,4.5,24167.593258877572
USD,SMH,PB_RSI5_R10_H50_TS16,2020-02-01,2023-02-01,3,0.31402351921753957,1.0904423874434868,-0.2548530977791902,1.2321746211992912,0.26455026455026454,4.0,22688.689707413258
USD,SMH,PB_RSI5_R10_H50_TS16,2020-05-01,2023-05-01,3,0.3219582320373635,1.1103645912420754,-0.2548530977791902,1.2633090782216607,0.2662251655629139,4.5,23076.618906507243
USD,SMH,PB_RSI5_R10_H50_TS16,2020-08-01,2023-08-01,3,0.5767927116700482,1.4865298436111019,-0.2548530977791902,2.2632360237967086,0.33156498673740054,5.0,39061.97267324684
USD,SMH,PB_RSI5_R10_H50_TS16,2020-11-01,2023-11-01,3,0.5758419254161271,1.485536433724286,-0.2548530977791902,2.25950530103051,0.33112582781456956,5.0,39061.97267324684
USD,SMH,PB_RSI5_R10_H50_TS16,2021-02-01,2024-02-01,3,0.4792507815530731,1.3549684029547744,-0.2548530977791902,1.8804981604277204,0.28703703703703703,4.5,32368.71227618565
USD,SMH,PB_RSI5_R10_H50_TS16,2021-05-01,2024-05-01,3,0.6389592018911501,1.6132584248669155,-0.19211132601122105,3.3259840278955184,0.27019867549668874,4.5,43939.28321401627
USD,SMH,PB_RSI5_R10_H50_TS16,2021-08-01,2024-08-01,3,1.0251488579651826,2.0882025525987613,-0.19785589479540733,5.181290448916049,0.3125827814569536,4.5,82823.72427597984
USD,SMH,PB_RSI5_R10_H50_TS16,2021-11-01,2024-11-01,3,1.0788582041848525,2.1253634290921615,-0.1978558947954071,5.452747340686745,0.2791005291005291,4.0,89841.00537341028
USD,SMH,PB_RSI5_R10_H50_TS16,2022-02-01,2025-02-01,3,0.9886254945665331,2.0571038211392367,-0.19785589479540722,4.996694668050304,0.2656042496679947,4.0,78001.83257920976
USD,SMH,PB_RSI5_R10_H50_TS16,2022-05-01,2025-05-01,3,0.9886254945665331,2.0571038211392363,-0.19785589479540722,4.996694668050304,0.2656042496679947,4.0,78001.83257920976
USD,SMH,PB_RSI5_R10_H50_TS16,2022-08-01,2025-08-01,3,1.273653659370944,2.3073774567598297,-0.19785589479540722,6.4372793172928455,0.32625994694960214,4.5,116772.82462166323
USD,SMH,PB_RSI5_R10_H50_TS16,2022-11-01,2025-11-01,3,1.3197552574367521,2.343413026097288,-0.19785589479540722,6.670285253828016,0.33200531208499334,5.0,123587.91372413519
USD,SMH,PB_RSI5_R10_H50_TS16,2023-02-01,2026-02-01,3,1.3980448394473872,2.382696202543972,-0.19785589479540722,7.065975167902047,0.3670212765957447,5.5,136001.09883916573
USD,SMH,PB_RSI5_R10_H50_TS16,2023-05-01,2026-05-01,3,1.7177103291099298,2.507906409221192,-0.19785589479540722,8.681623213127551,0.42572944297082227,6.0,199142.26303408976
USD,SMH,PB_RSI5_R10_H50_TS16,2007-02-01,2012-02-01,5,0.12128087251872421,0.5951060877362782,-0.27141053901002665,0.4468539540177685,0.2775574940523394,7.0,17732.474672769466
USD,SMH,PB_RSI5_R10_H50_TS16,2007-05-01,2012-05-01,5,0.09809118704572839,0.5080816994390746,-0.2714105390100263,0.3614125943801495,0.27812995245641836,7.0,15977.710842703505
USD,SMH,PB_RSI5_R10_H50_TS16,2007-08-01,2012-08-01,5,0.03608478851814256,0.2676600240630494,-0.37720139301869204,0.09566451552408343,0.24881141045958796,6.5,11942.594122574115
USD,SMH,PB_RSI5_R10_H50_TS16,2007-11-01,2012-11-01,5,0.04230626107023738,0.3026516116226997,-0.3772013930186918,0.11215828428327394,0.1984126984126984,5.0,12302.028612139195
USD,SMH,PB_RSI5_R10_H50_TS16,2008-02-01,2013-02-01,5,0.05966926687753915,0.38054348010460104,-0.37720139301869204,0.1581894128227206,0.21587301587301588,5.5,13361.39165244185
USD,SMH,PB_RSI5_R10_H50_TS16,2008-05-01,2013-05-01,5,0.08897299601273745,0.496102161067109,-0.37720139301869204,0.23587663688274987,0.2509928514694202,6.5,15308.712207282313
USD,SMH,PB_RSI5_R10_H50_TS16,2008-08-01,2013-08-01,5,0.11476713865589039,0.577276000469754,-0.37720139301869204,0.304259583288981,0.2962668784749801,7.5,17208.124967863812
USD,SMH,PB_RSI5_R10_H50_TS16,2008-11-01,2013-11-01,5,0.11789832853510229,0.5850342509170687,-0.37720139301869204,0.3125606922911334,0.3177124702144559,8.0,17450.965557635485
USD,SMH,PB_RSI5_R10_H50_TS16,2009-02-01,2014-02-01,5,0.11789832853510229,0.5850342509170687,-0.37720139301869204,0.3125606922911334,0.3177124702144559,8.0,17450.965557635485
USD,SMH,PB_RSI5_R10_H50_TS16,2009-05-01,2014-05-01,5,0.11789832853510229,0.5850342509170687,-0.37720139301869204,0.3125606922911334,0.3177124702144559,8.0,17450.965557635485
USD,SMH,PB_RSI5_R10_H50_TS16,2009-08-01,2014-08-01,5,0.052053332414097264,0.33586148223292744,-0.37720139301869215,0.13799878096292653,0.30659253375694995,7.5,12885.50163280632
USD,SMH,PB_RSI5_R10_H50_TS16,2009-11-01,2014-11-01,5,0.020460238336914127,0.20348594634168926,-0.3772013930186924,0.05424221308721469,0.3034154090548054,7.5,11064.850019767855
USD,SMH,PB_RSI5_R10_H50_TS16,2010-02-01,2015-02-01,5,0.024354347042635505,0.22056641108760985,-0.3772013930186924,0.06456589899557612,0.3399523431294678,8.5,11277.41610145965
USD,SMH,PB_RSI5_R10_H50_TS16,2010-05-01,2015-05-01,5,0.053148669715642916,0.328573772777429,-0.3772013930186924,0.14090263371060538,0.3836378077839555,9.5,12952.666176443552
USD,SMH,PB_RSI5_R10_H50_TS16,2010-08-01,2015-08-01,5,0.09894189717210389,0.526645208238001,-0.37720139301869193,0.2623052274019595,0.3574265289912629,9.0,16021.79083723377
USD,SMH,PB_RSI5_R10_H50_TS16,2010-11-01,2015-11-01,5,0.09894189717210389,0.526645208238001,-0.37720139301869193,0.2623052274019595,0.3574265289912629,9.0,16021.79083723377
USD,SMH,PB_RSI5_R10_H50_TS16,2011-02-01,2016-02-01,5,0.0539645216547755,0.3484090259860979,-0.37720139301869227,0.1430655417863244,0.3195548489666137,8.5,13000.16310818982
USD,SMH,PB_RSI5_R10_H50_TS16,2011-05-01,2016-05-01,5,0.022995528014981392,0.2140382307603366,-0.3772013930186924,0.0609635288749897,0.30445151033386325,7.5,11201.864449585852
USD,SMH,PB_RSI5_R10_H50_TS16,2011-08-01,2016-08-01,5,0.10894559826547545,0.5772717383649911,-0.29369810314155975,0.3709441671571324,0.30103256552819696,7.5,16763.820109282926
USD,SMH,PB_RSI5_R10_H50_TS16,2011-11-01,2016-11-01,5,0.12331224728110302,0.6142730954358585,-0.29369810314155975,0.41986055055203286,0.3439237490071485,8.5,17877.30587939116
USD,SMH,PB_RSI5_R10_H50_TS16,2012-02-01,2017-02-01,5,0.17071609601066817,0.7660704912571188,-0.29369810314155975,0.5812638698874558,0.3868149324861001,9.5,21977.906120892923
USD,SMH,PB_RSI5_R10_H50_TS16,2012-05-01,2017-05-01,5,0.19404773053747393,0.857210862688314,-0.29369810314155986,0.66070474566172,0.3751987281399046,10.0,24238.020826868287
USD,SMH,PB_RSI5_R10_H50_TS16,2012-08-01,2017-08-01,5,0.2533558696011282,1.0233765497990366,-0.29369810314156053,0.8626404695539092,0.397456279809221,10.0,30874.051753948177
USD,SMH,PB_RSI5_R10_H50_TS16,2012-11-01,2017-11-01,5,0.2529066824133135,1.0225606508475953,-0.29369810314156053,0.8611110514779666,0.3968253968253968,10.0,30874.051753948177
USD,SMH,PB_RSI5_R10_H50_TS16,2013-02-01,2018-02-01,5,0.23543446864832696,0.9711461869930704,-0.29369810314156,0.8016206646552618,0.38015873015873014,9.5,28780.515597946036
USD,SMH,PB_RSI5_R10_H50_TS16,2013-05-01,2018-05-01,5,0.19928787505102452,0.8760470761730953,-0.29369810314155975,0.6785466876337626,0.34523809523809523,8.5,24809.454463974078
USD,SMH,PB_RSI5_R10_H50_TS16,2013-08-01,2018-08-01,5,0.1688252419270122,0.8056958782851418,-0.2868936244622041,0.5884593714603565,0.3,7.5,21814.632960437986
USD,SMH,PB_RSI5_R10_H50_TS16,2013-11-01,2018-11-01,5,0.10887114485984872,0.5489594799055465,-0.4109845254977301,0.26490327033116,0.3142857142857143,8.5,16765.071573701654
USD,SMH,PB_RSI5_R10_H50_TS16,2014-02-01,2019-02-01,5,0.10874011065596978,0.5483508513700779,-0.4109845254977301,0.2645844403126325,0.3145353455123114,9.0,16748.30650212795
USD,SMH,PB_RSI5_R10_H50_TS16,2014-05-01,2019-05-01,5,0.15084863031857343,0.6803208297933028,-0.4109845254977301,0.3670421170624016,0.3431294678316124,9.5,20176.642087891916
USD,SMH,PB_RSI5_R10_H50_TS16,2014-08-01,2019-08-01,5,0.08869912524139312,0.4578545116945798,-0.42549155043012976,0.2084627183588654,0.35424940428911833,10.0,15289.486859983735
USD,SMH,PB_RSI5_R10_H50_TS16,2014-11-01,2019-11-01,5,0.13477449041836964,0.6252483805907775,-0.4634026218158481,0.29083670241280546,0.3494837172359015,10.0,18807.450465299604
USD,SMH,PB_RSI5_R10_H50_TS16,2015-02-01,2020-02-01,5,0.13614793641536482,0.6368233636736955,-0.46340262181584824,0.293800531127484,0.33200953137410644,9.5,18921.451126680065
USD,SMH,PB_RSI5_R10_H50_TS16,2015-05-01,2020-05-01,5,0.11283472839224307,0.5799863553831582,-0.46340262181584824,0.24349177816495501,0.28888888888888886,8.5,17066.84921101596
USD,SMH,PB_RSI5_R10_H50_TS16,2015-08-01,2020-08-01,5,0.08385576798433547,0.4698939421546436,-0.46340262181584824,0.18095661102594915,0.2748212867355044,8.0,14952.667978006775
USD,SMH,PB_RSI5_R10_H50_TS16,2015-11-01,2020-11-01,5,0.08385576798433547,0.4698939421546436,-0.46340262181584824,0.18095661102594915,0.2748212867355044,8.0,14952.667978006775
USD,SMH,PB_RSI5_R10_H50_TS16,2016-02-01,2021-02-01,5,0.1747936130246317,0.7674967118366873,-0.46340262181584824,0.37719599500689277,0.3142857142857143,9.0,22377.31027592992
USD,SMH,PB_RSI5_R10_H50_TS16,2016-05-01,2021-05-01,5,0.19992816916850664,0.781834675851273,-0.46340262181584824,0.43143512737387185,0.35424940428911833,10.0,24857.76832086164
USD,SMH,PB_RSI5_R10_H50_TS16,2016-08-01,2021-08-01,5,0.15983506704462336,0.6671861113873674,-0.463402621815848,0.3449161906298846,0.3431294678316124,10.0,20976.143037806447
USD,SMH,PB_RSI5_R10_H50_TS16,2016-11-01,2021-11-01,5,0.16752892984778467,0.6861225053053112,-0.4634026218158481,0.3615191670502872,0.35027799841143764,10.0,21680.601052184273
USD,SMH,PB_RSI5_R10_H50_TS16,2017-02-01,2022-02-01,5,0.16687769934932994,0.675687619885314,-0.463402621815848,0.36011384375733124,0.3253968253968254,9.5,21633.495607360204
USD,SMH,PB_RSI5_R10_H50_TS16,2017-05-01,2022-05-01,5,0.14829291146977286,0.6220991867993397,-0.46340262181584746,0.32000878822973794,0.30952380952380953,8.5,19964.728998126917
USD,SMH,PB_RSI5_R10_H50_TS16,2017-08-01,2022-08-01,5,0.13622707060950257,0.6005554731988473,-0.3952567461634482,0.3446546376040079,0.2748212867355044,8.0,18928.036332723317
USD,SMH,PB_RSI5_R10_H50_TS16,2017-11-01,2022-11-01,5,0.13622707060950257,0.6005554731988474,-0.3952567461634482,0.3446546376040079,0.2748212867355044,8.0,18928.036332723317
USD,SMH,PB_RSI5_R10_H50_TS16,2018-02-01,2023-02-01,5,0.13622707060950257,0.6005554731988473,-0.3952567461634482,0.3446546376040079,0.2748212867355044,8.0,18928.036332723317
USD,SMH,PB_RSI5_R10_H50_TS16,2018-05-01,2023-05-01,5,0.14008925926773363,0.6127123681916385,-0.3952567461634482,0.35442597913256957,0.2756155679110405,8.5,19251.666214821624
USD,SMH,PB_RSI5_R10_H50_TS16,2018-08-01,2023-08-01,5,0.26699002433227226,0.909661169365623,-0.3952567461634482,0.6754850535096635,0.314785373608903,9.0,32587.445441835396
USD,SMH,PB_RSI5_R10_H50_TS16,2018-11-01,2023-11-01,5,0.35285021375652215,1.1559249299827454,-0.3599863779797814,0.980176571504436,0.2790143084260731,7.5,45207.12709867673
USD,SMH,PB_RSI5_R10_H50_TS16,2019-02-01,2024-02-01,5,0.3939896399329197,1.23722354853002,-0.3599863779797813,1.0944570795816286,0.2915011914217633,7.5,52568.462127920066
USD,SMH,PB_RSI5_R10_H50_TS16,2019-05-01,2024-05-01,5,0.447568535123418,1.2726855897477856,-0.31264156479330074,1.4315708003167225,0.29285714285714287,8.0,63561.72467467502
USD,SMH,PB_RSI5_R10_H50_TS16,2019-08-01,2024-08-01,5,0.7564226841191553,1.7746187328748315,-0.2548530977791903,2.968073336014674,0.3177124702144559,8.0,166791.70056639798
USD,SMH,PB_RSI5_R10_H50_TS16,2019-11-01,2024-11-01,5,0.7756324369087755,1.772185149351369,-0.2548530977791901,3.0434491229170746,0.3272438443208896,8.0,176106.68977730587
USD,SMH,PB_RSI5_R10_H50_TS16,2020-02-01,2025-02-01,5,0.7790104840975836,1.774021276464206,-0.2548530977791902,3.056704002760578,0.31821797931583135,8.0,176975.937599929
USD,SMH,PB_RSI5_R10_H50_TS16,2020-05-01,2025-05-01,5,0.7790104840975836,1.7740212764642063,-0.2548530977791902,3.056704002760578,0.31821797931583135,8.0,176975.937599929
USD,SMH,PB_RSI5_R10_H50_TS16,2020-08-01,2025-08-01,5,0.9299084425119113,1.9390122889660673,-0.2548530977791902,3.6488018023528306,0.35509554140127386,8.5,264942.23840991064
USD,SMH,PB_RSI5_R10_H50_TS16,2020-11-01,2025-11-01,5,0.9519974215573783,1.9617245499838858,-0.2548530977791902,3.7354751810088174,0.35828025477707004,9.0,280404.7826073466
USD,SMH,PB_RSI5_R10_H50_TS16,2021-02-01,2026-02-01,5,0.835226357031164,1.8360756820825639,-0.2548530977791902,3.2772854805744633,0.339171974522293,8.5,206187.64547779257
USD,SMH,PB_RSI5_R10_H50_TS16,2021-05-01,2026-05-01,5,0.9398109362871858,1.985175604981206,-0.19785589479540733,4.749976932751972,0.3351910828025478,8.5,271787.4555155019
SOXL,SMH,PB_RSI5_R10_H40,2010-03-11,2013-03-11,3,-0.022678628871971585,0.1264881607671506,-0.3866697389007214,-0.058651160384170606,0.26490066225165565,5.0,9335.80390567465
SOXL,SMH,PB_RSI5_R10_H40,2010-06-11,2013-06-11,3,0.1674979934345897,0.6271486599923104,-0.3866697389007221,0.43318102396835095,0.2913907284768212,5.5,15903.823196522893
SOXL,SMH,PB_RSI5_R10_H40,2010-09-11,2013-09-11,3,0.107776073868322,0.4895212908456952,-0.38666973890072165,0.2787290108988688,0.31788079470198677,6.0,13588.751161056447
SOXL,SMH,PB_RSI5_R10_H40,2010-12-11,2013-12-11,3,0.025453077890360554,0.23382492705084745,-0.38666973890072176,0.06582640255925402,0.2993377483443709,5.5,10782.117547338432
SOXL,SMH,PB_RSI5_R10_H40,2011-03-11,2014-03-11,3,-0.011241844226255404,0.1035754455297544,-0.35677889129646,-0.031509275073435226,0.26525198938992045,5.0,9667.389217687618
SOXL,SMH,PB_RSI5_R10_H40,2011-06-11,2014-06-11,3,0.04417402840476581,0.29980430374589767,-0.29903310284099316,0.1477228707627555,0.21220159151193635,4.0,11380.718189284358
SOXL,SMH,PB_RSI5_R10_H40,2011-09-11,2014-09-11,3,0.044114247806853024,0.2996056212922993,-0.29903310284099316,0.1475229577854134,0.2119205298013245,4.0,11380.718189284358
SOXL,SMH,PB_RSI5_R10_H40,2011-12-11,2014-12-11,3,0.013828994979832032,0.2039873902666614,-0.5368917822906196,0.025757509121915365,0.26490066225165565,5.0,10420.065609919311
SOXL,SMH,PB_RSI5_R10_H40,2012-03-11,2015-03-11,3,0.026820310733027375,0.25056243388335986,-0.5368917822906196,0.04995477974835073,0.3183023872679045,5.5,10824.108221695062
SOXL,SMH,PB_RSI5_R10_H40,2012-06-11,2015-06-11,3,0.07748563338442183,0.3906219543077586,-0.5368917822906194,0.14432262876856414,0.31788079470198677,6.0,12505.637845069497
SOXL,SMH,PB_RSI5_R10_H40,2012-09-11,2015-09-11,3,0.07748563338442183,0.3906219543077586,-0.5368917822906194,0.14432262876856414,0.31788079470198677,6.0,12505.637845069497
SOXL,SMH,PB_RSI5_R10_H40,2012-12-11,2015-12-11,3,0.07727320260094617,0.3901052878478184,-0.5368917822906194,0.14392696098134392,0.31704095112285335,6.0,12505.637845069497
SOXL,SMH,PB_RSI5_R10_H40,2013-03-11,2016-03-11,3,0.0016378897609330423,0.17441684193359364,-0.5368917822906194,0.003050688825865569,0.2638522427440633,5.0,10049.347742269794
SOXL,SMH,PB_RSI5_R10_H40,2013-06-11,2016-06-11,3,-0.07153985597251578,-0.08022269219532001,-0.5368917822906194,-0.13324818582116288,0.21136063408190225,4.0,8001.324299747615
SOXL,SMH,PB_RSI5_R10_H40,2013-09-11,2016-09-11,3,0.05988955680450858,0.34415032071115165,-0.4376046954745224,0.13685766497447327,0.21164021164021163,4.0,11906.437568639743
SOXL,SMH,PB_RSI5_R10_H40,2013-12-11,2016-12-11,3,0.062430015559918006,0.35044086242037636,-0.4376046954745224,0.14266303859518967,0.2671957671957672,5.5,11992.258886210304
SOXL,SMH,PB_RSI5_R10_H40,2014-03-11,2017-03-11,3,0.15747151572298068,0.5822142696515266,-0.4376046954745224,0.3598487798496412,0.31704095112285335,6.0,15516.113999925452
SOXL,SMH,PB_RSI5_R10_H40,2014-06-11,2017-06-11,3,0.24379805344673544,0.7497502748212963,-0.4376046954745224,0.5571193727306097,0.3637566137566138,6.5,19241.97377507961
SOXL,SMH,PB_RSI5_R10_H40,2014-09-11,2017-09-11,3,0.24590325221090836,0.7483252787403952,-0.4376046954745224,0.5619301043930983,0.37037037037037035,7.0,19339.8436351569
SOXL,SMH,PB_RSI5_R10_H40,2014-12-11,2017-12-11,3,0.28307110527098467,0.8866072075286392,-0.2997381794978038,0.9443945570939812,0.31746031746031744,6.0,21122.83343273978
SOXL,SMH,PB_RSI5_R10_H40,2015-03-11,2018-03-11,3,0.26690339716754274,0.8885961474919988,-0.2997381794978041,0.8904551219158188,0.26455026455026454,5.0,20334.35972077501
SOXL,SMH,PB_RSI5_R10_H40,2015-06-11,2018-06-11,3,0.3044870456934796,1.0692003627270288,-0.21303563660350988,1.4292775168887544,0.21164021164021163,4.0,22198.27932964547
SOXL,SMH,PB_RSI5_R10_H40,2015-09-11,2018-09-11,3,0.29542576094607775,1.0218276448001669,-0.21303563660350988,1.3867433902427686,0.22883597883597884,4.5,21738.901145721753
SOXL,SMH,PB_RSI5_R10_H40,2015-12-11,2018-12-11,3,0.19605643842528098,0.7202673358382793,-0.3766625958772475,0.520509444184829,0.26490066225165565,5.0,17098.046005714416
SOXL,SMH,PB_RSI5_R10_H40,2016-03-11,2019-03-11,3,0.19634046391703386,0.7207457923753842,-0.3766625958772475,0.5212635023123461,0.26525198938992045,5.0,17098.046005714416
SOXL,SMH,PB_RSI5_R10_H40,2016-06-11,2019-06-11,3,0.3110289152053134,0.9294105306968408,-0.3766625958772475,0.8257494070546793,0.3183023872679045,6.0,22485.543024938946
SOXL,SMH,PB_RSI5_R10_H40,2016-09-11,2019-09-11,3,0.18081140568260912,0.67255157883891,-0.3766625958772477,0.48003546851127893,0.26490066225165565,5.0,16453.382253801577
SOXL,SMH,PB_RSI5_R10_H40,2016-12-11,2019-12-11,3,0.28146622013988454,0.9008546404062765,-0.37666259587724793,0.7472635276787948,0.2768211920529801,5.0,21022.970370255614
SOXL,SMH,PB_RSI5_R10_H40,2017-03-11,2020-03-11,3,0.243113472988858,0.8042402152016278,-0.3766625958772478,0.6454409746278266,0.26490066225165565,5.0,19193.637023280717
SOXL,SMH,PB_RSI5_R10_H40,2017-06-11,2020-06-11,3,0.15672522631351749,0.6233223899420347,-0.32737229953180613,0.47873698091640376,0.21825396825396826,4.5,15477.136784798553
SOXL,SMH,PB_RSI5_R10_H40,2017-09-11,2020-09-11,3,0.15455121626721757,0.6262085915116032,-0.327372299531806,0.47209619289185484,0.21136063408190225,4.0,15398.814268851655
SOXL,SMH,PB_RSI5_R10_H40,2017-12-11,2020-12-11,3,0.32935618546787104,0.9981658959947854,-0.327372299531806,1.0060600299380928,0.24702774108322326,4.5,23518.776354926198
SOXL,SMH,PB_RSI5_R10_H40,2018-03-11,2021-03-11,3,0.2832417314172424,0.819295986899267,-0.35905934890879576,0.7888437727022902,0.29894179894179895,5.5,21131.261462075236
SOXL,SMH,PB_RSI5_R10_H40,2018-06-11,2021-06-11,3,0.3746563685438904,0.9527323708460502,-0.35905934890879576,1.0434385560005468,0.31704095112285335,6.0,26009.430004020618
SOXL,SMH,PB_RSI5_R10_H40,2018-09-11,2021-09-11,3,0.39704314731656254,0.9688617266957553,-0.35905934890879554,1.1057869639746247,0.3544973544973545,6.5,27266.504008764146
SOXL,SMH,PB_RSI5_R10_H40,2018-12-11,2021-12-11,3,0.7369941648558929,1.436218725138897,-0.35905934890879565,2.052569212013739,0.36988110964332893,7.0,52522.65354003832
SOXL,SMH,PB_RSI5_R10_H40,2019-03-11,2022-03-11,3,0.7344687509116421,1.4343097574779418,-0.35905934890879565,2.0455357955272286,0.3689064558629776,7.0,52522.65354003832
SOXL,SMH,PB_RSI5_R10_H40,2019-06-11,2022-06-11,3,0.5846535455408823,1.2953162065643595,-0.35905934890879576,1.6282922233265384,0.316622691292876,6.0,39938.317058821136
SOXL,SMH,PB_RSI5_R10_H40,2019-09-11,2022-09-11,3,0.5865846691358676,1.2970398792116027,-0.35905934890879576,1.6336705085622636,0.31746031746031744,6.0,39938.317058821136
SOXL,SMH,PB_RSI5_R10_H40,2019-12-11,2022-12-11,3,0.48129304339694734,1.1940066039372057,-0.359059348908796,1.3404275500961813,0.25132275132275134,4.5,32502.962724397843
SOXL,SMH,PB_RSI5_R10_H40,2020-03-11,2023-03-11,3,0.3798403773663188,1.0516051987004456,-0.35905934890879576,1.0578763051865323,0.21164021164021163,4.0,26271.601494498405
SOXL,SMH,PB_RSI5_R10_H40,2020-06-11,2023-06-11,3,0.6158519162141263,1.3264040078357022,-0.35905934890879576,1.7151813985229447,0.2503311258278146,4.5,42109.26707959431
SOXL,SMH,PB_RSI5_R10_H40,2020-09-11,2023-09-11,3,0.6167074742403891,1.30493895191412,-0.35905934890879576,1.71756417459844,0.26525198938992045,5.0,42095.77730324941
SOXL,SMH,PB_RSI5_R10_H40,2020-12-11,2023-12-11,3,0.4127632489459201,1.0431379516158286,-0.35905934890879543,1.149568310086715,0.23076923076923078,4.5,28120.118050905963
SOXL,SMH,PB_RSI5_R10_H40,2021-03-11,2024-03-11,3,0.7845344055447394,1.6066106382883836,-0.23933868263080238,3.2779256446186,0.23178807947019867,4.5,56699.164813544194
SOXL,SMH,PB_RSI5_R10_H40,2021-06-11,2024-06-11,3,0.935273630891315,1.7984390597624997,-0.23933868263080282,3.9077412000885876,0.2543046357615894,4.5,72291.83870074298
SOXL,SMH,PB_RSI5_R10_H40,2021-09-11,2024-09-11,3,0.8571866038751945,1.7492132420136783,-0.20438745409664572,4.193929650250789,0.21220159151193635,4.0,63743.05192191692
SOXL,SMH,PB_RSI5_R10_H40,2021-12-11,2024-12-11,3,0.7087367643804035,1.497564297771514,-0.25018535923695373,2.832846680325326,0.21220159151193635,4.0,49679.68832452626
SOXL,SMH,PB_RSI5_R10_H40,2022-03-11,2025-03-11,3,0.7111732423032204,1.4995721642181983,-0.25018535923695373,2.842585371391214,0.2127659574468085,4.0,49679.68832452626
SOXL,SMH,PB_RSI5_R10_H40,2022-06-11,2025-06-11,3,0.8277872747195254,1.6185993269186756,-0.25018535923695373,3.308695909481728,0.22739361702127658,4.5,60481.060572199145
SOXL,SMH,PB_RSI5_R10_H40,2022-09-11,2025-09-11,3,0.9344844884695993,1.707880436187172,-0.25018535923695373,3.7351685619002875,0.2656042496679947,5.0,71826.42716791907
SOXL,SMH,PB_RSI5_R10_H40,2022-12-11,2025-12-11,3,0.9344844884695993,1.707880436187172,-0.25018535923695373,3.7351685619002875,0.2656042496679947,5.0,71826.42716791907
SOXL,SMH,PB_RSI5_R10_H40,2023-03-11,2026-03-11,3,1.238589976698187,1.8573051512777736,-0.2711647690173762,4.567665560634901,0.3191489361702128,6.0,110756.31886482512
SOXL,SMH,PB_RSI5_R10_H40,2023-06-11,2026-06-11,3,2.207184067993216,2.356025292475629,-0.2711647690173763,8.139641724075812,0.3333333333333333,6.5,325346.67539277143
SOXL,SMH,PB_RSI5_R10_H40,2010-03-11,2015-03-11,5,0.004794686452390007,0.1977830414568199,-0.5368917822906194,0.008930452300710842,0.28594122319301035,9.0,10241.84987033052
SOXL,SMH,PB_RSI5_R10_H40,2010-06-11,2015-06-11,5,0.04941993248352494,0.31349411434310825,-0.5368917822906194,0.09204821923829325,0.3018268467037331,9.5,12725.16470012286
SOXL,SMH,PB_RSI5_R10_H40,2010-09-11,2015-09-11,5,0.03436611440688653,0.2682553023301979,-0.5368917822906193,0.06400938800043723,0.28594122319301035,9.0,11838.950161372066
SOXL,SMH,PB_RSI5_R10_H40,2010-12-11,2015-12-11,5,-0.012440600716270067,0.12281357483845452,-0.5368917822906194,-0.023171523809123927,0.2748212867355044,8.5,9393.722113539015
SOXL,SMH,PB_RSI5_R10_H40,2011-03-11,2016-03-11,5,-0.03377843501206634,0.0488852367920043,-0.5368917822906194,-0.0629147923776231,0.2541699761715647,8.0,8422.535506190807
SOXL,SMH,PB_RSI5_R10_H40,2011-06-11,2016-06-11,5,-0.0017036396047405145,0.14306476912745808,-0.5368917822906196,-0.0031731526928425475,0.22257551669316375,7.0,9915.24194141496
SOXL,SMH,PB_RSI5_R10_H40,2011-09-11,2016-09-11,5,0.06275279952226032,0.35278965187418226,-0.5368917822906196,0.11688165397974412,0.2543720190779014,8.0,13550.3810606997
SOXL,SMH,PB_RSI5_R10_H40,2011-12-11,2016-12-11,5,0.06428289113093588,0.35557572060441345,-0.5368917822906196,0.1197315609053959,0.287758346581876,9.5,13648.051883690065
SOXL,SMH,PB_RSI5_R10_H40,2012-03-11,2017-03-11,5,0.12064755656833537,0.504649723866848,-0.5368917822906196,0.22471485045570846,0.3179650238473768,9.5,17658.452082596134
SOXL,SMH,PB_RSI5_R10_H40,2012-06-11,2017-06-11,5,0.2257013290985297,0.7607187851488965,-0.5368917822906194,0.4203851437911516,0.3139904610492846,9.5,27619.882050464133
SOXL,SMH,PB_RSI5_R10_H40,2012-09-11,2017-09-11,5,0.22694762874810714,0.7583266969512317,-0.5368917822906194,0.42270646754891184,0.3179650238473768,10.0,27760.36420802383
SOXL,SMH,PB_RSI5_R10_H40,2012-12-11,2017-12-11,5,0.22654936488626598,0.7577232390398976,-0.5368917822906194,0.42196467213505395,0.31746031746031744,10.0,27760.36420802383
SOXL,SMH,PB_RSI5_R10_H40,2013-03-11,2018-03-11,5,0.17406309628632588,0.643290282582966,-0.5368917822906194,0.32420517882336586,0.2857142857142857,9.0,22307.822826364707
SOXL,SMH,PB_RSI5_R10_H40,2013-06-11,2018-06-11,5,0.12175041017723598,0.5168336249370961,-0.5368917822906194,0.22676899552791535,0.25396825396825395,8.0,17761.563181287762
SOXL,SMH,PB_RSI5_R10_H40,2013-09-11,2018-09-11,5,0.13625091725904093,0.5622459147307486,-0.4376046954745224,0.31135615926446003,0.23253968253968255,7.5,18939.618819775733
SOXL,SMH,PB_RSI5_R10_H40,2013-12-11,2018-12-11,5,0.0830375652011448,0.4090834983978002,-0.4376046954745224,0.18975473997394365,0.2541699761715647,8.0,14896.358916234842
SOXL,SMH,PB_RSI5_R10_H40,2014-03-11,2019-03-11,5,0.0830375652011448,0.4090834983978003,-0.4376046954745224,0.18975473997394365,0.2541699761715647,8.0,14896.358916234842
SOXL,SMH,PB_RSI5_R10_H40,2014-06-11,2019-06-11,5,0.14407316021271654,0.5576506665062143,-0.4376046954745224,0.32923129413976904,0.28594122319301035,9.0,19590.116859785343
SOXL,SMH,PB_RSI5_R10_H40,2014-09-11,2019-09-11,5,0.14407316021271654,0.5576506665062143,-0.4376046954745224,0.32923129413976904,0.28594122319301035,9.0,19590.116859785343
SOXL,SMH,PB_RSI5_R10_H40,2014-12-11,2019-12-11,5,0.22475363715320906,0.7605538753955983,-0.3766625958772476,0.5966975208402565,0.2946783161239079,9.5,27535.583853655753
SOXL,SMH,PB_RSI5_R10_H40,2015-03-11,2020-03-11,5,0.2564452145859655,0.8348726566149134,-0.3766625958772474,0.6808353613894271,0.2857142857142857,9.0,31312.502861623234
SOXL,SMH,PB_RSI5_R10_H40,2015-06-11,2020-06-11,5,0.2786783694287751,0.9218962842603268,-0.3766625958772475,0.7398620741189683,0.25396825396825395,8.0,34182.718048529896
SOXL,SMH,PB_RSI5_R10_H40,2015-09-11,2020-09-11,5,0.2786783694287751,0.9218962842603268,-0.3766625958772475,0.7398620741189683,0.25396825396825395,8.0,34182.718048529896
SOXL,SMH,PB_RSI5_R10_H40,2015-12-11,2020-12-11,5,0.39170378012547613,1.1250236469324513,-0.3766625958772475,1.0399327791314072,0.2753968253968254,8.5,52207.636701811185
SOXL,SMH,PB_RSI5_R10_H40,2016-03-11,2021-03-11,5,0.3625598215559478,0.9975939243060821,-0.3766625958772475,0.9625586015822614,0.30659253375694995,9.5,46907.764452291776
SOXL,SMH,PB_RSI5_R10_H40,2016-06-11,2021-06-11,5,0.42040106890100115,1.0741322482773434,-0.3766625958772475,1.1161210948538351,0.3177124702144559,10.0,57736.45924341106
SOXL,SMH,PB_RSI5_R10_H40,2016-09-11,2021-09-11,5,0.35408396564776234,0.9594975157625764,-0.3766625958772477,0.9400560860658338,0.3177124702144559,10.0,45467.970966631765
SOXL,SMH,PB_RSI5_R10_H40,2016-12-11,2021-12-11,5,0.4555748760407734,1.1346442410039568,-0.37666259587724793,1.209503892946255,0.3161239078633836,9.5,65241.77853307752
SOXL,SMH,PB_RSI5_R10_H40,2017-03-11,2022-03-11,5,0.38206594261406646,1.020625422470066,-0.3766625958772478,1.0143453233635642,0.2857142857142857,9.0,50424.758310568104
SOXL,SMH,PB_RSI5_R10_H40,2017-06-11,2022-06-11,5,0.3238398003899954,0.9342246088578472,-0.35905934890879554,0.9019116237306322,0.25793650793650796,8.5,40660.91698860699
SOXL,SMH,PB_RSI5_R10_H40,2017-09-11,2022-09-11,5,0.3227908656869376,0.9382770374708699,-0.35905934890879576,0.8989902829933815,0.2541699761715647,8.0,40455.15119590664
SOXL,SMH,PB_RSI5_R10_H40,2017-12-11,2022-12-11,5,0.3227908656869376,0.9382770374708699,-0.35905934890879576,0.8989902829933815,0.2541699761715647,8.0,40455.15119590664
SOXL,SMH,PB_RSI5_R10_H40,2018-03-11,2023-03-11,5,0.3227908656869376,0.9382770374708699,-0.35905934890879576,0.8989902829933815,0.2541699761715647,8.0,40455.15119590664
SOXL,SMH,PB_RSI5_R10_H40,2018-06-11,2023-06-11,5,0.4537909549334016,1.1189217364619635,-0.35905934890879576,1.26383272378926,0.27720413026211277,8.5,64843.27827561424
SOXL,SMH,PB_RSI5_R10_H40,2018-09-11,2023-09-11,5,0.44650066466534133,1.1001685179517702,-0.35905934890879554,1.2435288651368794,0.2766295707472178,8.5,63142.361102171904
SOXL,SMH,PB_RSI5_R10_H40,2018-12-11,2023-12-11,5,0.5316752213894667,1.26320632702003,-0.35905934890879565,1.4807446819175205,0.2541699761715647,8.0,84158.62760632177
SOXL,SMH,PB_RSI5_R10_H40,2019-03-11,2024-03-11,5,0.739537179909733,1.4919231556329906,-0.35905934890879565,2.059651648556802,0.2857142857142857,9.0,159282.68861748735
SOXL,SMH,PB_RSI5_R10_H40,2019-06-11,2024-06-11,5,0.7936066584079091,1.56870073908471,-0.35905934890879576,2.21023811472875,0.27936507936507937,8.5,185624.8165386715
SOXL,SMH,PB_RSI5_R10_H40,2019-09-11,2024-09-11,5,0.775720318971693,1.532820952559821,-0.35905934890879576,2.160423677392488,0.28594122319301035,9.0,176150.240078484
SOXL,SMH,PB_RSI5_R10_H40,2019-12-11,2024-12-11,5,0.7450676874246096,1.4780576910366674,-0.359059348908796,2.07505441562493,0.2779984114376489,8.5,161473.70577717808
SOXL,SMH,PB_RSI5_R10_H40,2020-03-11,2025-03-11,5,0.6736537666630544,1.4082911884013576,-0.35905934890879576,1.8761627254946325,0.2545743834526651,8.0,130516.49740328382
SOXL,SMH,PB_RSI5_R10_H40,2020-06-11,2025-06-11,5,0.7409829159463825,1.4802650284852918,-0.35905934890879576,2.0636781027935265,0.26332537788385046,8.5,158893.4321317435
SOXL,SMH,PB_RSI5_R10_H40,2020-09-11,2025-09-11,5,0.8028797271585477,1.5376071911418967,-0.35905934890879576,2.2360641203147904,0.28662420382165604,9.0,188699.52713291819
SOXL,SMH,PB_RSI5_R10_H40,2020-12-11,2025-12-11,5,0.6626884139918601,1.3950524660313657,-0.35905934890879543,1.845623616279072,0.2659235668789809,8.5,126051.90636824755
SOXL,SMH,PB_RSI5_R10_H40,2021-03-11,2026-03-11,5,0.8368045491136291,1.6089850330224709,-0.2711647690173763,3.08596338730127,0.26671974522292996,8.5,207072.89547355875
SOXL,SMH,PB_RSI5_R10_H40,2021-06-11,2026-06-11,5,1.4156392369715687,2.0302621228351425,-0.2711647690173762,5.220586885609962,0.28662420382165604,9.0,811111.3932630684
SOXL,SMH,PB_RSI5_R10_H40_TS16,2010-03-11,2013-03-11,3,-0.022678628871971585,0.1264881607671506,-0.3866697389007214,-0.058651160384170606,0.26490066225165565,5.0,9335.80390567465
SOXL,SMH,PB_RSI5_R10_H40_TS16,2010-06-11,2013-06-11,3,0.1674979934345897,0.6271486599923104,-0.3866697389007221,0.43318102396835095,0.2913907284768212,5.5,15903.823196522893
SOXL,SMH,PB_RSI5_R10_H40_TS16,2010-09-11,2013-09-11,3,0.107776073868322,0.4895212908456952,-0.38666973890072165,0.2787290108988688,0.31788079470198677,6.0,13588.751161056447
SOXL,SMH,PB_RSI5_R10_H40_TS16,2010-12-11,2013-12-11,3,0.025453077890360554,0.23382492705084745,-0.38666973890072176,0.06582640255925402,0.2993377483443709,5.5,10782.117547338432
SOXL,SMH,PB_RSI5_R10_H40_TS16,2011-03-11,2014-03-11,3,-0.011241844226255404,0.1035754455297544,-0.35677889129646,-0.031509275073435226,0.26525198938992045,5.0,9667.389217687618
SOXL,SMH,PB_RSI5_R10_H40_TS16,2011-06-11,2014-06-11,3,0.04417402840476581,0.29980430374589767,-0.29903310284099316,0.1477228707627555,0.21220159151193635,4.0,11380.718189284358
SOXL,SMH,PB_RSI5_R10_H40_TS16,2011-09-11,2014-09-11,3,0.044114247806853024,0.2996056212922993,-0.29903310284099316,0.1475229577854134,0.2119205298013245,4.0,11380.718189284358
SOXL,SMH,PB_RSI5_R10_H40_TS16,2011-12-11,2014-12-11,3,0.013828994979832032,0.2039873902666614,-0.5368917822906196,0.025757509121915365,0.26490066225165565,5.0,10420.065609919311
SOXL,SMH,PB_RSI5_R10_H40_TS16,2012-03-11,2015-03-11,3,0.026820310733027375,0.25056243388335986,-0.5368917822906196,0.04995477974835073,0.3183023872679045,5.5,10824.108221695062
SOXL,SMH,PB_RSI5_R10_H40_TS16,2012-06-11,2015-06-11,3,0.07748563338442183,0.3906219543077586,-0.5368917822906194,0.14432262876856414,0.31788079470198677,6.0,12505.637845069497
SOXL,SMH,PB_RSI5_R10_H40_TS16,2012-09-11,2015-09-11,3,0.07748563338442183,0.3906219543077586,-0.5368917822906194,0.14432262876856414,0.31788079470198677,6.0,12505.637845069497
SOXL,SMH,PB_RSI5_R10_H40_TS16,2012-12-11,2015-12-11,3,0.07727320260094617,0.3901052878478184,-0.5368917822906194,0.14392696098134392,0.31704095112285335,6.0,12505.637845069497
SOXL,SMH,PB_RSI5_R10_H40_TS16,2013-03-11,2016-03-11,3,0.0016378897609330423,0.17441684193359364,-0.5368917822906194,0.003050688825865569,0.2638522427440633,5.0,10049.347742269794
SOXL,SMH,PB_RSI5_R10_H40_TS16,2013-06-11,2016-06-11,3,-0.07153985597251578,-0.08022269219532001,-0.5368917822906194,-0.13324818582116288,0.21136063408190225,4.0,8001.324299747615
SOXL,SMH,PB_RSI5_R10_H40_TS16,2013-09-11,2016-09-11,3,0.05988955680450858,0.34415032071115165,-0.4376046954745224,0.13685766497447327,0.21164021164021163,4.0,11906.437568639743
SOXL,SMH,PB_RSI5_R10_H40_TS16,2013-12-11,2016-12-11,3,0.062430015559918006,0.35044086242037636,-0.4376046954745224,0.14266303859518967,0.2671957671957672,5.5,11992.258886210304
SOXL,SMH,PB_RSI5_R10_H40_TS16,2014-03-11,2017-03-11,3,0.15747151572298068,0.5822142696515266,-0.4376046954745224,0.3598487798496412,0.31704095112285335,6.0,15516.113999925452
SOXL,SMH,PB_RSI5_R10_H40_TS16,2014-06-11,2017-06-11,3,0.24379805344673544,0.7497502748212963,-0.4376046954745224,0.5571193727306097,0.3637566137566138,6.5,19241.97377507961
SOXL,SMH,PB_RSI5_R10_H40_TS16,2014-09-11,2017-09-11,3,0.24590325221090836,0.7483252787403952,-0.4376046954745224,0.5619301043930983,0.37037037037037035,7.0,19339.8436351569
SOXL,SMH,PB_RSI5_R10_H40_TS16,2014-12-11,2017-12-11,3,0.28307110527098467,0.8866072075286392,-0.2997381794978038,0.9443945570939812,0.31746031746031744,6.0,21122.83343273978
SOXL,SMH,PB_RSI5_R10_H40_TS16,2015-03-11,2018-03-11,3,0.26690339716754274,0.8885961474919988,-0.2997381794978041,0.8904551219158188,0.26455026455026454,5.0,20334.35972077501
SOXL,SMH,PB_RSI5_R10_H40_TS16,2015-06-11,2018-06-11,3,0.3044870456934796,1.0692003627270288,-0.21303563660350988,1.4292775168887544,0.21164021164021163,4.0,22198.27932964547
SOXL,SMH,PB_RSI5_R10_H40_TS16,2015-09-11,2018-09-11,3,0.29542576094607775,1.0218276448001669,-0.21303563660350988,1.3867433902427686,0.22883597883597884,4.5,21738.901145721753
SOXL,SMH,PB_RSI5_R10_H40_TS16,2015-12-11,2018-12-11,3,0.19605643842528098,0.7202673358382793,-0.3766625958772475,0.520509444184829,0.26490066225165565,5.0,17098.046005714416
SOXL,SMH,PB_RSI5_R10_H40_TS16,2016-03-11,2019-03-11,3,0.19634046391703386,0.7207457923753842,-0.3766625958772475,0.5212635023123461,0.26525198938992045,5.0,17098.046005714416
SOXL,SMH,PB_RSI5_R10_H40_TS16,2016-06-11,2019-06-11,3,0.3110289152053134,0.9294105306968408,-0.3766625958772475,0.8257494070546793,0.3183023872679045,6.0,22485.543024938946
SOXL,SMH,PB_RSI5_R10_H40_TS16,2016-09-11,2019-09-11,3,0.18081140568260912,0.67255157883891,-0.3766625958772477,0.48003546851127893,0.26490066225165565,5.0,16453.382253801577
SOXL,SMH,PB_RSI5_R10_H40_TS16,2016-12-11,2019-12-11,3,0.28146622013988454,0.9008546404062765,-0.37666259587724793,0.7472635276787948,0.2768211920529801,5.0,21022.970370255614
SOXL,SMH,PB_RSI5_R10_H40_TS16,2017-03-11,2020-03-11,3,0.243113472988858,0.8042402152016278,-0.3766625958772478,0.6454409746278266,0.26490066225165565,5.0,19193.637023280717
SOXL,SMH,PB_RSI5_R10_H40_TS16,2017-06-11,2020-06-11,3,0.15672522631351749,0.6233223899420347,-0.32737229953180613,0.47873698091640376,0.21825396825396826,4.5,15477.136784798553
SOXL,SMH,PB_RSI5_R10_H40_TS16,2017-09-11,2020-09-11,3,0.15455121626721757,0.6262085915116032,-0.327372299531806,0.47209619289185484,0.21136063408190225,4.0,15398.814268851655
SOXL,SMH,PB_RSI5_R10_H40_TS16,2017-12-11,2020-12-11,3,0.32935618546787104,0.9981658959947854,-0.327372299531806,1.0060600299380928,0.24702774108322326,4.5,23518.776354926198
SOXL,SMH,PB_RSI5_R10_H40_TS16,2018-03-11,2021-03-11,3,0.2832417314172424,0.819295986899267,-0.35905934890879576,0.7888437727022902,0.29894179894179895,5.5,21131.261462075236
SOXL,SMH,PB_RSI5_R10_H40_TS16,2018-06-11,2021-06-11,3,0.3746563685438904,0.9527323708460502,-0.35905934890879576,1.0434385560005468,0.31704095112285335,6.0,26009.430004020618
SOXL,SMH,PB_RSI5_R10_H40_TS16,2018-09-11,2021-09-11,3,0.39704314731656254,0.9688617266957553,-0.35905934890879554,1.1057869639746247,0.3544973544973545,6.5,27266.504008764146
SOXL,SMH,PB_RSI5_R10_H40_TS16,2018-12-11,2021-12-11,3,0.7369941648558929,1.436218725138897,-0.35905934890879565,2.052569212013739,0.36988110964332893,7.0,52522.65354003832
SOXL,SMH,PB_RSI5_R10_H40_TS16,2019-03-11,2022-03-11,3,0.7344687509116421,1.4343097574779418,-0.35905934890879565,2.0455357955272286,0.3689064558629776,7.0,52522.65354003832
SOXL,SMH,PB_RSI5_R10_H40_TS16,2019-06-11,2022-06-11,3,0.5846535455408823,1.2953162065643595,-0.35905934890879576,1.6282922233265384,0.316622691292876,6.0,39938.317058821136
SOXL,SMH,PB_RSI5_R10_H40_TS16,2019-09-11,2022-09-11,3,0.5865846691358676,1.2970398792116027,-0.35905934890879576,1.6336705085622636,0.31746031746031744,6.0,39938.317058821136
SOXL,SMH,PB_RSI5_R10_H40_TS16,2019-12-11,2022-12-11,3,0.48129304339694734,1.1940066039372057,-0.359059348908796,1.3404275500961813,0.25132275132275134,4.5,32502.962724397843
SOXL,SMH,PB_RSI5_R10_H40_TS16,2020-03-11,2023-03-11,3,0.3798403773663188,1.0516051987004456,-0.35905934890879576,1.0578763051865323,0.21164021164021163,4.0,26271.601494498405
SOXL,SMH,PB_RSI5_R10_H40_TS16,2020-06-11,2023-06-11,3,0.6158519162141263,1.3264040078357022,-0.35905934890879576,1.7151813985229447,0.2503311258278146,4.5,42109.26707959431
SOXL,SMH,PB_RSI5_R10_H40_TS16,2020-09-11,2023-09-11,3,0.6167074742403891,1.30493895191412,-0.35905934890879576,1.71756417459844,0.26525198938992045,5.0,42095.77730324941
SOXL,SMH,PB_RSI5_R10_H40_TS16,2020-12-11,2023-12-11,3,0.4127632489459201,1.0431379516158286,-0.35905934890879543,1.149568310086715,0.23076923076923078,4.5,28120.118050905963
SOXL,SMH,PB_RSI5_R10_H40_TS16,2021-03-11,2024-03-11,3,0.7845344055447394,1.6066106382883836,-0.23933868263080238,3.2779256446186,0.23178807947019867,4.5,56699.164813544194
SOXL,SMH,PB_RSI5_R10_H40_TS16,2021-06-11,2024-06-11,3,0.935273630891315,1.7984390597624997,-0.23933868263080282,3.9077412000885876,0.2543046357615894,4.5,72291.83870074298
SOXL,SMH,PB_RSI5_R10_H40_TS16,2021-09-11,2024-09-11,3,0.8571866038751945,1.7492132420136783,-0.20438745409664572,4.193929650250789,0.21220159151193635,4.0,63743.05192191692
SOXL,SMH,PB_RSI5_R10_H40_TS16,2021-12-11,2024-12-11,3,0.7087367643804035,1.497564297771514,-0.25018535923695373,2.832846680325326,0.21220159151193635,4.0,49679.68832452626
SOXL,SMH,PB_RSI5_R10_H40_TS16,2022-03-11,2025-03-11,3,0.7111732423032204,1.4995721642181983,-0.25018535923695373,2.842585371391214,0.2127659574468085,4.0,49679.68832452626
SOXL,SMH,PB_RSI5_R10_H40_TS16,2022-06-11,2025-06-11,3,0.8277872747195254,1.6185993269186756,-0.25018535923695373,3.308695909481728,0.22739361702127658,4.5,60481.060572199145
SOXL,SMH,PB_RSI5_R10_H40_TS16,2022-09-11,2025-09-11,3,0.9344844884695993,1.707880436187172,-0.25018535923695373,3.7351685619002875,0.2656042496679947,5.0,71826.42716791907
SOXL,SMH,PB_RSI5_R10_H40_TS16,2022-12-11,2025-12-11,3,0.9344844884695993,1.707880436187172,-0.25018535923695373,3.7351685619002875,0.2656042496679947,5.0,71826.42716791907
SOXL,SMH,PB_RSI5_R10_H40_TS16,2023-03-11,2026-03-11,3,1.238589976698187,1.8573051512777736,-0.2711647690173762,4.567665560634901,0.3191489361702128,6.0,110756.31886482512
SOXL,SMH,PB_RSI5_R10_H40_TS16,2023-06-11,2026-06-11,3,2.207184067993216,2.356025292475629,-0.2711647690173763,8.139641724075812,0.3333333333333333,6.5,325346.67539277143
SOXL,SMH,PB_RSI5_R10_H40_TS16,2010-03-11,2015-03-11,5,0.004794686452390007,0.1977830414568199,-0.5368917822906194,0.008930452300710842,0.28594122319301035,9.0,10241.84987033052
SOXL,SMH,PB_RSI5_R10_H40_TS16,2010-06-11,2015-06-11,5,0.04941993248352494,0.31349411434310825,-0.5368917822906194,0.09204821923829325,0.3018268467037331,9.5,12725.16470012286
SOXL,SMH,PB_RSI5_R10_H40_TS16,2010-09-11,2015-09-11,5,0.03436611440688653,0.2682553023301979,-0.5368917822906193,0.06400938800043723,0.28594122319301035,9.0,11838.950161372066
SOXL,SMH,PB_RSI5_R10_H40_TS16,2010-12-11,2015-12-11,5,-0.012440600716270067,0.12281357483845452,-0.5368917822906194,-0.023171523809123927,0.2748212867355044,8.5,9393.722113539015
SOXL,SMH,PB_RSI5_R10_H40_TS16,2011-03-11,2016-03-11,5,-0.03377843501206634,0.0488852367920043,-0.5368917822906194,-0.0629147923776231,0.2541699761715647,8.0,8422.535506190807
SOXL,SMH,PB_RSI5_R10_H40_TS16,2011-06-11,2016-06-11,5,-0.0017036396047405145,0.14306476912745808,-0.5368917822906196,-0.0031731526928425475,0.22257551669316375,7.0,9915.24194141496
SOXL,SMH,PB_RSI5_R10_H40_TS16,2011-09-11,2016-09-11,5,0.06275279952226032,0.35278965187418226,-0.5368917822906196,0.11688165397974412,0.2543720190779014,8.0,13550.3810606997
SOXL,SMH,PB_RSI5_R10_H40_TS16,2011-12-11,2016-12-11,5,0.06428289113093588,0.35557572060441345,-0.5368917822906196,0.1197315609053959,0.287758346581876,9.5,13648.051883690065
SOXL,SMH,PB_RSI5_R10_H40_TS16,2012-03-11,2017-03-11,5,0.12064755656833537,0.504649723866848,-0.5368917822906196,0.22471485045570846,0.3179650238473768,9.5,17658.452082596134
SOXL,SMH,PB_RSI5_R10_H40_TS16,2012-06-11,2017-06-11,5,0.2257013290985297,0.7607187851488965,-0.5368917822906194,0.4203851437911516,0.3139904610492846,9.5,27619.882050464133
SOXL,SMH,PB_RSI5_R10_H40_TS16,2012-09-11,2017-09-11,5,0.22694762874810714,0.7583266969512317,-0.5368917822906194,0.42270646754891184,0.3179650238473768,10.0,27760.36420802383
SOXL,SMH,PB_RSI5_R10_H40_TS16,2012-12-11,2017-12-11,5,0.22654936488626598,0.7577232390398976,-0.5368917822906194,0.42196467213505395,0.31746031746031744,10.0,27760.36420802383
SOXL,SMH,PB_RSI5_R10_H40_TS16,2013-03-11,2018-03-11,5,0.17406309628632588,0.643290282582966,-0.5368917822906194,0.32420517882336586,0.2857142857142857,9.0,22307.822826364707
SOXL,SMH,PB_RSI5_R10_H40_TS16,2013-06-11,2018-06-11,5,0.12175041017723598,0.5168336249370961,-0.5368917822906194,0.22676899552791535,0.25396825396825395,8.0,17761.563181287762
SOXL,SMH,PB_RSI5_R10_H40_TS16,2013-09-11,2018-09-11,5,0.13625091725904093,0.5622459147307486,-0.4376046954745224,0.31135615926446003,0.23253968253968255,7.5,18939.618819775733
SOXL,SMH,PB_RSI5_R10_H40_TS16,2013-12-11,2018-12-11,5,0.0830375652011448,0.4090834983978002,-0.4376046954745224,0.18975473997394365,0.2541699761715647,8.0,14896.358916234842
SOXL,SMH,PB_RSI5_R10_H40_TS16,2014-03-11,2019-03-11,5,0.0830375652011448,0.4090834983978003,-0.4376046954745224,0.18975473997394365,0.2541699761715647,8.0,14896.358916234842
SOXL,SMH,PB_RSI5_R10_H40_TS16,2014-06-11,2019-06-11,5,0.14407316021271654,0.5576506665062143,-0.4376046954745224,0.32923129413976904,0.28594122319301035,9.0,19590.116859785343
SOXL,SMH,PB_RSI5_R10_H40_TS16,2014-09-11,2019-09-11,5,0.14407316021271654,0.5576506665062143,-0.4376046954745224,0.32923129413976904,0.28594122319301035,9.0,19590.116859785343
SOXL,SMH,PB_RSI5_R10_H40_TS16,2014-12-11,2019-12-11,5,0.22475363715320906,0.7605538753955983,-0.3766625958772476,0.5966975208402565,0.2946783161239079,9.5,27535.583853655753
SOXL,SMH,PB_RSI5_R10_H40_TS16,2015-03-11,2020-03-11,5,0.2564452145859655,0.8348726566149134,-0.3766625958772474,0.6808353613894271,0.2857142857142857,9.0,31312.502861623234
SOXL,SMH,PB_RSI5_R10_H40_TS16,2015-06-11,2020-06-11,5,0.2786783694287751,0.9218962842603268,-0.3766625958772475,0.7398620741189683,0.25396825396825395,8.0,34182.718048529896
SOXL,SMH,PB_RSI5_R10_H40_TS16,2015-09-11,2020-09-11,5,0.2786783694287751,0.9218962842603268,-0.3766625958772475,0.7398620741189683,0.25396825396825395,8.0,34182.718048529896
SOXL,SMH,PB_RSI5_R10_H40_TS16,2015-12-11,2020-12-11,5,0.39170378012547613,1.1250236469324513,-0.3766625958772475,1.0399327791314072,0.2753968253968254,8.5,52207.636701811185
SOXL,SMH,PB_RSI5_R10_H40_TS16,2016-03-11,2021-03-11,5,0.3625598215559478,0.9975939243060821,-0.3766625958772475,0.9625586015822614,0.30659253375694995,9.5,46907.764452291776
SOXL,SMH,PB_RSI5_R10_H40_TS16,2016-06-11,2021-06-11,5,0.42040106890100115,1.0741322482773434,-0.3766625958772475,1.1161210948538351,0.3177124702144559,10.0,57736.45924341106
SOXL,SMH,PB_RSI5_R10_H40_TS16,2016-09-11,2021-09-11,5,0.35408396564776234,0.9594975157625764,-0.3766625958772477,0.9400560860658338,0.3177124702144559,10.0,45467.970966631765
SOXL,SMH,PB_RSI5_R10_H40_TS16,2016-12-11,2021-12-11,5,0.4555748760407734,1.1346442410039568,-0.37666259587724793,1.209503892946255,0.3161239078633836,9.5,65241.77853307752
SOXL,SMH,PB_RSI5_R10_H40_TS16,2017-03-11,2022-03-11,5,0.38206594261406646,1.020625422470066,-0.3766625958772478,1.0143453233635642,0.2857142857142857,9.0,50424.758310568104
SOXL,SMH,PB_RSI5_R10_H40_TS16,2017-06-11,2022-06-11,5,0.3238398003899954,0.9342246088578472,-0.35905934890879554,0.9019116237306322,0.25793650793650796,8.5,40660.91698860699
SOXL,SMH,PB_RSI5_R10_H40_TS16,2017-09-11,2022-09-11,5,0.3227908656869376,0.9382770374708699,-0.35905934890879576,0.8989902829933815,0.2541699761715647,8.0,40455.15119590664
SOXL,SMH,PB_RSI5_R10_H40_TS16,2017-12-11,2022-12-11,5,0.3227908656869376,0.9382770374708699,-0.35905934890879576,0.8989902829933815,0.2541699761715647,8.0,40455.15119590664
SOXL,SMH,PB_RSI5_R10_H40_TS16,2018-03-11,2023-03-11,5,0.3227908656869376,0.9382770374708699,-0.35905934890879576,0.8989902829933815,0.2541699761715647,8.0,40455.15119590664
SOXL,SMH,PB_RSI5_R10_H40_TS16,2018-06-11,2023-06-11,5,0.4537909549334016,1.1189217364619635,-0.35905934890879576,1.26383272378926,0.27720413026211277,8.5,64843.27827561424
SOXL,SMH,PB_RSI5_R10_H40_TS16,2018-09-11,2023-09-11,5,0.44650066466534133,1.1001685179517702,-0.35905934890879554,1.2435288651368794,0.2766295707472178,8.5,63142.361102171904
SOXL,SMH,PB_RSI5_R10_H40_TS16,2018-12-11,2023-12-11,5,0.5316752213894667,1.26320632702003,-0.35905934890879565,1.4807446819175205,0.2541699761715647,8.0,84158.62760632177
SOXL,SMH,PB_RSI5_R10_H40_TS16,2019-03-11,2024-03-11,5,0.739537179909733,1.4919231556329906,-0.35905934890879565,2.059651648556802,0.2857142857142857,9.0,159282.68861748735
SOXL,SMH,PB_RSI5_R10_H40_TS16,2019-06-11,2024-06-11,5,0.7936066584079091,1.56870073908471,-0.35905934890879576,2.21023811472875,0.27936507936507937,8.5,185624.8165386715
SOXL,SMH,PB_RSI5_R10_H40_TS16,2019-09-11,2024-09-11,5,0.775720318971693,1.532820952559821,-0.35905934890879576,2.160423677392488,0.28594122319301035,9.0,176150.240078484
SOXL,SMH,PB_RSI5_R10_H40_TS16,2019-12-11,2024-12-11,5,0.7450676874246096,1.4780576910366674,-0.359059348908796,2.07505441562493,0.2779984114376489,8.5,161473.70577717808
SOXL,SMH,PB_RSI5_R10_H40_TS16,2020-03-11,2025-03-11,5,0.6736537666630544,1.4082911884013576,-0.35905934890879576,1.8761627254946325,0.2545743834526651,8.0,130516.49740328382
SOXL,SMH,PB_RSI5_R10_H40_TS16,2020-06-11,2025-06-11,5,0.7409829159463825,1.4802650284852918,-0.35905934890879576,2.0636781027935265,0.26332537788385046,8.5,158893.4321317435
SOXL,SMH,PB_RSI5_R10_H40_TS16,2020-09-11,2025-09-11,5,0.8028797271585477,1.5376071911418967,-0.35905934890879576,2.2360641203147904,0.28662420382165604,9.0,188699.52713291819
SOXL,SMH,PB_RSI5_R10_H40_TS16,2020-12-11,2025-12-11,5,0.6626884139918601,1.3950524660313657,-0.35905934890879543,1.845623616279072,0.2659235668789809,8.5,126051.90636824755
SOXL,SMH,PB_RSI5_R10_H40_TS16,2021-03-11,2026-03-11,5,0.8368045491136291,1.6089850330224709,-0.2711647690173763,3.08596338730127,0.26671974522292996,8.5,207072.89547355875
SOXL,SMH,PB_RSI5_R10_H40_TS16,2021-06-11,2026-06-11,5,1.4156392369715687,2.0302621228351425,-0.2711647690173762,5.220586885609962,0.28662420382165604,9.0,811111.3932630684
SOXL,SMH,PB_RSI5_R10_H40_TS12,2010-03-11,2013-03-11,3,-0.022678628871971585,0.1264881607671506,-0.3866697389007214,-0.058651160384170606,0.26490066225165565,5.0,9335.80390567465
SOXL,SMH,PB_RSI5_R10_H40_TS12,2010-06-11,2013-06-11,3,0.1674979934345897,0.6271486599923104,-0.3866697389007221,0.43318102396835095,0.2913907284768212,5.5,15903.823196522893
SOXL,SMH,PB_RSI5_R10_H40_TS12,2010-09-11,2013-09-11,3,0.107776073868322,0.4895212908456952,-0.38666973890072165,0.2787290108988688,0.31788079470198677,6.0,13588.751161056447
SOXL,SMH,PB_RSI5_R10_H40_TS12,2010-12-11,2013-12-11,3,0.025453077890360554,0.23382492705084745,-0.38666973890072176,0.06582640255925402,0.2993377483443709,5.5,10782.117547338432
SOXL,SMH,PB_RSI5_R10_H40_TS12,2011-03-11,2014-03-11,3,-0.011241844226255404,0.1035754455297544,-0.35677889129646,-0.031509275073435226,0.26525198938992045,5.0,9667.389217687618
SOXL,SMH,PB_RSI5_R10_H40_TS12,2011-06-11,2014-06-11,3,0.04417402840476581,0.29980430374589767,-0.29903310284099316,0.1477228707627555,0.21220159151193635,4.0,11380.718189284358
SOXL,SMH,PB_RSI5_R10_H40_TS12,2011-09-11,2014-09-11,3,0.044114247806853024,0.2996056212922993,-0.29903310284099316,0.1475229577854134,0.2119205298013245,4.0,11380.718189284358
SOXL,SMH,PB_RSI5_R10_H40_TS12,2011-12-11,2014-12-11,3,-0.018894806695113897,0.09193396259380131,-0.5223279082034357,-0.036174223889554775,0.2596026490066225,6.0,9444.513646131261
SOXL,SMH,PB_RSI5_R10_H40_TS12,2012-03-11,2015-03-11,3,-0.006366055624073441,0.14861563343659154,-0.5223279082034357,-0.012187852734060685,0.3129973474801061,6.5,9810.728802867123
SOXL,SMH,PB_RSI5_R10_H40_TS12,2012-06-11,2015-06-11,3,0.04270715856364893,0.2969490601707387,-0.5223279082034356,0.08176311832645826,0.3125827814569536,7.0,11334.829520545492
SOXL,SMH,PB_RSI5_R10_H40_TS12,2012-09-11,2015-09-11,3,0.04270715856364893,0.2969490601707387,-0.5223279082034356,0.08176311832645826,0.3125827814569536,7.0,11334.829520545492
SOXL,SMH,PB_RSI5_R10_H40_TS12,2012-12-11,2015-12-11,3,0.042591956480807935,0.29655639276672646,-0.5223279082034356,0.0815425632287281,0.31175693527080584,7.0,11334.829520545492
SOXL,SMH,PB_RSI5_R10_H40_TS12,2013-03-11,2016-03-11,3,-0.03056653739567583,0.06674690394377529,-0.5223279082034356,-0.058519824262905015,0.25857519788918204,6.0,9108.503289675567
SOXL,SMH,PB_RSI5_R10_H40_TS12,2013-06-11,2016-06-11,3,-0.10143028180879599,-0.20883703548379426,-0.5223279082034356,-0.19418889976158626,0.20607661822985468,5.0,7252.220798317334
SOXL,SMH,PB_RSI5_R10_H40_TS12,2013-09-11,2016-09-11,3,0.025723552918150094,0.24123978085020578,-0.4199184310354135,0.061258451682442865,0.20634920634920634,5.0,10791.727835838334
SOXL,SMH,PB_RSI5_R10_H40_TS12,2013-12-11,2016-12-11,3,0.02818211887335864,0.2553386101434522,-0.4199184310354135,0.06711331723132183,0.2619047619047619,6.5,10869.51435228335
SOXL,SMH,PB_RSI5_R10_H40_TS12,2014-03-11,2017-03-11,3,0.12020840139235611,0.49924649419040856,-0.4199184310354135,0.2862660757613148,0.31175693527080584,7.0,14063.457553254226
SOXL,SMH,PB_RSI5_R10_H40_TS12,2014-06-11,2017-06-11,3,0.20370367865543448,0.6765736237102628,-0.4199184310354135,0.48510297143460057,0.3584656084656085,7.5,17440.493246438076
SOXL,SMH,PB_RSI5_R10_H40_TS12,2014-09-11,2017-09-11,3,0.20574101541578238,0.6760163978113947,-0.4199184310354135,0.4899547155110021,0.36507936507936506,8.0,17529.20029144603
SOXL,SMH,PB_RSI5_R10_H40_TS12,2014-12-11,2017-12-11,3,0.28307110527098467,0.8866072075286392,-0.2997381794978038,0.9443945570939812,0.31746031746031744,6.0,21122.83343273978
SOXL,SMH,PB_RSI5_R10_H40_TS12,2015-03-11,2018-03-11,3,0.26690339716754274,0.8885961474919988,-0.2997381794978041,0.8904551219158188,0.26455026455026454,5.0,20334.35972077501
SOXL,SMH,PB_RSI5_R10_H40_TS12,2015-06-11,2018-06-11,3,0.3044870456934796,1.0692003627270288,-0.21303563660350988,1.4292775168887544,0.21164021164021163,4.0,22198.27932964547
SOXL,SMH,PB_RSI5_R10_H40_TS12,2015-09-11,2018-09-11,3,0.29542576094607775,1.0218276448001669,-0.21303563660350988,1.3867433902427686,0.22883597883597884,4.5,21738.901145721753
SOXL,SMH,PB_RSI5_R10_H40_TS12,2015-12-11,2018-12-11,3,0.16087893684562338,0.6327150996332279,-0.4189952087373421,0.3839636671035885,0.2609271523178808,7.0,15635.209437447238
SOXL,SMH,PB_RSI5_R10_H40_TS12,2016-03-11,2019-03-11,3,0.16110863719043067,0.633135199934671,-0.4189952087373421,0.3845118842192436,0.2612732095490716,7.0,15635.209437447238
SOXL,SMH,PB_RSI5_R10_H40_TS12,2016-06-11,2019-06-11,3,0.27241955192853684,0.8535228902096863,-0.4189952087373421,0.6501734297857091,0.31432360742705573,8.0,20561.774976634922
SOXL,SMH,PB_RSI5_R10_H40_TS12,2016-09-11,2019-09-11,3,0.14608227940210838,0.5859650454099697,-0.4189952087373423,0.3486490450388032,0.2609271523178808,7.0,15045.700392114279
SOXL,SMH,PB_RSI5_R10_H40_TS12,2016-12-11,2019-12-11,3,0.2437767110707314,0.8204051634369662,-0.41899520873734264,0.58181264603326,0.2728476821192053,7.0,19224.333858169426
SOXL,SMH,PB_RSI5_R10_H40_TS12,2017-03-11,2020-03-11,3,0.2065519657264303,0.7237085641853118,-0.41899520873734253,0.4929697557852326,0.2609271523178808,7.0,17551.510542493485
SOXL,SMH,PB_RSI5_R10_H40_TS12,2017-06-11,2020-06-11,3,0.12274883788561142,0.5321749492215325,-0.37305235635908496,0.32903917048967357,0.21428571428571427,6.5,14152.978360303174
SOXL,SMH,PB_RSI5_R10_H40_TS12,2017-09-11,2020-09-11,3,0.12068281983224138,0.5328070479650163,-0.37305235635908485,0.32350102545948556,0.2073976221928666,6.0,14081.356787868026
SOXL,SMH,PB_RSI5_R10_H40_TS12,2017-12-11,2020-12-11,3,0.2903599402962811,0.9201932668134992,-0.37305235635908485,0.778335628623647,0.2430647291941876,6.5,21506.60922884726
SOXL,SMH,PB_RSI5_R10_H40_TS12,2018-03-11,2021-03-11,3,0.19832111520397144,0.6580843726468937,-0.38822780578197114,0.5108369680129213,0.291005291005291,10.0,17207.573601039316
SOXL,SMH,PB_RSI5_R10_H40_TS12,2018-06-11,2021-06-11,3,0.2833910331716034,0.8035422402971838,-0.4184474997513099,0.6772439394189887,0.309114927344782,11.0,21159.57780008299
SOXL,SMH,PB_RSI5_R10_H40_TS12,2018-09-11,2021-09-11,3,0.30417300676341363,0.8250072690161022,-0.41844749975131,0.7269084101211943,0.34656084656084657,11.5,22182.25131502431
SOXL,SMH,PB_RSI5_R10_H40_TS12,2018-12-11,2021-12-11,3,0.6706816426184592,1.3632045000664812,-0.4184474997513098,1.6027856374265739,0.36591809775429324,10.0,46726.752714738665
SOXL,SMH,PB_RSI5_R10_H40_TS12,2019-03-11,2022-03-11,3,0.6684237578736294,1.3613940349718205,-0.4184474997513098,1.5973897759477225,0.36495388669301715,10.0,46726.752714738665
SOXL,SMH,PB_RSI5_R10_H40_TS12,2019-06-11,2022-06-11,3,0.5242351390921718,1.2162791864891682,-0.41844749975131,1.2528098253753053,0.31266490765171506,9.0,35531.103995493235
SOXL,SMH,PB_RSI5_R10_H40_TS12,2019-09-11,2022-09-11,3,0.5259357008907519,1.2178964158151737,-0.41844749975131,1.2568738042486187,0.3134920634920635,9.0,35531.103995493235
SOXL,SMH,PB_RSI5_R10_H40_TS12,2019-12-11,2022-12-11,3,0.42466896496082884,1.1082825060511934,-0.4184474997513101,1.0148679708045005,0.24735449735449735,7.5,28916.24469356916
SOXL,SMH,PB_RSI5_R10_H40_TS12,2020-03-11,2023-03-11,3,0.32709444022336176,0.9590800304143222,-0.41844749975131,0.7816857321832708,0.20767195767195767,7.0,23372.517260914577
SOXL,SMH,PB_RSI5_R10_H40_TS12,2020-06-11,2023-06-11,3,0.5540039492885893,1.248207110079354,-0.41844749975131,1.3239509128811682,0.24635761589403973,7.5,37462.488606504805
SOXL,SMH,PB_RSI5_R10_H40_TS12,2020-09-11,2023-09-11,3,0.5547462834238728,1.227876394703321,-0.41844749975131,1.3257249326464307,0.2612732095490716,8.0,37450.487433659146
SOXL,SMH,PB_RSI5_R10_H40_TS12,2020-12-11,2023-12-11,3,0.3586183311786364,0.957474956102433,-0.4184474997513099,0.8570210872134952,0.22679045092838196,7.5,25017.04910000975
SOXL,SMH,PB_RSI5_R10_H40_TS12,2021-03-11,2024-03-11,3,0.7975299176381871,1.6251123947259536,-0.2393386826308027,3.332223228070637,0.2304635761589404,5.0,57945.23955636163
SOXL,SMH,PB_RSI5_R10_H40_TS12,2021-06-11,2024-06-11,3,0.935273630891315,1.7984390597624997,-0.23933868263080282,3.9077412000885876,0.2543046357615894,4.5,72291.83870074298
SOXL,SMH,PB_RSI5_R10_H40_TS12,2021-09-11,2024-09-11,3,0.8571866038751945,1.7492132420136783,-0.20438745409664572,4.193929650250789,0.21220159151193635,4.0,63743.05192191692
SOXL,SMH,PB_RSI5_R10_H40_TS12,2021-12-11,2024-12-11,3,0.7087367643804035,1.497564297771514,-0.25018535923695373,2.832846680325326,0.21220159151193635,4.0,49679.68832452626
SOXL,SMH,PB_RSI5_R10_H40_TS12,2022-03-11,2025-03-11,3,0.7111732423032204,1.4995721642181983,-0.25018535923695373,2.842585371391214,0.2127659574468085,4.0,49679.68832452626
SOXL,SMH,PB_RSI5_R10_H40_TS12,2022-06-11,2025-06-11,3,0.8277872747195254,1.6185993269186756,-0.25018535923695373,3.308695909481728,0.22739361702127658,4.5,60481.060572199145
SOXL,SMH,PB_RSI5_R10_H40_TS12,2022-09-11,2025-09-11,3,0.9344844884695993,1.707880436187172,-0.25018535923695373,3.7351685619002875,0.2656042496679947,5.0,71826.42716791907
SOXL,SMH,PB_RSI5_R10_H40_TS12,2022-12-11,2025-12-11,3,0.9344844884695993,1.707880436187172,-0.25018535923695373,3.7351685619002875,0.2656042496679947,5.0,71826.42716791907
SOXL,SMH,PB_RSI5_R10_H40_TS12,2023-03-11,2026-03-11,3,1.238589976698187,1.8573051512777736,-0.2711647690173762,4.567665560634901,0.3191489361702128,6.0,110756.31886482512
SOXL,SMH,PB_RSI5_R10_H40_TS12,2023-06-11,2026-06-11,3,2.207184067993216,2.356025292475629,-0.2711647690173763,8.139641724075812,0.3333333333333333,6.5,325346.67539277143
SOXL,SMH,PB_RSI5_R10_H40_TS12,2010-03-11,2015-03-11,5,-0.014781911037207163,0.1408444736641957,-0.5223279082034353,-0.028300059799695656,0.28276409849086576,10.0,9282.982898868075
SOXL,SMH,PB_RSI5_R10_H40_TS12,2010-06-11,2015-06-11,5,0.02897389321521926,0.2565019807475393,-0.5223279082034353,0.05547069716201065,0.29864972200158857,10.5,11533.803735858497
SOXL,SMH,PB_RSI5_R10_H40_TS12,2010-09-11,2015-09-11,5,0.014213371412080011,0.20507406430774072,-0.5223279082034353,0.027211587182785976,0.28276409849086576,10.0,10730.558764285197
SOXL,SMH,PB_RSI5_R10_H40_TS12,2010-12-11,2015-12-11,5,-0.03168139997358366,0.054918153193564724,-0.5223279082034356,-0.06065423554056857,0.2716441620333598,9.5,8514.258931808326
SOXL,SMH,PB_RSI5_R10_H40_TS12,2011-03-11,2016-03-11,5,-0.05260350536581326,-0.022612300012473708,-0.5223279082034353,-0.10070973528246809,0.2509928514694202,9.0,7633.997184002391
SOXL,SMH,PB_RSI5_R10_H40_TS12,2011-06-11,2016-06-11,5,-0.02116893834497191,0.0695001701054095,-0.5223279082034357,-0.040528062951457416,0.21939586645468998,8.0,8986.952801068954
SOXL,SMH,PB_RSI5_R10_H40_TS12,2011-09-11,2016-09-11,5,0.042030695795940654,0.2906136405264422,-0.5223279082034357,0.08046802618781493,0.25119236883942764,9.0,12281.761327513166
SOXL,SMH,PB_RSI5_R10_H40_TS12,2011-12-11,2016-12-11,5,0.04353095288708775,0.2963810650277385,-0.5223279082034357,0.08334027763673191,0.2845786963434022,10.5,12370.287969771856
SOXL,SMH,PB_RSI5_R10_H40_TS12,2012-03-11,2017-03-11,5,0.09879659092675364,0.450654213824552,-0.5223279082034357,0.1891466823332642,0.314785373608903,10.5,16005.224718054882
SOXL,SMH,PB_RSI5_R10_H40_TS12,2012-06-11,2017-06-11,5,0.2018019706677776,0.7130453027227227,-0.5223279082034356,0.38635111679535233,0.3108108108108108,10.5,25034.041309857366
SOXL,SMH,PB_RSI5_R10_H40_TS12,2012-09-11,2017-09-11,5,0.20302396932221844,0.711020731975093,-0.5223279082034356,0.38869064075194876,0.314785373608903,11.0,25161.37118509803
SOXL,SMH,PB_RSI5_R10_H40_TS12,2012-12-11,2017-12-11,5,0.20267106081090835,0.71045507452474,-0.5223279082034356,0.3880149952316396,0.3142857142857143,11.0,25161.37118509803
SOXL,SMH,PB_RSI5_R10_H40_TS12,2013-03-11,2018-03-11,5,0.15120658808587484,0.5922578933144637,-0.5223279082034356,0.28948594496119306,0.28253968253968254,10.0,20219.310029921293
SOXL,SMH,PB_RSI5_R10_H40_TS12,2013-06-11,2018-06-11,5,0.0999123185702564,0.4610626558545611,-0.5223279082034356,0.19128274978434176,0.2507936507936508,9.0,16098.682304131264
SOXL,SMH,PB_RSI5_R10_H40_TS12,2013-09-11,2018-09-11,5,0.11413053165945208,0.5065122364608852,-0.4199184310354135,0.27179214634145693,0.22936507936507936,8.5,17166.445499692167
SOXL,SMH,PB_RSI5_R10_H40_TS12,2013-12-11,2018-12-11,5,0.04309494711041473,0.2960874586291184,-0.4199184310354135,0.10262694829601407,0.24861000794281177,11.0,12346.574874463346
SOXL,SMH,PB_RSI5_R10_H40_TS12,2014-03-11,2019-03-11,5,0.04309494711041473,0.29608745862911845,-0.4199184310354135,0.10262694829601407,0.24861000794281177,11.0,12346.574874463346
SOXL,SMH,PB_RSI5_R10_H40_TS12,2014-06-11,2019-06-11,5,0.10187953851895348,0.45647281582040233,-0.4199184310354135,0.24261744898347068,0.28038125496425736,12.0,16236.910373126335
SOXL,SMH,PB_RSI5_R10_H40_TS12,2014-09-11,2019-09-11,5,0.10187953851895348,0.45647281582040233,-0.4199184310354135,0.24261744898347068,0.28038125496425736,12.0,16236.910373126335
SOXL,SMH,PB_RSI5_R10_H40_TS12,2014-12-11,2019-12-11,5,0.20302322525331773,0.7121083090507753,-0.4189952087373423,0.48454784450909544,0.29229547259729943,11.5,25179.755651049887
SOXL,SMH,PB_RSI5_R10_H40_TS12,2015-03-11,2020-03-11,5,0.23417004402206265,0.7870764458073415,-0.4189952087373421,0.5588847775318074,0.2833333333333333,11.0,28633.537428108524
SOXL,SMH,PB_RSI5_R10_H40_TS12,2015-06-11,2020-06-11,5,0.25600903339665493,0.8721280685844961,-0.4189952087373421,0.6110070665680112,0.2515873015873016,10.0,31258.189131749386
SOXL,SMH,PB_RSI5_R10_H40_TS12,2015-09-11,2020-09-11,5,0.25600903339665493,0.8721280685844961,-0.4189952087373421,0.6110070665680112,0.2515873015873016,10.0,31258.189131749386
SOXL,SMH,PB_RSI5_R10_H40_TS12,2015-12-11,2020-12-11,5,0.3670306477701286,1.0797756117849306,-0.4189952087373421,0.87597814990818,0.273015873015873,10.5,47740.971909548294
SOXL,SMH,PB_RSI5_R10_H40_TS12,2016-03-11,2021-03-11,5,0.307676291910965,0.9005110286866773,-0.4189952087373421,0.7343193561524466,0.3018268467037331,14.0,38197.85253813039
SOXL,SMH,PB_RSI5_R10_H40_TS12,2016-06-11,2021-06-11,5,0.3629250877157131,0.9814689928686123,-0.4189952087373421,0.8661795651778491,0.3129467831612391,15.0,46970.621850360716
SOXL,SMH,PB_RSI5_R10_H40_TS12,2016-09-11,2021-09-11,5,0.2992914804568798,0.8644177586096624,-0.4189952087373423,0.714307644134657,0.3129467831612391,15.0,36989.77905058421
SOXL,SMH,PB_RSI5_R10_H40_TS12,2016-12-11,2021-12-11,5,0.39667560032153726,1.042987627004406,-0.41899520873734264,0.9467306356961305,0.3113582208101668,14.5,53076.460671111905
SOXL,SMH,PB_RSI5_R10_H40_TS12,2017-03-11,2022-03-11,5,0.32618465259978335,0.9253247979946131,-0.41899520873734253,0.7784925598141152,0.28095238095238095,14.0,41022.29831095536
SOXL,SMH,PB_RSI5_R10_H40_TS12,2017-06-11,2022-06-11,5,0.2703127771582954,0.8336670993021084,-0.4184474997513101,0.6459897055638915,0.25317460317460316,13.5,33079.073101953625
SOXL,SMH,PB_RSI5_R10_H40_TS12,2017-09-11,2022-09-11,5,0.26926464371139414,0.8367560770275814,-0.4184474997513099,0.6434848908678448,0.2494042891183479,13.0,32911.67545815424
SOXL,SMH,PB_RSI5_R10_H40_TS12,2017-12-11,2022-12-11,5,0.26926464371139414,0.8367560770275814,-0.4184474997513099,0.6434848908678448,0.2494042891183479,13.0,32911.67545815424
SOXL,SMH,PB_RSI5_R10_H40_TS12,2018-03-11,2023-03-11,5,0.26926464371139414,0.8367560770275813,-0.4184474997513099,0.6434848908678448,0.2494042891183479,13.0,32911.67545815424
SOXL,SMH,PB_RSI5_R10_H40_TS12,2018-06-11,2023-06-11,5,0.39496386489344126,1.028015895501111,-0.4184474997513099,0.9438791368766085,0.27243844320889593,13.5,52752.26682296352
SOXL,SMH,PB_RSI5_R10_H40_TS12,2018-09-11,2023-09-11,5,0.387923000589099,1.0095829292370655,-0.41844749975131,0.9270529775411439,0.2718600953895072,13.5,51368.51142127321
SOXL,SMH,PB_RSI5_R10_H40_TS12,2018-12-11,2023-12-11,5,0.4962439522513262,1.213323557079264,-0.4184474997513098,1.1859168773770954,0.25178713264495634,11.0,74871.68137791514
SOXL,SMH,PB_RSI5_R10_H40_TS12,2019-03-11,2024-03-11,5,0.6993291364610381,1.446917981220353,-0.4184474997513098,1.6712470187458663,0.2833333333333333,12.0,141705.76505801233
SOXL,SMH,PB_RSI5_R10_H40_TS12,2019-06-11,2024-06-11,5,0.7521488411884603,1.5241637864027344,-0.41844749975131,1.7974748125761875,0.276984126984127,11.5,165141.02611950604
SOXL,SMH,PB_RSI5_R10_H40_TS12,2019-09-11,2024-09-11,5,0.7346437097421752,1.4883120719543328,-0.41844749975131,1.7556412935404933,0.2835583796664019,12.0,156711.97386313864
SOXL,SMH,PB_RSI5_R10_H40_TS12,2019-12-11,2024-12-11,5,0.7047001460333442,1.4335425032414637,-0.4184474997513101,1.684082582527458,0.2756155679110405,11.5,143655.00238922512
SOXL,SMH,PB_RSI5_R10_H40_TS12,2020-03-11,2025-03-11,5,0.6348773173175624,1.3622532393643092,-0.41844749975131,1.5172209600843116,0.25218774860779636,11.0,116113.93728818475
SOXL,SMH,PB_RSI5_R10_H40_TS12,2020-06-11,2025-06-11,5,0.7006465350316116,1.4354407866943413,-0.41844749975131,1.674395319479784,0.2609387430389817,11.5,141359.46321821457
SOXL,SMH,PB_RSI5_R10_H40_TS12,2020-09-11,2025-09-11,5,0.7610764069499873,1.493847311955991,-0.41844749975131,1.8188097847455347,0.28423566878980894,12.0,167876.44087720127
SOXL,SMH,PB_RSI5_R10_H40_TS12,2020-12-11,2025-12-11,5,0.6241357057162447,1.348792056238387,-0.4184474997513099,1.4915508064624083,0.2635350318471338,11.5,112142.01608455506
SOXL,SMH,PB_RSI5_R10_H40_TS12,2021-03-11,2026-03-11,5,0.8448335154712951,1.619462546782788,-0.2711647690173762,3.1155725669405023,0.2659235668789809,9.0,211623.72626304574
SOXL,SMH,PB_RSI5_R10_H40_TS12,2021-06-11,2026-06-11,5,1.4156392369715687,2.0302621228351425,-0.2711647690173762,5.220586885609962,0.28662420382165604,9.0,811111.3932630684
SOXL,SMH,PB_RSI5_R10_H40_TS8,2010-03-11,2013-03-11,3,-0.16815635156279274,-0.3803768797766585,-0.5371135835750336,-0.31307409960392796,0.2503311258278146,10.0,5760.264283485923
SOXL,SMH,PB_RSI5_R10_H40_TS8,2010-06-11,2013-06-11,3,0.12182660516730381,0.5249987480604215,-0.3866697389007221,0.31506630312899386,0.2847682119205298,6.5,14111.691982246988
SOXL,SMH,PB_RSI5_R10_H40_TS8,2010-09-11,2013-09-11,3,0.107776073868322,0.4895212908456952,-0.38666973890072165,0.2787290108988688,0.31788079470198677,6.0,13588.751161056447
SOXL,SMH,PB_RSI5_R10_H40_TS8,2010-12-11,2013-12-11,3,0.025453077890360554,0.23382492705084745,-0.38666973890072176,0.06582640255925402,0.2993377483443709,5.5,10782.117547338432
SOXL,SMH,PB_RSI5_R10_H40_TS8,2011-03-11,2014-03-11,3,-0.011241844226255404,0.1035754455297544,-0.35677889129646,-0.031509275073435226,0.26525198938992045,5.0,9667.389217687618
SOXL,SMH,PB_RSI5_R10_H40_TS8,2011-06-11,2014-06-11,3,0.04417402840476581,0.29980430374589767,-0.29903310284099316,0.1477228707627555,0.21220159151193635,4.0,11380.718189284358
SOXL,SMH,PB_RSI5_R10_H40_TS8,2011-09-11,2014-09-11,3,0.044114247806853024,0.2996056212922993,-0.29903310284099316,0.1475229577854134,0.2119205298013245,4.0,11380.718189284358
SOXL,SMH,PB_RSI5_R10_H40_TS8,2011-12-11,2014-12-11,3,-0.06517069391448171,-0.07921702356534768,-0.5174471834661883,-0.1259465622712007,0.2543046357615894,7.0,8171.7128560861465
SOXL,SMH,PB_RSI5_R10_H40_TS8,2012-03-11,2015-03-11,3,-0.05329355385867218,-0.006687416793692349,-0.5196683538286155,-0.1025530099457397,0.3076923076923077,7.5,8488.57460424169
SOXL,SMH,PB_RSI5_R10_H40_TS8,2012-06-11,2015-06-11,3,-0.0064743147399215495,0.15069620984378376,-0.5196683538286151,-0.012458551097488528,0.3072847682119205,8.0,9807.278128347909
SOXL,SMH,PB_RSI5_R10_H40_TS8,2012-09-11,2015-09-11,3,-0.0064743147399215495,0.15069620984378376,-0.5196683538286151,-0.012458551097488528,0.3072847682119205,8.0,9807.278128347909
SOXL,SMH,PB_RSI5_R10_H40_TS8,2012-12-11,2015-12-11,3,-0.006457264894850989,0.1504969899772741,-0.5196683538286151,-0.01242574200887471,0.30647291941875826,8.0,9807.278128347909
SOXL,SMH,PB_RSI5_R10_H40_TS8,2013-03-11,2016-03-11,3,-0.07611525159944954,-0.09543609371731213,-0.5196683538286153,-0.14646889894040396,0.2532981530343008,7.0,7880.985323414124
SOXL,SMH,PB_RSI5_R10_H40_TS8,2013-06-11,2016-06-11,3,-0.14370391029312946,-0.39500155871222203,-0.5196683538286149,-0.2765300392729371,0.20079260237780713,6.0,6274.866886031867
SOXL,SMH,PB_RSI5_R10_H40_TS8,2013-09-11,2016-09-11,3,-0.04474100377179835,0.0013192379188514457,-0.4769367965094521,-0.09380908350801082,0.19973544973544974,7.0,8716.927003039173
SOXL,SMH,PB_RSI5_R10_H40_TS8,2013-12-11,2016-12-11,3,-0.04245133494255893,0.03697232595003718,-0.4769367965094521,-0.08900830309853774,0.2552910052910053,8.5,8779.758404644776
SOXL,SMH,PB_RSI5_R10_H40_TS8,2014-03-11,2017-03-11,3,0.043351068213696387,0.2996747588277878,-0.4769367965094521,0.09089478633430885,0.3051519154557464,9.0,11359.639046394996
SOXL,SMH,PB_RSI5_R10_H40_TS8,2014-06-11,2017-06-11,3,0.12101234738863265,0.4964467488244854,-0.4769367965094521,0.25372826813591093,0.35185185185185186,9.5,14087.411102171141
SOXL,SMH,PB_RSI5_R10_H40_TS8,2014-09-11,2017-09-11,3,0.1229097243798618,0.49886708918209643,-0.4769367965094521,0.25770652480454176,0.3584656084656085,10.0,14159.063468479137
SOXL,SMH,PB_RSI5_R10_H40_TS8,2014-12-11,2017-12-11,3,0.2539985474092019,0.8246550302802638,-0.3216656568424069,0.7896352688146717,0.31613756613756616,7.0,19719.282113411242
SOXL,SMH,PB_RSI5_R10_H40_TS8,2015-03-11,2018-03-11,3,0.23819717646930338,0.8224357635293864,-0.321665656842407,0.7405116816247588,0.26322751322751325,6.0,18983.200204004945
SOXL,SMH,PB_RSI5_R10_H40_TS8,2015-06-11,2018-06-11,3,0.27492923322301666,0.99635107006658,-0.2310296224965641,1.1900172378418936,0.21031746031746032,5.0,20723.26773429503
SOXL,SMH,PB_RSI5_R10_H40_TS8,2015-09-11,2018-09-11,3,0.266073264240297,0.9505557636112494,-0.2310296224965641,1.1516846253958366,0.2275132275132275,5.5,20294.413904888886
SOXL,SMH,PB_RSI5_R10_H40_TS8,2015-12-11,2018-12-11,3,0.20314834935309856,0.7605393420781046,-0.3072510174205888,0.6611803959464632,0.2543046357615894,6.0,17403.58873094491
SOXL,SMH,PB_RSI5_R10_H40_TS8,2016-03-11,2019-03-11,3,0.2034434947737036,0.7610446697847795,-0.3072510174205888,0.6621409962500288,0.2546419098143236,6.0,17403.58873094491
SOXL,SMH,PB_RSI5_R10_H40_TS8,2016-06-11,2019-06-11,3,0.3188128856715462,0.9691213076433842,-0.3072510174205888,1.0376300405708034,0.3076923076923077,7.0,22887.36052454278
SOXL,SMH,PB_RSI5_R10_H40_TS8,2016-09-11,2019-09-11,3,0.21538793496233666,0.7781644763486243,-0.307251017420588,0.7010161813963911,0.2556291390728477,5.0,17939.428031532196
SOXL,SMH,PB_RSI5_R10_H40_TS8,2016-12-11,2019-12-11,3,0.31899012452327247,1.0101702075151446,-0.30725101742058836,1.0382068941585139,0.2675496688741722,5.0,22921.73476241308
SOXL,SMH,PB_RSI5_R10_H40_TS8,2017-03-11,2020-03-11,3,0.2795143319151614,0.9071969956730795,-0.30725101742058825,0.9097263021672641,0.2556291390728477,5.0,20927.178663398518
SOXL,SMH,PB_RSI5_R10_H40_TS8,2017-06-11,2020-06-11,3,0.19055101188075851,0.7336649377416107,-0.25247201263361063,0.7547411290980899,0.20899470899470898,4.5,16875.009478426324
SOXL,SMH,PB_RSI5_R10_H40_TS8,2017-09-11,2020-09-11,3,0.18826818287776792,0.7409855979131311,-0.2524720126336105,0.745699219940803,0.202113606340819,4.0,16789.61298569284
SOXL,SMH,PB_RSI5_R10_H40_TS8,2017-12-11,2020-12-11,3,0.3681780735638034,1.1088347285112696,-0.2524720126336105,1.4582926231039575,0.23778071334214002,4.5,25642.958347449523
SOXL,SMH,PB_RSI5_R10_H40_TS8,2018-03-11,2021-03-11,3,0.35087700274086986,0.9786926040331124,-0.26494245409812245,1.3243517500253894,0.28174603174603174,6.0,24651.73128152159
SOXL,SMH,PB_RSI5_R10_H40_TS8,2018-06-11,2021-06-11,3,0.3336498881310048,0.9308066972491909,-0.3784415432926298,0.8816418124397356,0.2906208718626156,9.0,23747.707788372776
SOXL,SMH,PB_RSI5_R10_H40_TS8,2018-09-11,2021-09-11,3,0.3553145683257508,0.9454444951397664,-0.41736189798841716,0.8513344654561918,0.328042328042328,9.5,24895.469432068734
SOXL,SMH,PB_RSI5_R10_H40_TS8,2018-12-11,2021-12-11,3,0.612174220752504,1.3292503334067953,-0.4173618979884174,1.4667707418981812,0.35006605019815057,12.0,41981.59942562577
SOXL,SMH,PB_RSI5_R10_H40_TS8,2019-03-11,2022-03-11,3,0.6101466479325679,1.327485597155448,-0.4173618979884174,1.4619126730861778,0.34914361001317523,12.0,41981.59942562577
SOXL,SMH,PB_RSI5_R10_H40_TS8,2019-06-11,2022-06-11,3,0.4709254615487444,1.1768253585483452,-0.4173618979884174,1.128338412822278,0.29683377308707126,11.0,31922.881185333215
SOXL,SMH,PB_RSI5_R10_H40_TS8,2019-09-11,2022-09-11,3,0.4724278632958834,1.1783895439568277,-0.4173618979884174,1.131938170620918,0.2976190476190476,11.0,31922.881185333215
SOXL,SMH,PB_RSI5_R10_H40_TS8,2019-12-11,2022-12-11,3,0.37471210533753396,1.0643816622496665,-0.4173618979884176,0.8978110056130059,0.23148148148148148,9.5,25979.768143312274
SOXL,SMH,PB_RSI5_R10_H40_TS8,2020-03-11,2023-03-11,3,0.28055908900307647,0.9052577450862314,-0.4173618979884174,0.672220177153935,0.1917989417989418,9.0,20999.012347518536
SOXL,SMH,PB_RSI5_R10_H40_TS8,2020-06-11,2023-06-11,3,0.4994409892040321,1.2101127528460904,-0.4173618979884174,1.1966616780573789,0.2304635761589404,9.5,33658.13155831138
SOXL,SMH,PB_RSI5_R10_H40_TS8,2020-09-11,2023-09-11,3,0.5000861476928566,1.1875785266843217,-0.4173618979884174,1.198207479176106,0.2453580901856764,10.0,33647.349117808415
SOXL,SMH,PB_RSI5_R10_H40_TS8,2020-12-11,2023-12-11,3,0.3108534558542,0.9016289330417869,-0.41736189798841705,0.7448055449058434,0.21087533156498675,9.5,22476.540164036436
SOXL,SMH,PB_RSI5_R10_H40_TS8,2021-03-11,2024-03-11,3,0.6318717088793928,1.4406801356509966,-0.23439816415841297,2.695719529835378,0.2185430463576159,9.0,43372.4592602487
SOXL,SMH,PB_RSI5_R10_H40_TS8,2021-06-11,2024-06-11,3,0.9054244679091734,1.7644061503802428,-0.2343981641584132,3.8627626251255998,0.25165562913907286,6.5,69002.3902486866
SOXL,SMH,PB_RSI5_R10_H40_TS8,2021-09-11,2024-09-11,3,0.828504139598137,1.7138829955340908,-0.19921992632818342,4.15874132105293,0.20954907161803712,6.0,60842.593346753514
SOXL,SMH,PB_RSI5_R10_H40_TS8,2021-12-11,2024-12-11,3,0.7087367643804035,1.497564297771514,-0.25018535923695373,2.832846680325326,0.21220159151193635,4.0,49679.68832452626
SOXL,SMH,PB_RSI5_R10_H40_TS8,2022-03-11,2025-03-11,3,0.7111732423032204,1.4995721642181983,-0.25018535923695373,2.842585371391214,0.2127659574468085,4.0,49679.68832452626
SOXL,SMH,PB_RSI5_R10_H40_TS8,2022-06-11,2025-06-11,3,0.8277872747195254,1.6185993269186756,-0.25018535923695373,3.308695909481728,0.22739361702127658,4.5,60481.060572199145
SOXL,SMH,PB_RSI5_R10_H40_TS8,2022-09-11,2025-09-11,3,0.9344844884695993,1.707880436187172,-0.25018535923695373,3.7351685619002875,0.2656042496679947,5.0,71826.42716791907
SOXL,SMH,PB_RSI5_R10_H40_TS8,2022-12-11,2025-12-11,3,0.9344844884695993,1.707880436187172,-0.25018535923695373,3.7351685619002875,0.2656042496679947,5.0,71826.42716791907
SOXL,SMH,PB_RSI5_R10_H40_TS8,2023-03-11,2026-03-11,3,1.1229898446106996,1.7622130840148014,-0.27189360424835873,4.130254728555199,0.31648936170212766,7.0,94548.38188334249
SOXL,SMH,PB_RSI5_R10_H40_TS8,2023-06-11,2026-06-11,3,2.0417801926778103,2.272707013153859,-0.27189360424835896,7.509482241490179,0.33067729083665337,7.5,277735.8621592918
SOXL,SMH,PB_RSI5_R10_H40_TS8,2010-03-11,2015-03-11,5,-0.13109176300530478,-0.25440258784944214,-0.5985766379371126,-0.21900581261756075,0.2708498808578237,16.0,4955.776798867687
SOXL,SMH,PB_RSI5_R10_H40_TS8,2010-06-11,2015-06-11,5,-0.024048286456892498,0.091698116542162,-0.5196683538286146,-0.04627621882248301,0.2915011914217633,12.5,8854.898872528302
SOXL,SMH,PB_RSI5_R10_H40_TS8,2010-09-11,2015-09-11,5,-0.014750903892555622,0.10968019386032019,-0.5196683538286149,-0.02838522643120275,0.2795869737887212,11.0,9284.442618494844
SOXL,SMH,PB_RSI5_R10_H40_TS8,2010-12-11,2015-12-11,5,-0.059334995660963785,-0.04454337412972108,-0.5196683538286151,-0.11417858182784836,0.26846703733121524,10.5,7366.824992794075
SOXL,SMH,PB_RSI5_R10_H40_TS8,2011-03-11,2016-03-11,5,-0.07965959993793092,-0.1259609526948124,-0.5196683538286149,-0.15328930336251037,0.24781572676727562,10.0,6605.192736143857
SOXL,SMH,PB_RSI5_R10_H40_TS8,2011-06-11,2016-06-11,5,-0.04914465297121584,-0.03975057016215747,-0.5196683538286155,-0.09456926250972662,0.21621621621621623,9.0,7775.815726796811
SOXL,SMH,PB_RSI5_R10_H40_TS8,2011-09-11,2016-09-11,5,-0.0015978366946578504,0.14819665568014073,-0.5692800669410766,-0.0028067673320155695,0.24721780604133545,11.0,9920.488969815186
SOXL,SMH,PB_RSI5_R10_H40_TS8,2011-12-11,2016-12-11,5,-0.0001603935066994966,0.16189205338951212,-0.5692800669410766,-0.0002817479761083891,0.28060413354531,12.5,9991.995617326294
SOXL,SMH,PB_RSI5_R10_H40_TS8,2012-03-11,2017-03-11,5,0.05279134083074832,0.3238287513533533,-0.5692800669410766,0.09273351360150908,0.3108108108108108,12.5,12928.085071901227
SOXL,SMH,PB_RSI5_R10_H40_TS8,2012-06-11,2017-06-11,5,0.15148401311040072,0.5928218997606056,-0.5692800669410765,0.2660975184400407,0.3068362480127186,12.5,20221.035408658638
SOXL,SMH,PB_RSI5_R10_H40_TS8,2012-09-11,2017-09-11,5,0.15265484819719055,0.5922693007431707,-0.5692800669410765,0.26815421277167456,0.3108108108108108,13.0,20323.885039844943
SOXL,SMH,PB_RSI5_R10_H40_TS8,2012-12-11,2017-12-11,5,0.1523949486283378,0.5917984052706643,-0.5692800669410765,0.2676976719863116,0.3103174603174603,13.0,20323.885039844943
SOXL,SMH,PB_RSI5_R10_H40_TS8,2013-03-11,2018-03-11,5,0.10308188179345357,0.4673596579754474,-0.5692800669410762,0.18107411058206457,0.2785714285714286,12.0,16331.976886716044
SOXL,SMH,PB_RSI5_R10_H40_TS8,2013-06-11,2018-06-11,5,0.0539319030423866,0.32829835702550214,-0.569280066941076,0.09473703046056042,0.24682539682539684,11.0,13003.574647630041
SOXL,SMH,PB_RSI5_R10_H40_TS8,2013-09-11,2018-09-11,5,0.06755574207569848,0.3712005410903435,-0.4769367965094521,0.14164506192459325,0.2253968253968254,10.5,13866.051349583768
SOXL,SMH,PB_RSI5_R10_H40_TS8,2013-12-11,2018-12-11,5,0.035273193432157735,0.2711428433346402,-0.4769367965094521,0.07395779417799372,0.2414614773629865,11.0,11890.91028404552
SOXL,SMH,PB_RSI5_R10_H40_TS8,2014-03-11,2019-03-11,5,0.035273193432157735,0.2711428433346402,-0.4769367965094521,0.07395779417799372,0.2414614773629865,11.0,11890.91028404552
SOXL,SMH,PB_RSI5_R10_H40_TS8,2014-06-11,2019-06-11,5,0.09361698259604134,0.4378945039624652,-0.4769367965094521,0.19628802659219022,0.2732327243844321,12.0,15637.668462714062
SOXL,SMH,PB_RSI5_R10_H40_TS8,2014-09-11,2019-09-11,5,0.09361698259604134,0.4378945039624652,-0.4769367965094521,0.19628802659219022,0.2732327243844321,12.0,15637.668462714062
SOXL,SMH,PB_RSI5_R10_H40_TS8,2014-12-11,2019-12-11,5,0.22910341667530032,0.7816983081923379,-0.3216656568424069,0.7122408370364032,0.28832406671961874,10.5,28027.64577281581
SOXL,SMH,PB_RSI5_R10_H40_TS8,2015-03-11,2020-03-11,5,0.26090400066707975,0.8579193429949267,-0.321665656842407,0.8111030665449744,0.27936507936507937,10.0,31872.058465516828
SOXL,SMH,PB_RSI5_R10_H40_TS8,2015-06-11,2020-06-11,5,0.28321605499567815,0.9508018490422282,-0.3072510174205888,0.9217741811672839,0.24761904761904763,9.0,34793.56450577089
SOXL,SMH,PB_RSI5_R10_H40_TS8,2015-09-11,2020-09-11,5,0.28321605499567815,0.9508018490422282,-0.3072510174205888,0.9217741811672839,0.24761904761904763,9.0,34793.56450577089
SOXL,SMH,PB_RSI5_R10_H40_TS8,2015-12-11,2020-12-11,5,0.39664256247095464,1.1552691956561396,-0.3072510174205888,1.290939785328684,0.26904761904761904,9.5,53140.589133357156
SOXL,SMH,PB_RSI5_R10_H40_TS8,2016-03-11,2021-03-11,5,0.3860332580521908,1.0697721048244673,-0.3072510174205888,1.2564100236119278,0.29547259729944403,11.0,51086.44274608674
SOXL,SMH,PB_RSI5_R10_H40_TS8,2016-06-11,2021-06-11,5,0.37570693969913926,1.037896446282068,-0.3784415432926298,0.9927740396318593,0.30103256552819696,14.0,49213.010657425206
SOXL,SMH,PB_RSI5_R10_H40_TS8,2016-09-11,2021-09-11,5,0.32965047019916494,0.9502220060586595,-0.4173618979884174,0.7898432314688999,0.3018268467037331,13.0,41514.17728411878
SOXL,SMH,PB_RSI5_R10_H40_TS8,2016-12-11,2021-12-11,5,0.4160487560059145,1.1135360489266384,-0.4173618979884175,0.9968537090021106,0.29864972200158857,14.5,56857.99191088906
SOXL,SMH,PB_RSI5_R10_H40_TS8,2017-03-11,2022-03-11,5,0.3445653347698585,0.9927141516472642,-0.4173618979884173,0.8255792788718365,0.26825396825396824,14.0,43945.00831514316
SOXL,SMH,PB_RSI5_R10_H40_TS8,2017-06-11,2022-06-11,5,0.2879190851243538,0.9017601918549546,-0.4173618979884176,0.6898547435979505,0.24047619047619048,13.5,35435.85324019663
SOXL,SMH,PB_RSI5_R10_H40_TS8,2017-09-11,2022-09-11,5,0.28687049401882114,0.906637776069561,-0.4173618979884175,0.6873423170669554,0.23669579030976967,13.0,35256.529039662106
SOXL,SMH,PB_RSI5_R10_H40_TS8,2017-12-11,2022-12-11,5,0.28687049401882114,0.906637776069561,-0.4173618979884175,0.6873423170669554,0.23669579030976967,13.0,35256.529039662106
SOXL,SMH,PB_RSI5_R10_H40_TS8,2018-03-11,2023-03-11,5,0.28687049401882114,0.906637776069561,-0.4173618979884175,0.6873423170669554,0.23669579030976967,13.0,35256.529039662106
SOXL,SMH,PB_RSI5_R10_H40_TS8,2018-06-11,2023-06-11,5,0.414313277256942,1.0959622390008286,-0.4173618979884175,0.9926954982087031,0.2597299444003177,13.5,56510.7002685582
SOXL,SMH,PB_RSI5_R10_H40_TS8,2018-09-11,2023-09-11,5,0.4071901589777347,1.075457516650518,-0.41736189798841716,0.9756284915807893,0.2591414944356121,13.5,55028.3566374808
SOXL,SMH,PB_RSI5_R10_H40_TS8,2018-12-11,2023-12-11,5,0.46451456797739965,1.1908742063449316,-0.4173618979884174,1.1129778981173093,0.24225575853852263,13.0,67268.37953238018
SOXL,SMH,PB_RSI5_R10_H40_TS8,2019-03-11,2024-03-11,5,0.6633214178556741,1.430664078944739,-0.4173618979884174,1.5893195355223408,0.27380952380952384,14.0,127315.3882805738
SOXL,SMH,PB_RSI5_R10_H40_TS8,2019-06-11,2024-06-11,5,0.7150219061677261,1.5107903528804487,-0.4173618979884174,1.7131940160660506,0.26746031746031745,13.5,148370.77272650087
SOXL,SMH,PB_RSI5_R10_H40_TS8,2019-09-11,2024-09-11,5,0.6978588146306901,1.4732338661881679,-0.4173618979884174,1.6720712120445098,0.27402700555996823,14.0,140797.7000260548
SOXL,SMH,PB_RSI5_R10_H40_TS8,2019-12-11,2024-12-11,5,0.6685502348347561,1.4161577874962428,-0.4173618979884176,1.601847792184684,0.26608419380460685,13.5,129066.67841032095
SOXL,SMH,PB_RSI5_R10_H40_TS8,2020-03-11,2025-03-11,5,0.6001534987624224,1.3432459356746966,-0.4173618979884174,1.4379690663067615,0.24264120922832141,13.0,104322.43885476001
SOXL,SMH,PB_RSI5_R10_H40_TS8,2020-06-11,2025-06-11,5,0.6645258175420834,1.418348853260368,-0.4173618979884174,1.5922052797462727,0.25139220365950676,13.5,127004.2537746627
SOXL,SMH,PB_RSI5_R10_H40_TS8,2020-09-11,2025-09-11,5,0.7236427333949929,1.477978235684946,-0.4173618979884174,1.7338495365359763,0.2746815286624204,14.0,150828.40309772742
SOXL,SMH,PB_RSI5_R10_H40_TS8,2020-12-11,2025-12-11,5,0.5896128618595777,1.3293621787763719,-0.41736189798841705,1.4127136777491391,0.25398089171974525,13.5,100753.87063135018
SOXL,SMH,PB_RSI5_R10_H40_TS8,2021-03-11,2026-03-11,5,0.6862798776139483,1.4467327903382357,-0.27189360424835896,2.524075104712914,0.2571656050955414,14.0,135221.64968680346
SOXL,SMH,PB_RSI5_R10_H40_TS8,2021-06-11,2026-06-11,5,1.318395451916778,1.9562051730924417,-0.27189360424835884,4.848938817672597,0.28343949044585987,12.0,660907.9158367385
SOXL,SMH,PB_RSI5_R10_H30,2010-03-11,2013-03-11,3,-0.16265758312993428,-0.23487007831425827,-0.6204456556552898,-0.26216249827415083,0.2781456953642384,7.0,5875.099348629409
SOXL,SMH,PB_RSI5_R10_H30,2010-06-11,2013-06-11,3,0.012460087285130816,0.21277737192934407,-0.6166671175516676,0.02020553217528555,0.2913907284768212,7.5,10377.969598051946
SOXL,SMH,PB_RSI5_R10_H30,2010-09-11,2013-09-11,3,0.06426417816920615,0.3565649324315137,-0.5479155944989611,0.11728846343198579,0.2781456953642384,7.0,12051.49693538194
SOXL,SMH,PB_RSI5_R10_H30,2010-12-11,2013-12-11,3,-0.014825285600279736,0.09711002693261046,-0.5479155944989614,-0.027057608414735194,0.2596026490066225,6.5,9562.369274306064
SOXL,SMH,PB_RSI5_R10_H30,2011-03-11,2014-03-11,3,0.0006285637455527571,0.14841007619712893,-0.5479155944989613,0.0011471908298714222,0.23872679045092837,6.0,10018.818803307006
SOXL,SMH,PB_RSI5_R10_H30,2011-06-11,2014-06-11,3,0.021020672322570766,0.2115199128692196,-0.5479155944989613,0.03836480022400716,0.1989389920424403,5.0,10642.211923426903
SOXL,SMH,PB_RSI5_R10_H30,2011-09-11,2014-09-11,3,0.020992540160921003,0.21137976218851995,-0.5479155944989613,0.0383134562543662,0.1986754966887417,5.0,10642.211923426903
SOXL,SMH,PB_RSI5_R10_H30,2011-12-11,2014-12-11,3,-0.03691807088278676,0.052646426233287934,-0.5479155944989613,-0.06737912053141379,0.23841059602649006,6.0,8934.176551358281
SOXL,SMH,PB_RSI5_R10_H30,2012-03-11,2015-03-11,3,-0.07711223359532138,-0.05243237603479496,-0.5479155944989613,-0.1407374317678187,0.27851458885941643,6.5,7865.444364446848
SOXL,SMH,PB_RSI5_R10_H30,2012-06-11,2015-06-11,3,0.043147176059630477,0.2943797753295473,-0.4794025130088254,0.09000198140145371,0.23841059602649006,6.0,11349.166309335298
SOXL,SMH,PB_RSI5_R10_H30,2012-09-11,2015-09-11,3,0.04349558471077142,0.2954431061470077,-0.47940251300882564,0.0907287373981093,0.23841059602649006,6.0,11360.526836171479
SOXL,SMH,PB_RSI5_R10_H30,2012-12-11,2015-12-11,3,0.04337821193659219,0.29505243150496574,-0.47940251300882564,0.09048390602782179,0.23778071334214002,6.0,11360.526836171479
SOXL,SMH,PB_RSI5_R10_H30,2013-03-11,2016-03-11,3,-0.03610316521808732,0.034625120837823174,-0.47940251300882586,-0.07530866910041135,0.19788918205804748,5.0,8952.924473410683
SOXL,SMH,PB_RSI5_R10_H30,2013-06-11,2016-06-11,3,-0.1172883585047978,-0.2799404546935658,-0.47940251300882575,-0.24465528511453283,0.15852047556142668,4.0,6874.506994720416
SOXL,SMH,PB_RSI5_R10_H30,2013-09-11,2016-09-11,3,-0.0735607951026348,-0.09147663829074501,-0.47375464735602346,-0.15527192295246098,0.15873015873015872,4.0,7951.531349392589
SOXL,SMH,PB_RSI5_R10_H30,2013-12-11,2016-12-11,3,0.00577721121675423,0.19797845973955794,-0.47375464735602346,0.01219452146590278,0.22883597883597884,5.5,10174.319549797721
SOXL,SMH,PB_RSI5_R10_H30,2014-03-11,2017-03-11,3,0.04112263678122252,0.2952364292474954,-0.47375464735602346,0.08680154803910374,0.23778071334214002,6.0,11286.911501546734
SOXL,SMH,PB_RSI5_R10_H30,2014-06-11,2017-06-11,3,0.1501299348703049,0.5642183838639189,-0.47375464735602346,0.3168938515076629,0.2777777777777778,7.0,15213.905748467214
SOXL,SMH,PB_RSI5_R10_H30,2014-09-11,2017-09-11,3,0.1501299348703049,0.5642183838639189,-0.47375464735602346,0.3168938515076629,0.2777777777777778,7.0,15213.905748467214
SOXL,SMH,PB_RSI5_R10_H30,2014-12-11,2017-12-11,3,0.21919366669295814,0.7832153948482615,-0.3798030655285003,0.5771245326520671,0.23809523809523808,6.0,18122.499396277915
SOXL,SMH,PB_RSI5_R10_H30,2015-03-11,2018-03-11,3,0.27208594334158653,0.960507849379223,-0.31126579896784046,0.874127335042351,0.1984126984126984,5.0,20584.928410413762
SOXL,SMH,PB_RSI5_R10_H30,2015-06-11,2018-06-11,3,0.3170906192537497,1.193684762726373,-0.20617229262456016,1.5379885202672303,0.15873015873015872,4.0,22847.935797422117
SOXL,SMH,PB_RSI5_R10_H30,2015-09-11,2018-09-11,3,0.3079417870146026,1.1326869379992697,-0.20617229262456016,1.4936138270304087,0.17592592592592593,4.5,22375.113417941175
SOXL,SMH,PB_RSI5_R10_H30,2015-12-11,2018-12-11,3,0.30136928402835017,1.0920475468549249,-0.20617229262456016,1.4617351351723278,0.1986754966887417,5.0,22016.4698772693
SOXL,SMH,PB_RSI5_R10_H30,2016-03-11,2019-03-11,3,0.3018240090781892,1.0927749057218457,-0.20617229262456016,1.4639406936596027,0.1989389920424403,5.0,22016.4698772693
SOXL,SMH,PB_RSI5_R10_H30,2016-06-11,2019-06-11,3,0.501577556444722,1.486385491459236,-0.20617229262456016,2.4328077747968537,0.23872679045092837,6.0,33747.540909580115
SOXL,SMH,PB_RSI5_R10_H30,2016-09-11,2019-09-11,3,0.4144716094477958,1.4349254469494888,-0.18257275786375426,2.2701722551460666,0.1986754966887417,5.0,28260.842757360013
SOXL,SMH,PB_RSI5_R10_H30,2016-12-11,2019-12-11,3,0.43549211738167193,1.5625368238288235,-0.16247468157789424,2.6803691082963383,0.1827814569536424,5.0,29537.88647382523
SOXL,SMH,PB_RSI5_R10_H30,2017-03-11,2020-03-11,3,0.486410233096759,1.6530902885696521,-0.16247468157789424,2.993760186959113,0.1986754966887417,5.0,32789.362235433655
SOXL,SMH,PB_RSI5_R10_H30,2017-06-11,2020-06-11,3,0.34489730296601273,1.3506960786209612,-0.16247468157789435,2.1227756818262202,0.15873015873015872,4.0,24325.813230490476
SOXL,SMH,PB_RSI5_R10_H30,2017-09-11,2020-09-11,3,0.3443709636942014,1.3497971919536351,-0.16247468157789435,2.1195361661878467,0.15852047556142668,4.0,24325.813230490476
SOXL,SMH,PB_RSI5_R10_H30,2017-12-11,2020-12-11,3,0.5479156151498599,1.6486640453782477,-0.16247468157789435,3.3723138265525736,0.19418758256274768,4.5,37153.078868992336
SOXL,SMH,PB_RSI5_R10_H30,2018-03-11,2021-03-11,3,0.7376502837238537,1.809998103134939,-0.18911109896219291,3.9006186721559093,0.23809523809523808,6.0,52467.108045233836
SOXL,SMH,PB_RSI5_R10_H30,2018-06-11,2021-06-11,3,0.7363824367114857,1.8087866691546404,-0.18911109896219291,3.893914427829026,0.23778071334214002,6.0,52467.108045233836
SOXL,SMH,PB_RSI5_R10_H30,2018-09-11,2021-09-11,3,0.7872380699158255,1.7944365073272657,-0.22555186890360113,3.490275091678731,0.2791005291005291,6.0,57088.31442127506
SOXL,SMH,PB_RSI5_R10_H30,2018-12-11,2021-12-11,3,0.6791102029860285,1.606818086925902,-0.23349758537605403,2.9084249496297945,0.2774108322324967,6.0,47438.48088190544
SOXL,SMH,PB_RSI5_R10_H30,2019-03-11,2022-03-11,3,0.6768186919150982,1.604678009717801,-0.23349758537605403,2.898611096234952,0.2766798418972332,6.0,47438.48088190544
SOXL,SMH,PB_RSI5_R10_H30,2019-06-11,2022-06-11,3,0.45584092534418996,1.273339154963794,-0.23349758537605447,1.9522297183932127,0.23746701846965698,5.0,30948.26636874746
SOXL,SMH,PB_RSI5_R10_H30,2019-09-11,2022-09-11,3,0.45728817889732776,1.2750332050095592,-0.23349758537605447,1.958427870510319,0.23809523809523808,5.0,30948.26636874746
SOXL,SMH,PB_RSI5_R10_H30,2019-12-11,2022-12-11,3,0.3432583595540022,1.1237906024474626,-0.23349758537605425,1.4700724163856993,0.18518518518518517,3.5,24236.988458052714
SOXL,SMH,PB_RSI5_R10_H30,2020-03-11,2023-03-11,3,0.2340176563397589,0.8684347682077883,-0.23349758537605436,1.0022273076737258,0.15873015873015872,3.0,18791.615640460088
SOXL,SMH,PB_RSI5_R10_H30,2020-06-11,2023-06-11,3,0.4448735258669225,1.1911958964610572,-0.285091644685293,1.5604579585557814,0.19735099337748344,3.5,30120.019977728574
SOXL,SMH,PB_RSI5_R10_H30,2020-09-11,2023-09-11,3,0.4971259494532969,1.2744241571227446,-0.285091644685293,1.7437408591965728,0.1989389920424403,4.0,33449.072109333465
SOXL,SMH,PB_RSI5_R10_H30,2020-12-11,2023-12-11,3,0.30826668035580096,0.9729446494063683,-0.2850916446852929,1.0812897750689625,0.16445623342175067,3.5,22344.090468549646
SOXL,SMH,PB_RSI5_R10_H30,2021-03-11,2024-03-11,3,0.31600411394172645,0.9717943402150849,-0.2850916446852929,1.1084299376453393,0.15894039735099338,3.0,22766.61680065859
SOXL,SMH,PB_RSI5_R10_H30,2021-06-11,2024-06-11,3,0.455037485057443,1.189785085328877,-0.2850916446852929,1.5961095091360884,0.1986754966887417,4.0,30759.283827066727
SOXL,SMH,PB_RSI5_R10_H30,2021-09-11,2024-09-11,3,0.40289769238849704,1.1531242556812746,-0.2850916446852929,1.4132216776582418,0.1419098143236074,3.5,27536.651582746726
SOXL,SMH,PB_RSI5_R10_H30,2021-12-11,2024-12-11,3,0.5684047994039199,1.3945390303440508,-0.19189882336913078,2.962002525208576,0.15915119363395225,4.0,38443.5276523964
SOXL,SMH,PB_RSI5_R10_H30,2022-03-11,2025-03-11,3,0.5702832499328669,1.396406569534691,-0.19189882336913078,2.9717912800115887,0.1595744680851064,4.0,38443.5276523964
SOXL,SMH,PB_RSI5_R10_H30,2022-06-11,2025-06-11,3,0.6772958289537838,1.5260201485736462,-0.214630233134664,3.155640373035576,0.17420212765957446,4.5,46801.93058710723
SOXL,SMH,PB_RSI5_R10_H30,2022-09-11,2025-09-11,3,0.814219279100229,1.6891022701894578,-0.214630233134664,3.793590805957746,0.199203187250996,5.0,59291.1252988838
SOXL,SMH,PB_RSI5_R10_H30,2022-12-11,2025-12-11,3,0.814219279100229,1.6891022701894578,-0.214630233134664,3.793590805957746,0.199203187250996,5.0,59291.1252988838
SOXL,SMH,PB_RSI5_R10_H30,2023-03-11,2026-03-11,3,0.9930453299407267,1.7440345302075013,-0.2711647690173762,3.6621473119064833,0.2393617021276596,6.0,78306.40539204917
SOXL,SMH,PB_RSI5_R10_H30,2023-06-11,2026-06-11,3,1.6150940423511466,2.2414890504500486,-0.2711647690173763,5.956135261242773,0.2403718459495352,6.5,176803.90255796866
SOXL,SMH,PB_RSI5_R10_H30,2010-03-11,2015-03-11,5,-0.10211974615292774,-0.09758440938740782,-0.6204456556552898,-0.16459096009798468,0.2621127879269261,11.0,5838.183545465736
SOXL,SMH,PB_RSI5_R10_H30,2010-06-11,2015-06-11,5,-0.06535326149704646,-0.009488160494251045,-0.6166671175516676,-0.10597818439957733,0.27005559968228754,11.5,7134.342459280398
SOXL,SMH,PB_RSI5_R10_H30,2010-09-11,2015-09-11,5,-0.04308851267970526,0.01836846592007437,-0.5479155944989611,-0.0786407853916028,0.23828435266084194,10.0,8024.8097739984605
SOXL,SMH,PB_RSI5_R10_H30,2010-12-11,2015-12-11,5,-0.08639028248947911,-0.13467780623265568,-0.5479155944989614,-0.15767078607879056,0.22716441620333597,9.5,6367.357916321938
SOXL,SMH,PB_RSI5_R10_H30,2011-03-11,2016-03-11,5,-0.07782333295698085,-0.10667527791571714,-0.5479155944989613,-0.14203525823744076,0.21445591739475775,9.0,6671.296975619204
SOXL,SMH,PB_RSI5_R10_H30,2011-06-11,2016-06-11,5,-0.06666495835154551,-0.08523983002422027,-0.5479155944989613,-0.12167012404986748,0.1907790143084261,8.0,7086.39986534358
SOXL,SMH,PB_RSI5_R10_H30,2011-09-11,2016-09-11,5,-0.03289533602780137,0.05395565189765238,-0.5479155944989613,-0.060037232665155926,0.21462639109697934,9.0,8462.188173600858
SOXL,SMH,PB_RSI5_R10_H30,2011-12-11,2016-12-11,5,0.016057853363694807,0.2210164225786849,-0.5479155944989613,0.029307166149156298,0.25675675675675674,10.5,10827.726482561273
SOXL,SMH,PB_RSI5_R10_H30,2012-03-11,2017-03-11,5,0.03740113023133129,0.28150498634258664,-0.5479155944989613,0.06826075148587908,0.26232114467408585,10.5,12011.77041604249
SOXL,SMH,PB_RSI5_R10_H30,2012-06-11,2017-06-11,5,0.2103020346365967,0.764820205195155,-0.5128657619956578,0.4100527861682005,0.2384737678855326,10.0,25930.502318995896
SOXL,SMH,PB_RSI5_R10_H30,2012-09-11,2017-09-11,5,0.21054462548973318,0.7654572239588278,-0.5128657619956579,0.41052579659531985,0.2384737678855326,10.0,25956.45877777367
SOXL,SMH,PB_RSI5_R10_H30,2012-12-11,2017-12-11,5,0.2101775395715091,0.7648480655751733,-0.5128657619956579,0.40981004221000916,0.23809523809523808,10.0,25956.45877777367
SOXL,SMH,PB_RSI5_R10_H30,2013-03-11,2018-03-11,5,0.1538846024161269,0.6188609116070019,-0.5128657619956581,0.3000484996645763,0.21428571428571427,9.0,20455.584356765663
SOXL,SMH,PB_RSI5_R10_H30,2013-06-11,2018-06-11,5,0.09450488835371229,0.4522657788426032,-0.5128657619956578,0.1842682732143707,0.19047619047619047,8.0,15706.82944543014
SOXL,SMH,PB_RSI5_R10_H30,2013-09-11,2018-09-11,5,0.08300833595991519,0.42016865102317236,-0.47375464735602346,0.17521376607739106,0.176984126984127,7.5,14899.064391201113
SOXL,SMH,PB_RSI5_R10_H30,2013-12-11,2018-12-11,5,0.07957962634087923,0.407973828702527,-0.47375464735602346,0.1679764552917951,0.19062748212867356,8.0,14660.252050626603
SOXL,SMH,PB_RSI5_R10_H30,2014-03-11,2019-03-11,5,0.07957962634087923,0.407973828702527,-0.47375464735602346,0.1679764552917951,0.19062748212867356,8.0,14660.252050626603
SOXL,SMH,PB_RSI5_R10_H30,2014-06-11,2019-06-11,5,0.17593424098940647,0.6733498723937368,-0.47375464735602346,0.37136150953088815,0.21445591739475775,9.0,22471.697714540252
SOXL,SMH,PB_RSI5_R10_H30,2014-09-11,2019-09-11,5,0.17593424098940647,0.6733498723937368,-0.47375464735602346,0.37136150953088815,0.21445591739475775,9.0,22471.697714540252
SOXL,SMH,PB_RSI5_R10_H30,2014-12-11,2019-12-11,5,0.2908043404253746,0.9957183866394138,-0.3798030655285003,0.7656713881988211,0.22319301032565528,9.5,35798.28020780511
SOXL,SMH,PB_RSI5_R10_H30,2015-03-11,2020-03-11,5,0.3801406443522253,1.2370906569804216,-0.31126579896784046,1.2212734120252668,0.21428571428571427,9.0,50074.512387474235
SOXL,SMH,PB_RSI5_R10_H30,2015-06-11,2020-06-11,5,0.4092332045667708,1.3904249995395666,-0.20617229262456016,1.9849088321095827,0.19047619047619047,8.0,55579.46189103275
SOXL,SMH,PB_RSI5_R10_H30,2015-09-11,2020-09-11,5,0.4092332045667708,1.3904249995395666,-0.20617229262456016,1.9849088321095827,0.19047619047619047,8.0,55579.46189103275
SOXL,SMH,PB_RSI5_R10_H30,2015-12-11,2020-12-11,5,0.5337986664700192,1.5701936432400758,-0.20617229262456016,2.589090220003843,0.2119047619047619,8.5,84887.11606752969
SOXL,SMH,PB_RSI5_R10_H30,2016-03-11,2021-03-11,5,0.6440619680072712,1.676372814155537,-0.20617229262456016,3.123901664032559,0.23828435266084194,10.0,119876.51160939127
SOXL,SMH,PB_RSI5_R10_H30,2016-06-11,2021-06-11,5,0.6440619680072712,1.676372814155537,-0.20617229262456016,3.123901664032559,0.23828435266084194,10.0,119876.51160939127
SOXL,SMH,PB_RSI5_R10_H30,2016-09-11,2021-09-11,5,0.6222403171851969,1.6393252231405313,-0.22555186890360124,2.7587460046768073,0.24861000794281177,9.5,112135.25182249791
SOXL,SMH,PB_RSI5_R10_H30,2016-12-11,2021-12-11,5,0.46921710292822794,1.4157388138700362,-0.23349758537605436,2.0095158678944824,0.2200158856235107,8.5,68354.45684831003
SOXL,SMH,PB_RSI5_R10_H30,2017-03-11,2022-03-11,5,0.43859788705483704,1.355292346120598,-0.23349758537605458,1.878382966352575,0.21428571428571427,8.0,61616.509222408684
SOXL,SMH,PB_RSI5_R10_H30,2017-06-11,2022-06-11,5,0.35520906431662125,1.1860748147847817,-0.23349758537605425,1.5212536940994372,0.19047619047619047,7.0,45712.13323689955
SOXL,SMH,PB_RSI5_R10_H30,2017-09-11,2022-09-11,5,0.3555362869486336,1.1865483903308223,-0.23349758537605425,1.5226550903129583,0.19062748212867356,7.0,45712.13323689955
SOXL,SMH,PB_RSI5_R10_H30,2017-12-11,2022-12-11,5,0.3555362869486336,1.1865483903308223,-0.23349758537605425,1.5226550903129583,0.19062748212867356,7.0,45712.13323689955
SOXL,SMH,PB_RSI5_R10_H30,2018-03-11,2023-03-11,5,0.3555362869486336,1.1865483903308223,-0.23349758537605425,1.5226550903129583,0.19062748212867356,7.0,45712.13323689955
SOXL,SMH,PB_RSI5_R10_H30,2018-06-11,2023-06-11,5,0.48977925700034697,1.3480349474347653,-0.2850916446852928,1.7179712774150393,0.2136616362192216,7.5,73269.3980476867
SOXL,SMH,PB_RSI5_R10_H30,2018-09-11,2023-09-11,5,0.5138929083340533,1.396719125728753,-0.2850916446852928,1.8025533820934312,0.20508744038155802,7.5,79258.6090257321
SOXL,SMH,PB_RSI5_R10_H30,2018-12-11,2023-12-11,5,0.532700622453236,1.4474919263277755,-0.2850916446852927,1.8685241478797958,0.19062748212867356,7.0,84440.4865518653
SOXL,SMH,PB_RSI5_R10_H30,2019-03-11,2024-03-11,5,0.6544627052279917,1.56546260018726,-0.2850916446852927,2.2956221882631485,0.21428571428571427,8.0,123960.95370531801
SOXL,SMH,PB_RSI5_R10_H30,2019-06-11,2024-06-11,5,0.6132201454320227,1.4808635064542308,-0.28509164468529313,2.1509579704061266,0.21428571428571427,8.0,109261.7579061941
SOXL,SMH,PB_RSI5_R10_H30,2019-09-11,2024-09-11,5,0.6138330449395382,1.4814566206462183,-0.28509164468529313,2.153107803692865,0.21445591739475775,8.0,109261.7579061941
SOXL,SMH,PB_RSI5_R10_H30,2019-12-11,2024-12-11,5,0.5631993196634444,1.3873882476505532,-0.2850916446852929,1.9755027204853692,0.20651310563939634,7.5,93175.53359979618
SOXL,SMH,PB_RSI5_R10_H30,2020-03-11,2025-03-11,5,0.48650848686665205,1.2657542952334053,-0.285091644685293,1.7064985801449883,0.1909307875894988,7.0,72241.59955072319
SOXL,SMH,PB_RSI5_R10_H30,2020-06-11,2025-06-11,5,0.5463089986670884,1.3481873580589188,-0.285091644685293,1.916257487202573,0.19968178202068418,7.5,87948.38908244109
SOXL,SMH,PB_RSI5_R10_H30,2020-09-11,2025-09-11,5,0.622025256605339,1.4535687755299562,-0.285091644685293,2.1818431658773454,0.21496815286624205,8.0,111417.60375069831
SOXL,SMH,PB_RSI5_R10_H30,2020-12-11,2025-12-11,5,0.4958971254340916,1.2931120927754909,-0.2850916446852929,1.7394305819853217,0.1942675159235669,7.5,74427.32670901071
SOXL,SMH,PB_RSI5_R10_H30,2021-03-11,2026-03-11,5,0.47000733951863394,1.2112151658551769,-0.2850916446852929,1.648618429478934,0.1910828025477707,7.0,68224.70248403926
SOXL,SMH,PB_RSI5_R10_H30,2021-06-11,2026-06-11,5,0.9027968720169042,1.7088354037302496,-0.2850916446852929,3.1666900410690184,0.21496815286624205,8.0,246903.55530432196
SOXL,SMH,PB_RSI5_R10_H30_TS16,2010-03-11,2013-03-11,3,-0.16265758312993428,-0.23487007831425827,-0.6204456556552898,-0.26216249827415083,0.2781456953642384,7.0,5875.099348629409
SOXL,SMH,PB_RSI5_R10_H30_TS16,2010-06-11,2013-06-11,3,0.012460087285130816,0.21277737192934407,-0.6166671175516676,0.02020553217528555,0.2913907284768212,7.5,10377.969598051946
SOXL,SMH,PB_RSI5_R10_H30_TS16,2010-09-11,2013-09-11,3,0.06426417816920615,0.3565649324315137,-0.5479155944989611,0.11728846343198579,0.2781456953642384,7.0,12051.49693538194
SOXL,SMH,PB_RSI5_R10_H30_TS16,2010-12-11,2013-12-11,3,-0.014825285600279736,0.09711002693261046,-0.5479155944989614,-0.027057608414735194,0.2596026490066225,6.5,9562.369274306064
SOXL,SMH,PB_RSI5_R10_H30_TS16,2011-03-11,2014-03-11,3,0.0006285637455527571,0.14841007619712893,-0.5479155944989613,0.0011471908298714222,0.23872679045092837,6.0,10018.818803307006
SOXL,SMH,PB_RSI5_R10_H30_TS16,2011-06-11,2014-06-11,3,0.021020672322570766,0.2115199128692196,-0.5479155944989613,0.03836480022400716,0.1989389920424403,5.0,10642.211923426903
SOXL,SMH,PB_RSI5_R10_H30_TS16,2011-09-11,2014-09-11,3,0.020992540160921003,0.21137976218851995,-0.5479155944989613,0.0383134562543662,0.1986754966887417,5.0,10642.211923426903
SOXL,SMH,PB_RSI5_R10_H30_TS16,2011-12-11,2014-12-11,3,-0.03691807088278676,0.052646426233287934,-0.5479155944989613,-0.06737912053141379,0.23841059602649006,6.0,8934.176551358281
SOXL,SMH,PB_RSI5_R10_H30_TS16,2012-03-11,2015-03-11,3,-0.07711223359532138,-0.05243237603479496,-0.5479155944989613,-0.1407374317678187,0.27851458885941643,6.5,7865.444364446848
SOXL,SMH,PB_RSI5_R10_H30_TS16,2012-06-11,2015-06-11,3,0.043147176059630477,0.2943797753295473,-0.4794025130088254,0.09000198140145371,0.23841059602649006,6.0,11349.166309335298
SOXL,SMH,PB_RSI5_R10_H30_TS16,2012-09-11,2015-09-11,3,0.04349558471077142,0.2954431061470077,-0.47940251300882564,0.0907287373981093,0.23841059602649006,6.0,11360.526836171479
SOXL,SMH,PB_RSI5_R10_H30_TS16,2012-12-11,2015-12-11,3,0.04337821193659219,0.29505243150496574,-0.47940251300882564,0.09048390602782179,0.23778071334214002,6.0,11360.526836171479
SOXL,SMH,PB_RSI5_R10_H30_TS16,2013-03-11,2016-03-11,3,-0.03610316521808732,0.034625120837823174,-0.47940251300882586,-0.07530866910041135,0.19788918205804748,5.0,8952.924473410683
SOXL,SMH,PB_RSI5_R10_H30_TS16,2013-06-11,2016-06-11,3,-0.1172883585047978,-0.2799404546935658,-0.47940251300882575,-0.24465528511453283,0.15852047556142668,4.0,6874.506994720416
SOXL,SMH,PB_RSI5_R10_H30_TS16,2013-09-11,2016-09-11,3,-0.0735607951026348,-0.09147663829074501,-0.47375464735602346,-0.15527192295246098,0.15873015873015872,4.0,7951.531349392589
SOXL,SMH,PB_RSI5_R10_H30_TS16,2013-12-11,2016-12-11,3,0.00577721121675423,0.19797845973955794,-0.47375464735602346,0.01219452146590278,0.22883597883597884,5.5,10174.319549797721
SOXL,SMH,PB_RSI5_R10_H30_TS16,2014-03-11,2017-03-11,3,0.04112263678122252,0.2952364292474954,-0.47375464735602346,0.08680154803910374,0.23778071334214002,6.0,11286.911501546734
SOXL,SMH,PB_RSI5_R10_H30_TS16,2014-06-11,2017-06-11,3,0.1501299348703049,0.5642183838639189,-0.47375464735602346,0.3168938515076629,0.2777777777777778,7.0,15213.905748467214
SOXL,SMH,PB_RSI5_R10_H30_TS16,2014-09-11,2017-09-11,3,0.1501299348703049,0.5642183838639189,-0.47375464735602346,0.3168938515076629,0.2777777777777778,7.0,15213.905748467214
SOXL,SMH,PB_RSI5_R10_H30_TS16,2014-12-11,2017-12-11,3,0.21919366669295814,0.7832153948482615,-0.3798030655285003,0.5771245326520671,0.23809523809523808,6.0,18122.499396277915
SOXL,SMH,PB_RSI5_R10_H30_TS16,2015-03-11,2018-03-11,3,0.27208594334158653,0.960507849379223,-0.31126579896784046,0.874127335042351,0.1984126984126984,5.0,20584.928410413762
SOXL,SMH,PB_RSI5_R10_H30_TS16,2015-06-11,2018-06-11,3,0.3170906192537497,1.193684762726373,-0.20617229262456016,1.5379885202672303,0.15873015873015872,4.0,22847.935797422117
SOXL,SMH,PB_RSI5_R10_H30_TS16,2015-09-11,2018-09-11,3,0.3079417870146026,1.1326869379992697,-0.20617229262456016,1.4936138270304087,0.17592592592592593,4.5,22375.113417941175
SOXL,SMH,PB_RSI5_R10_H30_TS16,2015-12-11,2018-12-11,3,0.30136928402835017,1.0920475468549249,-0.20617229262456016,1.4617351351723278,0.1986754966887417,5.0,22016.4698772693
SOXL,SMH,PB_RSI5_R10_H30_TS16,2016-03-11,2019-03-11,3,0.3018240090781892,1.0927749057218457,-0.20617229262456016,1.4639406936596027,0.1989389920424403,5.0,22016.4698772693
SOXL,SMH,PB_RSI5_R10_H30_TS16,2016-06-11,2019-06-11,3,0.501577556444722,1.486385491459236,-0.20617229262456016,2.4328077747968537,0.23872679045092837,6.0,33747.540909580115
SOXL,SMH,PB_RSI5_R10_H30_TS16,2016-09-11,2019-09-11,3,0.4144716094477958,1.4349254469494888,-0.18257275786375426,2.2701722551460666,0.1986754966887417,5.0,28260.842757360013
SOXL,SMH,PB_RSI5_R10_H30_TS16,2016-12-11,2019-12-11,3,0.43549211738167193,1.5625368238288235,-0.16247468157789424,2.6803691082963383,0.1827814569536424,5.0,29537.88647382523
SOXL,SMH,PB_RSI5_R10_H30_TS16,2017-03-11,2020-03-11,3,0.486410233096759,1.6530902885696521,-0.16247468157789424,2.993760186959113,0.1986754966887417,5.0,32789.362235433655
SOXL,SMH,PB_RSI5_R10_H30_TS16,2017-06-11,2020-06-11,3,0.34489730296601273,1.3506960786209612,-0.16247468157789435,2.1227756818262202,0.15873015873015872,4.0,24325.813230490476
SOXL,SMH,PB_RSI5_R10_H30_TS16,2017-09-11,2020-09-11,3,0.3443709636942014,1.3497971919536351,-0.16247468157789435,2.1195361661878467,0.15852047556142668,4.0,24325.813230490476
SOXL,SMH,PB_RSI5_R10_H30_TS16,2017-12-11,2020-12-11,3,0.5479156151498599,1.6486640453782477,-0.16247468157789435,3.3723138265525736,0.19418758256274768,4.5,37153.078868992336
SOXL,SMH,PB_RSI5_R10_H30_TS16,2018-03-11,2021-03-11,3,0.7376502837238537,1.809998103134939,-0.18911109896219291,3.9006186721559093,0.23809523809523808,6.0,52467.108045233836
SOXL,SMH,PB_RSI5_R10_H30_TS16,2018-06-11,2021-06-11,3,0.7363824367114857,1.8087866691546404,-0.18911109896219291,3.893914427829026,0.23778071334214002,6.0,52467.108045233836
SOXL,SMH,PB_RSI5_R10_H30_TS16,2018-09-11,2021-09-11,3,0.7872380699158255,1.7944365073272657,-0.22555186890360113,3.490275091678731,0.2791005291005291,6.0,57088.31442127506
SOXL,SMH,PB_RSI5_R10_H30_TS16,2018-12-11,2021-12-11,3,0.6791102029860285,1.606818086925902,-0.23349758537605403,2.9084249496297945,0.2774108322324967,6.0,47438.48088190544
SOXL,SMH,PB_RSI5_R10_H30_TS16,2019-03-11,2022-03-11,3,0.6768186919150982,1.604678009717801,-0.23349758537605403,2.898611096234952,0.2766798418972332,6.0,47438.48088190544
SOXL,SMH,PB_RSI5_R10_H30_TS16,2019-06-11,2022-06-11,3,0.45584092534418996,1.273339154963794,-0.23349758537605447,1.9522297183932127,0.23746701846965698,5.0,30948.26636874746
SOXL,SMH,PB_RSI5_R10_H30_TS16,2019-09-11,2022-09-11,3,0.45728817889732776,1.2750332050095592,-0.23349758537605447,1.958427870510319,0.23809523809523808,5.0,30948.26636874746
SOXL,SMH,PB_RSI5_R10_H30_TS16,2019-12-11,2022-12-11,3,0.3432583595540022,1.1237906024474626,-0.23349758537605425,1.4700724163856993,0.18518518518518517,3.5,24236.988458052714
SOXL,SMH,PB_RSI5_R10_H30_TS16,2020-03-11,2023-03-11,3,0.2340176563397589,0.8684347682077883,-0.23349758537605436,1.0022273076737258,0.15873015873015872,3.0,18791.615640460088
SOXL,SMH,PB_RSI5_R10_H30_TS16,2020-06-11,2023-06-11,3,0.4448735258669225,1.1911958964610572,-0.285091644685293,1.5604579585557814,0.19735099337748344,3.5,30120.019977728574
SOXL,SMH,PB_RSI5_R10_H30_TS16,2020-09-11,2023-09-11,3,0.4971259494532969,1.2744241571227446,-0.285091644685293,1.7437408591965728,0.1989389920424403,4.0,33449.072109333465
SOXL,SMH,PB_RSI5_R10_H30_TS16,2020-12-11,2023-12-11,3,0.30826668035580096,0.9729446494063683,-0.2850916446852929,1.0812897750689625,0.16445623342175067,3.5,22344.090468549646
SOXL,SMH,PB_RSI5_R10_H30_TS16,2021-03-11,2024-03-11,3,0.31600411394172645,0.9717943402150849,-0.2850916446852929,1.1084299376453393,0.15894039735099338,3.0,22766.61680065859
SOXL,SMH,PB_RSI5_R10_H30_TS16,2021-06-11,2024-06-11,3,0.455037485057443,1.189785085328877,-0.2850916446852929,1.5961095091360884,0.1986754966887417,4.0,30759.283827066727
SOXL,SMH,PB_RSI5_R10_H30_TS16,2021-09-11,2024-09-11,3,0.40289769238849704,1.1531242556812746,-0.2850916446852929,1.4132216776582418,0.1419098143236074,3.5,27536.651582746726
SOXL,SMH,PB_RSI5_R10_H30_TS16,2021-12-11,2024-12-11,3,0.5684047994039199,1.3945390303440508,-0.19189882336913078,2.962002525208576,0.15915119363395225,4.0,38443.5276523964
SOXL,SMH,PB_RSI5_R10_H30_TS16,2022-03-11,2025-03-11,3,0.5702832499328669,1.396406569534691,-0.19189882336913078,2.9717912800115887,0.1595744680851064,4.0,38443.5276523964
SOXL,SMH,PB_RSI5_R10_H30_TS16,2022-06-11,2025-06-11,3,0.6772958289537838,1.5260201485736462,-0.214630233134664,3.155640373035576,0.17420212765957446,4.5,46801.93058710723
SOXL,SMH,PB_RSI5_R10_H30_TS16,2022-09-11,2025-09-11,3,0.814219279100229,1.6891022701894578,-0.214630233134664,3.793590805957746,0.199203187250996,5.0,59291.1252988838
SOXL,SMH,PB_RSI5_R10_H30_TS16,2022-12-11,2025-12-11,3,0.814219279100229,1.6891022701894578,-0.214630233134664,3.793590805957746,0.199203187250996,5.0,59291.1252988838
SOXL,SMH,PB_RSI5_R10_H30_TS16,2023-03-11,2026-03-11,3,0.9930453299407267,1.7440345302075013,-0.2711647690173762,3.6621473119064833,0.2393617021276596,6.0,78306.40539204917
SOXL,SMH,PB_RSI5_R10_H30_TS16,2023-06-11,2026-06-11,3,1.6150940423511466,2.2414890504500486,-0.2711647690173763,5.956135261242773,0.2403718459495352,6.5,176803.90255796866
SOXL,SMH,PB_RSI5_R10_H30_TS16,2010-03-11,2015-03-11,5,-0.10211974615292774,-0.09758440938740782,-0.6204456556552898,-0.16459096009798468,0.2621127879269261,11.0,5838.183545465736
SOXL,SMH,PB_RSI5_R10_H30_TS16,2010-06-11,2015-06-11,5,-0.06535326149704646,-0.009488160494251045,-0.6166671175516676,-0.10597818439957733,0.27005559968228754,11.5,7134.342459280398
SOXL,SMH,PB_RSI5_R10_H30_TS16,2010-09-11,2015-09-11,5,-0.04308851267970526,0.01836846592007437,-0.5479155944989611,-0.0786407853916028,0.23828435266084194,10.0,8024.8097739984605
SOXL,SMH,PB_RSI5_R10_H30_TS16,2010-12-11,2015-12-11,5,-0.08639028248947911,-0.13467780623265568,-0.5479155944989614,-0.15767078607879056,0.22716441620333597,9.5,6367.357916321938
SOXL,SMH,PB_RSI5_R10_H30_TS16,2011-03-11,2016-03-11,5,-0.07782333295698085,-0.10667527791571714,-0.5479155944989613,-0.14203525823744076,0.21445591739475775,9.0,6671.296975619204
SOXL,SMH,PB_RSI5_R10_H30_TS16,2011-06-11,2016-06-11,5,-0.06666495835154551,-0.08523983002422027,-0.5479155944989613,-0.12167012404986748,0.1907790143084261,8.0,7086.39986534358
SOXL,SMH,PB_RSI5_R10_H30_TS16,2011-09-11,2016-09-11,5,-0.03289533602780137,0.05395565189765238,-0.5479155944989613,-0.060037232665155926,0.21462639109697934,9.0,8462.188173600858
SOXL,SMH,PB_RSI5_R10_H30_TS16,2011-12-11,2016-12-11,5,0.016057853363694807,0.2210164225786849,-0.5479155944989613,0.029307166149156298,0.25675675675675674,10.5,10827.726482561273
SOXL,SMH,PB_RSI5_R10_H30_TS16,2012-03-11,2017-03-11,5,0.03740113023133129,0.28150498634258664,-0.5479155944989613,0.06826075148587908,0.26232114467408585,10.5,12011.77041604249
SOXL,SMH,PB_RSI5_R10_H30_TS16,2012-06-11,2017-06-11,5,0.2103020346365967,0.764820205195155,-0.5128657619956578,0.4100527861682005,0.2384737678855326,10.0,25930.502318995896
SOXL,SMH,PB_RSI5_R10_H30_TS16,2012-09-11,2017-09-11,5,0.21054462548973318,0.7654572239588278,-0.5128657619956579,0.41052579659531985,0.2384737678855326,10.0,25956.45877777367
SOXL,SMH,PB_RSI5_R10_H30_TS16,2012-12-11,2017-12-11,5,0.2101775395715091,0.7648480655751733,-0.5128657619956579,0.40981004221000916,0.23809523809523808,10.0,25956.45877777367
SOXL,SMH,PB_RSI5_R10_H30_TS16,2013-03-11,2018-03-11,5,0.1538846024161269,0.6188609116070019,-0.5128657619956581,0.3000484996645763,0.21428571428571427,9.0,20455.584356765663
SOXL,SMH,PB_RSI5_R10_H30_TS16,2013-06-11,2018-06-11,5,0.09450488835371229,0.4522657788426032,-0.5128657619956578,0.1842682732143707,0.19047619047619047,8.0,15706.82944543014
SOXL,SMH,PB_RSI5_R10_H30_TS16,2013-09-11,2018-09-11,5,0.08300833595991519,0.42016865102317236,-0.47375464735602346,0.17521376607739106,0.176984126984127,7.5,14899.064391201113
SOXL,SMH,PB_RSI5_R10_H30_TS16,2013-12-11,2018-12-11,5,0.07957962634087923,0.407973828702527,-0.47375464735602346,0.1679764552917951,0.19062748212867356,8.0,14660.252050626603
SOXL,SMH,PB_RSI5_R10_H30_TS16,2014-03-11,2019-03-11,5,0.07957962634087923,0.407973828702527,-0.47375464735602346,0.1679764552917951,0.19062748212867356,8.0,14660.252050626603
SOXL,SMH,PB_RSI5_R10_H30_TS16,2014-06-11,2019-06-11,5,0.17593424098940647,0.6733498723937368,-0.47375464735602346,0.37136150953088815,0.21445591739475775,9.0,22471.697714540252
SOXL,SMH,PB_RSI5_R10_H30_TS16,2014-09-11,2019-09-11,5,0.17593424098940647,0.6733498723937368,-0.47375464735602346,0.37136150953088815,0.21445591739475775,9.0,22471.697714540252
SOXL,SMH,PB_RSI5_R10_H30_TS16,2014-12-11,2019-12-11,5,0.2908043404253746,0.9957183866394138,-0.3798030655285003,0.7656713881988211,0.22319301032565528,9.5,35798.28020780511
SOXL,SMH,PB_RSI5_R10_H30_TS16,2015-03-11,2020-03-11,5,0.3801406443522253,1.2370906569804216,-0.31126579896784046,1.2212734120252668,0.21428571428571427,9.0,50074.512387474235
SOXL,SMH,PB_RSI5_R10_H30_TS16,2015-06-11,2020-06-11,5,0.4092332045667708,1.3904249995395666,-0.20617229262456016,1.9849088321095827,0.19047619047619047,8.0,55579.46189103275
SOXL,SMH,PB_RSI5_R10_H30_TS16,2015-09-11,2020-09-11,5,0.4092332045667708,1.3904249995395666,-0.20617229262456016,1.9849088321095827,0.19047619047619047,8.0,55579.46189103275
SOXL,SMH,PB_RSI5_R10_H30_TS16,2015-12-11,2020-12-11,5,0.5337986664700192,1.5701936432400758,-0.20617229262456016,2.589090220003843,0.2119047619047619,8.5,84887.11606752969
SOXL,SMH,PB_RSI5_R10_H30_TS16,2016-03-11,2021-03-11,5,0.6440619680072712,1.676372814155537,-0.20617229262456016,3.123901664032559,0.23828435266084194,10.0,119876.51160939127
SOXL,SMH,PB_RSI5_R10_H30_TS16,2016-06-11,2021-06-11,5,0.6440619680072712,1.676372814155537,-0.20617229262456016,3.123901664032559,0.23828435266084194,10.0,119876.51160939127
SOXL,SMH,PB_RSI5_R10_H30_TS16,2016-09-11,2021-09-11,5,0.6222403171851969,1.6393252231405313,-0.22555186890360124,2.7587460046768073,0.24861000794281177,9.5,112135.25182249791
SOXL,SMH,PB_RSI5_R10_H30_TS16,2016-12-11,2021-12-11,5,0.46921710292822794,1.4157388138700362,-0.23349758537605436,2.0095158678944824,0.2200158856235107,8.5,68354.45684831003
SOXL,SMH,PB_RSI5_R10_H30_TS16,2017-03-11,2022-03-11,5,0.43859788705483704,1.355292346120598,-0.23349758537605458,1.878382966352575,0.21428571428571427,8.0,61616.509222408684
SOXL,SMH,PB_RSI5_R10_H30_TS16,2017-06-11,2022-06-11,5,0.35520906431662125,1.1860748147847817,-0.23349758537605425,1.5212536940994372,0.19047619047619047,7.0,45712.13323689955
SOXL,SMH,PB_RSI5_R10_H30_TS16,2017-09-11,2022-09-11,5,0.3555362869486336,1.1865483903308223,-0.23349758537605425,1.5226550903129583,0.19062748212867356,7.0,45712.13323689955
SOXL,SMH,PB_RSI5_R10_H30_TS16,2017-12-11,2022-12-11,5,0.3555362869486336,1.1865483903308223,-0.23349758537605425,1.5226550903129583,0.19062748212867356,7.0,45712.13323689955
SOXL,SMH,PB_RSI5_R10_H30_TS16,2018-03-11,2023-03-11,5,0.3555362869486336,1.1865483903308223,-0.23349758537605425,1.5226550903129583,0.19062748212867356,7.0,45712.13323689955
SOXL,SMH,PB_RSI5_R10_H30_TS16,2018-06-11,2023-06-11,5,0.48977925700034697,1.3480349474347653,-0.2850916446852928,1.7179712774150393,0.2136616362192216,7.5,73269.3980476867
SOXL,SMH,PB_RSI5_R10_H30_TS16,2018-09-11,2023-09-11,5,0.5138929083340533,1.396719125728753,-0.2850916446852928,1.8025533820934312,0.20508744038155802,7.5,79258.6090257321
SOXL,SMH,PB_RSI5_R10_H30_TS16,2018-12-11,2023-12-11,5,0.532700622453236,1.4474919263277755,-0.2850916446852927,1.8685241478797958,0.19062748212867356,7.0,84440.4865518653
SOXL,SMH,PB_RSI5_R10_H30_TS16,2019-03-11,2024-03-11,5,0.6544627052279917,1.56546260018726,-0.2850916446852927,2.2956221882631485,0.21428571428571427,8.0,123960.95370531801
SOXL,SMH,PB_RSI5_R10_H30_TS16,2019-06-11,2024-06-11,5,0.6132201454320227,1.4808635064542308,-0.28509164468529313,2.1509579704061266,0.21428571428571427,8.0,109261.7579061941
SOXL,SMH,PB_RSI5_R10_H30_TS16,2019-09-11,2024-09-11,5,0.6138330449395382,1.4814566206462183,-0.28509164468529313,2.153107803692865,0.21445591739475775,8.0,109261.7579061941
SOXL,SMH,PB_RSI5_R10_H30_TS16,2019-12-11,2024-12-11,5,0.5631993196634444,1.3873882476505532,-0.2850916446852929,1.9755027204853692,0.20651310563939634,7.5,93175.53359979618
SOXL,SMH,PB_RSI5_R10_H30_TS16,2020-03-11,2025-03-11,5,0.48650848686665205,1.2657542952334053,-0.285091644685293,1.7064985801449883,0.1909307875894988,7.0,72241.59955072319
SOXL,SMH,PB_RSI5_R10_H30_TS16,2020-06-11,2025-06-11,5,0.5463089986670884,1.3481873580589188,-0.285091644685293,1.916257487202573,0.19968178202068418,7.5,87948.38908244109
SOXL,SMH,PB_RSI5_R10_H30_TS16,2020-09-11,2025-09-11,5,0.622025256605339,1.4535687755299562,-0.285091644685293,2.1818431658773454,0.21496815286624205,8.0,111417.60375069831
SOXL,SMH,PB_RSI5_R10_H30_TS16,2020-12-11,2025-12-11,5,0.4958971254340916,1.2931120927754909,-0.2850916446852929,1.7394305819853217,0.1942675159235669,7.5,74427.32670901071
SOXL,SMH,PB_RSI5_R10_H30_TS16,2021-03-11,2026-03-11,5,0.47000733951863394,1.2112151658551769,-0.2850916446852929,1.648618429478934,0.1910828025477707,7.0,68224.70248403926
SOXL,SMH,PB_RSI5_R10_H30_TS16,2021-06-11,2026-06-11,5,0.9027968720169042,1.7088354037302496,-0.2850916446852929,3.1666900410690184,0.21496815286624205,8.0,246903.55530432196
SOXL,SMH,HYB_F40_L5_B35,2010-03-11,2013-03-11,3,-0.13030419354959388,-0.1801372084060802,-0.5750706012123106,-0.22658816721790098,0.40304635761589397,24.775,6581.770481499313
SOXL,SMH,HYB_F40_L5_B35,2010-06-11,2013-06-11,3,0.027958163293642535,0.25370286861514135,-0.5750706012123108,0.04861692326942764,0.42629139072847677,24.75,10861.224675782632
SOXL,SMH,HYB_F40_L5_B35,2010-09-11,2013-09-11,3,0.0699722044261295,0.3695660277023925,-0.5750706012123104,0.12167585037145111,0.45788079470198667,24.725,12246.188212878042
SOXL,SMH,HYB_F40_L5_B35,2010-12-11,2013-12-11,3,-0.03979486535949661,0.04509790759637453,-0.5750706012123104,-0.06919996479667849,0.44907284768211914,23.174999999999997,8854.459504268512
SOXL,SMH,HYB_F40_L5_B35,2011-03-11,2014-03-11,3,-0.026179673009523508,0.07732491993880733,-0.561648868946889,-0.04661217080096911,0.4267904509283819,22.849999999999998,9236.9362098127
SOXL,SMH,HYB_F40_L5_B35,2011-06-11,2014-06-11,3,0.06306513141257786,0.35735679614986837,-0.43387508836934197,0.1453531975057596,0.39230769230769225,22.2,12007.94881076492
SOXL,SMH,HYB_F40_L5_B35,2011-09-11,2014-09-11,3,0.11474524757753501,0.5207240785747932,-0.40935643285968304,0.28030644779647756,0.4154304635761589,21.325,13846.48959586196
SOXL,SMH,HYB_F40_L5_B35,2011-12-11,2014-12-11,3,0.14159002560241296,0.5649149991294071,-0.4234917209231799,0.33433953630488317,0.4633112582781456,13.75,14869.702573195225
SOXL,SMH,HYB_F40_L5_B35,2012-03-11,2015-03-11,3,0.11617001457355358,0.48909072709788676,-0.4234917209231801,0.2743147240760969,0.5053713527851458,11.625,13893.518423335476
SOXL,SMH,HYB_F40_L5_B35,2012-06-11,2015-06-11,3,0.21567197159275286,0.7191606123098933,-0.42349172092318,0.5092708096455918,0.5121192052980132,11.775,17951.991678473823
SOXL,SMH,HYB_F40_L5_B35,2012-09-11,2015-09-11,3,0.21678002315961953,0.7233589602455868,-0.4234917209231799,0.5118872753570141,0.5056291390728477,8.45,18001.059595191135
SOXL,SMH,HYB_F40_L5_B35,2012-12-11,2015-12-11,3,0.1787443595255862,0.6358767249417001,-0.42349172092318,0.42207285454350085,0.5158520475561426,11.075,16388.61654826836
SOXL,SMH,HYB_F40_L5_B35,2013-03-11,2016-03-11,3,0.09332070255839309,0.4340929008190821,-0.4234917209231799,0.22036015805683526,0.46378627968337727,12.0,13078.268090475962
SOXL,SMH,HYB_F40_L5_B35,2013-06-11,2016-06-11,3,0.011514698652263622,0.20296617418749893,-0.4234917209231799,0.02718990261996728,0.4268163804491412,11.7,10349.904083272542
SOXL,SMH,HYB_F40_L5_B35,2013-09-11,2016-09-11,3,0.12153426411295043,0.5107046504807954,-0.42349172092318,0.2869814405061211,0.4269179894179894,11.700000000000001,14107.09655648459
SOXL,SMH,HYB_F40_L5_B35,2013-12-11,2016-12-11,3,0.15968853576886954,0.589773770321833,-0.4234917209231801,0.3770759329621853,0.46302910052910046,12.674999999999997,15596.390187562436
SOXL,SMH,HYB_F40_L5_B35,2014-03-11,2017-03-11,3,0.22579333308319915,0.7259174422073276,-0.4234917209231801,0.5331705956163362,0.4955085865257595,12.999999999999998,18433.280295257227
SOXL,SMH,HYB_F40_L5_B35,2014-06-11,2017-06-11,3,0.28194920776973276,0.8171688688536727,-0.4234917209231802,0.6657726558505196,0.5257936507936507,13.325,21067.47343173602
SOXL,SMH,HYB_F40_L5_B35,2014-09-11,2017-09-11,3,0.2816049475330149,0.8088523283987934,-0.4234917209231799,0.6649597468378778,0.5300925925925926,13.649999999999999,21050.50533537671
SOXL,SMH,HYB_F40_L5_B35,2014-12-11,2017-12-11,3,0.37225051168696655,1.0294001385990414,-0.38304212802516735,0.971826554969714,0.5007936507936508,12.649999999999999,25840.457838939266
SOXL,SMH,HYB_F40_L5_B35,2015-03-11,2018-03-11,3,0.4203763417143136,1.1517166511345927,-0.383042128025167,1.0974676437853688,0.4664021164021164,12.0,28655.651697084744
SOXL,SMH,HYB_F40_L5_B35,2015-06-11,2018-06-11,3,0.38842646823413074,1.1540739701477543,-0.31167375941973485,1.2462597716191823,0.4269179894179894,11.7,26765.086588586742
SOXL,SMH,HYB_F40_L5_B35,2015-09-11,2018-09-11,3,0.3554595492907169,1.0627934712070235,-0.2583426537354496,1.375922806981451,0.45013227513227516,12.549999999999999,24903.459655257786
SOXL,SMH,HYB_F40_L5_B35,2015-12-11,2018-12-11,3,0.3088126211482909,0.9424416178828836,-0.35287259901644086,0.8751391352262601,0.4642384105960265,7.625,22395.905355660685
SOXL,SMH,HYB_F40_L5_B35,2016-03-11,2019-03-11,3,0.3321406210328506,0.9896568694660546,-0.37754057054622336,0.8797481567406427,0.46996021220159145,8.849999999999998,23586.403385515918
SOXL,SMH,HYB_F40_L5_B35,2016-06-11,2019-06-11,3,0.399255247503729,1.0566336977354613,-0.3775405705462235,1.05751614171184,0.501657824933687,9.325,27323.28553180587
SOXL,SMH,HYB_F40_L5_B35,2016-09-11,2019-09-11,3,0.32834446942213225,0.9621182981678911,-0.37754057054622336,0.8696932066058106,0.4637748344370861,8.85,23412.231377885728
SOXL,SMH,HYB_F40_L5_B35,2016-12-11,2019-12-11,3,0.3634280686525928,1.0176372273597623,-0.3775405705462227,0.9626199063236779,0.47152317880794703,8.849999999999998,25314.09680698303
SOXL,SMH,HYB_F40_L5_B35,2017-03-11,2020-03-11,3,0.2493284790304553,0.7647507342647708,-0.37754057054622314,0.6604018176635389,0.46284768211920535,9.025,19482.5716746659
SOXL,SMH,HYB_F40_L5_B35,2017-06-11,2020-06-11,3,0.1944326283311184,0.6631378046461774,-0.3775405705462228,0.5149979724028461,0.422420634920635,9.575,17040.603660845318
SOXL,SMH,HYB_F40_L5_B35,2017-09-11,2020-09-11,3,0.23432360942153596,0.7509254613183505,-0.37754057054622303,0.6206580900233271,0.41803170409511226,9.25,18821.313196353007
SOXL,SMH,HYB_F40_L5_B35,2017-12-11,2020-12-11,3,0.40194322781325864,1.0299493575657372,-0.3775405705462228,1.0646358541857641,0.44121532364597094,9.575,27591.38777011384
SOXL,SMH,HYB_F40_L5_B35,2018-03-11,2021-03-11,3,0.32151415750054246,0.8393063581521024,-0.3775405705462227,0.851601609425388,0.4748677248677249,10.225,23078.91886543132
SOXL,SMH,HYB_F40_L5_B35,2018-06-11,2021-06-11,3,0.47335760384956305,1.0449836504375112,-0.35905934890879554,1.3183269152805164,0.49180977542932625,10.2,32032.615144061518
SOXL,SMH,HYB_F40_L5_B35,2018-09-11,2021-09-11,3,0.581272715316578,1.1695024006505121,-0.35905934890879543,1.6188764255355093,0.5257936507936508,9.825,39538.51299482739
SOXL,SMH,HYB_F40_L5_B35,2018-12-11,2021-12-11,3,0.9256021548213982,1.5346790871271814,-0.35905934890879576,2.577852819135227,0.557133421400264,9.274999999999999,71586.13616558927
SOXL,SMH,HYB_F40_L5_B35,2019-03-11,2022-03-11,3,0.8411229703304564,1.4390258184644917,-0.35905934890879576,2.3425736522017395,0.5552042160737812,6.125,62864.30764230214
SOXL,SMH,HYB_F40_L5_B35,2019-06-11,2022-06-11,3,0.6657997956070301,1.2851581102333751,-0.35905934890879543,1.8542889849002364,0.5027044854881266,8.099999999999998,46411.683775381855
SOXL,SMH,HYB_F40_L5_B35,2019-09-11,2022-09-11,3,0.6094154849662212,1.219123461781312,-0.35905934890879565,1.6972555841207697,0.4845899470899471,12.825,41687.37285750416
SOXL,SMH,HYB_F40_L5_B35,2019-12-11,2022-12-11,3,0.5552106012117872,1.1829696016866753,-0.35905934890879565,1.5462920068760437,0.4179894179894179,15.700000000000003,37615.56798900877
SOXL,SMH,HYB_F40_L5_B35,2020-03-11,2023-03-11,3,0.5188852951928924,1.1646806585898224,-0.35905934890879565,1.4451240352599592,0.38664021164021156,16.425,35040.87422760521
SOXL,SMH,HYB_F40_L5_B35,2020-06-11,2023-06-11,3,0.7406734342944281,1.3756284843284081,-0.35905934890879565,2.062816179401489,0.42231788079470195,15.874999999999998,52625.55347638241
SOXL,SMH,HYB_F40_L5_B35,2020-09-11,2023-09-11,3,0.675488434715424,1.2830506625983986,-0.35905934890879554,1.8812723767485147,0.4318965517241379,16.200000000000003,46843.07569814174
SOXL,SMH,HYB_F40_L5_B35,2020-12-11,2023-12-11,3,0.4346815712470171,1.0001038299667215,-0.3590593489087959,1.2106120410679793,0.40716180371352784,16.224999999999998,29445.739646420083
SOXL,SMH,HYB_F40_L5_B35,2021-03-11,2024-03-11,3,0.7656552246156749,1.4378621437078043,-0.2822838492413676,2.712359303138874,0.40794701986754967,16.225,54920.93549934541
SOXL,SMH,HYB_F40_L5_B35,2021-06-11,2024-06-11,3,0.8609285845432704,1.5481791196966126,-0.2822838492413674,3.049868374889318,0.4225827814569536,16.225,64286.34943221037
SOXL,SMH,HYB_F40_L5_B35,2021-09-11,2024-09-11,3,0.6452790162377964,1.2853523929494484,-0.3636944233059154,1.774234013192528,0.39370026525198937,16.075,44361.11867010152
SOXL,SMH,HYB_F40_L5_B35,2021-12-11,2024-12-11,3,0.47440560271423315,1.0385953145058318,-0.36369442330591517,1.304407140483414,0.3927718832891247,16.25,31953.077123117408
SOXL,SMH,HYB_F40_L5_B35,2022-03-11,2025-03-11,3,0.49615464176782575,1.0689600053268256,-0.3636944233059156,1.3642074499187287,0.39753989361702124,16.950000000000003,33277.6039242532
SOXL,SMH,HYB_F40_L5_B35,2022-06-11,2025-06-11,3,0.7183247633565464,1.3323057700155283,-0.36504286663156293,1.9677819484185406,0.413563829787234,16.4,50301.84531428613
SOXL,SMH,HYB_F40_L5_B35,2022-09-11,2025-09-11,3,0.8515088469457253,1.4554512613959154,-0.3650428666315635,2.332627000228853,0.46082337317397076,11.825,63007.54290068831
SOXL,SMH,HYB_F40_L5_B35,2022-12-11,2025-12-11,3,0.9057583619223928,1.4999706584323016,-0.36504286663156316,2.4812383550465933,0.48452855245683935,7.800000000000001,68686.17960326301
SOXL,SMH,HYB_F40_L5_B35,2023-03-11,2026-03-11,3,1.1395768533718011,1.6274737365868914,-0.3650428666315628,3.121761736881094,0.5253324468085105,7.4,96769.9179636651
SOXL,SMH,HYB_F40_L5_B35,2023-06-11,2026-06-11,3,2.0138118043916338,2.080407497603259,-0.36504286663156327,5.516644724424018,0.5345949535192562,7.725,270174.6672634377
SOXL,SMH,HYB_F40_L5_B35,2010-03-11,2015-03-11,5,0.008821635152974627,0.21270511274994772,-0.5750706012123106,0.015340090650396095,0.4613582208101668,27.725,10448.568666593757
SOXL,SMH,HYB_F40_L5_B35,2010-06-11,2015-06-11,5,0.05981577065590615,0.3439956323138974,-0.5750706012123108,0.10401465581757799,0.47529785544082603,27.7,13367.548495089195
SOXL,SMH,HYB_F40_L5_B35,2010-09-11,2015-09-11,5,0.07348538556615791,0.38038046472058323,-0.5750706012123104,0.12778498050716358,0.46024622716441627,27.199999999999996,14251.431009037475
SOXL,SMH,HYB_F40_L5_B35,2010-12-11,2015-12-11,5,-0.019448301421058467,0.1175292576766581,-0.5750706012123104,-0.0338189804522425,0.44773629864972203,31.775,9065.386585206043
SOXL,SMH,HYB_F40_L5_B35,2011-03-11,2016-03-11,5,-0.03645751487581228,0.05974741693312024,-0.561648868946889,-0.06491157890902795,0.42319301032565526,33.55,8306.50531878079
SOXL,SMH,HYB_F40_L5_B35,2011-06-11,2016-06-11,5,-0.006572016618693555,0.1407734738429685,-0.43387508836934197,-0.015147255039217733,0.40091414944356124,33.25,9676.19636889092
SOXL,SMH,HYB_F40_L5_B35,2011-09-11,2016-09-11,5,0.07497033796675678,0.3855734037516269,-0.4234917209231799,0.1770290521933395,0.43549284578696335,33.025,14346.079245032786
SOXL,SMH,HYB_F40_L5_B35,2011-12-11,2016-12-11,5,0.1512460518630756,0.5776782034364857,-0.4234917209231799,0.3571405163089627,0.4683227344992051,25.424999999999997,20200.18317076895
SOXL,SMH,HYB_F40_L5_B35,2012-03-11,2017-03-11,5,0.1900657204201428,0.6643154943619487,-0.4234917209231801,0.4488062246076826,0.49240858505564383,22.975,23837.184540832146
SOXL,SMH,HYB_F40_L5_B35,2012-06-11,2017-06-11,5,0.316263544423788,0.937270458178666,-0.42349172092318,0.7467998281863866,0.4939984101748807,22.799999999999997,39424.582248991595
SOXL,SMH,HYB_F40_L5_B35,2012-09-11,2017-09-11,5,0.34581313117361256,0.9895665265384342,-0.4234917209231799,0.8165758953203763,0.5060413354531,19.625,44045.35538902064
SOXL,SMH,HYB_F40_L5_B35,2012-12-11,2017-12-11,5,0.37175933275841966,1.0384059363763265,-0.42349172092318,0.8778432124907009,0.5194047619047619,16.125,48572.406169521215
SOXL,SMH,HYB_F40_L5_B35,2013-03-11,2018-03-11,5,0.3567843608712502,1.018989607589425,-0.4234917209231799,0.8424824931488326,0.4993253968253968,14.95,45978.43078463841
SOXL,SMH,HYB_F40_L5_B35,2013-06-11,2018-06-11,5,0.2698272913451434,0.8501309201927839,-0.4234917209231799,0.6371489170011171,0.4756349206349206,14.649999999999999,33015.910900635565
SOXL,SMH,HYB_F40_L5_B35,2013-09-11,2018-09-11,5,0.23797298672293432,0.7891855223219766,-0.42349172092318,0.5619306705788042,0.4558730158730159,15.024999999999999,29077.418100774867
SOXL,SMH,HYB_F40_L5_B35,2013-12-11,2018-12-11,5,0.1803640601242944,0.6478648345450153,-0.4234917209231801,0.4258974879865758,0.4568308181096108,16.225,22897.81858349208
SOXL,SMH,HYB_F40_L5_B35,2014-03-11,2019-03-11,5,0.15726995810641364,0.5919964083058519,-0.4234917209231801,0.37136489413199614,0.44904686258935655,19.55,20745.393242121292
SOXL,SMH,HYB_F40_L5_B35,2014-06-11,2019-06-11,5,0.1730676366158923,0.6150851890740476,-0.4234917209231802,0.4086682881039984,0.4663621922160445,20.375,22199.34574759791
SOXL,SMH,HYB_F40_L5_B35,2014-09-11,2019-09-11,5,0.19484153408802785,0.6615771901805535,-0.4234917209231799,0.4600834549097868,0.464416203335981,20.55,24335.751776208646
SOXL,SMH,HYB_F40_L5_B35,2014-12-11,2019-12-11,5,0.2779352213234525,0.8426265452448365,-0.38304212802516735,0.725599616826458,0.4731532962668785,20.525,34050.34727630772
SOXL,SMH,HYB_F40_L5_B35,2015-03-11,2020-03-11,5,0.26988759014744845,0.8166508842899171,-0.383042128025167,0.7045898359506713,0.46682539682539675,20.375,33023.750584734094
SOXL,SMH,HYB_F40_L5_B35,2015-06-11,2020-06-11,5,0.2996139785361105,0.894874564959263,-0.3775405705462228,0.7935941244741758,0.44007936507936507,20.599999999999998,37074.20693319123
SOXL,SMH,HYB_F40_L5_B35,2015-09-11,2020-09-11,5,0.3529086553499077,0.9936110376794347,-0.3775405705462228,0.9347569053024477,0.45313492063492067,20.425,45325.47625597978
SOXL,SMH,HYB_F40_L5_B35,2015-12-11,2020-12-11,5,0.5184728967271479,1.2485750087232397,-0.3775405705462227,1.373290547230528,0.4745634920634921,14.625,80730.05027356437
SOXL,SMH,HYB_F40_L5_B35,2016-03-11,2021-03-11,5,0.5228693054236475,1.1905611372890677,-0.37754057054622336,1.3849354114901173,0.5059173947577443,13.175,81768.92993936129
SOXL,SMH,HYB_F40_L5_B35,2016-06-11,2021-06-11,5,0.5916690064513628,1.257965931781496,-0.3775405705462235,1.5671666904442603,0.514813343923749,13.149999999999999,101967.7403131512
SOXL,SMH,HYB_F40_L5_B35,2016-09-11,2021-09-11,5,0.536289440429073,1.183178285806517,-0.37754057054622336,1.4204816177852695,0.5148133439237489,13.15,85432.92091617144
SOXL,SMH,HYB_F40_L5_B35,2016-12-11,2021-12-11,5,0.6013345555402292,1.2711792807462297,-0.3775405705462227,1.592768042571486,0.513780778395552,12.825,105099.08634627545
SOXL,SMH,HYB_F40_L5_B35,2017-03-11,2022-03-11,5,0.47291174105939016,1.0914207241527205,-0.37754057054622314,1.2526117136899608,0.4851587301587301,12.675,69324.00109266184
SOXL,SMH,HYB_F40_L5_B35,2017-06-11,2022-06-11,5,0.373633927540135,0.9503405991252625,-0.3775405705462228,0.9896523888798608,0.45293650793650797,15.149999999999999,48905.200625805606
SOXL,SMH,HYB_F40_L5_B35,2017-09-11,2022-09-11,5,0.3689734493524879,0.9473964252317602,-0.37754057054622303,0.9773080779600977,0.4370929308975377,19.725,48021.295953617315
SOXL,SMH,HYB_F40_L5_B35,2017-12-11,2022-12-11,5,0.36540818349042525,0.9399006779843181,-0.3775405705462228,0.9678646799779835,0.4229150119142176,23.575,47399.717274986884
SOXL,SMH,HYB_F40_L5_B35,2018-03-11,2023-03-11,5,0.32231372256461155,0.8633684075721607,-0.3775405705462227,0.8537194349690435,0.4193010325655282,24.799999999999997,40382.29885664036
SOXL,SMH,HYB_F40_L5_B35,2018-06-11,2023-06-11,5,0.4933492358489844,1.0971237707152268,-0.35905934890879554,1.3740047079913236,0.4373312152501986,24.775,74150.79364371559
SOXL,SMH,HYB_F40_L5_B35,2018-09-11,2023-09-11,5,0.5180375791106173,1.1226338058576952,-0.35905934890879543,1.4427630994290137,0.4427265500794912,24.075000000000003,80347.77656872002
SOXL,SMH,HYB_F40_L5_B35,2018-12-11,2023-12-11,5,0.5980787982343181,1.2381026055507345,-0.35905934890879576,1.6656822891589307,0.4395949166004765,23.224999999999998,104035.8498970001
SOXL,SMH,HYB_F40_L5_B35,2019-03-11,2024-03-11,5,0.8186936409807031,1.4546619353831045,-0.35905934890879576,2.2801067385343545,0.46821428571428575,20.549999999999997,198974.6463630695
SOXL,SMH,HYB_F40_L5_B35,2019-06-11,2024-06-11,5,0.8854719200614414,1.5273136777632175,-0.35905934890879543,2.466087912074836,0.4671428571428571,20.049999999999997,238286.9972941173
SOXL,SMH,HYB_F40_L5_B35,2019-09-11,2024-09-11,5,0.752761864021781,1.3622391164751664,-0.3636944233059153,2.0697646589664873,0.47275615567911045,20.375,165062.12151275712
SOXL,SMH,HYB_F40_L5_B35,2019-12-11,2024-12-11,5,0.6933613105867684,1.285163745812521,-0.3636944233059153,1.9064392142289175,0.4670373312152501,20.225,138944.20172115273
SOXL,SMH,HYB_F40_L5_B35,2020-03-11,2025-03-11,5,0.6413085616509393,1.242412440024165,-0.3636944233059153,1.7633170061326833,0.4461416070007955,20.6,118410.27402998914
SOXL,SMH,HYB_F40_L5_B35,2020-06-11,2025-06-11,5,0.702712261861598,1.3091779422936847,-0.36504286663156293,1.9250129946268588,0.4476531424025458,21.974999999999998,142218.02265208305
SOXL,SMH,HYB_F40_L5_B35,2020-09-11,2025-09-11,5,0.7500901567121234,1.3551081248820716,-0.36504286663156327,2.0548002036954944,0.46273885350318467,22.299999999999997,162721.1514645455
SOXL,SMH,HYB_F40_L5_B35,2020-12-11,2025-12-11,5,0.6474179325546672,1.2532924124400537,-0.36504286663156293,1.773539470935902,0.4492834394904458,21.974999999999994,120386.45204940834
SOXL,SMH,HYB_F40_L5_B35,2021-03-11,2026-03-11,5,0.7557412916453019,1.369861547713068,-0.36504286663156305,2.070280947054007,0.44980095541401266,21.974999999999998,165356.88763305516
SOXL,SMH,HYB_F40_L5_B35,2021-06-11,2026-06-11,5,1.2959858090576075,1.7735695727459653,-0.3650428666315627,3.55022910327308,0.46273885350318467,22.3,629674.821146407
SOXL,SMH,PB_RSI5_R10_H30_TS12,2010-03-11,2013-03-11,3,-0.21165601424012015,-0.39989411463493774,-0.650643490867665,-0.3253025922965378,0.27417218543046357,8.0,4904.075349757833
SOXL,SMH,PB_RSI5_R10_H30_TS12,2010-06-11,2013-06-11,3,-0.04678563446402917,0.035965728477494595,-0.6471655781493056,-0.07229314420248012,0.28741721854304636,8.5,8662.720724580737
SOXL,SMH,PB_RSI5_R10_H30_TS12,2010-09-11,2013-09-11,3,0.001987057165368844,0.15267504591687925,-0.5838840153135739,0.0034031710292697403,0.27417218543046357,8.0,10059.651001863696
SOXL,SMH,PB_RSI5_R10_H30_TS12,2010-12-11,2013-12-11,3,-0.07247436010369446,-0.12225002136474435,-0.5838840153135743,-0.12412458331261592,0.2556291390728477,7.5,7981.921097954878
SOXL,SMH,PB_RSI5_R10_H30_TS12,2011-03-11,2014-03-11,3,-0.05800015369263056,-0.07110459934457129,-0.583884015313574,-0.09933505999728673,0.23474801061007958,7.0,8362.929613854167
SOXL,SMH,PB_RSI5_R10_H30_TS12,2011-06-11,2014-06-11,3,-0.03880285727173971,-0.027200268125364052,-0.5838840153135739,-0.06645644726359001,0.19496021220159152,6.0,8883.289637093898
SOXL,SMH,PB_RSI5_R10_H30_TS12,2011-09-11,2014-09-11,3,-0.038752471718552006,-0.027182248681250472,-0.5838840153135739,-0.06637015349313863,0.1947019867549669,6.0,8883.289637093898
SOXL,SMH,PB_RSI5_R10_H30_TS12,2011-12-11,2014-12-11,3,-0.12254113087611973,-0.2714542655757175,-0.5838840153135739,-0.2098723850323411,0.22913907284768212,8.0,6759.360271450722
SOXL,SMH,PB_RSI5_R10_H30_TS12,2012-03-11,2015-03-11,3,-0.15926564594417847,-0.3636682792927019,-0.5838840153135739,-0.27276932021960754,0.2692307692307692,8.5,5950.785934073035
SOXL,SMH,PB_RSI5_R10_H30_TS12,2012-06-11,2015-06-11,3,0.009477058637279434,0.18533358320797008,-0.5039644653981676,0.018805013622918604,0.23311258278145697,7.0,10286.629671380779
SOXL,SMH,PB_RSI5_R10_H30_TS12,2012-09-11,2015-09-11,3,0.009814221550077606,0.1864487205026351,-0.5039644653981673,0.019474034825696852,0.23311258278145697,7.0,10296.926597978763
SOXL,SMH,PB_RSI5_R10_H30_TS12,2012-12-11,2015-12-11,3,0.00978816581162012,0.1862022241755625,-0.5039644653981673,0.019422333286706596,0.23249669749009247,7.0,10296.926597978763
SOXL,SMH,PB_RSI5_R10_H30_TS12,2013-03-11,2016-03-11,3,-0.06709415080233694,-0.09085021697319307,-0.5039644653981675,-0.13313270162674629,0.19261213720316622,6.0,8114.729842143915
SOXL,SMH,PB_RSI5_R10_H30_TS12,2013-06-11,2016-06-11,3,-0.145705977747431,-0.4304161220376451,-0.5039644653981676,-0.28911954661786116,0.15323645970937913,5.0,6230.8988784346575
SOXL,SMH,PB_RSI5_R10_H30_TS12,2013-09-11,2016-09-11,3,-0.10342496847030991,-0.22247519171959987,-0.5230230211287816,-0.19774458158093972,0.15343915343915343,5.0,7207.089585452269
SOXL,SMH,PB_RSI5_R10_H30_TS12,2013-12-11,2016-12-11,3,-0.026644457519038545,0.0980659644819607,-0.5230230211287816,-0.05094318307736209,0.22354497354497355,6.5,9221.77493169439
SOXL,SMH,PB_RSI5_R10_H30_TS12,2014-03-11,2017-03-11,3,0.007605205622368105,0.1999235754868426,-0.5230230211287816,0.014540862094281523,0.23249669749009247,7.0,10230.203310577772
SOXL,SMH,PB_RSI5_R10_H30_TS12,2014-06-11,2017-06-11,3,0.11305499288949306,0.481161715537214,-0.5230230211287816,0.2161568197237269,0.2724867724867725,8.0,13789.542775582033
SOXL,SMH,PB_RSI5_R10_H30_TS12,2014-09-11,2017-09-11,3,0.11305499288949306,0.481161715537214,-0.5230230211287816,0.2161568197237269,0.2724867724867725,8.0,13789.542775582033
SOXL,SMH,PB_RSI5_R10_H30_TS12,2014-12-11,2017-12-11,3,0.21919366669295814,0.7832153948482615,-0.3798030655285003,0.5771245326520671,0.23809523809523808,6.0,18122.499396277915
SOXL,SMH,PB_RSI5_R10_H30_TS12,2015-03-11,2018-03-11,3,0.27208594334158653,0.960507849379223,-0.31126579896784046,0.874127335042351,0.1984126984126984,5.0,20584.928410413762
SOXL,SMH,PB_RSI5_R10_H30_TS12,2015-06-11,2018-06-11,3,0.3170906192537497,1.193684762726373,-0.20617229262456016,1.5379885202672303,0.15873015873015872,4.0,22847.935797422117
SOXL,SMH,PB_RSI5_R10_H30_TS12,2015-09-11,2018-09-11,3,0.3079417870146026,1.1326869379992697,-0.20617229262456016,1.4936138270304087,0.17592592592592593,4.5,22375.113417941175
SOXL,SMH,PB_RSI5_R10_H30_TS12,2015-12-11,2018-12-11,3,0.30136928402835017,1.0920475468549249,-0.20617229262456016,1.4617351351723278,0.1986754966887417,5.0,22016.4698772693
SOXL,SMH,PB_RSI5_R10_H30_TS12,2016-03-11,2019-03-11,3,0.3018240090781892,1.0927749057218457,-0.20617229262456016,1.4639406936596027,0.1989389920424403,5.0,22016.4698772693
SOXL,SMH,PB_RSI5_R10_H30_TS12,2016-06-11,2019-06-11,3,0.501577556444722,1.486385491459236,-0.20617229262456016,2.4328077747968537,0.23872679045092837,6.0,33747.540909580115
SOXL,SMH,PB_RSI5_R10_H30_TS12,2016-09-11,2019-09-11,3,0.4144716094477958,1.4349254469494888,-0.18257275786375426,2.2701722551460666,0.1986754966887417,5.0,28260.842757360013
SOXL,SMH,PB_RSI5_R10_H30_TS12,2016-12-11,2019-12-11,3,0.43549211738167193,1.5625368238288235,-0.16247468157789424,2.6803691082963383,0.1827814569536424,5.0,29537.88647382523
SOXL,SMH,PB_RSI5_R10_H30_TS12,2017-03-11,2020-03-11,3,0.486410233096759,1.6530902885696521,-0.16247468157789424,2.993760186959113,0.1986754966887417,5.0,32789.362235433655
SOXL,SMH,PB_RSI5_R10_H30_TS12,2017-06-11,2020-06-11,3,0.34489730296601273,1.3506960786209612,-0.16247468157789435,2.1227756818262202,0.15873015873015872,4.0,24325.813230490476
SOXL,SMH,PB_RSI5_R10_H30_TS12,2017-09-11,2020-09-11,3,0.3443709636942014,1.3497971919536351,-0.16247468157789435,2.1195361661878467,0.15852047556142668,4.0,24325.813230490476
SOXL,SMH,PB_RSI5_R10_H30_TS12,2017-12-11,2020-12-11,3,0.5479156151498599,1.6486640453782477,-0.16247468157789435,3.3723138265525736,0.19418758256274768,4.5,37153.078868992336
SOXL,SMH,PB_RSI5_R10_H30_TS12,2018-03-11,2021-03-11,3,0.7376502837238537,1.809998103134939,-0.18911109896219291,3.9006186721559093,0.23809523809523808,6.0,52467.108045233836
SOXL,SMH,PB_RSI5_R10_H30_TS12,2018-06-11,2021-06-11,3,0.7363824367114857,1.8087866691546404,-0.18911109896219291,3.893914427829026,0.23778071334214002,6.0,52467.108045233836
SOXL,SMH,PB_RSI5_R10_H30_TS12,2018-09-11,2021-09-11,3,0.7872380699158255,1.7944365073272657,-0.22555186890360113,3.490275091678731,0.2791005291005291,6.0,57088.31442127506
SOXL,SMH,PB_RSI5_R10_H30_TS12,2018-12-11,2021-12-11,3,0.6791102029860285,1.606818086925902,-0.23349758537605403,2.9084249496297945,0.2774108322324967,6.0,47438.48088190544
SOXL,SMH,PB_RSI5_R10_H30_TS12,2019-03-11,2022-03-11,3,0.6768186919150982,1.604678009717801,-0.23349758537605403,2.898611096234952,0.2766798418972332,6.0,47438.48088190544
SOXL,SMH,PB_RSI5_R10_H30_TS12,2019-06-11,2022-06-11,3,0.45584092534418996,1.273339154963794,-0.23349758537605447,1.9522297183932127,0.23746701846965698,5.0,30948.26636874746
SOXL,SMH,PB_RSI5_R10_H30_TS12,2019-09-11,2022-09-11,3,0.45728817889732776,1.2750332050095592,-0.23349758537605447,1.958427870510319,0.23809523809523808,5.0,30948.26636874746
SOXL,SMH,PB_RSI5_R10_H30_TS12,2019-12-11,2022-12-11,3,0.3432583595540022,1.1237906024474626,-0.23349758537605425,1.4700724163856993,0.18518518518518517,3.5,24236.988458052714
SOXL,SMH,PB_RSI5_R10_H30_TS12,2020-03-11,2023-03-11,3,0.2340176563397589,0.8684347682077883,-0.23349758537605436,1.0022273076737258,0.15873015873015872,3.0,18791.615640460088
SOXL,SMH,PB_RSI5_R10_H30_TS12,2020-06-11,2023-06-11,3,0.4448735258669225,1.1911958964610572,-0.285091644685293,1.5604579585557814,0.19735099337748344,3.5,30120.019977728574
SOXL,SMH,PB_RSI5_R10_H30_TS12,2020-09-11,2023-09-11,3,0.4971259494532969,1.2744241571227446,-0.285091644685293,1.7437408591965728,0.1989389920424403,4.0,33449.072109333465
SOXL,SMH,PB_RSI5_R10_H30_TS12,2020-12-11,2023-12-11,3,0.30826668035580096,0.9729446494063683,-0.2850916446852929,1.0812897750689625,0.16445623342175067,3.5,22344.090468549646
SOXL,SMH,PB_RSI5_R10_H30_TS12,2021-03-11,2024-03-11,3,0.31600411394172645,0.9717943402150849,-0.2850916446852929,1.1084299376453393,0.15894039735099338,3.0,22766.61680065859
SOXL,SMH,PB_RSI5_R10_H30_TS12,2021-06-11,2024-06-11,3,0.455037485057443,1.189785085328877,-0.2850916446852929,1.5961095091360884,0.1986754966887417,4.0,30759.283827066727
SOXL,SMH,PB_RSI5_R10_H30_TS12,2021-09-11,2024-09-11,3,0.40289769238849704,1.1531242556812746,-0.2850916446852929,1.4132216776582418,0.1419098143236074,3.5,27536.651582746726
SOXL,SMH,PB_RSI5_R10_H30_TS12,2021-12-11,2024-12-11,3,0.5684047994039199,1.3945390303440508,-0.19189882336913078,2.962002525208576,0.15915119363395225,4.0,38443.5276523964
SOXL,SMH,PB_RSI5_R10_H30_TS12,2022-03-11,2025-03-11,3,0.5702832499328669,1.396406569534691,-0.19189882336913078,2.9717912800115887,0.1595744680851064,4.0,38443.5276523964
SOXL,SMH,PB_RSI5_R10_H30_TS12,2022-06-11,2025-06-11,3,0.6772958289537838,1.5260201485736462,-0.214630233134664,3.155640373035576,0.17420212765957446,4.5,46801.93058710723
SOXL,SMH,PB_RSI5_R10_H30_TS12,2022-09-11,2025-09-11,3,0.814219279100229,1.6891022701894578,-0.214630233134664,3.793590805957746,0.199203187250996,5.0,59291.1252988838
SOXL,SMH,PB_RSI5_R10_H30_TS12,2022-12-11,2025-12-11,3,0.814219279100229,1.6891022701894578,-0.214630233134664,3.793590805957746,0.199203187250996,5.0,59291.1252988838
SOXL,SMH,PB_RSI5_R10_H30_TS12,2023-03-11,2026-03-11,3,0.9930453299407267,1.7440345302075013,-0.2711647690173762,3.6621473119064833,0.2393617021276596,6.0,78306.40539204917
SOXL,SMH,PB_RSI5_R10_H30_TS12,2023-06-11,2026-06-11,3,1.6150940423511466,2.2414890504500486,-0.2711647690173763,5.956135261242773,0.2403718459495352,6.5,176803.90255796866
SOXL,SMH,PB_RSI5_R10_H30_TS12,2010-03-11,2015-03-11,5,-0.15087937826961528,-0.26682832247565114,-0.650643490867665,-0.23189255004827639,0.2565528196981732,13.0,4417.014336778345
SOXL,SMH,PB_RSI5_R10_H30_TS12,2010-06-11,2015-06-11,5,-0.11610950759245064,-0.18538078001390285,-0.6471655781493056,-0.17941236603542496,0.26449563145353455,13.5,5397.6536846982735
SOXL,SMH,PB_RSI5_R10_H30_TS12,2010-09-11,2015-09-11,5,-0.09505385203320538,-0.18257496440604126,-0.5838840153135739,-0.16279577714104207,0.23272438443208895,12.0,6071.357562781543
SOXL,SMH,PB_RSI5_R10_H30_TS12,2010-12-11,2015-12-11,5,-0.13600410742122904,-0.34672576859768156,-0.5838840153135743,-0.23293000639551364,0.221604447974583,11.5,4817.373586282043
SOXL,SMH,PB_RSI5_R10_H30_TS12,2011-03-11,2016-03-11,5,-0.1279023884200594,-0.3184170238020346,-0.583884015313574,-0.2190544441456744,0.20889594916600476,11.0,5047.325791787064
SOXL,SMH,PB_RSI5_R10_H30_TS12,2011-06-11,2016-06-11,5,-0.11738914733348749,-0.30762841061821605,-0.5838840153135739,-0.20104874299469191,0.18521462639109698,10.0,5361.3815937110485
SOXL,SMH,PB_RSI5_R10_H30_TS12,2011-09-11,2016-09-11,5,-0.08545481097690588,-0.1439385256585375,-0.612004321142456,-0.1396310581882552,0.20906200317965024,11.0,6402.266422805547
SOXL,SMH,PB_RSI5_R10_H30_TS12,2011-12-11,2016-12-11,5,-0.03916209260509551,0.048613813115423204,-0.612004321142456,-0.06398989558111269,0.25119236883942764,12.5,8191.969768633296
SOXL,SMH,PB_RSI5_R10_H30_TS12,2012-03-11,2017-03-11,5,-0.018978764052927644,0.11274218571583552,-0.612004321142456,-0.031010833416174468,0.25675675675675674,12.5,9087.785905421906
SOXL,SMH,PB_RSI5_R10_H30_TS12,2012-06-11,2017-06-11,5,0.1867029396135682,0.7140709550143761,-0.5584724577981433,0.33431002192958803,0.23529411764705882,11.0,23502.825430356523
SOXL,SMH,PB_RSI5_R10_H30_TS12,2012-09-11,2017-09-11,5,0.18694080030478588,0.714725710909701,-0.5584724577981431,0.33473593494982096,0.23529411764705882,11.0,23526.35178213869
SOXL,SMH,PB_RSI5_R10_H30_TS12,2012-12-11,2017-12-11,5,0.18661796006959852,0.7141570940568874,-0.5584724577981431,0.33415785767729045,0.23492063492063492,11.0,23526.35178213869
SOXL,SMH,PB_RSI5_R10_H30_TS12,2013-03-11,2018-03-11,5,0.13142092651921744,0.5634095243117783,-0.5584724577981436,0.23532212678376832,0.2111111111111111,10.0,18540.482644672946
SOXL,SMH,PB_RSI5_R10_H30_TS12,2013-06-11,2018-06-11,5,0.0731972090345856,0.39064314399364564,-0.5584724577981434,0.1310668198807439,0.1873015873015873,9.0,14236.317753470452
SOXL,SMH,PB_RSI5_R10_H30_TS12,2013-09-11,2018-09-11,5,0.061924470032843404,0.35633723910442383,-0.5230230211287816,0.1183972168169554,0.1738095238095238,8.5,13504.17763428815
SOXL,SMH,PB_RSI5_R10_H30_TS12,2013-12-11,2018-12-11,5,0.05854598027586655,0.3444282606315724,-0.5230230211287816,0.1119376736984031,0.187450357426529,9.0,13287.723487658459
SOXL,SMH,PB_RSI5_R10_H30_TS12,2014-03-11,2019-03-11,5,0.05854598027586655,0.3444282606315724,-0.5230230211287816,0.1119376736984031,0.187450357426529,9.0,13287.723487658459
SOXL,SMH,PB_RSI5_R10_H30_TS12,2014-06-11,2019-06-11,5,0.1530233004555117,0.6200789166185869,-0.5230230211287816,0.29257469417934756,0.21127879269261318,10.0,20367.84255126739
SOXL,SMH,PB_RSI5_R10_H30_TS12,2014-09-11,2019-09-11,5,0.1530233004555117,0.6200789166185869,-0.5230230211287816,0.29257469417934756,0.21127879269261318,10.0,20367.84255126739
SOXL,SMH,PB_RSI5_R10_H30_TS12,2014-12-11,2019-12-11,5,0.2908043404253746,0.9957183866394138,-0.3798030655285003,0.7656713881988211,0.22319301032565528,9.5,35798.28020780511
SOXL,SMH,PB_RSI5_R10_H30_TS12,2015-03-11,2020-03-11,5,0.3801406443522253,1.2370906569804216,-0.31126579896784046,1.2212734120252668,0.21428571428571427,9.0,50074.512387474235
SOXL,SMH,PB_RSI5_R10_H30_TS12,2015-06-11,2020-06-11,5,0.4092332045667708,1.3904249995395666,-0.20617229262456016,1.9849088321095827,0.19047619047619047,8.0,55579.46189103275
SOXL,SMH,PB_RSI5_R10_H30_TS12,2015-09-11,2020-09-11,5,0.4092332045667708,1.3904249995395666,-0.20617229262456016,1.9849088321095827,0.19047619047619047,8.0,55579.46189103275
SOXL,SMH,PB_RSI5_R10_H30_TS12,2015-12-11,2020-12-11,5,0.5337986664700192,1.5701936432400758,-0.20617229262456016,2.589090220003843,0.2119047619047619,8.5,84887.11606752969
SOXL,SMH,PB_RSI5_R10_H30_TS12,2016-03-11,2021-03-11,5,0.6440619680072712,1.676372814155537,-0.20617229262456016,3.123901664032559,0.23828435266084194,10.0,119876.51160939127
SOXL,SMH,PB_RSI5_R10_H30_TS12,2016-06-11,2021-06-11,5,0.6440619680072712,1.676372814155537,-0.20617229262456016,3.123901664032559,0.23828435266084194,10.0,119876.51160939127
SOXL,SMH,PB_RSI5_R10_H30_TS12,2016-09-11,2021-09-11,5,0.6222403171851969,1.6393252231405313,-0.22555186890360124,2.7587460046768073,0.24861000794281177,9.5,112135.25182249791
SOXL,SMH,PB_RSI5_R10_H30_TS12,2016-12-11,2021-12-11,5,0.46921710292822794,1.4157388138700362,-0.23349758537605436,2.0095158678944824,0.2200158856235107,8.5,68354.45684831003
SOXL,SMH,PB_RSI5_R10_H30_TS12,2017-03-11,2022-03-11,5,0.43859788705483704,1.355292346120598,-0.23349758537605458,1.878382966352575,0.21428571428571427,8.0,61616.509222408684
SOXL,SMH,PB_RSI5_R10_H30_TS12,2017-06-11,2022-06-11,5,0.35520906431662125,1.1860748147847817,-0.23349758537605425,1.5212536940994372,0.19047619047619047,7.0,45712.13323689955
SOXL,SMH,PB_RSI5_R10_H30_TS12,2017-09-11,2022-09-11,5,0.3555362869486336,1.1865483903308223,-0.23349758537605425,1.5226550903129583,0.19062748212867356,7.0,45712.13323689955
SOXL,SMH,PB_RSI5_R10_H30_TS12,2017-12-11,2022-12-11,5,0.3555362869486336,1.1865483903308223,-0.23349758537605425,1.5226550903129583,0.19062748212867356,7.0,45712.13323689955
SOXL,SMH,PB_RSI5_R10_H30_TS12,2018-03-11,2023-03-11,5,0.3555362869486336,1.1865483903308223,-0.23349758537605425,1.5226550903129583,0.19062748212867356,7.0,45712.13323689955
SOXL,SMH,PB_RSI5_R10_H30_TS12,2018-06-11,2023-06-11,5,0.48977925700034697,1.3480349474347653,-0.2850916446852928,1.7179712774150393,0.2136616362192216,7.5,73269.3980476867
SOXL,SMH,PB_RSI5_R10_H30_TS12,2018-09-11,2023-09-11,5,0.5138929083340533,1.396719125728753,-0.2850916446852928,1.8025533820934312,0.20508744038155802,7.5,79258.6090257321
SOXL,SMH,PB_RSI5_R10_H30_TS12,2018-12-11,2023-12-11,5,0.532700622453236,1.4474919263277755,-0.2850916446852927,1.8685241478797958,0.19062748212867356,7.0,84440.4865518653
SOXL,SMH,PB_RSI5_R10_H30_TS12,2019-03-11,2024-03-11,5,0.6544627052279917,1.56546260018726,-0.2850916446852927,2.2956221882631485,0.21428571428571427,8.0,123960.95370531801
SOXL,SMH,PB_RSI5_R10_H30_TS12,2019-06-11,2024-06-11,5,0.6132201454320227,1.4808635064542308,-0.28509164468529313,2.1509579704061266,0.21428571428571427,8.0,109261.7579061941
SOXL,SMH,PB_RSI5_R10_H30_TS12,2019-09-11,2024-09-11,5,0.6138330449395382,1.4814566206462183,-0.28509164468529313,2.153107803692865,0.21445591739475775,8.0,109261.7579061941
SOXL,SMH,PB_RSI5_R10_H30_TS12,2019-12-11,2024-12-11,5,0.5631993196634444,1.3873882476505532,-0.2850916446852929,1.9755027204853692,0.20651310563939634,7.5,93175.53359979618
SOXL,SMH,PB_RSI5_R10_H30_TS12,2020-03-11,2025-03-11,5,0.48650848686665205,1.2657542952334053,-0.285091644685293,1.7064985801449883,0.1909307875894988,7.0,72241.59955072319
SOXL,SMH,PB_RSI5_R10_H30_TS12,2020-06-11,2025-06-11,5,0.5463089986670884,1.3481873580589188,-0.285091644685293,1.916257487202573,0.19968178202068418,7.5,87948.38908244109
SOXL,SMH,PB_RSI5_R10_H30_TS12,2020-09-11,2025-09-11,5,0.622025256605339,1.4535687755299562,-0.285091644685293,2.1818431658773454,0.21496815286624205,8.0,111417.60375069831
SOXL,SMH,PB_RSI5_R10_H30_TS12,2020-12-11,2025-12-11,5,0.4958971254340916,1.2931120927754909,-0.2850916446852929,1.7394305819853217,0.1942675159235669,7.5,74427.32670901071
SOXL,SMH,PB_RSI5_R10_H30_TS12,2021-03-11,2026-03-11,5,0.47000733951863394,1.2112151658551769,-0.2850916446852929,1.648618429478934,0.1910828025477707,7.0,68224.70248403926
SOXL,SMH,PB_RSI5_R10_H30_TS12,2021-06-11,2026-06-11,5,0.9027968720169042,1.7088354037302496,-0.2850916446852929,3.1666900410690184,0.21496815286624205,8.0,246903.55530432196
SOXL,SMH,PB_RSI5_R15_H40,2010-03-11,2013-03-11,3,0.012077722243357236,0.20128497171032414,-0.4208095926298555,0.02870115713826137,0.26490066225165565,5.0,10366.23156379964
SOXL,SMH,PB_RSI5_R15_H40,2010-06-11,2013-06-11,3,0.012077722243357236,0.20128497171032414,-0.4208095926298555,0.02870115713826137,0.26490066225165565,5.0,10366.23156379964
SOXL,SMH,PB_RSI5_R15_H40,2010-09-11,2013-09-11,3,0.06992813235047546,0.3827661038030282,-0.3567788912964601,0.19599851352295872,0.26490066225165565,5.0,12244.67701791766
SOXL,SMH,PB_RSI5_R15_H40,2010-12-11,2013-12-11,3,-0.028234008526789367,0.028225650027413857,-0.3567788912964601,-0.07913587158756188,0.24503311258278146,4.5,9177.712455562501
SOXL,SMH,PB_RSI5_R15_H40,2011-03-11,2014-03-11,3,-0.08375721803082592,-0.20967095111936743,-0.35677889129646,-0.23475945487265146,0.21220159151193635,4.0,7697.207644357123
SOXL,SMH,PB_RSI5_R15_H40,2011-06-11,2014-06-11,3,-0.03240553712867145,-0.045145479178518716,-0.29903310284099316,-0.10836772524780527,0.15915119363395225,3.0,9061.365904722208
SOXL,SMH,PB_RSI5_R15_H40,2011-09-11,2014-09-11,3,-0.032363318045535494,-0.045115571362091905,-0.29903310284099316,-0.10822653993174881,0.15894039735099338,3.0,9061.365904722208
SOXL,SMH,PB_RSI5_R15_H40,2011-12-11,2014-12-11,3,-0.06043028640579429,-0.06303357822070182,-0.5368917822906197,-0.11255580435217641,0.2119205298013245,4.0,8296.491106474592
SOXL,SMH,PB_RSI5_R15_H40,2012-03-11,2015-03-11,3,-0.048486535767432115,0.008031399379058873,-0.5368917822906197,-0.09030969995585876,0.26525198938992045,4.5,8618.191185986876
SOXL,SMH,PB_RSI5_R15_H40,2012-06-11,2015-06-11,3,0.028226697396608547,0.242607610176191,-0.5368917822906196,0.05257427721501133,0.2119205298013245,4.0,10869.727485050309
SOXL,SMH,PB_RSI5_R15_H40,2012-09-11,2015-09-11,3,0.028226697396608547,0.24260761017619095,-0.5368917822906196,0.05257427721501133,0.2119205298013245,4.0,10869.727485050309
SOXL,SMH,PB_RSI5_R15_H40,2012-12-11,2015-12-11,3,0.017446126276582152,0.20956488088119615,-0.5368917822906196,0.032494679285552115,0.2311756935270806,4.5,10533.290822071132
SOXL,SMH,PB_RSI5_R15_H40,2013-03-11,2016-03-11,3,-0.17050831933120603,-0.4220153905654706,-0.5470405341157694,-0.311692294624591,0.21108179419525067,4.0,5698.909430469701
SOXL,SMH,PB_RSI5_R15_H40,2013-06-11,2016-06-11,3,-0.17071313815972256,-0.4222942376997809,-0.5470405341157694,-0.31206670715116475,0.21136063408190225,4.0,5698.909430469701
SOXL,SMH,PB_RSI5_R15_H40,2013-09-11,2016-09-11,3,-0.0534637732489448,0.005303743391173914,-0.520144177381843,-0.10278644955338317,0.21164021164021163,4.0,8480.309858876748
SOXL,SMH,PB_RSI5_R15_H40,2013-12-11,2016-12-11,3,-0.05119501210385746,0.037469676258840325,-0.520144177381843,-0.09842465672027449,0.2671957671957672,5.5,8541.4357297596
SOXL,SMH,PB_RSI5_R15_H40,2014-03-11,2017-03-11,3,0.03383643026361938,0.2788925924263024,-0.520144177381843,0.06505202160280978,0.31704095112285335,6.0,11051.286647787458
SOXL,SMH,PB_RSI5_R15_H40,2014-06-11,2017-06-11,3,0.11077603207947018,0.4650364742654967,-0.520144177381843,0.21297178147232892,0.3637566137566138,6.5,13705.014532545674
SOXL,SMH,PB_RSI5_R15_H40,2014-09-11,2017-09-11,3,0.11265608352634837,0.46837762537211103,-0.520144177381843,0.21658626285774302,0.37037037037037035,7.0,13774.721926929229
SOXL,SMH,PB_RSI5_R15_H40,2014-12-11,2017-12-11,3,0.14584889985901328,0.5606596738908656,-0.5201441773818432,0.28040090844262994,0.31746031746031744,6.0,15044.648877921165
SOXL,SMH,PB_RSI5_R15_H40,2015-03-11,2018-03-11,3,0.13141029979432117,0.5379480257342655,-0.5201441773818429,0.2526420663897033,0.26455026455026454,5.0,14483.061807523938
SOXL,SMH,PB_RSI5_R15_H40,2015-06-11,2018-06-11,3,0.13141029979432117,0.5379480257342655,-0.5201441773818429,0.2526420663897033,0.26455026455026454,5.0,14483.061807523938
SOXL,SMH,PB_RSI5_R15_H40,2015-09-11,2018-09-11,3,0.09941540953635064,0.4509686942157033,-0.5201441773818429,0.1911304862370281,0.2791005291005291,5.5,13288.790641790052
SOXL,SMH,PB_RSI5_R15_H40,2015-12-11,2018-12-11,3,-0.02897716509764292,0.10301886128643795,-0.48966126339737526,-0.0591779813183365,0.2993377483443709,5.5,9156.70042740084
SOXL,SMH,PB_RSI5_R15_H40,2016-03-11,2019-03-11,3,0.12038920619399818,0.5152120665475631,-0.47785521775391626,0.2519365735083292,0.26525198938992045,5.0,14051.249060004964
SOXL,SMH,PB_RSI5_R15_H40,2016-06-11,2019-06-11,3,0.19848635819388938,0.6791737850091979,-0.4799089772304773,0.413591675945178,0.3183023872679045,6.0,17189.97372643895
SOXL,SMH,PB_RSI5_R15_H40,2016-09-11,2019-09-11,3,0.07957543070033513,0.3992374370143121,-0.4799089772304773,0.1658135906512098,0.26490066225165565,5.0,12578.446886526719
SOXL,SMH,PB_RSI5_R15_H40,2016-12-11,2019-12-11,3,0.1876791754206404,0.669963933712255,-0.47990897723047776,0.3910724414944772,0.2768211920529801,5.0,16741.755684395677
SOXL,SMH,PB_RSI5_R15_H40,2017-03-11,2020-03-11,3,0.15213336204252825,0.5800890941279754,-0.47990897723047754,0.317004618085037,0.26490066225165565,5.0,15284.956220714612
SOXL,SMH,PB_RSI5_R15_H40,2017-06-11,2020-06-11,3,0.07217542212446926,0.37961904754956644,-0.4113168525024371,0.17547402126938527,0.21825396825396826,4.5,12325.30123867173
SOXL,SMH,PB_RSI5_R15_H40,2017-09-11,2020-09-11,3,0.07026762814673293,0.3754843357189025,-0.4010037293161264,0.17522936324449567,0.21136063408190225,4.0,12262.928681251104
SOXL,SMH,PB_RSI5_R15_H40,2017-12-11,2020-12-11,3,0.07026762814673293,0.37548433571890255,-0.4010037293161264,0.17522936324449567,0.21136063408190225,4.0,12262.928681251104
SOXL,SMH,PB_RSI5_R15_H40,2018-03-11,2021-03-11,3,0.19527749980494225,0.6588376184864557,-0.4010037293161264,0.48697177988336765,0.26455026455026454,5.0,17076.789810652455
SOXL,SMH,PB_RSI5_R15_H40,2018-06-11,2021-06-11,3,0.1949958795399247,0.658401562058238,-0.4010037293161264,0.4862694914894472,0.26420079260237783,5.0,17076.789810652455
SOXL,SMH,PB_RSI5_R15_H40,2018-09-11,2021-09-11,3,0.2579041612361834,0.7721985907543828,-0.36978810644300564,0.6974376859141451,0.30423280423280424,5.5,19904.105337313067
SOXL,SMH,PB_RSI5_R15_H40,2018-12-11,2021-12-11,3,0.6339947606591707,1.4087583578641663,-0.30729574425574013,2.0631420138755403,0.31704095112285335,6.0,43711.75180252799
SOXL,SMH,PB_RSI5_R15_H40,2019-03-11,2022-03-11,3,0.6318819332656971,1.4068864641214398,-0.30729574425574013,2.0562664634230248,0.31620553359683795,6.0,43711.75180252799
SOXL,SMH,PB_RSI5_R15_H40,2019-06-11,2022-06-11,3,0.5270722171511435,1.328991521234949,-0.2439215830306105,2.160826486129354,0.2638522427440633,5.0,35730.404315962805
SOXL,SMH,PB_RSI5_R15_H40,2019-09-11,2022-09-11,3,0.5287834651050705,1.3307606228251179,-0.2439215830306105,2.1678420520856974,0.26455026455026454,5.0,35730.404315962805
SOXL,SMH,PB_RSI5_R15_H40,2019-12-11,2022-12-11,3,0.4080303312904989,1.2047704307405511,-0.2439215830306104,1.6727930600519842,0.1984126984126984,3.5,27914.89707960517
SOXL,SMH,PB_RSI5_R15_H40,2020-03-11,2023-03-11,3,0.3115953742790043,1.0497217473378024,-0.24392158303061018,1.2774407676745096,0.15873015873015872,3.0,22563.144721721987
SOXL,SMH,PB_RSI5_R15_H40,2020-06-11,2023-06-11,3,0.5287790053399211,1.3236959791373184,-0.24392158303061018,2.167823768483675,0.19602649006622516,3.5,35669.958428555175
SOXL,SMH,PB_RSI5_R15_H40,2020-09-11,2023-09-11,3,0.5497169745163952,1.325817894369242,-0.24392158303061018,2.253662704572601,0.21220159151193635,4.0,37089.17989675085
SOXL,SMH,PB_RSI5_R15_H40,2020-12-11,2023-12-11,3,0.5497169745163952,1.325817894369242,-0.24392158303061018,2.253662704572601,0.21220159151193635,4.0,37089.17989675085
SOXL,SMH,PB_RSI5_R15_H40,2021-03-11,2024-03-11,3,0.7158469002438099,1.5962737483362706,-0.2185482249023829,3.275464262240296,0.2119205298013245,4.0,50408.65770164755
SOXL,SMH,PB_RSI5_R15_H40,2021-06-11,2024-06-11,3,0.7158469002438099,1.5962737483362706,-0.2185482249023829,3.275464262240296,0.2119205298013245,4.0,50408.65770164755
SOXL,SMH,PB_RSI5_R15_H40,2021-09-11,2024-09-11,3,0.6527082999497997,1.5813087099606313,-0.20438745409664572,3.1934851521814203,0.15915119363395225,3.0,44963.168565389286
SOXL,SMH,PB_RSI5_R15_H40,2021-12-11,2024-12-11,3,0.5054883349005941,1.2765120373102246,-0.2501853592369535,2.0204552993920006,0.15915119363395225,3.0,34011.20713409321
SOXL,SMH,PB_RSI5_R15_H40,2022-03-11,2025-03-11,3,0.5071273151148152,1.2782193906082162,-0.2501853592369535,2.0270063630482427,0.1595744680851064,3.0,34011.20713409321
SOXL,SMH,PB_RSI5_R15_H40,2022-06-11,2025-06-11,3,0.5071273151148152,1.2782193906082162,-0.2501853592369535,2.0270063630482427,0.1595744680851064,3.0,34011.20713409321
SOXL,SMH,PB_RSI5_R15_H40,2022-09-11,2025-09-11,3,0.5063065137905969,1.2773648581781123,-0.2501853592369535,2.023725590237549,0.1593625498007968,3.0,34011.20713409321
SOXL,SMH,PB_RSI5_R15_H40,2022-12-11,2025-12-11,3,0.5063065137905969,1.2773648581781123,-0.2501853592369535,2.023725590237549,0.1593625498007968,3.0,34011.20713409321
SOXL,SMH,PB_RSI5_R15_H40,2023-03-11,2026-03-11,3,0.7425216126355132,1.4750744497680661,-0.2711647690173762,2.7382672731645776,0.2127659574468085,4.0,52445.26632954586
SOXL,SMH,PB_RSI5_R15_H40,2023-06-11,2026-06-11,3,1.5088574974079427,2.0559967905489693,-0.2711647690173762,5.5643566930748865,0.22841965471447542,4.5,156196.86606283748
SOXL,SMH,PB_RSI5_R15_H40,2010-03-11,2015-03-11,5,-0.019680894810034433,0.10413555362195755,-0.5717929816343617,-0.03441961591375314,0.2541699761715647,8.0,9054.648358766679
SOXL,SMH,PB_RSI5_R15_H40,2010-06-11,2015-06-11,5,-0.019680894810034433,0.10413555362195753,-0.5717929816343617,-0.03441961591375314,0.2541699761715647,8.0,9054.648358766679
SOXL,SMH,PB_RSI5_R15_H40,2010-09-11,2015-09-11,5,0.03096630042053805,0.25034971368794584,-0.5717929816343614,0.05415648917555227,0.22239872915011913,7.0,11645.812415110622
SOXL,SMH,PB_RSI5_R15_H40,2010-12-11,2015-12-11,5,-0.032950029596400365,0.026021564813714742,-0.5717929816343617,-0.057625802790056926,0.22239872915011913,7.0,8458.674678558533
SOXL,SMH,PB_RSI5_R15_H40,2011-03-11,2016-03-11,5,-0.1374815997906832,-0.3319979510106775,-0.5811768936294353,-0.23655723635555093,0.22239872915011913,7.0,4776.356461703592
SOXL,SMH,PB_RSI5_R15_H40,2011-06-11,2016-06-11,5,-0.1089297701075066,-0.2627890089286106,-0.5470405341157696,-0.19912559182397607,0.1907790143084261,6.0,5622.859040656076
SOXL,SMH,PB_RSI5_R15_H40,2011-09-11,2016-09-11,5,-0.05139654018747797,-0.015366019241601572,-0.596169746426955,-0.08621125190520762,0.22257551669316375,7.0,7684.319061670538
SOXL,SMH,PB_RSI5_R15_H40,2011-12-11,2016-12-11,5,-0.05003079436730973,0.007204268575955269,-0.596169746426955,-0.08392038453336662,0.2559618441971383,8.5,7739.707449901973
SOXL,SMH,PB_RSI5_R15_H40,2012-03-11,2017-03-11,5,0.000279792129501244,0.17115408219003153,-0.596169746426955,0.00046931621602426483,0.2861685214626391,8.5,10013.97520335731
SOXL,SMH,PB_RSI5_R15_H40,2012-06-11,2017-06-11,5,0.09404983172224357,0.43655662498129094,-0.5961697464269553,0.1577568004514078,0.2821939586645469,8.5,15663.0271260072
SOXL,SMH,PB_RSI5_R15_H40,2012-09-11,2017-09-11,5,0.09516226742703182,0.4383117130063926,-0.5961697464269553,0.15962277186551502,0.2861685214626391,9.0,15742.69349969255
SOXL,SMH,PB_RSI5_R15_H40,2012-12-11,2017-12-11,5,0.09500425813844471,0.43796344342357385,-0.5961697464269553,0.15935773109560994,0.2857142857142857,9.0,15742.69349969255
SOXL,SMH,PB_RSI5_R15_H40,2013-03-11,2018-03-11,5,0.04814704288395566,0.3103427931860876,-0.5961697464269549,0.08076062761070488,0.25396825396825395,8.0,12650.598341191724
SOXL,SMH,PB_RSI5_R15_H40,2013-06-11,2018-06-11,5,0.04814704288395566,0.3103427931860876,-0.5961697464269549,0.08076062761070488,0.25396825396825395,8.0,12650.598341191724
SOXL,SMH,PB_RSI5_R15_H40,2013-09-11,2018-09-11,5,0.04795246403495024,0.3093246070400387,-0.520144177381843,0.09219071580560606,0.23095238095238096,7.5,12638.860364508237
SOXL,SMH,PB_RSI5_R15_H40,2013-12-11,2018-12-11,5,-0.027059601278146994,0.09280067811011414,-0.520144177381843,-0.05202327057538562,0.2541699761715647,8.0,8719.236552227187
SOXL,SMH,PB_RSI5_R15_H40,2014-03-11,2019-03-11,5,-0.027059601278146994,0.09280067811011412,-0.520144177381843,-0.05202327057538562,0.2541699761715647,8.0,8719.236552227187
SOXL,SMH,PB_RSI5_R15_H40,2014-06-11,2019-06-11,5,0.013006430856646878,0.22089143301956318,-0.520144177381843,0.025005433920485334,0.28594122319301035,9.0,10666.91271411699
SOXL,SMH,PB_RSI5_R15_H40,2014-09-11,2019-09-11,5,0.013006430856646878,0.22089143301956318,-0.520144177381843,0.025005433920485334,0.28594122319301035,9.0,10666.91271411699
SOXL,SMH,PB_RSI5_R15_H40,2014-12-11,2019-12-11,5,0.09334438304986348,0.4309725593766177,-0.5201441773818432,0.17945867147780914,0.2946783161239079,9.5,15618.20407350698
SOXL,SMH,PB_RSI5_R15_H40,2015-03-11,2020-03-11,5,0.12173666988402831,0.5033336211799756,-0.5201441773818429,0.2340440885002164,0.2857142857142857,9.0,17760.475403181805
SOXL,SMH,PB_RSI5_R15_H40,2015-06-11,2020-06-11,5,0.12173666988402831,0.5033336211799756,-0.5201441773818429,0.2340440885002164,0.2857142857142857,9.0,17760.475403181805
SOXL,SMH,PB_RSI5_R15_H40,2015-09-11,2020-09-11,5,0.12173666988402831,0.5033336211799756,-0.5201441773818429,0.2340440885002164,0.2857142857142857,9.0,17760.475403181805
SOXL,SMH,PB_RSI5_R15_H40,2015-12-11,2020-12-11,5,0.12146963150681267,0.5046390288034025,-0.48966126339737526,0.24806869684571375,0.2746031746031746,8.5,17739.34535053147
SOXL,SMH,PB_RSI5_R15_H40,2016-03-11,2021-03-11,5,0.30568087599579297,0.906194861688911,-0.4799089772304773,0.636955944770729,0.28594122319301035,9.0,37907.53502705081
SOXL,SMH,PB_RSI5_R15_H40,2016-06-11,2021-06-11,5,0.30568087599579297,0.906194861688911,-0.4799089772304773,0.636955944770729,0.28594122319301035,9.0,37907.53502705081
SOXL,SMH,PB_RSI5_R15_H40,2016-09-11,2021-09-11,5,0.2549412300133378,0.8033712025492736,-0.4799089772304773,0.5312282997592306,0.28594122319301035,9.0,31097.50718819878
SOXL,SMH,PB_RSI5_R15_H40,2016-12-11,2021-12-11,5,0.3490012227131629,0.994204259027645,-0.47990897723047776,0.7272237846585521,0.28435266084193805,8.5,44621.66737970773
SOXL,SMH,PB_RSI5_R15_H40,2017-03-11,2022-03-11,5,0.28095173313350585,0.8686721809930276,-0.47990897723047754,0.585427125691333,0.25396825396825395,8.0,34487.6679273169
SOXL,SMH,PB_RSI5_R15_H40,2017-06-11,2022-06-11,5,0.2269855109035217,0.7701856125497891,-0.4113168525024371,0.5518507435874556,0.2261904761904762,7.5,27809.755558696932
SOXL,SMH,PB_RSI5_R15_H40,2017-09-11,2022-09-11,5,0.22593933474535688,0.7734756494880861,-0.4010037293161264,0.5634344975561072,0.22239872915011913,7.0,27669.023454722414
SOXL,SMH,PB_RSI5_R15_H40,2017-12-11,2022-12-11,5,0.22593933474535688,0.7734756494880861,-0.4010037293161264,0.5634344975561072,0.22239872915011913,7.0,27669.023454722414
SOXL,SMH,PB_RSI5_R15_H40,2018-03-11,2023-03-11,5,0.22593933474535688,0.7734756494880861,-0.4010037293161264,0.5634344975561072,0.22239872915011913,7.0,27669.023454722414
SOXL,SMH,PB_RSI5_R15_H40,2018-06-11,2023-06-11,5,0.34363457753863846,0.9706587827338939,-0.4010037293161264,0.8569361140971793,0.24463860206513105,7.5,43741.815627256416
SOXL,SMH,PB_RSI5_R15_H40,2018-09-11,2023-09-11,5,0.3650874305962055,1.0040463044180852,-0.36978810644300564,0.9872881908182068,0.246422893481717,7.5,47285.679780012426
SOXL,SMH,PB_RSI5_R15_H40,2018-12-11,2023-12-11,5,0.4839703180464541,1.257215771010072,-0.30729574425574013,1.5749333568501371,0.22239872915011913,7.0,71853.15017925188
SOXL,SMH,PB_RSI5_R15_H40,2019-03-11,2024-03-11,5,0.6854006196053481,1.4950756734745225,-0.30729574425574013,2.2304266571128903,0.25396825396825395,8.0,135992.74693171948
SOXL,SMH,PB_RSI5_R15_H40,2019-06-11,2024-06-11,5,0.6187921623596633,1.4533571161806724,-0.2439215830306105,2.536848747337004,0.2222222222222222,7.0,111161.77301381294
SOXL,SMH,PB_RSI5_R15_H40,2019-09-11,2024-09-11,5,0.6194116138778014,1.4539390286015574,-0.2439215830306105,2.5393882992308616,0.22239872915011913,7.0,111161.77301381294
SOXL,SMH,PB_RSI5_R15_H40,2019-12-11,2024-12-11,5,0.5690865176911146,1.3592177162552586,-0.25018535923695373,2.2746595541273282,0.21445591739475775,6.5,94941.9346701344
SOXL,SMH,PB_RSI5_R15_H40,2020-03-11,2025-03-11,5,0.5046198248296083,1.2811927679034956,-0.2501853592369536,2.0169838329815164,0.1909307875894988,6.0,76739.9788727008
SOXL,SMH,PB_RSI5_R15_H40,2020-06-11,2025-06-11,5,0.5046198248296083,1.2811927679034956,-0.2501853592369536,2.0169838329815164,0.1909307875894988,6.0,76739.9788727008
SOXL,SMH,PB_RSI5_R15_H40,2020-09-11,2025-09-11,5,0.5051093134874305,1.2817060189094531,-0.2501853592369536,2.0189403369884458,0.1910828025477707,6.0,76739.9788727008
SOXL,SMH,PB_RSI5_R15_H40,2020-12-11,2025-12-11,5,0.5051093134874305,1.2817060189094531,-0.2501853592369536,2.0189403369884458,0.1910828025477707,6.0,76739.9788727008
SOXL,SMH,PB_RSI5_R15_H40,2021-03-11,2026-03-11,5,0.5362103461381367,1.3228939100169566,-0.2711647690173763,1.9774336765104474,0.1910828025477707,6.0,84975.53230152014
SOXL,SMH,PB_RSI5_R15_H40,2021-06-11,2026-06-11,5,1.0962982107557337,1.839436750365296,-0.2711647690173763,4.042922739293918,0.2229299363057325,7.0,400094.7831900997
SOXL,SMH,PB_RSI5_R15_H40_TS16,2010-03-11,2013-03-11,3,0.012077722243357236,0.20128497171032414,-0.4208095926298555,0.02870115713826137,0.26490066225165565,5.0,10366.23156379964
SOXL,SMH,PB_RSI5_R15_H40_TS16,2010-06-11,2013-06-11,3,0.012077722243357236,0.20128497171032414,-0.4208095926298555,0.02870115713826137,0.26490066225165565,5.0,10366.23156379964
SOXL,SMH,PB_RSI5_R15_H40_TS16,2010-09-11,2013-09-11,3,0.06992813235047546,0.3827661038030282,-0.3567788912964601,0.19599851352295872,0.26490066225165565,5.0,12244.67701791766
SOXL,SMH,PB_RSI5_R15_H40_TS16,2010-12-11,2013-12-11,3,-0.028234008526789367,0.028225650027413857,-0.3567788912964601,-0.07913587158756188,0.24503311258278146,4.5,9177.712455562501
SOXL,SMH,PB_RSI5_R15_H40_TS16,2011-03-11,2014-03-11,3,-0.08375721803082592,-0.20967095111936743,-0.35677889129646,-0.23475945487265146,0.21220159151193635,4.0,7697.207644357123
SOXL,SMH,PB_RSI5_R15_H40_TS16,2011-06-11,2014-06-11,3,-0.03240553712867145,-0.045145479178518716,-0.29903310284099316,-0.10836772524780527,0.15915119363395225,3.0,9061.365904722208
SOXL,SMH,PB_RSI5_R15_H40_TS16,2011-09-11,2014-09-11,3,-0.032363318045535494,-0.045115571362091905,-0.29903310284099316,-0.10822653993174881,0.15894039735099338,3.0,9061.365904722208
SOXL,SMH,PB_RSI5_R15_H40_TS16,2011-12-11,2014-12-11,3,-0.06043028640579429,-0.06303357822070182,-0.5368917822906197,-0.11255580435217641,0.2119205298013245,4.0,8296.491106474592
SOXL,SMH,PB_RSI5_R15_H40_TS16,2012-03-11,2015-03-11,3,-0.048486535767432115,0.008031399379058873,-0.5368917822906197,-0.09030969995585876,0.26525198938992045,4.5,8618.191185986876
SOXL,SMH,PB_RSI5_R15_H40_TS16,2012-06-11,2015-06-11,3,0.028226697396608547,0.242607610176191,-0.5368917822906196,0.05257427721501133,0.2119205298013245,4.0,10869.727485050309
SOXL,SMH,PB_RSI5_R15_H40_TS16,2012-09-11,2015-09-11,3,0.028226697396608547,0.24260761017619095,-0.5368917822906196,0.05257427721501133,0.2119205298013245,4.0,10869.727485050309
SOXL,SMH,PB_RSI5_R15_H40_TS16,2012-12-11,2015-12-11,3,0.017446126276582152,0.20956488088119615,-0.5368917822906196,0.032494679285552115,0.2311756935270806,4.5,10533.290822071132
SOXL,SMH,PB_RSI5_R15_H40_TS16,2013-03-11,2016-03-11,3,-0.17050831933120603,-0.4220153905654706,-0.5470405341157694,-0.311692294624591,0.21108179419525067,4.0,5698.909430469701
SOXL,SMH,PB_RSI5_R15_H40_TS16,2013-06-11,2016-06-11,3,-0.17071313815972256,-0.4222942376997809,-0.5470405341157694,-0.31206670715116475,0.21136063408190225,4.0,5698.909430469701
SOXL,SMH,PB_RSI5_R15_H40_TS16,2013-09-11,2016-09-11,3,-0.0534637732489448,0.005303743391173914,-0.520144177381843,-0.10278644955338317,0.21164021164021163,4.0,8480.309858876748
SOXL,SMH,PB_RSI5_R15_H40_TS16,2013-12-11,2016-12-11,3,-0.05119501210385746,0.037469676258840325,-0.520144177381843,-0.09842465672027449,0.2671957671957672,5.5,8541.4357297596
SOXL,SMH,PB_RSI5_R15_H40_TS16,2014-03-11,2017-03-11,3,0.03383643026361938,0.2788925924263024,-0.520144177381843,0.06505202160280978,0.31704095112285335,6.0,11051.286647787458
SOXL,SMH,PB_RSI5_R15_H40_TS16,2014-06-11,2017-06-11,3,0.11077603207947018,0.4650364742654967,-0.520144177381843,0.21297178147232892,0.3637566137566138,6.5,13705.014532545674
SOXL,SMH,PB_RSI5_R15_H40_TS16,2014-09-11,2017-09-11,3,0.11265608352634837,0.46837762537211103,-0.520144177381843,0.21658626285774302,0.37037037037037035,7.0,13774.721926929229
SOXL,SMH,PB_RSI5_R15_H40_TS16,2014-12-11,2017-12-11,3,0.14584889985901328,0.5606596738908656,-0.5201441773818432,0.28040090844262994,0.31746031746031744,6.0,15044.648877921165
SOXL,SMH,PB_RSI5_R15_H40_TS16,2015-03-11,2018-03-11,3,0.13141029979432117,0.5379480257342655,-0.5201441773818429,0.2526420663897033,0.26455026455026454,5.0,14483.061807523938
SOXL,SMH,PB_RSI5_R15_H40_TS16,2015-06-11,2018-06-11,3,0.13141029979432117,0.5379480257342655,-0.5201441773818429,0.2526420663897033,0.26455026455026454,5.0,14483.061807523938
SOXL,SMH,PB_RSI5_R15_H40_TS16,2015-09-11,2018-09-11,3,0.09941540953635064,0.4509686942157033,-0.5201441773818429,0.1911304862370281,0.2791005291005291,5.5,13288.790641790052
SOXL,SMH,PB_RSI5_R15_H40_TS16,2015-12-11,2018-12-11,3,-0.02897716509764292,0.10301886128643795,-0.48966126339737526,-0.0591779813183365,0.2993377483443709,5.5,9156.70042740084
SOXL,SMH,PB_RSI5_R15_H40_TS16,2016-03-11,2019-03-11,3,0.12038920619399818,0.5152120665475631,-0.47785521775391626,0.2519365735083292,0.26525198938992045,5.0,14051.249060004964
SOXL,SMH,PB_RSI5_R15_H40_TS16,2016-06-11,2019-06-11,3,0.19848635819388938,0.6791737850091979,-0.4799089772304773,0.413591675945178,0.3183023872679045,6.0,17189.97372643895
SOXL,SMH,PB_RSI5_R15_H40_TS16,2016-09-11,2019-09-11,3,0.07957543070033513,0.3992374370143121,-0.4799089772304773,0.1658135906512098,0.26490066225165565,5.0,12578.446886526719
SOXL,SMH,PB_RSI5_R15_H40_TS16,2016-12-11,2019-12-11,3,0.1876791754206404,0.669963933712255,-0.47990897723047776,0.3910724414944772,0.2768211920529801,5.0,16741.755684395677
SOXL,SMH,PB_RSI5_R15_H40_TS16,2017-03-11,2020-03-11,3,0.15213336204252825,0.5800890941279754,-0.47990897723047754,0.317004618085037,0.26490066225165565,5.0,15284.956220714612
SOXL,SMH,PB_RSI5_R15_H40_TS16,2017-06-11,2020-06-11,3,0.07217542212446926,0.37961904754956644,-0.4113168525024371,0.17547402126938527,0.21825396825396826,4.5,12325.30123867173
SOXL,SMH,PB_RSI5_R15_H40_TS16,2017-09-11,2020-09-11,3,0.07026762814673293,0.3754843357189025,-0.4010037293161264,0.17522936324449567,0.21136063408190225,4.0,12262.928681251104
SOXL,SMH,PB_RSI5_R15_H40_TS16,2017-12-11,2020-12-11,3,0.07026762814673293,0.37548433571890255,-0.4010037293161264,0.17522936324449567,0.21136063408190225,4.0,12262.928681251104
SOXL,SMH,PB_RSI5_R15_H40_TS16,2018-03-11,2021-03-11,3,0.19527749980494225,0.6588376184864557,-0.4010037293161264,0.48697177988336765,0.26455026455026454,5.0,17076.789810652455
SOXL,SMH,PB_RSI5_R15_H40_TS16,2018-06-11,2021-06-11,3,0.1949958795399247,0.658401562058238,-0.4010037293161264,0.4862694914894472,0.26420079260237783,5.0,17076.789810652455
SOXL,SMH,PB_RSI5_R15_H40_TS16,2018-09-11,2021-09-11,3,0.2579041612361834,0.7721985907543828,-0.36978810644300564,0.6974376859141451,0.30423280423280424,5.5,19904.105337313067
SOXL,SMH,PB_RSI5_R15_H40_TS16,2018-12-11,2021-12-11,3,0.6339947606591707,1.4087583578641663,-0.30729574425574013,2.0631420138755403,0.31704095112285335,6.0,43711.75180252799
SOXL,SMH,PB_RSI5_R15_H40_TS16,2019-03-11,2022-03-11,3,0.6318819332656971,1.4068864641214398,-0.30729574425574013,2.0562664634230248,0.31620553359683795,6.0,43711.75180252799
SOXL,SMH,PB_RSI5_R15_H40_TS16,2019-06-11,2022-06-11,3,0.5270722171511435,1.328991521234949,-0.2439215830306105,2.160826486129354,0.2638522427440633,5.0,35730.404315962805
SOXL,SMH,PB_RSI5_R15_H40_TS16,2019-09-11,2022-09-11,3,0.5287834651050705,1.3307606228251179,-0.2439215830306105,2.1678420520856974,0.26455026455026454,5.0,35730.404315962805
SOXL,SMH,PB_RSI5_R15_H40_TS16,2019-12-11,2022-12-11,3,0.4080303312904989,1.2047704307405511,-0.2439215830306104,1.6727930600519842,0.1984126984126984,3.5,27914.89707960517
SOXL,SMH,PB_RSI5_R15_H40_TS16,2020-03-11,2023-03-11,3,0.3115953742790043,1.0497217473378024,-0.24392158303061018,1.2774407676745096,0.15873015873015872,3.0,22563.144721721987
SOXL,SMH,PB_RSI5_R15_H40_TS16,2020-06-11,2023-06-11,3,0.5287790053399211,1.3236959791373184,-0.24392158303061018,2.167823768483675,0.19602649006622516,3.5,35669.958428555175
SOXL,SMH,PB_RSI5_R15_H40_TS16,2020-09-11,2023-09-11,3,0.5497169745163952,1.325817894369242,-0.24392158303061018,2.253662704572601,0.21220159151193635,4.0,37089.17989675085
SOXL,SMH,PB_RSI5_R15_H40_TS16,2020-12-11,2023-12-11,3,0.5497169745163952,1.325817894369242,-0.24392158303061018,2.253662704572601,0.21220159151193635,4.0,37089.17989675085
SOXL,SMH,PB_RSI5_R15_H40_TS16,2021-03-11,2024-03-11,3,0.7158469002438099,1.5962737483362706,-0.2185482249023829,3.275464262240296,0.2119205298013245,4.0,50408.65770164755
SOXL,SMH,PB_RSI5_R15_H40_TS16,2021-06-11,2024-06-11,3,0.7158469002438099,1.5962737483362706,-0.2185482249023829,3.275464262240296,0.2119205298013245,4.0,50408.65770164755
SOXL,SMH,PB_RSI5_R15_H40_TS16,2021-09-11,2024-09-11,3,0.6527082999497997,1.5813087099606313,-0.20438745409664572,3.1934851521814203,0.15915119363395225,3.0,44963.168565389286
SOXL,SMH,PB_RSI5_R15_H40_TS16,2021-12-11,2024-12-11,3,0.5054883349005941,1.2765120373102246,-0.2501853592369535,2.0204552993920006,0.15915119363395225,3.0,34011.20713409321
SOXL,SMH,PB_RSI5_R15_H40_TS16,2022-03-11,2025-03-11,3,0.5071273151148152,1.2782193906082162,-0.2501853592369535,2.0270063630482427,0.1595744680851064,3.0,34011.20713409321
SOXL,SMH,PB_RSI5_R15_H40_TS16,2022-06-11,2025-06-11,3,0.5071273151148152,1.2782193906082162,-0.2501853592369535,2.0270063630482427,0.1595744680851064,3.0,34011.20713409321
SOXL,SMH,PB_RSI5_R15_H40_TS16,2022-09-11,2025-09-11,3,0.5063065137905969,1.2773648581781123,-0.2501853592369535,2.023725590237549,0.1593625498007968,3.0,34011.20713409321
SOXL,SMH,PB_RSI5_R15_H40_TS16,2022-12-11,2025-12-11,3,0.5063065137905969,1.2773648581781123,-0.2501853592369535,2.023725590237549,0.1593625498007968,3.0,34011.20713409321
SOXL,SMH,PB_RSI5_R15_H40_TS16,2023-03-11,2026-03-11,3,0.7425216126355132,1.4750744497680661,-0.2711647690173762,2.7382672731645776,0.2127659574468085,4.0,52445.26632954586
SOXL,SMH,PB_RSI5_R15_H40_TS16,2023-06-11,2026-06-11,3,1.5088574974079427,2.0559967905489693,-0.2711647690173762,5.5643566930748865,0.22841965471447542,4.5,156196.86606283748
SOXL,SMH,PB_RSI5_R15_H40_TS16,2010-03-11,2015-03-11,5,-0.019680894810034433,0.10413555362195755,-0.5717929816343617,-0.03441961591375314,0.2541699761715647,8.0,9054.648358766679
SOXL,SMH,PB_RSI5_R15_H40_TS16,2010-06-11,2015-06-11,5,-0.019680894810034433,0.10413555362195753,-0.5717929816343617,-0.03441961591375314,0.2541699761715647,8.0,9054.648358766679
SOXL,SMH,PB_RSI5_R15_H40_TS16,2010-09-11,2015-09-11,5,0.03096630042053805,0.25034971368794584,-0.5717929816343614,0.05415648917555227,0.22239872915011913,7.0,11645.812415110622
SOXL,SMH,PB_RSI5_R15_H40_TS16,2010-12-11,2015-12-11,5,-0.032950029596400365,0.026021564813714742,-0.5717929816343617,-0.057625802790056926,0.22239872915011913,7.0,8458.674678558533
SOXL,SMH,PB_RSI5_R15_H40_TS16,2011-03-11,2016-03-11,5,-0.1374815997906832,-0.3319979510106775,-0.5811768936294353,-0.23655723635555093,0.22239872915011913,7.0,4776.356461703592
SOXL,SMH,PB_RSI5_R15_H40_TS16,2011-06-11,2016-06-11,5,-0.1089297701075066,-0.2627890089286106,-0.5470405341157696,-0.19912559182397607,0.1907790143084261,6.0,5622.859040656076
SOXL,SMH,PB_RSI5_R15_H40_TS16,2011-09-11,2016-09-11,5,-0.05139654018747797,-0.015366019241601572,-0.596169746426955,-0.08621125190520762,0.22257551669316375,7.0,7684.319061670538
SOXL,SMH,PB_RSI5_R15_H40_TS16,2011-12-11,2016-12-11,5,-0.05003079436730973,0.007204268575955269,-0.596169746426955,-0.08392038453336662,0.2559618441971383,8.5,7739.707449901973
SOXL,SMH,PB_RSI5_R15_H40_TS16,2012-03-11,2017-03-11,5,0.000279792129501244,0.17115408219003153,-0.596169746426955,0.00046931621602426483,0.2861685214626391,8.5,10013.97520335731
SOXL,SMH,PB_RSI5_R15_H40_TS16,2012-06-11,2017-06-11,5,0.09404983172224357,0.43655662498129094,-0.5961697464269553,0.1577568004514078,0.2821939586645469,8.5,15663.0271260072
SOXL,SMH,PB_RSI5_R15_H40_TS16,2012-09-11,2017-09-11,5,0.09516226742703182,0.4383117130063926,-0.5961697464269553,0.15962277186551502,0.2861685214626391,9.0,15742.69349969255
SOXL,SMH,PB_RSI5_R15_H40_TS16,2012-12-11,2017-12-11,5,0.09500425813844471,0.43796344342357385,-0.5961697464269553,0.15935773109560994,0.2857142857142857,9.0,15742.69349969255
SOXL,SMH,PB_RSI5_R15_H40_TS16,2013-03-11,2018-03-11,5,0.04814704288395566,0.3103427931860876,-0.5961697464269549,0.08076062761070488,0.25396825396825395,8.0,12650.598341191724
SOXL,SMH,PB_RSI5_R15_H40_TS16,2013-06-11,2018-06-11,5,0.04814704288395566,0.3103427931860876,-0.5961697464269549,0.08076062761070488,0.25396825396825395,8.0,12650.598341191724
SOXL,SMH,PB_RSI5_R15_H40_TS16,2013-09-11,2018-09-11,5,0.04795246403495024,0.3093246070400387,-0.520144177381843,0.09219071580560606,0.23095238095238096,7.5,12638.860364508237
SOXL,SMH,PB_RSI5_R15_H40_TS16,2013-12-11,2018-12-11,5,-0.027059601278146994,0.09280067811011414,-0.520144177381843,-0.05202327057538562,0.2541699761715647,8.0,8719.236552227187
SOXL,SMH,PB_RSI5_R15_H40_TS16,2014-03-11,2019-03-11,5,-0.027059601278146994,0.09280067811011412,-0.520144177381843,-0.05202327057538562,0.2541699761715647,8.0,8719.236552227187
SOXL,SMH,PB_RSI5_R15_H40_TS16,2014-06-11,2019-06-11,5,0.013006430856646878,0.22089143301956318,-0.520144177381843,0.025005433920485334,0.28594122319301035,9.0,10666.91271411699
SOXL,SMH,PB_RSI5_R15_H40_TS16,2014-09-11,2019-09-11,5,0.013006430856646878,0.22089143301956318,-0.520144177381843,0.025005433920485334,0.28594122319301035,9.0,10666.91271411699
SOXL,SMH,PB_RSI5_R15_H40_TS16,2014-12-11,2019-12-11,5,0.09334438304986348,0.4309725593766177,-0.5201441773818432,0.17945867147780914,0.2946783161239079,9.5,15618.20407350698
SOXL,SMH,PB_RSI5_R15_H40_TS16,2015-03-11,2020-03-11,5,0.12173666988402831,0.5033336211799756,-0.5201441773818429,0.2340440885002164,0.2857142857142857,9.0,17760.475403181805
SOXL,SMH,PB_RSI5_R15_H40_TS16,2015-06-11,2020-06-11,5,0.12173666988402831,0.5033336211799756,-0.5201441773818429,0.2340440885002164,0.2857142857142857,9.0,17760.475403181805
SOXL,SMH,PB_RSI5_R15_H40_TS16,2015-09-11,2020-09-11,5,0.12173666988402831,0.5033336211799756,-0.5201441773818429,0.2340440885002164,0.2857142857142857,9.0,17760.475403181805
SOXL,SMH,PB_RSI5_R15_H40_TS16,2015-12-11,2020-12-11,5,0.12146963150681267,0.5046390288034025,-0.48966126339737526,0.24806869684571375,0.2746031746031746,8.5,17739.34535053147
SOXL,SMH,PB_RSI5_R15_H40_TS16,2016-03-11,2021-03-11,5,0.30568087599579297,0.906194861688911,-0.4799089772304773,0.636955944770729,0.28594122319301035,9.0,37907.53502705081
SOXL,SMH,PB_RSI5_R15_H40_TS16,2016-06-11,2021-06-11,5,0.30568087599579297,0.906194861688911,-0.4799089772304773,0.636955944770729,0.28594122319301035,9.0,37907.53502705081
SOXL,SMH,PB_RSI5_R15_H40_TS16,2016-09-11,2021-09-11,5,0.2549412300133378,0.8033712025492736,-0.4799089772304773,0.5312282997592306,0.28594122319301035,9.0,31097.50718819878
SOXL,SMH,PB_RSI5_R15_H40_TS16,2016-12-11,2021-12-11,5,0.3490012227131629,0.994204259027645,-0.47990897723047776,0.7272237846585521,0.28435266084193805,8.5,44621.66737970773
SOXL,SMH,PB_RSI5_R15_H40_TS16,2017-03-11,2022-03-11,5,0.28095173313350585,0.8686721809930276,-0.47990897723047754,0.585427125691333,0.25396825396825395,8.0,34487.6679273169
SOXL,SMH,PB_RSI5_R15_H40_TS16,2017-06-11,2022-06-11,5,0.2269855109035217,0.7701856125497891,-0.4113168525024371,0.5518507435874556,0.2261904761904762,7.5,27809.755558696932
SOXL,SMH,PB_RSI5_R15_H40_TS16,2017-09-11,2022-09-11,5,0.22593933474535688,0.7734756494880861,-0.4010037293161264,0.5634344975561072,0.22239872915011913,7.0,27669.023454722414
SOXL,SMH,PB_RSI5_R15_H40_TS16,2017-12-11,2022-12-11,5,0.22593933474535688,0.7734756494880861,-0.4010037293161264,0.5634344975561072,0.22239872915011913,7.0,27669.023454722414
SOXL,SMH,PB_RSI5_R15_H40_TS16,2018-03-11,2023-03-11,5,0.22593933474535688,0.7734756494880861,-0.4010037293161264,0.5634344975561072,0.22239872915011913,7.0,27669.023454722414
SOXL,SMH,PB_RSI5_R15_H40_TS16,2018-06-11,2023-06-11,5,0.34363457753863846,0.9706587827338939,-0.4010037293161264,0.8569361140971793,0.24463860206513105,7.5,43741.815627256416
SOXL,SMH,PB_RSI5_R15_H40_TS16,2018-09-11,2023-09-11,5,0.3650874305962055,1.0040463044180852,-0.36978810644300564,0.9872881908182068,0.246422893481717,7.5,47285.679780012426
SOXL,SMH,PB_RSI5_R15_H40_TS16,2018-12-11,2023-12-11,5,0.4839703180464541,1.257215771010072,-0.30729574425574013,1.5749333568501371,0.22239872915011913,7.0,71853.15017925188
SOXL,SMH,PB_RSI5_R15_H40_TS16,2019-03-11,2024-03-11,5,0.6854006196053481,1.4950756734745225,-0.30729574425574013,2.2304266571128903,0.25396825396825395,8.0,135992.74693171948
SOXL,SMH,PB_RSI5_R15_H40_TS16,2019-06-11,2024-06-11,5,0.6187921623596633,1.4533571161806724,-0.2439215830306105,2.536848747337004,0.2222222222222222,7.0,111161.77301381294
SOXL,SMH,PB_RSI5_R15_H40_TS16,2019-09-11,2024-09-11,5,0.6194116138778014,1.4539390286015574,-0.2439215830306105,2.5393882992308616,0.22239872915011913,7.0,111161.77301381294
SOXL,SMH,PB_RSI5_R15_H40_TS16,2019-12-11,2024-12-11,5,0.5690865176911146,1.3592177162552586,-0.25018535923695373,2.2746595541273282,0.21445591739475775,6.5,94941.9346701344
SOXL,SMH,PB_RSI5_R15_H40_TS16,2020-03-11,2025-03-11,5,0.5046198248296083,1.2811927679034956,-0.2501853592369536,2.0169838329815164,0.1909307875894988,6.0,76739.9788727008
SOXL,SMH,PB_RSI5_R15_H40_TS16,2020-06-11,2025-06-11,5,0.5046198248296083,1.2811927679034956,-0.2501853592369536,2.0169838329815164,0.1909307875894988,6.0,76739.9788727008
SOXL,SMH,PB_RSI5_R15_H40_TS16,2020-09-11,2025-09-11,5,0.5051093134874305,1.2817060189094531,-0.2501853592369536,2.0189403369884458,0.1910828025477707,6.0,76739.9788727008
SOXL,SMH,PB_RSI5_R15_H40_TS16,2020-12-11,2025-12-11,5,0.5051093134874305,1.2817060189094531,-0.2501853592369536,2.0189403369884458,0.1910828025477707,6.0,76739.9788727008
SOXL,SMH,PB_RSI5_R15_H40_TS16,2021-03-11,2026-03-11,5,0.5362103461381367,1.3228939100169566,-0.2711647690173763,1.9774336765104474,0.1910828025477707,6.0,84975.53230152014
SOXL,SMH,PB_RSI5_R15_H40_TS16,2021-06-11,2026-06-11,5,1.0962982107557337,1.839436750365296,-0.2711647690173763,4.042922739293918,0.2229299363057325,7.0,400094.7831900997
