product,signal,family,strategy,window,start,end,total_return,end_value,cagr,ann_vol,sharpe,max_drawdown,calmar,exposure,trades,entry_ma,exit_ma,breakout,exit_rsi,rsi_low,reclaim,hold,entry_score,exit_score
USD,USD,BUY_HOLD,BUY_HOLD,1Y,2025-07-21,2026-07-20,1.1383748228258765,21383.748228258766,1.144859789611124,0.7111739686040544,1.4323746126599728,-0.30921443293739437,3.7024784992585387,1.0,0.5,,,,,,,,,
USD,USD,BUY_HOLD,BUY_HOLD,3Y,2023-07-20,2026-07-20,6.873641873756666,78736.41873756667,0.9967062762483989,0.8099975898197408,1.2635134981648808,-0.6903629537797378,1.443742412294042,1.0,0.5,,,,,,,,,
USD,USD,BUY_HOLD,BUY_HOLD,5Y,2021-07-20,2026-07-20,10.296035053842989,112960.35053842989,0.6271372638129935,0.7944716529785778,1.0120645721147277,-0.7894829626430602,0.7943645315833545,1.0,0.5,,,,,,,,,
USD,USD,BUY_HOLD,BUY_HOLD,10Y,2016-07-20,2026-07-20,88.75390175596071,897539.0175596072,0.5698181995004283,0.6935702696182189,0.9988368734959795,-0.7894829626430604,0.7217612367374843,1.0,0.5,,,,,,,,,
USD,USD,BUY_HOLD,BUY_HOLD,MAX,2007-02-01,2026-07-20,138.93272692716752,1399327.2692716753,0.28959021310588917,0.6331954124386162,0.7195059318860334,-0.8853842025705356,0.3270785860704562,1.0,0.5,,,,,,,,,
USD,SOXX,MA_REGIME,MA20_EXIT100,1Y,2025-07-21,2026-07-20,1.104676478356856,21046.76478356856,1.1109256568838535,0.7008153863429667,1.42067040733493,-0.3092144329373945,3.592735456526308,0.9880478087649402,1.5,20.0,100.0,,,,,,,
USD,SOXX,MA_REGIME,MA20_EXIT100,3Y,2023-07-20,2026-07-20,2.420266768298396,34202.667682983956,0.5099650962993381,0.6225208750531132,0.9781603965365735,-0.689909491471161,0.7391768088476214,0.7553191489361702,40.5,20.0,100.0,,,,,,,
USD,SOXX,MA_REGIME,MA20_EXIT100,5Y,2021-07-20,2026-07-20,7.161045679211767,81610.45679211768,0.5243182610399619,0.5916645469770576,1.0106543492046307,-0.6899094914711612,0.7599812258299375,0.7107569721115538,76.5,20.0,100.0,,,,,,,
USD,SOXX,MA_REGIME,MA20_EXIT100,10Y,2016-07-20,2026-07-20,23.97331261924035,249733.1261924035,0.38081941401886166,0.5263151456343065,0.8787101768109211,-0.6899094914711612,0.551984599033133,0.7711898129725427,126.5,20.0,100.0,,,,,,,
USD,SOXX,MA_REGIME,MA20_EXIT100,MAX,2007-02-01,2026-07-20,33.40205092823812,344020.50928238116,0.19974486437012118,0.4566093582521769,0.6286271424974548,-0.7042175186523509,0.28364086248858095,0.7248774509803921,289.5,20.0,100.0,,,,,,,
USD,SOXX,MA_REGIME,MA20_EXIT150,1Y,2025-07-21,2026-07-20,1.1383748228258765,21383.748228258766,1.144859789611124,0.7111739686040544,1.4323746126599728,-0.30921443293739437,3.7024784992585387,1.0,0.5,20.0,150.0,,,,,,,
USD,SOXX,MA_REGIME,MA20_EXIT150,3Y,2023-07-20,2026-07-20,2.825664495033792,38256.64495033792,0.5677210691849144,0.6421668943178475,1.0268221749589315,-0.7142851383069988,0.7948101377700912,0.7819148936170213,37.5,20.0,150.0,,,,,,,
USD,SOXX,MA_REGIME,MA20_EXIT150,5Y,2021-07-20,2026-07-20,4.579177600926917,55791.77600926917,0.4122413193540029,0.6053088623478892,0.875710791538039,-0.7142851383069989,0.5771383124827414,0.7187250996015936,82.5,20.0,150.0,,,,,,,
USD,SOXX,MA_REGIME,MA20_EXIT150,10Y,2016-07-20,2026-07-20,18.875563762455716,198755.63762455716,0.34956434081357535,0.5458603391450049,0.8248408548808573,-0.714285138306999,0.48939047176889877,0.8022284122562674,118.5,20.0,150.0,,,,,,,
USD,SOXX,MA_REGIME,MA20_EXIT150,MAX,2007-02-01,2026-07-20,36.06014995306321,370601.4995306321,0.20434960641179845,0.46902844858694337,0.6326338916519261,-0.7142851383069992,0.28608967967071036,0.7483660130718954,301.5,20.0,150.0,,,,,,,
USD,SOXX,MA_REGIME,MA20_EXIT160,1Y,2025-07-21,2026-07-20,1.1383748228258765,21383.748228258766,1.144859789611124,0.7111739686040544,1.4323746126599728,-0.30921443293739437,3.7024784992585387,1.0,0.5,20.0,160.0,,,,,,,
USD,SOXX,MA_REGIME,MA20_EXIT160,3Y,2023-07-20,2026-07-20,2.5518099911530796,35518.09991153079,0.5291821370128258,0.6540432982966926,0.9834154215390121,-0.7369000637741412,0.7181192715638295,0.7912234042553191,34.5,20.0,160.0,,,,,,,
USD,SOXX,MA_REGIME,MA20_EXIT160,5Y,2021-07-20,2026-07-20,5.385856846264717,63858.56846264718,0.45106024771390274,0.6107508301656445,0.9186263320760292,-0.7369000637741411,0.6121050463800097,0.7243027888446215,78.5,20.0,160.0,,,,,,,
USD,SOXX,MA_REGIME,MA20_EXIT160,10Y,2016-07-20,2026-07-20,26.49188246698944,274918.8246698944,0.3941880002990452,0.5509600941593036,0.881830871641826,-0.7369000637741412,0.5349273526727001,0.8105849582172702,112.5,20.0,160.0,,,,,,,
USD,SOXX,MA_REGIME,MA20_EXIT160,MAX,2007-02-01,2026-07-20,41.669532369711895,426695.32369711896,0.21311822233757893,0.471552309890586,0.6474591430820816,-0.736900063774141,0.2892091245671264,0.752859477124183,303.5,20.0,160.0,,,,,,,
USD,SOXX,MA_REGIME,MA20_EXIT200,1Y,2025-07-21,2026-07-20,1.1383748228258765,21383.748228258766,1.144859789611124,0.7111739686040544,1.4323746126599728,-0.30921443293739437,3.7024784992585387,1.0,0.5,20.0,200.0,,,,,,,
USD,SOXX,MA_REGIME,MA20_EXIT200,3Y,2023-07-20,2026-07-20,2.35170051688003,33517.0051688003,0.4997529449678062,0.6690386672860467,0.9484560390707536,-0.7548857926089875,0.662024573598865,0.8257978723404256,30.5,20.0,200.0,,,,,,,
USD,SOXX,MA_REGIME,MA20_EXIT200,5Y,2021-07-20,2026-07-20,6.345869493071306,73458.69493071306,0.4924463079006989,0.6170847665190774,0.9621814009649491,-0.7548857926089874,0.6523454444661594,0.749800796812749,79.5,20.0,200.0,,,,,,,
USD,SOXX,MA_REGIME,MA20_EXIT200,10Y,2016-07-20,2026-07-20,31.587659685588143,325876.59685588145,0.41816505757355404,0.56150477511098,0.906423730885568,-0.7548857926089874,0.5539447975677474,0.8340628730600875,108.5,20.0,200.0,,,,,,,
USD,SOXX,MA_REGIME,MA20_EXIT200,MAX,2007-02-01,2026-07-20,27.210768358119097,282107.68358119094,0.1875549352831054,0.4785674117807601,0.6006169458277116,-0.7548857926089872,0.24845471609008593,0.7691993464052288,309.5,20.0,200.0,,,,,,,
USD,SOXX,MA_REGIME,MA20_EXIT250,1Y,2025-07-21,2026-07-20,1.1383748228258765,21383.748228258766,1.144859789611124,0.7111739686040544,1.4323746126599728,-0.30921443293739437,3.7024784992585387,1.0,0.5,20.0,250.0,,,,,,,
USD,SOXX,MA_REGIME,MA20_EXIT250,3Y,2023-07-20,2026-07-20,3.488180741522913,44881.80741522913,0.6539140341127607,0.691488235303737,1.0801898159980365,-0.7285981642319362,0.897496131907078,0.8537234042553191,28.5,20.0,250.0,,,,,,,
USD,SOXX,MA_REGIME,MA20_EXIT250,5Y,2021-07-20,2026-07-20,5.926294766378371,69262.9476637837,0.474924928451121,0.640232467057335,0.9314124674658989,-0.7285981642319361,0.65183382523585,0.7705179282868526,79.5,20.0,250.0,,,,,,,
USD,SOXX,MA_REGIME,MA20_EXIT250,10Y,2016-07-20,2026-07-20,40.49431200575241,414943.1200575241,0.4529462554205699,0.5757713108992242,0.9400316055994098,-0.7285981642319364,0.6216681260761212,0.8487863111818543,105.5,20.0,250.0,,,,,,,
USD,SOXX,MA_REGIME,MA20_EXIT250,MAX,2007-02-01,2026-07-20,29.333129184186784,303331.29184186785,0.19199696809901923,0.4878507791204464,0.6059070756335786,-0.728598164231936,0.26351558036303324,0.7775735294117647,308.5,20.0,250.0,,,,,,,
USD,SOXX,MA_REGIME,MA30_EXIT100,1Y,2025-07-21,2026-07-20,0.9336181069495071,19336.18106949507,0.9387045225609876,0.696383275284396,1.3028349432601607,-0.3092144329373949,3.035772016343889,0.9800796812749004,1.5,30.0,100.0,,,,,,,
USD,SOXX,MA_REGIME,MA30_EXIT100,3Y,2023-07-20,2026-07-20,1.5782365832485854,25782.365832485855,0.3735259991538553,0.6183051278562092,0.8270801539123825,-0.737552723613732,0.5064397258594855,0.7473404255319149,39.5,30.0,100.0,,,,,,,
USD,SOXX,MA_REGIME,MA30_EXIT100,5Y,2021-07-20,2026-07-20,3.7866127751840137,47866.12775184014,0.36945420641870985,0.5922283636373133,0.829317329524162,-0.737552723613732,0.5009190456358464,0.69800796812749,68.5,30.0,100.0,,,,,,,
USD,SOXX,MA_REGIME,MA30_EXIT100,10Y,2016-07-20,2026-07-20,24.198458828479062,251984.58828479063,0.38206272136700714,0.5244705382607009,0.8817218152358239,-0.737552723613732,0.5180141149707141,0.7572622363708714,106.5,30.0,100.0,,,,,,,
USD,SOXX,MA_REGIME,MA30_EXIT100,MAX,2007-02-01,2026-07-20,46.21555927550204,472155.59275502036,0.21945603358449528,0.4495939150667857,0.6676426316897328,-0.7375527236137321,0.2975462316907229,0.710171568627451,251.5,30.0,100.0,,,,,,,
USD,SOXX,MA_REGIME,MA30_EXIT150,1Y,2025-07-21,2026-07-20,1.1383748228258765,21383.748228258766,1.144859789611124,0.7111739686040544,1.4323746126599728,-0.30921443293739437,3.7024784992585387,1.0,0.5,30.0,150.0,,,,,,,
USD,SOXX,MA_REGIME,MA30_EXIT150,3Y,2023-07-20,2026-07-20,1.7398491802396707,27398.491802396707,0.4017965821498297,0.6372482252908627,0.8538931638428744,-0.7608262681607489,0.5281055596583809,0.7779255319148937,35.5,30.0,150.0,,,,,,,
USD,SOXX,MA_REGIME,MA30_EXIT150,5Y,2021-07-20,2026-07-20,2.447650959018633,34476.50959018633,0.28213266142360816,0.6047174264152518,0.7161906882753164,-0.760826268160749,0.370824028073645,0.7091633466135459,73.5,30.0,150.0,,,,,,,
USD,SOXX,MA_REGIME,MA30_EXIT150,10Y,2016-07-20,2026-07-20,15.48211482002894,164821.1482002894,0.32446441483164556,0.5427499729348483,0.7918866220128467,-0.760826268160749,0.4264632129697867,0.7890966971746916,101.5,30.0,150.0,,,,,,,
USD,SOXX,MA_REGIME,MA30_EXIT150,MAX,2007-02-01,2026-07-20,46.12009631539735,471200.96315397345,0.21932900781720988,0.4616793962198588,0.6621201117038927,-0.7608262681607492,0.2882773860416574,0.7369281045751634,267.5,30.0,150.0,,,,,,,
USD,SOXX,MA_REGIME,MA30_EXIT160,1Y,2025-07-21,2026-07-20,1.1383748228258765,21383.748228258766,1.144859789611124,0.7111739686040544,1.4323746126599728,-0.30921443293739437,3.7024784992585387,1.0,0.5,30.0,160.0,,,,,,,
USD,SOXX,MA_REGIME,MA30_EXIT160,3Y,2023-07-20,2026-07-20,1.5437211509949322,25437.211509949324,0.36733653408360833,0.6492032065423428,0.813222973509098,-0.7797573664144155,0.47109081607365155,0.7872340425531915,32.5,30.0,160.0,,,,,,,
USD,SOXX,MA_REGIME,MA30_EXIT160,5Y,2021-07-20,2026-07-20,2.9461381327101814,39461.381327101815,0.3173752331070767,0.610184206654281,0.7605396480790039,-0.7797573664144154,0.4070179350359638,0.7147410358565737,69.5,30.0,160.0,,,,,,,
USD,SOXX,MA_REGIME,MA30_EXIT160,10Y,2016-07-20,2026-07-20,20.662080286630662,216620.80286630662,0.36126311648636844,0.548429700297049,0.8397993031232971,-0.7797573664144155,0.4633019603874687,0.7994428969359332,96.5,30.0,160.0,,,,,,,
USD,SOXX,MA_REGIME,MA30_EXIT160,MAX,2007-02-01,2026-07-20,49.598709362243085,505987.09362243087,0.22380735620071146,0.4645101788750983,0.6691115714134687,-0.7797573664144157,0.28702179144501355,0.7422385620915033,271.5,30.0,160.0,,,,,,,
USD,SOXX,MA_REGIME,MA30_EXIT200,1Y,2025-07-21,2026-07-20,1.1383748228258765,21383.748228258766,1.144859789611124,0.7111739686040544,1.4323746126599728,-0.30921443293739437,3.7024784992585387,1.0,0.5,30.0,200.0,,,,,,,
USD,SOXX,MA_REGIME,MA30_EXIT200,3Y,2023-07-20,2026-07-20,1.6161197451334224,26161.197451334225,0.3802562866909627,0.6642860728916926,0.8252325947915603,-0.7871248936317328,0.48309523655958825,0.8191489361702128,27.5,30.0,200.0,,,,,,,
USD,SOXX,MA_REGIME,MA30_EXIT200,5Y,2021-07-20,2026-07-20,5.355472005948882,63554.72005948882,0.4496712313364466,0.6171939427691696,0.9149910676550942,-0.787124893631733,0.5712832041960947,0.7370517928286853,70.5,30.0,200.0,,,,,,,
USD,SOXX,MA_REGIME,MA30_EXIT200,10Y,2016-07-20,2026-07-20,36.27960506889682,372796.0506889682,0.4374239147209329,0.5594885948965207,0.9317814244358257,-0.787124893631733,0.5557236446972131,0.8217270194986073,91.5,30.0,200.0,,,,,,,
USD,SOXX,MA_REGIME,MA30_EXIT200,MAX,2007-02-01,2026-07-20,48.05670378172199,490567.0378172199,0.22185941412714882,0.47236267485457833,0.6625580710829656,-0.787124893631733,0.28186049751711795,0.7575571895424836,282.5,30.0,200.0,,,,,,,
USD,SOXX,MA_REGIME,MA30_EXIT250,1Y,2025-07-21,2026-07-20,1.1383748228258765,21383.748228258766,1.144859789611124,0.7111739686040544,1.4323746126599728,-0.30921443293739437,3.7024784992585387,1.0,0.5,30.0,250.0,,,,,,,
USD,SOXX,MA_REGIME,MA30_EXIT250,3Y,2023-07-20,2026-07-20,1.7385307977299345,27385.307977299344,0.4015705074516891,0.686324715238817,0.8414933818876487,-0.7651570829064521,0.524821002670879,0.848404255319149,25.5,30.0,250.0,,,,,,,
USD,SOXX,MA_REGIME,MA30_EXIT250,5Y,2021-07-20,2026-07-20,2.981731299520309,39817.31299520309,0.3197526259068617,0.6400057251266495,0.7577137014284993,-0.7651570829064519,0.4178914801288648,0.7609561752988048,70.5,30.0,250.0,,,,,,,
USD,SOXX,MA_REGIME,MA30_EXIT250,10Y,2016-07-20,2026-07-20,29.776742450658286,307767.42450658284,0.41005746376063534,0.5739151949937914,0.8889417476587472,-0.765157082906452,0.5359127856505367,0.8400318344608039,88.5,30.0,250.0,,,,,,,
USD,SOXX,MA_REGIME,MA30_EXIT250,MAX,2007-02-01,2026-07-20,31.2116025834356,322116.02583435597,0.1956891319626366,0.48223741368240763,0.613737873521973,-0.765157082906452,0.25575027185177546,0.7702205882352942,278.5,30.0,250.0,,,,,,,
USD,SOXX,MA_REGIME,MA40_EXIT100,1Y,2025-07-21,2026-07-20,0.9336181069495071,19336.18106949507,0.9387045225609876,0.696383275284396,1.3028349432601607,-0.3092144329373949,3.035772016343889,0.9800796812749004,1.5,40.0,100.0,,,,,,,
USD,SOXX,MA_REGIME,MA40_EXIT100,3Y,2023-07-20,2026-07-20,2.5888418842088425,35888.418842088424,0.534506514485644,0.6107502075110189,1.0115633687476504,-0.6315639007329689,0.8463221439118294,0.7300531914893617,31.5,40.0,100.0,,,,,,,
USD,SOXX,MA_REGIME,MA40_EXIT100,5Y,2021-07-20,2026-07-20,4.101497972678589,51014.979726785896,0.38708618482873525,0.5819126830020559,0.8555767259360141,-0.634983093861283,0.6096007729511256,0.6836653386454183,54.5,40.0,100.0,,,,,,,
USD,SOXX,MA_REGIME,MA40_EXIT100,10Y,2016-07-20,2026-07-20,20.620340821623415,216203.40821623415,0.3609998633252869,0.5181273993980231,0.8564395415539175,-0.634983093861283,0.5685188579274996,0.7508953442101074,90.5,40.0,100.0,,,,,,,
USD,SOXX,MA_REGIME,MA40_EXIT100,MAX,2007-02-01,2026-07-20,44.10651057749316,451065.1057749316,0.21659118763043717,0.44446892148049777,0.6648777517307551,-0.6349830938612829,0.3410975657845675,0.7028186274509803,215.5,40.0,100.0,,,,,,,
USD,SOXX,MA_REGIME,MA40_EXIT150,1Y,2025-07-21,2026-07-20,1.1383748228258765,21383.748228258766,1.144859789611124,0.7111739686040544,1.4323746126599728,-0.30921443293739437,3.7024784992585387,1.0,0.5,40.0,150.0,,,,,,,
USD,SOXX,MA_REGIME,MA40_EXIT150,3Y,2023-07-20,2026-07-20,3.6806518586128583,46806.51858612858,0.6773509271983702,0.6284214204885898,1.1422753794288913,-0.6327775853533848,1.0704407723609437,0.7659574468085106,30.5,40.0,150.0,,,,,,,
USD,SOXX,MA_REGIME,MA40_EXIT150,5Y,2021-07-20,2026-07-20,4.9368506057432135,59368.50605743213,0.4299722297278028,0.5898485723380117,0.9033816583159321,-0.6742987940402185,0.6376583104227784,0.6964143426294821,65.5,40.0,150.0,,,,,,,
USD,SOXX,MA_REGIME,MA40_EXIT150,10Y,2016-07-20,2026-07-20,21.88447840914624,228844.7840914624,0.36877733111321165,0.53279584966911,0.857900662730658,-0.6742987940402183,0.5469049246011495,0.7767608436132113,91.5,40.0,150.0,,,,,,,
USD,SOXX,MA_REGIME,MA40_EXIT150,MAX,2007-02-01,2026-07-20,52.703843239832395,537038.4323983239,0.22756470720440536,0.4551789397901635,0.6795063462810754,-0.6742987940402183,0.3374834853862016,0.7267156862745098,239.5,40.0,150.0,,,,,,,
USD,SOXX,MA_REGIME,MA40_EXIT160,1Y,2025-07-21,2026-07-20,1.1383748228258765,21383.748228258766,1.144859789611124,0.7111739686040544,1.4323746126599728,-0.30921443293739437,3.7024784992585387,1.0,0.5,40.0,160.0,,,,,,,
USD,SOXX,MA_REGIME,MA40_EXIT160,3Y,2023-07-20,2026-07-20,3.518373137720797,45183.73137720797,0.657634130141896,0.6401609372546917,1.1161025901140937,-0.6483990801928967,1.0142428486268855,0.773936170212766,28.5,40.0,160.0,,,,,,,
USD,SOXX,MA_REGIME,MA40_EXIT160,5Y,2021-07-20,2026-07-20,5.887911051683939,68879.11051683938,0.4732800392801877,0.5973221178246826,0.9505567872989014,-0.6483990801928967,0.7299208986221701,0.701195219123506,62.5,40.0,160.0,,,,,,,
USD,SOXX,MA_REGIME,MA40_EXIT160,10Y,2016-07-20,2026-07-20,32.47857591820802,334785.7591820802,0.42200598339746986,0.5392042602757658,0.925455723731966,-0.6483990801928969,0.65084297046184,0.7859132510943095,86.5,40.0,160.0,,,,,,,
USD,SOXX,MA_REGIME,MA40_EXIT160,MAX,2007-02-01,2026-07-20,75.26610539927233,762661.0539927233,0.24992718320568152,0.45811062302638533,0.717857315185874,-0.6483990801928969,0.38545271090040545,0.7314133986928104,243.5,40.0,160.0,,,,,,,
USD,SOXX,MA_REGIME,MA40_EXIT200,1Y,2025-07-21,2026-07-20,1.1383748228258765,21383.748228258766,1.144859789611124,0.7111739686040544,1.4323746126599728,-0.30921443293739437,3.7024784992585387,1.0,0.5,40.0,200.0,,,,,,,
USD,SOXX,MA_REGIME,MA40_EXIT200,3Y,2023-07-20,2026-07-20,3.6117183102950046,46117.183102950046,0.6690319576439188,0.6554210401661481,1.1170897709983372,-0.6627390565936294,1.009495292283865,0.8045212765957447,22.5,40.0,200.0,,,,,,,
USD,SOXX,MA_REGIME,MA40_EXIT200,5Y,2021-07-20,2026-07-20,6.185409221152379,71854.09221152379,0.48584235093117223,0.6007805031920396,0.9640089584560252,-0.6627390565936294,0.7330824192380069,0.7243027888446215,61.5,40.0,200.0,,,,,,,
USD,SOXX,MA_REGIME,MA40_EXIT200,10Y,2016-07-20,2026-07-20,39.17386379857791,401738.63798577915,0.44824201024066634,0.5486143757068618,0.9527344599633674,-0.6627390565936295,0.6763476601855292,0.8097890966971747,79.5,40.0,200.0,,,,,,,
USD,SOXX,MA_REGIME,MA40_EXIT200,MAX,2007-02-01,2026-07-20,48.03054394173785,490305.43941737845,0.22182586919252567,0.46565680642336343,0.6651571847344664,-0.6627390565936294,0.3347107236031545,0.7491830065359477,254.5,40.0,200.0,,,,,,,
USD,SOXX,MA_REGIME,MA40_EXIT250,1Y,2025-07-21,2026-07-20,1.1383748228258765,21383.748228258766,1.144859789611124,0.7111739686040544,1.4323746126599728,-0.30921443293739437,3.7024784992585387,1.0,0.5,40.0,250.0,,,,,,,
USD,SOXX,MA_REGIME,MA40_EXIT250,3Y,2023-07-20,2026-07-20,5.055707692126467,60557.07692126467,0.8285567852756426,0.6773265077786644,1.2362240723045153,-0.6338092694635489,1.3072651745483723,0.8271276595744681,21.5,40.0,250.0,,,,,,,
USD,SOXX,MA_REGIME,MA40_EXIT250,5Y,2021-07-20,2026-07-20,6.397123401312029,73971.23401312028,0.4945314315349336,0.6165340155559742,0.9636217427577549,-0.7040626097939261,0.7023969525660215,0.7386454183266933,63.5,40.0,250.0,,,,,,,
USD,SOXX,MA_REGIME,MA40_EXIT250,10Y,2016-07-20,2026-07-20,52.15452516452302,531545.2516452302,0.489480000238145,0.5592504150451634,0.9949571648891132,-0.7040626097939262,0.6952222620959975,0.8249104655789893,78.5,40.0,250.0,,,,,,,
USD,SOXX,MA_REGIME,MA40_EXIT250,MAX,2007-02-01,2026-07-20,67.6011213188359,686011.2131883589,0.24313143279846616,0.4740553481557676,0.6978167957754217,-0.704062609793926,0.34532643747354935,0.7600081699346405,253.5,40.0,250.0,,,,,,,
USD,SOXX,MA_REGIME,MA50_EXIT100,1Y,2025-07-21,2026-07-20,0.9336181069495071,19336.18106949507,0.9387045225609876,0.696383275284396,1.3028349432601607,-0.3092144329373949,3.035772016343889,0.9800796812749004,1.5,50.0,100.0,,,,,,,
USD,SOXX,MA_REGIME,MA50_EXIT100,3Y,2023-07-20,2026-07-20,2.418664699302414,34186.64699302414,0.5097280471046806,0.6055657085658944,0.9881973930087035,-0.6236923441729194,0.8172748180525331,0.7220744680851063,28.5,50.0,100.0,,,,,,,
USD,SOXX,MA_REGIME,MA50_EXIT100,5Y,2021-07-20,2026-07-20,3.6587054743238188,46587.054743238186,0.36202642426622034,0.5764771674214013,0.8266191928867777,-0.6544276748836462,0.5531954685910658,0.6780876494023904,48.5,50.0,100.0,,,,,,,
USD,SOXX,MA_REGIME,MA50_EXIT100,10Y,2016-07-20,2026-07-20,13.318415784404264,143184.15784404264,0.30590466494602686,0.5167191999924784,0.7775775559371361,-0.654427674883646,0.46743846063725103,0.7504974134500597,83.5,50.0,100.0,,,,,,,
USD,SOXX,MA_REGIME,MA50_EXIT100,MAX,2007-02-01,2026-07-20,32.65251546720947,336525.1546720947,0.19838534837951793,0.4422463715945654,0.63204184503962,-0.654427674883646,0.30314327464037927,0.6958741830065359,184.5,50.0,100.0,,,,,,,
USD,SOXX,MA_REGIME,MA50_EXIT150,1Y,2025-07-21,2026-07-20,1.1383748228258765,21383.748228258766,1.144859789611124,0.7111739686040544,1.4323746126599728,-0.30921443293739437,3.7024784992585387,1.0,0.5,50.0,150.0,,,,,,,
USD,SOXX,MA_REGIME,MA50_EXIT150,3Y,2023-07-20,2026-07-20,3.1166779478990208,41166.77947899021,0.6067140317712241,0.620297957870244,1.0797496254574337,-0.5790708908651947,1.0477370583500192,0.7579787234042553,28.5,50.0,150.0,,,,,,,
USD,SOXX,MA_REGIME,MA50_EXIT150,5Y,2021-07-20,2026-07-20,4.6151305529751285,56151.305529751284,0.41406401696424666,0.5821344682891842,0.8884774212926545,-0.6541058852380452,0.6330229192381576,0.6916334661354582,60.5,50.0,150.0,,,,,,,
USD,SOXX,MA_REGIME,MA50_EXIT150,10Y,2016-07-20,2026-07-20,15.834120121319085,168341.20121319086,0.3272740376746921,0.5298583786576057,0.8018112913038463,-0.6541058852380448,0.5003380111089953,0.775567051333068,84.5,50.0,150.0,,,,,,,
USD,SOXX,MA_REGIME,MA50_EXIT150,MAX,2007-02-01,2026-07-20,55.59316170305927,565931.6170305928,0.23088021776193335,0.45215728946884726,0.6871411562527163,-0.6541058852380449,0.3529707085236062,0.7214052287581699,211.5,50.0,150.0,,,,,,,
USD,SOXX,MA_REGIME,MA50_EXIT160,1Y,2025-07-21,2026-07-20,1.1383748228258765,21383.748228258766,1.144859789611124,0.7111739686040544,1.4323746126599728,-0.30921443293739437,3.7024784992585387,1.0,0.5,50.0,160.0,,,,,,,
USD,SOXX,MA_REGIME,MA50_EXIT160,3Y,2023-07-20,2026-07-20,2.6503994720225763,36503.99472022576,0.5432768979888927,0.6303384653821273,1.0102301033614387,-0.6297905267829564,0.8626311049231155,0.7646276595744681,27.5,50.0,160.0,,,,,,,
USD,SOXX,MA_REGIME,MA50_EXIT160,5Y,2021-07-20,2026-07-20,4.297352912275068,52973.52912275068,0.39761875760331833,0.588818732126627,0.8662554734625273,-0.6319992350211106,0.6291443653251206,0.6956175298804781,58.5,50.0,160.0,,,,,,,
USD,SOXX,MA_REGIME,MA50_EXIT160,10Y,2016-07-20,2026-07-20,19.025529981401423,200255.29981401423,0.3505820085867404,0.5358112680552721,0.8319296029706507,-0.6319992350211102,0.5547190394542647,0.7843215280541186,80.5,50.0,160.0,,,,,,,
USD,SOXX,MA_REGIME,MA50_EXIT160,MAX,2007-02-01,2026-07-20,57.45278261732295,584527.8261732295,0.2329302338138839,0.45496319946759867,0.6897443675578493,-0.6319992350211103,0.3685609426506718,0.7258986928104575,214.5,50.0,160.0,,,,,,,
USD,SOXX,MA_REGIME,MA50_EXIT200,1Y,2025-07-21,2026-07-20,1.1383748228258765,21383.748228258766,1.144859789611124,0.7111739686040544,1.4323746126599728,-0.30921443293739437,3.7024784992585387,1.0,0.5,50.0,200.0,,,,,,,
USD,SOXX,MA_REGIME,MA50_EXIT200,3Y,2023-07-20,2026-07-20,2.555402131107637,35554.02131107637,0.5297002201764001,0.6468652545272409,0.9884974432254547,-0.6665283643252539,0.7947151967232948,0.7952127659574468,22.5,50.0,200.0,,,,,,,
USD,SOXX,MA_REGIME,MA50_EXIT200,5Y,2021-07-20,2026-07-20,7.770396203013954,87703.96203013953,0.5465189728765787,0.5982508164046866,1.0323116372302212,-0.666528364325254,0.8199485605235056,0.7179282868525897,60.5,50.0,200.0,,,,,,,
USD,SOXX,MA_REGIME,MA50_EXIT200,10Y,2016-07-20,2026-07-20,42.648364710229586,436483.6471022959,0.4603387634471916,0.5490159740775065,0.9676570892144237,-0.666528364325254,0.6906514232341874,0.8081973736569836,76.5,50.0,200.0,,,,,,,
USD,SOXX,MA_REGIME,MA50_EXIT200,MAX,2007-02-01,2026-07-20,105.57099888453709,1065709.988845371,0.2716388098912492,0.46373954934907285,0.7522296631650596,-0.6665283643252539,0.40754276101398496,0.7418300653594772,229.5,50.0,200.0,,,,,,,
USD,SOXX,MA_REGIME,MA50_EXIT250,1Y,2025-07-21,2026-07-20,1.1383748228258765,21383.748228258766,1.144859789611124,0.7111739686040544,1.4323746126599728,-0.30921443293739437,3.7024784992585387,1.0,0.5,50.0,250.0,,,,,,,
USD,SOXX,MA_REGIME,MA50_EXIT250,3Y,2023-07-20,2026-07-20,2.591608822118531,35916.08822118531,0.5349028703100118,0.6695306226193928,0.9810855391699796,-0.6877820049589329,0.7777215257935551,0.8191489361702128,21.5,50.0,250.0,,,,,,,
USD,SOXX,MA_REGIME,MA50_EXIT250,5Y,2021-07-20,2026-07-20,5.997726293444044,69977.26293444044,0.47796674662159244,0.6146126046928979,0.9463751493127093,-0.6877820049589329,0.6949393022432035,0.7314741035856573,63.5,50.0,250.0,,,,,,,
USD,SOXX,MA_REGIME,MA50_EXIT250,10Y,2016-07-20,2026-07-20,41.70250838001629,427025.0838001629,0.45713404038554106,0.558720668034633,0.9561389354968367,-0.6877820049589329,0.6646496085817719,0.8181456426581775,77.5,50.0,250.0,,,,,,,
USD,SOXX,MA_REGIME,MA50_EXIT250,MAX,2007-02-01,2026-07-20,106.13522472964624,1071352.2472964623,0.27198446958021205,0.4714223006233573,0.7478487264841601,-0.6877820049589332,0.39545156404092313,0.7491830065359477,236.5,50.0,250.0,,,,,,,
USD,SOXX,MA_REGIME,MA63_EXIT100,1Y,2025-07-21,2026-07-20,0.9336181069495071,19336.18106949507,0.9387045225609876,0.696383275284396,1.3028349432601607,-0.3092144329373949,3.035772016343889,0.9800796812749004,1.5,63.0,100.0,,,,,,,
USD,SOXX,MA_REGIME,MA63_EXIT100,3Y,2023-07-20,2026-07-20,1.8906292496568762,28906.292496568763,0.4271890119168229,0.6042904865132481,0.8959198370741741,-0.6624725217217466,0.6448403487084584,0.7194148936170213,23.5,63.0,100.0,,,,,,,
USD,SOXX,MA_REGIME,MA63_EXIT100,5Y,2021-07-20,2026-07-20,4.2064755471503155,52064.75547150315,0.39277100786984187,0.5713867094644031,0.8678502918847522,-0.6624725217217469,0.5928864896147563,0.6741035856573705,40.5,63.0,100.0,,,,,,,
USD,SOXX,MA_REGIME,MA63_EXIT100,10Y,2016-07-20,2026-07-20,21.458330052616994,224583.30052616994,0.36619966423834516,0.5119480768308747,0.8679653112714292,-0.6624725217217469,0.5527771375129686,0.7497015519299642,72.5,63.0,100.0,,,,,,,
USD,SOXX,MA_REGIME,MA63_EXIT100,MAX,2007-02-01,2026-07-20,33.073344302658974,340733.44302658975,0.1991521465665198,0.4387529719769478,0.6349952636676022,-0.6624725217217471,0.3006194823732901,0.6926062091503268,151.5,63.0,100.0,,,,,,,
USD,SOXX,MA_REGIME,MA63_EXIT150,1Y,2025-07-21,2026-07-20,1.1383748228258765,21383.748228258766,1.144859789611124,0.7111739686040544,1.4323746126599728,-0.30921443293739437,3.7024784992585387,1.0,0.5,63.0,150.0,,,,,,,
USD,SOXX,MA_REGIME,MA63_EXIT150,3Y,2023-07-20,2026-07-20,3.23854678897007,42385.4678897007,0.6224989113268322,0.6160329892630555,1.0988110051959563,-0.6357702819010389,0.9791255254421086,0.7406914893617021,22.5,63.0,150.0,,,,,,,
USD,SOXX,MA_REGIME,MA63_EXIT150,5Y,2021-07-20,2026-07-20,7.043722345869048,80437.22345869048,0.519892577050795,0.5746945248273994,1.0180405738942098,-0.6357702819010389,0.8177365187568157,0.6780876494023904,50.5,63.0,150.0,,,,,,,
USD,SOXX,MA_REGIME,MA63_EXIT150,10Y,2016-07-20,2026-07-20,28.690241262402278,296902.4126240228,0.4049846242667985,0.5232922074302263,0.9137682267509889,-0.6357702819010391,0.6369983558461394,0.7680063668921607,70.5,63.0,150.0,,,,,,,
USD,SOXX,MA_REGIME,MA63_EXIT150,MAX,2007-02-01,2026-07-20,66.015381054169,670153.81054169,0.2416359406986348,0.4475203022506633,0.709007879507132,-0.635770281901039,0.3800680018828667,0.7136437908496732,173.5,63.0,150.0,,,,,,,
USD,SOXX,MA_REGIME,MA63_EXIT160,1Y,2025-07-21,2026-07-20,1.1383748228258765,21383.748228258766,1.144859789611124,0.7111739686040544,1.4323746126599728,-0.30921443293739437,3.7024784992585387,1.0,0.5,63.0,160.0,,,,,,,
USD,SOXX,MA_REGIME,MA63_EXIT160,3Y,2023-07-20,2026-07-20,2.799621979145889,37996.21979145889,0.5641366977882265,0.6260603916149753,1.0342957847570238,-0.688515608031647,0.8193520832461599,0.7460106382978723,22.5,63.0,160.0,,,,,,,
USD,SOXX,MA_REGIME,MA63_EXIT160,5Y,2021-07-20,2026-07-20,6.326859211043579,73268.59211043578,0.4916699705838703,0.5817846274347355,0.9815417384243971,-0.688515608031647,0.7141014159279176,0.6820717131474103,50.5,63.0,160.0,,,,,,,
USD,SOXX,MA_REGIME,MA63_EXIT160,10Y,2016-07-20,2026-07-20,33.10110587147313,341011.0587147313,0.4246356283607071,0.5294827896857878,0.9360973478752972,-0.6885156080316471,0.6167407440111206,0.7763629128531635,68.5,63.0,160.0,,,,,,,
USD,SOXX,MA_REGIME,MA63_EXIT160,MAX,2007-02-01,2026-07-20,69.50828455993161,705082.8455993161,0.24488721755743392,0.4504474611311145,0.7135202064234345,-0.688515608031647,0.3556741702014951,0.7179330065359477,180.5,63.0,160.0,,,,,,,
USD,SOXX,MA_REGIME,MA63_EXIT200,1Y,2025-07-21,2026-07-20,1.1383748228258765,21383.748228258766,1.144859789611124,0.7111739686040544,1.4323746126599728,-0.30921443293739437,3.7024784992585387,1.0,0.5,63.0,200.0,,,,,,,
USD,SOXX,MA_REGIME,MA63_EXIT200,3Y,2023-07-20,2026-07-20,2.2287936538712825,32287.936538712824,0.481094095845376,0.6455095623994827,0.9390759000460991,-0.7169022454100239,0.6710734956203406,0.7832446808510638,19.5,63.0,200.0,,,,,,,
USD,SOXX,MA_REGIME,MA63_EXIT200,5Y,2021-07-20,2026-07-20,9.116599972467169,101165.9997246717,0.5915040197612207,0.5935656348083845,1.083940950507635,-0.7169022454100239,0.8250832293361235,0.7083665338645418,54.5,63.0,200.0,,,,,,,
USD,SOXX,MA_REGIME,MA63_EXIT200,10Y,2016-07-20,2026-07-20,55.46820188353473,564682.0188353474,0.49854008157979535,0.5436805731554751,1.0190236501139323,-0.716902245410024,0.6954087321830902,0.8014325507361719,68.5,63.0,200.0,,,,,,,
USD,SOXX,MA_REGIME,MA63_EXIT200,MAX,2007-02-01,2026-07-20,98.7579241979727,997579.2419797269,0.26732207199193425,0.45986828519241835,0.7472366747170627,-0.7169022454100239,0.37288496960843315,0.7344771241830066,199.5,63.0,200.0,,,,,,,
USD,SOXX,MA_REGIME,MA63_EXIT250,1Y,2025-07-21,2026-07-20,1.1383748228258765,21383.748228258766,1.144859789611124,0.7111739686040544,1.4323746126599728,-0.30921443293739437,3.7024784992585387,1.0,0.5,63.0,250.0,,,,,,,
USD,SOXX,MA_REGIME,MA63_EXIT250,3Y,2023-07-20,2026-07-20,3.375176413859899,43751.76413859899,0.6398408718138398,0.6691246767980505,1.0802126035522532,-0.6983533588850208,0.9162136383726984,0.8098404255319149,19.5,63.0,250.0,,,,,,,
USD,SOXX,MA_REGIME,MA63_EXIT250,5Y,2021-07-20,2026-07-20,9.827477578599224,108274.77578599224,0.6133544197265224,0.6106640612284874,1.09206894481436,-0.6983533588850209,0.8782866322942781,0.7235059760956175,58.5,63.0,250.0,,,,,,,
USD,SOXX,MA_REGIME,MA63_EXIT250,10Y,2016-07-20,2026-07-20,74.69495497901556,756949.5497901556,0.5432280569286514,0.5538752242088049,1.0630862178028422,-0.6983533588850209,0.7778698992669844,0.8121766812574612,70.5,63.0,250.0,,,,,,,
USD,SOXX,MA_REGIME,MA63_EXIT250,MAX,2007-02-01,2026-07-20,129.16349693672765,1301634.9693672766,0.28479548970210367,0.46769562252239805,0.7714565901710171,-0.6983533588850208,0.40781000918618526,0.7410130718954249,214.5,63.0,250.0,,,,,,,
USD,SOXX,MA_REGIME,MA90_EXIT100,1Y,2025-07-21,2026-07-20,1.008059892525886,20080.59892525886,1.0136451642472326,0.7027505230863871,1.351344016823724,-0.30921443293739437,3.278130178523918,0.9920318725099602,1.5,90.0,100.0,,,,,,,
USD,SOXX,MA_REGIME,MA90_EXIT100,3Y,2023-07-20,2026-07-20,1.4349206768669531,24349.20676866953,0.3474527010774564,0.623826246014215,0.7965746367013702,-0.7593771054942308,0.4575496134444576,0.723404255319149,17.5,90.0,100.0,,,,,,,
USD,SOXX,MA_REGIME,MA90_EXIT100,5Y,2021-07-20,2026-07-20,3.776223337581624,47762.23337581624,0.36885683411602055,0.583532970105763,0.8332054838812633,-0.7593771054942309,0.485736047936229,0.6725099601593626,27.5,90.0,100.0,,,,,,,
USD,SOXX,MA_REGIME,MA90_EXIT100,10Y,2016-07-20,2026-07-20,14.4727916079863,154727.916079863,0.31609798382467846,0.5182851026346063,0.7921530782653385,-0.7593771054942307,0.41625956529062097,0.7489056904098687,52.5,90.0,100.0,,,,,,,
USD,SOXX,MA_REGIME,MA90_EXIT100,MAX,2007-02-01,2026-07-20,45.394414307158065,463944.1430715807,0.21835533589875067,0.44061033221629375,0.6705001572049242,-0.7593771054942308,0.28754532408063177,0.6979166666666666,103.5,90.0,100.0,,,,,,,
USD,SOXX,MA_REGIME,MA90_EXIT150,1Y,2025-07-21,2026-07-20,1.1383748228258765,21383.748228258766,1.144859789611124,0.7111739686040544,1.4323746126599728,-0.30921443293739437,3.7024784992585387,1.0,0.5,90.0,150.0,,,,,,,
USD,SOXX,MA_REGIME,MA90_EXIT150,3Y,2023-07-20,2026-07-20,1.891246816926821,28912.46816926821,0.4272911823484966,0.6308828997930623,0.885985736067401,-0.7406823915519556,0.576888538491095,0.7367021276595744,20.5,90.0,150.0,,,,,,,
USD,SOXX,MA_REGIME,MA90_EXIT150,5Y,2021-07-20,2026-07-20,3.8210540598488336,48210.54059848833,0.37142712989941096,0.5856462479002795,0.8354535127693339,-0.7406823915519554,0.5014661265554834,0.6717131474103586,41.5,90.0,150.0,,,,,,,
USD,SOXX,MA_REGIME,MA90_EXIT150,10Y,2016-07-20,2026-07-20,17.147508875780723,181475.0887578072,0.337310785262787,0.5301032440470737,0.8163189065259547,-0.7406823915519555,0.45540543303050324,0.7668125746120175,55.5,90.0,150.0,,,,,,,
USD,SOXX,MA_REGIME,MA90_EXIT150,MAX,2007-02-01,2026-07-20,63.43203768860302,644320.3768860302,0.23912619277564318,0.44832640676656993,0.7043392441862572,-0.7406823915519556,0.32284579126364926,0.710171568627451,141.5,90.0,150.0,,,,,,,
USD,SOXX,MA_REGIME,MA90_EXIT160,1Y,2025-07-21,2026-07-20,1.1383748228258765,21383.748228258766,1.144859789611124,0.7111739686040544,1.4323746126599728,-0.30921443293739437,3.7024784992585387,1.0,0.5,90.0,160.0,,,,,,,
USD,SOXX,MA_REGIME,MA90_EXIT160,3Y,2023-07-20,2026-07-20,1.640456247060614,26404.562470606143,0.38454576725962886,0.6364312656670745,0.8366129523997616,-0.7651065627650684,0.5026041939437742,0.7433510638297872,19.5,90.0,160.0,,,,,,,
USD,SOXX,MA_REGIME,MA90_EXIT160,5Y,2021-07-20,2026-07-20,3.228853464085817,42288.53464085817,0.33580636797236685,0.5893708144575078,0.7896142273329237,-0.7651065627650682,0.4389014345384445,0.6756972111553785,41.5,90.0,160.0,,,,,,,
USD,SOXX,MA_REGIME,MA90_EXIT160,10Y,2016-07-20,2026-07-20,19.027248841250167,200272.48841250167,0.35059363293711354,0.5342124223007585,0.8328666286465164,-0.7651065627650682,0.45822850044584706,0.7743732590529248,53.5,90.0,160.0,,,,,,,
USD,SOXX,MA_REGIME,MA90_EXIT160,MAX,2007-02-01,2026-07-20,52.69426849135834,536942.6849135834,0.22755344139867817,0.4503349442905918,0.6825276300249591,-0.7651065627650682,0.2974140498498772,0.7152777777777778,149.5,90.0,160.0,,,,,,,
USD,SOXX,MA_REGIME,MA90_EXIT200,1Y,2025-07-21,2026-07-20,1.1383748228258765,21383.748228258766,1.144859789611124,0.7111739686040544,1.4323746126599728,-0.30921443293739437,3.7024784992585387,1.0,0.5,90.0,200.0,,,,,,,
USD,SOXX,MA_REGIME,MA90_EXIT200,3Y,2023-07-20,2026-07-20,1.3757828767687879,23757.82876768788,0.3363962243483676,0.6573177010267114,0.7780614329608385,-0.773952925530308,0.4346468799996729,0.7938829787234043,18.5,90.0,200.0,,,,,,,
USD,SOXX,MA_REGIME,MA90_EXIT200,5Y,2021-07-20,2026-07-20,5.316184309237979,63161.84309237979,0.44786733922480404,0.6015780010506824,0.9206154747901195,-0.773952925530308,0.5786751680251456,0.7083665338645418,47.5,90.0,200.0,,,,,,,
USD,SOXX,MA_REGIME,MA90_EXIT200,10Y,2016-07-20,2026-07-20,32.794585999706825,337945.85999706824,0.4233462967848254,0.5481313158960224,0.9214982517670938,-0.7739529255303081,0.5469923076972039,0.8018304814962196,56.5,90.0,200.0,,,,,,,
USD,SOXX,MA_REGIME,MA90_EXIT200,MAX,2007-02-01,2026-07-20,74.06321620821588,750632.1620821587,0.24890481378767015,0.45930910682787685,0.7157958004388871,-0.7739529255303079,0.3216020065007469,0.733251633986928,169.5,90.0,200.0,,,,,,,
USD,SOXX,MA_REGIME,MA90_EXIT250,1Y,2025-07-21,2026-07-20,1.1383748228258765,21383.748228258766,1.144859789611124,0.7111739686040544,1.4323746126599728,-0.30921443293739437,3.7024784992585387,1.0,0.5,90.0,250.0,,,,,,,
USD,SOXX,MA_REGIME,MA90_EXIT250,3Y,2023-07-20,2026-07-20,2.2968652457751295,32968.6524577513,0.4914854394504149,0.6815992272980363,0.9341868046698184,-0.7636739010643133,0.6435802490636957,0.8284574468085106,18.5,90.0,250.0,,,,,,,
USD,SOXX,MA_REGIME,MA90_EXIT250,5Y,2021-07-20,2026-07-20,4.871254682006242,58712.546820062424,0.42678560321962844,0.6245278785156385,0.8854265335756668,-0.763673901064313,0.5588584376457387,0.7338645418326694,51.5,90.0,250.0,,,,,,,
USD,SOXX,MA_REGIME,MA90_EXIT250,10Y,2016-07-20,2026-07-20,38.65799296250514,396579.9296250514,0.4463662877523211,0.5616529023016998,0.9410699684655452,-0.7636739010643134,0.5844985498787263,0.8177477118981297,58.5,90.0,250.0,,,,,,,
USD,SOXX,MA_REGIME,MA90_EXIT250,MAX,2007-02-01,2026-07-20,73.29317162280569,742931.7162280568,0.2482421409947868,0.46926053934482576,0.7091320971299504,-0.7636739010643135,0.3250630153116636,0.7408088235294118,189.5,90.0,250.0,,,,,,,
USD,SOXX,MA_REGIME,MA100_EXIT150,1Y,2025-07-21,2026-07-20,1.1383748228258765,21383.748228258766,1.144859789611124,0.7111739686040544,1.4323746126599728,-0.30921443293739437,3.7024784992585387,1.0,0.5,100.0,150.0,,,,,,,
USD,SOXX,MA_REGIME,MA100_EXIT150,3Y,2023-07-20,2026-07-20,1.3439859193219408,23439.859193219407,0.3303756317964388,0.6308805817768852,0.7743953671272279,-0.7897665397240134,0.4183206241073339,0.7353723404255319,20.5,100.0,150.0,,,,,,,
USD,SOXX,MA_REGIME,MA100_EXIT150,5Y,2021-07-20,2026-07-20,1.629057941085997,26290.57941085997,0.2142120362037776,0.5890204306498362,0.6274507008341135,-0.7897665397240136,0.2712346312856388,0.6717131474103586,40.5,100.0,150.0,,,,,,,
USD,SOXX,MA_REGIME,MA100_EXIT150,10Y,2016-07-20,2026-07-20,7.649890290258851,86498.90290258851,0.24154385765714093,0.5333847356856234,0.6753789098958203,-0.7897665397240134,0.3058421008081062,0.769200159172304,55.5,100.0,150.0,,,,,,,
USD,SOXX,MA_REGIME,MA100_EXIT150,MAX,2007-02-01,2026-07-20,26.231427246213155,272314.2724621316,0.1853972567434079,0.449752187811792,0.6050377377690033,-0.7897665397240137,0.23474944482732268,0.7111928104575164,135.5,100.0,150.0,,,,,,,
USD,SOXX,MA_REGIME,MA100_EXIT160,1Y,2025-07-21,2026-07-20,1.1383748228258765,21383.748228258766,1.144859789611124,0.7111739686040544,1.4323746126599728,-0.30921443293739437,3.7024784992585387,1.0,0.5,100.0,160.0,,,,,,,
USD,SOXX,MA_REGIME,MA100_EXIT160,3Y,2023-07-20,2026-07-20,1.1406654829539566,21406.654829539566,0.29053270464286274,0.6364173321134973,0.7260084951298998,-0.8095676556576221,0.3588739033884195,0.7420212765957447,19.5,100.0,160.0,,,,,,,
USD,SOXX,MA_REGIME,MA100_EXIT160,5Y,2021-07-20,2026-07-20,1.3061141077087401,23061.141077087403,0.1826747004404572,0.5927046378905216,0.5832190692300155,-0.809567655657622,0.22564476132889502,0.6756972111553785,40.5,100.0,160.0,,,,,,,
USD,SOXX,MA_REGIME,MA100_EXIT160,10Y,2016-07-20,2026-07-20,8.160867524627363,91608.67524627363,0.24871005613394992,0.5373231289943047,0.6852813474349541,-0.8095676556576221,0.3072134297805161,0.775567051333068,53.5,100.0,160.0,,,,,,,
USD,SOXX,MA_REGIME,MA100_EXIT160,MAX,2007-02-01,2026-07-20,24.998465246778032,259984.6524677803,0.18257363137603577,0.451780929958118,0.5992036070478803,-0.809567655657622,0.2255199180700085,0.7150735294117647,144.5,100.0,160.0,,,,,,,
USD,SOXX,MA_REGIME,MA100_EXIT200,1Y,2025-07-21,2026-07-20,1.1383748228258765,21383.748228258766,1.144859789611124,0.7111739686040544,1.4323746126599728,-0.30921443293739437,3.7024784992585387,1.0,0.5,100.0,200.0,,,,,,,
USD,SOXX,MA_REGIME,MA100_EXIT200,3Y,2023-07-20,2026-07-20,1.0646639337405315,20646.639337405315,0.2749936859304267,0.656606496971356,0.7064605986249572,-0.803554758076256,0.34222146427055355,0.7925531914893617,18.5,100.0,200.0,,,,,,,
USD,SOXX,MA_REGIME,MA100_EXIT200,5Y,2021-07-20,2026-07-20,3.0562334143654484,40562.33414365449,0.32467441325479385,0.6033613377399856,0.7723871328914481,-0.8035547580762559,0.40404765200081466,0.7051792828685259,44.5,100.0,200.0,,,,,,,
USD,SOXX,MA_REGIME,MA100_EXIT200,10Y,2016-07-20,2026-07-20,20.668151564585713,216681.51564585714,0.36130137035248855,0.5490909395423498,0.8397371709926429,-0.803554758076256,0.44962881088211,0.8002387584560287,53.5,100.0,200.0,,,,,,,
USD,SOXX,MA_REGIME,MA100_EXIT200,MAX,2007-02-01,2026-07-20,44.48992008450261,454899.20084502606,0.2171213181181888,0.4596073199517358,0.659546623382713,-0.803554758076256,0.2702010235593482,0.7316176470588235,160.5,100.0,200.0,,,,,,,
USD,SOXX,MA_REGIME,MA100_EXIT250,1Y,2025-07-21,2026-07-20,1.1383748228258765,21383.748228258766,1.144859789611124,0.7111739686040544,1.4323746126599728,-0.30921443293739437,3.7024784992585387,1.0,0.5,100.0,250.0,,,,,,,
USD,SOXX,MA_REGIME,MA100_EXIT250,3Y,2023-07-20,2026-07-20,1.9171662104096243,29171.662104096242,0.4315662707978467,0.6809888315092477,0.8740929752276287,-0.7908915108566954,0.5456706322847911,0.8284574468085106,17.5,100.0,250.0,,,,,,,
USD,SOXX,MA_REGIME,MA100_EXIT250,5Y,2021-07-20,2026-07-20,2.838985024155019,38389.850241550186,0.31011311642797446,0.6262748051021699,0.7485840367306789,-0.7908915108566955,0.39210575935005193,0.7314741035856573,47.5,100.0,250.0,,,,,,,
USD,SOXX,MA_REGIME,MA100_EXIT250,10Y,2016-07-20,2026-07-20,24.930818763099463,259308.18763099462,0.38603897812144305,0.5626225106806196,0.8647499606106704,-0.7908915108566954,0.4881061091467334,0.8165539196179865,54.5,100.0,250.0,,,,,,,
USD,SOXX,MA_REGIME,MA100_EXIT250,MAX,2007-02-01,2026-07-20,35.051481657112134,360514.81657112134,0.20264028876382612,0.4688069072754875,0.6300289751074121,-0.7908915108566954,0.25621755447131517,0.7383578431372549,179.5,100.0,250.0,,,,,,,
USD,SOXX,BREAKOUT_RSI,B20_RSI85,1Y,2025-07-21,2026-07-20,0.4665393842849537,14665.393842849537,0.46877832646648177,0.3825218443276016,1.1984670005546803,-0.19493136981840264,2.4048377995968218,0.3466135458167331,32.0,,,20.0,85.0,,,,,
USD,SOXX,BREAKOUT_RSI,B20_RSI85,3Y,2023-07-20,2026-07-20,1.454641800761439,24546.41800761439,0.3511000504413353,0.41938643768760786,0.931562366292764,-0.6102351237716703,0.5753520844085422,0.3058510638297872,67.0,,,20.0,85.0,,,,,
USD,SOXX,BREAKOUT_RSI,B20_RSI85,5Y,2021-07-20,2026-07-20,1.6348764169534649,26348.76416953465,0.2147511453364186,0.3823228987401559,0.7025561178746884,-0.6102351237716703,0.35191541255296754,0.2701195219123506,92.0,,,20.0,85.0,,,,,
USD,SOXX,BREAKOUT_RSI,B20_RSI85,10Y,2016-07-20,2026-07-20,3.979710936725934,49797.10936725934,0.17466660068884265,0.37992228527367133,0.6154899221088006,-0.6113287570799254,0.28571631657433494,0.3458018304814962,223.0,,,20.0,85.0,,,,,
USD,SOXX,BREAKOUT_RSI,B20_RSI85,MAX,2007-02-01,2026-07-20,6.749148690144534,77491.48690144534,0.1111442064310022,0.3131380576559592,0.4942559548820152,-0.6113287570799253,0.1818075873968271,0.3137254901960784,385.0,,,20.0,85.0,,,,,
USD,SOXX,BREAKOUT_RSI,B20_RSI90,1Y,2025-07-21,2026-07-20,0.5986669332012551,15986.66933201255,0.6016579618119313,0.4911891924369064,1.2066487065401927,-0.2891710468324553,2.080630022965369,0.4940239043824701,26.5,,,20.0,90.0,,,,,
USD,SOXX,BREAKOUT_RSI,B20_RSI90,3Y,2023-07-20,2026-07-20,2.492702797632764,34927.02797632764,0.5206068056616766,0.5208518273595487,1.0718294010965288,-0.6102351237716703,0.8531249437822762,0.44813829787234044,55.5,,,20.0,90.0,,,,,
USD,SOXX,BREAKOUT_RSI,B20_RSI90,5Y,2021-07-20,2026-07-20,2.534626828778226,35346.26828778226,0.2885629533185501,0.4509726560579198,0.7921253421229019,-0.6102351237716703,0.4728717539807177,0.3609561752988048,77.5,,,20.0,90.0,,,,,
USD,SOXX,BREAKOUT_RSI,B20_RSI90,10Y,2016-07-20,2026-07-20,6.214964836915069,72149.64836915069,0.2191649942944156,0.43643836887036547,0.6749449160925955,-0.6105410788086849,0.3589684656797543,0.43294866693195383,191.5,,,20.0,90.0,,,,,
USD,SOXX,BREAKOUT_RSI,B20_RSI90,MAX,2007-02-01,2026-07-20,8.772534964037575,97725.34964037576,0.12449170110980234,0.3604700224944729,0.5074542613216538,-0.6105410788086847,0.20390389022261396,0.3882761437908497,324.5,,,20.0,90.0,,,,,
USD,SOXX,BREAKOUT_RSI,B20_RSI92,1Y,2025-07-21,2026-07-20,0.2913522672602131,12913.522672602132,0.29266841872075,0.5718346067996061,0.7349907657816148,-0.2891710468324551,1.0120944746253289,0.6573705179282868,24.5,,,20.0,92.0,,,,,
USD,SOXX,BREAKOUT_RSI,B20_RSI92,3Y,2023-07-20,2026-07-20,1.765894927797488,27658.94927797488,0.4062481233583688,0.561095652472979,0.894368658530848,-0.5818728456454338,0.6981733662235846,0.5132978723404256,51.5,,,20.0,92.0,,,,,
USD,SOXX,BREAKOUT_RSI,B20_RSI92,5Y,2021-07-20,2026-07-20,2.9420857311873254,39420.85731187325,0.31710347357438806,0.49824169324902556,0.8050688228561279,-0.581872845645434,0.5449703933556921,0.4454183266932271,70.5,,,20.0,92.0,,,,,
USD,SOXX,BREAKOUT_RSI,B20_RSI92,10Y,2016-07-20,2026-07-20,12.796594809859869,137965.9480985987,0.3010520645453225,0.47395241137154664,0.7937612267701605,-0.6105334468114378,0.4930967600834847,0.4970155192996419,170.5,,,20.0,92.0,,,,,
USD,SOXX,BREAKOUT_RSI,B20_RSI92,MAX,2007-02-01,2026-07-20,10.808283333526218,118082.83333526217,0.13549724148723463,0.3934508700822056,0.5206697140527102,-0.610533446811438,0.2219325447195077,0.4550653594771242,293.5,,,20.0,92.0,,,,,
USD,SOXX,BREAKOUT_RSI,B20_RSI95,1Y,2025-07-21,2026-07-20,0.8848958268498552,18848.95826849855,0.8896619370143646,0.6098148910089836,1.3495888133899312,-0.28764473180796635,3.0929192807477146,0.7609561752988048,18.5,,,20.0,95.0,,,,,
USD,SOXX,BREAKOUT_RSI,B20_RSI95,3Y,2023-07-20,2026-07-20,4.6095208386182565,56095.20838618257,0.7822548469041157,0.5743794899951042,1.2967276724294863,-0.5385324778466707,1.4525676334916182,0.5904255319148937,39.5,,,20.0,95.0,,,,,
USD,SOXX,BREAKOUT_RSI,B20_RSI95,5Y,2021-07-20,2026-07-20,3.094889076734691,40948.89076734691,0.3271996874515517,0.5765777568383236,0.7809909233722264,-0.705327274430182,0.463897681705119,0.5800796812749004,55.5,,,20.0,95.0,,,,,
USD,SOXX,BREAKOUT_RSI,B20_RSI95,10Y,2016-07-20,2026-07-20,16.58411477956646,175841.14779566458,0.3330881907643868,0.5257630413733938,0.8107079577175326,-0.7053272744301822,0.47224629308923455,0.6120175089534421,127.5,,,20.0,95.0,,,,,
USD,SOXX,BREAKOUT_RSI,B20_RSI95,MAX,2007-02-01,2026-07-20,14.144067164653656,151440.67164653656,0.15013223882814253,0.4447238837183096,0.5376482069484028,-0.7053272744301824,0.21285471903724537,0.5915032679738562,221.5,,,20.0,95.0,,,,,
USD,SOXX,BREAKOUT_RSI,B40_RSI85,1Y,2025-07-21,2026-07-20,0.3716435838732397,13716.435838732397,0.37337157460812564,0.3692282335135429,1.0462620192670047,-0.21932571206678697,1.702361164542487,0.32270916334661354,30.0,,,40.0,85.0,,,,,
USD,SOXX,BREAKOUT_RSI,B40_RSI85,3Y,2023-07-20,2026-07-20,1.491822500101402,24918.22500101402,0.35792383757767143,0.3952006891812846,0.976268216791882,-0.6102351237716704,0.5865343105219137,0.27925531914893614,63.0,,,40.0,85.0,,,,,
USD,SOXX,BREAKOUT_RSI,B40_RSI85,5Y,2021-07-20,2026-07-20,1.6280652988501352,26280.65298850135,0.2141199680412822,0.37617842888157776,0.7051845395030196,-0.6102351237716704,0.35088109435241016,0.250996015936255,84.0,,,40.0,85.0,,,,,
USD,SOXX,BREAKOUT_RSI,B40_RSI85,10Y,2016-07-20,2026-07-20,2.8166225458769327,38166.225458769324,0.14374694954719813,0.37252991375815286,0.5479818178910214,-0.6113287570799255,0.23513853696956802,0.30322323915638677,198.0,,,40.0,85.0,,,,,
USD,SOXX,BREAKOUT_RSI,B40_RSI85,MAX,2007-02-01,2026-07-20,2.621743769023916,36217.43769023916,0.06848350965530825,0.3067274437907727,0.37022120558031174,-0.6113287570799255,0.11202402776278145,0.2834967320261438,337.0,,,40.0,85.0,,,,,
USD,SOXX,BREAKOUT_RSI,B40_RSI90,1Y,2025-07-21,2026-07-20,0.4787767364062163,14787.767364062163,0.4810833939509549,0.496459231041534,1.041197398578306,-0.2891710468324552,1.6636637700097725,0.49800796812749004,25.5,,,40.0,90.0,,,,,
USD,SOXX,BREAKOUT_RSI,B40_RSI90,3Y,2023-07-20,2026-07-20,1.5191717620644107,25191.717620644107,0.3629001619771608,0.5109269578541693,0.8682185049009807,-0.6102351237716704,0.5946890761288691,0.4308510638297872,52.5,,,40.0,90.0,,,,,
USD,SOXX,BREAKOUT_RSI,B40_RSI90,5Y,2021-07-20,2026-07-20,1.9313838160051304,29313.838160051306,0.2410426494230744,0.45265963739814624,0.7067864179978617,-0.6102351237716703,0.3949996321635274,0.3466135458167331,70.5,,,40.0,90.0,,,,,
USD,SOXX,BREAKOUT_RSI,B40_RSI90,10Y,2016-07-20,2026-07-20,2.970096758894991,39700.96758894991,0.14827763488076262,0.432115881711152,0.538205165115306,-0.6645299883588471,0.2231315929728855,0.3911659371269399,170.5,,,40.0,90.0,,,,,
USD,SOXX,BREAKOUT_RSI,B40_RSI90,MAX,2007-02-01,2026-07-20,2.4926900932465634,34926.900932465636,0.0664899503490124,0.35799962250679507,0.3603660193987488,-0.6645299883588469,0.10005560548624594,0.36213235294117646,285.5,,,40.0,90.0,,,,,
USD,SOXX,BREAKOUT_RSI,B40_RSI92,1Y,2025-07-21,2026-07-20,0.2384508414443025,12384.508414443026,0.23950649700019744,0.5714246285631606,0.6615035889912648,-0.2891710468324552,0.8282519969537847,0.6454183266932271,24.5,,,40.0,92.0,,,,,
USD,SOXX,BREAKOUT_RSI,B40_RSI92,3Y,2023-07-20,2026-07-20,1.0683367612888262,20683.36761288826,0.27575328642777386,0.5501588682288835,0.7240372072232585,-0.5818728456454338,0.47390643590164205,0.49069148936170215,49.5,,,40.0,92.0,,,,,
USD,SOXX,BREAKOUT_RSI,B40_RSI92,5Y,2021-07-20,2026-07-20,2.058391343018613,30583.91343018613,0.2516573621675364,0.4903048644549463,0.7060397702700623,-0.5818728456454341,0.4324954567838427,0.42470119521912353,65.5,,,40.0,92.0,,,,,
USD,SOXX,BREAKOUT_RSI,B40_RSI92,10Y,2016-07-20,2026-07-20,6.848654542087804,78486.54542087804,0.22950066503606426,0.457467125048325,0.6817608671929325,-0.6488382690444985,0.3537101246725703,0.44369279745324314,154.5,,,40.0,92.0,,,,,
USD,SOXX,BREAKOUT_RSI,B40_RSI92,MAX,2007-02-01,2026-07-20,5.732507391757358,67325.07391757358,0.103130135954286,0.3773711072353417,0.44980255448742046,-0.6488382690444983,0.15894582806615123,0.4054330065359477,259.5,,,40.0,92.0,,,,,
USD,SOXX,BREAKOUT_RSI,B40_RSI95,1Y,2025-07-21,2026-07-20,0.8076793466663552,18076.793466663552,0.8119482259659587,0.6095413554643484,1.2808083245312256,-0.28764473180796624,2.8227467294899786,0.749003984063745,18.5,,,40.0,95.0,,,,,
USD,SOXX,BREAKOUT_RSI,B40_RSI95,3Y,2023-07-20,2026-07-20,3.4760815128449387,44760.81512844939,0.6524185816679484,0.5820974536417197,1.160166996269559,-0.5385324778466709,1.2114749035687737,0.5811170212765957,38.5,,,40.0,95.0,,,,,
USD,SOXX,BREAKOUT_RSI,B40_RSI95,5Y,2021-07-20,2026-07-20,2.518253953393899,35182.53953393899,0.28736221265277684,0.5812085071025123,0.7286755711991525,-0.7053272744301817,0.407416844733433,0.5697211155378487,52.5,,,40.0,95.0,,,,,
USD,SOXX,BREAKOUT_RSI,B40_RSI95,10Y,2016-07-20,2026-07-20,12.169736826903307,131697.36826903306,0.2949994070446955,0.5244900991773984,0.75704196232632,-0.7053272744301822,0.41824471807505076,0.569040986868285,117.5,,,40.0,95.0,,,,,
USD,SOXX,BREAKOUT_RSI,B40_RSI95,MAX,2007-02-01,2026-07-20,10.441861830488728,114418.61830488728,0.13365640936680312,0.4347877691059786,0.5072656470228767,-0.705327274430182,0.18949559192189347,0.5386029411764706,200.5,,,40.0,95.0,,,,,
USD,SOXX,BREAKOUT_RSI,B50_RSI85,1Y,2025-07-21,2026-07-20,0.3716435838732397,13716.435838732397,0.37337157460812564,0.3692282335135429,1.0462620192670047,-0.21932571206678697,1.702361164542487,0.32270916334661354,30.0,,,50.0,85.0,,,,,
USD,SOXX,BREAKOUT_RSI,B50_RSI85,3Y,2023-07-20,2026-07-20,0.9111397896245195,19111.397896245195,0.24240416029991851,0.3814242259653188,0.7642038164636434,-0.6102351237716702,0.39723075722304396,0.2579787234042553,59.0,,,50.0,85.0,,,,,
USD,SOXX,BREAKOUT_RSI,B50_RSI85,5Y,2021-07-20,2026-07-20,1.0156332010644986,20156.332010644986,0.15113129154789906,0.36749646254892643,0.5680293221958931,-0.6102351237716703,0.24766075510993915,0.23824701195219122,80.0,,,50.0,85.0,,,,,
USD,SOXX,BREAKOUT_RSI,B50_RSI85,10Y,2016-07-20,2026-07-20,2.3459392903793996,33459.392903793996,0.12875038377719572,0.3610816098087937,0.5170379704719418,-0.6113287570799254,0.21060743877350896,0.2801432550736172,189.0,,,50.0,85.0,,,,,
USD,SOXX,BREAKOUT_RSI,B50_RSI85,MAX,2007-02-01,2026-07-20,2.4547336463519827,34547.33646351982,0.06589031136710655,0.29700538852831126,0.36426808320123066,-0.6113287570799253,0.10778212312772328,0.26266339869281047,319.0,,,50.0,85.0,,,,,
USD,SOXX,BREAKOUT_RSI,B50_RSI90,1Y,2025-07-21,2026-07-20,0.4787767364062163,14787.767364062163,0.4810833939509549,0.496459231041534,1.041197398578306,-0.2891710468324552,1.6636637700097725,0.49800796812749004,25.5,,,50.0,90.0,,,,,
USD,SOXX,BREAKOUT_RSI,B50_RSI90,3Y,2023-07-20,2026-07-20,1.2784324985655604,22784.324985655603,0.31778986227489625,0.4976842965336918,0.8101400801194124,-0.6102351237716704,0.5207662586033028,0.3949468085106383,49.5,,,50.0,90.0,,,,,
USD,SOXX,BREAKOUT_RSI,B50_RSI90,5Y,2021-07-20,2026-07-20,1.651252388873215,26512.52388873215,0.21626336556477055,0.4437061723278445,0.6664873039829193,-0.6102351237716703,0.3543935069291244,0.3250996015936255,67.5,,,50.0,90.0,,,,,
USD,SOXX,BREAKOUT_RSI,B50_RSI90,10Y,2016-07-20,2026-07-20,2.4840054744938698,34840.054744938694,0.13333651036721172,0.4240447125212933,0.5092945631355928,-0.6761315760887762,0.19720497471590445,0.3724631914046956,163.5,,,50.0,90.0,,,,,
USD,SOXX,BREAKOUT_RSI,B50_RSI90,MAX,2007-02-01,2026-07-20,2.469525976405618,34695.25976405618,0.06612474142911573,0.3492380744427479,0.3595167760266185,-0.6761315760887755,0.0977986293904925,0.3396650326797386,271.5,,,50.0,90.0,,,,,
USD,SOXX,BREAKOUT_RSI,B50_RSI92,1Y,2025-07-21,2026-07-20,0.2384508414443025,12384.508414443026,0.23950649700019744,0.5714246285631606,0.6615035889912648,-0.2891710468324552,0.8282519969537847,0.6454183266932271,24.5,,,50.0,92.0,,,,,
USD,SOXX,BREAKOUT_RSI,B50_RSI92,3Y,2023-07-20,2026-07-20,0.8112814952288374,18112.814952288376,0.22026102067414333,0.5410871897473619,0.6446975185969168,-0.5818728456454342,0.3785380643254145,0.46941489361702127,47.5,,,50.0,92.0,,,,,
USD,SOXX,BREAKOUT_RSI,B50_RSI92,5Y,2021-07-20,2026-07-20,1.6782909574772753,26782.90957477275,0.21874395197138363,0.484207749628575,0.6536769011565245,-0.581872845645434,0.37593084744957483,0.4119521912350598,63.5,,,50.0,92.0,,,,,
USD,SOXX,BREAKOUT_RSI,B50_RSI92,10Y,2016-07-20,2026-07-20,5.45181970069447,64518.1970069447,0.20557368702651657,0.4536354188821358,0.6402957051167625,-0.6609825248280279,0.3110122874731098,0.43215280541185835,149.5,,,50.0,92.0,,,,,
USD,SOXX,BREAKOUT_RSI,B50_RSI92,MAX,2007-02-01,2026-07-20,4.5043228829494355,55043.22882949436,0.09175317985092013,0.370325808834356,0.42326041028533057,-0.6609825248280273,0.13881332169075458,0.3815359477124183,251.5,,,50.0,92.0,,,,,
USD,SOXX,BREAKOUT_RSI,B50_RSI95,1Y,2025-07-21,2026-07-20,0.8076793466663552,18076.793466663552,0.8119482259659587,0.6095413554643484,1.2808083245312256,-0.28764473180796624,2.8227467294899786,0.749003984063745,18.5,,,50.0,95.0,,,,,
USD,SOXX,BREAKOUT_RSI,B50_RSI95,3Y,2023-07-20,2026-07-20,2.6832176097967353,36832.176097967356,0.5479125048134947,0.5732762780937893,1.05486045088835,-0.5385324778466708,1.0174177553865091,0.5558510638297872,37.5,,,50.0,95.0,,,,,
USD,SOXX,BREAKOUT_RSI,B50_RSI95,5Y,2021-07-20,2026-07-20,1.8950533808847312,28950.53380884731,0.23793878301766114,0.5758616124985239,0.6619757628178499,-0.7053272744301817,0.3373452178067077,0.5545816733067729,51.5,,,50.0,95.0,,,,,
USD,SOXX,BREAKOUT_RSI,B50_RSI95,10Y,2016-07-20,2026-07-20,8.765519855366415,97655.19855366416,0.2567393625254637,0.52087635070787,0.7010110738152054,-0.705327274430182,0.3640003326581659,0.5555113410266613,114.5,,,50.0,95.0,,,,,
USD,SOXX,BREAKOUT_RSI,B50_RSI95,MAX,2007-02-01,2026-07-20,6.923840737122352,79238.40737122351,0.11241990485422448,0.42837928518322654,0.4642457620860629,-0.7053272744301822,0.1593868675290431,0.5132761437908496,195.5,,,50.0,95.0,,,,,
USD,SOXX,BREAKOUT_RSI,B63_RSI85,1Y,2025-07-21,2026-07-20,0.3716435838732397,13716.435838732397,0.37337157460812564,0.3692282335135429,1.0462620192670047,-0.21932571206678697,1.702361164542487,0.32270916334661354,30.0,,,63.0,85.0,,,,,
USD,SOXX,BREAKOUT_RSI,B63_RSI85,3Y,2023-07-20,2026-07-20,0.7847879964225053,17847.879964225052,0.21425049095874504,0.3743503869304869,0.7103006056982717,-0.6102351237716706,0.3510949839047783,0.2393617021276596,56.0,,,63.0,85.0,,,,,
USD,SOXX,BREAKOUT_RSI,B63_RSI85,5Y,2021-07-20,2026-07-20,0.8823730016930804,18823.730016930804,0.13542911423568538,0.36309878875704743,0.5326881638088342,-0.6102351237716703,0.2219293989481314,0.22709163346613545,77.0,,,63.0,85.0,,,,,
USD,SOXX,BREAKOUT_RSI,B63_RSI85,10Y,2016-07-20,2026-07-20,1.6783529602055007,26783.52960205501,0.10383958448454389,0.36019758361964643,0.4554464287115436,-0.6113287570799255,0.16985882519341036,0.2725825706327099,180.0,,,63.0,85.0,,,,,
USD,SOXX,BREAKOUT_RSI,B63_RSI85,MAX,2007-02-01,2026-07-20,2.25301363654063,32530.136365406303,0.06259472538842847,0.2922779479693304,0.3547824505414137,-0.6113287570799255,0.10239126601440868,0.25040849673202614,302.0,,,63.0,85.0,,,,,
USD,SOXX,BREAKOUT_RSI,B63_RSI90,1Y,2025-07-21,2026-07-20,0.4787767364062163,14787.767364062163,0.4810833939509549,0.496459231041534,1.041197398578306,-0.2891710468324552,1.6636637700097725,0.49800796812749004,25.5,,,63.0,90.0,,,,,
USD,SOXX,BREAKOUT_RSI,B63_RSI90,3Y,2023-07-20,2026-07-20,0.946520227108945,19465.20227108945,0.2500647554278379,0.49028579048436927,0.707306914038857,-0.6102351237716704,0.4097842711548078,0.37367021276595747,47.5,,,63.0,90.0,,,,,
USD,SOXX,BREAKOUT_RSI,B63_RSI90,5Y,2021-07-20,2026-07-20,1.2650293152690146,22650.293152690145,0.17841345558152244,0.4387134509363763,0.5970243208406759,-0.6102351237716703,0.29236838168017154,0.31235059760956174,65.5,,,63.0,90.0,,,,,
USD,SOXX,BREAKOUT_RSI,B63_RSI90,10Y,2016-07-20,2026-07-20,1.9642062406472025,29642.062406472025,0.11512176515816375,0.41579594961656574,0.47217945007028483,-0.7124095258488559,0.16159492676770842,0.3549542379625945,156.5,,,63.0,90.0,,,,,
USD,SOXX,BREAKOUT_RSI,B63_RSI90,MAX,2007-02-01,2026-07-20,2.205697936975793,32056.979369757933,0.061793674370444585,0.34000801743206766,0.34799435149917796,-0.7124095258488556,0.08673897825385717,0.3196486928104575,258.5,,,63.0,90.0,,,,,
USD,SOXX,BREAKOUT_RSI,B63_RSI92,1Y,2025-07-21,2026-07-20,0.2384508414443025,12384.508414443026,0.23950649700019744,0.5714246285631606,0.6615035889912648,-0.2891710468324552,0.8282519969537847,0.6454183266932271,24.5,,,63.0,92.0,,,,,
USD,SOXX,BREAKOUT_RSI,B63_RSI92,3Y,2023-07-20,2026-07-20,0.5474217777664059,15474.217777664058,0.15754820858452034,0.5342672630103015,0.5473404837190767,-0.5818728456454343,0.27076054461651705,0.44813829787234044,45.5,,,63.0,92.0,,,,,
USD,SOXX,BREAKOUT_RSI,B63_RSI92,5Y,2021-07-20,2026-07-20,1.2881290211997456,22881.290211997457,0.18081684655920638,0.4796426242824242,0.589425285648314,-0.581872845645434,0.31074975901073015,0.399203187250996,61.5,,,63.0,92.0,,,,,
USD,SOXX,BREAKOUT_RSI,B63_RSI92,10Y,2016-07-20,2026-07-20,6.345960605207388,73459.60605207388,0.22136676659349552,0.44399039243187965,0.6738477326178817,-0.6105334468114378,0.362579262036506,0.40708316752885,142.5,,,63.0,92.0,,,,,
USD,SOXX,BREAKOUT_RSI,B63_RSI92,MAX,2007-02-01,2026-07-20,5.829189516378877,68291.89516378877,0.10394000491915767,0.3603789240286158,0.45569332347240965,-0.6105334468114378,0.17024457130398518,0.35723039215686275,238.5,,,63.0,92.0,,,,,
USD,SOXX,BREAKOUT_RSI,B63_RSI95,1Y,2025-07-21,2026-07-20,0.8076793466663552,18076.793466663552,0.8119482259659587,0.6095413554643484,1.2808083245312256,-0.28764473180796624,2.8227467294899786,0.749003984063745,18.5,,,63.0,95.0,,,,,
USD,SOXX,BREAKOUT_RSI,B63_RSI95,3Y,2023-07-20,2026-07-20,2.146662270147078,31466.62270147078,0.46836071679364966,0.5669448090205784,0.9671400073976685,-0.538532477846671,0.8696981817445736,0.5345744680851063,35.5,,,63.0,95.0,,,,,
USD,SOXX,BREAKOUT_RSI,B63_RSI95,5Y,2021-07-20,2026-07-20,1.4733144247196615,24733.144247196615,0.19941433771363504,0.5720435766517759,0.6073042577948551,-0.7053272744301817,0.2827259698339859,0.5418326693227091,49.5,,,63.0,95.0,,,,,
USD,SOXX,BREAKOUT_RSI,B63_RSI95,10Y,2016-07-20,2026-07-20,9.728819045169706,107288.19045169705,0.2686512562774612,0.5077820374845836,0.7244032511368286,-0.705327274430182,0.38088879590612534,0.5212892956625547,108.5,,,63.0,95.0,,,,,
USD,SOXX,BREAKOUT_RSI,B63_RSI95,MAX,2007-02-01,2026-07-20,8.099662685189534,90996.62685189534,0.12037032180442853,0.41639962344421666,0.48253909053330324,-0.7053272744301821,0.17065882203644114,0.47998366013071897,186.5,,,63.0,95.0,,,,,
USD,SOXX,BREAKOUT_RSI,B90_RSI85,1Y,2025-07-21,2026-07-20,0.3716435838732397,13716.435838732397,0.37337157460812564,0.3692282335135429,1.0462620192670047,-0.21932571206678697,1.702361164542487,0.32270916334661354,30.0,,,90.0,85.0,,,,,
USD,SOXX,BREAKOUT_RSI,B90_RSI85,3Y,2023-07-20,2026-07-20,0.6854435446475242,16854.435446475243,0.19116899028017365,0.37122235104554613,0.6614261755545894,-0.6102351237716706,0.3132710373972224,0.22074468085106383,52.0,,,90.0,85.0,,,,,
USD,SOXX,BREAKOUT_RSI,B90_RSI85,5Y,2021-07-20,2026-07-20,0.7775967961918955,17775.967961918956,0.12244668615998155,0.361160154455724,0.5017596100578868,-0.6102351237716701,0.20065493019014927,0.21593625498007968,73.0,,,90.0,85.0,,,,,
USD,SOXX,BREAKOUT_RSI,B90_RSI85,10Y,2016-07-20,2026-07-20,0.9996639737181374,19996.639737181373,0.0719623553297486,0.3579746500284526,0.3741676931433857,-0.6243633332822642,0.11525717718150437,0.26223637087146834,171.0,,,90.0,85.0,,,,,
USD,SOXX,BREAKOUT_RSI,B90_RSI85,MAX,2007-02-01,2026-07-20,1.5327020673037213,25327.020673037212,0.04899329263036423,0.2898996501911258,0.31086992621528864,-0.6243633332822646,0.07846920217561071,0.23733660130718953,286.0,,,90.0,85.0,,,,,
USD,SOXX,BREAKOUT_RSI,B90_RSI90,1Y,2025-07-21,2026-07-20,0.4787767364062163,14787.767364062163,0.4810833939509549,0.496459231041534,1.041197398578306,-0.2891710468324552,1.6636637700097725,0.49800796812749004,25.5,,,90.0,90.0,,,,,
USD,SOXX,BREAKOUT_RSI,B90_RSI90,3Y,2023-07-20,2026-07-20,1.1866023219536586,21866.023219536586,0.29974761856944254,0.4563953295732299,0.8060016663430375,-0.6102351237716703,0.49120020610547177,0.3351063829787234,43.5,,,90.0,90.0,,,,,
USD,SOXX,BREAKOUT_RSI,B90_RSI90,5Y,2021-07-20,2026-07-20,1.5443960412455215,25443.960412455217,0.20625775188784679,0.4162378024327255,0.6595977764755377,-0.6102351237716703,0.3379971815011775,0.2892430278884462,61.5,,,90.0,90.0,,,,,
USD,SOXX,BREAKOUT_RSI,B90_RSI90,10Y,2016-07-20,2026-07-20,1.5759022806715928,25759.022806715926,0.09953081030360633,0.39919929056421594,0.4382938465177659,-0.712409525848856,0.13971010590434282,0.33306804615996816,147.5,,,90.0,90.0,,,,,
USD,SOXX,BREAKOUT_RSI,B90_RSI90,MAX,2007-02-01,2026-07-20,1.8163994910457073,28163.994910457073,0.054741484910655336,0.3287302886447565,0.32738928884336793,-0.7124095258488556,0.07683991148971421,0.3000408496732026,243.5,,,90.0,90.0,,,,,
USD,SOXX,BREAKOUT_RSI,B90_RSI92,1Y,2025-07-21,2026-07-20,0.2384508414443025,12384.508414443026,0.23950649700019744,0.5714246285631606,0.6615035889912648,-0.2891710468324552,0.8282519969537847,0.6454183266932271,24.5,,,90.0,92.0,,,,,
USD,SOXX,BREAKOUT_RSI,B90_RSI92,3Y,2023-07-20,2026-07-20,0.7349773169287079,17349.77316928708,0.202787428422196,0.5051892467098081,0.6210967520598129,-0.5818728456454341,0.34850814905661553,0.41356382978723405,40.5,,,90.0,92.0,,,,,
USD,SOXX,BREAKOUT_RSI,B90_RSI92,5Y,2021-07-20,2026-07-20,1.5654621170693712,25654.621170693714,0.2082565261670799,0.4603774007184217,0.6418726484865713,-0.5818728456454341,0.35790727772504033,0.3784860557768924,56.5,,,90.0,92.0,,,,,
USD,SOXX,BREAKOUT_RSI,B90_RSI92,10Y,2016-07-20,2026-07-20,5.010450811907175,60104.50811907175,0.19703726454549586,0.42962457742910853,0.6336850855338071,-0.6105334468114378,0.32272968102655064,0.38758456028651017,134.5,,,90.0,92.0,,,,,
USD,SOXX,BREAKOUT_RSI,B90_RSI92,MAX,2007-02-01,2026-07-20,4.649087613710723,56490.87613710723,0.09321294585534146,0.3504628894840736,0.4299012840782848,-0.6105334468114378,0.15267459357411767,0.3388480392156863,224.5,,,90.0,92.0,,,,,
USD,SOXX,BREAKOUT_RSI,B90_RSI95,1Y,2025-07-21,2026-07-20,0.8076793466663552,18076.793466663552,0.8119482259659587,0.6095413554643484,1.2808083245312256,-0.28764473180796624,2.8227467294899786,0.749003984063745,18.5,,,90.0,95.0,,,,,
USD,SOXX,BREAKOUT_RSI,B90_RSI95,3Y,2023-07-20,2026-07-20,2.2437695493118057,32437.69549311806,0.4833926217162421,0.5331392302798877,1.0091631680787159,-0.5385324778466708,0.8976108992517848,0.47606382978723405,31.5,,,90.0,95.0,,,,,
USD,SOXX,BREAKOUT_RSI,B90_RSI95,5Y,2021-07-20,2026-07-20,1.5496419151472156,25496.419151472157,0.20675671973272225,0.5522140604354329,0.6179458375662981,-0.7053272744301817,0.29313586363118654,0.5067729083665339,45.5,,,90.0,95.0,,,,,
USD,SOXX,BREAKOUT_RSI,B90_RSI95,10Y,2016-07-20,2026-07-20,8.903068791174627,99030.68791174627,0.25850328293830716,0.4968562364186165,0.7119697698959843,-0.705327274430182,0.36650118648416957,0.5041782729805014,102.5,,,90.0,95.0,,,,,
USD,SOXX,BREAKOUT_RSI,B90_RSI95,MAX,2007-02-01,2026-07-20,8.414419306345398,94144.19306345397,0.12233298321062924,0.4067435992844351,0.48782410660339925,-0.7053272744301822,0.17344144717707005,0.44955065359477125,176.5,,,90.0,95.0,,,,,
USD,SOXX,BREAKOUT_RSI,B126_RSI85,1Y,2025-07-21,2026-07-20,0.3716435838732397,13716.435838732397,0.37337157460812564,0.3692282335135429,1.0462620192670047,-0.21932571206678697,1.702361164542487,0.32270916334661354,30.0,,,126.0,85.0,,,,,
USD,SOXX,BREAKOUT_RSI,B126_RSI85,3Y,2023-07-20,2026-07-20,0.6854435446475242,16854.435446475243,0.19116899028017365,0.37122235104554613,0.6614261755545894,-0.6102351237716706,0.3132710373972224,0.22074468085106383,52.0,,,126.0,85.0,,,,,
USD,SOXX,BREAKOUT_RSI,B126_RSI85,5Y,2021-07-20,2026-07-20,0.7729706237825591,17729.70623782559,0.12185951703493458,0.3598476993087938,0.5008464667221695,-0.6102351237716704,0.1996927287334092,0.21354581673306772,72.0,,,126.0,85.0,,,,,
USD,SOXX,BREAKOUT_RSI,B126_RSI85,10Y,2016-07-20,2026-07-20,0.9954958054023508,19954.958054023507,0.07173807902117724,0.35699325893204015,0.37364395641813863,-0.6241682259854855,0.11493388486399089,0.2594508555511341,168.0,,,126.0,85.0,,,,,
USD,SOXX,BREAKOUT_RSI,B126_RSI85,MAX,2007-02-01,2026-07-20,1.2315249948839209,22315.24994883921,0.04218000686195311,0.2873037345892205,0.28840289293750915,-0.6241682259854855,0.06757794630663236,0.23059640522875818,277.0,,,126.0,85.0,,,,,
USD,SOXX,BREAKOUT_RSI,B126_RSI90,1Y,2025-07-21,2026-07-20,0.4787767364062163,14787.767364062163,0.4810833939509549,0.496459231041534,1.041197398578306,-0.2891710468324552,1.6636637700097725,0.49800796812749004,25.5,,,126.0,90.0,,,,,
USD,SOXX,BREAKOUT_RSI,B126_RSI90,3Y,2023-07-20,2026-07-20,1.1866023219536586,21866.023219536586,0.29974761856944254,0.4563953295732299,0.8060016663430375,-0.6102351237716703,0.49120020610547177,0.3351063829787234,43.5,,,126.0,90.0,,,,,
USD,SOXX,BREAKOUT_RSI,B126_RSI90,5Y,2021-07-20,2026-07-20,1.5377742838314408,25377.742838314407,0.20562673990528224,0.41510040823547295,0.6590270547343514,-0.6102351237716703,0.33696313420041835,0.2868525896414343,60.5,,,126.0,90.0,,,,,
USD,SOXX,BREAKOUT_RSI,B126_RSI90,10Y,2016-07-20,2026-07-20,1.365837458419111,23658.37458419111,0.09019118079526778,0.39657162415131675,0.4170732697226651,-0.7306743486346492,0.12343553727293231,0.3247115001989654,145.5,,,126.0,90.0,,,,,
USD,SOXX,BREAKOUT_RSI,B126_RSI90,MAX,2007-02-01,2026-07-20,1.9593966748756877,29593.966748756877,0.0574335973593223,0.32318560855243184,0.3352770301078243,-0.7306743486346494,0.07860354953837329,0.28574346405228757,237.5,,,126.0,90.0,,,,,
USD,SOXX,BREAKOUT_RSI,B126_RSI92,1Y,2025-07-21,2026-07-20,0.2384508414443025,12384.508414443026,0.23950649700019744,0.5714246285631606,0.6615035889912648,-0.2891710468324552,0.8282519969537847,0.6454183266932271,24.5,,,126.0,92.0,,,,,
USD,SOXX,BREAKOUT_RSI,B126_RSI92,3Y,2023-07-20,2026-07-20,0.7349773169287079,17349.77316928708,0.202787428422196,0.5051892467098081,0.6210967520598129,-0.5818728456454341,0.34850814905661553,0.41356382978723405,40.5,,,126.0,92.0,,,,,
USD,SOXX,BREAKOUT_RSI,B126_RSI92,5Y,2021-07-20,2026-07-20,1.2630638801338483,22630.638801338482,0.17820806050058358,0.4560016479815406,0.5885455078809945,-0.5818728456454341,0.30626632920618396,0.37290836653386455,56.5,,,126.0,92.0,,,,,
USD,SOXX,BREAKOUT_RSI,B126_RSI92,10Y,2016-07-20,2026-07-20,4.012642606721803,50126.42606721803,0.17544328358434447,0.42577714123530447,0.5928618910909339,-0.6203290974231174,0.2828229149868125,0.37763629128531634,133.5,,,126.0,92.0,,,,,
USD,SOXX,BREAKOUT_RSI,B126_RSI92,MAX,2007-02-01,2026-07-20,4.520535641669251,55205.356416692506,0.09191846379697477,0.34304390883754593,0.42825257691320373,-0.6203290974231173,0.14817693411256921,0.32169117647058826,218.5,,,126.0,92.0,,,,,
USD,SOXX,BREAKOUT_RSI,B126_RSI95,1Y,2025-07-21,2026-07-20,0.8076793466663552,18076.793466663552,0.8119482259659587,0.6095413554643484,1.2808083245312256,-0.28764473180796624,2.8227467294899786,0.749003984063745,18.5,,,126.0,95.0,,,,,
USD,SOXX,BREAKOUT_RSI,B126_RSI95,3Y,2023-07-20,2026-07-20,2.2437695493118057,32437.69549311806,0.4833926217162421,0.5331392302798877,1.0091631680787159,-0.5385324778466708,0.8976108992517848,0.47606382978723405,31.5,,,126.0,95.0,,,,,
USD,SOXX,BREAKOUT_RSI,B126_RSI95,5Y,2021-07-20,2026-07-20,1.249108449917887,22491.08449917887,0.1767455531671811,0.5485803190253894,0.5725915225195888,-0.7053272744301817,0.25058658522736116,0.501195219123506,45.5,,,126.0,95.0,,,,,
USD,SOXX,BREAKOUT_RSI,B126_RSI95,10Y,2016-07-20,2026-07-20,7.259038483701934,82590.38483701934,0.23580048434027434,0.4935461842374009,0.6765870855040155,-0.7053272744301821,0.33431357738260187,0.4942300039793076,101.5,,,126.0,95.0,,,,,
USD,SOXX,BREAKOUT_RSI,B126_RSI95,MAX,2007-02-01,2026-07-20,8.186417884095112,91864.17884095112,0.12091763374062547,0.40037011904078135,0.48601776126068774,-0.7053272744301822,0.17143479080447027,0.4323937908496732,171.5,,,126.0,95.0,,,,,
USD,SOXX,PULLBACK_RECLAIM,RSI5_R10_H10,1Y,2025-07-21,2026-07-20,0.6758466776709442,16758.466776709443,0.679297519233595,0.2300104901371193,2.3678884247983394,-0.09252272080859902,7.341953557968233,0.11952191235059761,3.0,,,,,5.0,10.0,10.0,,
USD,SOXX,PULLBACK_RECLAIM,RSI5_R10_H10,3Y,2023-07-20,2026-07-20,1.1635713145870694,21635.713145870694,0.29514386736528997,0.16587131216265266,1.640768143061579,-0.09252272080859913,3.1899609607876886,0.06648936170212766,5.0,,,,,5.0,10.0,10.0,,
USD,SOXX,PULLBACK_RECLAIM,RSI5_R10_H10,5Y,2021-07-20,2026-07-20,1.2135371708617502,22135.371708617502,0.17298466236008103,0.14264503149487187,1.1885260547494865,-0.16063505302776293,1.0768799156818138,0.06772908366533864,9.0,,,,,5.0,10.0,10.0,,
USD,SOXX,PULLBACK_RECLAIM,RSI5_R10_H10,10Y,2016-07-20,2026-07-20,0.6359796286202284,16359.796286202283,0.050599856889254724,0.1643325609207018,0.3845088939519468,-0.5274767563692766,0.09592812626956915,0.07560684440907282,19.0,,,,,5.0,10.0,10.0,,
USD,SOXX,PULLBACK_RECLAIM,RSI5_R10_H10,MAX,2007-02-01,2026-07-20,2.0210688928162543,30210.688928162544,0.05855676024432732,0.150687378709326,0.45373709710728144,-0.5274767563692767,0.11101296794077656,0.07761437908496732,38.0,,,,,5.0,10.0,10.0,,
USD,SOXX,PULLBACK_RECLAIM,RSI5_R10_H20,1Y,2025-07-21,2026-07-20,0.8259217173809594,18259.217173809593,0.8303068947114083,0.2889131233427696,2.2368533918440883,-0.11011743721318423,7.5401945025650905,0.23904382470119523,3.0,,,,,5.0,10.0,20.0,,
USD,SOXX,PULLBACK_RECLAIM,RSI5_R10_H20,3Y,2023-07-20,2026-07-20,1.9631815770688572,29631.815770688572,0.4390941434617799,0.22355320006851598,1.7395177230791135,-0.1344797190033542,3.265132814940132,0.13297872340425532,5.0,,,,,5.0,10.0,20.0,,
USD,SOXX,PULLBACK_RECLAIM,RSI5_R10_H20,5Y,2021-07-20,2026-07-20,3.9242636622163403,49242.6366221634,0.3772726587641435,0.22903156559833363,1.5090684635897638,-0.19211123366808547,1.963824038608618,0.1394422310756972,9.0,,,,,5.0,10.0,20.0,,
USD,SOXX,PULLBACK_RECLAIM,RSI5_R10_H20,10Y,2016-07-20,2026-07-20,3.4379234277787463,44379.234277787466,0.16117654126035896,0.24493459421496452,0.7317491488632437,-0.4871629032627174,0.33084732064140693,0.15161161957819339,20.0,,,,,5.0,10.0,20.0,,
USD,SOXX,PULLBACK_RECLAIM,RSI5_R10_H20,MAX,2007-02-01,2026-07-20,4.177004642632032,51770.046426320325,0.08831356722443218,0.21336727193395935,0.5026833120660673,-0.5112304601407947,0.17274707614274454,0.14705882352941177,36.0,,,,,5.0,10.0,20.0,,
USD,SOXX,PULLBACK_RECLAIM,RSI5_R10_H40,1Y,2025-07-21,2026-07-20,1.7091450708548561,27091.45070854856,1.719923521898671,0.42082742810355733,2.592475827887663,-0.17486789989642382,9.835558858529213,0.47808764940239046,3.0,,,,,5.0,10.0,40.0,,
USD,SOXX,PULLBACK_RECLAIM,RSI5_R10_H40,3Y,2023-07-20,2026-07-20,4.789620537903887,57896.20537903887,0.8012289420352912,0.3258090323905271,1.9705181056411127,-0.19795191924941313,4.04759370393256,0.26595744680851063,5.0,,,,,5.0,10.0,40.0,,
USD,SOXX,PULLBACK_RECLAIM,RSI5_R10_H40,5Y,2021-07-20,2026-07-20,14.348893112385793,153488.93112385794,0.7304557315614522,0.3111929833347029,1.9168039826656442,-0.19795191924941313,3.6900664279041475,0.250996015936255,8.0,,,,,5.0,10.0,40.0,,
USD,SOXX,PULLBACK_RECLAIM,RSI5_R10_H40,10Y,2016-07-20,2026-07-20,21.33074745175444,223307.4745175444,0.3654193874607321,0.3177666712094564,1.1383177586901059,-0.5269425586906886,0.6934710082417742,0.26303223239156387,17.0,,,,,5.0,10.0,40.0,,
USD,SOXX,PULLBACK_RECLAIM,RSI5_R10_H40,MAX,2007-02-01,2026-07-20,54.37001980865413,553700.1980865413,0.22949671630296997,0.27333702430072704,0.8918581869348485,-0.5269425586906886,0.43552511088344803,0.24509803921568626,30.0,,,,,5.0,10.0,40.0,,
USD,SOXX,PULLBACK_RECLAIM,RSI5_R20_H10,1Y,2025-07-21,2026-07-20,0.6321369953271463,16321.369953271464,0.6353256355687864,0.23146504882110208,2.2395946786613155,-0.09252272080859902,6.866698579725938,0.11952191235059761,3.0,,,,,5.0,20.0,10.0,,
USD,SOXX,PULLBACK_RECLAIM,RSI5_R20_H10,3Y,2023-07-20,2026-07-20,1.0588475976078526,20588.475976078527,0.2737889328754304,0.14839634127045956,1.7035715738723547,-0.09252272080859902,2.959153497461615,0.05319148936170213,4.0,,,,,5.0,20.0,10.0,,
USD,SOXX,PULLBACK_RECLAIM,RSI5_R20_H10,5Y,2021-07-20,2026-07-20,1.2738025194036688,22738.025194036687,0.17932855390154967,0.13009450246724782,1.3316503727556455,-0.1626297085941668,1.1026801649694513,0.05896414342629482,7.0,,,,,5.0,20.0,10.0,,
USD,SOXX,PULLBACK_RECLAIM,RSI5_R20_H10,10Y,2016-07-20,2026-07-20,2.430751389973686,34307.51389973686,0.13158728343318393,0.13536353206041418,0.9803187513785712,-0.18216170961847367,0.7223652199399384,0.07162753680859531,17.0,,,,,5.0,20.0,10.0,,
USD,SOXX,PULLBACK_RECLAIM,RSI5_R20_H10,MAX,2007-02-01,2026-07-20,6.20132573098139,72013.2573098139,0.10695896900629331,0.12355126868954304,0.8834196774957543,-0.1866590638611475,0.5730178154426954,0.06331699346405228,30.0,,,,,5.0,20.0,10.0,,
USD,SOXX,PULLBACK_RECLAIM,RSI5_R20_H20,1Y,2025-07-21,2026-07-20,0.8190420698694185,18190.420698694186,0.823383302124018,0.28941453008753465,2.2203522120613766,-0.11011743721318423,7.477319877413886,0.23904382470119523,3.0,,,,,5.0,20.0,20.0,,
USD,SOXX,PULLBACK_RECLAIM,RSI5_R20_H20,3Y,2023-07-20,2026-07-20,1.418815942313274,24188.15942313274,0.34445959309235397,0.19529096146800648,1.6125814071221993,-0.11011743721318445,3.1281112402342717,0.10638297872340426,4.0,,,,,5.0,20.0,20.0,,
USD,SOXX,PULLBACK_RECLAIM,RSI5_R20_H20,5Y,2021-07-20,2026-07-20,1.7339010247368671,27339.01024736867,0.22378349505460582,0.16998571268996962,1.272300984385994,-0.19403108966232507,1.1533383410053475,0.10677290836653386,7.0,,,,,5.0,20.0,20.0,,
USD,SOXX,PULLBACK_RECLAIM,RSI5_R20_H20,10Y,2016-07-20,2026-07-20,3.1594792915988785,41594.792915988786,0.15365600472382335,0.17617376724660322,0.8994061269966581,-0.24307864626466213,0.6321246521857123,0.1277357739753283,17.0,,,,,5.0,20.0,20.0,,
USD,SOXX,PULLBACK_RECLAIM,RSI5_R20_H20,MAX,2007-02-01,2026-07-20,7.819257110906635,88192.57110906635,0.11856684228938996,0.16259980890330517,0.7701348392588233,-0.4172596799849362,0.2841560015903536,0.11437908496732026,28.0,,,,,5.0,20.0,20.0,,
USD,SOXX,PULLBACK_RECLAIM,RSI5_R20_H40,1Y,2025-07-21,2026-07-20,1.5610880402502305,25610.880402502306,1.5707017746272665,0.42061017002853396,2.4589175344993577,-0.17486789989642393,8.982219009650196,0.47808764940239046,3.0,,,,,5.0,20.0,40.0,,
USD,SOXX,PULLBACK_RECLAIM,RSI5_R20_H40,3Y,2023-07-20,2026-07-20,3.9601858033581285,49601.85803358129,0.7102744221501325,0.2978550858063166,1.9508245932340944,-0.17486789989642415,4.06177704753608,0.2127659574468085,4.0,,,,,5.0,20.0,40.0,,
USD,SOXX,PULLBACK_RECLAIM,RSI5_R20_H40,5Y,2021-07-20,2026-07-20,7.594591615999255,85945.91615999254,0.5402437375088327,0.25660570581534975,1.8114023223263107,-0.17486789989642382,3.0894391585238057,0.18645418326693228,6.0,,,,,5.0,20.0,40.0,,
USD,SOXX,PULLBACK_RECLAIM,RSI5_R20_H40,10Y,2016-07-20,2026-07-20,15.683973477232936,166839.73477232936,0.32608212949906235,0.24877210304707587,1.2590710867575867,-0.328263510621119,0.9933547864703902,0.23119777158774374,15.0,,,,,5.0,20.0,40.0,,
USD,SOXX,PULLBACK_RECLAIM,RSI5_R20_H40,MAX,2007-02-01,2026-07-20,33.32111172315186,343211.1172315186,0.19959941638871292,0.21728597349387183,0.9461652969568759,-0.3920132238263523,0.5091650083649429,0.19607843137254902,24.0,,,,,5.0,20.0,40.0,,
USD,SOXX,PULLBACK_RECLAIM,RSI10_R10_H10,1Y,2025-07-21,2026-07-20,0.8205915523383802,18205.915523383803,0.8249426731230578,0.37669353371947784,1.7873282252412677,-0.15723918592600117,5.246419130605819,0.3187250996015936,7.0,,,,,10.0,10.0,10.0,,
USD,SOXX,PULLBACK_RECLAIM,RSI10_R10_H10,3Y,2023-07-20,2026-07-20,1.5165793032351202,25165.7930323512,0.36242999787011265,0.3672306260052672,1.0293694599288274,-0.39878712037276864,0.9088307504297758,0.2127659574468085,15.0,,,,,10.0,10.0,10.0,,
USD,SOXX,PULLBACK_RECLAIM,RSI10_R10_H10,5Y,2021-07-20,2026-07-20,1.8438635405764887,28438.635405764886,0.23351214817590926,0.3141986843292239,0.8273159676159829,-0.39878712037276864,0.5855558924712322,0.17928286852589642,22.0,,,,,10.0,10.0,10.0,,
USD,SOXX,PULLBACK_RECLAIM,RSI10_R10_H10,10Y,2016-07-20,2026-07-20,1.5163899619660133,25163.899619660133,0.09695656523214802,0.27149542325095144,0.47934357268772787,-0.539883637117252,0.1795878936984545,0.17906884202148826,43.0,,,,,10.0,10.0,10.0,,
USD,SOXX,PULLBACK_RECLAIM,RSI10_R10_H10,MAX,2007-02-01,2026-07-20,2.5702075019989374,35702.075019989374,0.0676956108661999,0.23339129104870096,0.398818919376786,-0.552052787157012,0.1226252496882083,0.1715686274509804,81.0,,,,,10.0,10.0,10.0,,
USD,SOXX,PULLBACK_RECLAIM,RSI10_R10_H20,1Y,2025-07-21,2026-07-20,0.43413102955440275,14341.310295544028,0.4361926255080735,0.48470699899779524,0.9883616476330773,-0.2671478459893978,1.632776127737839,0.47808764940239046,6.0,,,,,10.0,10.0,20.0,,
USD,SOXX,PULLBACK_RECLAIM,RSI10_R10_H20,3Y,2023-07-20,2026-07-20,1.0067831220082355,20067.831220082357,0.2629025152636242,0.43351129588519377,0.7575970159220315,-0.38683337219924907,0.6796272869865247,0.3257978723404255,13.0,,,,,10.0,10.0,20.0,,
USD,SOXX,PULLBACK_RECLAIM,RSI10_R10_H20,5Y,2021-07-20,2026-07-20,3.6479502320212083,46479.50232021208,0.36139445157228356,0.39835208719011,0.97352140270647,-0.38683337219924907,0.9342380403160705,0.29880478087649404,19.0,,,,,10.0,10.0,20.0,,
USD,SOXX,PULLBACK_RECLAIM,RSI10_R10_H20,10Y,2016-07-20,2026-07-20,5.392958715694419,63929.587156944195,0.2044662062365339,0.3419663425721051,0.7152361654182287,-0.4679102546550252,0.43697739941023533,0.294866693195384,38.0,,,,,10.0,10.0,20.0,,
USD,SOXX,PULLBACK_RECLAIM,RSI10_R10_H20,MAX,2007-02-01,2026-07-20,7.119520372061171,81195.20372061171,0.11381756754130667,0.2944263456911322,0.513378904045001,-0.5556658338281135,0.20483096244588317,0.2900326797385621,68.0,,,,,10.0,10.0,20.0,,
USD,SOXX,PULLBACK_RECLAIM,RSI10_R10_H40,1Y,2025-07-21,2026-07-20,0.9188357666568971,19188.357666568972,0.923824475549138,0.5322797144339265,1.496810543638045,-0.28764473180796646,3.2116857129366423,0.5776892430278885,3.5,,,,,10.0,10.0,40.0,,
USD,SOXX,PULLBACK_RECLAIM,RSI10_R10_H40,3Y,2023-07-20,2026-07-20,2.0195046314750256,30195.046314750256,0.4482032458218572,0.5094730654232641,0.9844919584968695,-0.3867003373576592,1.1590453964546559,0.44148936170212766,8.5,,,,,10.0,10.0,40.0,,
USD,SOXX,PULLBACK_RECLAIM,RSI10_R10_H40,5Y,2021-07-20,2026-07-20,7.657620968877209,86576.2096887721,0.5425052285797667,0.48086516256638695,1.1424687699728995,-0.38670033735765896,1.4029085991668113,0.4302788844621514,13.5,,,,,10.0,10.0,40.0,,
USD,SOXX,PULLBACK_RECLAIM,RSI10_R10_H40,10Y,2016-07-20,2026-07-20,12.872967246622865,138729.67246622866,0.30177248892487807,0.43850134551672865,0.8217813616886235,-0.6117222889710849,0.4933161572916666,0.43215280541185835,26.5,,,,,10.0,10.0,40.0,,
USD,SOXX,PULLBACK_RECLAIM,RSI10_R10_H40,MAX,2007-02-01,2026-07-20,31.049123291136915,320491.2329113692,0.19537795731362273,0.36598562597635553,0.6711979275619817,-0.6117222889710848,0.31938995984966956,0.4054330065359477,48.5,,,,,10.0,10.0,40.0,,
USD,SOXX,PULLBACK_RECLAIM,RSI10_R20_H10,1Y,2025-07-21,2026-07-20,0.9261713733439989,19261.71373343999,0.9312085114719291,0.3683321204998928,1.9731780786389708,-0.1257025824452106,7.408030076691627,0.2788844621513944,6.0,,,,,10.0,20.0,10.0,,
USD,SOXX,PULLBACK_RECLAIM,RSI10_R20_H10,3Y,2023-07-20,2026-07-20,2.250455053101827,32504.55053101827,0.4844164464771137,0.2787299399965677,1.557513996693674,-0.2341899148348472,2.068476974419366,0.18617021276595744,13.0,,,,,10.0,20.0,10.0,,
USD,SOXX,PULLBACK_RECLAIM,RSI10_R20_H10,5Y,2021-07-20,2026-07-20,2.146471538400215,31464.71538400215,0.2588136219767687,0.24648948743174529,1.0575647323973576,-0.30386066469928175,0.8517509899904477,0.16254980079681275,19.0,,,,,10.0,20.0,10.0,,
USD,SOXX,PULLBACK_RECLAIM,RSI10_R20_H10,10Y,2016-07-20,2026-07-20,3.984879565628983,49848.79565628983,0.17478880631288574,0.21920895661760553,0.8447073911322203,-0.3247864672428167,0.5381652991785838,0.15917230401910068,37.0,,,,,10.0,20.0,10.0,,
USD,SOXX,PULLBACK_RECLAIM,RSI10_R20_H10,MAX,2007-02-01,2026-07-20,4.907420380503728,59074.20380503728,0.09573189258238601,0.1935955515375481,0.5690317933386185,-0.42862009463126594,0.22334905381592624,0.14705882352941177,69.0,,,,,10.0,20.0,10.0,,
USD,SOXX,PULLBACK_RECLAIM,RSI10_R20_H20,1Y,2025-07-21,2026-07-20,1.0887510687976159,20887.51068797616,1.0948895678926878,0.481277399378234,1.778657432694203,-0.2524424749057441,4.337184415188026,0.47808764940239046,6.0,,,,,10.0,20.0,20.0,,
USD,SOXX,PULLBACK_RECLAIM,RSI10_R20_H20,3Y,2023-07-20,2026-07-20,0.879727146411025,18797.27146411025,0.23552324764680765,0.3613194665782243,0.7666902574800641,-0.5132181053370788,0.458914533991581,0.2992021276595745,11.0,,,,,10.0,20.0,20.0,,
USD,SOXX,PULLBACK_RECLAIM,RSI10_R20_H20,5Y,2021-07-20,2026-07-20,1.5027378531500468,25027.378531500468,0.20226591535528682,0.3211645061849193,0.7344292548229425,-0.5132181053370786,0.39411297702063686,0.2661354581673307,16.0,,,,,10.0,20.0,20.0,,
USD,SOXX,PULLBACK_RECLAIM,RSI10_R20_H20,10Y,2016-07-20,2026-07-20,1.7245809086864416,27245.809086864418,0.1057354270165618,0.29558775904557655,0.4886174198930166,-0.5132181053370786,0.20602435088901513,0.26303223239156387,33.0,,,,,10.0,20.0,20.0,,
USD,SOXX,PULLBACK_RECLAIM,RSI10_R20_H20,MAX,2007-02-01,2026-07-20,1.576577566857627,25765.77566857627,0.04992103393555025,0.2596144424726933,0.3178878516986611,-0.6533175362279912,0.0764115933941946,0.24918300653594772,60.0,,,,,10.0,20.0,20.0,,
USD,SOXX,PULLBACK_RECLAIM,RSI10_R20_H40,1Y,2025-07-21,2026-07-20,1.3129300048050871,23129.30004805087,1.3206697255735982,0.5392864776669983,1.834131391061061,-0.2876447318079661,4.591322487544419,0.5896414342629482,3.5,,,,,10.0,20.0,40.0,,
USD,SOXX,PULLBACK_RECLAIM,RSI10_R20_H40,3Y,2023-07-20,2026-07-20,2.6673732830032457,36673.73283003246,0.5456779158440392,0.4988968514943719,1.1252783420934205,-0.5375618265996901,1.0150979642577802,0.4428191489361702,8.5,,,,,10.0,20.0,40.0,,
USD,SOXX,PULLBACK_RECLAIM,RSI10_R20_H40,5Y,2021-07-20,2026-07-20,6.367877902084022,73678.77902084021,0.4933430790927935,0.457264228311566,1.106499805764393,-0.53756182659969,0.9177420246028274,0.4,12.5,,,,,10.0,20.0,40.0,,
USD,SOXX,PULLBACK_RECLAIM,RSI10_R20_H40,10Y,2016-07-20,2026-07-20,9.512310428177955,105123.10428177955,0.26606036566282687,0.4179848788501514,0.7744626145935304,-0.6105334468114378,0.4357834399611511,0.40151213688818144,25.5,,,,,10.0,20.0,40.0,,
USD,SOXX,PULLBACK_RECLAIM,RSI10_R20_H40,MAX,2007-02-01,2026-07-20,10.05998798203732,110599.8798203732,0.13167746021999038,0.34897951506558783,0.5296095474817716,-0.6105334468114378,0.21567607951323056,0.37336601307189543,45.5,,,,,10.0,20.0,40.0,,
USD,SOXX,PULLBACK_RECLAIM,RSI15_R10_H10,1Y,2025-07-21,2026-07-20,1.1870294399678913,21870.294399678914,1.193858594865389,0.4768664075808392,1.8893541704150703,-0.15723918592600084,7.592627676330232,0.47808764940239046,11.0,,,,,15.0,10.0,10.0,,
USD,SOXX,PULLBACK_RECLAIM,RSI15_R10_H10,3Y,2023-07-20,2026-07-20,3.210633569280386,42106.33569280386,0.6189104081741208,0.453554099281904,1.2927378446466373,-0.4413291525929336,1.4023782579008142,0.3324468085106383,24.0,,,,,15.0,10.0,10.0,,
USD,SOXX,PULLBACK_RECLAIM,RSI15_R10_H10,5Y,2021-07-20,2026-07-20,3.9636996447728556,49636.996447728554,0.3794803722231861,0.4054560254652439,0.9982142151641683,-0.4413291525929336,0.8598579314183792,0.2749003984063745,33.0,,,,,15.0,10.0,10.0,,
USD,SOXX,PULLBACK_RECLAIM,RSI15_R10_H10,10Y,2016-07-20,2026-07-20,5.504047361863113,65040.47361863113,0.20654877506457625,0.3524876577168702,0.7111926419197658,-0.5469980746262733,0.3776042085809846,0.28651014723438123,69.0,,,,,15.0,10.0,10.0,,
USD,SOXX,PULLBACK_RECLAIM,RSI15_R10_H10,MAX,2007-02-01,2026-07-20,16.28975015577221,172897.5015577221,0.15800307705801142,0.29554927371044154,0.6455211163256923,-0.5469980746262735,0.28885490532295593,0.2696078431372549,126.0,,,,,15.0,10.0,10.0,,
USD,SOXX,PULLBACK_RECLAIM,RSI15_R10_H20,1Y,2025-07-21,2026-07-20,0.792429583471749,17924.29583471749,0.7966018092004075,0.5138786580651529,1.3970146238942605,-0.2671478459893978,2.9818762200763618,0.5577689243027888,7.0,,,,,15.0,10.0,20.0,,
USD,SOXX,PULLBACK_RECLAIM,RSI15_R10_H20,3Y,2023-07-20,2026-07-20,2.3338501886804504,33338.5018868045,0.497071592225941,0.4988230413052511,1.0604717662034697,-0.4381003705215284,1.1346066464956681,0.4321808510638298,17.0,,,,,15.0,10.0,20.0,,
USD,SOXX,PULLBACK_RECLAIM,RSI15_R10_H20,5Y,2021-07-20,2026-07-20,4.051951442300747,50519.51442300747,0.38437057189989354,0.4710156845170145,0.9258200119233752,-0.4381003705215284,0.8773573312488341,0.3784860557768924,24.0,,,,,15.0,10.0,20.0,,
USD,SOXX,PULLBACK_RECLAIM,RSI15_R10_H20,10Y,2016-07-20,2026-07-20,12.264280260979644,132642.80260979643,0.2959286589227539,0.4196754518741727,0.828013786247215,-0.5978022644122377,0.4950276647307659,0.4222045364106645,51.0,,,,,15.0,10.0,20.0,,
USD,SOXX,PULLBACK_RECLAIM,RSI15_R10_H20,MAX,2007-02-01,2026-07-20,31.249983162768423,322499.83162768424,0.19576241969948827,0.3556704332182667,0.6808486703502706,-0.5978022644122377,0.32747018764133135,0.4125816993464052,93.0,,,,,15.0,10.0,20.0,,
USD,SOXX,PULLBACK_RECLAIM,RSI15_R10_H40,1Y,2025-07-21,2026-07-20,1.1455770148321474,21455.770148321473,1.1521126530452914,0.6497707121303391,1.5079433163618934,-0.30921443293739426,3.7259342718926587,0.796812749003984,4.5,,,,,15.0,10.0,40.0,,
USD,SOXX,PULLBACK_RECLAIM,RSI15_R10_H40,3Y,2023-07-20,2026-07-20,3.3061869660904826,43061.86966090483,0.6311299879291932,0.5962929629896342,1.1241772365954792,-0.6122914891829828,1.0307672065985234,0.6210106382978723,10.5,,,,,15.0,10.0,40.0,,
USD,SOXX,PULLBACK_RECLAIM,RSI15_R10_H40,5Y,2021-07-20,2026-07-20,9.859611931763046,108596.11931763047,0.614314736296343,0.5493801960754022,1.1486835130531272,-0.6122914891829829,1.0033043854913937,0.5378486055776892,15.5,,,,,15.0,10.0,40.0,,
USD,SOXX,PULLBACK_RECLAIM,RSI15_R10_H40,10Y,2016-07-20,2026-07-20,48.07402052654699,490740.2052654699,0.4775975194045603,0.5051926206981205,1.0273509190065044,-0.6122914891829829,0.7800165898791884,0.5813768404297652,34.5,,,,,15.0,10.0,40.0,,
USD,SOXX,PULLBACK_RECLAIM,RSI15_R10_H40,MAX,2007-02-01,2026-07-20,183.97768124893472,1849776.812489347,0.30824765687416744,0.41453178575326893,0.8565351635322979,-0.6122914891829827,0.5034328621576641,0.5228758169934641,60.5,,,,,15.0,10.0,40.0,,
USD,SOXX,PULLBACK_RECLAIM,RSI15_R20_H10,1Y,2025-07-21,2026-07-20,0.910027203844882,19100.27203844882,0.9149579077767942,0.44280619570347823,1.6922471460984296,-0.16114596864856512,5.677820645778477,0.398406374501992,9.0,,,,,15.0,20.0,10.0,,
USD,SOXX,PULLBACK_RECLAIM,RSI15_R20_H10,3Y,2023-07-20,2026-07-20,2.5591941629308286,35591.94162930828,0.5302467556417807,0.31759814354029936,1.500033281507926,-0.2341899148348472,2.2641741682843834,0.2393617021276596,17.0,,,,,15.0,20.0,10.0,,
USD,SOXX,PULLBACK_RECLAIM,RSI15_R20_H10,5Y,2021-07-20,2026-07-20,2.141040490400341,31410.40490400341,0.2583770278986621,0.3005768615041136,0.9157739390708071,-0.4591051995383977,0.5627839287345133,0.2103585657370518,25.0,,,,,15.0,20.0,10.0,,
USD,SOXX,PULLBACK_RECLAIM,RSI15_R20_H10,10Y,2016-07-20,2026-07-20,5.007747752477301,60077.477524773014,0.19698326971902969,0.2578259413057532,0.8266528646716065,-0.45910519953839746,0.42905911306838707,0.19498607242339833,46.0,,,,,15.0,20.0,10.0,,
USD,SOXX,PULLBACK_RECLAIM,RSI15_R20_H10,MAX,2007-02-01,2026-07-20,12.299283013633692,132992.8301363369,0.14246814586602818,0.23023783703574055,0.693793673068662,-0.4591051995383977,0.3103169949050266,0.19607843137254902,92.0,,,,,15.0,20.0,10.0,,
USD,SOXX,PULLBACK_RECLAIM,RSI15_R20_H20,1Y,2025-07-21,2026-07-20,1.309600252795323,23096.00252795323,1.3173155305556543,0.5693758552056764,1.7637928219007082,-0.252442474905744,5.218280049930221,0.6374501992031872,7.0,,,,,15.0,20.0,20.0,,
USD,SOXX,PULLBACK_RECLAIM,RSI15_R20_H20,3Y,2023-07-20,2026-07-20,1.8059682293668735,28059.682293668735,0.41304303729115577,0.4109963326384865,1.047957568456416,-0.41744733360721653,0.9894494563469776,0.37898936170212766,13.0,,,,,15.0,20.0,20.0,,
USD,SOXX,PULLBACK_RECLAIM,RSI15_R20_H20,5Y,2021-07-20,2026-07-20,1.3380681896756634,23380.681896756636,0.18594717451048348,0.39134622537630437,0.632135154846988,-0.4651576288109661,0.399750886566777,0.3298804780876494,19.0,,,,,15.0,20.0,20.0,,
USD,SOXX,PULLBACK_RECLAIM,RSI15_R20_H20,10Y,2016-07-20,2026-07-20,2.884026544996377,38840.26544996377,0.14575659147271947,0.3439475941285585,0.5684132918053858,-0.5435142681081897,0.2681743608683071,0.3187425387982491,39.0,,,,,15.0,20.0,20.0,,
USD,SOXX,PULLBACK_RECLAIM,RSI15_R20_H20,MAX,2007-02-01,2026-07-20,5.445191143340833,64451.91143340833,0.10065660148928823,0.30054730717953515,0.4699897213202003,-0.5435142681081904,0.18519587689876768,0.3104575163398693,74.0,,,,,15.0,20.0,20.0,,
USD,SOXX,PULLBACK_RECLAIM,RSI15_R20_H40,1Y,2025-07-21,2026-07-20,1.5574822215989474,25574.822215989476,1.567068011022474,0.619059168729369,1.837232590515948,-0.2876447318079661,5.447928773709163,0.749003984063745,4.5,,,,,15.0,20.0,40.0,,
USD,SOXX,PULLBACK_RECLAIM,RSI15_R20_H40,3Y,2023-07-20,2026-07-20,3.055134375775535,40551.34375775535,0.5986244103588381,0.5290820571023236,1.154593433962052,-0.5375618265996901,1.1135917409638163,0.49601063829787234,9.5,,,,,15.0,20.0,40.0,,
USD,SOXX,PULLBACK_RECLAIM,RSI15_R20_H40,5Y,2021-07-20,2026-07-20,5.8033379533164275,68033.37953316428,0.4696297419824349,0.4908822994144909,1.0308975671525402,-0.53756182659969,0.8736292622432758,0.43187250996015936,13.5,,,,,15.0,20.0,40.0,,
USD,SOXX,PULLBACK_RECLAIM,RSI15_R20_H40,10Y,2016-07-20,2026-07-20,10.936745212115666,119367.45212115666,0.28229680634385046,0.4480083756516877,0.7801749647210221,-0.6105334468114381,0.46237729942261,0.44090728213290886,27.5,,,,,15.0,20.0,40.0,,
USD,SOXX,PULLBACK_RECLAIM,RSI15_R20_H40,MAX,2007-02-01,2026-07-20,25.005627048174063,260056.27048174062,0.18259039643759833,0.37314423740928115,0.6367731068734,-0.610533446811438,0.299066983784741,0.4223856209150327,51.5,,,,,15.0,20.0,40.0,,
USD,SOXX,MHT,MHT4_1,1Y,2025-07-21,2026-07-20,1.1383748228258765,21383.748228258766,1.144859789611124,0.7111739686040544,1.4323746126599728,-0.30921443293739437,3.7024784992585387,1.0,0.5,,,,,,,,4.0,1.0
USD,SOXX,MHT,MHT4_1,3Y,2023-07-20,2026-07-20,0.5255196771569561,15255.196771569561,0.15203183423952527,0.6523583341626604,0.5513180750984185,-0.827859540795674,0.18364447922337662,0.7779255319148937,12.5,,,,,,,,4.0,1.0
USD,SOXX,MHT,MHT4_1,5Y,2021-07-20,2026-07-20,1.856090022188618,28560.900221886182,0.23457518463242555,0.6098370329967265,0.6551151662428384,-0.8278595407956741,0.2833514298898701,0.7179282868525897,17.5,,,,,,,,4.0,1.0
USD,SOXX,MHT,MHT4_1,10Y,2016-07-20,2026-07-20,9.223518004282496,102235.18004282497,0.2625287086928392,0.5422274045220246,0.7048275946551771,-0.8278595407956741,0.3171174526061716,0.7886987664146439,32.5,,,,,,,,4.0,1.0
USD,SOXX,MHT,MHT4_1,MAX,2007-02-01,2026-07-20,26.260350577361116,272603.50577361113,0.18546202799416212,0.46010678645451253,0.6022808488930304,-0.8278595407956743,0.22402595954370524,0.7324346405228758,66.5,,,,,,,,4.0,1.0
USD,SOXX,MHT,MHT4_2,1Y,2025-07-21,2026-07-20,1.104676478356856,21046.76478356856,1.1109256568838535,0.7008153863429667,1.42067040733493,-0.3092144329373945,3.592735456526308,0.9880478087649402,1.5,,,,,,,,4.0,2.0
USD,SOXX,MHT,MHT4_2,3Y,2023-07-20,2026-07-20,2.2239622701085215,32239.622701085216,0.48035105487161167,0.614537996788561,0.9506720006447142,-0.679475355638115,0.7069440427614921,0.7433510638297872,15.5,,,,,,,,4.0,2.0
USD,SOXX,MHT,MHT4_2,5Y,2021-07-20,2026-07-20,4.339583624062851,53395.836240628516,0.3998489170534798,0.5795261675193492,0.8726430047387771,-0.6794753556381146,0.5884671367925778,0.6764940239043825,24.5,,,,,,,,4.0,2.0
USD,SOXX,MHT,MHT4_2,10Y,2016-07-20,2026-07-20,14.904796579593146,159047.96579593146,0.3197373242096273,0.517655721674384,0.79728460726484,-0.6794753556381149,0.4705650051271584,0.7500994826900119,51.5,,,,,,,,4.0,2.0
USD,SOXX,MHT,MHT4_2,MAX,2007-02-01,2026-07-20,33.881914548977356,348819.14548977354,0.20060057099352613,0.43988015110171713,0.637171172637849,-0.679475355638115,0.295228619152988,0.6938316993464052,103.5,,,,,,,,4.0,2.0
USD,SOXX,MHT,MHT4_3,1Y,2025-07-21,2026-07-20,0.99109749246969,19910.9749246969,0.9965681054359727,0.6495830834376749,1.3923970849291658,-0.29729612463687227,3.352105940342194,0.900398406374502,7.0,,,,,,,,4.0,3.0
USD,SOXX,MHT,MHT4_3,3Y,2023-07-20,2026-07-20,1.979198570838041,29791.98570838041,0.4416961948010274,0.563000385826352,0.9363911729657303,-0.7011269288466957,0.6299803596583952,0.6622340425531915,27.0,,,,,,,,4.0,3.0
USD,SOXX,MHT,MHT4_3,5Y,2021-07-20,2026-07-20,2.855264961979707,38552.64961979707,0.31122681388881523,0.5408997872392891,0.773966516814945,-0.7011269288466957,0.44389510812366223,0.6151394422310758,43.0,,,,,,,,4.0,3.0
USD,SOXX,MHT,MHT4_3,10Y,2016-07-20,2026-07-20,5.9567678163166775,69567.67816316677,0.21471782595120814,0.48703579520280016,0.6453902451805436,-0.7011269288466957,0.3062467252604372,0.6920015917230402,94.0,,,,,,,,4.0,3.0
USD,SOXX,MHT,MHT4_3,MAX,2007-02-01,2026-07-20,9.028333143514477,100283.33143514476,0.1259881834036345,0.41606547846643804,0.49481998259000737,-0.7011269288466956,0.17969383034663378,0.6390931372549019,186.0,,,,,,,,4.0,3.0
USD,SOXX,MHT,MHT5_1,1Y,2025-07-21,2026-07-20,1.1383748228258765,21383.748228258766,1.144859789611124,0.7111739686040544,1.4323746126599728,-0.30921443293739437,3.7024784992585387,1.0,0.5,,,,,,,,5.0,1.0
USD,SOXX,MHT,MHT5_1,3Y,2023-07-20,2026-07-20,1.3412558967243315,23412.558967243316,0.3298561905173598,0.6210220321771909,0.7773228629092672,-0.7237868498637119,0.4557366448139688,0.7154255319148937,8.5,,,,,,,,5.0,1.0
USD,SOXX,MHT,MHT5_1,5Y,2021-07-20,2026-07-20,2.329718899555648,33297.18899555648,0.2732033576283528,0.5796128259474124,0.7110632712088522,-0.7237868498637119,0.37746383162362873,0.6629482071713148,13.5,,,,,,,,5.0,1.0
USD,SOXX,MHT,MHT5_1,10Y,2016-07-20,2026-07-20,9.817394109432554,108173.94109432554,0.2696976673309994,0.5223595414212753,0.7220151430400636,-0.7237868498637121,0.37262029198483376,0.7481098288897732,26.5,,,,,,,,5.0,1.0
USD,SOXX,MHT,MHT5_1,MAX,2007-02-01,2026-07-20,28.411090592279894,294110.90592279896,0.1901045939666859,0.4430011850323491,0.6167488879062974,-0.7237868498637119,0.2626527326414984,0.6901552287581699,49.5,,,,,,,,5.0,1.0
USD,SOXX,MHT,MHT5_2,1Y,2025-07-21,2026-07-20,1.104676478356856,21046.76478356856,1.1109256568838535,0.7008153863429667,1.42067040733493,-0.3092144329373945,3.592735456526308,0.9880478087649402,1.5,,,,,,,,5.0,2.0
USD,SOXX,MHT,MHT5_2,3Y,2023-07-20,2026-07-20,2.793336742489568,37933.36742489568,0.563269181510764,0.591273490776651,1.0564205743369914,-0.5885375943777256,0.9570657624791523,0.6928191489361702,10.5,,,,,,,,5.0,2.0
USD,SOXX,MHT,MHT5_2,5Y,2021-07-20,2026-07-20,5.0869628361675225,60869.628361675226,0.43716009712284754,0.5508655312132623,0.9361781488733564,-0.5885375943777256,0.7427904373467714,0.6262948207171315,16.5,,,,,,,,5.0,2.0
USD,SOXX,MHT,MHT5_2,10Y,2016-07-20,2026-07-20,17.16601400807093,181660.1400807093,0.3374474688715887,0.49714594099649423,0.8358195275355242,-0.5885375943777256,0.5733660382874602,0.709908475925189,38.5,,,,,,,,5.0,2.0
USD,SOXX,MHT,MHT5_2,MAX,2007-02-01,2026-07-20,41.53202885698526,425320.2885698526,0.21291670018379794,0.4219776791014266,0.669926547827286,-0.5885375943777258,0.36177247166159304,0.6491013071895425,70.5,,,,,,,,5.0,2.0
USD,SOXX,MHT,MHT5_3,1Y,2025-07-21,2026-07-20,1.0733112010681878,20733.112010681878,1.0793428602037145,0.6475431447055011,1.4576858111679443,-0.27507807979747556,3.9237690658534974,0.8844621513944223,4.0,,,,,,,,5.0,3.0
USD,SOXX,MHT,MHT5_3,3Y,2023-07-20,2026-07-20,2.6861631286870384,36861.63128687038,0.54832721825929,0.5369665581771084,1.0880133723637861,-0.6252790672867241,0.876931992364063,0.6063829787234043,15.0,,,,,,,,5.0,3.0
USD,SOXX,MHT,MHT5_3,5Y,2021-07-20,2026-07-20,3.910249088075574,49102.49088075574,0.3764846885090687,0.5063793359779162,0.8865928683200387,-0.6252790672867241,0.6021066563810462,0.5601593625498008,26.0,,,,,,,,5.0,3.0
USD,SOXX,MHT,MHT5_3,10Y,2016-07-20,2026-07-20,7.609493388501072,86094.93388501072,0.24096118887257512,0.4622962590851752,0.7004244042424733,-0.625279067286724,0.38536583340008324,0.6466374850775966,64.0,,,,,,,,5.0,3.0
USD,SOXX,MHT,MHT5_3,MAX,2007-02-01,2026-07-20,9.663594934115803,106635.94934115803,0.12955349839167174,0.3946055500087315,0.5074665716787478,-0.6252790672867241,0.20719308412776993,0.5917075163398693,124.0,,,,,,,,5.0,3.0
USD,SOXX,MHT,MHT6_1,1Y,2025-07-21,2026-07-20,1.1383748228258765,21383.748228258766,1.144859789611124,0.7111739686040544,1.4323746126599728,-0.30921443293739437,3.7024784992585387,1.0,0.5,,,,,,,,6.0,1.0
USD,SOXX,MHT,MHT6_1,3Y,2023-07-20,2026-07-20,1.462323809880567,24623.238098805672,0.35251553652183376,0.5897252743505855,0.8120530021129424,-0.6620092349041484,0.5324933821699241,0.6569148936170213,6.5,,,,,,,,6.0,1.0
USD,SOXX,MHT,MHT6_1,5Y,2021-07-20,2026-07-20,4.024987214756229,50249.87214756229,0.3828837250100052,0.542035739410507,0.8717844246110634,-0.6620092349041486,0.578366138752494,0.6,9.5,,,,,,,,6.0,1.0
USD,SOXX,MHT,MHT6_1,10Y,2016-07-20,2026-07-20,11.914477056329874,129144.77056329873,0.29246018911721383,0.49219312997099024,0.7699583394797475,-0.6620092349041484,0.4417766002305977,0.6872264226024671,19.5,,,,,,,,6.0,1.0
USD,SOXX,MHT,MHT6_1,MAX,2007-02-01,2026-07-20,35.58445745353722,365844.5745353722,0.2035490559477704,0.4121936335105528,0.6573751147358362,-0.6620092349041484,0.30747162609784745,0.6113153594771242,37.5,,,,,,,,6.0,1.0
USD,SOXX,MHT,MHT6_2,1Y,2025-07-21,2026-07-20,0.9336181069495071,19336.18106949507,0.9387045225609876,0.696383275284396,1.3028349432601607,-0.3092144329373949,3.035772016343889,0.9800796812749004,1.5,,,,,,,,6.0,2.0
USD,SOXX,MHT,MHT6_2,3Y,2023-07-20,2026-07-20,2.64450152012286,36445.0152012286,0.5424408700140466,0.5565840744164962,1.0591374947222953,-0.49935977032275314,1.0862726680273997,0.6356382978723404,7.5,,,,,,,,6.0,2.0
USD,SOXX,MHT,MHT6_2,5Y,2021-07-20,2026-07-20,5.9984592262939085,69984.59226293908,0.4779978287347446,0.5136852739752289,1.0179309059730806,-0.49935977032275347,0.957221340489239,0.5665338645418326,11.5,,,,,,,,6.0,2.0
USD,SOXX,MHT,MHT6_2,10Y,2016-07-20,2026-07-20,21.77523012298577,227752.30122985772,0.36812065838396113,0.4656279956053182,0.9072733963187563,-0.4993597703227536,0.7371852525205063,0.652208515718265,24.5,,,,,,,,6.0,2.0
USD,SOXX,MHT,MHT6_2,MAX,2007-02-01,2026-07-20,47.73539756656895,487353.9756656895,0.22144622029047123,0.3894590566906467,0.7092684525997098,-0.49935977032275347,0.44346027343641015,0.5712826797385621,47.5,,,,,,,,6.0,2.0
USD,SOXX,MHT,MHT6_3,1Y,2025-07-21,2026-07-20,1.0076077074596856,20076.077074596855,1.0131899151206087,0.6359619322707809,1.4215821352418978,-0.29119487130679234,3.4794222527811924,0.8565737051792829,3.0,,,,,,,,6.0,3.0
USD,SOXX,MHT,MHT6_3,3Y,2023-07-20,2026-07-20,3.9405180084034033,49405.18008403403,0.707998907701787,0.4983754672196474,1.3256714731566839,-0.43410390061420423,1.630943437043654,0.5531914893617021,9.0,,,,,,,,6.0,3.0
USD,SOXX,MHT,MHT6_3,5Y,2021-07-20,2026-07-20,8.073881577922018,90738.81577922018,0.5571189969945232,0.47025118912147834,1.1771054908556131,-0.434103900614204,1.2833770813997936,0.50199203187251,15.0,,,,,,,,6.0,3.0
USD,SOXX,MHT,MHT6_3,10Y,2016-07-20,2026-07-20,15.627125366635138,166271.25366635137,0.3256283324707687,0.4315921352368761,0.8699900509064352,-0.512712280772833,0.6351092897169057,0.584958217270195,39.0,,,,,,,,6.0,3.0
USD,SOXX,MHT,MHT6_3,MAX,2007-02-01,2026-07-20,19.34375120562489,203437.5120562489,0.16773881211809583,0.36073491610860875,0.6110685519022022,-0.5127122807728327,0.3271597315072229,0.5073529411764706,76.0,,,,,,,,6.0,3.0
USD,SMH,MA_REGIME,MA20_EXIT100,1Y,2025-07-21,2026-07-20,1.104676478356856,21046.76478356856,1.1109256568838535,0.7008153863429667,1.42067040733493,-0.3092144329373945,3.592735456526308,0.9880478087649402,1.5,20.0,100.0,,,,,,,
USD,SMH,MA_REGIME,MA20_EXIT100,3Y,2023-07-20,2026-07-20,3.711901391877287,47119.01391877287,0.6810953285622088,0.646837298711405,1.1322744324493461,-0.688889993047578,0.9886851825922358,0.8164893617021277,29.5,20.0,100.0,,,,,,,
USD,SMH,MA_REGIME,MA20_EXIT100,5Y,2021-07-20,2026-07-20,12.343761459622732,133437.61459622733,0.682489218845574,0.6054763398948435,1.1649969387750148,-0.688889993047578,0.9907085684701448,0.7458167330677291,63.5,20.0,100.0,,,,,,,
USD,SMH,MA_REGIME,MA20_EXIT100,10Y,2016-07-20,2026-07-20,42.49559396141885,434955.9396141885,0.45982540739869804,0.5343640533534206,0.9779129709247095,-0.6888899930475778,0.6674874247548265,0.7863111818543573,114.5,20.0,100.0,,,,,,,
USD,SMH,MA_REGIME,MA20_EXIT100,MAX,2007-02-01,2026-07-20,58.83361019609413,598336.1019609413,0.23441279629502199,0.4626286424515687,0.6881053466270957,-0.688889993047578,0.3402760943848292,0.7438725490196079,271.5,20.0,100.0,,,,,,,
USD,SMH,MA_REGIME,MA20_EXIT150,1Y,2025-07-21,2026-07-20,1.1383748228258765,21383.748228258766,1.144859789611124,0.7111739686040544,1.4323746126599728,-0.30921443293739437,3.7024784992585387,1.0,0.5,20.0,150.0,,,,,,,
USD,SMH,MA_REGIME,MA20_EXIT150,3Y,2023-07-20,2026-07-20,2.587789351308503,35877.89351308503,0.5343556888583172,0.6810252739871936,0.9772292812229489,-0.7500308883170625,0.7124449101787227,0.863031914893617,19.5,20.0,150.0,,,,,,,
USD,SMH,MA_REGIME,MA20_EXIT150,5Y,2021-07-20,2026-07-20,6.267238115477946,72672.38115477946,0.4892246912532552,0.6318117760796226,0.9508572268396547,-0.7500308883170627,0.6522727248620245,0.7713147410358566,59.5,20.0,150.0,,,,,,,
USD,SMH,MA_REGIME,MA20_EXIT150,10Y,2016-07-20,2026-07-20,23.772409652155726,247724.09652155725,0.37970143917417065,0.5648947121085417,0.8556211993306685,-0.7500308883170623,0.5062477360447835,0.826900119379228,98.5,20.0,150.0,,,,,,,
USD,SMH,MA_REGIME,MA20_EXIT150,MAX,2007-02-01,2026-07-20,39.54795422054263,405479.54220542626,0.2099379747897836,0.48204694969840606,0.6384643512539833,-0.7500308883170625,0.2799057719620688,0.7702205882352942,273.5,20.0,150.0,,,,,,,
USD,SMH,MA_REGIME,MA20_EXIT160,1Y,2025-07-21,2026-07-20,1.1383748228258765,21383.748228258766,1.144859789611124,0.7111739686040544,1.4323746126599728,-0.30921443293739437,3.7024784992585387,1.0,0.5,20.0,160.0,,,,,,,
USD,SMH,MA_REGIME,MA20_EXIT160,3Y,2023-07-20,2026-07-20,2.614574921668656,36145.749216686556,0.5381848877117761,0.6826514091019722,0.980215254503124,-0.7421966001090992,0.7251244314951936,0.8683510638297872,19.5,20.0,160.0,,,,,,,
USD,SMH,MA_REGIME,MA20_EXIT160,5Y,2021-07-20,2026-07-20,5.98979727498555,69897.9727498555,0.4776303274902274,0.63070005304135,0.9390538137410609,-0.7421966001090992,0.643536129672405,0.7705179282868526,63.5,20.0,160.0,,,,,,,
USD,SMH,MA_REGIME,MA20_EXIT160,10Y,2016-07-20,2026-07-20,26.714405642152556,277144.05642152554,0.3953155196261109,0.5655210669050451,0.8752545700447733,-0.7421966001090992,0.5326291168243044,0.8320732192598488,98.5,20.0,160.0,,,,,,,
USD,SMH,MA_REGIME,MA20_EXIT160,MAX,2007-02-01,2026-07-20,59.648821301805896,606488.2130180589,0.23527290589137162,0.48319445129930144,0.680979400104346,-0.7421966001090994,0.316995396983478,0.7736928104575164,275.5,20.0,160.0,,,,,,,
USD,SMH,MA_REGIME,MA20_EXIT200,1Y,2025-07-21,2026-07-20,1.1383748228258765,21383.748228258766,1.144859789611124,0.7111739686040544,1.4323746126599728,-0.30921443293739437,3.7024784992585387,1.0,0.5,20.0,200.0,,,,,,,
USD,SMH,MA_REGIME,MA20_EXIT200,3Y,2023-07-20,2026-07-20,4.832649262865094,58326.49262865094,0.8057039111612061,0.7065425770268834,1.1966171899583802,-0.5813012788183789,1.38603498825768,0.9082446808510638,12.5,20.0,200.0,,,,,,,
USD,SMH,MA_REGIME,MA20_EXIT200,5Y,2021-07-20,2026-07-20,13.570885857669145,145708.85857669145,0.712475124660465,0.6416969986353144,1.1632465892327888,-0.5813012788183789,1.2256555260100674,0.797609561752988,59.5,20.0,200.0,,,,,,,
USD,SMH,MA_REGIME,MA20_EXIT200,10Y,2016-07-20,2026-07-20,69.72940881943676,707294.0881943676,0.5327637181675084,0.5732046859001116,1.0347604221994042,-0.5813012788183789,0.9165018856494973,0.8507759649820931,89.5,20.0,200.0,,,,,,,
USD,SMH,MA_REGIME,MA20_EXIT200,MAX,2007-02-01,2026-07-20,73.30158395588711,743015.8395588711,0.24824941547909996,0.486283927309452,0.7009445466626656,-0.6836420923568303,0.36312775098921934,0.7857434640522876,286.5,20.0,200.0,,,,,,,
USD,SMH,MA_REGIME,MA20_EXIT250,1Y,2025-07-21,2026-07-20,1.1383748228258765,21383.748228258766,1.144859789611124,0.7111739686040544,1.4323746126599728,-0.30921443293739437,3.7024784992585387,1.0,0.5,20.0,250.0,,,,,,,
USD,SMH,MA_REGIME,MA20_EXIT250,3Y,2023-07-20,2026-07-20,7.287367982355368,82873.67982355368,1.0312682143672407,0.7141673727241907,1.3564072219801642,-0.5482123827747791,1.8811472465241894,0.9228723404255319,11.5,20.0,250.0,,,,,,,
USD,SMH,MA_REGIME,MA20_EXIT250,5Y,2021-07-20,2026-07-20,16.25237553453921,172523.75534539207,0.7715577636242739,0.650502884807251,1.2085980527630966,-0.6562677857535382,1.1756752051121293,0.8095617529880478,60.5,20.0,250.0,,,,,,,
USD,SMH,MA_REGIME,MA20_EXIT250,10Y,2016-07-20,2026-07-20,120.70110720977566,1217011.0720977567,0.6184910975413553,0.5812845357447359,1.122204745368804,-0.6562677857535382,0.9424370828002673,0.8662952646239555,85.5,20.0,250.0,,,,,,,
USD,SMH,MA_REGIME,MA20_EXIT250,MAX,2007-02-01,2026-07-20,158.68973124276627,1596897.3124276628,0.29838641468583393,0.4908105056867877,0.7792405605647692,-0.6562677857535382,0.4546717379144573,0.7937091503267973,294.5,20.0,250.0,,,,,,,
USD,SMH,MA_REGIME,MA30_EXIT100,1Y,2025-07-21,2026-07-20,0.9336181069495071,19336.18106949507,0.9387045225609876,0.696383275284396,1.3028349432601607,-0.3092144329373949,3.035772016343889,0.9800796812749004,1.5,30.0,100.0,,,,,,,
USD,SMH,MA_REGIME,MA30_EXIT100,3Y,2023-07-20,2026-07-20,3.0344904010618396,40344.9040106184,0.5958925802972628,0.643207141653862,1.0540915931739094,-0.7100513326092912,0.8392246488820481,0.8085106382978723,28.5,30.0,100.0,,,,,,,
USD,SMH,MA_REGIME,MA30_EXIT100,5Y,2021-07-20,2026-07-20,6.312681173955031,73126.8117395503,0.4910899226206529,0.6039013040454789,0.9665383626194836,-0.7100513326092913,0.691625943177938,0.7322709163346613,53.5,30.0,100.0,,,,,,,
USD,SMH,MA_REGIME,MA30_EXIT100,10Y,2016-07-20,2026-07-20,30.241004500399804,312410.04500399804,0.4121760992140937,0.5305662039047723,0.9186551394591639,-0.7100513326092912,0.5804877482581888,0.7719856744926383,92.5,30.0,100.0,,,,,,,
USD,SMH,MA_REGIME,MA30_EXIT100,MAX,2007-02-01,2026-07-20,52.18100163803565,531810.0163803565,0.22694671691717772,0.45636073736511085,0.6781391110140584,-0.7100513326092913,0.31962015490231616,0.7281454248366013,228.5,30.0,100.0,,,,,,,
USD,SMH,MA_REGIME,MA30_EXIT150,1Y,2025-07-21,2026-07-20,1.1383748228258765,21383.748228258766,1.144859789611124,0.7111739686040544,1.4323746126599728,-0.30921443293739437,3.7024784992585387,1.0,0.5,30.0,150.0,,,,,,,
USD,SMH,MA_REGIME,MA30_EXIT150,3Y,2023-07-20,2026-07-20,2.0944920329103787,30944.92032910379,0.46015724925009915,0.6789843063452947,0.9050156228388854,-0.7843999887299901,0.5866359712665634,0.8590425531914894,17.5,30.0,150.0,,,,,,,
USD,SMH,MA_REGIME,MA30_EXIT150,5Y,2021-07-20,2026-07-20,3.356307912086553,43563.07912086553,0.3437948476952002,0.6286209673197239,0.7890144122884439,-0.7843999887299901,0.4382902251845173,0.7593625498007968,49.5,30.0,150.0,,,,,,,
USD,SMH,MA_REGIME,MA30_EXIT150,10Y,2016-07-20,2026-07-20,17.032838933417505,180328.38933417504,0.33646099708657085,0.5607582435413262,0.8010044128192201,-0.7843999887299903,0.42894059398359957,0.8157580580978909,78.5,30.0,150.0,,,,,,,
USD,SMH,MA_REGIME,MA30_EXIT150,MAX,2007-02-01,2026-07-20,35.11655503452058,361165.5503452058,0.20275192459418245,0.4761079652191406,0.6280708994002108,-0.7843999887299902,0.258480274741532,0.7591911764705882,235.5,30.0,150.0,,,,,,,
USD,SMH,MA_REGIME,MA30_EXIT160,1Y,2025-07-21,2026-07-20,1.1383748228258765,21383.748228258766,1.144859789611124,0.7111739686040544,1.4323746126599728,-0.30921443293739437,3.7024784992585387,1.0,0.5,30.0,160.0,,,,,,,
USD,SMH,MA_REGIME,MA30_EXIT160,3Y,2023-07-20,2026-07-20,2.117594764414457,31175.94764414457,0.4638012755376806,0.6806163969754412,0.9081751385485034,-0.7776428633613491,0.5964193814277505,0.8643617021276596,17.5,30.0,160.0,,,,,,,
USD,SMH,MA_REGIME,MA30_EXIT160,5Y,2021-07-20,2026-07-20,3.055024786035606,40550.24786035606,0.3245951471510926,0.6279952552869618,0.7663079769406248,-0.7776428633613491,0.4174090221159301,0.7577689243027889,53.5,30.0,160.0,,,,,,,
USD,SMH,MA_REGIME,MA30_EXIT160,10Y,2016-07-20,2026-07-20,16.71398172518485,177139.81725184852,0.3340722165250367,0.5618882481509699,0.7973856425304572,-0.7776428633613492,0.4295959395563855,0.8197373656983685,80.5,30.0,160.0,,,,,,,
USD,SMH,MA_REGIME,MA30_EXIT160,MAX,2007-02-01,2026-07-20,42.86604468093239,438660.4468093239,0.2148462533905411,0.47737258769377666,0.6486250724739029,-0.777642863361349,0.2762788209254201,0.7618464052287581,242.5,30.0,160.0,,,,,,,
USD,SMH,MA_REGIME,MA30_EXIT200,1Y,2025-07-21,2026-07-20,1.1383748228258765,21383.748228258766,1.144859789611124,0.7111739686040544,1.4323746126599728,-0.30921443293739437,3.7024784992585387,1.0,0.5,30.0,200.0,,,,,,,
USD,SMH,MA_REGIME,MA30_EXIT200,3Y,2023-07-20,2026-07-20,5.00824531202293,60082.4531202293,0.8237416241981788,0.7066568018869135,1.2106481486259588,-0.5686960564034078,1.4484743034930647,0.9095744680851063,11.5,30.0,200.0,,,,,,,
USD,SMH,MA_REGIME,MA30_EXIT200,5Y,2021-07-20,2026-07-20,12.003885582577098,130038.85582577098,0.673795267522123,0.6439403398781901,1.1259127463771443,-0.591567224496314,1.1390003360916783,0.7912350597609562,49.5,30.0,200.0,,,,,,,
USD,SMH,MA_REGIME,MA30_EXIT200,10Y,2016-07-20,2026-07-20,66.87752330962094,678775.2330962094,0.5264508632491907,0.5723335812203592,1.0282006742390797,-0.5915672244963139,0.8899256778423346,0.841225626740947,71.5,30.0,200.0,,,,,,,
USD,SMH,MA_REGIME,MA30_EXIT200,MAX,2007-02-01,2026-07-20,79.6739447917511,806739.447917511,0.25354718000071386,0.4820911071094196,0.7116882085679664,-0.6656632547847704,0.3808940604400547,0.7759395424836601,253.5,30.0,200.0,,,,,,,
USD,SMH,MA_REGIME,MA30_EXIT250,1Y,2025-07-21,2026-07-20,1.1383748228258765,21383.748228258766,1.144859789611124,0.7111739686040544,1.4323746126599728,-0.30921443293739437,3.7024784992585387,1.0,0.5,30.0,250.0,,,,,,,
USD,SMH,MA_REGIME,MA30_EXIT250,3Y,2023-07-20,2026-07-20,7.526724943243158,85267.24943243158,1.0507422282179104,0.7139438915937641,1.370020493277073,-0.5482123827747791,1.9166700009576116,0.9215425531914894,10.5,30.0,250.0,,,,,,,
USD,SMH,MA_REGIME,MA30_EXIT250,5Y,2021-07-20,2026-07-20,13.076278489073788,140762.78489073788,0.7006412144801619,0.6508401721640702,1.1454084631537937,-0.7008206470938396,0.9997439678547975,0.796812749003984,52.5,30.0,250.0,,,,,,,
USD,SMH,MA_REGIME,MA30_EXIT250,10Y,2016-07-20,2026-07-20,108.82603649734929,1098260.364973493,0.6019131727361204,0.579757584568114,1.1057893961811933,-0.7008206470938395,0.85886906333615,0.8563469956227616,69.5,30.0,250.0,,,,,,,
USD,SMH,MA_REGIME,MA30_EXIT250,MAX,2007-02-01,2026-07-20,142.3147037298385,1433147.037298385,0.29117632229211465,0.48802932996208476,0.7695592396046539,-0.7008206470938394,0.4154790865531197,0.7857434640522876,262.5,30.0,250.0,,,,,,,
USD,SMH,MA_REGIME,MA40_EXIT100,1Y,2025-07-21,2026-07-20,0.7167775146209547,17167.775146209548,0.7204780337262033,0.6856212811924752,1.138521031245081,-0.30921443293739437,2.330027181726269,0.9760956175298805,1.5,40.0,100.0,,,,,,,
USD,SMH,MA_REGIME,MA40_EXIT100,3Y,2023-07-20,2026-07-20,2.916977352197576,39169.77352197576,0.5801622603751106,0.630690887984973,1.0460450736531186,-0.6829409319203922,0.849505767275841,0.8018617021276596,26.5,40.0,100.0,,,,,,,
USD,SMH,MA_REGIME,MA40_EXIT100,5Y,2021-07-20,2026-07-20,5.519181631988409,65191.816319884085,0.4570933484225741,0.5954510042687603,0.9326022544497904,-0.6829409319203923,0.6693014389066603,0.7258964143426295,49.5,40.0,100.0,,,,,,,
USD,SMH,MA_REGIME,MA40_EXIT100,10Y,2016-07-20,2026-07-20,26.722936914494962,277229.3691449496,0.39535858503553056,0.5253384650640553,0.8995059746868649,-0.6829409319203924,0.5789059734987679,0.7684042976522085,86.5,40.0,100.0,,,,,,,
USD,SMH,MA_REGIME,MA40_EXIT100,MAX,2007-02-01,2026-07-20,40.38290891870763,413829.08918707626,0.21120799456502182,0.4509552785201579,0.652003647098827,-0.6829409319203922,0.3092624628181483,0.7209967320261438,199.5,40.0,100.0,,,,,,,
USD,SMH,MA_REGIME,MA40_EXIT150,1Y,2025-07-21,2026-07-20,1.1383748228258765,21383.748228258766,1.144859789611124,0.7111739686040544,1.4323746126599728,-0.30921443293739437,3.7024784992585387,1.0,0.5,40.0,150.0,,,,,,,
USD,SMH,MA_REGIME,MA40_EXIT150,3Y,2023-07-20,2026-07-20,1.7787400929547075,27787.400929547075,0.4084332638261259,0.6769678766657042,0.8522903322477713,-0.8063991152712677,0.5064902181703553,0.8523936170212766,17.5,40.0,150.0,,,,,,,
USD,SMH,MA_REGIME,MA40_EXIT150,5Y,2021-07-20,2026-07-20,3.229265918057667,42292.65918057667,0.3358325278827794,0.6245501116571818,0.7803712546373351,-0.8063991152712675,0.4164594448616272,0.7537848605577689,48.5,40.0,150.0,,,,,,,
USD,SMH,MA_REGIME,MA40_EXIT150,10Y,2016-07-20,2026-07-20,16.90594451968992,179059.4451968992,0.33551493091939766,0.5567114896494112,0.8013952859197395,-0.8063991152712677,0.4160655989888239,0.807799442896936,74.5,40.0,150.0,,,,,,,
USD,SMH,MA_REGIME,MA40_EXIT150,MAX,2007-02-01,2026-07-20,29.245432243230347,302454.32243230345,0.19181934570855952,0.47222444887072296,0.6098852303150151,-0.8063991152712673,0.23787147341305398,0.752859477124183,215.5,40.0,150.0,,,,,,,
USD,SMH,MA_REGIME,MA40_EXIT160,1Y,2025-07-21,2026-07-20,1.1383748228258765,21383.748228258766,1.144859789611124,0.7111739686040544,1.4323746126599728,-0.30921443293739437,3.7024784992585387,1.0,0.5,40.0,160.0,,,,,,,
USD,SMH,MA_REGIME,MA40_EXIT160,3Y,2023-07-20,2026-07-20,1.799485496595881,27994.85496595881,0.4119482056862027,0.6786056128116934,0.8555789272586395,-0.8003314650801299,0.5147219916499948,0.8577127659574468,17.5,40.0,160.0,,,,,,,
USD,SMH,MA_REGIME,MA40_EXIT160,5Y,2021-07-20,2026-07-20,3.49982360692469,44998.2360692469,0.3525694453294974,0.6219882943160994,0.8008542185884563,-0.8003314650801296,0.440529281569853,0.7521912350597609,52.5,40.0,160.0,,,,,,,
USD,SMH,MA_REGIME,MA40_EXIT160,10Y,2016-07-20,2026-07-20,19.105036974687344,201050.36974687345,0.35111876333653824,0.5567746980628802,0.8221452126466889,-0.8003314650801298,0.43871668009626985,0.8117787504974134,76.5,40.0,160.0,,,,,,,
USD,SMH,MA_REGIME,MA40_EXIT160,MAX,2007-02-01,2026-07-20,44.82089418276194,458208.9418276194,0.21757555010907637,0.4724856495269201,0.6549639128138097,-0.8003314650801298,0.27185679884183056,0.7546977124183006,221.5,40.0,160.0,,,,,,,
USD,SMH,MA_REGIME,MA40_EXIT200,1Y,2025-07-21,2026-07-20,1.1383748228258765,21383.748228258766,1.144859789611124,0.7111739686040544,1.4323746126599728,-0.30921443293739437,3.7024784992585387,1.0,0.5,40.0,200.0,,,,,,,
USD,SMH,MA_REGIME,MA40_EXIT200,3Y,2023-07-20,2026-07-20,5.042267159290974,60422.67159290974,0.827195768558288,0.7054655018467747,1.2141684604698297,-0.5662537864671611,1.4608216109584635,0.9082446808510638,10.5,40.0,200.0,,,,,,,
USD,SMH,MA_REGIME,MA40_EXIT200,5Y,2021-07-20,2026-07-20,13.108713977912748,141087.1397791275,0.7014273593536808,0.640851832449262,1.1535814601080807,-0.5662537864671613,1.2387155302392996,0.7896414342629482,47.5,40.0,200.0,,,,,,,
USD,SMH,MA_REGIME,MA40_EXIT200,10Y,2016-07-20,2026-07-20,74.32289167399773,753228.9167399773,0.5424657141127005,0.568873918176999,1.049210283216831,-0.5662537864671611,0.9579904401118913,0.8352566653402308,66.5,40.0,200.0,,,,,,,
USD,SMH,MA_REGIME,MA40_EXIT200,MAX,2007-02-01,2026-07-20,92.62752397237618,936275.2397237618,0.26319180576027734,0.47884148143405647,0.7290718704652861,-0.6865447218171317,0.38335711774706677,0.7694035947712419,234.5,40.0,200.0,,,,,,,
USD,SMH,MA_REGIME,MA40_EXIT250,1Y,2025-07-21,2026-07-20,1.1383748228258765,21383.748228258766,1.144859789611124,0.7111739686040544,1.4323746126599728,-0.30921443293739437,3.7024784992585387,1.0,0.5,40.0,250.0,,,,,,,
USD,SMH,MA_REGIME,MA40_EXIT250,3Y,2023-07-20,2026-07-20,7.585205305512899,85852.05305512898,1.0554447842514643,0.7130942065099889,1.3740046438534341,-0.5482123827747791,1.9252479831070695,0.9228723404255319,9.5,40.0,250.0,,,,,,,
USD,SMH,MA_REGIME,MA40_EXIT250,5Y,2021-07-20,2026-07-20,17.790222345361986,187902.22345361987,0.8021937076736378,0.6452969246643988,1.239332058817587,-0.6033563053723909,1.3295522074282868,0.797609561752988,51.5,40.0,250.0,,,,,,,
USD,SMH,MA_REGIME,MA40_EXIT250,10Y,2016-07-20,2026-07-20,146.7427443227406,1477427.4432274061,0.6502697365678947,0.5748212265085801,1.1619244269828641,-0.603356305372391,1.0777541077764137,0.8519697572622363,66.5,40.0,250.0,,,,,,,
USD,SMH,MA_REGIME,MA40_EXIT250,MAX,2007-02-01,2026-07-20,215.8869320138254,2168869.320138254,0.31900762638158797,0.4841674339525474,0.8156492510107072,-0.6483913405823738,0.49199859161453463,0.7800245098039216,245.5,40.0,250.0,,,,,,,
USD,SMH,MA_REGIME,MA50_EXIT100,1Y,2025-07-21,2026-07-20,0.7167775146209547,17167.775146209548,0.7204780337262033,0.6856212811924752,1.138521031245081,-0.30921443293739437,2.330027181726269,0.9760956175298805,1.5,50.0,100.0,,,,,,,
USD,SMH,MA_REGIME,MA50_EXIT100,3Y,2023-07-20,2026-07-20,3.0432733581720512,40432.73358172051,0.5970559677796228,0.6257303398305368,1.0662999528314128,-0.653900801806506,0.9130681077774484,0.7872340425531915,21.5,50.0,100.0,,,,,,,
USD,SMH,MA_REGIME,MA50_EXIT100,5Y,2021-07-20,2026-07-20,5.551571927904229,65515.71927904229,0.4585441415288034,0.5915283332756045,0.9364506629260612,-0.653900801806506,0.7012441952387909,0.7163346613545817,40.5,50.0,100.0,,,,,,,
USD,SMH,MA_REGIME,MA50_EXIT100,10Y,2016-07-20,2026-07-20,18.750844085449025,197508.44085449024,0.3487127199639479,0.525222859966613,0.834941836569841,-0.6539008018065062,0.5332807652178632,0.7664146438519698,76.5,50.0,100.0,,,,,,,
USD,SMH,MA_REGIME,MA50_EXIT100,MAX,2007-02-01,2026-07-20,35.34501129623909,363450.11296239094,0.20314234495014882,0.450356226516036,0.637595007681287,-0.6539008018065063,0.3106623273575065,0.7181372549019608,169.5,50.0,100.0,,,,,,,
USD,SMH,MA_REGIME,MA50_EXIT150,1Y,2025-07-21,2026-07-20,1.1383748228258765,21383.748228258766,1.144859789611124,0.7111739686040544,1.4323746126599728,-0.30921443293739437,3.7024784992585387,1.0,0.5,50.0,150.0,,,,,,,
USD,SMH,MA_REGIME,MA50_EXIT150,3Y,2023-07-20,2026-07-20,2.7141676324651516,37141.67632465152,0.552259142335807,0.665139075164369,1.0011395574332798,-0.730718893664231,0.7557750964484747,0.8324468085106383,13.5,50.0,150.0,,,,,,,
USD,SMH,MA_REGIME,MA50_EXIT150,5Y,2021-07-20,2026-07-20,4.223220978654674,52232.209786546744,0.39366932895350737,0.6157577207353286,0.8510296850987334,-0.7307188936642313,0.5387425073675463,0.7402390438247012,41.5,50.0,150.0,,,,,,,
USD,SMH,MA_REGIME,MA50_EXIT150,10Y,2016-07-20,2026-07-20,15.18738950091804,161873.8950091804,0.3220701499922909,0.5534163039716754,0.7844327533596271,-0.7307188936642313,0.4407579341177999,0.7990449661758854,67.5,50.0,150.0,,,,,,,
USD,SMH,MA_REGIME,MA50_EXIT150,MAX,2007-02-01,2026-07-20,30.565825762586503,315658.25762586505,0.19444343795827623,0.4688681657112678,0.6155438985172385,-0.7307188936642312,0.26609882356158693,0.7430555555555556,188.5,50.0,150.0,,,,,,,
USD,SMH,MA_REGIME,MA50_EXIT160,1Y,2025-07-21,2026-07-20,1.1383748228258765,21383.748228258766,1.144859789611124,0.7111739686040544,1.4323746126599728,-0.30921443293739437,3.7024784992585387,1.0,0.5,50.0,160.0,,,,,,,
USD,SMH,MA_REGIME,MA50_EXIT160,3Y,2023-07-20,2026-07-20,2.6281856548637887,36281.85654863789,0.5401234183081027,0.6665986116680319,0.9886338434505382,-0.7307188936642313,0.7391671722071168,0.836436170212766,13.5,50.0,160.0,,,,,,,
USD,SMH,MA_REGIME,MA50_EXIT160,5Y,2021-07-20,2026-07-20,4.376006297264763,53760.06297264763,0.4017610664842002,0.6129989957688099,0.8613344325997327,-0.7307188936642313,0.5498161741371522,0.7386454183266933,45.5,50.0,160.0,,,,,,,
USD,SMH,MA_REGIME,MA50_EXIT160,10Y,2016-07-20,2026-07-20,18.868209381493976,198682.09381493976,0.34951425662798785,0.5532660941580586,0.8215567786613583,-0.7307188936642313,0.478315614470195,0.8042180660565061,67.5,50.0,160.0,,,,,,,
USD,SMH,MA_REGIME,MA50_EXIT160,MAX,2007-02-01,2026-07-20,49.91486511883592,509148.6511883592,0.224199775343082,0.469044525776976,0.6678530406934838,-0.7307188936642314,0.3068208271156361,0.7453022875816994,193.5,50.0,160.0,,,,,,,
USD,SMH,MA_REGIME,MA50_EXIT200,1Y,2025-07-21,2026-07-20,1.1383748228258765,21383.748228258766,1.144859789611124,0.7111739686040544,1.4323746126599728,-0.30921443293739437,3.7024784992585387,1.0,0.5,50.0,200.0,,,,,,,
USD,SMH,MA_REGIME,MA50_EXIT200,3Y,2023-07-20,2026-07-20,4.6841940320690565,56841.94032069056,0.7901703654302354,0.7044103909408331,1.1857813119355967,-0.575390566329274,1.373276538875424,0.898936170212766,8.5,50.0,200.0,,,,,,,
USD,SMH,MA_REGIME,MA50_EXIT200,5Y,2021-07-20,2026-07-20,9.056617522962206,100566.17522962207,0.5896047546564063,0.6362634677451676,1.050380362889392,-0.5894172099612185,1.0003181866630602,0.7808764940239044,43.5,50.0,200.0,,,,,,,
USD,SMH,MA_REGIME,MA50_EXIT200,10Y,2016-07-20,2026-07-20,45.17980401514399,461798.04015143996,0.4686179912894657,0.5678387951822766,0.9638160265878641,-0.5894172099612187,0.7950531191993849,0.8304814962196578,60.5,50.0,200.0,,,,,,,
USD,SMH,MA_REGIME,MA50_EXIT200,MAX,2007-02-01,2026-07-20,83.73881468189124,847388.1468189125,0.2567229163447824,0.47689879182284944,0.719522156442215,-0.6137350852972829,0.4182959757310113,0.7628676470588235,213.5,50.0,200.0,,,,,,,
USD,SMH,MA_REGIME,MA50_EXIT250,1Y,2025-07-21,2026-07-20,1.1383748228258765,21383.748228258766,1.144859789611124,0.7111739686040544,1.4323746126599728,-0.30921443293739437,3.7024784992585387,1.0,0.5,50.0,250.0,,,,,,,
USD,SMH,MA_REGIME,MA50_EXIT250,3Y,2023-07-20,2026-07-20,7.6401074939287135,86401.07493928714,1.0598402658573138,0.7128280869737877,1.3772578110239444,-0.5482123827747791,1.9332658275483092,0.9202127659574468,7.5,50.0,250.0,,,,,,,
USD,SMH,MA_REGIME,MA50_EXIT250,5Y,2021-07-20,2026-07-20,10.552440141030143,115524.40141030143,0.6344871001599832,0.6392044433821117,1.0922483545039279,-0.6687241905727207,0.9488023748872977,0.7928286852589641,46.5,50.0,250.0,,,,,,,
USD,SMH,MA_REGIME,MA50_EXIT250,10Y,2016-07-20,2026-07-20,72.68389882576375,736838.9882576375,0.5390666205500969,0.5719256169055604,1.0431265164073218,-0.6687241905727208,0.8061120386394572,0.8463987266215679,60.5,50.0,250.0,,,,,,,
USD,SMH,MA_REGIME,MA50_EXIT250,MAX,2007-02-01,2026-07-20,139.98451223887636,1409845.1223887636,0.2900873491954892,0.4815572190003869,0.7716688003678306,-0.6687241905727206,0.43379221700810233,0.7751225490196079,226.5,50.0,250.0,,,,,,,
USD,SMH,MA_REGIME,MA63_EXIT100,1Y,2025-07-21,2026-07-20,0.7167775146209547,17167.775146209548,0.7204780337262033,0.6856212811924752,1.138521031245081,-0.30921443293739437,2.330027181726269,0.9760956175298805,1.5,63.0,100.0,,,,,,,
USD,SMH,MA_REGIME,MA63_EXIT100,3Y,2023-07-20,2026-07-20,2.5809730154480253,35809.730154480254,0.5333782101673548,0.6277756264868883,1.000081058634764,-0.6716815438516589,0.7940938902515855,0.7952127659574468,19.5,63.0,100.0,,,,,,,
USD,SMH,MA_REGIME,MA63_EXIT100,5Y,2021-07-20,2026-07-20,5.74701620936012,67470.1620936012,0.4671786462456924,0.5877406268356149,0.9486950389340548,-0.6716815438516587,0.6955359284799243,0.7179282868525897,35.5,63.0,100.0,,,,,,,
USD,SMH,MA_REGIME,MA63_EXIT100,10Y,2016-07-20,2026-07-20,25.010326288191006,260103.26288191005,0.3864645542030465,0.5212801023217972,0.8900575790154619,-0.671681543851659,0.5753687260586652,0.7699960206923995,69.5,63.0,100.0,,,,,,,
USD,SMH,MA_REGIME,MA63_EXIT100,MAX,2007-02-01,2026-07-20,54.06723310934458,550672.3310934458,0.229149757826568,0.44540717692076454,0.6875170291696802,-0.6716815438516586,0.34115833600629036,0.7179330065359477,136.5,63.0,100.0,,,,,,,
USD,SMH,MA_REGIME,MA63_EXIT150,1Y,2025-07-21,2026-07-20,1.1383748228258765,21383.748228258766,1.144859789611124,0.7111739686040544,1.4323746126599728,-0.30921443293739437,3.7024784992585387,1.0,0.5,63.0,150.0,,,,,,,
USD,SMH,MA_REGIME,MA63_EXIT150,3Y,2023-07-20,2026-07-20,1.30632128093457,23063.2128093457,0.32317334522954444,0.6728970559539571,0.7605567915849794,-0.8186548180192386,0.3947614282799589,0.8444148936170213,14.5,63.0,150.0,,,,,,,
USD,SMH,MA_REGIME,MA63_EXIT150,5Y,2021-07-20,2026-07-20,3.160770283761032,41607.70283761032,0.33145996790987486,0.6159781781540455,0.7771898320575061,-0.8186548180192385,0.4048836708881197,0.7442231075697211,37.5,63.0,150.0,,,,,,,
USD,SMH,MA_REGIME,MA63_EXIT150,10Y,2016-07-20,2026-07-20,15.45872543689353,164587.2543689353,0.32427581921790005,0.5513565533064201,0.7883743526108462,-0.8186548180192383,0.39610811795195416,0.8022284122562674,60.5,63.0,150.0,,,,,,,
USD,SMH,MA_REGIME,MA63_EXIT150,MAX,2007-02-01,2026-07-20,33.24820274319502,342482.0274319502,0.199468119938782,0.46553795144469606,0.6255881075012156,-0.8186548180192385,0.2436535100610554,0.7408088235294118,160.5,63.0,150.0,,,,,,,
USD,SMH,MA_REGIME,MA63_EXIT160,1Y,2025-07-21,2026-07-20,1.1383748228258765,21383.748228258766,1.144859789611124,0.7111739686040544,1.4323746126599728,-0.30921443293739437,3.7024784992585387,1.0,0.5,63.0,160.0,,,,,,,
USD,SMH,MA_REGIME,MA63_EXIT160,3Y,2023-07-20,2026-07-20,1.0968170038170282,20968.170038170283,0.2816132420861557,0.6750655714357349,0.7129625360899648,-0.8312208698970325,0.33879472025412516,0.851063829787234,13.5,63.0,160.0,,,,,,,
USD,SMH,MA_REGIME,MA63_EXIT160,5Y,2021-07-20,2026-07-20,2.9857295861896906,39857.295861896906,0.32001862314863194,0.6137024143187467,0.7634920349638006,-0.8312208698970325,0.38499830158051046,0.7442231075697211,40.5,63.0,160.0,,,,,,,
USD,SMH,MA_REGIME,MA63_EXIT160,10Y,2016-07-20,2026-07-20,17.69055789298481,186905.5789298481,0.34127070389798164,0.5512239369658538,0.8114759508624406,-0.8312208698970325,0.41056561048600304,0.8066056506167927,59.5,63.0,160.0,,,,,,,
USD,SMH,MA_REGIME,MA63_EXIT160,MAX,2007-02-01,2026-07-20,52.53593424921582,535359.3424921582,0.22736686591960398,0.4666141397765743,0.6743776426239249,-0.8312208698970324,0.27353363486622884,0.7428513071895425,165.5,63.0,160.0,,,,,,,
USD,SMH,MA_REGIME,MA63_EXIT200,1Y,2025-07-21,2026-07-20,1.1383748228258765,21383.748228258766,1.144859789611124,0.7111739686040544,1.4323746126599728,-0.30921443293739437,3.7024784992585387,1.0,0.5,63.0,200.0,,,,,,,
USD,SMH,MA_REGIME,MA63_EXIT200,3Y,2023-07-20,2026-07-20,3.703692602003529,47036.92602003529,0.6801133326329001,0.7004218586355133,1.0978510461153026,-0.6189328520471779,1.0988483328738523,0.8909574468085106,6.5,63.0,200.0,,,,,,,
USD,SMH,MA_REGIME,MA63_EXIT200,5Y,2021-07-20,2026-07-20,11.53630915833698,125363.0915833698,0.6615330117127309,0.6302266889054055,1.124469796575788,-0.6189328520471785,1.0688284028302075,0.7729083665338645,38.5,63.0,200.0,,,,,,,
USD,SMH,MA_REGIME,MA63_EXIT200,10Y,2016-07-20,2026-07-20,65.28243357784103,662824.3357784103,0.5228151816807256,0.5618097772484372,1.032340393650133,-0.6189328520471784,0.8447042032935648,0.8245125348189415,53.5,63.0,200.0,,,,,,,
USD,SMH,MA_REGIME,MA63_EXIT200,MAX,2007-02-01,2026-07-20,164.7943323799934,1657943.323799934,0.3008959363529591,0.4722628812470311,0.7948316373151805,-0.618932852047178,0.4861527956671193,0.755718954248366,184.5,63.0,200.0,,,,,,,
USD,SMH,MA_REGIME,MA63_EXIT250,1Y,2025-07-21,2026-07-20,1.1383748228258765,21383.748228258766,1.144859789611124,0.7111739686040544,1.4323746126599728,-0.30921443293739437,3.7024784992585387,1.0,0.5,63.0,250.0,,,,,,,
USD,SMH,MA_REGIME,MA63_EXIT250,3Y,2023-07-20,2026-07-20,7.194765873314877,81947.65873314877,1.0236338204623547,0.7110357385323652,1.353980744543506,-0.5482123827747791,1.8672212679349345,0.9175531914893617,5.5,63.0,250.0,,,,,,,
USD,SMH,MA_REGIME,MA63_EXIT250,5Y,2021-07-20,2026-07-20,18.63903432614115,196390.3432614115,0.8182533669485321,0.638122915947257,1.2598730081755058,-0.5482123827747791,1.4925846125673767,0.7880478087649403,42.5,63.0,250.0,,,,,,,
USD,SMH,MA_REGIME,MA63_EXIT250,10Y,2016-07-20,2026-07-20,142.78953370619936,1437895.3370619935,0.645787523885333,0.568722604837733,1.1633981760967198,-0.5482123827747792,1.177987845908691,0.8416235575009948,54.5,63.0,250.0,,,,,,,
USD,SMH,MA_REGIME,MA63_EXIT250,MAX,2007-02-01,2026-07-20,326.4165191807669,3274165.191807669,0.3472671067178048,0.47788263244281876,0.8644301795616112,-0.5482123827747789,0.6334535986949276,0.7679738562091504,201.5,63.0,250.0,,,,,,,
USD,SMH,MA_REGIME,MA90_EXIT100,1Y,2025-07-21,2026-07-20,1.008059892525886,20080.59892525886,1.0136451642472326,0.7027505230863871,1.351344016823724,-0.30921443293739437,3.278130178523918,0.9920318725099602,1.5,90.0,100.0,,,,,,,
USD,SMH,MA_REGIME,MA90_EXIT100,3Y,2023-07-20,2026-07-20,2.4254083555957298,34254.083555957295,0.5107253699280967,0.6469955938566105,0.9677821035245667,-0.7056448023062345,0.7237711781606138,0.8071808510638298,19.5,90.0,100.0,,,,,,,
USD,SMH,MA_REGIME,MA90_EXIT100,5Y,2021-07-20,2026-07-20,6.250854744846817,72508.54744846816,0.4885499418578525,0.5995284999399096,0.9668571672557388,-0.7056448023062345,0.6923454126794977,0.7211155378486056,30.5,90.0,100.0,,,,,,,
USD,SMH,MA_REGIME,MA90_EXIT100,10Y,2016-07-20,2026-07-20,18.13170499518668,191317.0499518668,0.34441206733336593,0.5281417097486006,0.8275236584863406,-0.7056448023062343,0.4880813494377568,0.7715877437325905,61.5,90.0,100.0,,,,,,,
USD,SMH,MA_REGIME,MA90_EXIT100,MAX,2007-02-01,2026-07-20,44.348606025515195,453486.06025515194,0.21692642169678544,0.44846102355712253,0.6639481295377082,-0.7056448023062344,0.307415885425376,0.7179330065359477,114.5,90.0,100.0,,,,,,,
USD,SMH,MA_REGIME,MA90_EXIT150,1Y,2025-07-21,2026-07-20,1.1383748228258765,21383.748228258766,1.144859789611124,0.7111739686040544,1.4323746126599728,-0.30921443293739437,3.7024784992585387,1.0,0.5,90.0,150.0,,,,,,,
USD,SMH,MA_REGIME,MA90_EXIT150,3Y,2023-07-20,2026-07-20,1.8770501791866385,28770.501791866383,0.42493881085204577,0.6752194054023262,0.870147649751964,-0.7519944470658013,0.5650823786134456,0.848404255319149,14.5,90.0,150.0,,,,,,,
USD,SMH,MA_REGIME,MA90_EXIT150,5Y,2021-07-20,2026-07-20,4.121200016976937,51212.00016976937,0.3881601857032573,0.618564261080191,0.8441387171551564,-0.7519944470658017,0.5161742712566761,0.7434262948207171,32.5,90.0,150.0,,,,,,,
USD,SMH,MA_REGIME,MA90_EXIT150,10Y,2016-07-20,2026-07-20,20.715471579022758,217154.71579022758,0.36159919391492723,0.5536868879484285,0.8376966113755012,-0.7519944470658015,0.4808535426369795,0.8030242737763629,49.5,90.0,150.0,,,,,,,
USD,SMH,MA_REGIME,MA90_EXIT150,MAX,2007-02-01,2026-07-20,48.24002948307064,492400.29483070644,0.22209401889318303,0.4653483850456372,0.6658650500410356,-0.7519944470658018,0.2953399719369858,0.7383578431372549,136.5,90.0,150.0,,,,,,,
USD,SMH,MA_REGIME,MA90_EXIT160,1Y,2025-07-21,2026-07-20,1.1383748228258765,21383.748228258766,1.144859789611124,0.7111739686040544,1.4323746126599728,-0.30921443293739437,3.7024784992585387,1.0,0.5,90.0,160.0,,,,,,,
USD,SMH,MA_REGIME,MA90_EXIT160,3Y,2023-07-20,2026-07-20,1.6157013710200903,26157.013710200903,0.3801823137796567,0.677394014548378,0.8223583359290096,-0.7691796328540998,0.4942698656345868,0.8550531914893617,13.5,90.0,160.0,,,,,,,
USD,SMH,MA_REGIME,MA90_EXIT160,5Y,2021-07-20,2026-07-20,3.0023508078946355,40023.50807894635,0.32112211587786543,0.6186777448612132,0.764058668458833,-0.7691796328540997,0.41748650401248577,0.7434262948207171,35.5,90.0,160.0,,,,,,,
USD,SMH,MA_REGIME,MA90_EXIT160,10Y,2016-07-20,2026-07-20,17.146194776049576,181461.94776049576,0.33730107422025957,0.5545282166332963,0.8048006075908085,-0.7691796328540995,0.4385205481438429,0.8062077198567449,49.5,90.0,160.0,,,,,,,
USD,SMH,MA_REGIME,MA90_EXIT160,MAX,2007-02-01,2026-07-20,51.12909775865529,521290.9775865529,0.2256857257619802,0.4668776699181104,0.6714486200208772,-0.7691796328540996,0.2934109486552005,0.7404003267973857,140.5,90.0,160.0,,,,,,,
USD,SMH,MA_REGIME,MA90_EXIT200,1Y,2025-07-21,2026-07-20,1.1383748228258765,21383.748228258766,1.144859789611124,0.7111739686040544,1.4323746126599728,-0.30921443293739437,3.7024784992585387,1.0,0.5,90.0,200.0,,,,,,,
USD,SMH,MA_REGIME,MA90_EXIT200,3Y,2023-07-20,2026-07-20,3.39060378603358,43906.0378603358,0.6417762791865951,0.6982962211957933,1.066028796804628,-0.610044923485541,1.0520147852714754,0.886968085106383,5.5,90.0,200.0,,,,,,,
USD,SMH,MA_REGIME,MA90_EXIT200,5Y,2021-07-20,2026-07-20,7.979722849642526,89797.22849642526,0.5538609715584613,0.632299859179724,1.0171515221126395,-0.6100449234855414,0.9079019433420271,0.7657370517928287,32.5,90.0,200.0,,,,,,,
USD,SMH,MA_REGIME,MA90_EXIT200,10Y,2016-07-20,2026-07-20,47.2087982732216,482087.982732216,0.47496416141747666,0.5631926966085401,0.974689169726259,-0.6100449234855408,0.7785724348032119,0.8225228810187027,43.5,90.0,200.0,,,,,,,
USD,SMH,MA_REGIME,MA90_EXIT200,MAX,2007-02-01,2026-07-20,81.48346395015163,824834.6395015164,0.2549792094600698,0.4722991313432675,0.7188425810992005,-0.7183819566393623,0.35493543108025594,0.7536764705882353,159.5,90.0,200.0,,,,,,,
USD,SMH,MA_REGIME,MA90_EXIT250,1Y,2025-07-21,2026-07-20,1.1383748228258765,21383.748228258766,1.144859789611124,0.7111739686040544,1.4323746126599728,-0.30921443293739437,3.7024784992585387,1.0,0.5,90.0,250.0,,,,,,,
USD,SMH,MA_REGIME,MA90_EXIT250,3Y,2023-07-20,2026-07-20,6.497394043919854,74973.94043919854,0.9642105457328072,0.7091108040653771,1.313655298264479,-0.5482123827747791,1.7588266446161827,0.9162234042553191,4.5,90.0,250.0,,,,,,,
USD,SMH,MA_REGIME,MA90_EXIT250,5Y,2021-07-20,2026-07-20,13.967024857270683,149670.24857270683,0.7217237048718004,0.6413467425253507,1.1719699832086357,-0.604463262805051,1.1939910153060331,0.7864541832669323,36.5,90.0,250.0,,,,,,,
USD,SMH,MA_REGIME,MA90_EXIT250,10Y,2016-07-20,2026-07-20,102.30075569562993,1033007.5569562993,0.5921038093876501,0.5705762314132312,1.1035165356526466,-0.604463262805051,0.9795530114434976,0.8416235575009948,45.5,90.0,250.0,,,,,,,
USD,SMH,MA_REGIME,MA90_EXIT250,MAX,2007-02-01,2026-07-20,178.27390918958127,1792739.0918958127,0.30614036211490925,0.4771538199239534,0.8001440142638461,-0.6407617030938049,0.4777756857764197,0.7649101307189542,181.5,90.0,250.0,,,,,,,
USD,SMH,MA_REGIME,MA100_EXIT150,1Y,2025-07-21,2026-07-20,1.1383748228258765,21383.748228258766,1.144859789611124,0.7111739686040544,1.4323746126599728,-0.30921443293739437,3.7024784992585387,1.0,0.5,100.0,150.0,,,,,,,
USD,SMH,MA_REGIME,MA100_EXIT150,3Y,2023-07-20,2026-07-20,1.9832405293279964,29832.405293279964,0.4423513633931486,0.6761693417438025,0.8878469400074879,-0.7428406976131141,0.5954861719538337,0.8497340425531915,13.5,100.0,150.0,,,,,,,
USD,SMH,MA_REGIME,MA100_EXIT150,5Y,2021-07-20,2026-07-20,3.9121175365196184,49121.175365196184,0.37658984589166034,0.6186348494614093,0.8305572215800368,-0.7428406976131141,0.5069590924429879,0.7434262948207171,29.5,100.0,150.0,,,,,,,
USD,SMH,MA_REGIME,MA100_EXIT150,10Y,2016-07-20,2026-07-20,20.45191199908621,214519.1199908621,0.3599329064166368,0.5537442721422737,0.8354526105640379,-0.7428406976131142,0.48453579290037335,0.8038201352964585,46.5,100.0,150.0,,,,,,,
USD,SMH,MA_REGIME,MA100_EXIT150,MAX,2007-02-01,2026-07-20,46.704128442115916,477041.2844211592,0.2201023481260045,0.46506610354696465,0.6624829940483453,-0.7428406976131139,0.2962981818756491,0.7391748366013072,128.5,100.0,150.0,,,,,,,
USD,SMH,MA_REGIME,MA100_EXIT160,1Y,2025-07-21,2026-07-20,1.1383748228258765,21383.748228258766,1.144859789611124,0.7111739686040544,1.4323746126599728,-0.30921443293739437,3.7024784992585387,1.0,0.5,100.0,160.0,,,,,,,
USD,SMH,MA_REGIME,MA100_EXIT160,3Y,2023-07-20,2026-07-20,1.7898908091490617,27898.90809149062,0.4103247158648695,0.6781011579542542,0.8541021317173019,-0.7538084324153478,0.5443355343613097,0.8550531914893617,13.5,100.0,160.0,,,,,,,
USD,SMH,MA_REGIME,MA100_EXIT160,5Y,2021-07-20,2026-07-20,2.958012948621353,39580.12948621353,0.31817029200766234,0.6186089711816792,0.7604524119004662,-0.7538084324153473,0.4220837527489358,0.7418326693227092,33.5,100.0,160.0,,,,,,,
USD,SMH,MA_REGIME,MA100_EXIT160,10Y,2016-07-20,2026-07-20,17.48193151632166,184819.31516321658,0.3397617977977967,0.5545096488871328,0.8081301977028679,-0.7538084324153476,0.45072697941191026,0.8062077198567449,47.5,100.0,160.0,,,,,,,
USD,SMH,MA_REGIME,MA100_EXIT160,MAX,2007-02-01,2026-07-20,56.08713313363062,570871.3313363062,0.23143092581689895,0.466857340298033,0.6815004923324705,-0.7538084324153478,0.3070155703556533,0.7412173202614379,134.5,100.0,160.0,,,,,,,
USD,SMH,MA_REGIME,MA100_EXIT200,1Y,2025-07-21,2026-07-20,1.1383748228258765,21383.748228258766,1.144859789611124,0.7111739686040544,1.4323746126599728,-0.30921443293739437,3.7024784992585387,1.0,0.5,100.0,200.0,,,,,,,
USD,SMH,MA_REGIME,MA100_EXIT200,3Y,2023-07-20,2026-07-20,3.6567765401537207,46567.76540153721,0.6744789076525104,0.6992798526184625,1.093768987406791,-0.5864045720083353,1.1501938079072875,0.8909574468085106,5.5,100.0,200.0,,,,,,,
USD,SMH,MA_REGIME,MA100_EXIT200,5Y,2021-07-20,2026-07-20,7.326663215382178,83266.63215382177,0.530479944285972,0.6331635823630417,0.9926578891868744,-0.586404572008336,0.9046313238472347,0.7665338645418327,30.5,100.0,200.0,,,,,,,
USD,SMH,MA_REGIME,MA100_EXIT200,10Y,2016-07-20,2026-07-20,44.308318109007566,453083.18109007564,0.46581487645751896,0.5636851989297893,0.9632874359516672,-0.5864045720083358,0.7943575113375776,0.8233187425387982,41.5,100.0,200.0,,,,,,,
USD,SMH,MA_REGIME,MA100_EXIT200,MAX,2007-02-01,2026-07-20,79.01965968165304,800196.5968165303,0.25302187728752124,0.4722191001955549,0.7156007519030119,-0.7001194126170693,0.36139817397966034,0.7526552287581699,154.5,100.0,200.0,,,,,,,
USD,SMH,MA_REGIME,MA100_EXIT250,1Y,2025-07-21,2026-07-20,1.1383748228258765,21383.748228258766,1.144859789611124,0.7111739686040544,1.4323746126599728,-0.30921443293739437,3.7024784992585387,1.0,0.5,100.0,250.0,,,,,,,
USD,SMH,MA_REGIME,MA100_EXIT250,3Y,2023-07-20,2026-07-20,6.668274607188278,76682.74607188278,0.9791004239961036,0.7091772465729496,1.3242858795653825,-0.5482123827747791,1.785987428887292,0.9175531914893617,4.5,100.0,250.0,,,,,,,
USD,SMH,MA_REGIME,MA100_EXIT250,5Y,2021-07-20,2026-07-20,13.303405439715377,143034.05439715376,0.7061160114126215,0.6408447815946238,1.1581547027294283,-0.607929457529937,1.1615097815487077,0.7856573705179283,34.5,100.0,250.0,,,,,,,
USD,SMH,MA_REGIME,MA100_EXIT250,10Y,2016-07-20,2026-07-20,97.72052762883058,987205.2762883058,0.5848796608746774,0.5702905732503214,1.0958011660880407,-0.6079294575299371,0.9620847511668331,0.841225626740947,43.5,100.0,250.0,,,,,,,
USD,SMH,MA_REGIME,MA100_EXIT250,MAX,2007-02-01,2026-07-20,179.260933655632,1802609.3365563198,0.3065095337880004,0.47668191924816916,0.8010786690757483,-0.6116930090908267,0.5010839248327728,0.7640931372549019,176.5,100.0,250.0,,,,,,,
USD,SMH,BREAKOUT_RSI,B20_RSI85,1Y,2025-07-21,2026-07-20,0.3262412071374412,13262.412071374412,0.3277339293799324,0.35197364173235973,0.9845260020994391,-0.18537450380449239,1.7679558011148135,0.32669322709163345,31.0,,,20.0,85.0,,,,,
USD,SMH,BREAKOUT_RSI,B20_RSI85,3Y,2023-07-20,2026-07-20,1.531607270816464,25316.07270816464,0.3651509841050915,0.4469256961898781,0.9228311792710673,-0.5385324778466707,0.6780482127376098,0.33643617021276595,75.0,,,20.0,85.0,,,,,
USD,SMH,BREAKOUT_RSI,B20_RSI85,5Y,2021-07-20,2026-07-20,2.088184491254682,30881.844912546818,0.2540961924978571,0.42373767028382997,0.7474560252361907,-0.5385324778466709,0.4718307677818504,0.3250996015936255,103.0,,,20.0,85.0,,,,,
USD,SMH,BREAKOUT_RSI,B20_RSI85,10Y,2016-07-20,2026-07-20,3.0841345586421953,40841.34558642195,0.15154317869357303,0.4081088320603315,0.5507755584607005,-0.6271232482487921,0.24164815945948298,0.3887783525666534,236.0,,,20.0,85.0,,,,,
USD,SMH,BREAKOUT_RSI,B20_RSI85,MAX,2007-02-01,2026-07-20,4.035562129459809,50355.62129459809,0.08676294350643055,0.33110453141365387,0.41757752000360754,-0.627123248248792,0.1383507049829701,0.3247549019607843,393.0,,,20.0,85.0,,,,,
USD,SMH,BREAKOUT_RSI,B20_RSI90,1Y,2025-07-21,2026-07-20,0.38602305114246294,13860.23051142463,0.38782681877596614,0.49540328829360547,0.912057411853114,-0.33559949303008985,1.1556239709253482,0.4820717131474104,27.5,,,20.0,90.0,,,,,
USD,SMH,BREAKOUT_RSI,B20_RSI90,3Y,2023-07-20,2026-07-20,2.6191472974479226,36191.47297447923,0.538836656225927,0.4943387012232683,1.1222218000421758,-0.5385324778466709,1.0005648282912711,0.4242021276595745,64.5,,,20.0,90.0,,,,,
USD,SMH,BREAKOUT_RSI,B20_RSI90,5Y,2021-07-20,2026-07-20,7.068908476051963,80689.08476051963,0.5208469791052044,0.4310285865272297,1.189940723154897,-0.5385324778466708,0.9671598288515818,0.3394422310756972,85.5,,,20.0,90.0,,,,,
USD,SMH,BREAKOUT_RSI,B20_RSI90,10Y,2016-07-20,2026-07-20,8.559853363569353,95598.53363569353,0.2540597506077489,0.4376880489088825,0.7372003730917507,-0.7080421145150387,0.358820111684688,0.45762037405491446,197.5,,,20.0,90.0,,,,,
USD,SMH,BREAKOUT_RSI,B20_RSI90,MAX,2007-02-01,2026-07-20,6.840436505604692,78404.36505604693,0.11181420469091452,0.3741358531789055,0.4711928715767276,-0.7080421145150393,0.1579202739479694,0.42483660130718953,334.5,,,20.0,90.0,,,,,
USD,SMH,BREAKOUT_RSI,B20_RSI92,1Y,2025-07-21,2026-07-20,0.6565447461992564,16565.447461992564,0.6598792307129822,0.49918081048254864,1.2673006878088486,-0.2876447318079661,2.294077233973201,0.5338645418326693,22.5,,,20.0,92.0,,,,,
USD,SMH,BREAKOUT_RSI,B20_RSI92,3Y,2023-07-20,2026-07-20,3.3337923106925764,43337.923106925766,0.6346266067966304,0.49590457937878446,1.2419663945420742,-0.5385324778466707,1.1784370170842684,0.44813829787234044,57.5,,,20.0,92.0,,,,,
USD,SMH,BREAKOUT_RSI,B20_RSI92,5Y,2021-07-20,2026-07-20,8.656672006878326,96566.72006878325,0.5767041808730933,0.45584133936293203,1.2273288416438817,-0.5385324778466708,1.0708809674377533,0.399203187250996,76.5,,,20.0,92.0,,,,,
USD,SMH,BREAKOUT_RSI,B20_RSI92,10Y,2016-07-20,2026-07-20,16.747801877835066,177478.01877835067,0.3343274126305018,0.45317826113786547,0.863516826697798,-0.6121712726422448,0.5461337824420978,0.5049741345005969,177.5,,,20.0,92.0,,,,,
USD,SMH,BREAKOUT_RSI,B20_RSI92,MAX,2007-02-01,2026-07-20,11.781958561279035,127819.58561279035,0.14013747164721657,0.3890334891615273,0.531970042827093,-0.6140848500065845,0.2282053883037726,0.46548202614379086,301.5,,,20.0,92.0,,,,,
USD,SMH,BREAKOUT_RSI,B20_RSI95,1Y,2025-07-21,2026-07-20,0.2909571289208206,12909.571289208207,0.2922713020360235,0.6021725282859137,0.728021489325268,-0.3365862242484551,0.8683400596344073,0.6772908366533864,22.5,,,20.0,95.0,,,,,
USD,SMH,BREAKOUT_RSI,B20_RSI95,3Y,2023-07-20,2026-07-20,3.733808900685668,47338.08900685668,0.6837105096930256,0.5403781283584634,1.2374800559549992,-0.5385324778466708,1.2695808290464692,0.4920212765957447,50.5,,,20.0,95.0,,,,,
USD,SMH,BREAKOUT_RSI,B20_RSI95,5Y,2021-07-20,2026-07-20,5.858182972905807,68581.82972905807,0.4720010357459492,0.5401911849857408,0.9867210246985735,-0.631488167582667,0.7474424066451892,0.5107569721115538,65.5,,,20.0,95.0,,,,,
USD,SMH,BREAKOUT_RSI,B20_RSI95,10Y,2016-07-20,2026-07-20,30.17161501762842,311716.1501762842,0.411861251963374,0.495618027001967,0.944335145697058,-0.6314881675826671,0.6522073937505058,0.5463589335455631,136.5,,,20.0,95.0,,,,,
USD,SMH,BREAKOUT_RSI,B20_RSI95,MAX,2007-02-01,2026-07-20,34.99209524956471,359920.9524956471,0.20253824221170436,0.42918322422019106,0.6448491792118822,-0.6314881675826671,0.320731650423506,0.5512663398692811,235.5,,,20.0,95.0,,,,,
USD,SMH,BREAKOUT_RSI,B40_RSI85,1Y,2025-07-21,2026-07-20,0.2557046619599803,12557.046619599803,0.2568443025330347,0.34914665397025146,0.8324145529895183,-0.18537450380449239,1.3855427648449372,0.3147410358565737,30.0,,,40.0,85.0,,,,,
USD,SMH,BREAKOUT_RSI,B40_RSI85,3Y,2023-07-20,2026-07-20,1.8214703728769277,28214.703728769276,0.41565430347868193,0.43555693590326905,1.0188838558866922,-0.538532477846671,0.7718277366310031,0.3045212765957447,69.0,,,40.0,85.0,,,,,
USD,SMH,BREAKOUT_RSI,B40_RSI85,5Y,2021-07-20,2026-07-20,2.191557947656101,31915.57947656101,0.2624149896834227,0.42128916134826777,0.7646780800835764,-0.5385324778466709,0.48727792747559523,0.29163346613545815,95.0,,,40.0,85.0,,,,,
USD,SMH,BREAKOUT_RSI,B40_RSI85,10Y,2016-07-20,2026-07-20,1.7752198054625845,27752.198054625846,0.1077792340395416,0.40888510333310335,0.45566226062232007,-0.6470627861341458,0.16656688709215514,0.3565459610027855,210.0,,,40.0,85.0,,,,,
USD,SMH,BREAKOUT_RSI,B40_RSI85,MAX,2007-02-01,2026-07-20,1.6772546937620785,26772.546937620784,0.051994428774286616,0.32916415861887793,0.3193420264770197,-0.647062786134146,0.08035453419431754,0.2965686274509804,343.0,,,40.0,85.0,,,,,
USD,SMH,BREAKOUT_RSI,B40_RSI90,1Y,2025-07-21,2026-07-20,0.31230699026472153,13123.069902647216,0.3137287460114242,0.49344612034324664,0.8024053248659802,-0.33559949303008996,0.9348308103173898,0.4701195219123506,26.5,,,40.0,90.0,,,,,
USD,SMH,BREAKOUT_RSI,B40_RSI90,3Y,2023-07-20,2026-07-20,2.191933440079509,31919.33440079509,0.4754063716831223,0.48990282603977514,1.0422410845906094,-0.5385324778466707,0.8827812457737758,0.39228723404255317,59.5,,,40.0,90.0,,,,,
USD,SMH,BREAKOUT_RSI,B40_RSI90,5Y,2021-07-20,2026-07-20,8.014685821913776,90146.85821913776,0.5550739127128101,0.4379959234741836,1.2279024335020405,-0.5385324778466707,1.0307157609737496,0.3211155378486056,77.5,,,40.0,90.0,,,,,
USD,SMH,BREAKOUT_RSI,B40_RSI90,10Y,2016-07-20,2026-07-20,5.760500092659703,67605.00092659703,0.21123684745793958,0.43701754452221936,0.6578004133810794,-0.7531334980096234,0.2804772965433021,0.41822522881018703,173.5,,,40.0,90.0,,,,,
USD,SMH,BREAKOUT_RSI,B40_RSI90,MAX,2007-02-01,2026-07-20,4.2268671699568685,52268.67169956869,0.08885063974065877,0.36483162285497545,0.4163567883281458,-0.7549653158094216,0.11768837306836971,0.37949346405228757,290.5,,,40.0,90.0,,,,,
USD,SMH,BREAKOUT_RSI,B40_RSI92,1Y,2025-07-21,2026-07-20,0.5583331822622701,15583.331822622702,0.5610898117740106,0.497375528479666,1.1465030207091007,-0.28764473180796646,1.9506347578393959,0.5179282868525896,22.5,,,40.0,92.0,,,,,
USD,SMH,BREAKOUT_RSI,B40_RSI92,3Y,2023-07-20,2026-07-20,2.7975877709823083,37975.877709823086,0.5638560318430956,0.49152363123838194,1.1587928570843424,-0.538532477846671,1.0470232623623392,0.4148936170212766,53.5,,,40.0,92.0,,,,,
USD,SMH,BREAKOUT_RSI,B40_RSI92,5Y,2021-07-20,2026-07-20,8.671723975392682,96717.23975392683,0.5771973575352174,0.453453730111342,1.232190187861143,-0.5385324778466707,1.0717967463042317,0.37689243027888447,70.5,,,40.0,92.0,,,,,
USD,SMH,BREAKOUT_RSI,B40_RSI92,10Y,2016-07-20,2026-07-20,10.702677314899983,117026.77314899983,0.27975282084621433,0.44111008124436146,0.7802748379922506,-0.6907481149555883,0.4049997600995278,0.4556307202546757,157.5,,,40.0,92.0,,,,,
USD,SMH,BREAKOUT_RSI,B40_RSI92,MAX,2007-02-01,2026-07-20,7.2052824163192515,82052.82416319252,0.11442008801198944,0.37031161878944463,0.4781033603429864,-0.6907481149555876,0.16564661637816586,0.4056372549019608,263.5,,,40.0,92.0,,,,,
USD,SMH,BREAKOUT_RSI,B40_RSI95,1Y,2025-07-21,2026-07-20,0.23255162371341975,12325.516237134198,0.2335787842191821,0.6018277389684382,0.6507370440628343,-0.36660040199788047,0.6371481944543328,0.6613545816733067,22.5,,,40.0,95.0,,,,,
USD,SMH,BREAKOUT_RSI,B40_RSI95,3Y,2023-07-20,2026-07-20,2.294134210173255,32941.34210173255,0.4910712991231778,0.5456691074586284,1.008176101789227,-0.5385324778466709,0.9118694216674411,0.488031914893617,48.5,,,40.0,95.0,,,,,
USD,SMH,BREAKOUT_RSI,B40_RSI95,5Y,2021-07-20,2026-07-20,7.600069881827075,86000.69881827074,0.5404408224911263,0.4985485897300657,1.116731579862949,-0.5385324778466709,1.0035436017751167,0.44302788844621516,62.5,,,40.0,95.0,,,,,
USD,SMH,BREAKOUT_RSI,B40_RSI95,10Y,2016-07-20,2026-07-20,22.95573640243727,239557.3640243727,0.37507120969343744,0.48146529138042343,0.9027827694912629,-0.615342316257515,0.6095326126351981,0.5141265419816952,125.5,,,40.0,95.0,,,,,
USD,SMH,BREAKOUT_RSI,B40_RSI95,MAX,2007-02-01,2026-07-20,18.132612884126484,191326.12884126484,0.16405547116488228,0.41273460515044447,0.5748766000419389,-0.6153423162575148,0.2666084662642097,0.5065359477124183,215.5,,,40.0,95.0,,,,,
USD,SMH,BREAKOUT_RSI,B50_RSI85,1Y,2025-07-21,2026-07-20,0.2557046619599803,12557.046619599803,0.2568443025330347,0.34914665397025146,0.8324145529895183,-0.18537450380449239,1.3855427648449372,0.3147410358565737,30.0,,,50.0,85.0,,,,,
USD,SMH,BREAKOUT_RSI,B50_RSI85,3Y,2023-07-20,2026-07-20,1.6777633543288224,26777.633543288222,0.3910706661129122,0.4263842090296608,0.9902941838826678,-0.5385324778466709,0.7261784241437272,0.2898936170212766,68.0,,,50.0,85.0,,,,,
USD,SMH,BREAKOUT_RSI,B50_RSI85,5Y,2021-07-20,2026-07-20,2.0290011185678987,30290.011185678988,0.24923283933141493,0.4156140419267658,0.7440703136054503,-0.5385324778466708,0.4628000159395692,0.28286852589641437,94.0,,,50.0,85.0,,,,,
USD,SMH,BREAKOUT_RSI,B50_RSI85,10Y,2016-07-20,2026-07-20,1.1216745210494534,21216.745210494533,0.07834784055367816,0.405099993785192,0.3895191356558325,-0.7171229710095395,0.10925300641727169,0.35216872264226023,205.0,,,50.0,85.0,,,,,
USD,SMH,BREAKOUT_RSI,B50_RSI85,MAX,2007-02-01,2026-07-20,0.7022454199498966,17022.454199498967,0.027757955566223513,0.3263800181831266,0.24779384114814607,-0.7171229710095396,0.03870738588550144,0.2930964052287582,332.0,,,50.0,85.0,,,,,
USD,SMH,BREAKOUT_RSI,B50_RSI90,1Y,2025-07-21,2026-07-20,0.31230699026472153,13123.069902647216,0.3137287460114242,0.49344612034324664,0.8024053248659802,-0.33559949303008996,0.9348308103173898,0.4701195219123506,26.5,,,50.0,90.0,,,,,
USD,SMH,BREAKOUT_RSI,B50_RSI90,3Y,2023-07-20,2026-07-20,2.0293574858935597,30293.574858935597,0.44978510587022,0.4817777997946879,1.0151167715786922,-0.5385324778466709,0.8352051628690838,0.3776595744680851,58.5,,,50.0,90.0,,,,,
USD,SMH,BREAKOUT_RSI,B50_RSI90,5Y,2021-07-20,2026-07-20,7.55553741650478,85555.3741650478,0.5388358148659156,0.4325655917255384,1.2134847380242912,-0.5385324778466709,1.0005632659713628,0.31235059760956174,76.5,,,50.0,90.0,,,,,
USD,SMH,BREAKOUT_RSI,B50_RSI90,10Y,2016-07-20,2026-07-20,5.341280456291219,63412.80456291219,0.20348628041711136,0.431102415521223,0.6458459679253755,-0.7572388670594202,0.26872138933822565,0.40628730600875446,168.5,,,50.0,90.0,,,,,
USD,SMH,BREAKOUT_RSI,B50_RSI90,MAX,2007-02-01,2026-07-20,3.4642828137310913,44642.82813731091,0.0800481122708181,0.36096550038495073,0.3943627454119338,-0.7812696426183606,0.10245900762577113,0.3707107843137255,280.5,,,50.0,90.0,,,,,
USD,SMH,BREAKOUT_RSI,B50_RSI92,1Y,2025-07-21,2026-07-20,0.5583331822622701,15583.331822622702,0.5610898117740106,0.497375528479666,1.1465030207091007,-0.28764473180796646,1.9506347578393959,0.5179282868525896,22.5,,,50.0,92.0,,,,,
USD,SMH,BREAKOUT_RSI,B50_RSI92,3Y,2023-07-20,2026-07-20,2.604163795494602,36041.63795494602,0.5366987876736451,0.4834362729076703,1.1336301714828758,-0.538532477846671,0.9965950239800616,0.4002659574468085,52.5,,,50.0,92.0,,,,,
USD,SMH,BREAKOUT_RSI,B50_RSI92,5Y,2021-07-20,2026-07-20,8.179110396995696,91791.10396995697,0.5607282464491452,0.44821310844937645,1.2178062400630214,-0.5385324778466709,1.041215283229016,0.36812749003984063,69.5,,,50.0,92.0,,,,,
USD,SMH,BREAKOUT_RSI,B50_RSI92,10Y,2016-07-20,2026-07-20,9.976992519212068,109769.92519212067,0.27156382787223565,0.435255250952458,0.7699907854806582,-0.6958909476494386,0.3902390579867672,0.44369279745324314,152.5,,,50.0,92.0,,,,,
USD,SMH,BREAKOUT_RSI,B50_RSI92,MAX,2007-02-01,2026-07-20,6.438408475020999,74384.08475021,0.10880605645762254,0.36624087949251144,0.4654581524457143,-0.6996108523808136,0.15552368304086428,0.39562908496732024,255.5,,,50.0,92.0,,,,,
USD,SMH,BREAKOUT_RSI,B50_RSI95,1Y,2025-07-21,2026-07-20,0.23255162371341975,12325.516237134198,0.2335787842191821,0.6018277389684382,0.6507370440628343,-0.36660040199788047,0.6371481944543328,0.6613545816733067,22.5,,,50.0,95.0,,,,,
USD,SMH,BREAKOUT_RSI,B50_RSI95,3Y,2023-07-20,2026-07-20,2.1263528254767974,31263.528254767974,0.4651780029886079,0.5383926089884276,0.9818010440518099,-0.5385324778466708,0.8637882061424192,0.4734042553191489,47.5,,,50.0,95.0,,,,,
USD,SMH,BREAKOUT_RSI,B50_RSI95,5Y,2021-07-20,2026-07-20,7.162039267044248,81620.39267044248,0.5243555235233586,0.4937865906471376,1.1013673680170804,-0.5385324778466709,0.9736748387395333,0.4342629482071713,61.5,,,50.0,95.0,,,,,
USD,SMH,BREAKOUT_RSI,B50_RSI95,10Y,2016-07-20,2026-07-20,19.868786348828763,208687.86348828764,0.3561797871365733,0.4784250629289081,0.8764884467005875,-0.6217391410064006,0.5728765709683806,0.5041782729805014,122.5,,,50.0,95.0,,,,,
USD,SMH,BREAKOUT_RSI,B50_RSI95,MAX,2007-02-01,2026-07-20,16.459877568042582,174598.7756804258,0.1585868391556784,0.4072887452280225,0.5654970962700785,-0.6217391410064006,0.25506973696231516,0.4852941176470588,210.5,,,50.0,95.0,,,,,
USD,SMH,BREAKOUT_RSI,B63_RSI85,1Y,2025-07-21,2026-07-20,0.2557046619599803,12557.046619599803,0.2568443025330347,0.34914665397025146,0.8324145529895183,-0.18537450380449239,1.3855427648449372,0.3147410358565737,30.0,,,63.0,85.0,,,,,
USD,SMH,BREAKOUT_RSI,B63_RSI85,3Y,2023-07-20,2026-07-20,1.3470608383497615,23470.608383497616,0.3309602150382247,0.41806107778577123,0.8959963704257261,-0.5385324778466709,0.6145594344867991,0.2699468085106383,64.0,,,63.0,85.0,,,,,
USD,SMH,BREAKOUT_RSI,B63_RSI85,5Y,2021-07-20,2026-07-20,1.654920903751882,26549.20903751882,0.2166011064622635,0.4104876685204545,0.68378495970326,-0.5385324778466708,0.4022062092305851,0.27091633466135456,90.0,,,63.0,85.0,,,,,
USD,SMH,BREAKOUT_RSI,B63_RSI85,10Y,2016-07-20,2026-07-20,1.6400633970294547,26400.633970294548,0.10224687675415423,0.3948321066817087,0.4448362738378049,-0.6271232482487921,0.1630411199707125,0.32113012335853564,193.0,,,63.0,85.0,,,,,
USD,SMH,BREAKOUT_RSI,B63_RSI85,MAX,2007-02-01,2026-07-20,1.4853079717894495,24853.079717894496,0.04797386510931845,0.31663954076569145,0.3070513599656109,-0.6271232482487922,0.07649830434971575,0.27001633986928103,314.0,,,63.0,85.0,,,,,
USD,SMH,BREAKOUT_RSI,B63_RSI90,1Y,2025-07-21,2026-07-20,0.31230699026472153,13123.069902647216,0.3137287460114242,0.49344612034324664,0.8024053248659802,-0.33559949303008996,0.9348308103173898,0.4701195219123506,26.5,,,63.0,90.0,,,,,
USD,SMH,BREAKOUT_RSI,B63_RSI90,3Y,2023-07-20,2026-07-20,1.3059071730948362,23059.071730948363,0.32309372580843343,0.46105645697505077,0.8412798090014298,-0.5385324778466709,0.5999521646314219,0.3337765957446808,55.5,,,63.0,90.0,,,,,
USD,SMH,BREAKOUT_RSI,B63_RSI90,5Y,2021-07-20,2026-07-20,5.51236283280065,65123.6283280065,0.45678719395098955,0.41884781381848657,1.1084752278013599,-0.5385324778466709,0.8482073277687152,0.2860557768924303,73.5,,,63.0,90.0,,,,,
USD,SMH,BREAKOUT_RSI,B63_RSI90,10Y,2016-07-20,2026-07-20,5.588993609226599,65889.936092266,0.20811977179343577,0.411506447284423,0.6660564226025854,-0.6616835218167907,0.31453068563956277,0.3609231993633108,159.5,,,63.0,90.0,,,,,
USD,SMH,BREAKOUT_RSI,B63_RSI90,MAX,2007-02-01,2026-07-20,4.1631490782965175,51631.49078296518,0.08816345685222227,0.34522150606895197,0.41802283161907794,-0.6616835218167905,0.13324112501721527,0.3335375816993464,266.5,,,63.0,90.0,,,,,
USD,SMH,BREAKOUT_RSI,B63_RSI92,1Y,2025-07-21,2026-07-20,0.5583331822622701,15583.331822622702,0.5610898117740106,0.497375528479666,1.1465030207091007,-0.28764473180796646,1.9506347578393959,0.5179282868525896,22.5,,,63.0,92.0,,,,,
USD,SMH,BREAKOUT_RSI,B63_RSI92,3Y,2023-07-20,2026-07-20,1.6984194967087465,26984.194967087464,0.3946573946103813,0.46276086262919197,0.9535454432218353,-0.538532477846671,0.7328386139094599,0.3550531914893617,49.5,,,63.0,92.0,,,,,
USD,SMH,BREAKOUT_RSI,B63_RSI92,5Y,2021-07-20,2026-07-20,5.872354272205342,68723.54272205342,0.47261128495867166,0.4349511669102469,1.1078419288829022,-0.5385324778466709,0.8775910542079356,0.34103585657370517,66.5,,,63.0,92.0,,,,,
USD,SMH,BREAKOUT_RSI,B63_RSI92,10Y,2016-07-20,2026-07-20,10.60051693237296,116005.1693237296,0.278628104337028,0.4170012473202154,0.7985041765788865,-0.610533446811438,0.45636828873534546,0.40071627536808596,143.5,,,63.0,92.0,,,,,
USD,SMH,BREAKOUT_RSI,B63_RSI92,MAX,2007-02-01,2026-07-20,7.488043196140987,84880.43196140988,0.11636515530438918,0.35077436814217416,0.48963766309736384,-0.6105334468114381,0.19059587302238054,0.35784313725490197,242.5,,,63.0,92.0,,,,,
USD,SMH,BREAKOUT_RSI,B63_RSI95,1Y,2025-07-21,2026-07-20,0.23255162371341975,12325.516237134198,0.2335787842191821,0.6018277389684382,0.6507370440628343,-0.36660040199788047,0.6371481944543328,0.6613545816733067,22.5,,,63.0,95.0,,,,,
USD,SMH,BREAKOUT_RSI,B63_RSI95,3Y,2023-07-20,2026-07-20,1.4368427761162357,24368.42776116236,0.3478090482228262,0.5271192474724412,0.8329674748223976,-0.5385324778466708,0.6458460028512027,0.4507978723404255,45.5,,,63.0,95.0,,,,,
USD,SMH,BREAKOUT_RSI,B63_RSI95,5Y,2021-07-20,2026-07-20,5.36191995484083,63619.1995484083,0.44996643661117486,0.4864583807663572,1.007689550591416,-0.5385324778466709,0.8355418755993538,0.4207171314741036,59.5,,,63.0,95.0,,,,,
USD,SMH,BREAKOUT_RSI,B63_RSI95,10Y,2016-07-20,2026-07-20,21.30266421395145,223026.64213951447,0.3652470959569094,0.4637037287388181,0.9037551087393269,-0.610533446811438,0.5982425661762562,0.472741742936729,115.5,,,63.0,95.0,,,,,
USD,SMH,BREAKOUT_RSI,B63_RSI95,MAX,2007-02-01,2026-07-20,16.969954845590376,179699.54845590377,0.16030528751345563,0.39507714701794605,0.5743221688868108,-0.6105334468114378,0.2625659386077265,0.4579248366013072,200.5,,,63.0,95.0,,,,,
USD,SMH,BREAKOUT_RSI,B90_RSI85,1Y,2025-07-21,2026-07-20,0.2557046619599803,12557.046619599803,0.2568443025330347,0.34914665397025146,0.8324145529895183,-0.18537450380449239,1.3855427648449372,0.3147410358565737,30.0,,,90.0,85.0,,,,,
USD,SMH,BREAKOUT_RSI,B90_RSI85,3Y,2023-07-20,2026-07-20,1.0216088188798063,20216.08818879806,0.2660214307535649,0.42143171479730573,0.7733452363909947,-0.5385324778466709,0.4939747214824536,0.28191489361702127,62.0,,,90.0,85.0,,,,,
USD,SMH,BREAKOUT_RSI,B90_RSI85,5Y,2021-07-20,2026-07-20,1.2991252871643053,22991.252871643053,0.18195413771137847,0.4036970945032457,0.617090634400883,-0.5385324778466707,0.3378703145981548,0.27091633466135456,87.0,,,90.0,85.0,,,,,
USD,SMH,BREAKOUT_RSI,B90_RSI85,10Y,2016-07-20,2026-07-20,1.0721685286179863,20721.68528617986,0.07579779064158676,0.3912322719471068,0.383356840786388,-0.627123248248792,0.12086585986605987,0.31953840031834463,187.0,,,90.0,85.0,,,,,
USD,SMH,BREAKOUT_RSI,B90_RSI85,MAX,2007-02-01,2026-07-20,0.8824869697928353,18824.869697928352,0.03309584902480278,0.3142929151516494,0.2615851568973461,-0.6271232482487921,0.052774074501656824,0.2681781045751634,303.0,,,90.0,85.0,,,,,
USD,SMH,BREAKOUT_RSI,B90_RSI90,1Y,2025-07-21,2026-07-20,0.31230699026472153,13123.069902647216,0.3137287460114242,0.49344612034324664,0.8024053248659802,-0.33559949303008996,0.9348308103173898,0.4701195219123506,26.5,,,90.0,90.0,,,,,
USD,SMH,BREAKOUT_RSI,B90_RSI90,3Y,2023-07-20,2026-07-20,0.9406047971958864,19406.047971958866,0.24879042548080377,0.4634492942689989,0.7144603522938539,-0.5385324778466707,0.4619784984474764,0.34175531914893614,53.5,,,90.0,90.0,,,,,
USD,SMH,BREAKOUT_RSI,B90_RSI90,5Y,2021-07-20,2026-07-20,4.510260669802234,55102.60669802234,0.4087210503158831,0.4118025282739088,1.0390073910112476,-0.5385324778466708,0.7589533911680864,0.2836653386454183,70.5,,,90.0,90.0,,,,,
USD,SMH,BREAKOUT_RSI,B90_RSI90,10Y,2016-07-20,2026-07-20,3.8573297696233926,48573.29769623392,0.17173919118563785,0.404145474380344,0.5953162077028271,-0.6680720075422313,0.2570668868726424,0.352566653402308,153.5,,,90.0,90.0,,,,,
USD,SMH,BREAKOUT_RSI,B90_RSI90,MAX,2007-02-01,2026-07-20,2.6731123812582966,36731.12381258297,0.06925833291550476,0.3406752361303401,0.3677318329934171,-0.6745727084244185,0.10266993023964696,0.32822712418300654,255.5,,,90.0,90.0,,,,,
USD,SMH,BREAKOUT_RSI,B90_RSI92,1Y,2025-07-21,2026-07-20,0.5583331822622701,15583.331822622702,0.5610898117740106,0.497375528479666,1.1465030207091007,-0.28764473180796646,1.9506347578393959,0.5179282868525896,22.5,,,90.0,92.0,,,,,
USD,SMH,BREAKOUT_RSI,B90_RSI92,3Y,2023-07-20,2026-07-20,1.3009174832785084,23009.174832785084,0.3221336230418155,0.4650603675014109,0.8361330502931795,-0.5385324778466707,0.5981693515122265,0.3603723404255319,48.5,,,90.0,92.0,,,,,
USD,SMH,BREAKOUT_RSI,B90_RSI92,5Y,2021-07-20,2026-07-20,5.604436683085144,66044.36683085143,0.46089974001186995,0.4202246205936662,1.112966995452966,-0.5385324778466709,0.8558439072324543,0.32270916334661354,64.5,,,90.0,92.0,,,,,
USD,SMH,BREAKOUT_RSI,B90_RSI92,10Y,2016-07-20,2026-07-20,8.520299655680368,95202.99655680369,0.25353846951924663,0.40574398069867346,0.7606482552914452,-0.6105334468114378,0.4152736772135459,0.38440111420612816,138.5,,,90.0,92.0,,,,,
USD,SMH,BREAKOUT_RSI,B90_RSI92,MAX,2007-02-01,2026-07-20,5.541326118634309,65413.261186343094,0.1014956809948615,0.34439652110560826,0.4535310443141993,-0.6105334468114378,0.16624098405244006,0.3519199346405229,232.5,,,90.0,92.0,,,,,
USD,SMH,BREAKOUT_RSI,B90_RSI95,1Y,2025-07-21,2026-07-20,0.23255162371341975,12325.516237134198,0.2335787842191821,0.6018277389684382,0.6507370440628343,-0.36660040199788047,0.6371481944543328,0.6613545816733067,22.5,,,90.0,95.0,,,,,
USD,SMH,BREAKOUT_RSI,B90_RSI95,3Y,2023-07-20,2026-07-20,1.2668634955708957,22668.634955708956,0.31554379279972133,0.526218315584681,0.7873879047040654,-0.5385324778466707,0.5859327074597755,0.4428191489361702,44.5,,,90.0,95.0,,,,,
USD,SMH,BREAKOUT_RSI,B90_RSI95,5Y,2021-07-20,2026-07-20,5.480395605126407,64803.956051264075,0.45534848524601657,0.4712136872242933,1.0329646960960013,-0.5385324778466707,0.8455357921340855,0.39362549800796814,57.5,,,90.0,95.0,,,,,
USD,SMH,BREAKOUT_RSI,B90_RSI95,10Y,2016-07-20,2026-07-20,20.039450361088758,210394.50361088756,0.35728788379120835,0.45606608578675983,0.8985077791124099,-0.6105334468114378,0.5852060778277984,0.45921209709510546,110.5,,,90.0,95.0,,,,,
USD,SMH,BREAKOUT_RSI,B90_RSI95,MAX,2007-02-01,2026-07-20,14.990141589166248,159901.41589166247,0.15335495698446477,0.3897128662082228,0.5615161349960651,-0.6105334468114378,0.25118190950123026,0.44750816993464054,190.5,,,90.0,95.0,,,,,
USD,SMH,BREAKOUT_RSI,B126_RSI85,1Y,2025-07-21,2026-07-20,0.2557046619599803,12557.046619599803,0.2568443025330347,0.34914665397025146,0.8324145529895183,-0.18537450380449239,1.3855427648449372,0.3147410358565737,30.0,,,126.0,85.0,,,,,
USD,SMH,BREAKOUT_RSI,B126_RSI85,3Y,2023-07-20,2026-07-20,1.3213475930692256,23213.475930692257,0.32605600736293505,0.4083711276025484,0.8980057125438302,-0.5385324778466709,0.6054528199797238,0.2632978723404255,59.0,,,126.0,85.0,,,,,
USD,SMH,BREAKOUT_RSI,B126_RSI85,5Y,2021-07-20,2026-07-20,1.1632196526046097,21632.196526046097,0.16758131532566467,0.38352331453242616,0.5969585485510327,-0.5385324778466709,0.3111814462810873,0.24063745019920318,81.0,,,126.0,85.0,,,,,
USD,SMH,BREAKOUT_RSI,B126_RSI85,10Y,2016-07-20,2026-07-20,0.9680515165178514,19680.515165178513,0.07025077393194201,0.38086461119920234,0.3697277798768435,-0.6271232482487921,0.11202068194428053,0.30322323915638677,179.0,,,126.0,85.0,,,,,
USD,SMH,BREAKOUT_RSI,B126_RSI85,MAX,2007-02-01,2026-07-20,1.1731415936875846,21731.415936875845,0.04075886518195593,0.300233144319225,0.28399337350027304,-0.627123248248792,0.0649933889323556,0.24530228758169934,287.0,,,126.0,85.0,,,,,
USD,SMH,BREAKOUT_RSI,B126_RSI90,1Y,2025-07-21,2026-07-20,0.31230699026472153,13123.069902647216,0.3137287460114242,0.49344612034324664,0.8024053248659802,-0.33559949303008996,0.9348308103173898,0.4701195219123506,26.5,,,126.0,90.0,,,,,
USD,SMH,BREAKOUT_RSI,B126_RSI90,3Y,2023-07-20,2026-07-20,1.2283333120625342,22283.333120625342,0.3080079099928559,0.45160364324370783,0.8235618732055436,-0.5385324778466707,0.571939340082941,0.32313829787234044,50.5,,,126.0,90.0,,,,,
USD,SMH,BREAKOUT_RSI,B126_RSI90,5Y,2021-07-20,2026-07-20,4.124599033678716,51245.99033678716,0.3883451393103756,0.39891437586136996,1.022883839361643,-0.5385324778466707,0.7211173982731345,0.26772908366533865,65.5,,,126.0,90.0,,,,,
USD,SMH,BREAKOUT_RSI,B126_RSI90,10Y,2016-07-20,2026-07-20,3.559935952191317,45599.359521913175,0.16433895621286032,0.3975352958466339,0.5825960411480536,-0.6649440870702892,0.2471470299659775,0.3434142459212097,146.5,,,126.0,90.0,,,,,
USD,SMH,BREAKOUT_RSI,B126_RSI90,MAX,2007-02-01,2026-07-20,4.101992980616732,51019.92980616732,0.08749629679680493,0.3253406397010628,0.4212237622835086,-0.6649440870702894,0.13158444220823026,0.30106209150326796,241.5,,,126.0,90.0,,,,,
USD,SMH,BREAKOUT_RSI,B126_RSI92,1Y,2025-07-21,2026-07-20,0.5583331822622701,15583.331822622702,0.5610898117740106,0.497375528479666,1.1465030207091007,-0.28764473180796646,1.9506347578393959,0.5179282868525896,22.5,,,126.0,92.0,,,,,
USD,SMH,BREAKOUT_RSI,B126_RSI92,3Y,2023-07-20,2026-07-20,1.6420686394804567,26420.68639480457,0.38482903273411617,0.4532361953036004,0.9479819670714588,-0.5385324778466707,0.7145883462272512,0.34175531914893614,45.5,,,126.0,92.0,,,,,
USD,SMH,BREAKOUT_RSI,B126_RSI92,5Y,2021-07-20,2026-07-20,5.101624226330705,61016.242263307046,0.43785451174826373,0.406464345255239,1.0974714502918193,-0.5385324778466707,0.8130512638699728,0.3043824701195219,60.5,,,126.0,92.0,,,,,
USD,SMH,BREAKOUT_RSI,B126_RSI92,10Y,2016-07-20,2026-07-20,7.389511492261411,83895.11492261411,0.23774441565057525,0.3972540186443756,0.7363823105511148,-0.6105334468114378,0.38940440837797735,0.3684838838042181,133.5,,,126.0,92.0,,,,,
USD,SMH,BREAKOUT_RSI,B126_RSI92,MAX,2007-02-01,2026-07-20,7.602147715915043,86021.47715915044,0.1171327059514371,0.32826701447950973,0.5021128848819032,-0.6105334468114381,0.19185305336369768,0.32312091503267976,220.5,,,126.0,92.0,,,,,
USD,SMH,BREAKOUT_RSI,B126_RSI95,1Y,2025-07-21,2026-07-20,0.23255162371341975,12325.516237134198,0.2335787842191821,0.6018277389684382,0.6507370440628343,-0.36660040199788047,0.6371481944543328,0.6613545816733067,22.5,,,126.0,95.0,,,,,
USD,SMH,BREAKOUT_RSI,B126_RSI95,3Y,2023-07-20,2026-07-20,1.3914461930119004,23914.461930119003,0.33934231059377384,0.5134364257044345,0.8287619149341393,-0.5385324778466707,0.6301241328111512,0.4228723404255319,42.5,,,126.0,95.0,,,,,
USD,SMH,BREAKOUT_RSI,B126_RSI95,5Y,2021-07-20,2026-07-20,4.500515444349041,55005.15444349041,0.40822042972613404,0.4574066815049059,0.9780799980606625,-0.5385324778466707,0.7580237896856451,0.3745019920318725,54.5,,,126.0,95.0,,,,,
USD,SMH,BREAKOUT_RSI,B126_RSI95,10Y,2016-07-20,2026-07-20,15.278198325380085,162781.98325380086,0.32281200713619285,0.4475866634619308,0.8494331850649692,-0.6105334468114378,0.5287376290719299,0.44210107441305213,107.5,,,126.0,95.0,,,,,
USD,SMH,BREAKOUT_RSI,B126_RSI95,MAX,2007-02-01,2026-07-20,15.275627378406778,162756.27378406777,0.15440595942452573,0.37443058060684714,0.5711675393168429,-0.6105334468114378,0.25290335890838384,0.41605392156862747,181.5,,,126.0,95.0,,,,,
USD,SMH,PULLBACK_RECLAIM,RSI5_R10_H10,1Y,2025-07-21,2026-07-20,0.6226548211386618,16226.548211386618,0.6257871956515546,0.18714376229559646,2.688045050692348,-0.02054665146941126,30.45689447661059,0.0796812749003984,2.0,,,,,5.0,10.0,10.0,,
USD,SMH,PULLBACK_RECLAIM,RSI5_R10_H10,3Y,2023-07-20,2026-07-20,1.9825517938009822,29825.517938009823,0.4422397667013451,0.1739727341985431,2.1903774515814027,-0.07847714085625612,5.63526858746524,0.0797872340425532,6.0,,,,,5.0,10.0,10.0,,
USD,SMH,PULLBACK_RECLAIM,RSI5_R10_H10,5Y,2021-07-20,2026-07-20,1.9858301699578624,29858.301699578624,0.24563716760209386,0.14759390236954767,1.5603153328826185,-0.16063505302776293,1.529162925352537,0.07569721115537849,10.0,,,,,5.0,10.0,10.0,,
USD,SMH,PULLBACK_RECLAIM,RSI5_R10_H10,10Y,2016-07-20,2026-07-20,3.919921104320097,49199.21104320097,0.17324458879553806,0.15271024088077412,1.1217089256257484,-0.21310180803278156,0.8129663018574097,0.08356545961002786,21.0,,,,,5.0,10.0,10.0,,
USD,SMH,PULLBACK_RECLAIM,RSI5_R10_H10,MAX,2007-02-01,2026-07-20,7.2042758649169425,82042.75864916942,0.11441305120310319,0.14626628194260757,0.8131644032195573,-0.24853422724170182,0.4603512863113033,0.08169934640522876,40.0,,,,,5.0,10.0,10.0,,
USD,SMH,PULLBACK_RECLAIM,RSI5_R10_H20,1Y,2025-07-21,2026-07-20,0.8212670251395946,18212.670251395946,0.8256224583304601,0.23628690173212316,2.6645992242112566,-0.06369426701185077,12.96227269837091,0.1593625498007968,2.0,,,,,5.0,10.0,20.0,,
USD,SMH,PULLBACK_RECLAIM,RSI5_R10_H20,3Y,2023-07-20,2026-07-20,4.079446978473879,50794.46978473879,0.7239457350895753,0.24244711264132748,2.3674950080442465,-0.1344797190033542,5.383307910328981,0.1595744680851064,6.0,,,,,5.0,10.0,20.0,,
USD,SMH,PULLBACK_RECLAIM,RSI5_R10_H20,5Y,2021-07-20,2026-07-20,8.188550990085611,91885.50990085611,0.5610504307511046,0.23863053317423172,1.9828401519831444,-0.19211123366808547,2.9204457232336707,0.1553784860557769,10.0,,,,,5.0,10.0,20.0,,
USD,SMH,PULLBACK_RECLAIM,RSI5_R10_H20,10Y,2016-07-20,2026-07-20,17.412635308530383,184126.35308530382,0.3392572162011447,0.2226947331007336,1.421687157982329,-0.3049137771669711,1.112633280638438,0.1671309192200557,21.0,,,,,5.0,10.0,20.0,,
USD,SMH,PULLBACK_RECLAIM,RSI5_R10_H20,MAX,2007-02-01,2026-07-20,19.473676848106173,204736.76848106174,0.16812151056648705,0.2025739639188249,0.8675302511935766,-0.47725522299647605,0.3522675131995956,0.15931372549019607,39.0,,,,,5.0,10.0,20.0,,
USD,SMH,PULLBACK_RECLAIM,RSI5_R10_H40,1Y,2025-07-21,2026-07-20,1.4594647248882704,24594.647248882702,1.4682987989098173,0.3583503693418185,2.703376324104494,-0.17486789989642404,8.396617102278377,0.3346613545816733,3.0,,,,,5.0,10.0,40.0,,
USD,SMH,PULLBACK_RECLAIM,RSI5_R10_H40,3Y,2023-07-20,2026-07-20,14.241258711386182,152412.5871138618,1.491367719478006,0.36025052281519,2.7163932191855698,-0.19795191924941313,7.5339896937242115,0.3191489361702128,6.0,,,,,5.0,10.0,40.0,,
USD,SMH,PULLBACK_RECLAIM,RSI5_R10_H40,5Y,2021-07-20,2026-07-20,38.812992112204356,398129.92112204357,1.0954624544328029,0.3331971665460986,2.38631045010165,-0.19795191924941313,5.533982487194554,0.28286852589641437,9.0,,,,,5.0,10.0,40.0,,
USD,SMH,PULLBACK_RECLAIM,RSI5_R10_H40,10Y,2016-07-20,2026-07-20,90.44356473121054,914435.6473121054,0.5727568920011319,0.3019774810498447,1.6501966959049332,-0.25485309777918996,2.2474001571579105,0.29446876243533626,19.0,,,,,5.0,10.0,40.0,,
USD,SMH,PULLBACK_RECLAIM,RSI5_R10_H40,MAX,2007-02-01,2026-07-20,181.72250113943298,1827225.0113943298,0.3074219330158461,0.26170783649067464,1.1545941737441627,-0.3639715833284156,0.8446316885635983,0.2696078431372549,33.0,,,,,5.0,10.0,40.0,,
USD,SMH,PULLBACK_RECLAIM,RSI5_R20_H10,1Y,2025-07-21,2026-07-20,0.5803324967096903,15803.324967096903,0.5832164631803052,0.1889057075965775,2.524008324210137,-0.02229277603759694,26.161679559185725,0.0796812749003984,2.0,,,,,5.0,20.0,10.0,,
USD,SMH,PULLBACK_RECLAIM,RSI5_R20_H10,3Y,2023-07-20,2026-07-20,0.9934991814949952,19934.99181494995,0.26009490252317957,0.12657900146771808,1.887537271518802,-0.023270483261559338,11.17703055839979,0.0398936170212766,3.0,,,,,5.0,20.0,10.0,,
USD,SMH,PULLBACK_RECLAIM,RSI5_R20_H10,5Y,2021-07-20,2026-07-20,1.2239392275250909,22239.39227525091,0.1740894213273103,0.11547391870020195,1.4458078403188526,-0.1606350530277627,1.0837573620822492,0.05099601593625498,6.0,,,,,5.0,20.0,10.0,,
USD,SMH,PULLBACK_RECLAIM,RSI5_R20_H10,10Y,2016-07-20,2026-07-20,2.251909969980598,32519.09969980598,0.125528530798098,0.12909103255042934,0.9797810913481086,-0.18216170961847356,0.6891049225493643,0.06764822920811779,16.0,,,,,5.0,20.0,10.0,,
USD,SMH,PULLBACK_RECLAIM,RSI5_R20_H10,MAX,2007-02-01,2026-07-20,4.107671574244874,51076.71574244874,0.08755856390680439,0.12161299706820902,0.7501911544621832,-0.2460937871238511,0.3557934758537361,0.06740196078431372,32.0,,,,,5.0,20.0,10.0,,
USD,SMH,PULLBACK_RECLAIM,RSI5_R20_H20,1Y,2025-07-21,2026-07-20,0.8144049154236714,18144.049154236713,0.8187165857926937,0.23689870104391786,2.642293032732462,-0.06369426701185088,12.853850498669908,0.1593625498007968,2.0,,,,,5.0,20.0,20.0,,
USD,SMH,PULLBACK_RECLAIM,RSI5_R20_H20,3Y,2023-07-20,2026-07-20,1.4126498270341763,24126.498270341763,0.3433100964833644,0.16999660097238065,1.8198386987165964,-0.1028167097643723,3.339049627926599,0.0797872340425532,3.0,,,,,5.0,20.0,20.0,,
USD,SMH,PULLBACK_RECLAIM,RSI5_R20_H20,5Y,2021-07-20,2026-07-20,1.8180878241786558,28180.87824178656,0.2312590458592716,0.15341892256513429,1.4316399407562252,-0.19211123366808558,1.2037767986999786,0.09083665338645418,6.0,,,,,5.0,20.0,20.0,,
USD,SMH,PULLBACK_RECLAIM,RSI5_R20_H20,10Y,2016-07-20,2026-07-20,3.3034236794152196,43034.236794152195,0.15759851347010256,0.1709693622590244,0.9412987524307022,-0.24307864626466202,0.6483437187588686,0.12733784321528055,15.0,,,,,5.0,20.0,20.0,,
USD,SMH,PULLBACK_RECLAIM,RSI5_R20_H20,MAX,2007-02-01,2026-07-20,3.81059683897304,48105.9683897304,0.08420943392647562,0.1591739870780665,0.5873294703992417,-0.5119268306379636,0.16449505844718815,0.1184640522875817,28.0,,,,,5.0,20.0,20.0,,
USD,SMH,PULLBACK_RECLAIM,RSI5_R20_H40,1Y,2025-07-21,2026-07-20,1.3509886606252448,23509.886606252447,1.3590091218202214,0.35417506810110433,2.60272079948304,-0.17486789989642382,7.771632887597881,0.3187250996015936,2.0,,,,,5.0,20.0,40.0,,
USD,SMH,PULLBACK_RECLAIM,RSI5_R20_H40,3Y,2023-07-20,2026-07-20,3.553275949525709,45532.75949525709,0.6619140708724525,0.2672328140559947,2.0339476595362203,-0.17486789989642382,3.7852234244507508,0.1595744680851064,3.0,,,,,5.0,20.0,40.0,,
USD,SMH,PULLBACK_RECLAIM,RSI5_R20_H40,5Y,2021-07-20,2026-07-20,6.8766462378489175,78766.46237848917,0.513500205686598,0.23550545472690965,1.8768322984139452,-0.17486789989642393,2.9365035320418986,0.15458167330677292,5.0,,,,,5.0,20.0,40.0,,
USD,SMH,PULLBACK_RECLAIM,RSI5_R20_H40,10Y,2016-07-20,2026-07-20,14.82066975377455,158206.6975377455,0.3190356466699966,0.23404819380572373,1.2998320123894842,-0.2770025054388837,1.1517428196705854,0.2148826104257859,14.0,,,,,5.0,20.0,40.0,,
USD,SMH,PULLBACK_RECLAIM,RSI5_R20_H40,MAX,2007-02-01,2026-07-20,16.389971892354932,173899.7189235493,0.1583476260365737,0.2176518945282848,0.7840352790861401,-0.5289273653452513,0.29937499250622834,0.2042483660130719,24.0,,,,,5.0,20.0,40.0,,
USD,SMH,PULLBACK_RECLAIM,RSI10_R10_H10,1Y,2025-07-21,2026-07-20,0.7481125567834153,17481.12556783415,0.7520068679997913,0.3705834054914226,1.7003198299897868,-0.15723918592600106,4.782566531180696,0.2788844621513944,7.0,,,,,10.0,10.0,10.0,,
USD,SMH,PULLBACK_RECLAIM,RSI10_R10_H10,3Y,2023-07-20,2026-07-20,3.505843836515151,45058.43836515151,0.6560923695886112,0.379040280366452,1.524110637539875,-0.37215480597825934,1.7629555202544904,0.2127659574468085,16.0,,,,,10.0,10.0,10.0,,
USD,SMH,PULLBACK_RECLAIM,RSI10_R10_H10,5Y,2021-07-20,2026-07-20,2.6062121646622805,36062.12164662281,0.2937611937116622,0.3086060443834805,0.9910730973792059,-0.3873684532938264,0.7583508445610018,0.17131474103585656,22.0,,,,,10.0,10.0,10.0,,
USD,SMH,PULLBACK_RECLAIM,RSI10_R10_H10,10Y,2016-07-20,2026-07-20,1.9695783368419675,29695.783368419674,0.11532425903389942,0.27390324830407603,0.5381905066724495,-0.6451126019165122,0.17876609244849972,0.1671309192200557,42.0,,,,,10.0,10.0,10.0,,
USD,SMH,PULLBACK_RECLAIM,RSI10_R10_H10,MAX,2007-02-01,2026-07-20,1.8332235823850453,28332.235823850453,0.055064866395630796,0.23572226933396917,0.34695562339095015,-0.6451126019165123,0.08535698455129087,0.16339869281045752,79.0,,,,,10.0,10.0,10.0,,
USD,SMH,PULLBACK_RECLAIM,RSI10_R10_H20,1Y,2025-07-21,2026-07-20,0.21541411230022156,12154.141123002215,0.21635913640415438,0.492348563445327,0.643349557260273,-0.2671478459893979,0.8098853861346158,0.47808764940239046,6.0,,,,,10.0,10.0,20.0,,
USD,SMH,PULLBACK_RECLAIM,RSI10_R10_H20,3Y,2023-07-20,2026-07-20,2.6788035854713343,36788.035854713344,0.5472906205599406,0.507867032984458,1.1201220171051565,-0.3625971432589442,1.509362747982545,0.40558510638297873,16.0,,,,,10.0,10.0,20.0,,
USD,SMH,PULLBACK_RECLAIM,RSI10_R10_H20,5Y,2021-07-20,2026-07-20,5.630608898949127,66306.08898949127,0.4620603740408602,0.4314035453377749,1.0993823374191243,-0.3625971432589443,1.2743078169010433,0.33067729083665337,21.0,,,,,10.0,10.0,20.0,,
USD,SMH,PULLBACK_RECLAIM,RSI10_R10_H20,10Y,2016-07-20,2026-07-20,5.087162063167085,60871.62063167085,0.19856057039662,0.3913850361989411,0.6607518554218335,-0.610533446811438,0.32522472181273476,0.3103859928372463,38.0,,,,,10.0,10.0,20.0,,
USD,SMH,PULLBACK_RECLAIM,RSI10_R10_H20,MAX,2007-02-01,2026-07-20,4.7823234088362865,57823.234088362864,0.09452543345713282,0.3267404844059416,0.4412613972146511,-0.6105334468114378,0.15482433264025064,0.29820261437908496,71.0,,,,,10.0,10.0,20.0,,
USD,SMH,PULLBACK_RECLAIM,RSI10_R10_H40,1Y,2025-07-21,2026-07-20,0.8976674798636137,18976.674798636137,0.902517069039916,0.5348356015208059,1.4713301835194972,-0.28764473180796657,3.1376102853239187,0.5936254980079682,4.5,,,,,10.0,10.0,40.0,,
USD,SMH,PULLBACK_RECLAIM,RSI10_R10_H40,3Y,2023-07-20,2026-07-20,3.8978895542132177,48978.89554213217,0.7030461470185339,0.5791492847875925,1.2158557008897386,-0.4882605226085035,1.4398996323981932,0.5452127659574468,10.5,,,,,10.0,10.0,40.0,,
USD,SMH,PULLBACK_RECLAIM,RSI10_R10_H40,5Y,2021-07-20,2026-07-20,14.624333036860234,156243.33036860233,0.7366469332344565,0.5020117534644832,1.3541173300118214,-0.4882605226085034,1.5087169638433253,0.46215139442231074,13.5,,,,,10.0,10.0,40.0,,
USD,SMH,PULLBACK_RECLAIM,RSI10_R10_H40,10Y,2016-07-20,2026-07-20,30.18107448274184,311810.74482741836,0.4119042103602981,0.4558525006724607,0.9873406680700996,-0.6105334468114378,0.6746628092392029,0.46358933545563075,27.5,,,,,10.0,10.0,40.0,,
USD,SMH,PULLBACK_RECLAIM,RSI10_R10_H40,MAX,2007-02-01,2026-07-20,45.448970083416874,464489.70083416876,0.218429035656182,0.379507640927249,0.7119435797039418,-0.6105334468114378,0.3577675175650834,0.4303513071895425,51.5,,,,,10.0,10.0,40.0,,
USD,SMH,PULLBACK_RECLAIM,RSI10_R20_H10,1Y,2025-07-21,2026-07-20,0.8650341388268785,18650.341388268786,0.8696711179072567,0.34328797427198277,1.9959818112208894,-0.1257025824452106,6.918482508394895,0.23904382470119523,5.0,,,,,10.0,20.0,10.0,,
USD,SMH,PULLBACK_RECLAIM,RSI10_R20_H10,3Y,2023-07-20,2026-07-20,2.3760914609863093,33760.914609863095,0.5034014765476758,0.25546018829820033,1.7244164514902638,-0.22306603444448536,2.2567374625246126,0.14627659574468085,10.0,,,,,10.0,20.0,10.0,,
USD,SMH,PULLBACK_RECLAIM,RSI10_R20_H10,5Y,2021-07-20,2026-07-20,2.0110577668022107,30110.577668022106,0.24774335876183495,0.21965499199914437,1.1175960009830432,-0.35861113554996293,0.6908412321940252,0.1306772908366534,15.0,,,,,10.0,20.0,10.0,,
USD,SMH,PULLBACK_RECLAIM,RSI10_R20_H10,10Y,2016-07-20,2026-07-20,3.6139504064036636,46139.504064036635,0.16571469371860847,0.19765843921995851,0.8745449321292774,-0.3778911504126564,0.4385249390933033,0.13529645841623558,31.0,,,,,10.0,20.0,10.0,,
USD,SMH,PULLBACK_RECLAIM,RSI10_R20_H10,MAX,2007-02-01,2026-07-20,3.3664277502126767,43664.277502126766,0.07881673829809377,0.18166027352396896,0.5084418118555413,-0.44139587979168404,0.1785624694441896,0.13480392156862744,63.0,,,,,10.0,20.0,10.0,,
USD,SMH,PULLBACK_RECLAIM,RSI10_R20_H20,1Y,2025-07-21,2026-07-20,0.930991025406527,19309.91025406527,0.9360600436027791,0.4580445247465056,1.6724832107302912,-0.2524424749057441,3.7080132570886937,0.398406374501992,5.0,,,,,10.0,20.0,20.0,,
USD,SMH,PULLBACK_RECLAIM,RSI10_R20_H20,3Y,2023-07-20,2026-07-20,1.022543844268661,20225.43844268661,0.2662176236467688,0.3893888031722609,0.8062842536477157,-0.5012516153720552,0.5311057670091859,0.2726063829787234,10.0,,,,,10.0,20.0,20.0,,
USD,SMH,PULLBACK_RECLAIM,RSI10_R20_H20,5Y,2021-07-20,2026-07-20,1.353826177003648,23538.26177003648,0.1875478350037687,0.32698816130560227,0.6929019216879728,-0.5012516153720552,0.37415906353650524,0.2342629482071713,14.0,,,,,10.0,20.0,20.0,,
USD,SMH,PULLBACK_RECLAIM,RSI10_R20_H20,10Y,2016-07-20,2026-07-20,1.7915454872159717,27915.454872159717,0.10843099546826696,0.2876659256858709,0.5045525404108503,-0.5012516153720554,0.21632049083329885,0.23079984082769597,27.0,,,,,10.0,20.0,20.0,,
USD,SMH,PULLBACK_RECLAIM,RSI10_R20_H20,MAX,2007-02-01,2026-07-20,1.7102330730084776,27102.330730084777,0.05265754223387442,0.25230350022147,0.3313292753644387,-0.5505352400250659,0.09564790481255463,0.22875816993464052,54.0,,,,,10.0,20.0,20.0,,
USD,SMH,PULLBACK_RECLAIM,RSI10_R20_H40,1Y,2025-07-21,2026-07-20,1.5351181393562294,25351.181393562296,1.5445310650186608,0.5307387032999372,2.0285039573263255,-0.28764473180796635,5.36957883883582,0.5896414342629482,3.5,,,,,10.0,20.0,40.0,,
USD,SMH,PULLBACK_RECLAIM,RSI10_R20_H40,3Y,2023-07-20,2026-07-20,2.1082413347006077,31082.413347006077,0.4623281162081123,0.5029319589478218,1.013494034865807,-0.5375618265996899,0.8600464045829609,0.3896276595744681,7.5,,,,,10.0,20.0,40.0,,
USD,SMH,PULLBACK_RECLAIM,RSI10_R20_H40,5Y,2021-07-20,2026-07-20,5.553383963947577,65533.83963947577,0.4586251349449426,0.4268911829285593,1.1020197902323472,-0.53756182659969,0.8531579294719346,0.3362549800796813,10.5,,,,,10.0,20.0,40.0,,
USD,SMH,PULLBACK_RECLAIM,RSI10_R20_H40,10Y,2016-07-20,2026-07-20,7.451251708107193,84512.51708107193,0.23865482564101081,0.3907653222599493,0.7456894961819879,-0.6105334468114377,0.3908955797383513,0.3533625149224035,22.5,,,,,10.0,20.0,40.0,,
USD,SMH,PULLBACK_RECLAIM,RSI10_R20_H40,MAX,2007-02-01,2026-07-20,3.294204148611911,42942.04148611911,0.07789099616505779,0.3360047422799757,0.39292216280431314,-0.6531417246821334,0.11925588769109072,0.3570261437908497,42.5,,,,,10.0,20.0,40.0,,
USD,SMH,PULLBACK_RECLAIM,RSI15_R10_H10,1Y,2025-07-21,2026-07-20,0.983603658279105,19836.03658279105,0.9890238003529037,0.468185563886834,1.705616438123127,-0.15723918592600117,6.28993208358603,0.398406374501992,10.0,,,,,15.0,10.0,10.0,,
USD,SMH,PULLBACK_RECLAIM,RSI15_R10_H10,3Y,2023-07-20,2026-07-20,4.517771823661932,55177.71823661932,0.7724327373444213,0.45485064225711064,1.4933091512403251,-0.37215480597825934,2.075568352030218,0.3191489361702128,24.0,,,,,15.0,10.0,10.0,,
USD,SMH,PULLBACK_RECLAIM,RSI15_R10_H10,5Y,2021-07-20,2026-07-20,4.402412004219917,54024.12004219917,0.40314087269848,0.4077234398290264,1.039085793603333,-0.37215480597825934,1.0832612295272381,0.26693227091633465,34.0,,,,,15.0,10.0,10.0,,
USD,SMH,PULLBACK_RECLAIM,RSI15_R10_H10,10Y,2016-07-20,2026-07-20,2.8006095376880227,38006.09537688023,0.14326483212567864,0.35846633182597654,0.5564278229334387,-0.6729519205903843,0.2128901452573189,0.27457222443294865,68.0,,,,,15.0,10.0,10.0,,
USD,SMH,PULLBACK_RECLAIM,RSI15_R10_H10,MAX,2007-02-01,2026-07-20,2.7551421529040607,37551.42152904061,0.07047457781424571,0.2979058803425623,0.3799241101058591,-0.7248952904918544,0.09722035546185911,0.25531045751633985,123.0,,,,,15.0,10.0,10.0,,
USD,SMH,PULLBACK_RECLAIM,RSI15_R10_H20,1Y,2025-07-21,2026-07-20,0.5977976093235402,15977.976093235402,0.6007835424969241,0.5168146151079513,1.1688587580604992,-0.26714784598939767,2.2488803541420563,0.5577689243027888,7.0,,,,,15.0,10.0,20.0,,
USD,SMH,PULLBACK_RECLAIM,RSI15_R10_H20,3Y,2023-07-20,2026-07-20,5.454656198571554,64546.56198571554,0.8680721687767077,0.527983149116281,1.4548124185982263,-0.3625971432589443,2.3940402866240578,0.4853723404255319,17.0,,,,,15.0,10.0,20.0,,
USD,SMH,PULLBACK_RECLAIM,RSI15_R10_H20,5Y,2021-07-20,2026-07-20,7.169673164272895,81696.73164272895,0.5246416963929403,0.4826849322384577,1.1181774440654315,-0.44974588716377706,1.1665291698418347,0.4103585657370518,24.0,,,,,15.0,10.0,20.0,,
USD,SMH,PULLBACK_RECLAIM,RSI15_R10_H20,10Y,2016-07-20,2026-07-20,13.914513745111448,149145.13745111448,0.31125700254550615,0.4417761112260817,0.8364492082977142,-0.6208492786463785,0.5013406848504869,0.43772383605252685,52.0,,,,,15.0,10.0,20.0,,
USD,SMH,PULLBACK_RECLAIM,RSI15_R10_H20,MAX,2007-02-01,2026-07-20,26.42994230498883,274299.4230498883,0.18584050709283506,0.36861429472112883,0.6480293662644542,-0.6208492786463787,0.29933272612963036,0.40441176470588236,94.0,,,,,15.0,10.0,20.0,,
USD,SMH,PULLBACK_RECLAIM,RSI15_R10_H40,1Y,2025-07-21,2026-07-20,1.1219073551477372,21219.073551477373,1.1282768303208788,0.651877019420626,1.4880341669289092,-0.3092144329373945,3.648849180818532,0.8127490039840638,5.5,,,,,15.0,10.0,40.0,,
USD,SMH,PULLBACK_RECLAIM,RSI15_R10_H40,3Y,2023-07-20,2026-07-20,11.187666767980279,121876.66767980279,1.3115267032515754,0.6192557235477391,1.6700947990318407,-0.4882605226085034,2.686120713271719,0.6715425531914894,12.5,,,,,15.0,10.0,40.0,,
USD,SMH,PULLBACK_RECLAIM,RSI15_R10_H40,5Y,2021-07-20,2026-07-20,16.52601697881584,175260.16978815838,0.777164495602993,0.5862007151983945,1.2773157579185574,-0.6047375156723932,1.285126977344679,0.601593625498008,17.5,,,,,15.0,10.0,40.0,,
USD,SMH,PULLBACK_RECLAIM,RSI15_R10_H40,10Y,2016-07-20,2026-07-20,51.7164715563299,527164.715563299,0.4882444930426788,0.5311337750776588,1.016580296083586,-0.6105334468114378,0.7997014669590612,0.6128133704735376,37.5,,,,,15.0,10.0,40.0,,
USD,SMH,PULLBACK_RECLAIM,RSI15_R10_H40,MAX,2007-02-01,2026-07-20,59.77509446000604,607750.9446000603,0.2354051518029343,0.43874085104503996,0.7026195946039954,-0.610533446811438,0.3855729002765654,0.5559640522875817,66.5,,,,,15.0,10.0,40.0,,
USD,SMH,PULLBACK_RECLAIM,RSI15_R20_H10,1Y,2025-07-21,2026-07-20,0.471788149181785,14717.88149181785,0.4740560854905749,0.4437759241493893,1.0977735302977276,-0.15687036549402789,3.0219607380759395,0.35856573705179284,8.0,,,,,15.0,20.0,10.0,,
USD,SMH,PULLBACK_RECLAIM,RSI15_R20_H10,3Y,2023-07-20,2026-07-20,1.0592618100048132,20592.618100048134,0.27387480456723234,0.35784735510571264,0.8609373382436991,-0.33891982567362533,0.8080813921784843,0.2393617021276596,17.0,,,,,15.0,20.0,10.0,,
USD,SMH,PULLBACK_RECLAIM,RSI15_R20_H10,5Y,2021-07-20,2026-07-20,0.22258943807689824,12225.894380768983,0.04117965736901663,0.3429534634971501,0.29318631203343554,-0.573041557191339,0.07186155498189586,0.21832669322709164,26.0,,,,,15.0,20.0,10.0,,
USD,SMH,PULLBACK_RECLAIM,RSI15_R20_H10,10Y,2016-07-20,2026-07-20,0.8433541616544762,18433.54161654476,0.0632487091121523,0.2796236575809441,0.36153752652104104,-0.5858758385132673,0.10795582434778972,0.1910067648229208,45.0,,,,,15.0,20.0,10.0,,
USD,SMH,PULLBACK_RECLAIM,RSI15_R20_H10,MAX,2007-02-01,2026-07-20,0.09823306202603743,10982.330620260374,0.004834575998562185,0.24819393025376815,0.14520445126586579,-0.7013289184363345,0.006893450236361614,0.20016339869281047,93.0,,,,,15.0,20.0,10.0,,
USD,SMH,PULLBACK_RECLAIM,RSI15_R20_H20,1Y,2025-07-21,2026-07-20,1.0060691161153872,20060.69116115387,1.0116409011565817,0.5795129741913315,1.4977394274302989,-0.252442474905744,4.007411595589468,0.6374501992031872,7.0,,,,,15.0,20.0,20.0,,
USD,SMH,PULLBACK_RECLAIM,RSI15_R20_H20,3Y,2023-07-20,2026-07-20,1.4073904797555845,24073.904797555846,0.3423280963738575,0.46933643971859473,0.8668740404604169,-0.5105234557077767,0.6705433267493314,0.40558510638297873,14.0,,,,,15.0,20.0,20.0,,
USD,SMH,PULLBACK_RECLAIM,RSI15_R20_H20,5Y,2021-07-20,2026-07-20,0.7209481326437412,17209.481326437413,0.11517087667622494,0.4473585084642009,0.4706422831016986,-0.5870912333181206,0.19617202598189468,0.36175298804780875,21.0,,,,,15.0,20.0,20.0,,
USD,SMH,PULLBACK_RECLAIM,RSI15_R20_H20,10Y,2016-07-20,2026-07-20,0.8802464963012371,18802.46496301237,0.06536361835096582,0.37445176020274773,0.35889779374020336,-0.647584090721369,0.10093456477313202,0.3263032232391564,37.0,,,,,15.0,20.0,20.0,,
USD,SMH,PULLBACK_RECLAIM,RSI15_R20_H20,MAX,2007-02-01,2026-07-20,-0.07448083610390388,9255.191638960961,-0.00397592122209367,0.32639798002898046,0.15275646766079476,-0.801605009819997,-0.004959950565910854,0.33088235294117646,77.0,,,,,15.0,20.0,20.0,,
USD,SMH,PULLBACK_RECLAIM,RSI15_R20_H40,1Y,2025-07-21,2026-07-20,1.300241801404351,23002.41801404351,1.307888484000269,0.6244862934728951,1.6549304763935495,-0.28764473180796624,4.54688836391909,0.749003984063745,4.5,,,,,15.0,20.0,40.0,,
USD,SMH,PULLBACK_RECLAIM,RSI15_R20_H40,3Y,2023-07-20,2026-07-20,3.1197468362852128,41197.46836285213,0.6071153121148327,0.5928871854126001,1.1048547113467764,-0.5375618265996898,1.1293869506231473,0.5492021276595744,10.5,,,,,15.0,20.0,40.0,,
USD,SMH,PULLBACK_RECLAIM,RSI15_R20_H40,5Y,2021-07-20,2026-07-20,3.653030728674583,46530.30728674583,0.36169312451395563,0.5502297026758568,0.8415091902023807,-0.6227027987313161,0.5808439037866265,0.4956175298804781,15.5,,,,,15.0,20.0,40.0,,
USD,SMH,PULLBACK_RECLAIM,RSI15_R20_H40,10Y,2016-07-20,2026-07-20,7.918428193917123,89184.28193917123,0.24535605385491088,0.4750745208962666,0.702567675041081,-0.6227027987313161,0.39401790766766276,0.467966573816156,29.5,,,,,15.0,20.0,40.0,,
USD,SMH,PULLBACK_RECLAIM,RSI15_R20_H40,MAX,2007-02-01,2026-07-20,2.8366221834942364,38366.221834942364,0.07165797510308258,0.4042666098328263,0.3753666361267144,-0.7495914231497949,0.09559604457849137,0.4632352941176471,55.5,,,,,15.0,20.0,40.0,,
USD,SMH,MHT,MHT4_1,1Y,2025-07-21,2026-07-20,1.0241124056808735,20241.124056808734,1.029806715091512,0.7020762843240984,1.363379729012135,-0.30921443293739403,3.3303966613357106,0.9920318725099602,1.5,,,,,,,,4.0,1.0
USD,SMH,MHT,MHT4_1,3Y,2023-07-20,2026-07-20,2.1881516848777176,31881.516848777177,0.47482036161304,0.6781126606379664,0.9189190759616456,-0.7217254693709867,0.6578960862041704,0.8284574468085106,11.5,,,,,,,,4.0,1.0
USD,SMH,MHT,MHT4_1,5Y,2021-07-20,2026-07-20,4.517069231498054,55170.69231498054,0.40907039225255826,0.6252421383681129,0.8649930141663416,-0.7217254693709869,0.5667950067067464,0.7466135458167331,16.5,,,,,,,,4.0,1.0
USD,SMH,MHT,MHT4_1,10Y,2016-07-20,2026-07-20,23.813871816019308,248138.7181601931,0.37993283211438444,0.5511826777522513,0.8632023478061113,-0.7217254693709871,0.5264229242810444,0.7998408276959809,30.5,,,,,,,,4.0,1.0
USD,SMH,MHT,MHT4_1,MAX,2007-02-01,2026-07-20,47.98866004026354,489886.6004026354,0.22177212582492634,0.46650295584236107,0.6646913012141323,-0.7217254693709867,0.3072804483652348,0.7444852941176471,66.5,,,,,,,,4.0,1.0
USD,SMH,MHT,MHT4_2,1Y,2025-07-21,2026-07-20,1.104676478356856,21046.76478356856,1.1109256568838535,0.7008153863429667,1.42067040733493,-0.3092144329373945,3.592735456526308,0.9880478087649402,1.5,,,,,,,,4.0,2.0
USD,SMH,MHT,MHT4_2,3Y,2023-07-20,2026-07-20,3.1517046875861414,41517.046875861415,0.6112822800252491,0.638498092750658,1.0721507899554565,-0.6855679934330521,0.8916435508667643,0.7992021276595744,16.5,,,,,,,,4.0,2.0
USD,SMH,MHT,MHT4_2,5Y,2021-07-20,2026-07-20,5.315961679200719,63159.6167920072,0.4478570916601252,0.597281061936569,0.921251846968032,-0.6855679934330516,0.6532642946433879,0.7171314741035857,25.5,,,,,,,,4.0,2.0
USD,SMH,MHT,MHT4_2,10Y,2016-07-20,2026-07-20,19.775146645604643,207751.46645604642,0.3555683294433678,0.5280770173104975,0.8429307564514915,-0.685567993433052,0.5186477969352434,0.7695980899323518,50.5,,,,,,,,4.0,2.0
USD,SMH,MHT,MHT4_2,MAX,2007-02-01,2026-07-20,39.172205532672514,401722.0553267251,0.20935832353396933,0.4477430654776945,0.6501703189042305,-0.6855679934330516,0.30537937234436247,0.7136437908496732,98.5,,,,,,,,4.0,2.0
USD,SMH,MHT,MHT4_3,1Y,2025-07-21,2026-07-20,0.34288123605815346,13428.812360581534,0.34445947296951096,0.6487955905491749,0.7851504537188051,-0.4240473209640445,0.8123137582532165,0.896414342629482,10.0,,,,,,,,4.0,3.0
USD,SMH,MHT,MHT4_3,3Y,2023-07-20,2026-07-20,0.5045773835889538,15045.773835889539,0.1467077329018167,0.590030625416163,0.5338202183177992,-0.7375140228521463,0.1989219572184705,0.723404255319149,32.0,,,,,,,,4.0,3.0
USD,SMH,MHT,MHT4_3,5Y,2021-07-20,2026-07-20,1.2966423265602414,22966.423265602414,0.1816977175711969,0.5622312302656355,0.581555371231678,-0.7375140228521462,0.2463651021420957,0.6597609561752988,46.0,,,,,,,,4.0,3.0
USD,SMH,MHT,MHT4_3,10Y,2016-07-20,2026-07-20,3.1455077366967865,41455.07736696787,0.1532668275961715,0.4987736083505634,0.5383209007302543,-0.7375140228521463,0.20781547583793913,0.7138877835256665,95.0,,,,,,,,4.0,3.0
USD,SMH,MHT,MHT4_3,MAX,2007-02-01,2026-07-20,5.114147776922405,61141.477769224046,0.0976734831272077,0.4241174701142295,0.4337684620663247,-0.7375140228521462,0.13243610304449613,0.6572712418300654,199.0,,,,,,,,4.0,3.0
USD,SMH,MHT,MHT5_1,1Y,2025-07-21,2026-07-20,1.0241124056808735,20241.124056808734,1.029806715091512,0.7020762843240984,1.363379729012135,-0.30921443293739403,3.3303966613357106,0.9920318725099602,1.5,,,,,,,,5.0,1.0
USD,SMH,MHT,MHT5_1,3Y,2023-07-20,2026-07-20,1.8564947568654078,28564.94756865408,0.4215190770721442,0.6735402151626431,0.865907601339746,-0.7423743830504694,0.5677985214684971,0.8111702127659575,10.5,,,,,,,,5.0,1.0
USD,SMH,MHT,MHT5_1,5Y,2021-07-20,2026-07-20,4.537080491999318,55370.804919993185,0.41009516355218545,0.6104005646176118,0.8722805534377566,-0.7423743830504694,0.5524101759372072,0.7155378486055777,14.5,,,,,,,,5.0,1.0
USD,SMH,MHT,MHT5_1,10Y,2016-07-20,2026-07-20,21.178607183400928,221786.0718340093,0.36448365901836843,0.5395321470953371,0.8492366637760823,-0.7423743830504692,0.490970145710954,0.7739753282928771,26.5,,,,,,,,5.0,1.0
USD,SMH,MHT,MHT5_1,MAX,2007-02-01,2026-07-20,36.62052423761832,376205.2423761832,0.2052802589492948,0.455828184519253,0.6396603691261198,-0.7423743830504694,0.2765185109240752,0.7150735294117647,57.5,,,,,,,,5.0,1.0
USD,SMH,MHT,MHT5_2,1Y,2025-07-21,2026-07-20,1.104676478356856,21046.76478356856,1.1109256568838535,0.7008153863429667,1.42067040733493,-0.3092144329373945,3.592735456526308,0.9880478087649402,1.5,,,,,,,,5.0,2.0
USD,SMH,MHT,MHT5_2,3Y,2023-07-20,2026-07-20,2.5278357853614772,35278.35785361477,0.5257154588021435,0.6315532133066447,0.9905524009689936,-0.7290733310810033,0.7210735002783064,0.7752659574468085,14.5,,,,,,,,5.0,2.0
USD,SMH,MHT,MHT5_2,5Y,2021-07-20,2026-07-20,5.8563895857400645,68563.89585740064,0.4719237364913005,0.5771330888990907,0.9613636944089197,-0.7290733310810029,0.6472925512054807,0.6812749003984063,20.5,,,,,,,,5.0,2.0
USD,SMH,MHT,MHT5_2,10Y,2016-07-20,2026-07-20,23.328319879750566,243283.19879750567,0.3772009556765137,0.5124828770447183,0.8834838852569173,-0.7290733310810034,0.517370392793321,0.7397532829287704,40.5,,,,,,,,5.0,2.0
USD,SMH,MHT,MHT5_2,MAX,2007-02-01,2026-07-20,54.08409617811205,550840.9617811205,0.22916912847777882,0.4345217477222934,0.6938261645036508,-0.7290733310810031,0.3143293256084238,0.6813725490196079,77.5,,,,,,,,5.0,2.0
USD,SMH,MHT,MHT5_3,1Y,2025-07-21,2026-07-20,0.6776858460927806,16776.858460927808,0.6811478212991526,0.6202972216085696,1.1515385976427777,-0.3326391804774842,2.047707730404472,0.8645418326693227,6.0,,,,,,,,5.0,3.0
USD,SMH,MHT,MHT5_3,3Y,2023-07-20,2026-07-20,1.062359803845256,20623.59803845256,0.27451669566385783,0.565895306652475,0.7180943238816915,-0.7310562578843278,0.3755069363037907,0.6835106382978723,23.0,,,,,,,,5.0,3.0
USD,SMH,MHT,MHT5_3,5Y,2021-07-20,2026-07-20,3.287921508436307,42879.21508436307,0.3395321690396682,0.5285661043887496,0.8204779959134664,-0.731056257884328,0.46444054801236784,0.6119521912350597,31.0,,,,,,,,5.0,3.0
USD,SMH,MHT,MHT5_3,10Y,2016-07-20,2026-07-20,7.253951091774558,82539.51091774559,0.23572412845876545,0.47481253180921085,0.6859009572840332,-0.7310562578843279,0.32244321270287674,0.6748905690409869,68.0,,,,,,,,5.0,3.0
USD,SMH,MHT,MHT5_3,MAX,2007-02-01,2026-07-20,10.16160844537972,111616.0844537972,0.13221033229712997,0.40387729557867275,0.5111103278753655,-0.7310562578843278,0.18084836956289224,0.6158088235294118,140.0,,,,,,,,5.0,3.0
USD,SMH,MHT,MHT6_1,1Y,2025-07-21,2026-07-20,0.6510616718875393,16510.616718875393,0.6543632669566033,0.6868623278465242,1.0805122247989267,-0.30921443293739437,2.11621191397974,0.9800796812749004,1.5,,,,,,,,6.0,1.0
USD,SMH,MHT,MHT6_1,3Y,2023-07-20,2026-07-20,1.9788263205798993,29788.263205798994,0.4416358263475648,0.6286082494088631,0.902859997911926,-0.6694110301778979,0.6597378985975161,0.7194148936170213,6.5,,,,,,,,6.0,1.0
USD,SMH,MHT,MHT6_1,5Y,2021-07-20,2026-07-20,5.2181725912408465,62181.72591240847,0.44332772812460086,0.5675589672625145,0.9341360436037952,-0.6694110301778978,0.6622653469076918,0.6358565737051792,9.5,,,,,,,,6.0,1.0
USD,SMH,MHT,MHT6_1,10Y,2016-07-20,2026-07-20,17.89606118843496,188960.6118843496,0.3427422791529626,0.5055082327669291,0.8390150557220176,-0.6694110301778982,0.5120057239897552,0.7023477914842817,19.5,,,,,,,,6.0,1.0
USD,SMH,MHT,MHT6_1,MAX,2007-02-01,2026-07-20,23.76244780107145,247624.4780107145,0.17961252469374078,0.4215980250683279,0.6046992013164372,-0.6694110301778979,0.26831425924668173,0.6237745098039216,40.5,,,,,,,,6.0,1.0
USD,SMH,MHT,MHT6_2,1Y,2025-07-21,2026-07-20,0.7167775146209547,17167.775146209548,0.7204780337262033,0.6856212811924752,1.138521031245081,-0.30921443293739437,2.330027181726269,0.9760956175298805,1.5,,,,,,,,6.0,2.0
USD,SMH,MHT,MHT6_2,3Y,2023-07-20,2026-07-20,2.712654396237826,37126.54396237826,0.5520471837621039,0.5878938282634286,1.0469951763486098,-0.6338808494893682,0.8709005552176146,0.6981382978723404,7.5,,,,,,,,6.0,2.0
USD,SMH,MHT,MHT6_2,5Y,2021-07-20,2026-07-20,5.883082455939335,68830.82455939335,0.47307259707032845,0.5385155491075647,0.9912807105786772,-0.633880849489368,0.7463115464860929,0.6119521912350597,11.5,,,,,,,,6.0,2.0
USD,SMH,MHT,MHT6_2,10Y,2016-07-20,2026-07-20,23.247747025753164,242477.47025753165,0.3767428877058696,0.4795827917231014,0.9089901661077858,-0.633880849489368,0.5943433817402125,0.6764822920811778,23.5,,,,,,,,6.0,2.0
USD,SMH,MHT,MHT6_2,MAX,2007-02-01,2026-07-20,41.8461509142305,428461.509142305,0.21337616879671972,0.40045885127873415,0.6848273442434663,-0.6338808494893682,0.33661873358156813,0.596609477124183,47.5,,,,,,,,6.0,2.0
USD,SMH,MHT,MHT6_3,1Y,2025-07-21,2026-07-20,0.4344805865075372,14344.805865075372,0.4365440797870652,0.5905727977133824,0.9130204051060947,-0.3380482057822387,1.2913663563955575,0.8047808764940239,5.0,,,,,,,,6.0,3.0
USD,SMH,MHT,MHT6_3,3Y,2023-07-20,2026-07-20,1.5883990054607193,25883.990054607195,0.3753378641408145,0.5151308440219822,0.8821677000881687,-0.5987165066439972,0.6269041524255053,0.5957446808510638,13.0,,,,,,,,6.0,3.0
USD,SMH,MHT,MHT6_3,5Y,2021-07-20,2026-07-20,4.133634430668114,51336.344306681145,0.38883631384136885,0.48508387570346306,0.9225082908224783,-0.5987165066439971,0.6494497972352963,0.5362549800796813,19.0,,,,,,,,6.0,3.0
USD,SMH,MHT,MHT6_3,10Y,2016-07-20,2026-07-20,9.032605168199566,100326.05168199567,0.2601444105395623,0.4401006606081714,0.7479798407609807,-0.5987165066439968,0.4345034881329018,0.6040588937524871,43.0,,,,,,,,6.0,3.0
USD,SMH,MHT,MHT6_3,MAX,2007-02-01,2026-07-20,7.811858269939437,88118.58269939436,0.11851852243479577,0.3676504294727465,0.4902271200754514,-0.5987165066439969,0.1979543258279801,0.5257352941176471,86.0,,,,,,,,6.0,3.0
SOXL,SOXL,BUY_HOLD,BUY_HOLD,1Y,2025-07-21,2026-07-20,4.656214791163032,56562.14791163032,4.695397028072951,1.2555705734973974,2.0198914811164177,-0.5832052419746299,8.051019932837308,1.0,0.5,,,,,,,,,
SOXL,SOXL,BUY_HOLD,BUY_HOLD,3Y,2023-07-20,2026-07-20,5.1565274394089755,61565.274394089756,0.8387025205233065,1.1231817825900774,1.1109043999798245,-0.886575211645948,0.946002673553477,1.0,0.5,,,,,,,,,
SOXL,SOXL,BUY_HOLD,BUY_HOLD,5Y,2021-07-20,2026-07-20,3.313292905042368,43132.92905042368,0.3411199225323591,1.1153489479819922,0.8238080646741993,-0.9129141124900403,0.37366047678015346,1.0,0.5,,,,,,,,,
SOXL,SOXL,BUY_HOLD,BUY_HOLD,10Y,2016-07-20,2026-07-20,76.44279119933906,774427.9119933905,0.5467647932314945,0.9941040894587282,0.9401224322623973,-0.9129141124900405,0.5989224898059176,1.0,0.5,,,,,,,,,
SOXL,SOXL,BUY_HOLD,BUY_HOLD,MAX,2010-03-11,2026-07-20,265.36672456276006,2663667.2456276007,0.40789726611824006,0.8977985272484114,0.8331114715676929,-0.9129141124900404,0.44680793136790303,1.0,0.5,,,,,,,,,
SOXL,SOXX,MA_REGIME,MA20_EXIT100,1Y,2025-07-21,2026-07-20,4.866347900389641,58663.47900389641,4.907844304037946,1.2371798537793488,2.061775212520184,-0.5832052419746296,8.415295252526974,0.9880478087649402,1.5,20.0,100.0,,,,,,,
SOXL,SOXX,MA_REGIME,MA20_EXIT100,3Y,2023-07-20,2026-07-20,3.6140732694003583,46140.732694003585,0.6693175155822653,0.9255337318515118,1.019438209714951,-0.8091440142526036,0.8271920743311753,0.7553191489361702,40.5,20.0,100.0,,,,,,,
SOXL,SOXX,MA_REGIME,MA20_EXIT100,5Y,2021-07-20,2026-07-20,6.9411688529316224,79411.68852931622,0.5159815837550215,0.8621965324916813,0.914740846481145,-0.8091440142526038,0.6376881922949491,0.7107569721115538,76.5,20.0,100.0,,,,,,,
SOXL,SOXX,MA_REGIME,MA20_EXIT100,10Y,2016-07-20,2026-07-20,54.63544574649645,556354.4574649645,0.49630913577576496,0.7730271222937252,0.9111818276297218,-0.8091440142526037,0.6133755265237913,0.7711898129725427,126.5,20.0,100.0,,,,,,,
SOXL,SOXX,MA_REGIME,MA20_EXIT100,MAX,2010-03-11,2026-07-20,86.2542796446622,872542.796446622,0.3148658421252071,0.684188121323727,0.7450308213096906,-0.8091440142526034,0.3891344885200008,0.7486631016042781,225.5,20.0,100.0,,,,,,,
SOXL,SOXX,MA_REGIME,MA20_EXIT150,1Y,2025-07-21,2026-07-20,4.656214791163032,56562.14791163032,4.695397028072951,1.2555705734973974,2.0198914811164177,-0.5832052419746299,8.051019932837308,1.0,0.5,20.0,150.0,,,,,,,
SOXL,SOXX,MA_REGIME,MA20_EXIT150,3Y,2023-07-20,2026-07-20,4.664807585905082,56648.07585905083,0.788122037687681,0.9477054319274049,1.0911005977607302,-0.816560291768775,0.9651731116884301,0.7819148936170213,37.5,20.0,150.0,,,,,,,
SOXL,SOXX,MA_REGIME,MA20_EXIT150,5Y,2021-07-20,2026-07-20,3.9742071375392953,49742.07137539295,0.3800662390195353,0.8772316043603658,0.8078479023368281,-0.8165602917687752,0.46544785835258123,0.7187250996015936,82.5,20.0,150.0,,,,,,,
SOXL,SOXX,MA_REGIME,MA20_EXIT150,10Y,2016-07-20,2026-07-20,36.830410385632675,378304.1038563267,0.43953959669244735,0.8000624785619939,0.8590716898624282,-0.8165602917687753,0.5382818649439194,0.8022284122562674,118.5,20.0,150.0,,,,,,,
SOXL,SOXX,MA_REGIME,MA20_EXIT150,MAX,2010-03-11,2026-07-20,89.09628571998137,900962.8571998137,0.3174499087088958,0.7058139648922066,0.7464746059660247,-0.8165602917687753,0.38876481248097206,0.7751579970831308,228.5,20.0,150.0,,,,,,,
SOXL,SOXX,MA_REGIME,MA20_EXIT160,1Y,2025-07-21,2026-07-20,4.656214791163032,56562.14791163032,4.695397028072951,1.2555705734973974,2.0198914811164177,-0.5832052419746299,8.051019932837308,1.0,0.5,20.0,160.0,,,,,,,
SOXL,SOXX,MA_REGIME,MA20_EXIT160,3Y,2023-07-20,2026-07-20,3.7090556111193367,47090.556111193364,0.6807550242076668,0.9647193290360262,1.0268501679263247,-0.8452621830637742,0.8053773584666623,0.7912234042553191,34.5,20.0,160.0,,,,,,,
SOXL,SOXX,MA_REGIME,MA20_EXIT160,5Y,2021-07-20,2026-07-20,4.3217372483251495,53217.37248325149,0.39890819476829087,0.8848201000188272,0.8250862339807353,-0.8452621830637742,0.471934274076229,0.7243027888446215,78.5,20.0,160.0,,,,,,,
SOXL,SOXX,MA_REGIME,MA20_EXIT160,10Y,2016-07-20,2026-07-20,48.13686297989602,491368.62979896023,0.4777871531578932,0.8070606776904158,0.8917544983309826,-0.8452621830637742,0.5652531992216723,0.8105849582172702,112.5,20.0,160.0,,,,,,,
SOXL,SOXX,MA_REGIME,MA20_EXIT160,MAX,2010-03-11,2026-07-20,106.86896070178001,1078689.6070178002,0.3320592962147557,0.7119208631782342,0.7621950533404961,-0.8452621830637743,0.3928476901819493,0.7805055906660184,227.5,20.0,160.0,,,,,,,
SOXL,SOXX,MA_REGIME,MA20_EXIT200,1Y,2025-07-21,2026-07-20,4.656214791163032,56562.14791163032,4.695397028072951,1.2555705734973974,2.0198914811164177,-0.5832052419746299,8.051019932837308,1.0,0.5,20.0,200.0,,,,,,,
SOXL,SOXX,MA_REGIME,MA20_EXIT200,3Y,2023-07-20,2026-07-20,2.497666156523659,34976.661565236594,0.5213305890602167,0.9784844523121137,0.9253641517514816,-0.877036685656221,0.5944227848007795,0.8257978723404256,30.5,20.0,200.0,,,,,,,
SOXL,SOXX,MA_REGIME,MA20_EXIT200,5Y,2021-07-20,2026-07-20,4.4352718670459055,54352.71867045906,0.4048504278557856,0.8888854781097159,0.8312241597691507,-0.8770366856562208,0.4616117369741112,0.749800796812749,79.5,20.0,200.0,,,,,,,
SOXL,SOXX,MA_REGIME,MA20_EXIT200,10Y,2016-07-20,2026-07-20,50.494666983498675,514946.66983498674,0.4847489929682154,0.820937087428972,0.8966177909902194,-0.877036685656221,0.5527123333564022,0.8340628730600875,108.5,20.0,200.0,,,,,,,
SOXL,SOXX,MA_REGIME,MA20_EXIT200,MAX,2010-03-11,2026-07-20,45.285479052218584,462854.79052218585,0.2647817085719699,0.7244372195687327,0.690197759936884,-0.877036685656221,0.301904940696812,0.800923675255226,224.5,20.0,200.0,,,,,,,
SOXL,SOXX,MA_REGIME,MA20_EXIT250,1Y,2025-07-21,2026-07-20,4.656214791163032,56562.14791163032,4.695397028072951,1.2555705734973974,2.0198914811164177,-0.5832052419746299,8.051019932837308,1.0,0.5,20.0,250.0,,,,,,,
SOXL,SOXX,MA_REGIME,MA20_EXIT250,3Y,2023-07-20,2026-07-20,3.3779759228367174,43779.75922836718,0.6401924147226861,0.9994359483932488,1.0012654448644447,-0.879706568682413,0.7277340394099125,0.8537234042553191,28.5,20.0,250.0,,,,,,,
SOXL,SOXX,MA_REGIME,MA20_EXIT250,5Y,2021-07-20,2026-07-20,2.9215534982079565,39215.53498207957,0.31572311276683585,0.9142285606423217,0.7621827011492796,-0.8797065686824131,0.3588959364481186,0.7705179282868526,79.5,20.0,250.0,,,,,,,
SOXL,SOXX,MA_REGIME,MA20_EXIT250,10Y,2016-07-20,2026-07-20,55.00346363663599,560034.6363663599,0.4972987316296551,0.8368532222992036,0.9057820239960672,-0.879706568682413,0.5653006915413715,0.8487863111818543,105.5,20.0,250.0,,,,,,,
SOXL,SOXX,MA_REGIME,MA20_EXIT250,MAX,2010-03-11,2026-07-20,38.93527746304671,399352.7746304671,0.253400634035148,0.7400389744762023,0.6791408598919646,-0.879706568682413,0.28805131512736193,0.8150218765192028,212.5,20.0,250.0,,,,,,,
SOXL,SOXX,MA_REGIME,MA30_EXIT100,1Y,2025-07-21,2026-07-20,3.974489487854016,49744.89487854016,4.006386883294019,1.2271470110679779,1.9333613384015709,-0.5832052419746298,6.8696002623863635,0.9800796812749004,1.5,30.0,100.0,,,,,,,
SOXL,SOXX,MA_REGIME,MA30_EXIT100,3Y,2023-07-20,2026-07-20,2.090233153281804,30902.33153281804,0.4594835173067984,0.9132803079930394,0.8741918236938985,-0.8350696371487979,0.5502337731684582,0.7473404255319149,39.5,30.0,100.0,,,,,,,
SOXL,SOXX,MA_REGIME,MA30_EXIT100,5Y,2021-07-20,2026-07-20,2.6260132779686938,36260.13277968694,0.2951845002700597,0.858272876856017,0.7326752899042599,-0.8350696371487979,0.353484891724619,0.69800796812749,68.5,30.0,100.0,,,,,,,
SOXL,SOXX,MA_REGIME,MA30_EXIT100,10Y,2016-07-20,2026-07-20,51.986502701861994,529865.0270186199,0.4890071885494476,0.7662940367478586,0.9065834890427504,-0.8350696371487979,0.5855885147723473,0.7572622363708714,106.5,30.0,100.0,,,,,,,
SOXL,SOXX,MA_REGIME,MA30_EXIT100,MAX,2010-03-11,2026-07-20,63.42537670623902,644253.7670623902,0.29066173514645866,0.6769637332266819,0.7187317620581732,-0.8350696371487979,0.3480688582318396,0.7340787554691298,192.5,30.0,100.0,,,,,,,
SOXL,SOXX,MA_REGIME,MA30_EXIT150,1Y,2025-07-21,2026-07-20,4.656214791163032,56562.14791163032,4.695397028072951,1.2555705734973974,2.0198914811164177,-0.5832052419746299,8.051019932837308,1.0,0.5,30.0,150.0,,,,,,,
SOXL,SOXX,MA_REGIME,MA30_EXIT150,3Y,2023-07-20,2026-07-20,2.7734792329816247,37734.79232981625,0.5605220642619877,0.9392843484672617,0.9475115806688134,-0.8476917445882776,0.6612333644162505,0.7779255319148937,35.5,30.0,150.0,,,,,,,
SOXL,SOXX,MA_REGIME,MA30_EXIT150,5Y,2021-07-20,2026-07-20,1.5661690478681978,25661.690478681976,0.20832337278593993,0.8743416168626101,0.6565165521122303,-0.8644145217619768,0.2409993903865759,0.7091633466135459,73.5,30.0,150.0,,,,,,,
SOXL,SOXX,MA_REGIME,MA30_EXIT150,10Y,2016-07-20,2026-07-20,28.021641538070483,290216.41538070486,0.40177929456201356,0.7928695396827582,0.8265047026064091,-0.8644145217619763,0.4647993346329353,0.7890966971746916,101.5,30.0,150.0,,,,,,,
SOXL,SOXX,MA_REGIME,MA30_EXIT150,MAX,2010-03-11,2026-07-20,56.37780967832715,573778.0967832714,0.2815352286426247,0.6983915123194044,0.7077364663971291,-0.8644145217619766,0.32569470034903886,0.7642197374817695,198.5,30.0,150.0,,,,,,,
SOXL,SOXX,MA_REGIME,MA30_EXIT160,1Y,2025-07-21,2026-07-20,4.656214791163032,56562.14791163032,4.695397028072951,1.2555705734973974,2.0198914811164177,-0.5832052419746299,8.051019932837308,1.0,0.5,30.0,160.0,,,,,,,
SOXL,SOXX,MA_REGIME,MA30_EXIT160,3Y,2023-07-20,2026-07-20,2.136827383109669,31368.273831096692,0.46682119263348243,0.9564221047305367,0.8851353761815611,-0.8715226535681802,0.5356386213510657,0.7872340425531915,32.5,30.0,160.0,,,,,,,
SOXL,SOXX,MA_REGIME,MA30_EXIT160,5Y,2021-07-20,2026-07-20,1.7454581262763855,27454.581262763855,0.22482053420943382,0.8819679335585398,0.6750845395222682,-0.8715226535681802,0.25796292648157293,0.7147410358565737,69.5,30.0,160.0,,,,,,,
SOXL,SOXX,MA_REGIME,MA30_EXIT160,10Y,2016-07-20,2026-07-20,33.77404155836418,347740.4155836418,0.4274300521802499,0.8009295099247951,0.8495188348271484,-0.87152265356818,0.49044055301404926,0.7994428969359332,96.5,30.0,160.0,,,,,,,
SOXL,SOXX,MA_REGIME,MA30_EXIT160,MAX,2010-03-11,2026-07-20,60.949486488072374,619494.8648807238,0.28756728281380495,0.7050876262893341,0.7148978777265259,-0.87152265356818,0.32995961910622706,0.7705396208070004,199.5,30.0,160.0,,,,,,,
SOXL,SOXX,MA_REGIME,MA30_EXIT200,1Y,2025-07-21,2026-07-20,4.656214791163032,56562.14791163032,4.695397028072951,1.2555705734973974,2.0198914811164177,-0.5832052419746299,8.051019932837308,1.0,0.5,30.0,200.0,,,,,,,
SOXL,SOXX,MA_REGIME,MA30_EXIT200,3Y,2023-07-20,2026-07-20,1.8449466888168784,28449.466888168783,0.4195906824782598,0.970900276698525,0.8539674096915245,-0.8838687222114716,0.4747205913435071,0.8191489361702128,27.5,30.0,200.0,,,,,,,
SOXL,SOXX,MA_REGIME,MA30_EXIT200,5Y,2021-07-20,2026-07-20,4.040983815608485,50409.83815608486,0.38376656798479103,0.8880940711275276,0.8146812466413,-0.8838687222114716,0.43418955591571695,0.7370517928286853,70.5,30.0,200.0,,,,,,,
SOXL,SOXX,MA_REGIME,MA30_EXIT200,10Y,2016-07-20,2026-07-20,68.18769748387703,691876.9748387703,0.529380084905372,0.8161638044154028,0.9335886772666318,-0.8838687222114716,0.5989351943361496,0.8217270194986073,91.5,30.0,200.0,,,,,,,
SOXL,SOXX,MA_REGIME,MA30_EXIT200,MAX,2010-03-11,2026-07-20,48.355732645843446,493557.32645843446,0.2697672784984362,0.7190306521932875,0.6956697424432007,-0.8838687222114716,0.3052119299158688,0.7892561983471075,198.5,30.0,200.0,,,,,,,
SOXL,SOXX,MA_REGIME,MA30_EXIT250,1Y,2025-07-21,2026-07-20,4.656214791163032,56562.14791163032,4.695397028072951,1.2555705734973974,2.0198914811164177,-0.5832052419746299,8.051019932837308,1.0,0.5,30.0,250.0,,,,,,,
SOXL,SOXX,MA_REGIME,MA30_EXIT250,3Y,2023-07-20,2026-07-20,1.4191356197272151,24191.35619727215,0.3445191346928964,0.9923345605896491,0.8012254618123096,-0.8937968730331911,0.3854557395392708,0.848404255319149,25.5,30.0,250.0,,,,,,,
SOXL,SOXX,MA_REGIME,MA30_EXIT250,5Y,2021-07-20,2026-07-20,1.0781086735738081,20781.08673573808,0.1582085673547362,0.9140304813413389,0.6232057145771104,-0.8937968730331912,0.1770072956485507,0.7609561752988048,70.5,30.0,250.0,,,,,,,
SOXL,SOXX,MA_REGIME,MA30_EXIT250,10Y,2016-07-20,2026-07-20,42.0247683130192,430247.683130192,0.4582330224507307,0.8330094761858917,0.8745685561316248,-0.8937968730331911,0.5126813891121258,0.8400318344608039,88.5,30.0,250.0,,,,,,,
SOXL,SOXX,MA_REGIME,MA30_EXIT250,MAX,2010-03-11,2026-07-20,21.562992713672237,225629.92713672237,0.21032305226805725,0.7359429731912147,0.6315755523510288,-0.8937968730331911,0.23531415091474248,0.8072435585804569,185.5,30.0,250.0,,,,,,,
SOXL,SOXX,MA_REGIME,MA40_EXIT100,1Y,2025-07-21,2026-07-20,3.974489487854016,49744.89487854016,4.006386883294019,1.2271470110679779,1.9333613384015709,-0.5832052419746298,6.8696002623863635,0.9800796812749004,1.5,40.0,100.0,,,,,,,
SOXL,SOXX,MA_REGIME,MA40_EXIT100,3Y,2023-07-20,2026-07-20,3.3002440139116125,43002.44013911612,0.6303752781265173,0.9107437037075653,0.9953160212129557,-0.787015603135715,0.8009692255336567,0.7300531914893617,31.5,40.0,100.0,,,,,,,
SOXL,SOXX,MA_REGIME,MA40_EXIT100,5Y,2021-07-20,2026-07-20,2.88134185530669,38813.4185530669,0.3130029063355868,0.8489514599892743,0.7466031252250089,-0.787015603135715,0.39770864146591994,0.6836653386454183,54.5,40.0,100.0,,,,,,,
SOXL,SOXX,MA_REGIME,MA40_EXIT100,10Y,2016-07-20,2026-07-20,48.8309628299211,498309.628299211,0.4798672830421058,0.7614793188194143,0.8989049422805799,-0.7936996308248472,0.6045955729416264,0.7508953442101074,90.5,40.0,100.0,,,,,,,
SOXL,SOXX,MA_REGIME,MA40_EXIT100,MAX,2010-03-11,2026-07-20,92.67007821335287,936700.7821335286,0.32059284767756613,0.6712196690518479,0.7527760599987909,-0.7936996308248475,0.4039221327901992,0.7282450170150705,165.5,40.0,100.0,,,,,,,
SOXL,SOXX,MA_REGIME,MA40_EXIT150,1Y,2025-07-21,2026-07-20,4.656214791163032,56562.14791163032,4.695397028072951,1.2555705734973974,2.0198914811164177,-0.5832052419746299,8.051019932837308,1.0,0.5,40.0,150.0,,,,,,,
SOXL,SOXX,MA_REGIME,MA40_EXIT150,3Y,2023-07-20,2026-07-20,5.706874839021229,67068.74839021229,0.8922224695126211,0.9333641307023338,1.1527889095871442,-0.7668562299426109,1.163480760375895,0.7659574468085106,30.5,40.0,150.0,,,,,,,
SOXL,SOXX,MA_REGIME,MA40_EXIT150,5Y,2021-07-20,2026-07-20,4.4486150145302865,54486.15014530287,0.40554225611377803,0.8581153984176498,0.826384207841613,-0.7885390901720736,0.5142956908138585,0.6964143426294821,65.5,40.0,150.0,,,,,,,
SOXL,SOXX,MA_REGIME,MA40_EXIT150,10Y,2016-07-20,2026-07-20,46.86245608470081,478624.5608470081,0.4738981144473675,0.7818458625169754,0.8899014548821019,-0.7885390901720732,0.6009823994191011,0.7767608436132113,91.5,40.0,150.0,,,,,,,
SOXL,SOXX,MA_REGIME,MA40_EXIT150,MAX,2010-03-11,2026-07-20,173.2967686476349,1742967.6864763491,0.37179275781298493,0.6887475642378428,0.8056777533572806,-0.7885390901720732,0.4714956588034883,0.7542537676227515,178.5,40.0,150.0,,,,,,,
SOXL,SOXX,MA_REGIME,MA40_EXIT160,1Y,2025-07-21,2026-07-20,4.656214791163032,56562.14791163032,4.695397028072951,1.2555705734973974,2.0198914811164177,-0.5832052419746299,8.051019932837308,1.0,0.5,40.0,160.0,,,,,,,
SOXL,SOXX,MA_REGIME,MA40_EXIT160,3Y,2023-07-20,2026-07-20,4.8468618230539455,58468.618230539454,0.8071771874970488,0.9502324540468804,1.1030662056731002,-0.7937562000165959,1.016908198613343,0.773936170212766,28.5,40.0,160.0,,,,,,,
SOXL,SOXX,MA_REGIME,MA40_EXIT160,5Y,2021-07-20,2026-07-20,5.13815977169445,61381.597716944496,0.43957917860618867,0.8690340955085618,0.856012862138196,-0.793756200016596,0.5537962142494104,0.701195219123506,62.5,40.0,160.0,,,,,,,
SOXL,SOXX,MA_REGIME,MA40_EXIT160,10Y,2016-07-20,2026-07-20,69.37898244995446,703789.8244995447,0.5320004978153257,0.7910041176685143,0.9384608052046151,-0.7937562000165959,0.6702316124323849,0.7859132510943095,86.5,40.0,160.0,,,,,,,
SOXL,SOXX,MA_REGIME,MA40_EXIT160,MAX,2010-03-11,2026-07-20,197.64504305970706,1986450.4305970706,0.38282440797531825,0.6965194196736318,0.816602665352432,-0.7937562000165961,0.48229469951518367,0.7600875060768109,179.5,40.0,160.0,,,,,,,
SOXL,SOXX,MA_REGIME,MA40_EXIT200,1Y,2025-07-21,2026-07-20,4.656214791163032,56562.14791163032,4.695397028072951,1.2555705734973974,2.0198914811164177,-0.5832052419746299,8.051019932837308,1.0,0.5,40.0,200.0,,,,,,,
SOXL,SOXX,MA_REGIME,MA40_EXIT200,3Y,2023-07-20,2026-07-20,4.221238870414417,52212.38870414416,0.7399248960304741,0.9647918822230408,1.0629052132412344,-0.8164430772533099,0.9062786085709007,0.8045212765957447,22.5,40.0,200.0,,,,,,,
SOXL,SOXX,MA_REGIME,MA40_EXIT200,5Y,2021-07-20,2026-07-20,4.627891259754289,56278.91259754289,0.4147087007162995,0.8691227683584489,0.8377619267433974,-0.8164430772533099,0.5079456391638089,0.7243027888446215,61.5,40.0,200.0,,,,,,,
SOXL,SOXX,MA_REGIME,MA40_EXIT200,10Y,2016-07-20,2026-07-20,75.20385429249951,762038.5429249952,0.544265330212649,0.8033414418433098,0.9470920095442235,-0.8164430772533099,0.6666298550092122,0.8097890966971747,79.5,40.0,200.0,,,,,,,
SOXL,SOXX,MA_REGIME,MA40_EXIT200,MAX,2010-03-11,2026-07-20,69.30740887999744,703074.0887999744,0.2975875610258416,0.7092046879606366,0.7254874388824983,-0.8297230151954301,0.3586589205986396,0.7807486631016043,176.5,40.0,200.0,,,,,,,
SOXL,SOXX,MA_REGIME,MA40_EXIT250,1Y,2025-07-21,2026-07-20,4.656214791163032,56562.14791163032,4.695397028072951,1.2555705734973974,2.0198914811164177,-0.5832052419746299,8.051019932837308,1.0,0.5,40.0,250.0,,,,,,,
SOXL,SOXX,MA_REGIME,MA40_EXIT250,3Y,2023-07-20,2026-07-20,5.750973060025847,67509.73060025847,0.8963826183846979,0.9848679109093403,1.1478894748998536,-0.8145038418582946,1.1005259549661504,0.8271276595744681,21.5,40.0,250.0,,,,,,,
SOXL,SOXX,MA_REGIME,MA40_EXIT250,5Y,2021-07-20,2026-07-20,4.006306720106088,50063.06720106088,0.3818499119627925,0.8850616564579239,0.8115775173688431,-0.8171833608329425,0.4672756816457676,0.7386454183266933,63.5,40.0,250.0,,,,,,,
SOXL,SOXX,MA_REGIME,MA40_EXIT250,10Y,2016-07-20,2026-07-20,97.93149997869205,989314.9997869205,0.5852189775924239,0.8149469694850795,0.9770601322876077,-0.8171833608329425,0.7161415731665401,0.8249104655789893,78.5,40.0,250.0,,,,,,,
SOXL,SOXX,MA_REGIME,MA40_EXIT250,MAX,2010-03-11,2026-07-20,62.8096866780292,638096.866780292,0.2899027913245169,0.7226066745439207,0.7169594321551355,-0.8666999962943236,0.3344903571755278,0.7965483714146816,166.5,40.0,250.0,,,,,,,
SOXL,SOXX,MA_REGIME,MA50_EXIT100,1Y,2025-07-21,2026-07-20,3.974489487854016,49744.89487854016,4.006386883294019,1.2271470110679779,1.9333613384015709,-0.5832052419746298,6.8696002623863635,0.9800796812749004,1.5,50.0,100.0,,,,,,,
SOXL,SOXX,MA_REGIME,MA50_EXIT100,3Y,2023-07-20,2026-07-20,3.1394368992264736,41394.36899226474,0.6096852198956046,0.9052441342132419,0.9820154856113065,-0.7873307992918526,0.7743698334219525,0.7220744680851063,28.5,50.0,100.0,,,,,,,
SOXL,SOXX,MA_REGIME,MA50_EXIT100,5Y,2021-07-20,2026-07-20,2.524290554072548,35242.90554072548,0.2878054386982898,0.8421726259799267,0.7230733337713511,-0.7873307992918531,0.3655457641910489,0.6780876494023904,48.5,50.0,100.0,,,,,,,
SOXL,SOXX,MA_REGIME,MA50_EXIT100,10Y,2016-07-20,2026-07-20,23.68944705811076,246894.47058110757,0.37923739167654524,0.7596993659229468,0.8069314870876116,-0.8119862229826076,0.46704904706821404,0.7504974134500597,83.5,50.0,100.0,,,,,,,
SOXL,SOXX,MA_REGIME,MA50_EXIT100,MAX,2010-03-11,2026-07-20,38.789320172785935,397893.2017278593,0.25311954662227,0.6680777577283897,0.6751615561671634,-0.8119862229826079,0.3117288686161509,0.7211959163830821,140.5,50.0,100.0,,,,,,,
SOXL,SOXX,MA_REGIME,MA50_EXIT150,1Y,2025-07-21,2026-07-20,4.656214791163032,56562.14791163032,4.695397028072951,1.2555705734973974,2.0198914811164177,-0.5832052419746299,8.051019932837308,1.0,0.5,50.0,150.0,,,,,,,
SOXL,SOXX,MA_REGIME,MA50_EXIT150,3Y,2023-07-20,2026-07-20,5.2068215844653345,62068.21584465334,0.8437224779875729,0.9240549175540147,1.1270341632504628,-0.7183991181510425,1.1744480980977225,0.7579787234042553,28.5,50.0,150.0,,,,,,,
SOXL,SOXX,MA_REGIME,MA50_EXIT150,5Y,2021-07-20,2026-07-20,4.536432399011459,55364.32399011459,0.41006202129849356,0.848180423838677,0.8300438475266783,-0.7734113317692897,0.5301991378383579,0.6916334661354582,60.5,50.0,150.0,,,,,,,
SOXL,SOXX,MA_REGIME,MA50_EXIT150,10Y,2016-07-20,2026-07-20,33.27437811836495,342743.7811836495,0.4253598670805654,0.7779191573619452,0.8477804747593158,-0.7734113317692894,0.5499788399886689,0.775567051333068,84.5,50.0,150.0,,,,,,,
SOXL,SOXX,MA_REGIME,MA50_EXIT150,MAX,2010-03-11,2026-07-20,122.25059425433233,1232505.9425433234,0.34298054495998587,0.6854571093866403,0.7757279811270363,-0.7734113317692894,0.4434645975193674,0.7501215362177929,157.5,50.0,150.0,,,,,,,
SOXL,SOXX,MA_REGIME,MA50_EXIT160,1Y,2025-07-21,2026-07-20,4.656214791163032,56562.14791163032,4.695397028072951,1.2555705734973974,2.0198914811164177,-0.5832052419746299,8.051019932837308,1.0,0.5,50.0,160.0,,,,,,,
SOXL,SOXX,MA_REGIME,MA50_EXIT160,3Y,2023-07-20,2026-07-20,3.662611879837903,46626.11879837903,0.6751817570761649,0.9368479015830273,1.0246762029544252,-0.7853413108822104,0.8597303461824793,0.7646276595744681,27.5,50.0,160.0,,,,,,,
SOXL,SOXX,MA_REGIME,MA50_EXIT160,5Y,2021-07-20,2026-07-20,3.389976851203305,43899.76851203305,0.3458738907739707,0.8563977454405955,0.7777057221163995,-0.7853413108822103,0.44041219528542885,0.6956175298804781,58.5,50.0,160.0,,,,,,,
SOXL,SOXX,MA_REGIME,MA50_EXIT160,10Y,2016-07-20,2026-07-20,34.472986131532814,354729.86131532816,0.43028143418813025,0.7855880619942281,0.8525107507823252,-0.7853413108822103,0.5478909974884362,0.7843215280541186,80.5,50.0,160.0,,,,,,,
SOXL,SOXX,MA_REGIME,MA50_EXIT160,MAX,2010-03-11,2026-07-20,108.75427698149353,1097542.7698149353,0.33347381953150523,0.691848450172155,0.7654435000759849,-0.7853413108822103,0.4246227912764434,0.7554691298006806,157.5,50.0,160.0,,,,,,,
SOXL,SOXX,MA_REGIME,MA50_EXIT200,1Y,2025-07-21,2026-07-20,4.656214791163032,56562.14791163032,4.695397028072951,1.2555705734973974,2.0198914811164177,-0.5832052419746299,8.051019932837308,1.0,0.5,50.0,200.0,,,,,,,
SOXL,SOXX,MA_REGIME,MA50_EXIT200,3Y,2023-07-20,2026-07-20,2.5383020652543653,35383.02065254365,0.5272308068069518,0.9536226890569033,0.9277347493425869,-0.8402594687706497,0.6274619048070024,0.7952127659574468,22.5,50.0,200.0,,,,,,,
SOXL,SOXX,MA_REGIME,MA50_EXIT200,5Y,2021-07-20,2026-07-20,6.775432207041684,77754.32207041683,0.5095748387726817,0.8656546234717936,0.912089722104938,-0.8402594687706497,0.606449385828666,0.7179282868525897,60.5,50.0,200.0,,,,,,,
SOXL,SOXX,MA_REGIME,MA50_EXIT200,10Y,2016-07-20,2026-07-20,89.5975997686524,905975.9976865241,0.5712917383452067,0.8038303305338947,0.9685675496586824,-0.8402594687706497,0.6798991973051384,0.8081973736569836,76.5,50.0,200.0,,,,,,,
SOXL,SOXX,MA_REGIME,MA50_EXIT200,MAX,2010-03-11,2026-07-20,198.9823596603157,1999823.596603157,0.38339285663899414,0.7057943897997584,0.8163935417887861,-0.8402594687706498,0.4562791267320331,0.7736995624696159,157.5,50.0,200.0,,,,,,,
SOXL,SOXX,MA_REGIME,MA50_EXIT250,1Y,2025-07-21,2026-07-20,4.656214791163032,56562.14791163032,4.695397028072951,1.2555705734973974,2.0198914811164177,-0.5832052419746299,8.051019932837308,1.0,0.5,50.0,250.0,,,,,,,
SOXL,SOXX,MA_REGIME,MA50_EXIT250,3Y,2023-07-20,2026-07-20,2.1302179372734154,31302.179372734154,0.46578476551407344,0.97537214636468,0.8857176463952902,-0.8625794559366136,0.5399905623862916,0.8191489361702128,21.5,50.0,250.0,,,,,,,
SOXL,SOXX,MA_REGIME,MA50_EXIT250,5Y,2021-07-20,2026-07-20,3.9169919507446336,49169.919507446335,0.3768640304010713,0.8825594500455612,0.8068369935414968,-0.8625794559366138,0.43690355457383506,0.7314741035856573,63.5,50.0,250.0,,,,,,,
SOXL,SOXX,MA_REGIME,MA50_EXIT250,10Y,2016-07-20,2026-07-20,76.06847690662495,770684.7690662495,0.5460134576968423,0.8142747795231429,0.9464926790482793,-0.8625794559366138,0.63300076756867,0.8181456426581775,77.5,50.0,250.0,,,,,,,
SOXL,SOXX,MA_REGIME,MA50_EXIT250,MAX,2010-03-11,2026-07-20,129.763410289386,1307634.10289386,0.34785689660627206,0.7178609715756177,0.7783469235394366,-0.8625794559366137,0.40327519304127063,0.784880894506563,153.5,50.0,250.0,,,,,,,
SOXL,SOXX,MA_REGIME,MA63_EXIT100,1Y,2025-07-21,2026-07-20,3.974489487854016,49744.89487854016,4.006386883294019,1.2271470110679779,1.9333613384015709,-0.5832052419746298,6.8696002623863635,0.9800796812749004,1.5,63.0,100.0,,,,,,,
SOXL,SOXX,MA_REGIME,MA63_EXIT100,3Y,2023-07-20,2026-07-20,2.4443957635073814,34443.95763507381,0.5135264334429286,0.9028889881630903,0.9142781910685325,-0.8088719856077333,0.6348673740469557,0.7194148936170213,23.5,63.0,100.0,,,,,,,
SOXL,SOXX,MA_REGIME,MA63_EXIT100,5Y,2021-07-20,2026-07-20,3.4401878293925616,44401.87829392562,0.3489508497927929,0.8349519708502051,0.77754422278441,-0.8088719856077335,0.4314042963555154,0.6741035856573705,40.5,63.0,100.0,,,,,,,
SOXL,SOXX,MA_REGIME,MA63_EXIT100,10Y,2016-07-20,2026-07-20,52.41748086109761,534174.8086109761,0.49021725996203513,0.7535372181598408,0.9096770194815557,-0.8088719856077333,0.6060504859662287,0.7497015519299642,72.5,63.0,100.0,,,,,,,
SOXL,SOXX,MA_REGIME,MA63_EXIT100,MAX,2010-03-11,2026-07-20,87.74817021490625,887481.7021490625,0.31623383557659657,0.6615139616758542,0.7490887795915141,-0.8088719856077335,0.3909565928890455,0.71900826446281,118.5,63.0,100.0,,,,,,,
SOXL,SOXX,MA_REGIME,MA63_EXIT150,1Y,2025-07-21,2026-07-20,4.656214791163032,56562.14791163032,4.695397028072951,1.2555705734973974,2.0198914811164177,-0.5832052419746299,8.051019932837308,1.0,0.5,63.0,150.0,,,,,,,
SOXL,SOXX,MA_REGIME,MA63_EXIT150,3Y,2023-07-20,2026-07-20,5.041398506033881,60413.985060338804,0.8271077376734204,0.9166842561108663,1.119075285234843,-0.764762147493081,1.0815228504505754,0.7406914893617021,22.5,63.0,150.0,,,,,,,
SOXL,SOXX,MA_REGIME,MA63_EXIT150,5Y,2021-07-20,2026-07-20,7.587313075398088,85873.13075398088,0.5399817308369366,0.8373264362810564,0.9350755350831176,-0.7647621474930809,0.7060780042618702,0.6780876494023904,50.5,63.0,150.0,,,,,,,
SOXL,SOXX,MA_REGIME,MA63_EXIT150,10Y,2016-07-20,2026-07-20,72.6219287936762,736219.2879367621,0.5389367714440048,0.7688303196860646,0.9480165949303343,-0.7647621474930807,0.7047116194370497,0.7680063668921607,70.5,63.0,150.0,,,,,,,
SOXL,SOXX,MA_REGIME,MA63_EXIT150,MAX,2010-03-11,2026-07-20,253.85667048418048,2548566.7048418047,0.404092973889566,0.6768566376388211,0.8422553687988495,-0.7647621474930808,0.52839039590832,0.7423432182790471,129.5,63.0,150.0,,,,,,,
SOXL,SOXX,MA_REGIME,MA63_EXIT160,1Y,2025-07-21,2026-07-20,4.656214791163032,56562.14791163032,4.695397028072951,1.2555705734973974,2.0198914811164177,-0.5832052419746299,8.051019932837308,1.0,0.5,63.0,160.0,,,,,,,
SOXL,SOXX,MA_REGIME,MA63_EXIT160,3Y,2023-07-20,2026-07-20,3.7046070388879997,47046.07038888,0.6802227806796581,0.9292704444972457,1.028954821255173,-0.819910279106311,0.8296307510878995,0.7460106382978723,22.5,63.0,160.0,,,,,,,
SOXL,SOXX,MA_REGIME,MA63_EXIT160,5Y,2021-07-20,2026-07-20,5.595036326157404,65950.36326157404,0.46048197415453807,0.8460142742550953,0.873321498938642,-0.8199102791063111,0.5616248337030925,0.6820717131474103,50.5,63.0,160.0,,,,,,,
SOXL,SOXX,MA_REGIME,MA63_EXIT160,10Y,2016-07-20,2026-07-20,73.05539034735443,740553.9034735443,0.5398429727651222,0.7767754399830895,0.9479840712785649,-0.819910279106311,0.6584171299249258,0.7763629128531635,68.5,63.0,160.0,,,,,,,
SOXL,SOXX,MA_REGIME,MA63_EXIT160,MAX,2010-03-11,2026-07-20,229.19965951400647,2301996.5951400646,0.3953686433381789,0.6835343381684081,0.8323606893885769,-0.8199102791063111,0.482209643436992,0.747447739426349,133.5,63.0,160.0,,,,,,,
SOXL,SOXX,MA_REGIME,MA63_EXIT200,1Y,2025-07-21,2026-07-20,4.656214791163032,56562.14791163032,4.695397028072951,1.2555705734973974,2.0198914811164177,-0.5832052419746299,8.051019932837308,1.0,0.5,63.0,200.0,,,,,,,
SOXL,SOXX,MA_REGIME,MA63_EXIT200,3Y,2023-07-20,2026-07-20,2.2070111712879235,32070.111712879236,0.4777381956802065,0.9499373660382071,0.893166664297535,-0.8570683429490296,0.5574096857158308,0.7832446808510638,19.5,63.0,200.0,,,,,,,
SOXL,SOXX,MA_REGIME,MA63_EXIT200,5Y,2021-07-20,2026-07-20,8.976940933285565,99769.40933285565,0.5870678502092661,0.8581769201065272,0.9707383928234076,-0.8570683429490296,0.6849720387399485,0.7083665338645418,54.5,63.0,200.0,,,,,,,
SOXL,SOXX,MA_REGIME,MA63_EXIT200,10Y,2016-07-20,2026-07-20,139.59867878890515,1405986.7878890515,0.6420880757931073,0.7961287379930275,1.0251714361753659,-0.8570683429490294,0.749167882672914,0.8014325507361719,68.5,63.0,200.0,,,,,,,
SOXL,SOXX,MA_REGIME,MA63_EXIT200,MAX,2010-03-11,2026-07-20,274.24003892448303,2752400.3892448302,0.41072614147183595,0.6989222837803646,0.8451403577534379,-0.8570683429490296,0.4792221587120995,0.7666504618376276,136.5,63.0,200.0,,,,,,,
SOXL,SOXX,MA_REGIME,MA63_EXIT250,1Y,2025-07-21,2026-07-20,4.656214791163032,56562.14791163032,4.695397028072951,1.2555705734973974,2.0198914811164177,-0.5832052419746299,8.051019932837308,1.0,0.5,63.0,250.0,,,,,,,
SOXL,SOXX,MA_REGIME,MA63_EXIT250,3Y,2023-07-20,2026-07-20,3.2516317212956762,42516.31721295676,0.624175692652438,0.9714532737469997,0.9912424246777212,-0.8564868485029329,0.7287627285152652,0.8098404255319149,19.5,63.0,250.0,,,,,,,
SOXL,SOXX,MA_REGIME,MA63_EXIT250,5Y,2021-07-20,2026-07-20,8.454702223974218,94547.02223974217,0.5700264888318096,0.8750697358945222,0.9561102479685273,-0.856486848502933,0.6655402704993871,0.7235059760956175,58.5,63.0,250.0,,,,,,,
SOXL,SOXX,MA_REGIME,MA63_EXIT250,10Y,2016-07-20,2026-07-20,184.39024512602373,1853902.4512602373,0.6882644164556972,0.8066074336921805,1.0565499186823024,-0.8564868485029329,0.8035901749790153,0.8121766812574612,70.5,63.0,250.0,,,,,,,
SOXL,SOXX,MA_REGIME,MA63_EXIT250,MAX,2010-03-11,2026-07-20,266.89162087882227,2678916.2087882226,0.4083896494312813,0.7109125016009794,0.8403705839401052,-0.8564868485029329,0.47681952168338854,0.7771025765678172,140.5,63.0,250.0,,,,,,,
SOXL,SOXX,MA_REGIME,MA90_EXIT100,1Y,2025-07-21,2026-07-20,4.398519747158267,53985.19747158267,4.434907079621961,1.2405851231858187,1.9917484673495378,-0.5832052419746298,7.604367657269593,0.9920318725099602,1.5,90.0,100.0,,,,,,,
SOXL,SOXX,MA_REGIME,MA90_EXIT100,3Y,2023-07-20,2026-07-20,1.9692703852967521,29692.703852967523,0.44008440405950533,0.9269791134853149,0.8632994138138944,-0.8648328573638392,0.5088664246649451,0.723404255319149,17.5,90.0,100.0,,,,,,,
SOXL,SOXX,MA_REGIME,MA90_EXIT100,5Y,2021-07-20,2026-07-20,3.120532479556995,41205.32479556995,0.3288644125288238,0.8504853572419468,0.7628516286381954,-0.8648328573638392,0.3802635500358528,0.6725099601593626,27.5,90.0,100.0,,,,,,,
SOXL,SOXX,MA_REGIME,MA90_EXIT100,10Y,2016-07-20,2026-07-20,30.906347124061075,319063.47124061076,0.4151634907219721,0.7611534136509724,0.8412358220273471,-0.8648328573638393,0.4800505521812186,0.7489056904098687,52.5,90.0,100.0,,,,,,,
SOXL,SOXX,MA_REGIME,MA90_EXIT100,MAX,2010-03-11,2026-07-20,54.50413611152164,555041.3611152164,0.27893168654490363,0.6675606834787605,0.7060584747226905,-0.8648328573638392,0.3225266988526961,0.7277588721438989,85.5,90.0,100.0,,,,,,,
SOXL,SOXX,MA_REGIME,MA90_EXIT150,1Y,2025-07-21,2026-07-20,4.656214791163032,56562.14791163032,4.695397028072951,1.2555705734973974,2.0198914811164177,-0.5832052419746299,8.051019932837308,1.0,0.5,90.0,150.0,,,,,,,
SOXL,SOXX,MA_REGIME,MA90_EXIT150,3Y,2023-07-20,2026-07-20,3.396225248687479,43962.252486874786,0.6424803834852824,0.9331058919130817,1.0043425918873046,-0.8192131286112299,0.7842652431296439,0.7367021276595744,20.5,90.0,150.0,,,,,,,
SOXL,SOXX,MA_REGIME,MA90_EXIT150,5Y,2021-07-20,2026-07-20,3.9621243948521956,49621.24394852196,0.37939245551984824,0.8498074485892151,0.8062602996139361,-0.8192131286112299,0.463118134059952,0.6717131474103586,41.5,90.0,150.0,,,,,,,
SOXL,SOXX,MA_REGIME,MA90_EXIT150,10Y,2016-07-20,2026-07-20,39.33404323072922,403340.43230729224,0.4488200192754437,0.7770709886019965,0.869674304759615,-0.8192131286112296,0.5478672198971047,0.7668125746120175,55.5,90.0,150.0,,,,,,,
SOXL,SOXX,MA_REGIME,MA90_EXIT150,MAX,2010-03-11,2026-07-20,127.928921252696,1289289.21252696,0.346690932066936,0.680836160414669,0.7808947663716849,-0.8192131286112297,0.423199921923448,0.7403986387943607,111.5,90.0,150.0,,,,,,,
SOXL,SOXX,MA_REGIME,MA90_EXIT160,1Y,2025-07-21,2026-07-20,4.656214791163032,56562.14791163032,4.695397028072951,1.2555705734973974,2.0198914811164177,-0.5832052419746299,8.051019932837308,1.0,0.5,90.0,160.0,,,,,,,
SOXL,SOXX,MA_REGIME,MA90_EXIT160,3Y,2023-07-20,2026-07-20,2.5487024119057313,35487.024119057314,0.5287336593993721,0.9403223838573253,0.9284638430580854,-0.85191502619362,0.6206413118005076,0.7433510638297872,19.5,90.0,160.0,,,,,,,
SOXL,SOXX,MA_REGIME,MA90_EXIT160,5Y,2021-07-20,2026-07-20,2.622368337835895,36223.68337835895,0.29492296878269597,0.8541097686742519,0.7332007201455583,-0.8519150261936198,0.34618824614518195,0.6756972111553785,41.5,90.0,160.0,,,,,,,
SOXL,SOXX,MA_REGIME,MA90_EXIT160,10Y,2016-07-20,2026-07-20,38.12855039836049,391285.5039836049,0.44441825141600977,0.7824969851974195,0.8655214030529134,-0.85191502619362,0.5216696944549538,0.7743732590529248,53.5,90.0,160.0,,,,,,,
SOXL,SOXX,MA_REGIME,MA90_EXIT160,MAX,2010-03-11,2026-07-20,78.94796393224662,799479.6393224662,0.3078413003313434,0.6867051829138654,0.7377964222691294,-0.85191502619362,0.3613521194793181,0.7464754496840058,115.5,90.0,160.0,,,,,,,
SOXL,SOXX,MA_REGIME,MA90_EXIT200,1Y,2025-07-21,2026-07-20,4.656214791163032,56562.14791163032,4.695397028072951,1.2555705734973974,2.0198914811164177,-0.5832052419746299,8.051019932837308,1.0,0.5,90.0,200.0,,,,,,,
SOXL,SOXX,MA_REGIME,MA90_EXIT200,3Y,2023-07-20,2026-07-20,1.2474648710504819,22474.648710504818,0.31176047141822516,0.9616466222274601,0.7710850895264192,-0.8906562445787968,0.3500345653172407,0.7938829787234043,18.5,90.0,200.0,,,,,,,
SOXL,SOXX,MA_REGIME,MA90_EXIT200,5Y,2021-07-20,2026-07-20,4.220515107193423,52205.151071934226,0.3935243265361166,0.8661795023495086,0.8204678521290749,-0.8906562445787968,0.44183637506771145,0.7083665338645418,47.5,90.0,200.0,,,,,,,
SOXL,SOXX,MA_REGIME,MA90_EXIT200,10Y,2016-07-20,2026-07-20,64.35175911338929,653517.5911338929,0.5206573692585119,0.801071271347886,0.9283525494773857,-0.8906562445787967,0.5845772400155773,0.8018304814962196,56.5,90.0,200.0,,,,,,,
SOXL,SOXX,MA_REGIME,MA90_EXIT200,MAX,2010-03-11,2026-07-20,98.96358838280173,999635.8838280173,0.32586351352548304,0.7009695771813828,0.7566066023178383,-0.8906562445787967,0.365869004466014,0.767379679144385,119.5,90.0,200.0,,,,,,,
SOXL,SOXX,MA_REGIME,MA90_EXIT250,1Y,2025-07-21,2026-07-20,4.656214791163032,56562.14791163032,4.695397028072951,1.2555705734973974,2.0198914811164177,-0.5832052419746299,8.051019932837308,1.0,0.5,90.0,250.0,,,,,,,
SOXL,SOXX,MA_REGIME,MA90_EXIT250,3Y,2023-07-20,2026-07-20,1.9249958976145862,29249.958976145863,0.43285271301285255,0.9842589841269569,0.8647052886501192,-0.8955472258472053,0.4833387905404602,0.8284574468085106,18.5,90.0,250.0,,,,,,,
SOXL,SOXX,MA_REGIME,MA90_EXIT250,5Y,2021-07-20,2026-07-20,2.8865798575556916,38865.79857555692,0.31335851489770916,0.8906942813296167,0.7559520404753856,-0.8955472258472053,0.3499073034381474,0.7338645418326694,51.5,90.0,250.0,,,,,,,
SOXL,SOXX,MA_REGIME,MA90_EXIT250,10Y,2016-07-20,2026-07-20,66.38805640701464,673880.5640701464,0.5253434716527461,0.8157407114883035,0.9302248810825416,-0.8955472258472054,0.586617273204951,0.8177477118981297,58.5,90.0,250.0,,,,,,,
SOXL,SOXX,MA_REGIME,MA90_EXIT250,MAX,2010-03-11,2026-07-20,67.08980867490169,680898.0867490169,0.29504266665528167,0.7155502553377627,0.7229253074536622,-0.8955472258472054,0.3294551734847545,0.7802625182304327,129.5,90.0,250.0,,,,,,,
SOXL,SOXX,MA_REGIME,MA100_EXIT150,1Y,2025-07-21,2026-07-20,4.656214791163032,56562.14791163032,4.695397028072951,1.2555705734973974,2.0198914811164177,-0.5832052419746299,8.051019932837308,1.0,0.5,100.0,150.0,,,,,,,
SOXL,SOXX,MA_REGIME,MA100_EXIT150,3Y,2023-07-20,2026-07-20,2.747407124119919,37474.07124119919,0.5569005761482348,0.9355628007283985,0.9470139229457545,-0.8458946092464449,0.6583569277552709,0.7353723404255319,20.5,100.0,150.0,,,,,,,
SOXL,SOXX,MA_REGIME,MA100_EXIT150,5Y,2021-07-20,2026-07-20,1.2882071880116137,22882.07188011614,0.18082494637825142,0.8565844991099137,0.6258336981630893,-0.8600582494194023,0.2102473251088755,0.6717131474103586,40.5,100.0,150.0,,,,,,,
SOXL,SOXX,MA_REGIME,MA100_EXIT150,10Y,2016-07-20,2026-07-20,14.36586843328085,153658.6843328085,0.3151831265019087,0.7853074179005604,0.7463425719716806,-0.8600582494194021,0.36646718604778084,0.769200159172304,55.5,100.0,150.0,,,,,,,
SOXL,SOXX,MA_REGIME,MA100_EXIT150,MAX,2010-03-11,2026-07-20,41.34958408609683,423495.84086096834,0.2579153902939131,0.6868332502524649,0.6813502621777349,-0.8600582494194019,0.29988130509535094,0.7416140009722897,108.5,100.0,150.0,,,,,,,
SOXL,SOXX,MA_REGIME,MA100_EXIT160,1Y,2025-07-21,2026-07-20,4.656214791163032,56562.14791163032,4.695397028072951,1.2555705734973974,2.0198914811164177,-0.5832052419746299,8.051019932837308,1.0,0.5,100.0,160.0,,,,,,,
SOXL,SOXX,MA_REGIME,MA100_EXIT160,3Y,2023-07-20,2026-07-20,2.02496618064041,30249.6618064041,0.44908051202756427,0.942746680130243,0.8718018950825525,-0.8737701881897841,0.5139572373806182,0.7420212765957447,19.5,100.0,160.0,,,,,,,
SOXL,SOXX,MA_REGIME,MA100_EXIT160,5Y,2021-07-20,2026-07-20,0.6703993307504843,16703.993307504843,0.10851508507093643,0.8608124484091211,0.5542988314244054,-0.8978420277068481,0.12086211351465873,0.6756972111553785,40.5,100.0,160.0,,,,,,,
SOXL,SOXX,MA_REGIME,MA100_EXIT160,10Y,2016-07-20,2026-07-20,13.144573166181836,141445.73166181837,0.304305973307182,0.790408478669236,0.7364540131697905,-0.897842027706848,0.33893041750830155,0.775567051333068,53.5,100.0,160.0,,,,,,,
SOXL,SOXX,MA_REGIME,MA100_EXIT160,MAX,2010-03-11,2026-07-20,29.2939183056354,302939.183056354,0.23236490660199727,0.6921384582820292,0.6521304464121608,-0.8978420277068478,0.25880377553217654,0.7464754496840058,112.5,100.0,160.0,,,,,,,
SOXL,SOXX,MA_REGIME,MA100_EXIT200,1Y,2025-07-21,2026-07-20,4.656214791163032,56562.14791163032,4.695397028072951,1.2555705734973974,2.0198914811164177,-0.5832052419746299,8.051019932837308,1.0,0.5,100.0,200.0,,,,,,,
SOXL,SOXX,MA_REGIME,MA100_EXIT200,3Y,2023-07-20,2026-07-20,1.0525096000987113,20525.096000987112,0.2724735474358795,0.9607334891745662,0.7392031653495378,-0.9001412166197885,0.30270089004375617,0.7925531914893617,18.5,100.0,200.0,,,,,,,
SOXL,SOXX,MA_REGIME,MA100_EXIT200,5Y,2021-07-20,2026-07-20,1.9523652001466525,29523.652001466526,0.24282120059447498,0.8690178997945612,0.6894390570147506,-0.9001412166197885,0.2697590068215268,0.7051792828685259,44.5,100.0,200.0,,,,,,,
SOXL,SOXX,MA_REGIME,MA100_EXIT200,10Y,2016-07-20,2026-07-20,36.02345847759904,370234.5847759904,0.43643044103023154,0.8026210559032372,0.8573791669433991,-0.9001412166197885,0.4848466362523824,0.8002387584560287,53.5,100.0,200.0,,,,,,,
SOXL,SOXX,MA_REGIME,MA100_EXIT200,MAX,2010-03-11,2026-07-20,43.00350620227419,440035.0620227419,0.26087079963571336,0.7027051789813671,0.6851787090894996,-0.9001412166197886,0.28981097056674693,0.7654350996596986,113.5,100.0,200.0,,,,,,,
SOXL,SOXX,MA_REGIME,MA100_EXIT250,1Y,2025-07-21,2026-07-20,4.656214791163032,56562.14791163032,4.695397028072951,1.2555705734973974,2.0198914811164177,-0.5832052419746299,8.051019932837308,1.0,0.5,100.0,250.0,,,,,,,
SOXL,SOXX,MA_REGIME,MA100_EXIT250,3Y,2023-07-20,2026-07-20,1.8424250710731624,28424.250710731623,0.4191689092840627,0.9839605064354735,0.8548990169533162,-0.8984958631096968,0.46652291512319033,0.8284574468085106,17.5,100.0,250.0,,,,,,,
SOXL,SOXX,MA_REGIME,MA100_EXIT250,5Y,2021-07-20,2026-07-20,1.338814594644476,23388.14594644476,0.18602318685235986,0.8938336735793353,0.6428754949579137,-0.8984958631096968,0.2070384455733976,0.7314741035856573,47.5,100.0,250.0,,,,,,,
SOXL,SOXX,MA_REGIME,MA100_EXIT250,10Y,2016-07-20,2026-07-20,39.55189282243972,405518.9282243972,0.4496028260409819,0.8174801783938106,0.8679501237249547,-0.8984958631096969,0.5003949873346163,0.8165539196179865,54.5,100.0,250.0,,,,,,,
SOXL,SOXX,MA_REGIME,MA100_EXIT250,MAX,2010-03-11,2026-07-20,29.496332889448915,304963.32889448915,0.2328677162709718,0.7173050659182973,0.6545516264752741,-0.8984958631096968,0.2591750567053431,0.778561011181332,121.5,100.0,250.0,,,,,,,
SOXL,SOXX,BREAKOUT_RSI,B20_RSI85,1Y,2025-07-21,2026-07-20,1.5376791608438456,25376.791608438456,1.5471118419609065,0.6924553367772901,1.6969866938142664,-0.2822852282245195,5.480668796209164,0.3466135458167331,32.0,,,20.0,85.0,,,,,
SOXL,SOXX,BREAKOUT_RSI,B20_RSI85,3Y,2023-07-20,2026-07-20,1.6004537999032102,26004.5379990321,0.37748099893648956,0.5903956381956,0.8441083181682161,-0.7241179919505181,0.5212976381372448,0.3058510638297872,67.0,,,20.0,85.0,,,,,
SOXL,SOXX,BREAKOUT_RSI,B20_RSI85,5Y,2021-07-20,2026-07-20,1.3205279069040508,23205.27906904051,0.1841553006244645,0.5382807614818691,0.5868102816808405,-0.7241179919505178,0.2543167034538325,0.2701195219123506,92.0,,,20.0,85.0,,,,,
SOXL,SOXX,BREAKOUT_RSI,B20_RSI85,10Y,2016-07-20,2026-07-20,5.672204064969033,66722.04064969033,0.20964109745481796,0.5524199319726626,0.6254447304838237,-0.8040369020497331,0.2607356663859326,0.3458018304814962,223.0,,,20.0,85.0,,,,,
SOXL,SOXX,BREAKOUT_RSI,B20_RSI85,MAX,2010-03-11,2026-07-20,19.87451503988265,208745.1503988265,0.204570207235381,0.4718717146116504,0.6331793378698009,-0.8040369020497331,0.2544288784679779,0.3232863393291201,350.0,,,20.0,85.0,,,,,
SOXL,SOXX,BREAKOUT_RSI,B20_RSI90,1Y,2025-07-21,2026-07-20,0.9493229132044685,19493.229132044686,0.9545136292045198,0.9363980859235859,1.1859840034617575,-0.5841500251790686,1.6340213781757826,0.4940239043824701,26.5,,,20.0,90.0,,,,,
SOXL,SOXX,BREAKOUT_RSI,B20_RSI90,3Y,2023-07-20,2026-07-20,1.1400423937558086,21400.423937558087,0.290406813504424,0.7519155012774615,0.7227559317277419,-0.6996476829148309,0.41507578828039315,0.44813829787234044,55.5,,,20.0,90.0,,,,,
SOXL,SOXX,BREAKOUT_RSI,B20_RSI90,5Y,2021-07-20,2026-07-20,0.9943699644469903,19943.699644469903,0.14868257753500713,0.648422252671639,0.5429386749809413,-0.6996476829148308,0.21251064094941982,0.3609561752988048,77.5,,,20.0,90.0,,,,,
SOXL,SOXX,BREAKOUT_RSI,B20_RSI90,10Y,2016-07-20,2026-07-20,3.9756154114728037,49756.15411472804,0.1745696861611239,0.6385317038983721,0.5763546521841176,-0.8194675001087071,0.21302819957834354,0.43294866693195383,191.5,,,20.0,90.0,,,,,
SOXL,SOXX,BREAKOUT_RSI,B20_RSI90,MAX,2010-03-11,2026-07-20,6.36000522974465,73600.0522974465,0.1300560182640187,0.562099046559039,0.502078799299926,-0.8194675001087072,0.15870796370419327,0.4090909090909091,297.5,,,20.0,90.0,,,,,
SOXL,SOXX,BREAKOUT_RSI,B20_RSI92,1Y,2025-07-21,2026-07-20,0.6918650710179945,16918.650710179947,0.6954131526534795,1.0839942119503656,1.026435689250296,-0.5841500251790684,1.1904701235616721,0.6573705179282868,24.5,,,20.0,92.0,,,,,
SOXL,SOXX,BREAKOUT_RSI,B20_RSI92,3Y,2023-07-20,2026-07-20,0.5672582286704226,15672.582286704226,0.16249969282350607,0.8286559391396399,0.6014227157685773,-0.6944960859158178,0.233982157882461,0.5132978723404256,51.5,,,20.0,92.0,,,,,
SOXL,SOXX,BREAKOUT_RSI,B20_RSI92,5Y,2021-07-20,2026-07-20,0.872477238522118,18724.77238522118,0.1342280265632454,0.7234298848092358,0.5385271328720623,-0.6944960859158182,0.1932739856787552,0.4454183266932271,70.5,,,20.0,92.0,,,,,
SOXL,SOXX,BREAKOUT_RSI,B20_RSI92,10Y,2016-07-20,2026-07-20,10.858752747828207,118587.52747828208,0.2814541640087844,0.6986147859222754,0.7070733884664124,-0.8053024099329398,0.34950120667367934,0.4970155192996419,170.5,,,20.0,92.0,,,,,
SOXL,SOXX,BREAKOUT_RSI,B20_RSI92,MAX,2010-03-11,2026-07-20,8.816831601021377,98168.31601021378,0.15017113508087898,0.6227716965833211,0.5380415163570901,-0.8053024099329398,0.18647794074450147,0.48079727758872143,268.5,,,20.0,92.0,,,,,
SOXL,SOXX,BREAKOUT_RSI,B20_RSI95,1Y,2025-07-21,2026-07-20,1.977410494152804,29774.10494152804,1.9903809568001982,1.1147958097348656,1.5375179988312415,-0.5832052419746299,3.412831047370425,0.7609561752988048,18.5,,,20.0,95.0,,,,,
SOXL,SOXX,BREAKOUT_RSI,B20_RSI95,3Y,2023-07-20,2026-07-20,2.75623380156017,37562.3380156017,0.5581284964929869,0.8540253024951642,0.9495708787410313,-0.6647578737142839,0.8395966690465606,0.5904255319148937,39.5,,,20.0,95.0,,,,,
SOXL,SOXX,BREAKOUT_RSI,B20_RSI95,5Y,2021-07-20,2026-07-20,0.4750201657211479,14750.201657211479,0.08117026242413261,0.8436642314649824,0.5161336391179305,-0.855087409326743,0.09492627483316868,0.5800796812749004,55.5,,,20.0,95.0,,,,,
SOXL,SOXX,BREAKOUT_RSI,B20_RSI95,10Y,2016-07-20,2026-07-20,10.038460266873926,110384.60266873926,0.2722760551768919,0.7751148313737148,0.7004307011645806,-0.8550874093267429,0.31841897355414195,0.6120175089534421,127.5,,,20.0,95.0,,,,,
SOXL,SOXX,BREAKOUT_RSI,B20_RSI95,MAX,2010-03-11,2026-07-20,5.436295051100772,64362.95051100772,0.12081101744136014,0.7149494324966946,0.5189246203040543,-0.8550874093267429,0.14128499159691904,0.6336898395721925,201.5,,,20.0,95.0,,,,,
SOXL,SOXX,BREAKOUT_RSI,B40_RSI85,1Y,2025-07-21,2026-07-20,2.358553069784579,33585.53069784579,2.3748030979880697,0.7166877444164719,2.0583996540537597,-0.2616422414095061,9.076527877129656,0.32270916334661354,30.0,,,40.0,85.0,,,,,
SOXL,SOXX,BREAKOUT_RSI,B40_RSI85,3Y,2023-07-20,2026-07-20,2.812602108962078,38126.02108962078,0.5659252576455134,0.580217593104293,1.0698391243246919,-0.699647682914831,0.8088717671268328,0.27925531914893614,63.0,,,40.0,85.0,,,,,
SOXL,SOXX,BREAKOUT_RSI,B40_RSI85,5Y,2021-07-20,2026-07-20,2.1298456146373144,31298.456146373144,0.2574751811406275,0.535737983784539,0.698899863403745,-0.699647682914831,0.3680069089458705,0.250996015936255,84.0,,,40.0,85.0,,,,,
SOXL,SOXX,BREAKOUT_RSI,B40_RSI85,10Y,2016-07-20,2026-07-20,3.5538647754277264,45538.64775427726,0.16418340912720542,0.5440856023657016,0.5560013389246091,-0.8040369020497331,0.20419884797408214,0.30322323915638677,198.0,,,40.0,85.0,,,,,
SOXL,SOXX,BREAKOUT_RSI,B40_RSI85,MAX,2010-03-11,2026-07-20,6.9212001505152365,79212.00150515237,0.13515396699646676,0.4654993121365263,0.5084441907061066,-0.8040369020497331,0.16809423379936722,0.2912007778317939,308.0,,,40.0,85.0,,,,,
SOXL,SOXX,BREAKOUT_RSI,B40_RSI90,1Y,2025-07-21,2026-07-20,1.2972289041570342,22972.28904157034,1.3048535354374695,0.9697451719231922,1.3487938821049263,-0.5841500251790686,2.233764408445369,0.49800796812749004,25.5,,,40.0,90.0,,,,,
SOXL,SOXX,BREAKOUT_RSI,B40_RSI90,3Y,2023-07-20,2026-07-20,1.1895193901421828,21895.193901421826,0.30032841774960417,0.7523171174383542,0.7330429754073953,-0.7166419615700304,0.41907735501789484,0.4308510638297872,52.5,,,40.0,90.0,,,,,
SOXL,SOXX,BREAKOUT_RSI,B40_RSI90,5Y,2021-07-20,2026-07-20,1.116171482494317,21161.71482494317,0.1624374004665372,0.6516037345941147,0.5614932931138548,-0.7166419615700305,0.22666465149579965,0.3466135458167331,70.5,,,40.0,90.0,,,,,
SOXL,SOXX,BREAKOUT_RSI,B40_RSI90,10Y,2016-07-20,2026-07-20,0.957009638505796,19570.09638505796,0.06964710510222827,0.6314350374683171,0.4274550598598381,-0.8815212899713589,0.07900785368949075,0.3911659371269399,170.5,,,40.0,90.0,,,,,
SOXL,SOXX,BREAKOUT_RSI,B40_RSI90,MAX,2010-03-11,2026-07-20,0.40421875544882124,14042.187554488213,0.021012377045814823,0.5604372740070648,0.32125465594580005,-0.8815212899713588,0.02383649412085955,0.38235294117647056,263.5,,,40.0,90.0,,,,,
SOXL,SOXX,BREAKOUT_RSI,B40_RSI92,1Y,2025-07-21,2026-07-20,0.6505040491493923,16505.040491493924,0.6538023034818126,1.0837114739840705,1.003393190468739,-0.5841500251790686,1.119236968758826,0.6454183266932271,24.5,,,40.0,92.0,,,,,
SOXL,SOXX,BREAKOUT_RSI,B40_RSI92,3Y,2023-07-20,2026-07-20,0.32738639801985614,13273.863980198561,0.09955561697617421,0.8157374319306411,0.5296699077163909,-0.7198645565420967,0.13829770624406668,0.49069148936170215,49.5,,,40.0,92.0,,,,,
SOXL,SOXX,BREAKOUT_RSI,B40_RSI92,5Y,2021-07-20,2026-07-20,0.5506592787652766,15506.592787652766,0.09208158087049712,0.7124996534329204,0.4826107995577346,-0.7198645565420964,0.1279151474171966,0.42470119521912353,65.5,,,40.0,92.0,,,,,
SOXL,SOXX,BREAKOUT_RSI,B40_RSI92,10Y,2016-07-20,2026-07-20,4.335987220281232,53359.872202812316,0.18283466794890524,0.6736995234708824,0.588700937113337,-0.8458904269193179,0.2161446236184255,0.44369279745324314,154.5,,,40.0,92.0,,,,,
SOXL,SOXX,BREAKOUT_RSI,B40_RSI92,MAX,2010-03-11,2026-07-20,3.7791188868994565,47791.18886899456,0.10055802431022443,0.5957232605619023,0.4609363182142625,-0.845890426919318,0.11887830989700485,0.42537676227515797,240.5,,,40.0,92.0,,,,,
SOXL,SOXX,BREAKOUT_RSI,B40_RSI95,1Y,2025-07-21,2026-07-20,1.9046217460014172,29046.217460014173,1.9169874652111503,1.1145749739334119,1.5151578218835433,-0.5832052419746298,3.2869859995094863,0.749003984063745,18.5,,,40.0,95.0,,,,,
SOXL,SOXX,BREAKOUT_RSI,B40_RSI95,3Y,2023-07-20,2026-07-20,2.1175418045166037,31175.418045166036,0.46379294266493787,0.8504076844658311,0.8778969785018316,-0.6647578737142839,0.69768702410929,0.5811170212765957,38.5,,,40.0,95.0,,,,,
SOXL,SOXX,BREAKOUT_RSI,B40_RSI95,5Y,2021-07-20,2026-07-20,0.2695639932050349,12695.63993205035,0.049091848706357855,0.8406270014527787,0.479960445006511,-0.8550874093267431,0.057411497550888445,0.5697211155378487,52.5,,,40.0,95.0,,,,,
SOXL,SOXX,BREAKOUT_RSI,B40_RSI95,10Y,2016-07-20,2026-07-20,4.988510906516151,59885.10906516151,0.19659837255413093,0.7685412797006425,0.620397707062494,-0.8550874093267429,0.22991611197845094,0.569040986868285,117.5,,,40.0,95.0,,,,,
SOXL,SOXX,BREAKOUT_RSI,B40_RSI95,MAX,2010-03-11,2026-07-20,2.881163060084076,38811.630600840756,0.08661681430738044,0.694363280440303,0.46897951371733504,-0.8550874093267429,0.10129585977131694,0.5804569761789014,183.5,,,40.0,95.0,,,,,
SOXL,SOXX,BREAKOUT_RSI,B50_RSI85,1Y,2025-07-21,2026-07-20,2.358553069784579,33585.53069784579,2.3748030979880697,0.7166877444164719,2.0583996540537597,-0.2616422414095061,9.076527877129656,0.32270916334661354,30.0,,,50.0,85.0,,,,,
SOXL,SOXX,BREAKOUT_RSI,B50_RSI85,3Y,2023-07-20,2026-07-20,2.6589427968993107,36589.427968993106,0.5444863133688693,0.5698167290151733,1.0545123823926368,-0.6996476829148308,0.7782292812011649,0.2579787234042553,59.0,,,50.0,85.0,,,,,
SOXL,SOXX,BREAKOUT_RSI,B50_RSI85,5Y,2021-07-20,2026-07-20,2.0037034392245245,30037.034392245245,0.24713082468851577,0.5289848955852732,0.6853250835512857,-0.699647682914831,0.35322181538418573,0.23824701195219122,80.0,,,50.0,85.0,,,,,
SOXL,SOXX,BREAKOUT_RSI,B50_RSI85,10Y,2016-07-20,2026-07-20,4.393662016012531,53936.620160125305,0.1841105218169925,0.5307877504119837,0.58810137853541,-0.8040369020497331,0.22898267647621537,0.2801432550736172,189.0,,,50.0,85.0,,,,,
SOXL,SOXX,BREAKOUT_RSI,B50_RSI85,MAX,2010-03-11,2026-07-20,9.874104070038252,108741.04070038251,0.1574000839759926,0.45236103901780783,0.5526738107828562,-0.8040369020497331,0.19576226361592633,0.26956733106465725,292.0,,,50.0,85.0,,,,,
SOXL,SOXX,BREAKOUT_RSI,B50_RSI90,1Y,2025-07-21,2026-07-20,1.2972289041570342,22972.28904157034,1.3048535354374695,0.9697451719231922,1.3487938821049263,-0.5841500251790686,2.233764408445369,0.49800796812749004,25.5,,,50.0,90.0,,,,,
SOXL,SOXX,BREAKOUT_RSI,B50_RSI90,3Y,2023-07-20,2026-07-20,0.916768244108157,19167.68244108157,0.24362910808655225,0.7403565392598906,0.6725290690301075,-0.7052739132133836,0.3454389897628912,0.3949468085106383,49.5,,,50.0,90.0,,,,,
SOXL,SOXX,BREAKOUT_RSI,B50_RSI90,5Y,2021-07-20,2026-07-20,0.8525573762874885,18525.573762874887,0.1317948081878213,0.6433079812099529,0.5188372146289845,-0.7052739132133837,0.18687038570210976,0.3250996015936255,67.5,,,50.0,90.0,,,,,
SOXL,SOXX,BREAKOUT_RSI,B50_RSI90,10Y,2016-07-20,2026-07-20,0.7112779793008726,17112.779793008725,0.055351296450999454,0.6219467817812144,0.40254789259401375,-0.8892615936542573,0.06224410999641114,0.3724631914046956,163.5,,,50.0,90.0,,,,,
SOXL,SOXX,BREAKOUT_RSI,B50_RSI90,MAX,2010-03-11,2026-07-20,0.15834357874156946,11583.435787415694,0.009044482548028032,0.5525676605692409,0.2965040259840996,-0.8892615936542573,0.010170778331785804,0.3675255226057365,250.5,,,50.0,90.0,,,,,
SOXL,SOXX,BREAKOUT_RSI,B50_RSI92,1Y,2025-07-21,2026-07-20,0.6505040491493923,16505.040491493924,0.6538023034818126,1.0837114739840705,1.003393190468739,-0.5841500251790686,1.119236968758826,0.6454183266932271,24.5,,,50.0,92.0,,,,,
SOXL,SOXX,BREAKOUT_RSI,B50_RSI92,3Y,2023-07-20,2026-07-20,0.2520793073799652,12520.793073799652,0.07824400499555839,0.8084124079539527,0.5028340262955678,-0.7086257955551652,0.11041653505466728,0.46941489361702127,47.5,,,50.0,92.0,,,,,
SOXL,SOXX,BREAKOUT_RSI,B50_RSI92,5Y,2021-07-20,2026-07-20,0.46268516735975784,14626.851673597579,0.0793486825987515,0.7074722389085605,0.46437980844419297,-0.7086257955551654,0.11197543625488064,0.4119521912350598,63.5,,,50.0,92.0,,,,,
SOXL,SOXX,BREAKOUT_RSI,B50_RSI92,10Y,2016-07-20,2026-07-20,3.671526719785195,46715.26719785195,0.16716528675254683,0.6703178269897354,0.5683475664942486,-0.8559585218183755,0.19529601317295767,0.43215280541185835,149.5,,,50.0,92.0,,,,,
SOXL,SOXX,BREAKOUT_RSI,B50_RSI92,MAX,2010-03-11,2026-07-20,2.2062039346957483,32062.03934695748,0.07397484641212548,0.5903995794209796,0.41842920397965905,-0.8559585218183756,0.08642340081500127,0.4117647058823529,233.5,,,50.0,92.0,,,,,
SOXL,SOXX,BREAKOUT_RSI,B50_RSI95,1Y,2025-07-21,2026-07-20,1.9046217460014172,29046.217460014173,1.9169874652111503,1.1145749739334119,1.5151578218835433,-0.5832052419746298,3.2869859995094863,0.749003984063745,18.5,,,50.0,95.0,,,,,
SOXL,SOXX,BREAKOUT_RSI,B50_RSI95,3Y,2023-07-20,2026-07-20,1.6887239277840127,26887.239277840126,0.3929761397352165,0.8425077816282286,0.8191780860647204,-0.6647578737142839,0.5911568035132737,0.5558510638297872,37.5,,,50.0,95.0,,,,,
SOXL,SOXX,BREAKOUT_RSI,B50_RSI95,5Y,2021-07-20,2026-07-20,0.0949354653201464,10949.354653201464,0.018378190342746903,0.835793687420279,0.44229671250326924,-0.8550874093267431,0.021492762192834827,0.5545816733067729,51.5,,,50.0,95.0,,,,,
SOXL,SOXX,BREAKOUT_RSI,B50_RSI95,10Y,2016-07-20,2026-07-20,3.5477475065462656,45477.475065462655,0.1640264923110215,0.7651526395081959,0.5836259495687264,-0.8550874093267429,0.19182423986358138,0.5555113410266613,114.5,,,50.0,95.0,,,,,
SOXL,SOXX,BREAKOUT_RSI,B50_RSI95,MAX,2010-03-11,2026-07-20,1.038190760951026,20381.90760951026,0.04458205605864296,0.6889697770266406,0.41007440526767897,-0.8550874093267429,0.05213742545191357,0.5651434127369956,179.5,,,50.0,95.0,,,,,
SOXL,SOXX,BREAKOUT_RSI,B63_RSI85,1Y,2025-07-21,2026-07-20,2.358553069784579,33585.53069784579,2.3748030979880697,0.7166877444164719,2.0583996540537597,-0.2616422414095061,9.076527877129656,0.32270916334661354,30.0,,,63.0,85.0,,,,,
SOXL,SOXX,BREAKOUT_RSI,B63_RSI85,3Y,2023-07-20,2026-07-20,2.8656477499490625,38656.477499490626,0.5731927391597482,0.5611294386363214,1.0947174932594692,-0.6996476829148309,0.8192591116313662,0.2393617021276596,56.0,,,63.0,85.0,,,,,
SOXL,SOXX,BREAKOUT_RSI,B63_RSI85,5Y,2021-07-20,2026-07-20,2.1733919019428964,31733.919019428966,0.26096886185773704,0.5234054767188278,0.7079704111467328,-0.6996476829148309,0.37300039467079193,0.22709163346613545,77.0,,,63.0,85.0,,,,,
SOXL,SOXX,BREAKOUT_RSI,B63_RSI85,10Y,2016-07-20,2026-07-20,3.209051433042834,42090.51433042834,0.1550274103576743,0.5303185678150873,0.5411603834408982,-0.8113535551471366,0.19107257172190556,0.2725825706327099,180.0,,,63.0,85.0,,,,,
SOXL,SOXX,BREAKOUT_RSI,B63_RSI85,MAX,2010-03-11,2026-07-20,10.01310832573245,110131.0832573245,0.1583009541430871,0.44422160815438855,0.5561272044221733,-0.8113535551471365,0.19510724164434048,0.2552260573650948,276.0,,,63.0,85.0,,,,,
SOXL,SOXX,BREAKOUT_RSI,B63_RSI90,1Y,2025-07-21,2026-07-20,1.2972289041570342,22972.28904157034,1.3048535354374695,0.9697451719231922,1.3487938821049263,-0.5841500251790686,2.233764408445369,0.49800796812749004,25.5,,,63.0,90.0,,,,,
SOXL,SOXX,BREAKOUT_RSI,B63_RSI90,3Y,2023-07-20,2026-07-20,1.0137192320320434,20137.192320320435,0.2643635808334268,0.7319265631687326,0.6942400710929839,-0.6996476829148308,0.3778524352886454,0.37367021276595747,47.5,,,63.0,90.0,,,,,
SOXL,SOXX,BREAKOUT_RSI,B63_RSI90,5Y,2021-07-20,2026-07-20,0.9462605500378054,19462.605500378053,0.14306423112107436,0.6375079133395232,0.5331649106023673,-0.6996476829148307,0.20448039008011668,0.31235059760956174,65.5,,,63.0,90.0,,,,,
SOXL,SOXX,BREAKOUT_RSI,B63_RSI90,10Y,2016-07-20,2026-07-20,0.8054443821008082,18054.44382100808,0.06103542329719058,0.6114896155848581,0.4077154609416264,-0.8922590195006429,0.0684054988105913,0.3549542379625945,156.5,,,63.0,90.0,,,,,
SOXL,SOXX,BREAKOUT_RSI,B63_RSI90,MAX,2010-03-11,2026-07-20,0.422159681534493,14221.59681534493,0.02180668060991131,0.537792399479089,0.3129441764169584,-0.8922590195006428,0.02443985449664104,0.3439474963539135,238.5,,,63.0,90.0,,,,,
SOXL,SOXX,BREAKOUT_RSI,B63_RSI92,1Y,2025-07-21,2026-07-20,0.6505040491493923,16505.040491493924,0.6538023034818126,1.0837114739840705,1.003393190468739,-0.5841500251790686,1.119236968758826,0.6454183266932271,24.5,,,63.0,92.0,,,,,
SOXL,SOXX,BREAKOUT_RSI,B63_RSI92,3Y,2023-07-20,2026-07-20,0.3154100340771968,13154.100340771967,0.09622108577526145,0.8007038939146808,0.5204404828253311,-0.6997266768697747,0.13751238727342252,0.44813829787234044,45.5,,,63.0,92.0,,,,,
SOXL,SOXX,BREAKOUT_RSI,B63_RSI92,5Y,2021-07-20,2026-07-20,0.5366684318639805,15366.684318639805,0.09009589287808728,0.7022025379043976,0.47658692930259106,-0.6997266768697747,0.12875869372471405,0.399203187250996,61.5,,,63.0,92.0,,,,,
SOXL,SOXX,BREAKOUT_RSI,B63_RSI92,10Y,2016-07-20,2026-07-20,6.250750528471107,72507.50528471106,0.21977002673040658,0.6582119516608327,0.6335854646004281,-0.8053024099329399,0.27290372414098146,0.40708316752885,142.5,,,63.0,92.0,,,,,
SOXL,SOXX,BREAKOUT_RSI,B63_RSI92,MAX,2010-03-11,2026-07-20,4.822358983474269,58223.589834742685,0.1139496644393938,0.5749098981605529,0.47745070214735874,-0.8053024099329399,0.14149922194928333,0.383082158483228,221.5,,,63.0,92.0,,,,,
SOXL,SOXX,BREAKOUT_RSI,B63_RSI95,1Y,2025-07-21,2026-07-20,1.9046217460014172,29046.217460014173,1.9169874652111503,1.1145749739334119,1.5151578218835433,-0.5832052419746298,3.2869859995094863,0.749003984063745,18.5,,,63.0,95.0,,,,,
SOXL,SOXX,BREAKOUT_RSI,B63_RSI95,3Y,2023-07-20,2026-07-20,1.8247207765707802,28247.2077657078,0.41620060884628884,0.835100266259977,0.8386841622453813,-0.701038119978423,0.5936918364141153,0.5345744680851063,35.5,,,63.0,95.0,,,,,
SOXL,SOXX,BREAKOUT_RSI,B63_RSI95,5Y,2021-07-20,2026-07-20,0.15031778678858498,11503.17786788585,0.028518309779545836,0.8313365888216177,0.4520353534710249,-0.8550874093267431,0.03335133866840567,0.5418326693227091,49.5,,,63.0,95.0,,,,,
SOXL,SOXX,BREAKOUT_RSI,B63_RSI95,10Y,2016-07-20,2026-07-20,5.884007593059385,68840.07593059386,0.2134377901087714,0.7470353869085798,0.6350364857599508,-0.8550874093267429,0.24960932388984963,0.5212892956625547,108.5,,,63.0,95.0,,,,,
SOXL,SOXX,BREAKOUT_RSI,B63_RSI95,MAX,2010-03-11,2026-07-20,2.3953010090496925,33953.01009049692,0.07775129418992233,0.6695331609755594,0.44880399442824437,-0.8550874093267431,0.0909278903441464,0.5257656781720953,171.5,,,63.0,95.0,,,,,
SOXL,SOXX,BREAKOUT_RSI,B90_RSI85,1Y,2025-07-21,2026-07-20,2.358553069784579,33585.53069784579,2.3748030979880697,0.7166877444164719,2.0583996540537597,-0.2616422414095061,9.076527877129656,0.32270916334661354,30.0,,,90.0,85.0,,,,,
SOXL,SOXX,BREAKOUT_RSI,B90_RSI85,3Y,2023-07-20,2026-07-20,2.2385715964873594,32385.715964873594,0.48259563210517786,0.5539074355645036,0.9945400602268641,-0.6996476829148308,0.6897694995495682,0.22074468085106383,52.0,,,90.0,85.0,,,,,
SOXL,SOXX,BREAKOUT_RSI,B90_RSI85,5Y,2021-07-20,2026-07-20,1.6586118402253947,26586.118402253946,0.21694053540652458,0.5187083788464106,0.6411484202669155,-0.699647682914831,0.3100711125101132,0.21593625498007968,73.0,,,90.0,85.0,,,,,
SOXL,SOXX,BREAKOUT_RSI,B90_RSI85,10Y,2016-07-20,2026-07-20,1.2940240840001476,22940.240840001476,0.08682655801636963,0.5256134739199979,0.4254903813501394,-0.839411816957499,0.10343737872440009,0.26223637087146834,171.0,,,90.0,85.0,,,,,
SOXL,SOXX,BREAKOUT_RSI,B90_RSI85,MAX,2010-03-11,2026-07-20,4.819545813669518,58195.45813669518,0.11391668849059666,0.4390781064642161,0.4685102623537284,-0.839411816957499,0.1357101320106439,0.2396694214876033,260.0,,,90.0,85.0,,,,,
SOXL,SOXX,BREAKOUT_RSI,B90_RSI90,1Y,2025-07-21,2026-07-20,1.2972289041570342,22972.28904157034,1.3048535354374695,0.9697451719231922,1.3487938821049263,-0.5841500251790686,2.233764408445369,0.49800796812749004,25.5,,,90.0,90.0,,,,,
SOXL,SOXX,BREAKOUT_RSI,B90_RSI90,3Y,2023-07-20,2026-07-20,1.069000590824702,20690.00590824702,0.2758904814593601,0.7094032748211592,0.7043874592648325,-0.699647682914831,0.39432772836459834,0.3351063829787234,43.5,,,90.0,90.0,,,,,
SOXL,SOXX,BREAKOUT_RSI,B90_RSI90,5Y,2021-07-20,2026-07-20,0.9996900083551195,19996.900083551194,0.14929719358578808,0.6220590256025657,0.5382781568784105,-0.699647682914831,0.2133891060194681,0.2892430278884462,61.5,,,90.0,90.0,,,,,
SOXL,SOXX,BREAKOUT_RSI,B90_RSI90,10Y,2016-07-20,2026-07-20,0.17801147366340309,11780.11473663403,0.016564105478286573,0.5957656345716108,0.3304367280553715,-0.9003002554474568,0.018398423612635845,0.33306804615996816,147.5,,,90.0,90.0,,,,,
SOXL,SOXX,BREAKOUT_RSI,B90_RSI90,MAX,2010-03-11,2026-07-20,-0.1552534593833902,8447.465406166099,-0.010281515036460687,0.5252991202655966,0.24687128981860643,-0.900300255447457,-0.011420095656143834,0.32061254253767624,223.5,,,90.0,90.0,,,,,
SOXL,SOXX,BREAKOUT_RSI,B90_RSI92,1Y,2025-07-21,2026-07-20,0.6505040491493923,16505.040491493924,0.6538023034818126,1.0837114739840705,1.003393190468739,-0.5841500251790686,1.119236968758826,0.6454183266932271,24.5,,,90.0,92.0,,,,,
SOXL,SOXX,BREAKOUT_RSI,B90_RSI92,3Y,2023-07-20,2026-07-20,0.4026111301807471,14026.111301807472,0.120055700466009,0.7818131933839725,0.5397525068980543,-0.6997266768697747,0.17157513702790042,0.41356382978723405,40.5,,,90.0,92.0,,,,,
SOXL,SOXX,BREAKOUT_RSI,B90_RSI92,5Y,2021-07-20,2026-07-20,0.6385371785930329,16385.37178593033,0.10423660954546587,0.6893311198394271,0.4900641952297314,-0.6997266768697746,0.14896760834068534,0.3784860557768924,56.5,,,90.0,92.0,,,,,
SOXL,SOXX,BREAKOUT_RSI,B90_RSI92,10Y,2016-07-20,2026-07-20,3.207105894658741,42071.058946587415,0.15497386198994723,0.6445300555238469,0.548214047754877,-0.8206154086238879,0.18885078242660233,0.38758456028651017,134.5,,,90.0,92.0,,,,,
SOXL,SOXX,BREAKOUT_RSI,B90_RSI92,MAX,2010-03-11,2026-07-20,2.0754743763294607,30754.743763294606,0.07123978186318913,0.5638535142112308,0.4061448962255852,-0.8206154086238875,0.08681263002683934,0.3612056392805056,207.5,,,90.0,92.0,,,,,
SOXL,SOXX,BREAKOUT_RSI,B90_RSI95,1Y,2025-07-21,2026-07-20,1.9046217460014172,29046.217460014173,1.9169874652111503,1.1145749739334119,1.5151578218835433,-0.5832052419746298,3.2869859995094863,0.749003984063745,18.5,,,90.0,95.0,,,,,
SOXL,SOXX,BREAKOUT_RSI,B90_RSI95,3Y,2023-07-20,2026-07-20,1.423306500020605,24233.06500020605,0.3452955041389769,0.8112877583960837,0.7741225489287267,-0.7010381199784228,0.49254882765805197,0.47606382978723405,31.5,,,90.0,95.0,,,,,
SOXL,SOXX,BREAKOUT_RSI,B90_RSI95,5Y,2021-07-20,2026-07-20,-0.013151107558954434,9868.488924410456,-0.0026546883715460323,0.8170203758408482,0.40689517120914326,-0.8660763052213335,-0.0030651899325055466,0.5067729083665339,45.5,,,90.0,95.0,,,,,
SOXL,SOXX,BREAKOUT_RSI,B90_RSI95,10Y,2016-07-20,2026-07-20,4.236724040954226,52367.24040954226,0.18060947417162154,0.7389177857244097,0.5961892236382421,-0.8660763052213333,0.20853760007377783,0.5041782729805014,102.5,,,90.0,95.0,,,,,
SOXL,SOXX,BREAKOUT_RSI,B90_RSI95,MAX,2010-03-11,2026-07-20,1.8372130367921171,28372.13036792117,0.0659615955938142,0.6584360003472303,0.4281101741853793,-0.8660763052213333,0.07616141348764546,0.4895478852698104,161.5,,,90.0,95.0,,,,,
SOXL,SOXX,BREAKOUT_RSI,B126_RSI85,1Y,2025-07-21,2026-07-20,2.358553069784579,33585.53069784579,2.3748030979880697,0.7166877444164719,2.0583996540537597,-0.2616422414095061,9.076527877129656,0.32270916334661354,30.0,,,126.0,85.0,,,,,
SOXL,SOXX,BREAKOUT_RSI,B126_RSI85,3Y,2023-07-20,2026-07-20,2.2385715964873594,32385.715964873594,0.48259563210517786,0.5539074355645036,0.9945400602268641,-0.6996476829148308,0.6897694995495682,0.22074468085106383,52.0,,,126.0,85.0,,,,,
SOXL,SOXX,BREAKOUT_RSI,B126_RSI85,5Y,2021-07-20,2026-07-20,1.6254670103722617,26254.670103722616,0.21387884357535913,0.5163783762176691,0.6369088623813867,-0.6996476829148308,0.3056950645277774,0.21354581673306772,72.0,,,126.0,85.0,,,,,
SOXL,SOXX,BREAKOUT_RSI,B126_RSI85,10Y,2016-07-20,2026-07-20,1.2902593262114115,22902.593262114115,0.08664756824839226,0.523973897695114,0.42491554319475383,-0.8376513653642688,0.10344108758267456,0.2594508555511341,168.0,,,126.0,85.0,,,,,
SOXL,SOXX,BREAKOUT_RSI,B126_RSI85,MAX,2010-03-11,2026-07-20,3.899070944827921,48990.70944827921,0.10223044206709919,0.4351143808849356,0.4446510723194178,-0.8376513653642688,0.12204414186401084,0.23237724842002916,253.0,,,126.0,85.0,,,,,
SOXL,SOXX,BREAKOUT_RSI,B126_RSI90,1Y,2025-07-21,2026-07-20,1.2972289041570342,22972.28904157034,1.3048535354374695,0.9697451719231922,1.3487938821049263,-0.5841500251790686,2.233764408445369,0.49800796812749004,25.5,,,126.0,90.0,,,,,
SOXL,SOXX,BREAKOUT_RSI,B126_RSI90,3Y,2023-07-20,2026-07-20,1.069000590824702,20690.00590824702,0.2758904814593601,0.7094032748211592,0.7043874592648325,-0.699647682914831,0.39432772836459834,0.3351063829787234,43.5,,,126.0,90.0,,,,,
SOXL,SOXX,BREAKOUT_RSI,B126_RSI90,5Y,2021-07-20,2026-07-20,0.9747599361711634,19747.599361711633,0.14640568514572494,0.6201175234405146,0.5340240837126577,-0.6996476829148308,0.2092562995932156,0.2868525896414343,60.5,,,126.0,90.0,,,,,
SOXL,SOXX,BREAKOUT_RSI,B126_RSI90,10Y,2016-07-20,2026-07-20,0.08733539028838933,10873.353902883893,0.008431681950268999,0.5915113817934698,0.3150382759070505,-0.9068127667505721,0.009298150907692522,0.3247115001989654,145.5,,,126.0,90.0,,,,,
SOXL,SOXX,BREAKOUT_RSI,B126_RSI90,MAX,2010-03-11,2026-07-20,0.08007976718605381,10800.797671860539,0.004729865792809651,0.5158448838791486,0.270995828956454,-0.9068127667505721,0.005215923249248484,0.3043266893534273,218.5,,,126.0,90.0,,,,,
SOXL,SOXX,BREAKOUT_RSI,B126_RSI92,1Y,2025-07-21,2026-07-20,0.6505040491493923,16505.040491493924,0.6538023034818126,1.0837114739840705,1.003393190468739,-0.5841500251790686,1.119236968758826,0.6454183266932271,24.5,,,126.0,92.0,,,,,
SOXL,SOXX,BREAKOUT_RSI,B126_RSI92,3Y,2023-07-20,2026-07-20,0.4026111301807471,14026.111301807472,0.120055700466009,0.7818131933839725,0.5397525068980543,-0.6997266768697747,0.17157513702790042,0.41356382978723405,40.5,,,126.0,92.0,,,,,
SOXL,SOXX,BREAKOUT_RSI,B126_RSI92,5Y,2021-07-20,2026-07-20,0.35112051888458407,13511.20518884584,0.06228966587522655,0.6818669176993531,0.43162553529457864,-0.699726676869775,0.08901999585592359,0.37290836653386455,56.5,,,126.0,92.0,,,,,
SOXL,SOXX,BREAKOUT_RSI,B126_RSI92,10Y,2016-07-20,2026-07-20,2.3431916423041748,33431.916423041745,0.1286573995032816,0.6381114827992562,0.5114233016983363,-0.8271277935630369,0.15554718449136043,0.37763629128531634,133.5,,,126.0,92.0,,,,,
SOXL,SOXX,BREAKOUT_RSI,B126_RSI92,MAX,2010-03-11,2026-07-20,2.313566291819159,33135.662918191585,0.07614383639714184,0.5498843765193392,0.41064183836489276,-0.827127793563037,0.09205812812689479,0.3415167719980554,202.5,,,126.0,92.0,,,,,
SOXL,SOXX,BREAKOUT_RSI,B126_RSI95,1Y,2025-07-21,2026-07-20,1.9046217460014172,29046.217460014173,1.9169874652111503,1.1145749739334119,1.5151578218835433,-0.5832052419746298,3.2869859995094863,0.749003984063745,18.5,,,126.0,95.0,,,,,
SOXL,SOXX,BREAKOUT_RSI,B126_RSI95,3Y,2023-07-20,2026-07-20,1.423306500020605,24233.06500020605,0.3452955041389769,0.8112877583960837,0.7741225489287267,-0.7010381199784228,0.49254882765805197,0.47606382978723405,31.5,,,126.0,95.0,,,,,
SOXL,SOXX,BREAKOUT_RSI,B126_RSI95,5Y,2021-07-20,2026-07-20,-0.18625478564939557,8137.452143506044,-0.040541122533402585,0.8107314841431711,0.3563896607212866,-0.8895679302585818,-0.04557394792955046,0.501195219123506,45.5,,,126.0,95.0,,,,,
SOXL,SOXX,BREAKOUT_RSI,B126_RSI95,10Y,2016-07-20,2026-07-20,3.161381359332685,41613.81359332685,0.15370889575947588,0.7333385625755496,0.5639134403317763,-0.8895679302585815,0.17279050933726384,0.4942300039793076,101.5,,,126.0,95.0,,,,,
SOXL,SOXX,BREAKOUT_RSI,B126_RSI95,MAX,2010-03-11,2026-07-20,2.01066630735717,30106.6630735717,0.06984317813531726,0.6465807207844261,0.4296317501729346,-0.8895679302585815,0.07851359717409676,0.46985901798736024,157.5,,,126.0,95.0,,,,,
SOXL,SOXX,PULLBACK_RECLAIM,RSI5_R10_H10,1Y,2025-07-21,2026-07-20,1.3379629254580756,23379.629254580756,1.3458870217010794,0.38670073548354256,2.389078828049542,-0.15027030606686087,8.95644027704478,0.11952191235059761,3.0,,,,,5.0,10.0,10.0,,
SOXL,SOXX,PULLBACK_RECLAIM,RSI5_R10_H10,3Y,2023-07-20,2026-07-20,2.2569743891120817,32569.743891120816,0.4854134766590983,0.26572404817119194,1.6153208465048214,-0.15027030606686098,3.230268769420882,0.06648936170212766,5.0,,,,,5.0,10.0,10.0,,
SOXL,SOXX,PULLBACK_RECLAIM,RSI5_R10_H10,5Y,2021-07-20,2026-07-20,2.312455852327007,33124.55852327007,0.27187514960900194,0.22460882299695054,1.177635256418513,-0.23312960529458338,1.166197443115213,0.06772908366533864,9.0,,,,,5.0,10.0,10.0,,
SOXL,SOXX,PULLBACK_RECLAIM,RSI5_R10_H10,10Y,2016-07-20,2026-07-20,0.9153733923453105,19153.733923453103,0.06734290404500087,0.2648195946751053,0.38422440693607296,-0.7344016254081605,0.09169765114227997,0.07560684440907282,19.0,,,,,5.0,10.0,10.0,,
SOXL,SOXX,PULLBACK_RECLAIM,RSI5_R10_H10,MAX,2010-03-11,2026-07-20,0.5695543244974288,15695.543244974288,0.027997679524669916,0.24003789742718346,0.23894763284479734,-0.7344016254081602,0.038123117591290154,0.07535245503159942,31.0,,,,,5.0,10.0,10.0,,
SOXL,SOXX,PULLBACK_RECLAIM,RSI5_R10_H20,1Y,2025-07-21,2026-07-20,2.953280809758085,39532.80809758085,2.9749894621856257,0.518100164648209,2.91929483247188,-0.15257540365994526,19.498486589726994,0.23904382470119523,3.0,,,,,5.0,10.0,20.0,,
SOXL,SOXX,PULLBACK_RECLAIM,RSI5_R10_H20,3Y,2023-07-20,2026-07-20,5.178115993785685,61781.15993785685,0.8408606441472004,0.3574127770845956,1.8814781046202425,-0.20764658644096134,4.04947973650545,0.13297872340425532,5.0,,,,,5.0,10.0,20.0,,
SOXL,SOXX,PULLBACK_RECLAIM,RSI5_R10_H20,5Y,2021-07-20,2026-07-20,9.942775303377033,109427.75303377034,0.6167895234185701,0.3398763270635774,1.578245088503219,-0.2734874772016491,2.2552751947899825,0.1394422310756972,9.0,,,,,5.0,10.0,20.0,,
SOXL,SOXX,PULLBACK_RECLAIM,RSI5_R10_H20,10Y,2016-07-20,2026-07-20,8.430482185087211,94304.8218508721,0.2523474846019793,0.3743977730473553,0.7904723198061611,-0.704877438453384,0.35800193173393496,0.15161161957819339,20.0,,,,,5.0,10.0,20.0,,
SOXL,SOXX,PULLBACK_RECLAIM,RSI5_R10_H20,MAX,2010-03-11,2026-07-20,3.9543129113714546,49543.129113714545,0.10298775623735623,0.3351978258556617,0.46196627924970446,-0.704877438453384,0.14610732393893633,0.14584346135148274,30.0,,,,,5.0,10.0,20.0,,
SOXL,SOXX,PULLBACK_RECLAIM,RSI5_R10_H40,1Y,2025-07-21,2026-07-20,7.979958695689927,89799.58695689926,8.058832819089448,0.7651990594242422,3.2690828177877678,-0.2711647690173763,29.719321017595156,0.47808764940239046,3.0,,,,,5.0,10.0,40.0,,
SOXL,SOXX,PULLBACK_RECLAIM,RSI5_R10_H40,3Y,2023-07-20,2026-07-20,13.710632287587968,147106.32287587968,1.4619584261407628,0.5172171920438968,1.999220664740747,-0.2711647690173764,5.3914025462765025,0.26595744680851063,5.0,,,,,5.0,10.0,40.0,,
SOXL,SOXX,PULLBACK_RECLAIM,RSI5_R10_H40,5Y,2021-07-20,2026-07-20,42.219032053380246,432190.32053380244,1.130288063562468,0.46529521880056357,1.8552839669494061,-0.2711647690173762,4.168270338577941,0.250996015936255,8.0,,,,,5.0,10.0,40.0,,
SOXL,SOXX,PULLBACK_RECLAIM,RSI5_R10_H40,10Y,2016-07-20,2026-07-20,71.249965075232,722499.65075232,0.5360365371395608,0.48015383601981576,1.1350651511508478,-0.7490088965917829,0.715661108404305,0.26303223239156387,17.0,,,,,5.0,10.0,40.0,,
SOXL,SOXX,PULLBACK_RECLAIM,RSI5_R10_H40,MAX,2010-03-11,2026-07-20,102.7235730716122,1037235.730716122,0.3288656334977209,0.427554101503116,0.8791332421675079,-0.7490088965917829,0.4390677266907763,0.24307243558580457,25.0,,,,,5.0,10.0,40.0,,
SOXL,SOXX,PULLBACK_RECLAIM,RSI5_R20_H10,1Y,2025-07-21,2026-07-20,1.2588658170140299,22588.658170140297,1.2662110635148491,0.38930306904083006,2.2866966296939126,-0.15027030606686087,8.426222695996005,0.11952191235059761,3.0,,,,,5.0,20.0,10.0,,
SOXL,SOXX,PULLBACK_RECLAIM,RSI5_R20_H10,3Y,2023-07-20,2026-07-20,2.041444609075804,30414.44609075804,0.4517210087797463,0.2438493508947135,1.6438178861739612,-0.15027030606686076,3.0060563567279823,0.05319148936170213,4.0,,,,,5.0,20.0,10.0,,
SOXL,SOXX,PULLBACK_RECLAIM,RSI5_R20_H10,5Y,2021-07-20,2026-07-20,2.4531404451109586,34531.404451109585,0.28254231997733936,0.20888906989042236,1.2904238722479757,-0.2336152258572115,1.2094345261127488,0.05896414342629482,7.0,,,,,5.0,20.0,10.0,,
SOXL,SOXX,PULLBACK_RECLAIM,RSI5_R20_H10,10Y,2016-07-20,2026-07-20,5.8950317382187505,68950.31738218751,0.2136325127642955,0.20783332749593436,1.0328415779343425,-0.2517767536089076,0.8484997510776444,0.07162753680859531,17.0,,,,,5.0,20.0,10.0,,
SOXL,SOXX,PULLBACK_RECLAIM,RSI5_R20_H10,MAX,2010-03-11,2026-07-20,7.543302121620732,85433.02121620731,0.1404231928956825,0.17948771946408745,0.8199800206334579,-0.2854678445963219,0.4919054651996058,0.060768108896451144,24.0,,,,,5.0,20.0,10.0,,
SOXL,SOXX,PULLBACK_RECLAIM,RSI5_R20_H20,1Y,2025-07-21,2026-07-20,3.058399834838701,40583.99834838701,3.0811124000003343,0.5153435331903737,2.9834181014186063,-0.15257540365994526,20.194030794553296,0.23904382470119523,3.0,,,,,5.0,20.0,20.0,,
SOXL,SOXX,PULLBACK_RECLAIM,RSI5_R20_H20,3Y,2023-07-20,2026-07-20,4.072634478352723,50726.34478352722,0.7231705772833985,0.3300672990463284,1.8093413072872984,-0.2514218313716282,2.8763237199337532,0.10638297872340426,4.0,,,,,5.0,20.0,20.0,,
SOXL,SOXX,PULLBACK_RECLAIM,RSI5_R20_H20,5Y,2021-07-20,2026-07-20,4.93811491824656,59381.149182465604,0.43003337259154084,0.28112611380562413,1.4093929263254552,-0.2739475411479345,1.5697654039512563,0.10677290836653386,7.0,,,,,5.0,20.0,20.0,,
SOXL,SOXX,PULLBACK_RECLAIM,RSI5_R20_H20,10Y,2016-07-20,2026-07-20,13.087833105301819,140878.3310530182,0.3037803525644156,0.2783024331758938,1.0913539289540122,-0.31505721951027277,0.9642069241790872,0.1277357739753283,17.0,,,,,5.0,20.0,20.0,,
SOXL,SOXX,PULLBACK_RECLAIM,RSI5_R20_H20,MAX,2010-03-11,2026-07-20,10.785083239942171,117850.8323994217,0.16311774695038772,0.24453893312110003,0.7399997418100102,-0.5765263846872988,0.28293197203604287,0.10695187165775401,22.0,,,,,5.0,20.0,20.0,,
SOXL,SOXX,PULLBACK_RECLAIM,RSI5_R20_H40,1Y,2025-07-21,2026-07-20,7.336407279922183,83364.07279922183,7.40713774183533,0.7666414741362255,3.166089354706059,-0.2711647690173762,27.31600336089635,0.47808764940239046,3.0,,,,,5.0,20.0,40.0,,
SOXL,SOXX,PULLBACK_RECLAIM,RSI5_R20_H40,3Y,2023-07-20,2026-07-20,14.777885396528648,157778.8539652865,1.5204251181129393,0.49718319452420273,2.1062134648438264,-0.2711647690173763,5.607015703487314,0.2127659574468085,4.0,,,,,5.0,20.0,40.0,,
SOXL,SOXX,PULLBACK_RECLAIM,RSI5_R20_H40,5Y,2021-07-20,2026-07-20,27.95640891635054,289564.0891635054,0.9656838838949147,0.41235988414692804,1.8431243125805026,-0.2711647690173763,3.561243915993502,0.18645418326693228,6.0,,,,,5.0,20.0,40.0,,
SOXL,SOXX,PULLBACK_RECLAIM,RSI5_R20_H40,10Y,2016-07-20,2026-07-20,90.2395382150432,912395.382150432,0.5724046513932279,0.38738618105577205,1.3617946794544387,-0.47785543911488115,1.1978615383210407,0.23119777158774374,15.0,,,,,5.0,20.0,40.0,,
SOXL,SOXX,PULLBACK_RECLAIM,RSI5_R20_H40,MAX,2010-03-11,2026-07-20,124.41597301038496,1254159.7301038497,0.3444140363857844,0.33208287120398455,1.0570865670520984,-0.5776318542272618,0.596251806172516,0.18473505104521148,19.0,,,,,5.0,20.0,40.0,,
SOXL,SOXX,PULLBACK_RECLAIM,RSI10_R10_H10,1Y,2025-07-21,2026-07-20,2.294576350630116,32945.763506301155,2.3102631779688103,0.6406053892457385,2.188628392525859,-0.27773964593859046,8.318089303244882,0.3187250996015936,7.0,,,,,10.0,10.0,10.0,,
SOXL,SOXX,PULLBACK_RECLAIM,RSI10_R10_H10,3Y,2023-07-20,2026-07-20,3.220635247134612,42206.35247134612,0.620198029895654,0.5251047612223537,1.1864183599446407,-0.5148566868773352,1.204603233682806,0.2127659574468085,15.0,,,,,10.0,10.0,10.0,,
SOXL,SOXX,PULLBACK_RECLAIM,RSI10_R10_H10,5Y,2021-07-20,2026-07-20,3.456039654090337,44560.39654090337,0.34991648295920097,0.4551486669681439,0.8894224199394061,-0.514856686877335,0.6796386098847909,0.17928286852589642,22.0,,,,,10.0,10.0,10.0,,
SOXL,SOXX,PULLBACK_RECLAIM,RSI10_R10_H10,10Y,2016-07-20,2026-07-20,2.789192905499175,37891.92905499175,0.14291998449184207,0.4074321877121072,0.5380094910300438,-0.7569221808140703,0.18881727622003563,0.17906884202148826,43.0,,,,,10.0,10.0,10.0,,
SOXL,SOXX,PULLBACK_RECLAIM,RSI10_R10_H10,MAX,2010-03-11,2026-07-20,1.2046058113988685,22046.058113988685,0.049616093493974445,0.3635934541424007,0.3198614210617582,-0.7801444928486796,0.06359859481004913,0.17744287797763733,70.0,,,,,10.0,10.0,10.0,,
SOXL,SOXX,PULLBACK_RECLAIM,RSI10_R10_H20,1Y,2025-07-21,2026-07-20,1.3900108626496395,23900.108626496396,1.3983217391507736,0.8518783446793221,1.4458975417406208,-0.467987697926771,2.9879455065709397,0.47808764940239046,6.0,,,,,10.0,10.0,20.0,,
SOXL,SOXX,PULLBACK_RECLAIM,RSI10_R10_H20,3Y,2023-07-20,2026-07-20,1.3691441522576189,23691.441522576188,0.33514366093150194,0.6399748654456715,0.7732573189817221,-0.5654390471496796,0.5927140380929241,0.3257978723404255,13.0,,,,,10.0,10.0,20.0,,
SOXL,SOXX,PULLBACK_RECLAIM,RSI10_R10_H20,5Y,2021-07-20,2026-07-20,4.344251126230588,53442.511262305874,0.40009453690721974,0.5787148507490255,0.8701451325479187,-0.5654390471496797,0.7075820796672166,0.29880478087649404,19.0,,,,,10.0,10.0,20.0,,
SOXL,SOXX,PULLBACK_RECLAIM,RSI10_R10_H20,10Y,2016-07-20,2026-07-20,12.19003666888723,131900.36668887228,0.29519943570459484,0.5009815612117221,0.7674403646489611,-0.6209395155174056,0.4754077141613644,0.294866693195384,38.0,,,,,10.0,10.0,20.0,,
SOXL,SOXX,PULLBACK_RECLAIM,RSI10_R10_H20,MAX,2010-03-11,2026-07-20,5.9184550184984985,69184.55018498498,0.12578156297864296,0.45376195868759023,0.48900572366758027,-0.772639116276496,0.16279471273058208,0.2987360233349538,59.0,,,,,10.0,10.0,20.0,,
SOXL,SOXX,PULLBACK_RECLAIM,RSI10_R10_H40,1Y,2025-07-21,2026-07-20,3.061118556292275,40611.18556292275,3.08385723243771,0.968527465209684,1.93811935428923,-0.5832052419746296,5.287773515197353,0.5776892430278885,3.5,,,,,10.0,10.0,40.0,,
SOXL,SOXX,PULLBACK_RECLAIM,RSI10_R10_H40,3Y,2023-07-20,2026-07-20,3.100694940672833,41006.94940672833,0.6046209109771765,0.756712981156744,1.0085998407817576,-0.5832052419746299,1.036720638741238,0.44148936170212766,8.5,,,,,10.0,10.0,40.0,,
SOXL,SOXX,PULLBACK_RECLAIM,RSI10_R10_H40,5Y,2021-07-20,2026-07-20,8.999867741842484,99998.67741842485,0.5877994946485712,0.6991049425771342,1.0132354051496815,-0.5832052419746299,1.0078775915291605,0.4302788844621514,13.5,,,,,10.0,10.0,40.0,,
SOXL,SOXX,PULLBACK_RECLAIM,RSI10_R10_H40,10Y,2016-07-20,2026-07-20,16.275770732591546,172757.70732591546,0.3307253595457207,0.6428185336595815,0.7706967523972592,-0.8192030351305765,0.4037159841491614,0.43215280541185835,26.5,,,,,10.0,10.0,40.0,,
SOXL,SOXX,PULLBACK_RECLAIM,RSI10_R10_H40,MAX,2010-03-11,2026-07-20,32.18942011154233,331894.20111542335,0.23927503053629562,0.5683441014114202,0.665031432785682,-0.8192030351305765,0.292082695345674,0.4214876033057851,42.5,,,,,10.0,10.0,40.0,,
SOXL,SOXX,PULLBACK_RECLAIM,RSI10_R20_H10,1Y,2025-07-21,2026-07-20,2.321143379069051,33211.43379069051,2.3370634809672843,0.6115195231112366,2.2762176625041635,-0.22182422304895943,10.535654983231767,0.2788844621513944,6.0,,,,,10.0,20.0,10.0,,
SOXL,SOXX,PULLBACK_RECLAIM,RSI10_R20_H10,3Y,2023-07-20,2026-07-20,4.621058162439591,56210.58162439591,0.7834823853606949,0.43246869999199805,1.5527589431728266,-0.3240491768200121,2.4177885376819446,0.18617021276595744,13.0,,,,,10.0,20.0,10.0,,
SOXL,SOXX,PULLBACK_RECLAIM,RSI10_R20_H10,5Y,2021-07-20,2026-07-20,3.6712369458235683,46712.369458235684,0.3627612982059081,0.38089886899961933,1.002118637651878,-0.4806501758642505,0.7547303973282272,0.16254980079681275,19.0,,,,,10.0,20.0,10.0,,
SOXL,SOXX,PULLBACK_RECLAIM,RSI10_R20_H10,10Y,2016-07-20,2026-07-20,10.367676709970123,113676.76709970123,0.2760310149152516,0.3339490736958386,0.8962386303471002,-0.5002204997857645,0.5518186780299302,0.15917230401910068,37.0,,,,,10.0,20.0,10.0,,
SOXL,SOXX,PULLBACK_RECLAIM,RSI10_R20_H10,MAX,2010-03-11,2026-07-20,4.4703443160992,54703.443160992,0.10970243099363475,0.30091923282503236,0.4966329760174385,-0.6418569963888785,0.17091413135764888,0.15313563441905687,60.0,,,,,10.0,20.0,10.0,,
SOXL,SOXX,PULLBACK_RECLAIM,RSI10_R20_H20,1Y,2025-07-21,2026-07-20,3.972896455228055,49728.96455228055,4.004777249419455,0.8564569449256494,2.3071830897352683,-0.46798769792677075,8.557441289933458,0.47808764940239046,6.0,,,,,10.0,20.0,20.0,,
SOXL,SOXX,PULLBACK_RECLAIM,RSI10_R20_H20,3Y,2023-07-20,2026-07-20,2.1871176813881044,31871.176813881044,0.4746600549087012,0.5859807699355694,0.9537226447765405,-0.6936124921419978,0.6843303145288909,0.2992021276595745,11.0,,,,,10.0,20.0,20.0,,
SOXL,SOXX,PULLBACK_RECLAIM,RSI10_R20_H20,5Y,2021-07-20,2026-07-20,2.562925964488277,35629.25964488277,0.2906278914418188,0.5102667093191373,0.7534429383896488,-0.6936124921419977,0.41900613777054185,0.2661354581673307,16.0,,,,,10.0,20.0,20.0,,
SOXL,SOXX,PULLBACK_RECLAIM,RSI10_R20_H20,10Y,2016-07-20,2026-07-20,4.189165686709609,51891.65686709609,0.17952987542866516,0.45873417147527734,0.5899504554690701,-0.6936124921419977,0.2588331056066266,0.26303223239156387,33.0,,,,,10.0,20.0,20.0,,
SOXL,SOXX,PULLBACK_RECLAIM,RSI10_R20_H20,MAX,2010-03-11,2026-07-20,0.19393709563714046,11939.370956371404,0.010916862997293775,0.41542987730408387,0.2349979380997895,-0.8595860088140976,0.012700140399394008,0.25765678172095285,52.0,,,,,10.0,20.0,20.0,,
SOXL,SOXX,PULLBACK_RECLAIM,RSI10_R20_H40,1Y,2025-07-21,2026-07-20,4.7148138335950405,57148.1383359504,4.754638301007238,1.015091497022594,2.236203730567277,-0.5832052419746298,8.152598705918475,0.5896414342629482,3.5,,,,,10.0,20.0,40.0,,
SOXL,SOXX,PULLBACK_RECLAIM,RSI10_R20_H40,3Y,2023-07-20,2026-07-20,4.246160098138185,52461.60098138185,0.742703465228246,0.7628192864129106,1.1144767017289594,-0.6640480121179304,1.118448442996539,0.4428191489361702,8.5,,,,,10.0,20.0,40.0,,
SOXL,SOXX,PULLBACK_RECLAIM,RSI10_R20_H40,5Y,2021-07-20,2026-07-20,7.6813279277036965,86813.27927703697,0.5433524287664944,0.6797516768972433,0.9809855591105758,-0.6640480121179304,0.8182426855454522,0.4,12.5,,,,,10.0,20.0,40.0,,
SOXL,SOXX,PULLBACK_RECLAIM,RSI10_R20_H40,10Y,2016-07-20,2026-07-20,10.388426224812282,113884.26224812282,0.2762643871400643,0.624330216553879,0.7077460892863213,-0.8136865359167577,0.3395218858190949,0.40151213688818144,25.5,,,,,10.0,20.0,40.0,,
SOXL,SOXX,PULLBACK_RECLAIM,RSI10_R20_H40,MAX,2010-03-11,2026-07-20,4.610073930534458,56100.739305344585,0.11141821907435578,0.5537677988096441,0.47148171972947245,-0.8136865359167577,0.13693014958005176,0.39572192513368987,40.5,,,,,10.0,20.0,40.0,,
SOXL,SOXX,PULLBACK_RECLAIM,RSI15_R10_H10,1Y,2025-07-21,2026-07-20,4.9819029833902615,59819.02983390261,5.024684971720116,0.8094421093334847,2.626325928519653,-0.27773964593859035,18.091349381323468,0.47808764940239046,11.0,,,,,15.0,10.0,10.0,,
SOXL,SOXX,PULLBACK_RECLAIM,RSI15_R10_H10,3Y,2023-07-20,2026-07-20,9.127133867931112,101271.33867931113,1.1724258465196495,0.6484557892706662,1.5253853316676709,-0.5024616689372456,2.3333637548898847,0.3324468085106383,24.0,,,,,15.0,10.0,10.0,,
SOXL,SOXX,PULLBACK_RECLAIM,RSI15_R10_H10,5Y,2021-07-20,2026-07-20,10.038151041036679,110381.51041036678,0.6196092914532165,0.5809122936019467,1.1226988930035018,-0.5060185949305469,1.2244792931735253,0.2749003984063745,33.0,,,,,15.0,10.0,10.0,,
SOXL,SOXX,PULLBACK_RECLAIM,RSI15_R10_H10,10Y,2016-07-20,2026-07-20,13.494794114070276,144947.94114070275,0.3075089264053945,0.5179573445669544,0.7818868020247486,-0.7520145942479777,0.4089135088035181,0.28651014723438123,69.0,,,,,15.0,10.0,10.0,,
SOXL,SOXX,PULLBACK_RECLAIM,RSI15_R10_H10,MAX,2010-03-11,2026-07-20,19.099915241499886,200999.15241499885,0.2017833693901716,0.4510142213618393,0.6370505876182261,-0.7520145942479776,0.2683237412326513,0.2771025765678172,109.0,,,,,15.0,10.0,10.0,,
SOXL,SOXX,PULLBACK_RECLAIM,RSI15_R10_H20,1Y,2025-07-21,2026-07-20,3.803556515339398,48035.56515339398,3.8336844401940313,0.8635040461259542,2.2509392679414453,-0.3994506202804039,9.597392632668551,0.5577689243027888,7.0,,,,,15.0,10.0,20.0,,
SOXL,SOXX,PULLBACK_RECLAIM,RSI15_R10_H20,3Y,2023-07-20,2026-07-20,6.692663987484635,76926.63987484635,0.9812075717971775,0.6944095980666658,1.3327730707341152,-0.46826936244014317,2.0953913505767763,0.4321808510638298,17.0,,,,,15.0,10.0,20.0,,
SOXL,SOXX,PULLBACK_RECLAIM,RSI15_R10_H20,5Y,2021-07-20,2026-07-20,8.295310342265468,92953.10342265468,0.564675577435509,0.6572958393147359,1.0086101192109398,-0.6139280207758808,0.9197748894436734,0.3784860557768924,24.0,,,,,15.0,10.0,20.0,,
SOXL,SOXX,PULLBACK_RECLAIM,RSI15_R10_H20,10Y,2016-07-20,2026-07-20,47.632901498161324,486329.01498161326,0.4762602127444868,0.597094893363906,0.9517422944801116,-0.7626351720593315,0.6244928508325271,0.4222045364106645,51.0,,,,,15.0,10.0,20.0,,
SOXL,SOXX,PULLBACK_RECLAIM,RSI15_R10_H20,MAX,2010-03-11,2026-07-20,41.847351034117764,428473.51034117764,0.25881609025134433,0.5332910458336947,0.6995514469952409,-0.7626351720593317,0.33937077613725486,0.42780748663101603,81.0,,,,,15.0,10.0,20.0,,
SOXL,SOXX,PULLBACK_RECLAIM,RSI15_R10_H40,1Y,2025-07-21,2026-07-20,5.842912406401298,68429.12406401297,5.895545589023525,1.1489381323901662,2.262447039440941,-0.5832052419746296,10.108869339140801,0.796812749003984,4.5,,,,,15.0,10.0,40.0,,
SOXL,SOXX,PULLBACK_RECLAIM,RSI15_R10_H40,3Y,2023-07-20,2026-07-20,5.037787518015261,60377.87518015261,0.8267417034123956,0.882601030546877,1.1312072273448093,-0.7209489007454297,1.146741055513894,0.6210106382978723,10.5,,,,,15.0,10.0,40.0,,
SOXL,SOXX,PULLBACK_RECLAIM,RSI15_R10_H40,5Y,2021-07-20,2026-07-20,10.653871480205192,116538.71480205192,0.6373586630442529,0.8001466931049027,1.0196064274213907,-0.7209489007454297,0.8840552532714203,0.5378486055776892,15.5,,,,,15.0,10.0,40.0,,
SOXL,SOXX,PULLBACK_RECLAIM,RSI15_R10_H40,10Y,2016-07-20,2026-07-20,86.79599480966702,877959.9480966702,0.5663500607931715,0.7442922948927432,0.9800855235966818,-0.8192030351305764,0.6913427276339357,0.5813768404297652,34.5,,,,,15.0,10.0,40.0,,
SOXL,SOXX,PULLBACK_RECLAIM,RSI15_R10_H40,MAX,2010-03-11,2026-07-20,149.05265150467133,1500526.5150467134,0.35926515012533167,0.6462309555564146,0.8017231304258341,-0.8192030351305765,0.43855446662019115,0.5491006319883325,53.5,,,,,15.0,10.0,40.0,,
SOXL,SOXX,PULLBACK_RECLAIM,RSI15_R20_H10,1Y,2025-07-21,2026-07-20,2.8915591123611897,38915.5911236119,2.9126835268738844,0.7216379514877079,2.2570132682810984,-0.29902291392782365,9.740669999547027,0.398406374501992,9.0,,,,,15.0,20.0,10.0,,
SOXL,SOXX,PULLBACK_RECLAIM,RSI15_R20_H10,3Y,2023-07-20,2026-07-20,6.558702523118458,75587.02523118458,0.9695784411126314,0.49187665544399883,1.6253792475907396,-0.3240491768200121,2.9920719152178807,0.2393617021276596,17.0,,,,,15.0,20.0,10.0,,
SOXL,SOXX,PULLBACK_RECLAIM,RSI15_R20_H10,5Y,2021-07-20,2026-07-20,4.6567270262560685,56567.27026256068,0.4161612211917167,0.4542374110370813,0.9938422613572222,-0.5630154014344738,0.7391648969662358,0.2103585657370518,25.0,,,,,15.0,20.0,10.0,,
SOXL,SOXX,PULLBACK_RECLAIM,RSI15_R20_H10,10Y,2016-07-20,2026-07-20,16.77598838485914,177759.8838485914,0.3345397649776418,0.38614378873324046,0.9405352377369319,-0.5794820097689843,0.5773082845333009,0.19498607242339833,46.0,,,,,15.0,20.0,10.0,,
SOXL,SOXX,PULLBACK_RECLAIM,RSI15_R20_H10,MAX,2010-03-11,2026-07-20,21.004435731669503,220044.35731669504,0.2084660739851103,0.35053635741496847,0.7160389669787498,-0.579482009768984,0.3597455494230395,0.19931939718035974,79.0,,,,,15.0,20.0,10.0,,
SOXL,SOXX,PULLBACK_RECLAIM,RSI15_R20_H20,1Y,2025-07-21,2026-07-20,5.458284752559632,64582.84752559632,5.506459759171372,0.9654617457844665,2.427652695719631,-0.46798769792677075,11.76624894963159,0.6374501992031872,7.0,,,,,15.0,20.0,20.0,,
SOXL,SOXX,PULLBACK_RECLAIM,RSI15_R20_H20,3Y,2023-07-20,2026-07-20,4.008439909406451,50084.39909406451,0.7158319998668012,0.6509706702117861,1.15502861970109,-0.6292615337921689,1.1375746989537496,0.37898936170212766,13.0,,,,,15.0,20.0,20.0,,
SOXL,SOXX,PULLBACK_RECLAIM,RSI15_R20_H20,5Y,2021-07-20,2026-07-20,1.9233575562836784,29233.575562836784,0.2403595880304723,0.6019263008532212,0.6589324769100559,-0.7201431705777477,0.33376639236561745,0.3298804780876494,19.0,,,,,15.0,20.0,20.0,,
SOXL,SOXX,PULLBACK_RECLAIM,RSI15_R20_H20,10Y,2016-07-20,2026-07-20,7.4339438397595,84339.438397595,0.23840021218751284,0.5244883414458656,0.671091134036172,-0.7718457660032616,0.30887027264784583,0.3187425387982491,39.0,,,,,15.0,20.0,20.0,,
SOXL,SOXX,PULLBACK_RECLAIM,RSI15_R20_H20,MAX,2010-03-11,2026-07-20,4.6074045436102145,56074.04543610215,0.11138581842437745,0.47324133756531295,0.4613301423260306,-0.7718457660032616,0.14431097938277318,0.32085561497326204,64.0,,,,,15.0,20.0,20.0,,
SOXL,SOXX,PULLBACK_RECLAIM,RSI15_R20_H40,1Y,2025-07-21,2026-07-20,6.421810483590934,74218.10483590934,6.481316483852146,1.1082195519734768,2.3801729694814395,-0.5832052419746296,11.113268567181525,0.749003984063745,4.5,,,,,15.0,20.0,40.0,,
SOXL,SOXX,PULLBACK_RECLAIM,RSI15_R20_H40,3Y,2023-07-20,2026-07-20,5.813171373329718,68131.71373329718,0.902219695525631,0.8058516648352283,1.207304447054803,-0.6640480121179304,1.3586663600544036,0.49601063829787234,9.5,,,,,15.0,20.0,40.0,,
SOXL,SOXX,PULLBACK_RECLAIM,RSI15_R20_H40,5Y,2021-07-20,2026-07-20,7.359388753147128,83593.88753147128,0.5316858663815143,0.7254961229739779,0.9542053321743944,-0.6640480121179306,0.8006738318299345,0.43187250996015936,13.5,,,,,15.0,20.0,40.0,,
SOXL,SOXX,PULLBACK_RECLAIM,RSI15_R20_H40,10Y,2016-07-20,2026-07-20,14.193231827859215,151932.31827859214,0.3136938504247153,0.6686011419095731,0.7474880148888166,-0.8136865359167577,0.3855217415774065,0.44090728213290886,27.5,,,,,15.0,20.0,40.0,,
SOXL,SOXX,PULLBACK_RECLAIM,RSI15_R20_H40,MAX,2010-03-11,2026-07-20,8.142307673143847,91423.07673143847,0.14516682411999726,0.5909841771342393,0.5289089626723659,-0.8136865359167577,0.17840632444094937,0.44433641225085074,45.5,,,,,15.0,20.0,40.0,,
SOXL,SOXX,MHT,MHT4_1,1Y,2025-07-21,2026-07-20,4.656214791163032,56562.14791163032,4.695397028072951,1.2555705734973974,2.0198914811164177,-0.5832052419746299,8.051019932837308,1.0,0.5,,,,,,,,4.0,1.0
SOXL,SOXX,MHT,MHT4_1,3Y,2023-07-20,2026-07-20,0.38053092154328594,13805.309215432859,0.11411585554200343,0.9582011123648352,0.6001718326901994,-0.9287724131339937,0.12286740425131465,0.7779255319148937,12.5,,,,,,,,4.0,1.0
SOXL,SOXX,MHT,MHT4_1,5Y,2021-07-20,2026-07-20,0.7411202006983288,17411.202006983287,0.11778337575610287,0.8814653436412458,0.5721684260462852,-0.9287724131339936,0.12681618671108216,0.7179282868525897,17.5,,,,,,,,4.0,1.0
SOXL,SOXX,MHT,MHT4_1,10Y,2016-07-20,2026-07-20,13.37362857405666,143736.2857405666,0.30640875956571545,0.7928673656892209,0.7389465853788064,-0.9287724131339936,0.3299072573998922,0.7886987664146439,32.5,,,,,,,,4.0,1.0
SOXL,SOXX,MHT,MHT4_1,MAX,2010-03-11,2026-07-20,38.922814818819454,399228.14818819455,0.2533766709198553,0.694720905385619,0.6768972438792347,-0.9287724131339936,0.2728081361341002,0.7591152163344677,51.5,,,,,,,,4.0,1.0
SOXL,SOXX,MHT,MHT4_2,1Y,2025-07-21,2026-07-20,4.866347900389641,58663.47900389641,4.907844304037946,1.2371798537793488,2.061775212520184,-0.5832052419746296,8.415295252526974,0.9880478087649402,1.5,,,,,,,,4.0,2.0
SOXL,SOXX,MHT,MHT4_2,3Y,2023-07-20,2026-07-20,2.6600929221982392,36600.92922198239,0.5446489846635802,0.9150417478225154,0.9361493533086508,-0.8424377219112995,0.646515428378368,0.7433510638297872,15.5,,,,,,,,4.0,2.0
SOXL,SOXX,MHT,MHT4_2,5Y,2021-07-20,2026-07-20,2.979696027716665,39796.960277166654,0.31961714174074185,0.8453171881724946,0.7524538645104972,-0.8424377219112995,0.3793955724295005,0.6764940239043825,24.5,,,,,,,,4.0,2.0
SOXL,SOXX,MHT,MHT4_2,10Y,2016-07-20,2026-07-20,27.306412111616822,283064.1211161682,0.3982760121666844,0.7615933185219436,0.824608256764862,-0.8424377219112995,0.4727661188569367,0.7500994826900119,51.5,,,,,,,,4.0,2.0
SOXL,SOXX,MHT,MHT4_2,MAX,2010-03-11,2026-07-20,52.80568011559539,538056.8011559539,0.2764993124440376,0.6674804599249635,0.7026169285282511,-0.8424377219112996,0.32821335661076945,0.7228974234321828,83.5,,,,,,,,4.0,2.0
SOXL,SOXX,MHT,MHT4_3,1Y,2025-07-21,2026-07-20,3.4389449574862283,44389.44957486229,3.465381447554659,1.1528842536006052,1.8777487678189346,-0.49779603844606934,6.961448424483785,0.900398406374502,7.0,,,,,,,,4.0,3.0
SOXL,SOXX,MHT,MHT4_3,3Y,2023-07-20,2026-07-20,3.0114227474220403,40114.2274742204,0.5928290058405099,0.8435954438651578,0.9758429936109879,-0.8157106629673239,0.7267638303071413,0.6622340425531915,27.0,,,,,,,,4.0,3.0
SOXL,SOXX,MHT,MHT4_3,5Y,2021-07-20,2026-07-20,2.268288123571711,32682.881235717112,0.2684515519670265,0.7895553731413435,0.6973756445785486,-0.815710662967324,0.329101437745678,0.6151394422310758,43.0,,,,,,,,4.0,3.0
SOXL,SOXX,MHT,MHT4_3,10Y,2016-07-20,2026-07-20,10.92145610324828,119214.5610324828,0.2821320116461945,0.7171389015612198,0.7084284051108591,-0.8157106629673239,0.34587265369301207,0.6920015917230402,94.0,,,,,,,,4.0,3.0
SOXL,SOXX,MHT,MHT4_3,MAX,2010-03-11,2026-07-20,14.43038432840142,154303.8432840142,0.18247816654268756,0.6275216435984614,0.5836945182222814,-0.8157106629673239,0.2237045251791656,0.6631016042780749,158.0,,,,,,,,4.0,3.0
SOXL,SOXX,MHT,MHT5_1,1Y,2025-07-21,2026-07-20,4.656214791163032,56562.14791163032,4.695397028072951,1.2555705734973974,2.0198914811164177,-0.5832052419746299,8.051019932837308,1.0,0.5,,,,,,,,5.0,1.0
SOXL,SOXX,MHT,MHT5_1,3Y,2023-07-20,2026-07-20,1.4745021695191531,24745.02169519153,0.35475351485175,0.9284004660246622,0.7984651530771623,-0.8778953090346947,0.40409546696613,0.7154255319148937,8.5,,,,,,,,5.0,1.0
SOXL,SOXX,MHT,MHT5_1,5Y,2021-07-20,2026-07-20,1.1696163715732868,21696.16371573287,0.1682737647048569,0.8464959540894752,0.6118452262421842,-0.8778953090346946,0.19167862383259035,0.6629482071713148,13.5,,,,,,,,5.0,1.0
SOXL,SOXX,MHT,MHT5_1,10Y,2016-07-20,2026-07-20,14.776660670914502,157766.606709145,0.3186672411478966,0.7683181805182902,0.7495028598024525,-0.8778953090346947,0.3629900261094831,0.7481098288897732,26.5,,,,,,,,5.0,1.0
SOXL,SOXX,MHT,MHT5_1,MAX,2010-03-11,2026-07-20,27.99307825996529,289930.7825996529,0.2290562166601684,0.6724662121753288,0.6472824169833603,-0.8778953090346946,0.26091518465001395,0.7182790471560525,41.5,,,,,,,,5.0,1.0
SOXL,SOXX,MHT,MHT5_2,1Y,2025-07-21,2026-07-20,4.866347900389641,58663.47900389641,4.907844304037946,1.2371798537793488,2.061775212520184,-0.5832052419746296,8.415295252526974,0.9880478087649402,1.5,,,,,,,,5.0,2.0
SOXL,SOXX,MHT,MHT5_2,3Y,2023-07-20,2026-07-20,4.210590113210281,52105.90113210281,0.7387349335657669,0.8937516526642816,1.069239559462004,-0.7812381323398162,0.945595079125552,0.6928191489361702,10.5,,,,,,,,5.0,2.0
SOXL,SOXX,MHT,MHT5_2,5Y,2021-07-20,2026-07-20,4.524991788954829,55249.917889548284,0.4094764589743993,0.8103935628859794,0.8301074417210417,-0.7812381323398161,0.5241378294579826,0.6262948207171315,16.5,,,,,,,,5.0,2.0
SOXL,SOXX,MHT,MHT5_2,10Y,2016-07-20,2026-07-20,35.79967937036405,367996.7937036405,0.4355574314558319,0.7341116638498437,0.8627384859648907,-0.7812381323398161,0.5575219813596822,0.709908475925189,38.5,,,,,,,,5.0,2.0
SOXL,SOXX,MHT,MHT5_2,MAX,2010-03-11,2026-07-20,66.8738741544804,678738.7415448041,0.2947907205789615,0.6419985577297345,0.7261563293957259,-0.7812381323398162,0.37733785433138073,0.6789013125911522,59.5,,,,,,,,5.0,2.0
SOXL,SOXX,MHT,MHT5_3,1Y,2025-07-21,2026-07-20,4.113857501914642,51138.57501914642,4.1472151507066375,1.1459897026798544,2.0068926165705463,-0.49779603844606934,8.331153384933861,0.8844621513944223,4.0,,,,,,,,5.0,3.0
SOXL,SOXX,MHT,MHT5_3,3Y,2023-07-20,2026-07-20,5.942391332324826,69423.91332324826,0.9142341843430792,0.8182420035190575,1.205089904305032,-0.7312204961131634,1.2502852275103524,0.6063829787234043,15.0,,,,,,,,5.0,3.0
SOXL,SOXX,MHT,MHT5_3,5Y,2021-07-20,2026-07-20,5.0403802711473205,60403.8027114732,0.43494487689788963,0.7461338196916399,0.8577987280191145,-0.7411495563139388,0.5868516997582255,0.5601593625498008,26.0,,,,,,,,5.0,3.0
SOXL,SOXX,MHT,MHT5_3,10Y,2016-07-20,2026-07-20,18.55655529629167,195565.5529629167,0.3473763730249164,0.683832486961599,0.7805724274925245,-0.741149556313939,0.4686994278895222,0.6466374850775966,64.0,,,,,,,,5.0,3.0
SOXL,SOXX,MHT,MHT5_3,MAX,2010-03-11,2026-07-20,18.2736763872295,192736.763872295,0.1986973505182439,0.5995354771709563,0.6043529626324261,-0.7411495563139389,0.2680934621433935,0.616917841516772,108.0,,,,,,,,5.0,3.0
SOXL,SOXX,MHT,MHT6_1,1Y,2025-07-21,2026-07-20,4.656214791163032,56562.14791163032,4.695397028072951,1.2555705734973974,2.0198914811164177,-0.5832052419746299,8.051019932837308,1.0,0.5,,,,,,,,6.0,1.0
SOXL,SOXX,MHT,MHT6_1,3Y,2023-07-20,2026-07-20,2.2963037945802425,32963.037945802425,0.49140031837115217,0.9001815087748615,0.9001674817714099,-0.7870680211442125,0.6243428841852464,0.6569148936170213,6.5,,,,,,,,6.0,1.0
SOXL,SOXX,MHT,MHT6_1,5Y,2021-07-20,2026-07-20,4.1006600504638255,51006.600504638256,0.38704043444364955,0.8030332745282133,0.8125922550054901,-0.7870680211442127,0.4917496633657957,0.6,9.5,,,,,,,,6.0,1.0
SOXL,SOXX,MHT,MHT6_1,10Y,2016-07-20,2026-07-20,26.168591024058355,271685.91024058353,0.39253517209701627,0.7303564227469669,0.8230657527430298,-0.7870680211442126,0.4987309375450956,0.6872264226024671,19.5,,,,,,,,6.0,1.0
SOXL,SOXX,MHT,MHT6_1,MAX,2010-03-11,2026-07-20,65.95752435339728,669575.2435339728,0.2937131096736809,0.6340027637957333,0.7268747514264,-0.7870680211442125,0.37317373058390924,0.6385512882839086,30.5,,,,,,,,6.0,1.0
SOXL,SOXX,MHT,MHT6_2,1Y,2025-07-21,2026-07-20,3.974489487854016,49744.89487854016,4.006386883294019,1.2271470110679779,1.9333613384015709,-0.5832052419746298,6.8696002623863635,0.9800796812749004,1.5,,,,,,,,6.0,2.0
SOXL,SOXX,MHT,MHT6_2,3Y,2023-07-20,2026-07-20,4.861088471386521,58610.884713865205,0.8086495414515749,0.8591714022669519,1.1217291641187688,-0.6201156208000851,1.3040302716584364,0.6356382978723404,7.5,,,,,,,,6.0,2.0
SOXL,SOXX,MHT,MHT6_2,5Y,2021-07-20,2026-07-20,7.559523796579523,85595.23796579523,0.5389797608861921,0.7667569275701592,0.9464501133848554,-0.6201156208000851,0.8691601095144,0.5665338645418326,11.5,,,,,,,,6.0,2.0
SOXL,SOXX,MHT,MHT6_2,10Y,2016-07-20,2026-07-20,68.99038921118532,699903.8921118531,0.5311501425802436,0.6941394723583685,0.9634918813366573,-0.6201156208000849,0.8565340474651222,0.652208515718265,24.5,,,,,,,,6.0,2.0
SOXL,SOXX,MHT,MHT6_2,MAX,2010-03-11,2026-07-20,155.97714026773895,1569771.4026773896,0.3630265671482089,0.6025226861823585,0.8176147938735137,-0.6201156208000849,0.5854175495205639,0.6023334953816237,37.5,,,,,,,,6.0,2.0
SOXL,SOXX,MHT,MHT6_3,1Y,2025-07-21,2026-07-20,3.2354688228415274,42354.688228415274,3.259897062059922,1.1253617828640934,1.8540117123062645,-0.49779603844606934,6.548660114363477,0.8565737051792829,3.0,,,,,,,,6.0,3.0
SOXL,SOXX,MHT,MHT6_3,3Y,2023-07-20,2026-07-20,7.197325720251131,81973.2572025113,1.023845630716644,0.7769412895036958,1.2968957031486654,-0.5235697565164235,1.9555094960580055,0.5531914893617021,9.0,,,,,,,,6.0,3.0
SOXL,SOXX,MHT,MHT6_3,5Y,2021-07-20,2026-07-20,10.618727721522175,116187.27721522175,0.6363659982952128,0.7035138182691998,1.0512885146162925,-0.5235697565164235,1.215436893317292,0.50199203187251,15.0,,,,,,,,6.0,3.0
SOXL,SOXX,MHT,MHT6_3,10Y,2016-07-20,2026-07-20,37.92486913293978,389248.69132939784,0.4436625025387717,0.6436218194045458,0.8941559146648711,-0.6038102063369603,0.7347714528216883,0.584958217270195,39.0,,,,,,,,6.0,3.0
SOXL,SOXX,MHT,MHT6_3,MAX,2010-03-11,2026-07-20,76.83907386145772,778390.7386145772,0.3057014950592387,0.5583332589480207,0.7586096849039715,-0.6038102063369604,0.5062873927120072,0.5342732134175985,62.0,,,,,,,,6.0,3.0
SOXL,SMH,MA_REGIME,MA20_EXIT100,1Y,2025-07-21,2026-07-20,4.866347900389641,58663.47900389641,4.907844304037946,1.2371798537793488,2.061775212520184,-0.5832052419746296,8.415295252526974,0.9880478087649402,1.5,20.0,100.0,,,,,,,
SOXL,SMH,MA_REGIME,MA20_EXIT100,3Y,2023-07-20,2026-07-20,5.662313664618279,66623.13664618279,0.8880001306614853,0.9485597878790516,1.1488283446397876,-0.8138995191069611,1.0910439308722408,0.8164893617021277,29.5,20.0,100.0,,,,,,,
SOXL,SMH,MA_REGIME,MA20_EXIT100,5Y,2021-07-20,2026-07-20,13.859521741544087,148595.2174154409,0.7192333802928097,0.8746892519351994,1.0588097199235198,-0.8138995191069613,0.8836881745328679,0.7458167330677291,63.5,20.0,100.0,,,,,,,
SOXL,SMH,MA_REGIME,MA20_EXIT100,10Y,2016-07-20,2026-07-20,112.02864803646588,1130286.4803646589,0.6065371476229839,0.7802363018415047,1.0014633857109454,-0.8138995191069613,0.7452236220614769,0.7863111818543573,114.5,20.0,100.0,,,,,,,
SOXL,SMH,MA_REGIME,MA20_EXIT100,MAX,2010-03-11,2026-07-20,125.10580816362868,1261058.0816362868,0.34486583309277363,0.6906455001996188,0.7775499139292721,-0.8138995191069611,0.4237204040508249,0.7681088964511424,207.5,20.0,100.0,,,,,,,
SOXL,SMH,MA_REGIME,MA20_EXIT150,1Y,2025-07-21,2026-07-20,4.656214791163032,56562.14791163032,4.695397028072951,1.2555705734973974,2.0198914811164177,-0.5832052419746299,8.051019932837308,1.0,0.5,20.0,150.0,,,,,,,
SOXL,SMH,MA_REGIME,MA20_EXIT150,3Y,2023-07-20,2026-07-20,2.566138786857537,35661.387868575366,0.5312466629025707,0.9928450420959141,0.9331024933450239,-0.8797710059986961,0.6038465228795663,0.863031914893617,19.5,20.0,150.0,,,,,,,
SOXL,SMH,MA_REGIME,MA20_EXIT150,5Y,2021-07-20,2026-07-20,3.9690871164145323,49690.87116414532,0.3797808854307807,0.9096905057114109,0.8131287011015479,-0.8797710059986963,0.43168152035160784,0.7713147410358566,59.5,20.0,150.0,,,,,,,
SOXL,SMH,MA_REGIME,MA20_EXIT150,10Y,2016-07-20,2026-07-20,34.56290742206094,355629.0742206094,0.43064459551509593,0.8262690931851041,0.8512651306164206,-0.8797710059986963,0.48949623547350013,0.826900119379228,98.5,20.0,150.0,,,,,,,
SOXL,SMH,MA_REGIME,MA20_EXIT150,MAX,2010-03-11,2026-07-20,44.19721901435611,451972.1901435611,0.26293975111149326,0.729250749224078,0.6887306792937924,-0.8797710059986962,0.2988729445715365,0.7994652406417112,199.5,20.0,150.0,,,,,,,
SOXL,SMH,MA_REGIME,MA20_EXIT160,1Y,2025-07-21,2026-07-20,4.656214791163032,56562.14791163032,4.695397028072951,1.2555705734973974,2.0198914811164177,-0.5832052419746299,8.051019932837308,1.0,0.5,20.0,160.0,,,,,,,
SOXL,SMH,MA_REGIME,MA20_EXIT160,3Y,2023-07-20,2026-07-20,2.517069814050262,35170.69814050262,0.5241535983284851,0.9946747877842066,0.9285581500995319,-0.871864112432518,0.6011872617007784,0.8683510638297872,19.5,20.0,160.0,,,,,,,
SOXL,SMH,MA_REGIME,MA20_EXIT160,5Y,2021-07-20,2026-07-20,3.5027642380494015,45027.64238049401,0.35274688391452247,0.9070944938997711,0.7911446420393327,-0.8718641124325179,0.40458929193719395,0.7705179282868526,63.5,20.0,160.0,,,,,,,
SOXL,SMH,MA_REGIME,MA20_EXIT160,10Y,2016-07-20,2026-07-20,40.20253628106244,412025.3628106244,0.45191848539023294,0.8264937051506197,0.869229180623617,-0.8718641124325179,0.5183359183455453,0.8320732192598488,98.5,20.0,160.0,,,,,,,
SOXL,SMH,MA_REGIME,MA20_EXIT160,MAX,2010-03-11,2026-07-20,59.62357609265649,606235.7609265649,0.28586204672703897,0.729722692871523,0.7134315750401323,-0.871864112432518,0.3278745422030025,0.8035974720466699,198.5,20.0,160.0,,,,,,,
SOXL,SMH,MA_REGIME,MA20_EXIT200,1Y,2025-07-21,2026-07-20,4.656214791163032,56562.14791163032,4.695397028072951,1.2555705734973974,2.0198914811164177,-0.5832052419746299,8.051019932837308,1.0,0.5,20.0,200.0,,,,,,,
SOXL,SMH,MA_REGIME,MA20_EXIT200,3Y,2023-07-20,2026-07-20,5.679644218387405,66796.44218387405,0.8896444906145144,1.0151294526842356,1.1415437191781768,-0.759347361095938,1.171590942688631,0.9082446808510638,12.5,20.0,200.0,,,,,,,
SOXL,SMH,MA_REGIME,MA20_EXIT200,5Y,2021-07-20,2026-07-20,11.134616330702482,121346.16330702482,0.6507031333856996,0.9141772231907559,1.009583698988462,-0.7593473610959383,0.8569242045518715,0.797609561752988,59.5,20.0,200.0,,,,,,,
SOXL,SMH,MA_REGIME,MA20_EXIT200,10Y,2016-07-20,2026-07-20,133.07788357780228,1340778.8357780229,0.6342868761329006,0.8322572776666384,1.010963035595944,-0.7593473610959381,0.835305301143679,0.8507759649820931,89.5,20.0,200.0,,,,,,,
SOXL,SMH,MA_REGIME,MA20_EXIT200,MAX,2010-03-11,2026-07-20,79.50036993795412,805003.6993795412,0.3083930445427254,0.7359714137443654,0.7370164570907382,-0.8654500418197526,0.35633835535356584,0.8213417598444337,193.5,20.0,200.0,,,,,,,
SOXL,SMH,MA_REGIME,MA20_EXIT250,1Y,2025-07-21,2026-07-20,4.656214791163032,56562.14791163032,4.695397028072951,1.2555705734973974,2.0198914811164177,-0.5832052419746299,8.051019932837308,1.0,0.5,20.0,250.0,,,,,,,
SOXL,SMH,MA_REGIME,MA20_EXIT250,3Y,2023-07-20,2026-07-20,8.471315858962553,94713.15858962553,1.1242289860540478,1.0217888168561398,1.2554206096199714,-0.6737802951279248,1.66853942476991,0.9228723404255319,11.5,20.0,250.0,,,,,,,
SOXL,SMH,MA_REGIME,MA20_EXIT250,5Y,2021-07-20,2026-07-20,12.658719967677163,136587.19967677162,0.6903892003113015,0.9234142419699028,1.0348880839410295,-0.7842795288481441,0.880284611438555,0.8095617529880478,60.5,20.0,250.0,,,,,,,
SOXL,SMH,MA_REGIME,MA20_EXIT250,10Y,2016-07-20,2026-07-20,253.26540194651088,2542654.019465109,0.7426040674727581,0.841344301353258,1.0856795982563294,-0.784279528848144,0.946861469868283,0.8662952646239555,85.5,20.0,250.0,,,,,,,
SOXL,SMH,MA_REGIME,MA20_EXIT250,MAX,2010-03-11,2026-07-20,200.3370425704156,2013370.425704156,0.38396506042168177,0.7453357864370131,0.8125042700119641,-0.8003575957128033,0.4797418834761232,0.8381137578998542,184.5,20.0,250.0,,,,,,,
SOXL,SMH,MA_REGIME,MA30_EXIT100,1Y,2025-07-21,2026-07-20,3.974489487854016,49744.89487854016,4.006386883294019,1.2271470110679779,1.9333613384015709,-0.5832052419746298,6.8696002623863635,0.9800796812749004,1.5,30.0,100.0,,,,,,,
SOXL,SMH,MA_REGIME,MA30_EXIT100,3Y,2023-07-20,2026-07-20,3.940610405474933,49406.10405474933,0.7080096118794506,0.9421973729741714,1.0439661423236999,-0.8372495020448094,0.8456375431102472,0.8085106382978723,28.5,30.0,100.0,,,,,,,
SOXL,SMH,MA_REGIME,MA30_EXIT100,5Y,2021-07-20,2026-07-20,4.916006330480138,59160.06330480138,0.4289626856849833,0.8719741756836726,0.8480505117139016,-0.8372495020448092,0.5123474957433004,0.7322709163346613,53.5,30.0,100.0,,,,,,,
SOXL,SMH,MA_REGIME,MA30_EXIT100,10Y,2016-07-20,2026-07-20,69.19185574165084,701918.5574165084,0.5315915388044248,0.7738593320694707,0.9419678195043598,-0.8372495020448092,0.6349260734179263,0.7719856744926383,92.5,30.0,100.0,,,,,,,
SOXL,SMH,MA_REGIME,MA30_EXIT100,MAX,2010-03-11,2026-07-20,73.90565099436438,749056.5099436438,0.3026327476022721,0.6848402199281437,0.7319108394050021,-0.8372495020448093,0.3614606480662622,0.7518230432668935,172.5,30.0,100.0,,,,,,,
SOXL,SMH,MA_REGIME,MA30_EXIT150,1Y,2025-07-21,2026-07-20,4.656214791163032,56562.14791163032,4.695397028072951,1.2555705734973974,2.0198914811164177,-0.5832052419746299,8.051019932837308,1.0,0.5,30.0,150.0,,,,,,,
SOXL,SMH,MA_REGIME,MA30_EXIT150,3Y,2023-07-20,2026-07-20,2.036662279130276,30366.62279130276,0.45095567189126795,0.9911911771745487,0.8785333231328554,-0.8976218053298876,0.5023893907362644,0.8590425531914894,17.5,30.0,150.0,,,,,,,
SOXL,SMH,MA_REGIME,MA30_EXIT150,5Y,2021-07-20,2026-07-20,1.5685003166705513,25685.003166705512,0.20854371082445788,0.9062395834076443,0.6669592929738412,-0.8976218053298876,0.2323291497445468,0.7593625498007968,49.5,30.0,150.0,,,,,,,
SOXL,SMH,MA_REGIME,MA30_EXIT150,10Y,2016-07-20,2026-07-20,25.37568451259322,263756.8451259322,0.3884052666737148,0.8202497147813427,0.8150748707224851,-0.8976218053298874,0.43270480325616745,0.8157580580978909,78.5,30.0,150.0,,,,,,,
SOXL,SMH,MA_REGIME,MA30_EXIT150,MAX,2010-03-11,2026-07-20,26.524218981670746,275242.18981670745,0.22514831831857918,0.724560338819422,0.6465804637219585,-0.8976218053298877,0.2508275946302733,0.7892561983471075,168.5,30.0,150.0,,,,,,,
SOXL,SMH,MA_REGIME,MA30_EXIT160,1Y,2025-07-21,2026-07-20,4.656214791163032,56562.14791163032,4.695397028072951,1.2555705734973974,2.0198914811164177,-0.5832052419746299,8.051019932837308,1.0,0.5,30.0,160.0,,,,,,,
SOXL,SMH,MA_REGIME,MA30_EXIT160,3Y,2023-07-20,2026-07-20,1.9948787402089483,29948.78740208948,0.444234532492765,0.9930233449595696,0.8740798287970435,-0.8908888745965133,0.4986419127682567,0.8643617021276596,17.5,30.0,160.0,,,,,,,
SOXL,SMH,MA_REGIME,MA30_EXIT160,5Y,2021-07-20,2026-07-20,1.2753966821746783,22753.966821746784,0.1794945316656944,0.903974831351513,0.6395999922430429,-0.8908888745965133,0.20147802580539362,0.7577689243027889,53.5,30.0,160.0,,,,,,,
SOXL,SMH,MA_REGIME,MA30_EXIT160,10Y,2016-07-20,2026-07-20,23.300634971038978,243006.34971038977,0.37704371721824526,0.8209935179219686,0.805184371914356,-0.8908888745965134,0.42322193931202656,0.8197373656983685,80.5,30.0,160.0,,,,,,,
SOXL,SMH,MA_REGIME,MA30_EXIT160,MAX,2010-03-11,2026-07-20,27.694588438512607,286945.88438512606,0.22827737211148147,0.7247932867146779,0.65019703256404,-0.8908888745965133,0.2562355178302895,0.7926592124453087,171.5,30.0,160.0,,,,,,,
SOXL,SMH,MA_REGIME,MA30_EXIT200,1Y,2025-07-21,2026-07-20,4.656214791163032,56562.14791163032,4.695397028072951,1.2555705734973974,2.0198914811164177,-0.5832052419746299,8.051019932837308,1.0,0.5,30.0,200.0,,,,,,,
SOXL,SMH,MA_REGIME,MA30_EXIT200,3Y,2023-07-20,2026-07-20,5.9284120869326555,69284.12086932655,0.9129416462306803,1.0150977068741356,1.1536712489603111,-0.7503848112830072,1.216631297040426,0.9095744680851063,11.5,30.0,200.0,,,,,,,
SOXL,SMH,MA_REGIME,MA30_EXIT200,5Y,2021-07-20,2026-07-20,9.592771789979816,105927.71789979815,0.6062704280153115,0.9177031612217612,0.9795671941056343,-0.7503848112830075,0.8079460283567184,0.7912350597609562,49.5,30.0,200.0,,,,,,,
SOXL,SMH,MA_REGIME,MA30_EXIT200,10Y,2016-07-20,2026-07-20,132.03585120667432,1330358.5120667433,0.633008720755105,0.8303817028314083,1.0103759351647186,-0.7503848112830075,0.8435788028182327,0.841225626740947,71.5,30.0,200.0,,,,,,,
SOXL,SMH,MA_REGIME,MA30_EXIT200,MAX,2010-03-11,2026-07-20,57.50172266941559,585017.226694156,0.28305891094682534,0.733223166001191,0.7102623109347603,-0.8712202191020963,0.32489938220046555,0.8111327175498299,165.5,30.0,200.0,,,,,,,
SOXL,SMH,MA_REGIME,MA30_EXIT250,1Y,2025-07-21,2026-07-20,4.656214791163032,56562.14791163032,4.695397028072951,1.2555705734973974,2.0198914811164177,-0.5832052419746299,8.051019932837308,1.0,0.5,30.0,250.0,,,,,,,
SOXL,SMH,MA_REGIME,MA30_EXIT250,3Y,2023-07-20,2026-07-20,8.738316600664119,97383.16600664119,1.1441109803116905,1.021627990958605,1.264620201244694,-0.6645840119022861,1.7215445448902993,0.9215425531914894,10.5,30.0,250.0,,,,,,,
SOXL,SMH,MA_REGIME,MA30_EXIT250,5Y,2021-07-20,2026-07-20,9.542343616049632,105423.43616049632,0.604732036545016,0.9245654537287342,0.978466270237116,-0.8236596483606033,0.7342013630856667,0.796812749003984,52.5,30.0,250.0,,,,,,,
SOXL,SMH,MA_REGIME,MA30_EXIT250,10Y,2016-07-20,2026-07-20,228.0954900706875,2290954.900706875,0.7244834874861714,0.8387255004547883,1.0738682767028687,-0.8236596483606031,0.8795908466903409,0.8563469956227616,69.5,30.0,250.0,,,,,,,
SOXL,SMH,MA_REGIME,MA30_EXIT250,MAX,2010-03-11,2026-07-20,124.23790704619542,1252379.0704619542,0.3442970360937454,0.74393405133916,0.773432208639176,-0.8386772643660276,0.4105238698154125,0.8288770053475936,157.5,30.0,250.0,,,,,,,
SOXL,SMH,MA_REGIME,MA40_EXIT100,1Y,2025-07-21,2026-07-20,3.073155435019216,40731.554350192164,3.096009802934116,1.2087948604242074,1.7790781134986215,-0.5832052419746299,5.308611068809283,0.9760956175298805,1.5,40.0,100.0,,,,,,,
SOXL,SMH,MA_REGIME,MA40_EXIT100,3Y,2023-07-20,2026-07-20,4.047818724199624,50478.18724199624,0.7203410587385899,0.9250862658273694,1.053437802793431,-0.7969219420465736,0.9039041601598815,0.8018617021276596,26.5,40.0,100.0,,,,,,,
SOXL,SMH,MA_REGIME,MA40_EXIT100,5Y,2021-07-20,2026-07-20,4.662230702356447,56622.30702356447,0.4164377805600805,0.8593199939215468,0.8372112390126519,-0.7969219420465735,0.5225578047087367,0.7258964143426295,49.5,40.0,100.0,,,,,,,
SOXL,SMH,MA_REGIME,MA40_EXIT100,10Y,2016-07-20,2026-07-20,65.76124360477793,667612.4360477793,0.5239147263082791,0.766387088657791,0.9368615930307055,-0.7969219420465734,0.6574228900798175,0.7684042976522085,86.5,40.0,100.0,,,,,,,
SOXL,SMH,MA_REGIME,MA40_EXIT100,MAX,2010-03-11,2026-07-20,74.05228791935615,750522.8791935615,0.3027888064065758,0.6782065410721527,0.7324600134394944,-0.7969219420465735,0.3799478850199362,0.747447739426349,154.5,40.0,100.0,,,,,,,
SOXL,SMH,MA_REGIME,MA40_EXIT150,1Y,2025-07-21,2026-07-20,4.656214791163032,56562.14791163032,4.695397028072951,1.2555705734973974,2.0198914811164177,-0.5832052419746299,8.051019932837308,1.0,0.5,40.0,150.0,,,,,,,
SOXL,SMH,MA_REGIME,MA40_EXIT150,3Y,2023-07-20,2026-07-20,1.8127459955970675,28127.459955970677,0.41418589853664667,0.9898628383660196,0.8523453496956328,-0.9051709309020393,0.4575775518154276,0.8523936170212766,17.5,40.0,150.0,,,,,,,
SOXL,SMH,MA_REGIME,MA40_EXIT150,5Y,2021-07-20,2026-07-20,1.8126394303648423,28126.394303648423,0.23078068459834333,0.9006821422391825,0.6852856920866568,-0.9051709309020394,0.25495812638211995,0.7537848605577689,48.5,40.0,150.0,,,,,,,
SOXL,SMH,MA_REGIME,MA40_EXIT150,10Y,2016-07-20,2026-07-20,28.276237607962088,292762.37607962085,0.4030076091113064,0.8145734269625792,0.827639195733047,-0.9051709309020393,0.44522818326666,0.807799442896936,74.5,40.0,150.0,,,,,,,
SOXL,SMH,MA_REGIME,MA40_EXIT150,MAX,2010-03-11,2026-07-20,35.824055591883734,368240.5559188373,0.24718886141155294,0.7190082526158657,0.6706474806115404,-0.9051709309020393,0.2730852847486157,0.7829363150218765,158.5,40.0,150.0,,,,,,,
SOXL,SMH,MA_REGIME,MA40_EXIT160,1Y,2025-07-21,2026-07-20,4.656214791163032,56562.14791163032,4.695397028072951,1.2555705734973974,2.0198914811164177,-0.5832052419746299,8.051019932837308,1.0,0.5,40.0,160.0,,,,,,,
SOXL,SMH,MA_REGIME,MA40_EXIT160,3Y,2023-07-20,2026-07-20,1.7740434758632948,27740.43475863295,0.4076350846533576,0.9916971553668377,0.8479324349955888,-0.8989344705326778,0.4534647385496376,0.8577127659574468,17.5,40.0,160.0,,,,,,,
SOXL,SMH,MA_REGIME,MA40_EXIT160,5Y,2021-07-20,2026-07-20,2.0411272595044805,30411.272595044804,0.25023544402871645,0.8956168456522575,0.7011400536950132,-0.8989344705326777,0.27836894927439537,0.7521912350597609,52.5,40.0,160.0,,,,,,,
SOXL,SMH,MA_REGIME,MA40_EXIT160,10Y,2016-07-20,2026-07-20,31.920936567589393,329209.36567589396,0.41961281918371385,0.8137833454475799,0.8418978948518473,-0.8989344705326778,0.4667891074808441,0.8117787504974134,76.5,40.0,160.0,,,,,,,
SOXL,SMH,MA_REGIME,MA40_EXIT160,MAX,2010-03-11,2026-07-20,48.68157925903389,496815.7925903389,0.2702791887696059,0.718045589676235,0.695971225097923,-0.8989344705326778,0.3006661749320256,0.786096256684492,160.5,40.0,160.0,,,,,,,
SOXL,SMH,MA_REGIME,MA40_EXIT200,1Y,2025-07-21,2026-07-20,4.656214791163032,56562.14791163032,4.695397028072951,1.2555705734973974,2.0198914811164177,-0.5832052419746299,8.051019932837308,1.0,0.5,40.0,200.0,,,,,,,
SOXL,SMH,MA_REGIME,MA40_EXIT200,3Y,2023-07-20,2026-07-20,5.575868208462312,65758.68208462313,0.8797552437153588,1.014250961146825,1.1364267250251168,-0.7630861785878426,1.1528910736444244,0.9082446808510638,10.5,40.0,200.0,,,,,,,
SOXL,SMH,MA_REGIME,MA40_EXIT200,5Y,2021-07-20,2026-07-20,11.179732968193388,121797.32968193389,0.6519336633164583,0.9130050156886632,1.0099161348985868,-0.7630861785878424,0.8543381882802784,0.7896414342629482,47.5,40.0,200.0,,,,,,,
SOXL,SMH,MA_REGIME,MA40_EXIT200,10Y,2016-07-20,2026-07-20,154.05077100439271,1550507.7100439272,0.6582788163415811,0.8252174587374003,1.0297321637871863,-0.7630861785878426,0.8626533081227908,0.8352566653402308,66.5,40.0,200.0,,,,,,,
SOXL,SMH,MA_REGIME,MA40_EXIT200,MAX,2010-03-11,2026-07-20,79.94989268583988,809498.9268583988,0.3088394120641398,0.7280225667361196,0.7371998876299063,-0.8693141577457142,0.3552678963207216,0.8050559066601848,154.5,40.0,200.0,,,,,,,
SOXL,SMH,MA_REGIME,MA40_EXIT250,1Y,2025-07-21,2026-07-20,4.656214791163032,56562.14791163032,4.695397028072951,1.2555705734973974,2.0198914811164177,-0.5832052419746299,8.051019932837308,1.0,0.5,40.0,250.0,,,,,,,
SOXL,SMH,MA_REGIME,MA40_EXIT250,3Y,2023-07-20,2026-07-20,8.324167996524366,93241.67996524366,1.1131120669627759,1.0209190395060725,1.2504243110631152,-0.6788484961014691,1.6397061691308459,0.9228723404255319,9.5,40.0,250.0,,,,,,,
SOXL,SMH,MA_REGIME,MA40_EXIT250,5Y,2021-07-20,2026-07-20,15.564944612534841,165649.44612534842,0.7571525364214653,0.9161546652579773,1.0771611340507214,-0.7198133062823935,1.0518734924919866,0.797609561752988,51.5,40.0,250.0,,,,,,,
SOXL,SMH,MA_REGIME,MA40_EXIT250,10Y,2016-07-20,2026-07-20,364.05648451555646,3650564.8451555646,0.8069650643605957,0.8313363203934787,1.1317079818256195,-0.7198133062823933,1.1210755029360508,0.8519697572622363,66.5,40.0,250.0,,,,,,,
SOXL,SMH,MA_REGIME,MA40_EXIT250,MAX,2010-03-11,2026-07-20,228.30481810357048,2293048.181035705,0.3950357843576473,0.7374103555748319,0.8236270517001476,-0.8500460807304777,0.4647227877554328,0.8237724842002917,148.5,40.0,250.0,,,,,,,
SOXL,SMH,MA_REGIME,MA50_EXIT100,1Y,2025-07-21,2026-07-20,3.073155435019216,40731.554350192164,3.096009802934116,1.2087948604242074,1.7790781134986215,-0.5832052419746299,5.308611068809283,0.9760956175298805,1.5,50.0,100.0,,,,,,,
SOXL,SMH,MA_REGIME,MA50_EXIT100,3Y,2023-07-20,2026-07-20,3.694005057450073,46940.05057450073,0.6789529702079755,0.9205637466549882,1.0274236419213763,-0.7928763376756901,0.8563163483959176,0.7872340425531915,21.5,50.0,100.0,,,,,,,
SOXL,SMH,MA_REGIME,MA50_EXIT100,5Y,2021-07-20,2026-07-20,4.30491671269223,53049.1671269223,0.3980192359468835,0.855356840575125,0.8216206123481988,-0.7928763376756901,0.5019940904197915,0.7163346613545817,40.5,50.0,100.0,,,,,,,
SOXL,SMH,MA_REGIME,MA50_EXIT100,10Y,2016-07-20,2026-07-20,35.546135574050695,365461.35574050696,0.43456251305837656,0.7672363925941414,0.8580554406926701,-0.7928763376756902,0.548083594387862,0.7664146438519698,76.5,50.0,100.0,,,,,,,
SOXL,SMH,MA_REGIME,MA50_EXIT100,MAX,2010-03-11,2026-07-20,54.96241389008377,559624.1389008377,0.27957601848493563,0.6772506511795775,0.70606572337145,-0.7928763376756901,0.35260986512034176,0.7469615945551774,132.5,50.0,100.0,,,,,,,
SOXL,SMH,MA_REGIME,MA50_EXIT150,1Y,2025-07-21,2026-07-20,4.656214791163032,56562.14791163032,4.695397028072951,1.2555705734973974,2.0198914811164177,-0.5832052419746299,8.051019932837308,1.0,0.5,50.0,150.0,,,,,,,
SOXL,SMH,MA_REGIME,MA50_EXIT150,3Y,2023-07-20,2026-07-20,2.765469570013297,37654.69570013297,0.5594112751647464,0.9773153059090878,0.9496290933534126,-0.8669114007204526,0.645292327104989,0.8324468085106383,13.5,50.0,150.0,,,,,,,
SOXL,SMH,MA_REGIME,MA50_EXIT150,5Y,2021-07-20,2026-07-20,2.579439654884769,35794.39654884769,0.2918268173114065,0.8911377534971334,0.7365035601792936,-0.8669114007204526,0.3366281918416136,0.7402390438247012,41.5,50.0,150.0,,,,,,,
SOXL,SMH,MA_REGIME,MA50_EXIT150,10Y,2016-07-20,2026-07-20,22.282872067593786,232828.72067593786,0.37114834977678934,0.811167775438078,0.7991537028788864,-0.8669114007204525,0.42812719900596996,0.7990449661758854,67.5,50.0,150.0,,,,,,,
SOXL,SMH,MA_REGIME,MA50_EXIT150,MAX,2010-03-11,2026-07-20,32.45149458079457,334514.9458079457,0.2398722371039752,0.7136466343074579,0.6617976753996989,-0.8669114007204524,0.2766975228433123,0.7736995624696159,139.5,50.0,150.0,,,,,,,
SOXL,SMH,MA_REGIME,MA50_EXIT160,1Y,2025-07-21,2026-07-20,4.656214791163032,56562.14791163032,4.695397028072951,1.2555705734973974,2.0198914811164177,-0.5832052419746299,8.051019932837308,1.0,0.5,50.0,160.0,,,,,,,
SOXL,SMH,MA_REGIME,MA50_EXIT160,3Y,2023-07-20,2026-07-20,2.4844988229566836,34844.988229566836,0.5194089575528864,0.9785154321739855,0.9230675872504036,-0.8669114007204526,0.599148837033667,0.836436170212766,13.5,50.0,160.0,,,,,,,
SOXL,SMH,MA_REGIME,MA50_EXIT160,5Y,2021-07-20,2026-07-20,2.6009794376450768,36009.794376450765,0.2933840214852703,0.8855594536636557,0.7364257989958327,-0.8669114007204525,0.3384244586487749,0.7386454183266933,45.5,50.0,160.0,,,,,,,
SOXL,SMH,MA_REGIME,MA50_EXIT160,10Y,2016-07-20,2026-07-20,29.225281134564884,302252.81134564884,0.4075032111117709,0.8098689835300995,0.8312337276637537,-0.8669114007204525,0.4700632737937379,0.8042180660565061,67.5,50.0,160.0,,,,,,,
SOXL,SMH,MA_REGIME,MA50_EXIT160,MAX,2010-03-11,2026-07-20,47.07631893335121,480763.1893335121,0.26772612718984456,0.7123028813397609,0.6927100375958627,-0.8669114007204526,0.30882755373542087,0.777345649003403,140.5,50.0,160.0,,,,,,,
SOXL,SMH,MA_REGIME,MA50_EXIT200,1Y,2025-07-21,2026-07-20,4.656214791163032,56562.14791163032,4.695397028072951,1.2555705734973974,2.0198914811164177,-0.5832052419746299,8.051019932837308,1.0,0.5,50.0,200.0,,,,,,,
SOXL,SMH,MA_REGIME,MA50_EXIT200,3Y,2023-07-20,2026-07-20,4.933785350930214,59337.85350930214,0.8161362754335404,1.0126723828170316,1.1025029684452987,-0.7758803842652735,1.0518841460419026,0.898936170212766,8.5,50.0,200.0,,,,,,,
SOXL,SMH,MA_REGIME,MA50_EXIT200,5Y,2021-07-20,2026-07-20,6.724207621648531,77242.07621648531,0.5075726191469281,0.9063860950752319,0.9099696026800957,-0.7758803842652733,0.6541892660781448,0.7808764940239044,43.5,50.0,200.0,,,,,,,
SOXL,SMH,MA_REGIME,MA50_EXIT200,10Y,2016-07-20,2026-07-20,81.20569944722779,822056.9944722778,0.5560501571009409,0.8234736016764171,0.9532656601505632,-0.7758803842652735,0.7166699511645693,0.8304814962196578,60.5,50.0,200.0,,,,,,,
SOXL,SMH,MA_REGIME,MA50_EXIT200,MAX,2010-03-11,2026-07-20,54.62954654611436,556295.4654611436,0.27910850670037357,0.7235313730277233,0.7056991876635098,-0.8436445934313936,0.33083659739362875,0.798492950899368,136.5,50.0,200.0,,,,,,,
SOXL,SMH,MA_REGIME,MA50_EXIT250,1Y,2025-07-21,2026-07-20,4.656214791163032,56562.14791163032,4.695397028072951,1.2555705734973974,2.0198914811164177,-0.5832052419746299,8.051019932837308,1.0,0.5,50.0,250.0,,,,,,,
SOXL,SMH,MA_REGIME,MA50_EXIT250,3Y,2023-07-20,2026-07-20,8.377292936428727,93772.92936428727,1.1171389850608482,1.020646136969555,1.252358310363429,-0.6770187184364636,1.6500858168896977,0.9202127659574468,7.5,50.0,250.0,,,,,,,
SOXL,SMH,MA_REGIME,MA50_EXIT250,5Y,2021-07-20,2026-07-20,7.127444619364947,81274.44619364948,0.5230559820858838,0.9078057532036379,0.9218545321359751,-0.7832120101205421,0.6678344756298893,0.7928286852589641,46.5,50.0,250.0,,,,,,,
SOXL,SMH,MA_REGIME,MA50_EXIT250,10Y,2016-07-20,2026-07-20,135.20750924741375,1362075.0924741374,0.6368715111240424,0.8273314718105821,1.0143132987670909,-0.7832120101205419,0.8131534027753524,0.8463987266215679,60.5,50.0,250.0,,,,,,,
SOXL,SMH,MA_REGIME,MA50_EXIT250,MAX,2010-03-11,2026-07-20,91.29675959378766,922967.5959378765,0.3193986328862186,0.7316018701703435,0.7485452300025772,-0.8476328169203857,0.37681249063321515,0.8179387457462324,131.5,50.0,250.0,,,,,,,
SOXL,SMH,MA_REGIME,MA63_EXIT100,1Y,2025-07-21,2026-07-20,3.073155435019216,40731.554350192164,3.096009802934116,1.2087948604242074,1.7790781134986215,-0.5832052419746299,5.308611068809283,0.9760956175298805,1.5,63.0,100.0,,,,,,,
SOXL,SMH,MA_REGIME,MA63_EXIT100,3Y,2023-07-20,2026-07-20,3.7513003570289456,47513.00357028945,0.6857927586431958,0.9232522795812611,1.0316973142091495,-0.7739055563908049,0.8861452834651646,0.7952127659574468,19.5,63.0,100.0,,,,,,,
SOXL,SMH,MA_REGIME,MA63_EXIT100,5Y,2021-07-20,2026-07-20,5.659672793210251,66596.72793210251,0.46334495992988467,0.849924999434437,0.8750584457319279,-0.7739055563908048,0.5987099538227193,0.7179282868525897,35.5,63.0,100.0,,,,,,,
SOXL,SMH,MA_REGIME,MA63_EXIT100,10Y,2016-07-20,2026-07-20,61.49824281610323,624982.4281610323,0.5138645610040853,0.7619975685286967,0.9289344964593567,-0.7739055563908049,0.6639887215703039,0.7699960206923995,69.5,63.0,100.0,,,,,,,
SOXL,SMH,MA_REGIME,MA63_EXIT100,MAX,2010-03-11,2026-07-20,136.45573198621497,1374557.3198621497,0.35198405639245456,0.6715187832084186,0.7879747944597932,-0.773905556390805,0.45481525941481993,0.7484200291686923,109.5,63.0,100.0,,,,,,,
SOXL,SMH,MA_REGIME,MA63_EXIT150,1Y,2025-07-21,2026-07-20,4.656214791163032,56562.14791163032,4.695397028072951,1.2555705734973974,2.0198914811164177,-0.5832052419746299,8.051019932837308,1.0,0.5,63.0,150.0,,,,,,,
SOXL,SMH,MA_REGIME,MA63_EXIT150,3Y,2023-07-20,2026-07-20,1.4385984596503794,24385.984596503793,0.34813437948743453,0.9840198478303074,0.8032220177325317,-0.9071895916014344,0.3837504119429803,0.8444148936170213,14.5,63.0,150.0,,,,,,,
SOXL,SMH,MA_REGIME,MA63_EXIT150,5Y,2021-07-20,2026-07-20,2.261209031474402,32612.090314744022,0.267899392975552,0.8884764139582763,0.7157884135378826,-0.9071895916014344,0.29530695177249255,0.7442231075697211,37.5,63.0,150.0,,,,,,,
SOXL,SMH,MA_REGIME,MA63_EXIT150,10Y,2016-07-20,2026-07-20,28.75379173189487,297537.9173189487,0.4052859018655992,0.8069351287966448,0.8296959194249559,-0.9071895916014345,0.446748844582928,0.8022284122562674,60.5,63.0,150.0,,,,,,,
SOXL,SMH,MA_REGIME,MA63_EXIT150,MAX,2010-03-11,2026-07-20,59.29622820522613,602962.2820522613,0.2854356618625009,0.7091170580646435,0.7124364547472403,-0.9071895916014345,0.31463727593989466,0.7727272727272727,121.5,63.0,150.0,,,,,,,
SOXL,SMH,MA_REGIME,MA63_EXIT160,1Y,2025-07-21,2026-07-20,4.656214791163032,56562.14791163032,4.695397028072951,1.2555705734973974,2.0198914811164177,-0.5832052419746299,8.051019932837308,1.0,0.5,63.0,160.0,,,,,,,
SOXL,SMH,MA_REGIME,MA63_EXIT160,3Y,2023-07-20,2026-07-20,1.0982764668785752,20982.764668785752,0.2819121048424804,0.9863420036643878,0.7525464895028482,-0.9137025588224765,0.3085381584197283,0.851063829787234,13.5,63.0,160.0,,,,,,,
SOXL,SMH,MA_REGIME,MA63_EXIT160,5Y,2021-07-20,2026-07-20,2.050601416220933,30506.014162209332,0.25101655837250814,0.8836378636565847,0.699202888332264,-0.9137025588224764,0.27472458728363724,0.7442231075697211,40.5,63.0,160.0,,,,,,,
SOXL,SMH,MA_REGIME,MA63_EXIT160,10Y,2016-07-20,2026-07-20,33.72134573329718,347213.4573329718,0.42721299199274343,0.8056139506242325,0.848743581916606,-0.9137025588224764,0.46756243360345756,0.8066056506167927,59.5,63.0,160.0,,,,,,,
SOXL,SMH,MA_REGIME,MA63_EXIT160,MAX,2010-03-11,2026-07-20,81.99643362525225,829964.3362525225,0.3108426201150012,0.7080971371468323,0.7399065998595068,-0.9137025588224764,0.3402011049587034,0.776130286825474,121.5,63.0,160.0,,,,,,,
SOXL,SMH,MA_REGIME,MA63_EXIT200,1Y,2025-07-21,2026-07-20,4.656214791163032,56562.14791163032,4.695397028072951,1.2555705734973974,2.0198914811164177,-0.5832052419746299,8.051019932837308,1.0,0.5,63.0,200.0,,,,,,,
SOXL,SMH,MA_REGIME,MA63_EXIT200,3Y,2023-07-20,2026-07-20,3.8126897743837977,48126.89774383798,0.6930607055260762,1.0067960421971844,1.0334977491039945,-0.804264057361367,0.8617327843791414,0.8909574468085106,6.5,63.0,200.0,,,,,,,
SOXL,SMH,MA_REGIME,MA63_EXIT200,5Y,2021-07-20,2026-07-20,9.842169013573471,108421.69013573471,0.6137937470079293,0.8977945126206613,0.9854622148938015,-0.8042640573613669,0.7631744094367049,0.7729083665338645,38.5,63.0,200.0,,,,,,,
SOXL,SMH,MA_REGIME,MA63_EXIT200,10Y,2016-07-20,2026-07-20,138.11871750392848,1391187.1750392849,0.640346513464302,0.815134281860512,1.0188131361033337,-0.804264057361367,0.7961893952654725,0.8245125348189415,53.5,63.0,200.0,,,,,,,
SOXL,SMH,MA_REGIME,MA63_EXIT200,MAX,2010-03-11,2026-07-20,186.22083743840346,1872208.3743840347,0.3778164317232864,0.715789959617527,0.8089440224925526,-0.8042640573613669,0.4697666497279864,0.7924161400097229,118.5,63.0,200.0,,,,,,,
SOXL,SMH,MA_REGIME,MA63_EXIT250,1Y,2025-07-21,2026-07-20,4.656214791163032,56562.14791163032,4.695397028072951,1.2555705734973974,2.0198914811164177,-0.5832052419746299,8.051019932837308,1.0,0.5,63.0,250.0,,,,,,,
SOXL,SMH,MA_REGIME,MA63_EXIT250,3Y,2023-07-20,2026-07-20,7.995234081603369,89952.3408160337,1.08783256847439,1.0188232449878918,1.2390946463727615,-0.6640480121179304,1.638183608147295,0.9175531914893617,5.5,63.0,250.0,,,,,,,
SOXL,SMH,MA_REGIME,MA63_EXIT250,5Y,2021-07-20,2026-07-20,18.023469718910754,190234.69718910754,0.806663625029864,0.9062627245432233,1.1094195918544978,-0.6640480121179305,1.214767020319919,0.7880478087649403,42.5,63.0,250.0,,,,,,,
SOXL,SMH,MA_REGIME,MA63_EXIT250,10Y,2016-07-20,2026-07-20,386.20454477566693,3872045.4477566695,0.8176694977300021,0.8228903570641098,1.1418577767499491,-0.6640480121179305,1.2313409313915533,0.8416235575009948,54.5,63.0,250.0,,,,,,,
SOXL,SMH,MA_REGIME,MA63_EXIT250,MAX,2010-03-11,2026-07-20,608.4784709791214,6094784.709791214,0.481121024155319,0.7264509359176078,0.9071890434762779,-0.7298857520484179,0.6591730593521755,0.8118619348565873,116.5,63.0,250.0,,,,,,,
SOXL,SMH,MA_REGIME,MA90_EXIT100,1Y,2025-07-21,2026-07-20,4.398519747158267,53985.19747158267,4.434907079621961,1.2405851231858187,1.9917484673495378,-0.5832052419746298,7.604367657269593,0.9920318725099602,1.5,90.0,100.0,,,,,,,
SOXL,SMH,MA_REGIME,MA90_EXIT100,3Y,2023-07-20,2026-07-20,3.3776991551845974,43776.991551845975,0.6401576668207083,0.949172688057167,1.0023180318070277,-0.8365617330922217,0.7652246588598596,0.8071808510638298,19.5,90.0,100.0,,,,,,,
SOXL,SMH,MA_REGIME,MA90_EXIT100,5Y,2021-07-20,2026-07-20,6.001256350783553,70012.56350783553,0.47811642489251316,0.8662494173721106,0.8878009147420223,-0.8365617330922216,0.5715255742397269,0.7211155378486056,30.5,90.0,100.0,,,,,,,
SOXL,SMH,MA_REGIME,MA90_EXIT100,10Y,2016-07-20,2026-07-20,38.4949035966118,394949.035966118,0.44576872151036073,0.771203640410985,0.8681384020162566,-0.8365617330922218,0.5328581309386997,0.7715877437325905,61.5,90.0,100.0,,,,,,,
SOXL,SMH,MA_REGIME,MA90_EXIT100,MAX,2010-03-11,2026-07-20,65.63614933233045,666361.4933233045,0.29333189702892204,0.6792908629030442,0.7220534999916295,-0.8365617330922217,0.3506398696300222,0.7513368983957219,98.5,90.0,100.0,,,,,,,
SOXL,SMH,MA_REGIME,MA90_EXIT150,1Y,2025-07-21,2026-07-20,4.656214791163032,56562.14791163032,4.695397028072951,1.2555705734973974,2.0198914811164177,-0.5832052419746299,8.051019932837308,1.0,0.5,90.0,150.0,,,,,,,
SOXL,SMH,MA_REGIME,MA90_EXIT150,3Y,2023-07-20,2026-07-20,1.9209546294034947,29209.546294034946,0.432189006237798,0.982327701875181,0.8650780600738175,-0.8844006631937741,0.48868010193147543,0.848404255319149,14.5,90.0,150.0,,,,,,,
SOXL,SMH,MA_REGIME,MA90_EXIT150,5Y,2021-07-20,2026-07-20,2.627724996342007,36277.249963420065,0.2953072468687181,0.8892686304522815,0.7405816381311875,-0.8844006631937741,0.333906632093983,0.7434262948207171,32.5,90.0,150.0,,,,,,,
SOXL,SMH,MA_REGIME,MA90_EXIT150,10Y,2016-07-20,2026-07-20,34.82111982321893,358211.1982321893,0.4316828535320478,0.8089288490475248,0.8530122686793311,-0.8844006631937741,0.48810779039122587,0.8030242737763629,49.5,90.0,150.0,,,,,,,
SOXL,SMH,MA_REGIME,MA90_EXIT150,MAX,2010-03-11,2026-07-20,49.6737923031566,506737.923031566,0.2718187853774814,0.7102033593666763,0.6976865361574207,-0.884400663193774,0.3073480116985454,0.7734564900340302,109.5,90.0,150.0,,,,,,,
SOXL,SMH,MA_REGIME,MA90_EXIT160,1Y,2025-07-21,2026-07-20,4.656214791163032,56562.14791163032,4.695397028072951,1.2555705734973974,2.0198914811164177,-0.5832052419746299,8.051019932837308,1.0,0.5,90.0,160.0,,,,,,,
SOXL,SMH,MA_REGIME,MA90_EXIT160,3Y,2023-07-20,2026-07-20,1.5133167518592194,25133.167518592196,0.3618378489958749,0.9846653679593601,0.8141567413913173,-0.8925128426829527,0.4054147253592076,0.8550531914893617,13.5,90.0,160.0,,,,,,,
SOXL,SMH,MA_REGIME,MA90_EXIT160,5Y,2021-07-20,2026-07-20,1.4797254432225913,24797.254432225913,0.20003796394632678,0.8878263364996215,0.6543987475028383,-0.8925128426829528,0.22412894737178166,0.7434262948207171,35.5,90.0,160.0,,,,,,,
SOXL,SMH,MA_REGIME,MA90_EXIT160,10Y,2016-07-20,2026-07-20,26.43462577241513,274346.2577241513,0.3938965540770991,0.8092708735895576,0.8200101398680171,-0.8925128426829528,0.4413343262299957,0.8062077198567449,49.5,90.0,160.0,,,,,,,
SOXL,SMH,MA_REGIME,MA90_EXIT160,MAX,2010-03-11,2026-07-20,38.101273452701356,391012.73452701356,0.2517813175159105,0.7101536672323069,0.6753624387770217,-0.8925128426829528,0.28210385943471594,0.7763733592610598,108.5,90.0,160.0,,,,,,,
SOXL,SMH,MA_REGIME,MA90_EXIT200,1Y,2025-07-21,2026-07-20,4.656214791163032,56562.14791163032,4.695397028072951,1.2555705734973974,2.0198914811164177,-0.5832052419746299,8.051019932837308,1.0,0.5,90.0,200.0,,,,,,,
SOXL,SMH,MA_REGIME,MA90_EXIT200,3Y,2023-07-20,2026-07-20,3.141664028321518,41416.64028321518,0.6099753882972223,1.0011146852369914,0.9838286351432047,-0.8248412962864844,0.7395063644890123,0.886968085106383,5.5,90.0,200.0,,,,,,,
SOXL,SMH,MA_REGIME,MA90_EXIT200,5Y,2021-07-20,2026-07-20,5.067439118189099,60674.39118189099,0.43623330743054245,0.8989982148846699,0.8567044676316352,-0.8248412962864843,0.5288693829885909,0.7657370517928287,32.5,90.0,200.0,,,,,,,
SOXL,SMH,MA_REGIME,MA90_EXIT200,10Y,2016-07-20,2026-07-20,77.80772373320347,788077.2373320347,0.5494771299504455,0.8167233519831162,0.949255847565829,-0.8248412962864842,0.6661610329456649,0.8225228810187027,43.5,90.0,200.0,,,,,,,
SOXL,SMH,MA_REGIME,MA90_EXIT200,MAX,2010-03-11,2026-07-20,35.90170955932103,369017.09559321025,0.2473498040119595,0.7192011780268005,0.6707649046219295,-0.8839483218013887,0.2798238289630869,0.7926592124453087,104.5,90.0,200.0,,,,,,,
SOXL,SMH,MA_REGIME,MA90_EXIT250,1Y,2025-07-21,2026-07-20,4.656214791163032,56562.14791163032,4.695397028072951,1.2555705734973974,2.0198914811164177,-0.5832052419746299,8.051019932837308,1.0,0.5,90.0,250.0,,,,,,,
SOXL,SMH,MA_REGIME,MA90_EXIT250,3Y,2023-07-20,2026-07-20,6.581880857179934,75818.80857179934,0.9716002902192598,1.0133202173804388,1.1841150570951497,-0.7029121746718163,1.3822499100586665,0.9162234042553191,4.5,90.0,250.0,,,,,,,
SOXL,SMH,MA_REGIME,MA90_EXIT250,5Y,2021-07-20,2026-07-20,10.806789832896857,118067.89832896857,0.6416503168796386,0.9086458701289633,1.00450425156893,-0.7309224643003205,0.8778637245660001,0.7864541832669323,36.5,90.0,250.0,,,,,,,
SOXL,SMH,MA_REGIME,MA90_EXIT250,10Y,2016-07-20,2026-07-20,208.4419874799274,2094419.8747992741,0.7090426894210076,0.824639962625388,1.0670377586789983,-0.7309224643003206,0.970065532326664,0.8416235575009948,45.5,90.0,250.0,,,,,,,
SOXL,SMH,MA_REGIME,MA90_EXIT250,MAX,2010-03-11,2026-07-20,128.14307356503474,1291430.7356503473,0.3468278430374978,0.7282075597348782,0.7767298196898159,-0.8379007993534977,0.41392470720293034,0.8113757899854157,107.5,90.0,250.0,,,,,,,
SOXL,SMH,MA_REGIME,MA100_EXIT150,1Y,2025-07-21,2026-07-20,4.656214791163032,56562.14791163032,4.695397028072951,1.2555705734973974,2.0198914811164177,-0.5832052419746299,8.051019932837308,1.0,0.5,100.0,150.0,,,,,,,
SOXL,SMH,MA_REGIME,MA100_EXIT150,3Y,2023-07-20,2026-07-20,2.0509176244024108,30509.176244024107,0.45323465730597823,0.9832046885716623,0.880012447665956,-0.8792572638817849,0.515474453182243,0.8497340425531915,13.5,100.0,150.0,,,,,,,
SOXL,SMH,MA_REGIME,MA100_EXIT150,5Y,2021-07-20,2026-07-20,2.352846974452366,33528.46974452366,0.27497421834980873,0.8889410719680675,0.722703712594661,-0.8792572638817847,0.31273465644837567,0.7434262948207171,29.5,100.0,150.0,,,,,,,
SOXL,SMH,MA_REGIME,MA100_EXIT150,10Y,2016-07-20,2026-07-20,33.43610864452684,344361.0864452684,0.4260328977633274,0.8087772243072778,0.8481294017547559,-0.8792572638817849,0.484537251227767,0.8038201352964585,46.5,100.0,150.0,,,,,,,
SOXL,SMH,MA_REGIME,MA100_EXIT150,MAX,2010-03-11,2026-07-20,59.10515019085743,601051.5019085743,0.2851857689140991,0.7097672514527337,0.7124161952925318,-0.8792572638817848,0.32434849347169226,0.7727272727272727,101.5,100.0,150.0,,,,,,,
SOXL,SMH,MA_REGIME,MA100_EXIT160,1Y,2025-07-21,2026-07-20,4.656214791163032,56562.14791163032,4.695397028072951,1.2555705734973974,2.0198914811164177,-0.5832052419746299,8.051019932837308,1.0,0.5,100.0,160.0,,,,,,,
SOXL,SMH,MA_REGIME,MA100_EXIT160,3Y,2023-07-20,2026-07-20,1.601464002191499,26014.64002191499,0.3776602952844357,0.985529002356118,0.8260077531704086,-0.8887430443252557,0.4249375538811219,0.8550531914893617,13.5,100.0,160.0,,,,,,,
SOXL,SMH,MA_REGIME,MA100_EXIT160,5Y,2021-07-20,2026-07-20,1.2903468984344615,22903.468984344614,0.18104658210572033,0.8874871755596074,0.63631818656808,-0.8887430443252557,0.20371082875047763,0.7418326693227092,33.5,100.0,160.0,,,,,,,
SOXL,SMH,MA_REGIME,MA100_EXIT160,10Y,2016-07-20,2026-07-20,25.356773491333694,263567.7349133369,0.38830541032813093,0.8091158175230123,0.8150443916303566,-0.8887430443252557,0.43691527355124,0.8062077198567449,47.5,100.0,160.0,,,,,,,
SOXL,SMH,MA_REGIME,MA100_EXIT160,MAX,2010-03-11,2026-07-20,46.02876668137939,470287.6668137939,0.2660165519760256,0.709697702989586,0.6912809191013474,-0.8887430443252557,0.2993177315699708,0.774914924647545,103.5,100.0,160.0,,,,,,,
SOXL,SMH,MA_REGIME,MA100_EXIT200,1Y,2025-07-21,2026-07-20,4.656214791163032,56562.14791163032,4.695397028072951,1.2555705734973974,2.0198914811164177,-0.5832052419746299,8.051019932837308,1.0,0.5,100.0,200.0,,,,,,,
SOXL,SMH,MA_REGIME,MA100_EXIT200,3Y,2023-07-20,2026-07-20,3.5875925901847783,45875.92590184778,0.6661009178551109,1.002214840379777,1.0181129236059057,-0.8059821449138279,0.8264462458114721,0.8909574468085106,5.5,100.0,200.0,,,,,,,
SOXL,SMH,MA_REGIME,MA100_EXIT200,5Y,2021-07-20,2026-07-20,4.574999209387823,55749.99209387822,0.41202888013946337,0.8997534380403688,0.8378725456106643,-0.805982144913828,0.5112134093038943,0.7665338645418327,30.5,100.0,200.0,,,,,,,
SOXL,SMH,MA_REGIME,MA100_EXIT200,10Y,2016-07-20,2026-07-20,72.86264874457238,738626.4874457238,0.5394406150733548,0.8171576434494432,0.9412520253127599,-0.8059821449138279,0.6692959868621277,0.8233187425387982,41.5,100.0,200.0,,,,,,,
SOXL,SMH,MA_REGIME,MA100_EXIT200,MAX,2010-03-11,2026-07-20,39.68971591759843,406897.15917598427,0.254838346108055,0.718998493100129,0.6790967723428719,-0.8667394876178065,0.2940195407601267,0.7914438502673797,99.5,100.0,200.0,,,,,,,
SOXL,SMH,MA_REGIME,MA100_EXIT250,1Y,2025-07-21,2026-07-20,4.656214791163032,56562.14791163032,4.695397028072951,1.2555705734973974,2.0198914811164177,-0.5832052419746299,8.051019932837308,1.0,0.5,100.0,250.0,,,,,,,
SOXL,SMH,MA_REGIME,MA100_EXIT250,3Y,2023-07-20,2026-07-20,6.777688368344105,77776.88368344105,0.9885188014750392,1.0133694639870874,1.1925771864158494,-0.6952396684994723,1.4218388942169367,0.9175531914893617,4.5,100.0,250.0,,,,,,,
SOXL,SMH,MA_REGIME,MA100_EXIT250,5Y,2021-07-20,2026-07-20,9.94973015044374,109497.3015044374,0.6169958048485036,0.9077344338524901,0.9879274676761054,-0.7336295182203412,0.8410182381227368,0.7856573705179283,34.5,100.0,250.0,,,,,,,
SOXL,SMH,MA_REGIME,MA100_EXIT250,10Y,2016-07-20,2026-07-20,193.23850831052994,1942385.0831052994,0.6961761517399625,0.824137412807869,1.0580154018936887,-0.7336295182203412,0.9489478469033878,0.841225626740947,43.5,100.0,250.0,,,,,,,
SOXL,SMH,MA_REGIME,MA100_EXIT250,MAX,2010-03-11,2026-07-20,144.86230972448402,1458623.09724484,0.3569089872475817,0.7275704982261174,0.7870367718880859,-0.807314411482482,0.4420941608018431,0.8104035002430724,102.5,100.0,250.0,,,,,,,
SOXL,SMH,BREAKOUT_RSI,B20_RSI85,1Y,2025-07-21,2026-07-20,0.6970174155655069,16970.17415565507,0.7005969041329743,0.6246520994607748,1.1670577834145655,-0.24427057849134937,2.868118250097751,0.32669322709163345,31.0,,,20.0,85.0,,,,,
SOXL,SMH,BREAKOUT_RSI,B20_RSI85,3Y,2023-07-20,2026-07-20,0.9096590271025409,19096.59027102541,0.24208149634207476,0.6038126321999936,0.6689308872162087,-0.6647578737142839,0.3641649176556013,0.33643617021276595,75.0,,,20.0,85.0,,,,,
SOXL,SMH,BREAKOUT_RSI,B20_RSI85,5Y,2021-07-20,2026-07-20,1.0038939660470163,20038.93966047016,0.14978194633819242,0.5836052208366757,0.5342651270887507,-0.664757873714284,0.22531804775970116,0.3250996015936255,103.0,,,20.0,85.0,,,,,
SOXL,SMH,BREAKOUT_RSI,B20_RSI85,10Y,2016-07-20,2026-07-20,1.5928741459457738,25928.74145945774,0.10025513258999652,0.5869078548774003,0.460601216921024,-0.8290914850918234,0.12092167679046069,0.3887783525666534,236.0,,,20.0,85.0,,,,,
SOXL,SMH,BREAKOUT_RSI,B20_RSI85,MAX,2010-03-11,2026-07-20,4.134398355531948,51343.98355531948,0.10540266644049634,0.5015950107288157,0.4535965281218323,-0.8290914850918236,0.1271303207616742,0.34273213417598447,361.0,,,20.0,85.0,,,,,
SOXL,SMH,BREAKOUT_RSI,B20_RSI90,1Y,2025-07-21,2026-07-20,0.7687551967203383,17687.551967203384,0.7727784055256965,0.8989085959490449,1.0912541740478758,-0.6001843653750891,1.287568370833425,0.4820717131474104,27.5,,,20.0,90.0,,,,,
SOXL,SMH,BREAKOUT_RSI,B20_RSI90,3Y,2023-07-20,2026-07-20,0.9730221390329554,19730.221390329556,0.2557425292231832,0.7298446488019527,0.6841362609507985,-0.6647578737142839,0.3847153066337392,0.4242021276595745,64.5,,,20.0,90.0,,,,,
SOXL,SMH,BREAKOUT_RSI,B20_RSI90,5Y,2021-07-20,2026-07-20,4.436273150576473,54362.73150576473,0.4049023904393463,0.6325589000931552,0.8571197197867346,-0.6647578737142839,0.6090975473174692,0.3394422310756972,85.5,,,20.0,90.0,,,,,
SOXL,SMH,BREAKOUT_RSI,B20_RSI90,10Y,2016-07-20,2026-07-20,6.285614879598317,72856.14879598317,0.22035690367670324,0.6471487464435473,0.6356517415736642,-0.8805522719558643,0.2502485209506655,0.45762037405491446,197.5,,,20.0,90.0,,,,,
SOXL,SMH,BREAKOUT_RSI,B20_RSI90,MAX,2010-03-11,2026-07-20,4.728878804803873,57288.78804803873,0.1128457967133063,0.5922317799892844,0.48003930550375973,-0.8805522719558643,0.12815343314333352,0.4528439474963539,306.5,,,20.0,90.0,,,,,
SOXL,SMH,BREAKOUT_RSI,B20_RSI92,1Y,2025-07-21,2026-07-20,2.106833573395866,31068.33573395866,2.120896857310629,0.9584241481883039,1.6697225412001282,-0.5832052419746299,3.636621732221828,0.5338645418326693,22.5,,,20.0,92.0,,,,,
SOXL,SMH,BREAKOUT_RSI,B20_RSI92,3Y,2023-07-20,2026-07-20,2.455386637876246,34553.86637876246,0.5151431421237767,0.7556790164545873,0.9332330692792147,-0.6647578737142837,0.7749334945751808,0.44813829787234044,57.5,,,20.0,92.0,,,,,
SOXL,SMH,BREAKOUT_RSI,B20_RSI92,5Y,2021-07-20,2026-07-20,7.331304233715642,83313.04233715642,0.530651194071305,0.6775500224289785,0.9687342766566521,-0.6647578737142839,0.7982623674787513,0.399203187250996,76.5,,,20.0,92.0,,,,,
SOXL,SMH,BREAKOUT_RSI,B20_RSI92,10Y,2016-07-20,2026-07-20,17.0674979818388,180674.979818388,0.33671835745068246,0.6775324124859683,0.7703661836362858,-0.8492342891217719,0.39649642244061617,0.5049741345005969,177.5,,,20.0,92.0,,,,,
SOXL,SMH,BREAKOUT_RSI,B20_RSI92,MAX,2010-03-11,2026-07-20,16.569526778865626,175695.26778865626,0.19191929112874084,0.6195719990384477,0.5956190328870458,-0.8492342891217717,0.2259909822143575,0.4931939718035975,275.5,,,20.0,92.0,,,,,
SOXL,SMH,BREAKOUT_RSI,B20_RSI95,1Y,2025-07-21,2026-07-20,0.8157265914660989,18157.265914660988,0.8200466826909474,1.0951341457937347,1.0936328772616357,-0.5832052419746296,1.406103072589702,0.6772908366533864,22.5,,,20.0,95.0,,,,,
SOXL,SMH,BREAKOUT_RSI,B20_RSI95,3Y,2023-07-20,2026-07-20,2.4613371035592193,34613.371035592194,0.5160170028114488,0.820715183017488,0.9217721476728676,-0.6647578737142837,0.7762480494262419,0.4920212765957447,50.5,,,20.0,95.0,,,,,
SOXL,SMH,BREAKOUT_RSI,B20_RSI95,5Y,2021-07-20,2026-07-20,2.7428598244219233,37428.59824421923,0.30345922002772774,0.7948384385058077,0.7328491203504773,-0.7713741565718244,0.3934008126178025,0.5107569721115538,65.5,,,20.0,95.0,,,,,
SOXL,SMH,BREAKOUT_RSI,B20_RSI95,10Y,2016-07-20,2026-07-20,34.66818128220892,356681.8128220892,0.43106871229357147,0.7333758233463029,0.8580270227611448,-0.8053024099329399,0.5352879948906001,0.5463589335455631,136.5,,,20.0,95.0,,,,,
SOXL,SMH,BREAKOUT_RSI,B20_RSI95,MAX,2010-03-11,2026-07-20,46.70315250360251,477031.5250360251,0.2671211759417813,0.6751358164020651,0.690284599812169,-0.8053024099329399,0.33170293873083695,0.5617403986387943,214.5,,,20.0,95.0,,,,,
SOXL,SMH,BREAKOUT_RSI,B40_RSI85,1Y,2025-07-21,2026-07-20,0.5455769746278234,15455.769746278234,0.5482603372458039,0.6171455343502013,1.021656461664538,-0.24427057849134937,2.244479628418369,0.3147410358565737,30.0,,,40.0,85.0,,,,,
SOXL,SMH,BREAKOUT_RSI,B40_RSI85,3Y,2023-07-20,2026-07-20,1.0684195465681228,20684.195465681227,0.27577039743145315,0.583658636410484,0.7172794866157961,-0.6647578737142839,0.4148433713024069,0.3045212765957447,69.0,,,40.0,85.0,,,,,
SOXL,SMH,BREAKOUT_RSI,B40_RSI85,5Y,2021-07-20,2026-07-20,0.6881170860003802,16881.170860003804,0.1108660914220263,0.5639312453987307,0.4734953005598223,-0.6647578737142839,0.16677665027503996,0.29163346613545815,95.0,,,40.0,85.0,,,,,
SOXL,SMH,BREAKOUT_RSI,B40_RSI85,10Y,2016-07-20,2026-07-20,-0.1291459668972733,8708.540331027267,-0.013770909948937482,0.5816396337244706,0.27275529877944044,-0.85754490694852,-0.016058529223781134,0.3565459610027855,210.0,,,40.0,85.0,,,,,
SOXL,SMH,BREAKOUT_RSI,B40_RSI85,MAX,2010-03-11,2026-07-20,0.29020371188376903,12902.03711883769,0.015730025932913394,0.49609713887800244,0.28392756439790146,-0.8575449069485199,0.01834309294528607,0.3142926592124453,316.0,,,40.0,85.0,,,,,
SOXL,SMH,BREAKOUT_RSI,B40_RSI90,1Y,2025-07-21,2026-07-20,0.6109129350881066,16109.129350881067,0.6139759429943543,0.8938187541019974,0.9872732941902025,-0.6001843653750891,1.0229789018423465,0.4701195219123506,26.5,,,40.0,90.0,,,,,
SOXL,SMH,BREAKOUT_RSI,B40_RSI90,3Y,2023-07-20,2026-07-20,0.9213513787532692,19213.51378753269,0.2446247924502296,0.7155957801474074,0.6711608805674872,-0.6647578737142836,0.36799081608978523,0.39228723404255317,59.5,,,40.0,90.0,,,,,
SOXL,SMH,BREAKOUT_RSI,B40_RSI90,5Y,2021-07-20,2026-07-20,5.203483025395268,62034.830253952685,0.44264243192821673,0.6269272859051291,0.901359335118909,-0.6647578737142839,0.6658701602960879,0.3211155378486056,77.5,,,40.0,90.0,,,,,
SOXL,SMH,BREAKOUT_RSI,B40_RSI90,10Y,2016-07-20,2026-07-20,2.202036363207343,32020.36363207343,0.12378547165157094,0.6393488483059367,0.5069315838917122,-0.9177114806467656,0.13488495487092741,0.41822522881018703,173.5,,,40.0,90.0,,,,,
SOXL,SMH,BREAKOUT_RSI,B40_RSI90,MAX,2010-03-11,2026-07-20,1.5327593366810306,25327.593366810306,0.058575515540537415,0.5707727789061918,0.3886867129317835,-0.9177114806467656,0.06382781165520103,0.40593096742829365,267.5,,,40.0,90.0,,,,,
SOXL,SMH,BREAKOUT_RSI,B40_RSI92,1Y,2025-07-21,2026-07-20,1.787795857230925,27877.95857230925,1.7992063615067448,0.9539038369693323,1.558627445373175,-0.5832052419746299,3.0850311897316804,0.5179282868525896,22.5,,,40.0,92.0,,,,,
SOXL,SMH,BREAKOUT_RSI,B40_RSI92,3Y,2023-07-20,2026-07-20,2.3152029961965237,33152.029961965236,0.49426032607859294,0.741924834705731,0.918119395845667,-0.6647578737142839,0.7435193257914361,0.4148936170212766,53.5,,,40.0,92.0,,,,,
SOXL,SMH,BREAKOUT_RSI,B40_RSI92,5Y,2021-07-20,2026-07-20,7.831007992338018,88310.07992338018,0.5486591706174904,0.66728911218043,0.9909696889404813,-0.6647578737142839,0.8253518947461264,0.37689243027888447,70.5,,,40.0,92.0,,,,,
SOXL,SMH,BREAKOUT_RSI,B40_RSI92,10Y,2016-07-20,2026-07-20,7.238771514351313,82387.71514351314,0.23549604859658202,0.6566468811963874,0.6538897245297474,-0.8971494003054497,0.26249368111532306,0.4556307202546757,157.5,,,40.0,92.0,,,,,
SOXL,SMH,BREAKOUT_RSI,B40_RSI92,MAX,2010-03-11,2026-07-20,6.737206013411776,77372.06013411777,0.1335209719321715,0.585848391123534,0.509536019796123,-0.8971494003054497,0.14882802338909443,0.43412736995624696,241.5,,,40.0,92.0,,,,,
SOXL,SMH,BREAKOUT_RSI,B40_RSI95,1Y,2025-07-21,2026-07-20,0.7486521281639731,17486.521281639732,0.7525497962056025,1.0948449475282338,1.058956990093426,-0.5832052419746299,1.2903687107777047,0.6613545816733067,22.5,,,40.0,95.0,,,,,
SOXL,SMH,BREAKOUT_RSI,B40_RSI95,3Y,2023-07-20,2026-07-20,1.5478816431970146,25478.816431970146,0.36808556084190003,0.8192396914607496,0.7966180063506719,-0.6647578737142839,0.5537137285569106,0.488031914893617,48.5,,,40.0,95.0,,,,,
SOXL,SMH,BREAKOUT_RSI,B40_RSI95,5Y,2021-07-20,2026-07-20,5.634267127604892,66342.67127604892,0.4622223101984315,0.7297191116065137,0.8868164148615323,-0.664757873714284,0.6953243105129384,0.44302788844621516,62.5,,,40.0,95.0,,,,,
SOXL,SMH,BREAKOUT_RSI,B40_RSI95,10Y,2016-07-20,2026-07-20,25.39588799929769,263958.8799929769,0.38851187651217334,0.7115744589640784,0.8195006120036176,-0.8212961590126655,0.47304723423914363,0.5141265419816952,125.5,,,40.0,95.0,,,,,
SOXL,SMH,BREAKOUT_RSI,B40_RSI95,MAX,2010-03-11,2026-07-20,23.832766929702093,248327.6692970209,0.21745024733790919,0.6493944265971714,0.6295378997172667,-0.8212961590126654,0.2647647197075907,0.5284394749635392,196.5,,,40.0,95.0,,,,,
SOXL,SMH,BREAKOUT_RSI,B50_RSI85,1Y,2025-07-21,2026-07-20,0.5455769746278234,15455.769746278234,0.5482603372458039,0.6171455343502013,1.021656461664538,-0.24427057849134937,2.244479628418369,0.3147410358565737,30.0,,,50.0,85.0,,,,,
SOXL,SMH,BREAKOUT_RSI,B50_RSI85,3Y,2023-07-20,2026-07-20,1.243116884563956,22431.16884563956,0.310909505741372,0.5758755668830882,0.7662717508668431,-0.6647578737142839,0.46770338199108324,0.2898936170212766,68.0,,,50.0,85.0,,,,,
SOXL,SMH,BREAKOUT_RSI,B50_RSI85,5Y,2021-07-20,2026-07-20,0.8306943313367372,18306.943313367374,0.12910004054995894,0.5591311170172036,0.5018129747682348,-0.6647578737142839,0.1942061097052109,0.28286852589641437,94.0,,,50.0,85.0,,,,,
SOXL,SMH,BREAKOUT_RSI,B50_RSI85,10Y,2016-07-20,2026-07-20,-0.24129241210471897,7587.07587895281,-0.027310926608205777,0.5772749894619319,0.2462591520223362,-0.8910317492768126,-0.030650901755602,0.35216872264226023,205.0,,,50.0,85.0,,,,,
SOXL,SMH,BREAKOUT_RSI,B50_RSI85,MAX,2010-03-11,2026-07-20,-0.14939991193421043,8506.000880657895,-0.009862786897702591,0.4920953510778504,0.23021935517940045,-0.8910317492768124,-0.011068951140862848,0.31040350024307245,306.0,,,50.0,85.0,,,,,
SOXL,SMH,BREAKOUT_RSI,B50_RSI90,1Y,2025-07-21,2026-07-20,0.6109129350881066,16109.129350881067,0.6139759429943543,0.8938187541019974,0.9872732941902025,-0.6001843653750891,1.0229789018423465,0.4701195219123506,26.5,,,50.0,90.0,,,,,
SOXL,SMH,BREAKOUT_RSI,B50_RSI90,3Y,2023-07-20,2026-07-20,1.083627437195926,20836.27437195926,0.2789060435869326,0.7092541965099345,0.7090697640456189,-0.6647578737142839,0.4195603461280818,0.3776595744680851,58.5,,,50.0,90.0,,,,,
SOXL,SMH,BREAKOUT_RSI,B50_RSI90,5Y,2021-07-20,2026-07-20,5.727425072180206,67274.25072180206,0.46632221558233966,0.6225872624991686,0.9294234736658529,-0.6647578737142839,0.7014918273578317,0.31235059760956174,76.5,,,50.0,90.0,,,,,
SOXL,SMH,BREAKOUT_RSI,B50_RSI90,10Y,2016-07-20,2026-07-20,2.600120482883188,36001.204828831884,0.13706859941224958,0.632297522449267,0.523831341991289,-0.9201696713203111,0.14896013603184274,0.40628730600875446,168.5,,,50.0,90.0,,,,,
SOXL,SMH,BREAKOUT_RSI,B50_RSI90,MAX,2010-03-11,2026-07-20,1.5883985391960422,25883.98539196042,0.059985476155850925,0.5654497822385556,0.3891773381189188,-0.920169671320311,0.0651895819058896,0.39572192513368987,258.5,,,50.0,90.0,,,,,
SOXL,SMH,BREAKOUT_RSI,B50_RSI92,1Y,2025-07-21,2026-07-20,1.787795857230925,27877.95857230925,1.7992063615067448,0.9539038369693323,1.558627445373175,-0.5832052419746299,3.0850311897316804,0.5179282868525896,22.5,,,50.0,92.0,,,,,
SOXL,SMH,BREAKOUT_RSI,B50_RSI92,3Y,2023-07-20,2026-07-20,2.5952028343880893,35952.02834388089,0.5354173991279476,0.7357856836455469,0.9565372206610125,-0.664757873714284,0.805432203662882,0.4002659574468085,52.5,,,50.0,92.0,,,,,
SOXL,SMH,BREAKOUT_RSI,B50_RSI92,5Y,2021-07-20,2026-07-20,8.576869048737864,95768.69048737864,0.5740791314494904,0.6632054629416603,1.017518365301696,-0.6647578737142841,0.8635913227200558,0.36812749003984063,69.5,,,50.0,92.0,,,,,
SOXL,SMH,BREAKOUT_RSI,B50_RSI92,10Y,2016-07-20,2026-07-20,8.263033494379487,92630.33494379486,0.25009959373514223,0.6497787258361846,0.6717452669574808,-0.9002218384405003,0.27781995843202645,0.44369279745324314,152.5,,,50.0,92.0,,,,,
SOXL,SMH,BREAKOUT_RSI,B50_RSI92,MAX,2010-03-11,2026-07-20,7.221318802285653,82213.18802285653,0.1377427013423711,0.5803187261995645,0.5150688427548411,-0.9002218384405001,0.15300973100251575,0.42245989304812837,234.5,,,50.0,92.0,,,,,
SOXL,SMH,BREAKOUT_RSI,B50_RSI95,1Y,2025-07-21,2026-07-20,0.7486521281639731,17486.521281639732,0.7525497962056025,1.0948449475282338,1.058956990093426,-0.5832052419746299,1.2903687107777047,0.6613545816733067,22.5,,,50.0,95.0,,,,,
SOXL,SMH,BREAKOUT_RSI,B50_RSI95,3Y,2023-07-20,2026-07-20,1.7630740307053814,27630.740307053813,0.4057673465271978,0.8136872326825485,0.8298666544664793,-0.6647578737142839,0.610398706915653,0.4734042553191489,47.5,,,50.0,95.0,,,,,
SOXL,SMH,BREAKOUT_RSI,B50_RSI95,5Y,2021-07-20,2026-07-20,6.194592912897731,71945.92912897731,0.4862234813780786,0.7259877616610036,0.9100530007282378,-0.6647578737142839,0.7314294431163967,0.4342629482071713,61.5,,,50.0,95.0,,,,,
SOXL,SMH,BREAKOUT_RSI,B50_RSI95,10Y,2016-07-20,2026-07-20,25.1615721369492,261615.721369492,0.38727089961209793,0.70902496821097,0.8185948686880262,-0.8266345478753463,0.4684910648937662,0.5041782729805014,122.5,,,50.0,95.0,,,,,
SOXL,SMH,BREAKOUT_RSI,B50_RSI95,MAX,2010-03-11,2026-07-20,19.990627177086537,209906.27177086537,0.2049795605503566,0.6463696312096903,0.6135143167455614,-0.8266345478753464,0.2479687802514477,0.517501215362178,192.5,,,50.0,95.0,,,,,
SOXL,SMH,BREAKOUT_RSI,B63_RSI85,1Y,2025-07-21,2026-07-20,0.5455769746278234,15455.769746278234,0.5482603372458039,0.6171455343502013,1.021656461664538,-0.24427057849134937,2.244479628418369,0.3147410358565737,30.0,,,63.0,85.0,,,,,
SOXL,SMH,BREAKOUT_RSI,B63_RSI85,3Y,2023-07-20,2026-07-20,1.2282675626584454,22282.675626584452,0.3079949767033572,0.5666478955427025,0.7653387556911542,-0.6647578737142839,0.46331903521873125,0.2699468085106383,64.0,,,63.0,85.0,,,,,
SOXL,SMH,BREAKOUT_RSI,B63_RSI85,5Y,2021-07-20,2026-07-20,0.8185752261649644,18185.752261649643,0.12759518135331005,0.5534478795875777,0.4987381189179639,-0.6647578737142839,0.19194233930676402,0.27091633466135456,90.0,,,63.0,85.0,,,,,
SOXL,SMH,BREAKOUT_RSI,B63_RSI85,10Y,2016-07-20,2026-07-20,0.21773106624599903,12177.31066245999,0.019950203725811244,0.5634544848258274,0.3223739197006617,-0.8297747412359026,0.02404291518454339,0.32113012335853564,193.0,,,63.0,85.0,,,,,
SOXL,SMH,BREAKOUT_RSI,B63_RSI85,MAX,2010-03-11,2026-07-20,0.6583508493501606,16583.508493501606,0.031468845396225076,0.474941417765945,0.3070144930370781,-0.8297747412359029,0.037924564140569036,0.28317938745746235,289.0,,,63.0,85.0,,,,,
SOXL,SMH,BREAKOUT_RSI,B63_RSI90,1Y,2025-07-21,2026-07-20,0.6109129350881066,16109.129350881067,0.6139759429943543,0.8938187541019974,0.9872732941902025,-0.6001843653750891,1.0229789018423465,0.4701195219123506,26.5,,,63.0,90.0,,,,,
SOXL,SMH,BREAKOUT_RSI,B63_RSI90,3Y,2023-07-20,2026-07-20,1.0033639626800603,20033.639626800603,0.26218104641326767,0.6834763577174409,0.690197362127062,-0.6647578737142839,0.39440081386076875,0.3337765957446808,55.5,,,63.0,90.0,,,,,
SOXL,SMH,BREAKOUT_RSI,B63_RSI90,5Y,2021-07-20,2026-07-20,5.468277730770164,64682.77730770164,0.45480162859464435,0.6050741371765317,0.9254498715811806,-0.6647578737142839,0.6841613263690658,0.2860557768924303,73.5,,,63.0,90.0,,,,,
SOXL,SMH,BREAKOUT_RSI,B63_RSI90,10Y,2016-07-20,2026-07-20,4.349978252764793,53499.782527647934,0.18314530650624783,0.6058636017412488,0.585355655003069,-0.8666061581164298,0.2113362624889656,0.3609231993633108,159.5,,,63.0,90.0,,,,,
SOXL,SMH,BREAKOUT_RSI,B63_RSI90,MAX,2010-03-11,2026-07-20,3.112377066614936,41123.770666149365,0.09047522748399617,0.5391667730909072,0.4338543267574461,-0.8666061581164298,0.10440178232825423,0.3517258142926592,245.5,,,63.0,90.0,,,,,
SOXL,SMH,BREAKOUT_RSI,B63_RSI92,1Y,2025-07-21,2026-07-20,1.787795857230925,27877.95857230925,1.7992063615067448,0.9539038369693323,1.558627445373175,-0.5832052419746299,3.0850311897316804,0.5179282868525896,22.5,,,63.0,92.0,,,,,
SOXL,SMH,BREAKOUT_RSI,B63_RSI92,3Y,2023-07-20,2026-07-20,2.4771255029091535,34771.25502909153,0.518330790862958,0.7109898944442261,0.9488132269415102,-0.664757873714284,0.7797286972575806,0.3550531914893617,49.5,,,63.0,92.0,,,,,
SOXL,SMH,BREAKOUT_RSI,B63_RSI92,5Y,2021-07-20,2026-07-20,8.262335712709643,92623.35712709643,0.5635594503017427,0.6467940110199726,1.0162758714136442,-0.6647578737142841,0.8477664915090019,0.34103585657370517,66.5,,,63.0,92.0,,,,,
SOXL,SMH,BREAKOUT_RSI,B63_RSI92,10Y,2016-07-20,2026-07-20,13.34717497544076,143471.7497544076,0.3061674551242437,0.6254045150007245,0.743377269658682,-0.8272474920230565,0.3701038178737814,0.40071627536808596,143.5,,,63.0,92.0,,,,,
SOXL,SMH,BREAKOUT_RSI,B63_RSI92,MAX,2010-03-11,2026-07-20,11.49551684684714,124955.1684684714,0.16729563516238133,0.5547143755265285,0.5589301066355482,-0.8272474920230563,0.20223166195796533,0.3777345649003403,222.5,,,63.0,92.0,,,,,
SOXL,SMH,BREAKOUT_RSI,B63_RSI95,1Y,2025-07-21,2026-07-20,0.7486521281639731,17486.521281639732,0.7525497962056025,1.0948449475282338,1.058956990093426,-0.5832052419746299,1.2903687107777047,0.6613545816733067,22.5,,,63.0,95.0,,,,,
SOXL,SMH,BREAKOUT_RSI,B63_RSI95,3Y,2023-07-20,2026-07-20,1.281213443844972,22812.13443844972,0.3183286392152438,0.8000342935156738,0.7499124260386346,-0.6647578737142839,0.4788640372721076,0.4507978723404255,45.5,,,63.0,95.0,,,,,
SOXL,SMH,BREAKOUT_RSI,B63_RSI95,5Y,2021-07-20,2026-07-20,4.9399067464378374,59399.06746437837,0.4301200085917867,0.7168380209462325,0.8587289929509113,-0.6647578737142839,0.6470325897586199,0.4207171314741036,59.5,,,63.0,95.0,,,,,
SOXL,SMH,BREAKOUT_RSI,B63_RSI95,10Y,2016-07-20,2026-07-20,32.61458370418617,336145.83704186167,0.42258423105101506,0.688630454093948,0.8586595983675323,-0.8053024099329398,0.5247522245540095,0.472741742936729,115.5,,,63.0,95.0,,,,,
SOXL,SMH,BREAKOUT_RSI,B63_RSI95,MAX,2010-03-11,2026-07-20,25.22483550398208,262248.35503982083,0.22152452870523498,0.6258635682664268,0.634528870586822,-0.8053024099329398,0.2750824112443449,0.48517258142926595,183.5,,,63.0,95.0,,,,,
SOXL,SMH,BREAKOUT_RSI,B90_RSI85,1Y,2025-07-21,2026-07-20,0.5455769746278234,15455.769746278234,0.5482603372458039,0.6171455343502013,1.021656461664538,-0.24427057849134937,2.244479628418369,0.3147410358565737,30.0,,,90.0,85.0,,,,,
SOXL,SMH,BREAKOUT_RSI,B90_RSI85,3Y,2023-07-20,2026-07-20,0.8503616674640742,18503.61667464074,0.22902127334095734,0.5677820190120961,0.6551509624662386,-0.664757873714284,0.34451833125543657,0.28191489361702127,62.0,,,90.0,85.0,,,,,
SOXL,SMH,BREAKOUT_RSI,B90_RSI85,5Y,2021-07-20,2026-07-20,0.5783411336639728,15783.411336639727,0.09596858077869252,0.5395442801062086,0.4454302661253582,-0.6647578737142839,0.14436621900012317,0.27091633466135456,87.0,,,90.0,85.0,,,,,
SOXL,SMH,BREAKOUT_RSI,B90_RSI85,10Y,2016-07-20,2026-07-20,-0.033246088389662476,9667.539116103375,-0.003384807007270285,0.556544638925238,0.27818189640619195,-0.8399186429305309,-0.004029922464228765,0.31953840031834463,187.0,,,90.0,85.0,,,,,
SOXL,SMH,BREAKOUT_RSI,B90_RSI85,MAX,2010-03-11,2026-07-20,0.27261447063740696,12726.144706374069,0.014876340050687498,0.4701178731119035,0.2710713983870057,-0.8399186429305309,0.017711644069219584,0.2809917355371901,278.0,,,90.0,85.0,,,,,
SOXL,SMH,BREAKOUT_RSI,B90_RSI90,1Y,2025-07-21,2026-07-20,0.6109129350881066,16109.129350881067,0.6139759429943543,0.8938187541019974,0.9872732941902025,-0.6001843653750891,1.0229789018423465,0.4701195219123506,26.5,,,90.0,90.0,,,,,
SOXL,SMH,BREAKOUT_RSI,B90_RSI90,3Y,2023-07-20,2026-07-20,0.5891378397053906,15891.378397053906,0.16791308925305848,0.6841927378125292,0.5765916388473984,-0.6647578737142839,0.25259285507196316,0.34175531914893614,53.5,,,90.0,90.0,,,,,
SOXL,SMH,BREAKOUT_RSI,B90_RSI90,5Y,2021-07-20,2026-07-20,4.362541801013046,53625.41801013047,0.40105540528636374,0.592294091121316,0.8694304147874997,-0.6647578737142839,0.6033105001757968,0.2836653386454183,70.5,,,90.0,90.0,,,,,
SOXL,SMH,BREAKOUT_RSI,B90_RSI90,10Y,2016-07-20,2026-07-20,2.5905193518240233,35905.19351824023,0.13676414541125537,0.5938272514823819,0.5183729279500746,-0.8614962338746502,0.15875187845702746,0.352566653402308,153.5,,,90.0,90.0,,,,,
SOXL,SMH,BREAKOUT_RSI,B90_RSI90,MAX,2010-03-11,2026-07-20,1.6678049321107196,26678.049321107195,0.06194921841147538,0.5310639775760179,0.38286354810967443,-0.8614962338746502,0.07190886735842555,0.3454059309674283,234.5,,,90.0,90.0,,,,,
SOXL,SMH,BREAKOUT_RSI,B90_RSI92,1Y,2025-07-21,2026-07-20,1.787795857230925,27877.95857230925,1.7992063615067448,0.9539038369693323,1.558627445373175,-0.5832052419746299,3.0850311897316804,0.5179282868525896,22.5,,,90.0,92.0,,,,,
SOXL,SMH,BREAKOUT_RSI,B90_RSI92,3Y,2023-07-20,2026-07-20,1.7220861444875326,27220.861444875325,0.3987444970169636,0.7116891385475219,0.8330677924529514,-0.6647578737142839,0.5998341844211775,0.3603723404255319,48.5,,,90.0,92.0,,,,,
SOXL,SMH,BREAKOUT_RSI,B90_RSI92,5Y,2021-07-20,2026-07-20,7.515976379334408,85159.76379334407,0.537404373912358,0.6231284284552078,1.0043558313973058,-0.6647578737142839,0.8084212239708453,0.32270916334661354,64.5,,,90.0,92.0,,,,,
SOXL,SMH,BREAKOUT_RSI,B90_RSI92,10Y,2016-07-20,2026-07-20,9.04025551394465,100402.5551394465,0.26024073726061747,0.6078264981856414,0.6888537545844811,-0.8313480452174251,0.3130346414570036,0.38440111420612816,138.5,,,90.0,92.0,,,,,
SOXL,SMH,BREAKOUT_RSI,B90_RSI92,MAX,2010-03-11,2026-07-20,7.208235909994329,82082.35909994329,0.13763171560068344,0.5437259673657246,0.5123239427281218,-0.8313480452174253,0.16555246192307835,0.37068546426835197,212.5,,,90.0,92.0,,,,,
SOXL,SMH,BREAKOUT_RSI,B90_RSI95,1Y,2025-07-21,2026-07-20,0.7486521281639731,17486.521281639732,0.7525497962056025,1.0948449475282338,1.058956990093426,-0.5832052419746299,1.2903687107777047,0.6613545816733067,22.5,,,90.0,95.0,,,,,
SOXL,SMH,BREAKOUT_RSI,B90_RSI95,3Y,2023-07-20,2026-07-20,0.822110321301905,18221.10321301905,0.2227009075176456,0.7975944199510508,0.6552321506693809,-0.6647578737142836,0.335010559970236,0.4428191489361702,44.5,,,90.0,95.0,,,,,
SOXL,SMH,BREAKOUT_RSI,B90_RSI95,5Y,2021-07-20,2026-07-20,4.302148715741207,53021.48715741206,0.3978727325917988,0.6931199936697495,0.8317211108752224,-0.6647578737142839,0.5985227829927238,0.39362549800796814,57.5,,,90.0,95.0,,,,,
SOXL,SMH,BREAKOUT_RSI,B90_RSI95,10Y,2016-07-20,2026-07-20,26.72182613907209,277218.2613907209,0.3953529785754488,0.6772960984559512,0.8334084625952833,-0.8053024099329398,0.4909372848000929,0.45921209709510546,110.5,,,90.0,95.0,,,,,
SOXL,SMH,BREAKOUT_RSI,B90_RSI95,MAX,2010-03-11,2026-07-20,18.691239035500203,196912.39035500202,0.20027215067324122,0.6171214468497721,0.6065376947655413,-0.8053024099329398,0.24869185563460383,0.4727758872143899,173.5,,,90.0,95.0,,,,,
SOXL,SMH,BREAKOUT_RSI,B126_RSI85,1Y,2025-07-21,2026-07-20,0.5455769746278234,15455.769746278234,0.5482603372458039,0.6171455343502013,1.021656461664538,-0.24427057849134937,2.244479628418369,0.3147410358565737,30.0,,,126.0,85.0,,,,,
SOXL,SMH,BREAKOUT_RSI,B126_RSI85,3Y,2023-07-20,2026-07-20,0.9338153173235164,19338.153173235165,0.24732461613417733,0.5543969567561885,0.6839613276618236,-0.664757873714284,0.3720521800701207,0.2632978723404255,59.0,,,126.0,85.0,,,,,
SOXL,SMH,BREAKOUT_RSI,B126_RSI85,5Y,2021-07-20,2026-07-20,0.32378422004682506,13237.84220046825,0.05793870318112315,0.5136011057681934,0.37312885462918133,-0.6647578737142836,0.08715760350064768,0.24063745019920318,81.0,,,126.0,85.0,,,,,
SOXL,SMH,BREAKOUT_RSI,B126_RSI85,10Y,2016-07-20,2026-07-20,-0.19168197635082473,8083.180236491753,-0.02111317531431023,0.5439509365701014,0.23916073179382413,-0.8655556635947279,-0.024392625688133534,0.30322323915638677,179.0,,,126.0,85.0,,,,,
SOXL,SMH,BREAKOUT_RSI,B126_RSI85,MAX,2010-03-11,2026-07-20,0.026620495531753274,10266.204955317533,0.0016105879067382922,0.45892786390675144,0.2378825780023008,-0.8655556635947277,0.001860756014291884,0.2656781720952844,265.0,,,126.0,85.0,,,,,
SOXL,SMH,BREAKOUT_RSI,B126_RSI90,1Y,2025-07-21,2026-07-20,0.6109129350881066,16109.129350881067,0.6139759429943543,0.8938187541019974,0.9872732941902025,-0.6001843653750891,1.0229789018423465,0.4701195219123506,26.5,,,126.0,90.0,,,,,
SOXL,SMH,BREAKOUT_RSI,B126_RSI90,3Y,2023-07-20,2026-07-20,0.6608099647742827,16608.099647742827,0.18530637128077942,0.673125530478753,0.5967727209291054,-0.6647578737142839,0.2787576930009031,0.32313829787234044,50.5,,,126.0,90.0,,,,,
SOXL,SMH,BREAKOUT_RSI,B126_RSI90,5Y,2021-07-20,2026-07-20,3.1576837284278954,41576.837284278954,0.3312615805335042,0.5765087324596347,0.788991009489845,-0.6647578737142837,0.4983191529309844,0.26772908366533865,65.5,,,126.0,90.0,,,,,
SOXL,SMH,BREAKOUT_RSI,B126_RSI90,10Y,2016-07-20,2026-07-20,1.7751600241302876,27751.600241302876,0.10777684108921282,0.585808034116082,0.47352999643737353,-0.8619261030149497,0.1250418576629921,0.3434142459212097,146.5,,,126.0,90.0,,,,,
SOXL,SMH,BREAKOUT_RSI,B126_RSI90,MAX,2010-03-11,2026-07-20,1.7722562568291722,27722.562568291723,0.0644503957346032,0.5154946770887264,0.38316022059109106,-0.8619261030149497,0.07477485077799685,0.3259601361205639,222.5,,,126.0,90.0,,,,,
SOXL,SMH,BREAKOUT_RSI,B126_RSI92,1Y,2025-07-21,2026-07-20,1.787795857230925,27877.95857230925,1.7992063615067448,0.9539038369693323,1.558627445373175,-0.5832052419746299,3.0850311897316804,0.5179282868525896,22.5,,,126.0,92.0,,,,,
SOXL,SMH,BREAKOUT_RSI,B126_RSI92,3Y,2023-07-20,2026-07-20,1.8448556700260905,28448.556700260906,0.4195754627328261,0.7010480482621828,0.8559876080076325,-0.6647578737142839,0.6311703543855453,0.34175531914893614,45.5,,,126.0,92.0,,,,,
SOXL,SMH,BREAKOUT_RSI,B126_RSI92,5Y,2021-07-20,2026-07-20,5.493903875072192,64939.03875072192,0.45595712536446875,0.6062275593742981,0.9258208256294388,-0.6647578737142839,0.6858995483826963,0.3043824701195219,60.5,,,126.0,92.0,,,,,
SOXL,SMH,BREAKOUT_RSI,B126_RSI92,10Y,2016-07-20,2026-07-20,6.2756392300064485,72756.39230006449,0.22018924055515332,0.5968421583490384,0.6365629919639192,-0.8397321678904758,0.2622136545135568,0.3684838838042181,133.5,,,126.0,92.0,,,,,
SOXL,SMH,BREAKOUT_RSI,B126_RSI92,MAX,2010-03-11,2026-07-20,6.996957033671944,79969.57033671945,0.1358160008843452,0.5263285101766215,0.508533242195338,-0.8397321678904756,0.1617372849077986,0.34710743801652894,202.5,,,126.0,92.0,,,,,
SOXL,SMH,BREAKOUT_RSI,B126_RSI95,1Y,2025-07-21,2026-07-20,0.7486521281639731,17486.521281639732,0.7525497962056025,1.0948449475282338,1.058956990093426,-0.5832052419746299,1.2903687107777047,0.6613545816733067,22.5,,,126.0,95.0,,,,,
SOXL,SMH,BREAKOUT_RSI,B126_RSI95,3Y,2023-07-20,2026-07-20,0.790376615328581,17903.76615328581,0.2155232825779949,0.7871227103386231,0.6458473992697937,-0.6647578737142836,0.3242132076958714,0.4228723404255319,42.5,,,126.0,95.0,,,,,
SOXL,SMH,BREAKOUT_RSI,B126_RSI95,5Y,2021-07-20,2026-07-20,2.8013220776148327,38013.22077614833,0.3075220843389086,0.6772542417886825,0.7368638324657972,-0.6647578737142839,0.4626076598696792,0.3745019920318725,54.5,,,126.0,95.0,,,,,
SOXL,SMH,BREAKOUT_RSI,B126_RSI95,10Y,2016-07-20,2026-07-20,16.855187685416237,178551.87685416237,0.33513482157762997,0.6669185941550622,0.7699345063231432,-0.8053024099329399,0.41616021192031166,0.44210107441305213,107.5,,,126.0,95.0,,,,,
SOXL,SMH,BREAKOUT_RSI,B126_RSI95,MAX,2010-03-11,2026-07-20,12.793170524171234,137931.70524171233,0.17438169773912593,0.6003877605013593,0.5701437428604746,-0.8053024099329398,0.21654187990527343,0.4460379192999514,166.5,,,126.0,95.0,,,,,
SOXL,SMH,PULLBACK_RECLAIM,RSI5_R10_H10,1Y,2025-07-21,2026-07-20,1.449871769147642,24498.71769147642,1.458633105506686,0.3478448475894012,2.748686910588094,-0.0395530828550541,36.87786135032712,0.0796812749003984,2.0,,,,,5.0,10.0,10.0,,
SOXL,SMH,PULLBACK_RECLAIM,RSI5_R10_H10,3Y,2023-07-20,2026-07-20,4.883460939661171,58834.609396611704,0.8109601291024267,0.2828882815741396,2.2340612206063395,-0.11661172069816483,6.954362085107189,0.0797872340425532,6.0,,,,,5.0,10.0,10.0,,
SOXL,SMH,PULLBACK_RECLAIM,RSI5_R10_H10,5Y,2021-07-20,2026-07-20,4.710368952221562,57103.689522215616,0.41884761180084973,0.23570102364625725,1.5962895057008493,-0.23312960529458338,1.7966298672002317,0.07569721115537849,10.0,,,,,5.0,10.0,10.0,,
SOXL,SMH,PULLBACK_RECLAIM,RSI5_R10_H10,10Y,2016-07-20,2026-07-20,13.2270080944303,142270.080944303,0.3050662523517824,0.2349674034368115,1.247450055850991,-0.2939135156998396,1.0379456406602703,0.08356545961002786,21.0,,,,,5.0,10.0,10.0,,
SOXL,SMH,PULLBACK_RECLAIM,RSI5_R10_H10,MAX,2010-03-11,2026-07-20,8.594262577309728,95942.62577309727,0.14855656296309383,0.23151041280024276,0.7122439018082235,-0.42718910342436966,0.3477536336302982,0.08264462809917356,34.0,,,,,5.0,10.0,10.0,,
SOXL,SMH,PULLBACK_RECLAIM,RSI5_R10_H20,1Y,2025-07-21,2026-07-20,2.943884475459224,39438.84475459224,2.965503933575017,0.4679146027013778,3.1734482494412113,-0.15257540365994526,19.43631714181421,0.1593625498007968,2.0,,,,,5.0,10.0,20.0,,
SOXL,SMH,PULLBACK_RECLAIM,RSI5_R10_H20,3Y,2023-07-20,2026-07-20,10.142412570331045,111424.12570331045,1.2431040758844318,0.38302533808776473,2.297175430799984,-0.19189865480636814,6.477919697450529,0.1595744680851064,6.0,,,,,5.0,10.0,20.0,,
SOXL,SMH,PULLBACK_RECLAIM,RSI5_R10_H20,5Y,2021-07-20,2026-07-20,21.645621002971147,226456.21002971148,0.8710117532825901,0.3524375927769877,1.9488289208056186,-0.2734874772016491,3.184832308209752,0.1553784860557769,10.0,,,,,5.0,10.0,20.0,,
SOXL,SMH,PULLBACK_RECLAIM,RSI5_R10_H20,10Y,2016-07-20,2026-07-20,83.90930859900473,849093.0859900473,0.5611076211443407,0.33253691245533656,1.5036119199700975,-0.39518212220885607,1.4198709648302157,0.1671309192200557,21.0,,,,,5.0,10.0,20.0,,
SOXL,SMH,PULLBACK_RECLAIM,RSI5_R10_H20,MAX,2010-03-11,2026-07-20,34.74749031884842,357474.9031884842,0.2449241664076791,0.3207732583424767,0.8424575470039833,-0.6930969943837274,0.3533764659092994,0.1652892561983471,34.0,,,,,5.0,10.0,20.0,,
SOXL,SMH,PULLBACK_RECLAIM,RSI5_R10_H40,1Y,2025-07-21,2026-07-20,5.624037235239629,66240.37235239628,5.6741224516424476,0.7072856469332686,3.0395892328148295,-0.2711647690173763,20.924998745979604,0.3346613545816733,3.0,,,,,5.0,10.0,40.0,,
SOXL,SMH,PULLBACK_RECLAIM,RSI5_R10_H40,3Y,2023-07-20,2026-07-20,31.545093165061644,325450.93165061646,2.2125030718322733,0.5531938524419605,2.38578010361282,-0.2711647690173763,8.159257118281822,0.3191489361702128,6.0,,,,,5.0,10.0,40.0,,
SOXL,SMH,PULLBACK_RECLAIM,RSI5_R10_H40,5Y,2021-07-20,2026-07-20,92.2038157687131,932038.157687131,1.4857417598963423,0.4895128525597817,2.102516327284452,-0.2711647690173763,5.479110598623288,0.28286852589641437,9.0,,,,,5.0,10.0,40.0,,
SOXL,SMH,PULLBACK_RECLAIM,RSI5_R10_H40,10Y,2016-07-20,2026-07-20,416.0529504354336,4170529.5043543363,0.8312556518225451,0.4468217173905845,1.5768252033929981,-0.3766629307135796,2.2068953009199754,0.29446876243533626,19.0,,,,,5.0,10.0,40.0,,
SOXL,SMH,PULLBACK_RECLAIM,RSI5_R10_H40,MAX,2010-03-11,2026-07-20,438.35925274483395,4393592.527448339,0.4517236543754999,0.4143406265196575,1.1060618629241703,-0.5368918963278162,0.841367987606365,0.2819640252795333,29.0,,,,,5.0,10.0,40.0,,
SOXL,SMH,PULLBACK_RECLAIM,RSI5_R20_H10,1Y,2025-07-21,2026-07-20,1.3669886015455268,23669.886015455268,1.3751278272484098,0.35074787419780296,2.6300260766071406,-0.04216989425522044,32.60923110041176,0.0796812749003984,2.0,,,,,5.0,20.0,10.0,,
SOXL,SMH,PULLBACK_RECLAIM,RSI5_R20_H10,3Y,2023-07-20,2026-07-20,2.187026280043001,31870.262800430013,0.4746458828401441,0.22356578144815703,1.8411176365751014,-0.043127724360965125,11.005586078864521,0.0398936170212766,3.0,,,,,5.0,20.0,10.0,,
SOXL,SMH,PULLBACK_RECLAIM,RSI5_R20_H10,5Y,2021-07-20,2026-07-20,2.653775764228566,36537.757642285665,0.29716964753235886,0.1948730868620436,1.4264087513646557,-0.23312960529458382,1.2746971675126961,0.05099601593625498,6.0,,,,,5.0,20.0,10.0,,
SOXL,SMH,PULLBACK_RECLAIM,RSI5_R20_H10,10Y,2016-07-20,2026-07-20,6.071451674593741,70714.5167459374,0.21671115484611514,0.20206623517924366,1.0687712796086875,-0.25177675360890783,0.8607274172052393,0.06764822920811779,16.0,,,,,5.0,20.0,10.0,,
SOXL,SMH,PULLBACK_RECLAIM,RSI5_R20_H10,MAX,2010-03-11,2026-07-20,4.897081928634598,58970.81928634598,0.11482013566240545,0.18801870462863995,0.6700287627076417,-0.3344978488584034,0.34326120796971127,0.06562955760816723,26.0,,,,,5.0,20.0,10.0,,
SOXL,SMH,PULLBACK_RECLAIM,RSI5_R20_H20,1Y,2025-07-21,2026-07-20,3.048753648948632,40487.53648948632,3.0713736299226877,0.46486635142020544,3.248032180059126,-0.15257540365994526,20.13020156753482,0.1593625498007968,2.0,,,,,5.0,20.0,20.0,,
SOXL,SMH,PULLBACK_RECLAIM,RSI5_R20_H20,3Y,2023-07-20,2026-07-20,4.060577614287602,50605.77614287603,0.7217969931931993,0.3039106933938574,1.934770307568493,-0.19189865480636814,3.7613447260561337,0.0797872340425532,3.0,,,,,5.0,20.0,20.0,,
SOXL,SMH,PULLBACK_RECLAIM,RSI5_R20_H20,5Y,2021-07-20,2026-07-20,5.134329160254648,61343.29160254648,0.43939873952184905,0.2632696129089249,1.5110983748928375,-0.2734874772016491,1.606650308152389,0.09083665338645418,6.0,,,,,5.0,20.0,20.0,,
SOXL,SMH,PULLBACK_RECLAIM,RSI5_R20_H20,10Y,2016-07-20,2026-07-20,12.345706827179942,133457.06827179942,0.29672422311214475,0.2731882107709797,1.086649123245563,-0.31505721951027277,0.9418105814981007,0.12733784321528055,15.0,,,,,5.0,20.0,20.0,,
SOXL,SMH,PULLBACK_RECLAIM,RSI5_R20_H20,MAX,2010-03-11,2026-07-20,4.994073341840054,59940.733418400545,0.11593470458624489,0.2582787993885009,0.553570231201156,-0.7177749844421445,0.16151956685471489,0.12153621779290229,24.0,,,,,5.0,20.0,20.0,,
SOXL,SMH,PULLBACK_RECLAIM,RSI5_R20_H40,1Y,2025-07-21,2026-07-20,5.73996791189955,67399.6791189955,5.791399127885713,0.7050983727318527,3.071694587865115,-0.2711647690173762,21.35749105192423,0.3187250996015936,2.0,,,,,5.0,20.0,40.0,,
SOXL,SMH,PULLBACK_RECLAIM,RSI5_R20_H40,3Y,2023-07-20,2026-07-20,11.756387460381386,127563.87460381386,1.3471260348557563,0.4648266280564,2.0651180964533453,-0.2711647690173764,4.967924261464186,0.1595744680851064,3.0,,,,,5.0,20.0,40.0,,
SOXL,SMH,PULLBACK_RECLAIM,RSI5_R20_H40,5Y,2021-07-20,2026-07-20,22.42256744410845,234225.6744410845,0.8837282108841698,0.38894628080329396,1.8199110258880469,-0.2711647690173763,3.2590082188277942,0.15458167330677292,5.0,,,,,5.0,20.0,40.0,,
SOXL,SMH,PULLBACK_RECLAIM,RSI5_R20_H40,10Y,2016-07-20,2026-07-20,79.10229984896348,801022.9984896348,0.5520108811560185,0.3690448996733265,1.374496651351786,-0.39863851576689824,1.3847404586434993,0.2148826104257859,14.0,,,,,5.0,20.0,40.0,,
SOXL,SMH,PULLBACK_RECLAIM,RSI5_R20_H40,MAX,2010-03-11,2026-07-20,35.899706028030174,368997.0602803017,0.2473456555680007,0.34609070852060897,0.8112948393531877,-0.710537069802852,0.34811083908209045,0.20418084589207583,21.0,,,,,5.0,20.0,40.0,,
SOXL,SMH,PULLBACK_RECLAIM,RSI10_R10_H10,1Y,2025-07-21,2026-07-20,1.7323721770522575,27323.721770522574,1.7433363433080449,0.6331687370128647,1.9089503050224121,-0.27773964593859024,6.276872491201728,0.2788844621513944,7.0,,,,,10.0,10.0,10.0,,
SOXL,SMH,PULLBACK_RECLAIM,RSI10_R10_H10,3Y,2023-07-20,2026-07-20,9.88113029144971,108811.3029144971,1.2253384816176993,0.5294216127585855,1.7808721477503817,-0.4470998293340186,2.7406373280054988,0.2127659574468085,16.0,,,,,10.0,10.0,10.0,,
SOXL,SMH,PULLBACK_RECLAIM,RSI10_R10_H10,5Y,2021-07-20,2026-07-20,6.463138195103727,74631.38195103727,0.497200114564162,0.4340191315773623,1.1499407185525032,-0.5151825131559594,0.9650950912878643,0.17131474103585656,22.0,,,,,10.0,10.0,10.0,,
SOXL,SMH,PULLBACK_RECLAIM,RSI10_R10_H10,10Y,2016-07-20,2026-07-20,4.0779248657699405,50779.248657699405,0.17696946850903816,0.40433543326155197,0.6122711624645348,-0.8271044075140879,0.21396267134028527,0.1671309192200557,42.0,,,,,10.0,10.0,10.0,,
SOXL,SMH,PULLBACK_RECLAIM,RSI10_R10_H10,MAX,2010-03-11,2026-07-20,1.6964497457428651,26964.49745742865,0.06264416720202215,0.35995164613100833,0.3539872284645835,-0.8271044075140876,0.0757391287398685,0.16771998055420514,68.0,,,,,10.0,10.0,10.0,,
SOXL,SMH,PULLBACK_RECLAIM,RSI10_R10_H20,1Y,2025-07-21,2026-07-20,0.7834272360473358,17834.27236047336,0.7875426484522183,0.8533508508689794,1.1005368182930177,-0.46798769792677075,1.6828276724817894,0.47808764940239046,6.0,,,,,10.0,10.0,20.0,,
SOXL,SMH,PULLBACK_RECLAIM,RSI10_R10_H20,3Y,2023-07-20,2026-07-20,4.363141407307251,53631.414073072505,0.7556302120022065,0.7035090870299122,1.156109751500036,-0.47485502558197334,1.591286121645486,0.40558510638297873,16.0,,,,,10.0,10.0,20.0,,
SOXL,SMH,PULLBACK_RECLAIM,RSI10_R10_H20,5Y,2021-07-20,2026-07-20,9.3776929499185,103776.929499185,0.5996678094094445,0.5968253293596928,1.087098136489826,-0.47485502558197334,1.2628439778530363,0.33067729083665337,21.0,,,,,10.0,10.0,20.0,,
SOXL,SMH,PULLBACK_RECLAIM,RSI10_R10_H20,10Y,2016-07-20,2026-07-20,7.559436849338921,85594.36849338921,0.2402357712618195,0.5621536715179903,0.6684655519363034,-0.8053024099329398,0.29831746223362815,0.3103859928372463,38.0,,,,,10.0,10.0,20.0,,
SOXL,SMH,PULLBACK_RECLAIM,RSI10_R10_H20,MAX,2010-03-11,2026-07-20,3.4940227154537027,44940.227154537024,0.0964193361524428,0.49592266806282176,0.4370731156977056,-0.8053024099329398,0.11973059432477293,0.308458920758386,62.0,,,,,10.0,10.0,20.0,,
SOXL,SMH,PULLBACK_RECLAIM,RSI10_R10_H40,1Y,2025-07-21,2026-07-20,2.705230149587532,37052.30149587532,2.724614976707074,0.9710459857085173,1.8401694112121796,-0.5832052419746299,4.671794388339189,0.5936254980079682,4.5,,,,,10.0,10.0,40.0,,
SOXL,SMH,PULLBACK_RECLAIM,RSI10_R10_H40,3Y,2023-07-20,2026-07-20,5.9555846629066265,69555.84662906626,0.9154524694766604,0.8121875898338319,1.2131864137551636,-0.5832052419746296,1.5696917715915935,0.5452127659574468,10.5,,,,,10.0,10.0,40.0,,
SOXL,SMH,PULLBACK_RECLAIM,RSI10_R10_H40,5Y,2021-07-20,2026-07-20,23.239881155284444,242398.81155284445,0.8967465761563043,0.7014702079162456,1.2665102159258592,-0.5832052419746298,1.5376174828608862,0.46215139442231074,13.5,,,,,10.0,10.0,40.0,,
SOXL,SMH,PULLBACK_RECLAIM,RSI10_R10_H40,10Y,2016-07-20,2026-07-20,62.474424149189495,634744.2414918949,0.5162192061557063,0.6541581020301064,0.9687505785087516,-0.8165121806048041,0.6322247462044401,0.46358933545563075,27.5,,,,,10.0,10.0,40.0,,
SOXL,SMH,PULLBACK_RECLAIM,RSI10_R10_H40,MAX,2010-03-11,2026-07-20,89.28792050513883,902879.2050513882,0.31762138521285266,0.5764341372492592,0.770357971647601,-0.8165121806048041,0.3889977305391638,0.45065629557608167,44.5,,,,,10.0,10.0,40.0,,
SOXL,SMH,PULLBACK_RECLAIM,RSI10_R20_H10,1Y,2025-07-21,2026-07-20,2.480113100629564,34801.13100629564,2.497446668822997,0.5876179600151094,2.4236998797396847,-0.22182422304895932,11.258674253405498,0.23904382470119523,5.0,,,,,10.0,20.0,10.0,,
SOXL,SMH,PULLBACK_RECLAIM,RSI10_R20_H10,3Y,2023-07-20,2026-07-20,8.16280156990141,91628.0156990141,1.1007860155574098,0.39004653634619196,2.096688398465433,-0.22182422304895932,4.96242475428147,0.14627659574468085,10.0,,,,,10.0,20.0,10.0,,
SOXL,SMH,PULLBACK_RECLAIM,RSI10_R20_H10,5Y,2021-07-20,2026-07-20,6.4233631343974995,74233.631343975,0.4955944570175188,0.33456209445774987,1.3688146836388306,-0.4936875635536975,1.003862551144888,0.1306772908366534,15.0,,,,,10.0,20.0,10.0,,
SOXL,SMH,PULLBACK_RECLAIM,RSI10_R20_H10,10Y,2016-07-20,2026-07-20,15.720373601087374,167203.73601087375,0.3263719679321382,0.2992822178907213,1.09225820851052,-0.5127666080170975,0.6364922419465656,0.13529645841623558,31.0,,,,,10.0,20.0,10.0,,
SOXL,SMH,PULLBACK_RECLAIM,RSI10_R20_H10,MAX,2010-03-11,2026-07-20,7.021312730668477,80213.12730668476,0.13602759324062208,0.27362611589559505,0.6023706896789874,-0.6062071835077183,0.2243912591954466,0.13368983957219252,52.0,,,,,10.0,20.0,10.0,,
SOXL,SMH,PULLBACK_RECLAIM,RSI10_R20_H20,1Y,2025-07-21,2026-07-20,2.99742012819404,39974.2012819404,3.019548969797822,0.8275992699129997,2.0924456154332587,-0.46798769792677086,6.452197318807109,0.398406374501992,5.0,,,,,10.0,20.0,20.0,,
SOXL,SMH,PULLBACK_RECLAIM,RSI10_R20_H20,3Y,2023-07-20,2026-07-20,2.6627545079896158,36627.54507989616,0.5450253034500032,0.5850656001418255,1.0365825914187323,-0.5940748266081977,0.9174354459046227,0.2726063829787234,10.0,,,,,10.0,20.0,20.0,,
SOXL,SMH,PULLBACK_RECLAIM,RSI10_R20_H20,5Y,2021-07-20,2026-07-20,3.2271860889536406,42271.86088953641,0.33570059384650763,0.49243155783898745,0.834093862200958,-0.5940748266081975,0.5650813311904695,0.2342629482071713,14.0,,,,,10.0,20.0,20.0,,
SOXL,SMH,PULLBACK_RECLAIM,RSI10_R20_H20,10Y,2016-07-20,2026-07-20,5.284563855909086,62845.63855909086,0.20240251258945285,0.4345069767453579,0.6433026941904597,-0.6032900868533844,0.3354978260046267,0.23079984082769597,27.0,,,,,10.0,20.0,20.0,,
SOXL,SMH,PULLBACK_RECLAIM,RSI10_R20_H20,MAX,2010-03-11,2026-07-20,1.7051815158764998,27051.815158765,0.06285462976456868,0.38896740536814256,0.3528716202359874,-0.7295192878198031,0.0861589690827945,0.2284880894506563,45.0,,,,,10.0,20.0,20.0,,
SOXL,SMH,PULLBACK_RECLAIM,RSI10_R20_H40,1Y,2025-07-21,2026-07-20,6.05121258358646,70512.1258358646,6.106296850959868,1.0254101789530101,2.4306891171698357,-0.5832052419746298,10.470236567636167,0.5896414342629482,3.5,,,,,10.0,20.0,40.0,,
SOXL,SMH,PULLBACK_RECLAIM,RSI10_R20_H40,3Y,2023-07-20,2026-07-20,5.305220765472195,63052.207654721955,0.8534662147515608,0.7573823561291821,1.19953159761818,-0.6640480121179304,1.2852477519351282,0.3896276595744681,7.5,,,,,10.0,20.0,40.0,,
SOXL,SMH,PULLBACK_RECLAIM,RSI10_R20_H40,5Y,2021-07-20,2026-07-20,13.060588871472708,140605.88871472707,0.7002604227177158,0.6375202056840216,1.1548788315305696,-0.6640480121179304,1.0545328198247121,0.3362549800796813,10.5,,,,,10.0,20.0,40.0,,
SOXL,SMH,PULLBACK_RECLAIM,RSI10_R20_H40,10Y,2016-07-20,2026-07-20,17.460043752637578,184600.43752637578,0.3396026058254087,0.5878510661342614,0.7960111863096215,-0.8136865359167578,0.41736294117585215,0.3533625149224035,22.5,,,,,10.0,20.0,40.0,,
SOXL,SMH,PULLBACK_RECLAIM,RSI10_R20_H40,MAX,2010-03-11,2026-07-20,6.104120066663485,71041.20066663486,0.12760924414837982,0.5198647800491027,0.4945658693065807,-0.8136865359167578,0.15682850645255678,0.3568303354399611,36.5,,,,,10.0,20.0,40.0,,
SOXL,SMH,PULLBACK_RECLAIM,RSI15_R10_H10,1Y,2025-07-21,2026-07-20,2.8763998645075337,38763.998645075335,2.897381386248379,0.7980386012482766,2.102971332887475,-0.27773964593859035,10.432005040033085,0.398406374501992,10.0,,,,,15.0,10.0,10.0,,
SOXL,SMH,PULLBACK_RECLAIM,RSI15_R10_H10,3Y,2023-07-20,2026-07-20,11.8484623783369,128484.623783369,1.3527896474120809,0.6378139019026946,1.666359643276502,-0.4470998293340187,3.0256993151331324,0.3191489361702128,24.0,,,,,15.0,10.0,10.0,,
SOXL,SMH,PULLBACK_RECLAIM,RSI15_R10_H10,5Y,2021-07-20,2026-07-20,10.066776684023468,110667.76684023468,0.6204518040417872,0.5717658633162171,1.1332034696147288,-0.4470998293340187,1.3877254325191455,0.26693227091633465,34.0,,,,,15.0,10.0,10.0,,
SOXL,SMH,PULLBACK_RECLAIM,RSI15_R10_H10,10Y,2016-07-20,2026-07-20,4.668045982316708,56680.45982316708,0.19001711219561357,0.5213839412585326,0.6005002478731367,-0.8499592462278748,0.22356026249365588,0.27457222443294865,68.0,,,,,15.0,10.0,10.0,,
SOXL,SMH,PULLBACK_RECLAIM,RSI15_R10_H10,MAX,2010-03-11,2026-07-20,1.5368102936881503,25368.102936881503,0.058679148042961815,0.4539127234851199,0.3573300168934589,-0.8911932292942318,0.06584335036906862,0.2654350996596986,108.0,,,,,15.0,10.0,10.0,,
SOXL,SMH,PULLBACK_RECLAIM,RSI15_R10_H20,1Y,2025-07-21,2026-07-20,3.396180341398142,43961.80341398142,3.422191583284339,0.8737032775283367,2.1330197152337824,-0.3994506202804041,8.567245635723504,0.5577689243027888,7.0,,,,,15.0,10.0,20.0,,
SOXL,SMH,PULLBACK_RECLAIM,RSI15_R10_H20,3Y,2023-07-20,2026-07-20,13.613514472410985,146135.14472410985,1.4564997590009345,0.7312705748599112,1.599023829900924,-0.47485502558197346,3.0672514357742675,0.4853723404255319,17.0,,,,,15.0,10.0,20.0,,
SOXL,SMH,PULLBACK_RECLAIM,RSI15_R10_H20,5Y,2021-07-20,2026-07-20,14.987388229264946,159873.88229264945,0.7446756088519808,0.6658649726345508,1.1698418139381077,-0.606117037167038,1.2286003579977869,0.4103585657370518,24.0,,,,,15.0,10.0,20.0,,
SOXL,SMH,PULLBACK_RECLAIM,RSI15_R10_H20,10Y,2016-07-20,2026-07-20,37.971204467283194,389712.04467283195,0.4438347395238469,0.6332740453975515,0.9003591562701376,-0.8053024099329399,0.5511404586021373,0.43772383605252685,52.0,,,,,15.0,10.0,20.0,,
SOXL,SMH,PULLBACK_RECLAIM,RSI15_R10_H20,MAX,2010-03-11,2026-07-20,34.235708783116806,352357.0878311681,0.24382502409422369,0.5631551068808939,0.6716060404396998,-0.8053024099329399,0.3027744870582565,0.42780748663101603,83.0,,,,,15.0,10.0,20.0,,
SOXL,SMH,PULLBACK_RECLAIM,RSI15_R10_H40,1Y,2025-07-21,2026-07-20,5.2432467823182405,62432.46782318241,5.288969205251263,1.151286646692799,2.179456330560639,-0.5832052419746299,9.068795725058553,0.8127490039840638,5.5,,,,,15.0,10.0,40.0,,
SOXL,SMH,PULLBACK_RECLAIM,RSI15_R10_H40,3Y,2023-07-20,2026-07-20,26.170396164141188,271703.9616414119,2.0239507495020823,0.8883221223641571,1.698276409707799,-0.5832052419746295,3.470391902941997,0.6715425531914894,12.5,,,,,15.0,10.0,40.0,,
SOXL,SMH,PULLBACK_RECLAIM,RSI15_R10_H40,5Y,2021-07-20,2026-07-20,27.926913510668165,289269.1351066817,0.9652816700533986,0.8318327408888359,1.2321147494194433,-0.7623936715943487,1.2661197305517533,0.601593625498008,17.5,,,,,15.0,10.0,40.0,,
SOXL,SMH,PULLBACK_RECLAIM,RSI15_R10_H40,10Y,2016-07-20,2026-07-20,119.38565808129322,1203856.5808129322,0.616728232674983,0.7703381589475157,1.0139272506182888,-0.816512180604804,0.7553203091448829,0.6128133704735376,37.5,,,,,15.0,10.0,40.0,,
SOXL,SMH,PULLBACK_RECLAIM,RSI15_R10_H40,MAX,2010-03-11,2026-07-20,135.18624995074768,1361862.4995074768,0.3512158792893374,0.6788354540042005,0.7864735925390274,-0.8165121806048041,0.4301416287864634,0.5882352941176471,58.5,,,,,15.0,10.0,40.0,,
SOXL,SMH,PULLBACK_RECLAIM,RSI15_R20_H10,1Y,2025-07-21,2026-07-20,1.5316732072038688,25316.73207203869,1.5410595754013472,0.7402648384864553,1.6320290654197536,-0.29902291392782354,5.153650451594888,0.35856573705179284,8.0,,,,,15.0,20.0,10.0,,
SOXL,SMH,PULLBACK_RECLAIM,RSI15_R20_H10,3Y,2023-07-20,2026-07-20,2.9482065931852364,39482.06593185236,0.5843728914897541,0.5149769381123365,1.1531566736076895,-0.3549939167046048,1.646149029579058,0.2393617021276596,17.0,,,,,15.0,20.0,10.0,,
SOXL,SMH,PULLBACK_RECLAIM,RSI15_R20_H10,5Y,2021-07-20,2026-07-20,0.7763780002295708,17763.78000229571,0.12229211114141925,0.4882804537678003,0.48277039490482776,-0.7188217735097937,0.1701285571029702,0.21832669322709164,26.0,,,,,15.0,20.0,10.0,,
SOXL,SMH,PULLBACK_RECLAIM,RSI15_R20_H10,10Y,2016-07-20,2026-07-20,2.899686562639028,38996.86562639028,0.1462189980968449,0.40163231201256483,0.5419064384182295,-0.7294172309767282,0.20046002738521812,0.1910067648229208,45.0,,,,,15.0,20.0,10.0,,
SOXL,SMH,PULLBACK_RECLAIM,RSI15_R20_H10,MAX,2010-03-11,2026-07-20,0.059873728077516564,10598.737280775165,0.0035682723505032765,0.37024263864988205,0.1966289551300225,-0.843550145061563,0.004230065481457372,0.19931939718035974,79.0,,,,,15.0,20.0,10.0,,
SOXL,SMH,PULLBACK_RECLAIM,RSI15_R20_H20,1Y,2025-07-21,2026-07-20,4.497376812991598,54973.768129915974,4.534830596476001,0.9811898415843056,2.236671668417129,-0.46798769792677075,9.690063684506505,0.6374501992031872,7.0,,,,,15.0,20.0,20.0,,
SOXL,SMH,PULLBACK_RECLAIM,RSI15_R20_H20,3Y,2023-07-20,2026-07-20,3.3113108046771975,43113.10804677197,0.6317801207860176,0.6907342318281134,1.0555325520660526,-0.6198768138661807,1.0192026974611228,0.40558510638297873,14.0,,,,,15.0,20.0,20.0,,
SOXL,SMH,PULLBACK_RECLAIM,RSI15_R20_H20,5Y,2021-07-20,2026-07-20,1.3971623328019538,23971.623328019537,0.19190608438245094,0.650643995604301,0.5963217610242495,-0.7396342802221395,0.25946077610790896,0.36175298804780875,21.0,,,,,15.0,20.0,20.0,,
SOXL,SMH,PULLBACK_RECLAIM,RSI15_R20_H20,10Y,2016-07-20,2026-07-20,2.529542544396341,35295.42544396341,0.1348132812937033,0.5504694699500804,0.5072625466419941,-0.7877359595706052,0.17114018936902411,0.3263032232391564,37.0,,,,,15.0,20.0,20.0,,
SOXL,SMH,PULLBACK_RECLAIM,RSI15_R20_H20,MAX,2010-03-11,2026-07-20,-0.17224843259447276,8277.515674055272,-0.011512853451494554,0.5068494517141726,0.23275719774099354,-0.9183078314580165,-0.012537030674360421,0.3403014098201264,66.0,,,,,15.0,20.0,20.0,,
SOXL,SMH,PULLBACK_RECLAIM,RSI15_R20_H40,1Y,2025-07-21,2026-07-20,4.821069240869977,58210.69240869977,4.862064396407283,1.1045232540431227,2.161971693780672,-0.5832052419746299,8.336798174078806,0.749003984063745,4.5,,,,,15.0,20.0,40.0,,
SOXL,SMH,PULLBACK_RECLAIM,RSI15_R20_H40,3Y,2023-07-20,2026-07-20,3.4904128412112794,44904.12841211279,0.6541896264203264,0.8395515396282107,1.028029633026002,-0.6734305174024093,0.9714285431312203,0.5492021276595744,10.5,,,,,15.0,20.0,40.0,,
SOXL,SMH,PULLBACK_RECLAIM,RSI15_R20_H40,5Y,2021-07-20,2026-07-20,2.834731556070035,38347.31556070035,0.3098215182961166,0.7759058174224164,0.7416033589408526,-0.772554171647054,0.40103533145849146,0.4956175298804781,15.5,,,,,15.0,20.0,40.0,,
SOXL,SMH,PULLBACK_RECLAIM,RSI15_R20_H40,10Y,2016-07-20,2026-07-20,9.556327328674927,105563.27328674927,0.26659096546565575,0.6865736887328173,0.6928581619892715,-0.8136865359167578,0.32763349729671415,0.467966573816156,29.5,,,,,15.0,20.0,40.0,,
SOXL,SMH,PULLBACK_RECLAIM,RSI15_R20_H40,MAX,2010-03-11,2026-07-20,1.4448682057195614,24448.682057195616,0.05628788333589596,0.6224012090145864,0.40321665218877006,-0.8808982275389133,0.06389828197651751,0.4737481769567331,49.5,,,,,15.0,20.0,40.0,,
SOXL,SMH,MHT,MHT4_1,1Y,2025-07-21,2026-07-20,4.255933995542744,52559.33995542744,4.290796015780309,1.242399223861532,1.969027889606045,-0.5832052419746299,7.357265859360989,0.9920318725099602,1.5,,,,,,,,4.0,1.0
SOXL,SMH,MHT,MHT4_1,3Y,2023-07-20,2026-07-20,1.9002302832937725,29002.302832937727,0.4287757705208395,0.9778644040219882,0.861566246599925,-0.8867831483888404,0.48351817611764997,0.8284574468085106,11.5,,,,,,,,4.0,1.0
SOXL,SMH,MHT,MHT4_1,5Y,2021-07-20,2026-07-20,2.3788651727845034,33788.651727845034,0.2769547379880497,0.8929621445362966,0.7250145282117765,-0.8867831483888404,0.31231393886006664,0.7466135458167331,16.5,,,,,,,,4.0,1.0
SOXL,SMH,MHT,MHT4_1,10Y,2016-07-20,2026-07-20,38.004646462421555,390046.46462421556,0.44395893514844653,0.7994360537089173,0.8644607263549381,-0.8867831483888404,0.5006397967248895,0.7998408276959809,30.5,,,,,,,,4.0,1.0
SOXL,SMH,MHT,MHT4_1,MAX,2010-03-11,2026-07-20,58.88069082303522,598806.9082303522,0.2848912652961224,0.7038431466379562,0.7121463699122474,-0.8867831483888403,0.32126373377045964,0.7751579970831308,54.5,,,,,,,,4.0,1.0
SOXL,SMH,MHT,MHT4_2,1Y,2025-07-21,2026-07-20,4.866347900389641,58663.47900389641,4.907844304037946,1.2371798537793488,2.061775212520184,-0.5832052419746296,8.415295252526974,0.9880478087649402,1.5,,,,,,,,4.0,2.0
SOXL,SMH,MHT,MHT4_2,3Y,2023-07-20,2026-07-20,3.9211158061790528,49211.15806179053,0.7057482124273895,0.9378655978265293,1.0430478746541485,-0.8486960488111471,0.8315676895350239,0.7992021276595744,16.5,,,,,,,,4.0,2.0
SOXL,SMH,MHT,MHT4_2,5Y,2021-07-20,2026-07-20,3.7615113473282102,47615.1134732821,0.36800914449118616,0.8632651110061225,0.7972158893811003,-0.848696048811147,0.43361712948551273,0.7171314741035857,25.5,,,,,,,,4.0,2.0
SOXL,SMH,MHT,MHT4_2,10Y,2016-07-20,2026-07-20,38.15653543442353,391565.3543442353,0.44452181174965544,0.7722328193114161,0.8664485311574106,-0.848696048811147,0.5237703325853129,0.7695980899323518,50.5,,,,,,,,4.0,2.0
SOXL,SMH,MHT,MHT4_2,MAX,2010-03-11,2026-07-20,49.764822384076105,507648.22384076106,0.27195861432645585,0.679293691907798,0.6971364996998566,-0.8486960488111471,0.3204428896628131,0.7467185221195917,84.5,,,,,,,,4.0,2.0
SOXL,SMH,MHT,MHT4_3,1Y,2025-07-21,2026-07-20,1.3520550175507688,23520.550175507688,1.3600833805492485,1.1461365464662605,1.3291893462708788,-0.6006784389968685,2.264245380307947,0.896414342629482,10.0,,,,,,,,4.0,3.0
SOXL,SMH,MHT,MHT4_3,3Y,2023-07-20,2026-07-20,0.11404227549436441,11140.422754943644,0.03685266807600929,0.8713055957049728,0.48411213051976487,-0.8724675196849551,0.04223958742821355,0.723404255319149,32.0,,,,,,,,4.0,3.0
SOXL,SMH,MHT,MHT4_3,5Y,2021-07-20,2026-07-20,0.1680618030866332,11680.618030866332,0.03168453875901012,0.8140154075309648,0.4493653163982671,-0.8724675196849551,0.036316009529445054,0.6597609561752988,46.0,,,,,,,,4.0,3.0
SOXL,SMH,MHT,MHT4_3,10Y,2016-07-20,2026-07-20,3.3087498455739777,43087.49845573978,0.15774210371513653,0.7303839276440225,0.5704394803519524,-0.8724675196849552,0.18079997267072662,0.7138877835256665,95.0,,,,,,,,4.0,3.0
SOXL,SMH,MHT,MHT4_3,MAX,2010-03-11,2026-07-20,3.147511069155689,41475.11069155689,0.09104362385407883,0.6416546073262948,0.46048742878432003,-0.8724675196849551,0.1043518776343151,0.6852211959163831,174.0,,,,,,,,4.0,3.0
SOXL,SMH,MHT,MHT5_1,1Y,2025-07-21,2026-07-20,4.255933995542744,52559.33995542744,4.290796015780309,1.242399223861532,1.969027889606045,-0.5832052419746299,7.357265859360989,0.9920318725099602,1.5,,,,,,,,5.0,1.0
SOXL,SMH,MHT,MHT5_1,3Y,2023-07-20,2026-07-20,1.95846602980777,29584.660298077702,0.4383262947705553,0.9741718703575893,0.8680174489633264,-0.8843138499421106,0.4956682458374357,0.8111702127659575,10.5,,,,,,,,5.0,1.0
SOXL,SMH,MHT,MHT5_1,5Y,2021-07-20,2026-07-20,3.198846630430565,41988.46630430565,0.33389768940898,0.8718863449701072,0.7714193562359223,-0.8843138499421106,0.37757826526276594,0.7155378486055777,14.5,,,,,,,,5.0,1.0
SOXL,SMH,MHT,MHT5_1,10Y,2016-07-20,2026-07-20,39.8116840505682,408116.84050568205,0.4505314118965038,0.781895747544839,0.8720279976308699,-0.8843138499421105,0.5094700393146583,0.7739753282928771,26.5,,,,,,,,5.0,1.0
SOXL,SMH,MHT,MHT5_1,MAX,2010-03-11,2026-07-20,67.24983872804476,682498.3872804476,0.29522890158255266,0.6865634495322054,0.7243170265007228,-0.8843138499421105,0.3338508173335509,0.7442877977637335,45.5,,,,,,,,5.0,1.0
SOXL,SMH,MHT,MHT5_2,1Y,2025-07-21,2026-07-20,4.866347900389641,58663.47900389641,4.907844304037946,1.2371798537793488,2.061775212520184,-0.5832052419746296,8.415295252526974,0.9880478087649402,1.5,,,,,,,,5.0,2.0
SOXL,SMH,MHT,MHT5_2,3Y,2023-07-20,2026-07-20,3.5172044816087267,45172.04481608727,0.6574904445011784,0.9323072440619249,1.0129071927858,-0.8601902448897236,0.7643546859630671,0.7752659574468085,14.5,,,,,,,,5.0,2.0
SOXL,SMH,MHT,MHT5_2,5Y,2021-07-20,2026-07-20,5.684738094022263,66847.38094022263,0.4644492199872612,0.8354479314475021,0.8766175865595877,-0.8601902448897236,0.5399377902115172,0.6812749003984063,20.5,,,,,,,,5.0,2.0
SOXL,SMH,MHT,MHT5_2,10Y,2016-07-20,2026-07-20,56.464512091863774,574645.1209186377,0.5011706192243444,0.7491786244372903,0.9204853904484492,-0.8601902448897236,0.5826276480136025,0.7397532829287704,40.5,,,,,,,,5.0,2.0
SOXL,SMH,MHT,MHT5_2,MAX,2010-03-11,2026-07-20,95.55600500986954,965560.0500986953,0.323049747429456,0.6574761979269143,0.7575837566514521,-0.8601902448897234,0.3755561625450322,0.7117160913952357,64.5,,,,,,,,5.0,2.0
SOXL,SMH,MHT,MHT5_3,1Y,2025-07-21,2026-07-20,2.74670075317546,37467.0075317546,2.766469559639773,1.1028160301675385,1.760027723993629,-0.6006784389968686,4.605574930007093,0.8645418326693227,6.0,,,,,,,,5.0,3.0
SOXL,SMH,MHT,MHT5_3,3Y,2023-07-20,2026-07-20,1.390727179032441,23907.27179032441,0.3392073539020042,0.8374843521848306,0.7728590788759769,-0.8521187397536638,0.3980752189537159,0.6835106382978723,23.0,,,,,,,,5.0,3.0
SOXL,SMH,MHT,MHT5_3,5Y,2021-07-20,2026-07-20,3.04482824942132,40448.2824942132,0.323925669675484,0.7643240604073297,0.75175089707369,-0.8521187397536638,0.38014146921487324,0.6119521912350597,31.0,,,,,,,,5.0,3.0
SOXL,SMH,MHT,MHT5_3,10Y,2016-07-20,2026-07-20,14.54186397106003,155418.6397106003,0.31668596217523626,0.6942384323114222,0.7469952203180844,-0.8521187397536638,0.37164534401248583,0.6748905690409869,68.0,,,,,,,,5.0,3.0
SOXL,SMH,MHT,MHT5_3,MAX,2010-03-11,2026-07-20,14.86709761474991,158670.9761474991,0.1845013993205682,0.6101466158966062,0.585566959047296,-0.852118739753664,0.21652076255699415,0.6421973748176957,121.0,,,,,,,,5.0,3.0
SOXL,SMH,MHT,MHT6_1,1Y,2025-07-21,2026-07-20,2.649329443728572,36493.29443728572,2.668199639443601,1.2139995908974202,1.6853979697262271,-0.5832052419746296,4.575061140413536,0.9800796812749004,1.5,,,,,,,,6.0,1.0
SOXL,SMH,MHT,MHT6_1,3Y,2023-07-20,2026-07-20,2.4632122037869637,34632.12203786964,0.5162921652585493,0.9196202886585677,0.9204228152258859,-0.808322140733978,0.6387208010778256,0.7194148936170213,6.5,,,,,,,,6.0,1.0
SOXL,SMH,MHT,MHT6_1,5Y,2021-07-20,2026-07-20,4.597501033619122,55975.01033619122,0.4131714268872708,0.8159841986908397,0.8368098440312326,-0.8083221407339781,0.5111469871555171,0.6358565737051792,9.5,,,,,,,,6.0,1.0
SOXL,SMH,MHT,MHT6_1,10Y,2016-07-20,2026-07-20,36.59988495654509,375998.8495654509,0.438657526885722,0.7361983653480231,0.8674069035912572,-0.808322140733978,0.5426766196054079,0.7023477914842817,19.5,,,,,,,,6.0,1.0
SOXL,SMH,MHT,MHT6_1,MAX,2010-03-11,2026-07-20,39.69120553464433,406912.0553464433,0.2548411599943754,0.6412805540544025,0.6787926415667275,-0.8083221407339782,0.3152717798413548,0.6560525036460866,33.5,,,,,,,,6.0,1.0
SOXL,SMH,MHT,MHT6_2,1Y,2025-07-21,2026-07-20,3.073155435019216,40731.554350192164,3.096009802934116,1.2087948604242074,1.7790781134986215,-0.5832052419746299,5.308611068809283,0.9760956175298805,1.5,,,,,,,,6.0,2.0
SOXL,SMH,MHT,MHT6_2,3Y,2023-07-20,2026-07-20,4.426355652648049,54263.5565264805,0.76253765685027,0.8798293971617173,1.0886960340437124,-0.7575979997709466,1.0065201559149006,0.6981382978723404,7.5,,,,,,,,6.0,2.0
SOXL,SMH,MHT,MHT6_2,5Y,2021-07-20,2026-07-20,6.682166312169689,76821.66312169688,0.5059214027830625,0.7860312155783932,0.9163816483149189,-0.7575979997709466,0.6677966453660432,0.6119521912350597,11.5,,,,,,,,6.0,2.0
SOXL,SMH,MHT,MHT6_2,10Y,2016-07-20,2026-07-20,69.9750842970567,709750.8429705669,0.5332967674820277,0.7054184519354296,0.962249279424994,-0.7575979997709467,0.7039310658730163,0.6764822920811778,23.5,,,,,,,,6.0,2.0
SOXL,SMH,MHT,MHT6_2,MAX,2010-03-11,2026-07-20,92.21668325390613,932166.8325390613,0.32020041094214613,0.6135201288076579,0.7625122799338612,-0.7575979997709467,0.42265213350478226,0.6307729703451629,39.5,,,,,,,,6.0,2.0
SOXL,SMH,MHT,MHT6_3,1Y,2025-07-21,2026-07-20,1.91638393806153,29163.8393806153,1.9288468882981245,1.04187600851308,1.558805079167012,-0.46851971022884376,4.116895930282205,0.8047808764940239,5.0,,,,,,,,6.0,3.0
SOXL,SMH,MHT,MHT6_3,3Y,2023-07-20,2026-07-20,2.692703752237523,36927.03752237523,0.549247316170324,0.7669459472496616,0.958597714234593,-0.7127789141095306,0.7705717794086187,0.5957446808510638,13.0,,,,,,,,6.0,3.0
SOXL,SMH,MHT,MHT6_3,5Y,2021-07-20,2026-07-20,4.976891037820247,59768.91037820247,0.4319035742158057,0.7023084621095815,0.8644403182594682,-0.7127789141095306,0.6059432534636349,0.5362549800796813,19.0,,,,,,,,6.0,3.0
SOXL,SMH,MHT,MHT6_3,10Y,2016-07-20,2026-07-20,21.349143871714766,223491.43871714766,0.3655321443993427,0.6440019331717209,0.8091009889586971,-0.7127789141095305,0.5128268207204183,0.6040588937524871,43.0,,,,,,,,6.0,3.0
SOXL,SMH,MHT,MHT6_3,MAX,2010-03-11,2026-07-20,19.22590925971045,202259.0925971045,0.20224346028903528,0.561725020750438,0.6115619447930699,-0.7127789141095306,0.2837393984103704,0.5556635877491493,73.0,,,,,,,,6.0,3.0
