Date,Open,High,Low,Close,Volume
2007-02-01,0.6356093287467957,0.6356093287467957,0.6356093287467957,0.6356093287467957,48000
2007-02-02,0.647015392780304,0.647015392780304,0.647015392780304,0.647015392780304,240000
2007-02-05,0.6601279150374346,0.6601279150374346,0.6519550583012461,0.6559065580368042,278400
2007-02-06,0.6457574211030889,0.6497994724045246,0.6376742435488293,0.6496201157569885,249600
2007-02-07,0.65932027441447,0.6704565286636353,0.6538409519976437,0.6704565286636353,345600
2007-02-08,0.6528534889221191,0.6528534889221191,0.6528534889221191,0.6528534889221191,96000
2007-02-09,0.6752164380374583,0.6752164380374583,0.6416265368461609,0.6416265368461609,892800
2007-02-12,0.6349796056747437,0.6349796056747437,0.6349796056747437,0.6349796056747437,9600
2007-02-13,0.6330044417382029,0.6330044417382029,0.6295909612578002,0.6324656009674072,163200
2007-02-14,0.643961330200987,0.660936483271997,0.6426145624331965,0.657612681388855,336000
2007-02-15,0.6630015704372422,0.6651571393013,0.6630015704372422,0.6651571393013,57600
2007-02-16,0.6622836212389531,0.6630018189828044,0.6612058877944946,0.6612058877944946,1219200
2007-02-20,0.6449494658112772,0.6642594420723111,0.6449494658112772,0.6612951755523682,528000
2007-02-21,0.6498889580404841,0.6524040102958679,0.6498889580404841,0.6524040102958679,105600
2007-02-22,0.6797070471340585,0.6855450819285719,0.6742285993909911,0.6824919581413269,1372800
2007-02-23,0.6879702743739992,0.6917424170864728,0.6861734188181555,0.688149631023407,595200
2007-02-26,0.6863536767353918,0.6863536767353918,0.6796172154440451,0.6846473217010498,230400
2007-02-27,0.6625529340310332,0.669648053817907,0.6361478439489286,0.6372256278991699,1747200
2007-02-28,0.645309022102129,0.645309022102129,0.6330941160351796,0.6379440426826477,1104000
2007-03-01,0.6026470315312995,0.6316569162544448,0.6026470315312995,0.624022901058197,499200
2007-03-02,0.619891380946702,0.619891380946702,0.6015694520070821,0.6026471853256226,2064000
2007-03-05,0.6038151252000462,0.6089340857285781,0.5898042917251587,0.5898042917251587,403200
2007-03-06,0.6074072699908819,0.6145929448290575,0.6021081804061674,0.6120778918266296,1056000
2007-03-07,0.6109103738203746,0.6109103738203746,0.6036350727081299,0.6036350727081299,1363200
2007-03-08,0.6157604423348347,0.6242023343698753,0.6157604423348347,0.6191730499267578,662400
2007-03-09,0.6369560603495192,0.6369560603495192,0.6154905620549109,0.624202311038971,336000
2007-03-12,0.6350702635517685,0.6408176922538067,0.6342615142627742,0.636417031288147,192000
2007-03-13,0.6307592575453331,0.6307592575453331,0.6114492801916331,0.612167477607727,998400
2007-03-14,0.6107302951806468,0.6157604015561946,0.6004018697037704,0.6122572422027588,2016000
2007-03-15,0.6192627323382911,0.6192627323382911,0.60956287673368,0.6150413751602173,2428800
2007-03-16,0.6044439051552611,0.6101913866290494,0.6044439051552611,0.607496976852417,2371200
2007-03-19,0.6118081497954325,0.6118081497954325,0.6026471853256226,0.6026471853256226,384000
2007-03-20,0.6030960728288357,0.6093833182062377,0.6030960728288357,0.6089341044425964,57600
2007-03-21,0.6107302184381793,0.6362377645098374,0.6087548800121576,0.6291426420211792,902400
2007-03-22,0.624471984388059,0.6245616626946595,0.6190831661224365,0.6190831661224365,672000
2007-03-23,0.6213283851013899,0.6268965601921082,0.6213283851013899,0.6268965601921082,230400
2007-03-26,0.6250108290063753,0.6250108290063753,0.611359479157889,0.6223164200782776,201600
2007-03-27,0.6218672740915925,0.6229450583369298,0.6179157753969526,0.6193522214889526,163200
2007-03-28,0.6091137147171495,0.6102820513854237,0.6004019646073652,0.6004916429519653,4118400
2007-03-29,0.610012247806034,0.610012247806034,0.5810024032486302,0.5915110111236572,1536000
2007-03-30,0.6012106115593281,0.6012106115593281,0.5918694701014678,0.5956416130065918,1881600
2007-04-02,0.5981567015800154,0.5981567015800154,0.5816307589442639,0.5924988985061646,259200
2007-04-03,0.5963607556940484,0.6053414882153652,0.5963607556940484,0.604893147945404,220800
2007-04-04,0.6098329320418978,0.6138740598606408,0.6098329320418978,0.6134248971939087,249600
2007-04-05,0.6197121330952722,0.621059775352478,0.6179161504097451,0.621059775352478,288000
2007-04-09,0.627166477988838,0.6300401927303078,0.6215078017760175,0.625549852848053,211200
2007-04-10,0.6263578479473176,0.6404592394828796,0.6263578479473176,0.6404592394828796,259200
2007-04-11,0.6418955123760549,0.6418955123760549,0.6284235173658282,0.6295909285545349,1027200
2007-04-12,0.6268965989442925,0.6383035778999329,0.6268965989442925,0.6383035778999329,105600
2007-04-13,0.6317467335921699,0.6339022517204285,0.6317467335921699,0.6339022517204285,230400
2007-04-16,0.6390219053254622,0.6455780847858308,0.6390219053254622,0.6402789950370789,566400
2007-04-17,0.6458481256457724,0.6495297172077548,0.6453989116553862,0.6484519839286804,729600
2007-04-18,0.665876398477781,0.680605489378754,0.6644390780740254,0.6753960251808167,1084800
2007-04-19,0.6656959805517966,0.6977597590756371,0.6646182475106682,0.691382884979248,960000
2007-04-20,0.707369850855187,0.707369850855187,0.6866225543872305,0.6971311569213867,336000
2007-04-23,0.6915622511426315,0.6915622511426315,0.6849163419793648,0.6874313950538635,259200
2007-04-24,0.712668847304647,0.7273979293261951,0.7043157636751974,0.7189552187919617,2121600
2007-04-25,0.7231767160254842,0.736918568611145,0.7171593782459825,0.736918568611145,796800
2007-04-26,0.732068719891286,0.7356606836405964,0.7240752206848948,0.7292838096618652,1459200
2007-04-27,0.7234468950140446,0.7260507535553262,0.7095256796084534,0.7149145007133484,950400
2007-04-30,0.7059327166241244,0.7123992695050796,0.6960535049438477,0.6960535049438477,1728000
2007-05-01,0.6943471703805661,0.7033279538154602,0.6806949940422146,0.7033279538154602,441600
2007-05-02,0.7060222605180405,0.7179673100887398,0.705573098039346,0.711052417755127,960000
2007-05-03,0.7190453057938561,0.726680145126907,0.713656485080719,0.713656485080719,835200
2007-05-04,0.721021263518702,0.7287449053609859,0.7169800859535413,0.7264100313186646,278400
2007-05-07,0.7282059495654578,0.7309003589259164,0.7231767177581787,0.7231767177581787,230400
2007-05-08,0.7157222898575505,0.723356306552887,0.7105136997501827,0.723356306552887,67200
2007-05-09,0.7255117023276826,0.7526358761826222,0.7255117023276826,0.7520073056221008,470400
2007-05-10,0.7474262967341945,0.754791276012321,0.719583878332881,0.7265893220901489,1363200
2007-05-11,0.7367384501356468,0.7461692690849304,0.7307211118626807,0.7461692690849304,1305600
2007-05-14,0.7516477687113365,0.7533540723425517,0.7327870031261428,0.7370980381965637,873600
2007-05-15,0.7317990433404821,0.7373671692516738,0.719135792845323,0.7203928828239441,969600
2007-05-16,0.7183266792074235,0.7226377129554749,0.7073697382369009,0.7226377129554749,384000
2007-05-17,0.7231765951726364,0.7231765951726364,0.7142854928970337,0.7142854928970337,268800
2007-05-18,0.7278473570997437,0.7278473570997437,0.7106032177751344,0.719225287437439,316800
2007-05-21,0.7217396091287237,0.7376370350008035,0.7144651796685941,0.7151833772659302,739200
2007-05-22,0.7222784564340389,0.7357504549474906,0.7214705805466203,0.729553759098053,614400
2007-05-23,0.7249727703197415,0.7259608764029789,0.7071897387504578,0.7071897387504578,662400
2007-05-24,0.7014422656222611,0.7048548727425332,0.6706364508531797,0.6751267910003662,1862400
2007-05-25,0.6879701691228742,0.6912034191270348,0.6817726012643412,0.6857249736785889,288000
2007-05-29,0.6956939693522499,0.6974899513876371,0.6956939693522499,0.6960535049438477,547200
2007-05-30,0.6832997552843828,0.6886885236516274,0.6807847020678633,0.6877900958061218,1152000
2007-05-31,0.6996453701429871,0.7062921524047852,0.695963728260967,0.7062921524047852,403200
2007-06-01,0.7144649205846773,0.7252425058803973,0.7144649205846773,0.7188656330108643,940800
2007-06-04,0.7108722690998098,0.7230871773017228,0.7108722690998098,0.716261088848114,931200
2007-06-05,0.7117707192428534,0.7117707192428534,0.6968614520912849,0.7055732011795044,652800
2007-06-06,0.7009929127842591,0.7009929127842591,0.6856343850818053,0.6916525959968567,931200
2007-06-07,0.6823116357148448,0.6823116357148448,0.6637207269668579,0.6637207269668579,1200000
2007-06-08,0.6754862989281389,0.6993763446807861,0.6694680875242118,0.6993763446807861,2467200
2007-06-11,0.7006334618159794,0.7020707302926942,0.695154964607726,0.6955145001411438,662400
2007-06-12,0.6843773226239669,0.6983882094898043,0.6836591252724279,0.6910232305526733,739200
2007-06-13,0.7053934840279155,0.7125782309684379,0.6990166125552267,0.7121298909187317,633600
2007-06-14,0.7185061984234203,0.7440137448754991,0.7185061984234203,0.7367384433746338,729600
2007-06-15,0.7657485112081284,0.7706881179635647,0.7562280110898184,0.7693413496017456,2044800
2007-06-18,0.7703293697910281,0.7735626723804444,0.7584740468769042,0.7711372971534729,1555200
2007-06-19,0.7589221988754249,0.7626943414673336,0.7508389701035783,0.7586531639099121,614400
2007-06-20,0.7644015251814562,0.7695204357839504,0.7507493495941162,0.7507493495941162,1449600
2007-06-21,0.763053869953102,0.7907161116600037,0.763053869953102,0.7907161116600037,1977600
2007-06-22,0.7853273339220136,0.7859567267330524,0.7621554823841983,0.7681736946105957,2409600
2007-06-25,0.7686220557215346,0.7717656794087071,0.7429360240869806,0.7492223978042603,3091200
2007-06-26,0.7523944193030926,0.7523944193030926,0.7366258172440132,0.7393290400505066,556800
2007-06-27,0.7321199750310301,0.7723982508965357,0.7321199750310301,0.7717676758766174,2102400
2007-06-28,0.7735694076688463,0.7785251181220187,0.7648291649528526,0.7673515677452087,1372800
2007-06-29,0.7714067546935763,0.7746505802066231,0.7527541650572727,0.756899356842041,1180800
2007-07-02,0.7680730271891124,0.7769932136197262,0.759512727360114,0.7758219838142395,1958400
2007-07-03,0.7825803554886236,0.7854634696923091,0.7800570762938354,0.7848328948020935,1036800
2007-07-05,0.7839318435601837,0.7893382906913757,0.7788861080974369,0.7893382906913757,614400
2007-07-06,0.7945645480335332,0.803935366111314,0.7897887290869173,0.8008714318275452,556800
2007-07-09,0.8076299972400935,0.8169108444757491,0.8034847528805587,0.8142076730728149,1776000
2007-07-10,0.8043861715519388,0.8186227823901181,0.8026742866289555,0.8056473731994629,1785600
2007-07-11,0.8046559422831973,0.8046559422831973,0.7905992257336019,0.7979882955551147,1420800
2007-07-12,0.8097924656173618,0.8557470440864563,0.8038453655197064,0.8557470440864563,4108800
2007-07-13,0.8562879477703148,0.8579998328690194,0.8436732488961733,0.8529541492462158,1190400
2007-07-16,0.8524134755134583,0.8602523540527142,0.84826823055065,0.8524134755134583,1603200
2007-07-17,0.8633160201281398,0.9031436050575422,0.8633160201281398,0.8849416971206665,4080000
2007-07-18,0.8507014309750475,0.8507014309750475,0.8261017369728869,0.8419603109359741,5001600
2007-07-19,0.8529538468482099,0.8564675874732013,0.8429515267474715,0.8555670976638794,2073600
2007-07-20,0.855476341948945,0.855476341948945,0.8243898217099953,0.8253811597824097,2956800
2007-07-23,0.834752004856755,0.8447543263608938,0.8276337260117338,0.828084409236908,1180800
2007-07-24,0.8044762173455893,0.8221374761719352,0.7933026637123894,0.7972679138183594,5385600
2007-07-25,0.8137569941146096,0.8144784172943829,0.7919513701016198,0.8000609874725342,3734400
2007-07-26,0.7862741915068318,0.8043861310696985,0.744014116320099,0.7699649333953857,6412800
2007-07-27,0.765549554523202,0.7770829891193848,0.7453658506311118,0.747167706489563,2400000
2007-07-30,0.7541963627199535,0.7813184624490392,0.7508625645620756,0.7696951031684875,3542400
2007-07-31,0.7874463957908141,0.7894281442928368,0.7461767771264611,0.749601423740387,3993600
2007-08-01,0.7469880031673006,0.7568994761001957,0.7156307432822101,0.7529350519180298,3216000
2007-08-02,0.7510424606880486,0.7609548631899417,0.7367158782058455,0.7595128417015076,1814400
2007-08-03,0.7596027627719707,0.7596027627719707,0.7226591110229492,0.7226591110229492,1651200
2007-08-06,0.7285161724227865,0.7348231077194214,0.7117562329135461,0.7348231077194214,2659200
2007-08-07,0.7314892322152132,0.7478884595815409,0.7118461789699712,0.7406801581382751,3033600
2007-08-08,0.7513130526911357,0.7816789710275464,0.7477984356045052,0.7655496597290039,3936000
2007-08-09,0.7529350974733038,0.7776238869884475,0.7389683513481767,0.7497811913490295,6048000
2007-08-10,0.7204066514878362,0.7518538353600047,0.7181532351742774,0.7456360459327698,2035200
2007-08-13,0.7478887010776285,0.7547371181468586,0.7429329374529855,0.744284987449646,3744000
2007-08-14,0.7432936492103016,0.7505919246575488,0.7190547126959452,0.7197752594947815,7190400
2007-08-15,0.7045471215258684,0.7181531554243571,0.6848140954971313,0.6848140954971313,5299200
2007-08-16,0.6848140478222922,0.6886885001341488,0.6343535150194112,0.6758030652999878,17289600
2007-08-17,0.7659105856582544,0.7659105856582544,0.6848141998222661,0.7093230485916138,7920000
2007-08-20,0.71851385437683,0.7332911178362619,0.7100435262400482,0.7252722978591919,1257600
2007-08-21,0.7211270711990628,0.7336517945546408,0.7211270711990628,0.7261728048324585,1660800
2007-08-22,0.7397788263501629,0.7443747535637018,0.7316692097140629,0.7415815591812134,604800
2007-08-23,0.7449152582295,0.7459965678029713,0.7272540060219457,0.7359042763710022,1046400
2007-08-24,0.72878608605426,0.7548269252618455,0.72878608605426,0.7537456154823303,1593600
2007-08-27,0.7454563358445756,0.7454563358445756,0.7370759756580583,0.7395092844963074,777600
2007-08-28,0.7273441141265026,0.7278847690146771,0.7005827283556259,0.7013932466506958,969600
2007-08-29,0.7227489098889613,0.7501417413489115,0.7190544012301974,0.7491504549980164,672000
2007-08-30,0.7424819392040156,0.7671715485754486,0.7424819392040156,0.7523043155670166,1689600
2007-08-31,0.770595671917863,0.7826705922189062,0.7660006200924487,0.7811385989189148,1046400
2007-09-04,0.7872655371736885,0.8220474490506061,0.7872655371736885,0.8097926378250122,3129600
2007-09-05,0.7994301701604279,0.8015927377139903,0.7835707742778516,0.793122410774231,1785600
2007-09-06,0.7984390690709016,0.8079907077836476,0.7879869403815931,0.8066386580467224,2083200
2007-09-07,0.7710460795814332,0.7754611864831791,0.7520336025030611,0.7663610577583313,16224000
2007-09-10,0.7874465887584023,0.7911402747748184,0.756269205924519,0.7656400799751282,2889600
2007-09-11,0.7704156413487381,0.7933025761223388,0.7672617349929103,0.7851929068565369,4646400
2007-09-12,0.7758219741396088,0.7873553599435449,0.7576200134341409,0.7621259689331055,3609600
2007-09-13,0.763207147373521,0.7633870906532935,0.7517637344138944,0.7530249357223511,2371200
2007-09-14,0.7343724324459914,0.7486998893109131,0.7341025174943111,0.7415815591812134,7209600
2007-09-17,0.7385176859933517,0.7388783975803977,0.7295067021962027,0.7387884259223938,940800
2007-09-18,0.7445548168167911,0.7760020556584932,0.7399598166191051,0.7694243788719177,7248000
2007-09-19,0.7823099347968249,0.7980785413797337,0.7764528042833017,0.783751904964447,3993600
2007-09-20,0.7828504826702628,0.7946546629781716,0.7798773958225244,0.7875363826751709,1920000
2007-09-21,0.795735878143197,0.8055573806659728,0.795735878143197,0.7963664531707764,1152000
2007-09-24,0.8001508647606572,0.8086211927224594,0.7866348030301046,0.7912306785583496,1728000
2007-09-25,0.7824807490972133,0.7999811776099208,0.7824807490972133,0.7970046997070312,1401600
2007-09-26,0.8127908557024142,0.8209097196696824,0.7937566967096349,0.7995295524597168,3196800
2007-09-27,0.8062959528319187,0.8105359472969116,0.7996198236866159,0.8009734153747559,1612800
2007-09-28,0.8028673841186807,0.8082799441099506,0.7943882212633069,0.7950195670127869,1152000
2007-10-01,0.8078296677610303,0.8308327779614437,0.8078296677610303,0.823706328868866,988800
2007-10-02,0.8291187925927928,0.831735023968599,0.8163988102646361,0.8235260844230652,4464000
2007-10-03,0.8231651803073,0.8231651803073,0.7819394455882898,0.791592001914978,3398400
2007-10-04,0.7910507159018564,0.7910507159018564,0.7780604568090749,0.7890657782554626,1334400
2007-10-05,0.8038600185356797,0.8118888638561853,0.7919523523644451,0.804311215877533,9609600
2007-10-08,0.7990784602852445,0.8118885680920761,0.7990784602852445,0.8063859343528748,2851200
2007-10-09,0.806566260798621,0.806566260798621,0.7848258391864822,0.8012437224388123,4003200
2007-10-10,0.799439549446106,0.8016045833317236,0.7870806401366707,0.799439549446106,1267200
2007-10-11,0.802867317241495,0.8094533198141561,0.7546051688491321,0.7664228081703186,3984000
2007-10-12,0.7758953604228105,0.78482572085434,0.7744517460592958,0.7767968773841858,1881600
2007-10-15,0.788163329164325,0.7933957925079383,0.7777893542608115,0.7864494919776917,2188800
2007-10-16,0.7765267293147666,0.7905994791857471,0.7714744144122547,0.7756243348121643,2601600
2007-10-17,0.8232549729588555,0.8232549729588555,0.7998907442869861,0.8154071569442749,4771200
2007-10-18,0.8113472820607209,0.8213610098803726,0.7990784459084579,0.8187447786331177,1459200
2007-10-19,0.8090923400923451,0.8090923400923451,0.7686780526176342,0.7694002985954285,5491200
2007-10-22,0.7577628253255995,0.7901483213542344,0.7577628253255995,0.7890657782554626,6988800
2007-10-23,0.7813081122179867,0.78482586145401,0.7587553696361526,0.78482586145401,3580800
2007-10-24,0.7491026256456752,0.7542450146545718,0.7100418805284604,0.7407135367393494,15686400
2007-10-25,0.7386384602057033,0.7386384602057033,0.6940742101337039,0.7145519852638245,7459200
2007-10-26,0.7245658675572773,0.7280836163511679,0.7038170393435658,0.7148231863975525,5068800
2007-10-29,0.7441413927882498,0.7491028085764618,0.7216787230804053,0.7320535778999329,2630400
2007-10-30,0.7284446756733227,0.7408936618025307,0.7281736269814523,0.7352100014686584,6019200
2007-10-31,0.7426075337530524,0.7591163665269619,0.7360223561794534,0.7569513320922852,4195200
2007-11-01,0.7454038932717878,0.7532525886325573,0.7306097745895386,0.7306097745895386,1641600
2007-11-02,0.7391798591833989,0.7428786341457382,0.7263698002231751,0.7416151165962219,1382400
2007-11-05,0.7310607731726909,0.7489223160500984,0.7297071817532352,0.738908588886261,1641600
2007-11-06,0.7489222256450767,0.7664226435189544,0.7479297572364184,0.7642576098442078,3436800
2007-11-07,0.7537937866564216,0.7634463926111931,0.7292561116833153,0.7306997776031494,1660800
2007-11-08,0.7351197473992138,0.7351197473992138,0.6791899397572274,0.7070643305778503,8659200
2007-11-09,0.6902854567071305,0.7014717506227253,0.6809939742088318,0.6809939742088318,6556800
2007-11-12,0.6765736931639523,0.6880302075150698,0.6576296091079712,0.6576296091079712,3235200
2007-11-13,0.6666511215398401,0.6920902629815858,0.6666511215398401,0.6916390657424927,796800
2007-11-14,0.7002091153568648,0.7002091153568648,0.6754012703895569,0.6754012703895569,1756800
2007-11-15,0.6738675415115811,0.6855951071524343,0.6576297588545034,0.6676434874534607,1152000
2007-11-16,0.675942591615278,0.675942591615278,0.6571786492673998,0.670981228351593,3792000
2007-11-19,0.6587124337401206,0.6693574585809507,0.6415722532405601,0.6445496082305908,6182400
2007-11-20,0.6504132884482469,0.6601559683767377,0.6149603687021059,0.6339044570922852,5750400
2007-11-21,0.6176665886342708,0.6377832398075388,0.5971888145680183,0.6163138747215271,7065600
2007-11-23,0.6184790530604302,0.630747013826765,0.6106303579570382,0.6262367963790894,806400
2007-11-26,0.6074724776855689,0.6374227476001199,0.5980009030399824,0.599444568157196,1737600
2007-11-27,0.6100890069558089,0.6231692862429637,0.598362319235238,0.6228991150856018,1958400
2007-11-28,0.6469846688758816,0.6785586623939783,0.6413018868748446,0.6691762804985046,9340800
2007-11-29,0.6754012079206954,0.6809038413884547,0.666109726221505,0.677476167678833,1478400
2007-11-30,0.6929018265257113,0.6954279841610155,0.6577199492850162,0.6615087985992432,2736000
2007-12-03,0.6692674087293407,0.6754013895052796,0.6606072187423706,0.6606072187423706,1324800
2007-12-04,0.6504135582242428,0.6630426460116771,0.6460834879307902,0.6540213823318481,1603200
2007-12-05,0.6832492079051706,0.7012917306510936,0.6812651477603356,0.6911879777908325,6364800
2007-12-06,0.6944353242598809,0.7200546097501804,0.6944353242598809,0.7197844386100769,3859200
2007-12-07,0.7149131627597931,0.7201456256118187,0.7076057399428306,0.7141917943954468,5299200
2007-12-10,0.7102217860531157,0.729707089001226,0.7095004178769936,0.7259182929992676,18768000
2007-12-11,0.7302486898836041,0.7359323510178555,0.6927216809176824,0.6986755132675171,5443200
2007-12-12,0.706614394036543,0.7241148224386041,0.6936241841732081,0.7095008492469788,2140800
2007-12-13,0.70950045585539,0.7095904784791109,0.6847826384789639,0.6995776295661926,2092800
2007-12-14,0.6865874805665954,0.6900151541748346,0.6762126304642879,0.6765737533569336,1353600
2007-12-17,0.6703496481815949,0.6703496481815949,0.6494206786155701,0.6494206786155701,2745600
2007-12-18,0.6571787102308118,0.6630425201862246,0.640399703932459,0.6546534299850464,26668800
2007-12-19,0.651405729835059,0.668544977068969,0.651405729835059,0.6632224917411804,1536000
2007-12-20,0.6779609136672737,0.6825250239376356,0.6633182842368461,0.6823351383209229,1622400
2007-12-21,0.6955520813153958,0.703063719040138,0.6917492535076808,0.699736475944519,1910400
2007-12-24,0.7039199149378205,0.7200841903686523,0.7039199149378205,0.7200841903686523,662400
2007-12-26,0.713143104470411,0.7187533282353079,0.7102905211708291,0.7172316312789917,691200
2007-12-27,0.7136185878834957,0.7136185878834957,0.6888007521629333,0.6888007521629333,1257600
2007-12-28,0.6959325187845508,0.6959325187845508,0.6799581330113365,0.6822401881217957,1766400
2007-12-31,0.6850929416463771,0.6883261667088321,0.6751084923744202,0.6751084923744202,2524800
2008-01-02,0.6674068367088793,0.6718760587586953,0.6171066789082845,0.6309888958930969,9110400
2008-01-03,0.6290874630442002,0.6290874630442002,0.6004668035763701,0.6067424416542053,7478400
2008-01-04,0.5769797733950687,0.5769797733950687,0.527725681836582,0.5362833738327026,18652800
2008-01-07,0.5373296998402974,0.5495953345556799,0.5123219751707836,0.5247783660888672,13756800
2008-01-08,0.529627342283203,0.5377103784851057,0.4965375046460143,0.4992951452732086,12288000
2008-01-09,0.5048101950667943,0.5146987729467671,0.48303570403323276,0.5087088346481323,14611200
2008-01-10,0.5034795761447868,0.5186926846863579,0.4926397690758541,0.5054758787155151,18566400
2008-01-11,0.4992001706568556,0.4992001706568556,0.47447819931476337,0.4807538390159607,14313600
2008-01-14,0.4831307460420688,0.5167911027330073,0.4831307460420688,0.5153643488883972,11568000
2008-01-15,0.5130825410692238,0.5130825410692238,0.47847192339779876,0.4838913381099701,14112000
2008-01-16,0.47571414832836617,0.4800883742047702,0.4165705022848503,0.43767955899238586,27484800
2008-01-17,0.44452559414310394,0.4499459306638099,0.4162855772122985,0.4204690456390381,18681600
2008-01-18,0.44652284121308033,0.44652284121308033,0.42008839747084337,0.4300728440284729,14812800
2008-01-22,0.40886881482380594,0.466015148651317,0.3316585951180621,0.41248175501823425,19747200
2008-01-23,0.3833856711912014,0.4421486673360555,0.3833856711912014,0.4391062259674072,19939200
2008-01-24,0.45061160614640594,0.4659205567293556,0.4421488243796683,0.4647795557975769,18230400
2008-01-25,0.4875999954616762,0.494446162550107,0.4426242974881601,0.44443076848983765,26140800
2008-01-28,0.4440500139339399,0.4548897893417771,0.42788574249979106,0.45469990372657776,18000000
2008-01-29,0.46040526701554296,0.4664910767591353,0.4482345996773249,0.4600246250629425,15609600
2008-01-30,0.4586936066219997,0.4787565221618542,0.44043713478674534,0.45840883255004883,17433600
2008-01-31,0.44547691525543454,0.47542849915633617,0.42674488239530256,0.46725139021873474,9206400
2008-02-01,0.4748578417682545,0.5087089557325518,0.4748578417682545,0.5068066716194153,13766400
2008-02-04,0.5139384611327353,0.5139384611327353,0.483035747909803,0.4849371612071991,12297600
2008-02-05,0.4754284118410722,0.47713993993396403,0.44690266251564026,0.44690266251564026,18489600
2008-02-06,0.4479487966946412,0.45736274575297753,0.42683976781700367,0.42779091000556946,12259200
2008-02-07,0.4193281157612085,0.4479487811207422,0.4102948360855089,0.43492189049720764,16732800
2008-02-08,0.43967669988077723,0.4507063340213113,0.4332102511630819,0.4493754208087921,9686400
2008-02-11,0.45137185659136664,0.47067441344808747,0.4449063316782404,0.4690578281879425,17414400
2008-02-12,0.47552415438278484,0.4848422610232587,0.45698201337929145,0.46202170848846436,11472000
2008-02-13,0.47485795452097,0.4932102697520084,0.47485795452097,0.49206921458244324,10713600
2008-02-14,0.4946360728027768,0.4946360728027768,0.4609757088049647,0.46240246295928955,12307200
2008-02-15,0.4542244411729979,0.4638282482194617,0.4411975235322533,0.44690266251564026,9139200
2008-02-19,0.45650649151300726,0.4635434144028827,0.4372997753813069,0.4398666322231293,7334400
2008-02-20,0.44081776407013085,0.4631627331732277,0.4328305430603066,0.45593592524528503,11212800
2008-02-21,0.46040516054986474,0.47951788717554006,0.44928060825162924,0.45051655173301697,10579200
2008-02-22,0.45451011920581486,0.4554603635635796,0.43206928120956895,0.45165756344795227,7209600
2008-02-25,0.4546999979149529,0.4600244950442022,0.43672925221504916,0.45850372314453125,4492800
2008-02-26,0.45717187027452694,0.4846524570258138,0.45669721058996626,0.4767601788043976,12998400
2008-02-27,0.46592029983045824,0.4889307355749937,0.46496913072593266,0.48436662554740906,11251200
2008-02-28,0.4785666719247705,0.4785666719247705,0.45869358841871555,0.4627821147441864,5328000
2008-02-29,0.4535588821676194,0.4554602955435932,0.43739463772389775,0.4386305809020996,8659200
2008-03-03,0.4373946470494351,0.446332084470966,0.4269345881021331,0.4364434778690338,5568000
2008-03-04,0.43064345912337715,0.4393910393879001,0.4141934857919322,0.43929609656333923,9792000
2008-03-05,0.44585741045576444,0.45175240667287864,0.4364434638031403,0.44595232605934143,6614400
2008-03-06,0.4384407226434888,0.4754283190556964,0.4231317796013566,0.43539735674858093,4041600
2008-03-07,0.4216101860455096,0.44490635500077547,0.41533454645761725,0.42779091000556946,8160000
2008-03-10,0.4324499356650446,0.4373947158177078,0.4157151608445279,0.42503324151039124,9120000
2008-03-11,0.4292167863603081,0.4497553171727602,0.42417801464325466,0.4456667900085449,10627200
2008-03-12,0.4546051114726814,0.4607858083117187,0.44414597499310354,0.4464280307292938,6201600
2008-03-13,0.4279808230771662,0.4657297146710003,0.421705155883137,0.45926418900489807,8035200
2008-03-14,0.46905784244979076,0.46905784244979076,0.4274102587314158,0.4354923963546753,10857600
2008-03-17,0.41124592459433834,0.442909027411537,0.41124592459433834,0.43454208970069885,10992000
2008-03-18,0.44747319973860167,0.4694384817794293,0.4411975331183968,0.4637333154678345,10828800
2008-03-19,0.46515912165525575,0.46953334706665334,0.43330615758895874,0.43330615758895874,7747200
2008-03-20,0.4383448236072948,0.4510869085788727,0.42988294487819256,0.4510869085788727,6182400
2008-03-24,0.46012019867077975,0.4858882712917669,0.46012019867077975,0.47666510939598083,14092800
2008-03-25,0.47072361047010464,0.489033737400854,0.47072361047010464,0.48083171248435974,14592000
2008-03-26,0.48054609057037123,0.48054609057037123,0.45775359983749586,0.46957919001579285,9033600
2008-03-27,0.46776736380053974,0.4958047560871178,0.4448797077642467,0.4482167065143585,9974400
2008-03-28,0.4487890607843661,0.4578489315043876,0.4329590133733972,0.4336264133453369,5856000
2008-03-31,0.431528034706022,0.449170763348801,0.42914404662960165,0.44383060932159424,11750400
2008-04-01,0.45546470255272276,0.47987852495875954,0.45546470255272276,0.4774945378303528,15081600
2008-04-02,0.4820722341537476,0.49590005182307634,0.47510978665215003,0.48207223415374756,13660800
2008-04-03,0.4720584761283242,0.5010498418999195,0.46853013211753974,0.49466052651405334,15734400
2008-04-04,0.49952334981553265,0.5048635279810922,0.4821671978086841,0.4956132471561432,11136000
2008-04-07,0.49971403629448413,0.507248688544509,0.4845514196906984,0.48846152424812317,11145600
2008-04-08,0.47968739481225503,0.48569582177177395,0.46442950018015666,0.46547868847846985,10329600
2008-04-09,0.473965235241984,0.4777801709841738,0.46204535498582683,0.4764453172683716,5395200
2008-04-10,0.4707236835912498,0.5100135974309544,0.4707236835912498,0.49942851066589355,19161600
2008-04-11,0.49590006156074673,0.49590006156074673,0.4606146054625854,0.46900707483291626,14851200
2008-04-14,0.4641428950724839,0.4641428950724839,0.44354400357292567,0.44507014751434326,14553600
2008-04-15,0.45012471438547536,0.4502199363927159,0.43486594705215814,0.45002949237823486,12384000
2008-04-16,0.48045081482203017,0.49408818619501227,0.47625411709049187,0.4928476810455322,19680000
2008-04-17,0.4958049204491788,0.4958049204491788,0.47377507355812265,0.4832167327404022,12268800
2008-04-18,0.5100134017661779,0.5111577571538423,0.4919898180525812,0.5034336447715759,12787200
2008-04-21,0.49494621743592526,0.5131611824035645,0.49494621743592526,0.5131611824035645,6393600
2008-04-22,0.5136382023699092,0.5136382023699092,0.47577830221187256,0.48664993047714233,9110400
2008-04-23,0.4947555015060161,0.5193597120828541,0.49141754862428483,0.5095372796058655,10963200
2008-04-24,0.5171660592373555,0.5355713976477001,0.4999051303901504,0.5225062370300293,28886400
2008-04-25,0.53061234419515,0.53061234419515,0.49952353762528257,0.5230786204338074,13372800
2008-04-28,0.5280381710644834,0.5280381710644834,0.5103001900595562,0.516212522983551,5097600
2008-04-29,0.513065650266583,0.5250816810531237,0.5129704282933744,0.5198367238044739,14112000
2008-04-30,0.5288005626217605,0.5288005626217605,0.4982839610332519,0.5036241412162781,7987200
2008-05-01,0.5064850851922859,0.543391930179299,0.49113115229759396,0.5392913818359375,40166400
2008-05-02,0.5541683297016199,0.5699983709596724,0.5284197044651165,0.5539770126342773,54422400
2008-05-05,0.5507353274825418,0.5507353274825418,0.5301364317260074,0.5350947976112366,8371200
2008-05-06,0.5302316348117287,0.5531192959463072,0.5212669598142989,0.5500670075416565,14995200
2008-05-07,0.5443450440674604,0.5627513219449549,0.5341417193412781,0.5341417193412781,15072000
2008-05-08,0.5341417029531138,0.5513074749023489,0.5319481590036478,0.543200671672821,7670400
2008-05-09,0.536430521064154,0.5516883619965168,0.5270841392266121,0.5427246689796448,5116800
2008-05-12,0.5417704205344643,0.5576965534715729,0.5390998945908169,0.5560752153396606,8764800
2008-05-13,0.5655162149925911,0.5669471098862305,0.5554080574032393,0.5646583437919617,7420800
2008-05-14,0.5664701092559091,0.5926957783719936,0.5588412165879683,0.5741952061653137,14630400
2008-05-15,0.5789629917958483,0.6102431141895572,0.5750528878228651,0.6065234541893005,9820800
2008-05-16,0.6139620391445497,0.6148208379745483,0.5908839351171631,0.6148208379745483,11760000
2008-05-19,0.6275042343851981,0.6336070100249244,0.6025181982699547,0.6117684841156006,25632000
2008-05-20,0.6139621697344712,0.6139621697344712,0.5688542126980248,0.581728994846344,18902400
2008-05-21,0.5756254176320323,0.5821099567095438,0.5549312400215886,0.5599857568740845,16377600
2008-05-22,0.5593181705535072,0.5736229710973575,0.5519748897262292,0.5638957023620605,10876800
2008-05-23,0.558841063355176,0.5621790167509384,0.5378603591960076,0.5536913275718689,12412800
2008-05-27,0.5493043942432966,0.5690454719540625,0.5412936858342429,0.5671375393867493,6988800
2008-05-28,0.574385364352194,0.574385364352194,0.5542634613801877,0.5669468641281128,10992000
2008-05-29,0.573718146629126,0.573718146629126,0.5538818496545945,0.5593181252479553,7776000
2008-05-30,0.5721920117631556,0.5845898072969609,0.5708572121110809,0.5760069489479065,9292800
2008-06-02,0.5815374740402905,0.5854475783548314,0.5514026321373147,0.5655161142349243,8140800
2008-06-03,0.5656124018684273,0.5738135012680139,0.5445365204464861,0.552832841873169,9715200
2008-06-04,0.5554080622102764,0.5769600504575043,0.5473974080952474,0.5689493417739868,11376000
2008-06-05,0.572192098424014,0.5911696553230286,0.569998554229559,0.5911696553230286,14208000
2008-06-06,0.5911695153683623,0.5911695153683623,0.550353439827395,0.5519748330116272,12451200
2008-06-09,0.5482551005291308,0.5545491922748144,0.5208850808047788,0.5425331592559814,17683200
2008-06-10,0.5300401185107089,0.534045499042831,0.516212303590185,0.5245095491409302,34147200
2008-06-11,0.5245094279879676,0.5246046499524384,0.4903683429433024,0.4913223087787628,76713600
2008-06-12,0.498379266970459,0.5179290269876912,0.4922755636453203,0.4966627061367035,14563200
2008-06-13,0.495995200464534,0.5278475295267155,0.495995200464534,0.5240325927734375,11971200
2008-06-16,0.5241277989953632,0.546443303903471,0.5241277989953632,0.5395770072937012,13248000
2008-06-17,0.5495908781992639,0.5495908781992639,0.5259396433830261,0.5259396433830261,7036800
2008-06-18,0.5245096184639507,0.5245096184639507,0.5024797770675224,0.5076295137405396,9907200
2008-06-19,0.5045780619327873,0.5411031444932416,0.5014305521887887,0.5327107310295105,9945600
2008-06-20,0.5226978051981662,0.5292775630950928,0.504482901930272,0.5292775630950928,39494400
2008-06-23,0.5253674220509181,0.5253674220509181,0.5003823186482383,0.5027662515640259,11558400
2008-06-24,0.5017724029634826,0.5221373088070439,0.4946010604335445,0.5055962800979614,11520000
2008-06-25,0.5153484374608971,0.5342796116970453,0.5153484374608971,0.5211815237998962,16156800
2008-06-26,0.5077954612068643,0.5077954612068643,0.47088952940837386,0.4743315875530243,17596800
2008-06-27,0.47136777231312954,0.4766263008164349,0.4543485267853483,0.4678303003311157,23193600
2008-06-30,0.46381449458960783,0.48264933241946345,0.4603724914257228,0.4615198075771332,9360000
2008-07-01,0.4481334751923627,0.4632408056303003,0.43646910490440555,0.4590332508087158,23059200
2008-07-02,0.46362260739150446,0.5069353032793038,0.4319751840764905,0.4349389970302582,21936000
2008-07-03,0.4369473833621776,0.4369473833621776,0.4031007083923927,0.4108448326587677,19353600
2008-07-07,0.4186852692428425,0.4408675691726539,0.4074982132667223,0.4224136769771576,24816000
2008-07-08,0.41591234438194086,0.43044505866419114,0.41113206186196966,0.426525741815567,17510400
2008-07-09,0.4264294669014531,0.4264294669014531,0.3900971942965491,0.39095816016197205,26236800
2008-07-10,0.3848386121922223,0.4101756627197228,0.3824484844065256,0.4081682562828064,28924800
2008-07-11,0.4102709874750921,0.419641598771963,0.38636859484171593,0.40692442655563354,20505600
2008-07-14,0.4196416411316266,0.419832550416601,0.3931563493229318,0.39946672320365906,29846400
2008-07-15,0.39325277801433595,0.4206926476262169,0.384455849755287,0.4049171209335327,25180800
2008-07-16,0.4209800066857666,0.42958509661744915,0.3989895434838712,0.4243265688419342,24009600
2008-07-17,0.4279594959754726,0.45798136087114877,0.423657402766972,0.44966357946395874,27465600
2008-07-18,0.44488327796675264,0.4498544699682988,0.428533136072315,0.4481334686279297,14668800
2008-07-21,0.4641963305778995,0.4641963305778995,0.4379992167365445,0.4428749680519104,10425600
2008-07-22,0.42069269595137265,0.4210754720400982,0.4031006975404698,0.41954535245895386,49612800
2008-07-23,0.4207890742216178,0.4346526638120019,0.4154341756856004,0.4234655797481537,19756800
2008-07-24,0.41639065766974703,0.41639065766974703,0.3916272888985856,0.3932528495788574,25440000
2008-07-25,0.40032777190208435,0.40204880072537474,0.3863687140556278,0.40032777190208435,19584000
2008-07-28,0.39258279967910065,0.4024316049233238,0.38741973985220507,0.389428049325943,12355200
2008-07-29,0.39717214272353657,0.4106539143770176,0.39334826620197855,0.40941110253334045,22320000
2008-07-30,0.4279595943673385,0.4279595943673385,0.4038653502164155,0.41428691148757935,14841600
2008-07-31,0.42384834301294677,0.4288204653283366,0.4065426962780653,0.4111320972442627,24220800
2008-08-01,0.4088374308170451,0.41447870750731736,0.3982240585856967,0.40826377272605896,9811200
2008-08-04,0.40577722214264184,0.4191635251045227,0.40577722214264184,0.4191635251045227,12643200
2008-08-05,0.426333962012107,0.43025420947238946,0.4117057773569285,0.428437739610672,20448000
2008-08-06,0.422796427292389,0.439337478808097,0.41428680669875595,0.43015870451927185,20102400
2008-08-07,0.4340790591895388,0.46563102326961986,0.4273859066447875,0.4506201148033142,41577600
2008-08-08,0.4471781197049142,0.46859490200441756,0.4464125947150983,0.4665866196155548,27513600
2008-08-11,0.4684993223267849,0.4929754359321201,0.4589378258370351,0.48121559619903564,27888000
2008-08-12,0.4736622735591366,0.4850402373243205,0.4736622735591366,0.48178917169570923,20476800
2008-08-13,0.4853268247418523,0.4924018232959864,0.472132331849886,0.48112019896507263,22704000
2008-08-14,0.4922108650642226,0.4924018017701553,0.47174956244376465,0.48924702405929565,15580800
2008-08-15,0.501485007017388,0.501485007017388,0.4837966113455012,0.4900115728378296,12364800
2008-08-18,0.4881951976099536,0.4937410064514137,0.4673520753722362,0.4723232686519623,17971200
2008-08-19,0.4699329866028538,0.47108035728923126,0.45693036398466896,0.4664909839630127,12566400
2008-08-20,0.46084970189003716,0.4665864458230661,0.4496635490783983,0.45702582597732544,19507200
2008-08-21,0.45138470966751726,0.4540621457563323,0.4352264028405448,0.4506201148033142,16828800
2008-08-22,0.45960695040271865,0.46467454103205375,0.45291470204584483,0.4631444215774536,20160000
2008-08-25,0.4548266466629135,0.4664910174794753,0.4447869062423706,0.4447869062423706,16665600
2008-08-26,0.44306580590774064,0.4445004293709249,0.4332179070711095,0.441441148519516,10915200
2008-08-27,0.4384765655263013,0.4570259009905731,0.4384765655263013,0.45042821764945984,10195200
2008-08-28,0.44937629688024405,0.46018060506051056,0.44937629688024405,0.45033273100852966,7305600
2008-08-29,0.4483252048885575,0.4498543665028387,0.4328360596135876,0.4379027187824249,8534400
2008-09-02,0.45788592316602234,0.45941601527093423,0.41973715855372074,0.42375287413597107,24681600
2008-09-03,0.41533856857860546,0.42078893363392134,0.38378662091139787,0.3881850838661194,46377600
2008-09-04,0.3977457759111791,0.3977457759111791,0.3552940173390474,0.35739779472351074,46300800
2008-09-05,0.3488882350273138,0.36934950953707474,0.3427696712472133,0.36409100890159607,39062400
2008-09-08,0.3844559940004224,0.38483874283395947,0.35060931113077737,0.36504659056663513,38016000
2008-09-09,0.37269606529450666,0.37269606529450666,0.3333035848019072,0.3374147415161133,34992000
2008-09-10,0.3461152600618011,0.3484099466874827,0.3351200165824827,0.33894482254981995,23318400
2008-09-11,0.33005247775628366,0.3411440940029641,0.32316841680655817,0.33875393867492676,31430400
2008-09-12,0.33464191916399766,0.3405705045706,0.3228821041982434,0.3401877284049988,39734400
2008-09-15,0.325081299669033,0.33684111279110335,0.31379874622781967,0.31618890166282654,60057600
2008-09-16,0.3080620331567173,0.327471432685535,0.29639768820788603,0.3188663423061371,49968000
2008-09-17,0.3132250876410352,0.3316780526485863,0.2992660284492244,0.3002215325832367,52444800
2008-09-18,0.3108348850301549,0.3333035626988195,0.28568877193539155,0.32641950249671936,69907200
2008-09-19,0.3454460666385668,0.38072735220196335,0.33081788675771623,0.3406657576560974,35289600
2008-09-22,0.337032888199135,0.337032888199135,0.30806197001485924,0.31236496567726135,21196800
2008-09-23,0.3155198883100179,0.3203001735385793,0.29955251397957483,0.3059583604335785,22291200
2008-09-24,0.31600725573395466,0.3170611023478105,0.3034587965595601,0.30805665254592896,28876800
2008-09-25,0.31112161391313914,0.3223293478387669,0.304416995932527,0.31284579634666443,31084800
2008-09-26,0.301064240028536,0.31936004757881165,0.2990522188857263,0.31936004757881165,16819200
2008-09-29,0.31342045502800125,0.31342045502800125,0.25824613918542094,0.2675383985042572,48182400
2008-09-30,0.277787083229974,0.2920597797915125,0.2641857089539457,0.2855464518070221,25699200
2008-10-01,0.28257710942578207,0.2898564165718857,0.27395611714041057,0.2849716544151306,16185600
2008-10-02,0.28008613947735894,0.28008613947735894,0.2490505449709448,0.25364843010902405,24652800
2008-10-03,0.2634187755501297,0.2699330354726392,0.24397443592413126,0.24598555266857147,23443200
2008-10-06,0.23583165387204816,0.2372689293622104,0.2061377395640785,0.23276671767234802,35260800
2008-10-07,0.2321919826313409,0.2388975054819034,0.20115642249584198,0.20115642249584198,18048000
2008-10-08,0.1910024572862691,0.22021818243617683,0.1910024572862691,0.2022102028131485,40704000
2008-10-09,0.2139919032374251,0.21954795042244366,0.18717163731669978,0.19129040837287903,29932800
2008-10-10,0.17826277982590172,0.2091070681132399,0.16236244586119705,0.18199899792671204,76435200
2008-10-13,0.20594556059159008,0.22108080295909394,0.19521783092228748,0.2203138768672943,46022400
2008-10-14,0.23602380142498106,0.2375558172125201,0.1949299759250161,0.1968463659286499,55968000
2008-10-15,0.18774627889726989,0.20364660941837404,0.16753501274853347,0.1681097447872162,43507200
2008-10-16,0.18257372386951595,0.18793758908357494,0.15345363306377402,0.1850639283657074,57456000
2008-10-17,0.18525519801645524,0.1951222070160655,0.17376054183140016,0.17989133298397064,28540800
2008-10-20,0.1900451869870315,0.1900451869870315,0.18123200030264716,0.18947045505046844,24249600
2008-10-21,0.1774011790442142,0.18372323420819064,0.17127038614738124,0.17222857475280762,25296000
2008-10-22,0.16753502207506452,0.17222850973795692,0.14646118395224436,0.1574767380952835,38332800
2008-10-23,0.1572855565005316,0.16111650301677177,0.13898973666409775,0.15125040709972382,38582400
2008-10-24,0.13017740666151098,0.15747675054145585,0.1293148494470924,0.14780193567276,30787200
2008-10-27,0.1501964789048242,0.1607338635444467,0.14090512125012736,0.14732281863689423,51456000
2008-10-28,0.15766801879910028,0.1766341914122978,0.14703592050500444,0.17558127641677856,48681600
2008-10-29,0.17213291441742634,0.1770176789932289,0.16293718567260676,0.1645648330450058,47184000
2008-10-30,0.17663420201815705,0.18678811801461448,0.16006350594364857,0.18372318148612976,54691200
2008-10-31,0.18113638783984437,0.19588815755596384,0.16954610313979745,0.1898530125617981,45724800
2008-11-03,0.1954091627246709,0.19655862725929973,0.18439360481280845,0.1857343316078186,20697600
2008-11-04,0.19464311053131728,0.20163554099263742,0.19033216045976256,0.19924096763134003,44937600
2008-11-05,0.1920563266246127,0.19617508204704562,0.17625164067001106,0.17711327970027924,28387200
2008-11-06,0.17241982117553856,0.17241982117553856,0.14904704995230794,0.1509634405374527,39782400
2008-11-07,0.1514425796084791,0.1614043052605264,0.1514425796084791,0.1603504717350006,36566400
2008-11-10,0.16849232696871463,0.16849232696871463,0.1477063096369564,0.1509634405374527,41788800
2008-11-11,0.1477062853744141,0.15019648965900737,0.1379358397638808,0.14387443661689758,27052800
2008-11-12,0.14013912053262206,0.14243806256823283,0.13027303031547066,0.13103903830051422,28608000
2008-11-13,0.13170939675190851,0.1487601101398468,0.11743672628345435,0.1487601101398468,69321600
2008-11-14,0.14368314767821508,0.14368314767821508,0.1262498968090736,0.128260999917984,63436800
2008-11-17,0.12078953804732165,0.1293148914531513,0.12078953804732165,0.12117299437522888,29337600
2008-11-18,0.12232242837624405,0.12644119830410244,0.1095826760633964,0.11734110116958618,55017600
2008-11-19,0.11734106489221154,0.11954436173486561,0.10201548164225255,0.10278148949146271,38217600
2008-11-20,0.09894964608542368,0.11063649552376477,0.0939692444294791,0.10057821124792099,52358400
2008-11-21,0.10536734711959563,0.10536734711959563,0.09042429867602728,0.10460134595632553,51926400
2008-11-24,0.11053992833979029,0.11887400866071701,0.10699589822012935,0.11619161069393158,58339200
2008-11-25,0.11954436190586638,0.11973563777403604,0.10872008532801718,0.11264757812023163,34713600
2008-11-26,0.10642119823832943,0.12787850569549208,0.10412226927957258,0.12701594829559326,83174400
2008-11-28,0.12701591636808954,0.1293148447489736,0.1228015157957372,0.1250048130750656,20649600
2008-12-01,0.11714982861818136,0.11801146774042395,0.10498480268536464,0.10508044064044952,29904000
2008-12-02,0.10996519664235194,0.11216848682547291,0.10239803544119801,0.11101902276277542,35059200
2008-12-03,0.10536738330525376,0.12155646440583509,0.10536738330525376,0.12117299437522888,32044800
2008-12-04,0.11753328451538751,0.12069385206287753,0.10536734738455023,0.10843320190906525,27312000
2008-12-05,0.10536735429016549,0.1154256395624336,0.09847056170445177,0.11437180638313293,44784000
2008-12-08,0.12375875526556426,0.12375875526556426,0.11686197183566274,0.11858616769313812,35865600
2008-12-09,0.113031043146424,0.13831927975971736,0.11188157909151905,0.12941046059131622,144076800
2008-12-10,0.1334335745356042,0.14205455339997428,0.12586641474401267,0.13285884261131287,59424000
2008-12-11,0.12941046747677934,0.1378401861565223,0.12519606717712775,0.1271115392446518,36048000
2008-12-12,0.1200234667387415,0.13994783830369548,0.1200234667387415,0.13870181143283844,50832000
2008-12-15,0.14301279082735013,0.14301279082735013,0.12931483859299295,0.13554126024246216,34924800
2008-12-16,0.15105903148651123,0.1515381324310737,0.13573252868946428,0.15105903148651123,71625600
2008-12-17,0.15057993172456544,0.1550821569587054,0.14262931424544137,0.15153813362121582,55257600
2008-12-18,0.1478975659939192,0.14971831151813622,0.12883574775317946,0.13209287822246552,81580800
2008-12-19,0.1364029061775733,0.14243806593715702,0.1295061210157005,0.13659510016441345,45081600
2008-12-22,0.13898961716942568,0.13898961716942568,0.12452567436544544,0.12998516857624054,31142400
2008-12-23,0.1272368396636237,0.13646245438966917,0.12300782058965709,0.12406507879495621,52483200
2008-12-24,0.12454578361415007,0.12944734650326672,0.12435388596089854,0.12550708651542664,7545600
2008-12-26,0.1276206838806879,0.12973520133183164,0.12339259753772619,0.12435390055179596,15513600
2008-12-29,0.12858204776818813,0.12858204776818813,0.12060558198016326,0.12425800412893295,17001600
2008-12-30,0.12272005547768337,0.13511651752207746,0.12272005547768337,0.1345399171113968,23347200
2008-12-31,0.13550119952448045,0.1398261762232533,0.13261819791172821,0.13655845820903778,28828800
2009-01-02,0.13204158644253586,0.1489549057842754,0.13069648824266178,0.14463086426258087,68774400
2009-01-05,0.14309296907979954,0.15049283181167544,0.13857610815519006,0.14395833015441895,41270400
2009-01-06,0.14424615807211907,0.1622167372772329,0.14424615807211907,0.159333735704422,79929600
2009-01-07,0.15097344279561709,0.15376050176064102,0.13953738112485778,0.1428050845861435,55161600
2009-01-08,0.14222849943706087,0.1435735975609896,0.13626967831788614,0.14338169991970062,38688000
2009-01-09,0.14386237106452188,0.1451115136057689,0.13300290745644844,0.1347327083349228,41731200
2009-01-12,0.1304077262799727,0.1350205421724594,0.12377728372853802,0.12646746635437012,35740800
2009-01-13,0.12454582141124095,0.13357954468299812,0.12175876113211359,0.12598778307437897,59001600
2009-01-14,0.12262409646335004,0.12493049778558878,0.11445573612640196,0.11647337675094604,122179200
2009-01-15,0.11628148695697607,0.12272004673839929,0.1102267225435291,0.12050958722829819,60038400
2009-01-16,0.12762073589908937,0.13040779679542744,0.11897172719996045,0.12675629556179047,78537600
2009-01-20,0.12896672395745712,0.12906267968432078,0.11080333590507507,0.11080333590507507,50841600
2009-01-21,0.11791533084506158,0.11801128654826232,0.10695991836576639,0.11762657016515732,50812800
2009-01-22,0.11330255642547066,0.11608869556697966,0.10609458355401664,0.11080333590507507,54585600
2009-01-23,0.10532607306059379,0.1242579639105058,0.10244307121249807,0.12050958722829819,48931200
2009-01-26,0.11685808997527244,0.1280054086819239,0.11685808997527244,0.12252816557884216,63715200
2009-01-27,0.1251224069229094,0.1330988703198391,0.1251224069229094,0.13079246878623962,43718400
2009-01-28,0.13703911616726935,0.14059466005263951,0.13348355853466318,0.13732695579528809,49891200
2009-01-29,0.13453990129981427,0.13453990129981427,0.12329664139812732,0.12512239813804626,32236800
2009-01-30,0.1254111490597208,0.1274287895701263,0.11733873114130842,0.11887572705745697,25689600
2009-02-02,0.11512829383986518,0.12733286427044666,0.11310972512700984,0.12521834671497345,42681600
2009-02-03,0.1253142824178889,0.12800540021216622,0.11916449736848289,0.12742879986763,23529600
2009-02-04,0.13040771643069868,0.14165189509011344,0.1277175340080474,0.13184969127178192,58838400
2009-02-05,0.12896669069353808,0.1440542676440516,0.1269481291513848,0.13972929120063782,74313600
2009-02-06,0.14126717712630169,0.15260729649575175,0.1392495370920963,0.14943553507328033,42902400
2009-02-09,0.15231860394825084,0.1527033066671719,0.1465525860058628,0.1504928469657898,36460800
2009-02-10,0.14818641067963848,0.1546249695145305,0.13453988775170245,0.1362696886062622,63072000
2009-02-11,0.1373269641524749,0.13742290611857444,0.12771756309854365,0.13357952237129211,26611200
2009-02-12,0.13050372923964232,0.1351165330553864,0.1256990277041835,0.1343480348587036,42019200
2009-02-13,0.13492463680949557,0.1417479143686467,0.129735232460098,0.1370391547679901,66230400
2009-02-17,0.1242579417140751,0.12867792513259815,0.11983702348358986,0.12041362375020981,59856000
2009-02-18,0.11993293605725604,0.12685215130906846,0.11695399350261107,0.12099019438028336,34329600
2009-02-19,0.12252814503617078,0.12310474532218807,0.10820906609296799,0.10820906609296799,51158400
2009-02-20,0.10340344563174136,0.11387912760201152,0.1029237083624056,0.11051546782255173,66432000
2009-02-23,0.11359040383527286,0.11359040383527286,0.09994386949955147,0.10215432941913605,46742400
2009-02-24,0.1020583471642122,0.11243716609113207,0.10148174687645194,0.11061141639947891,75590400
2009-02-25,0.11041952752373316,0.12329663940886024,0.1077284166540512,0.11685808002948761,58646400
2009-02-26,0.11887573341125059,0.12656435642034633,0.11176462492212337,0.11291782557964325,64272000
2009-02-27,0.10897757115566538,0.11666528039087401,0.10734371891588802,0.11137992143630981,44380800
2009-03-02,0.10446070071693468,0.11310971220281471,0.10061731041902959,0.10282684862613678,52080000
2009-03-03,0.1039800506010977,0.10811312270399191,0.09946411110498833,0.10253901034593582,48806400
2009-03-04,0.10782435610859732,0.1146476175559081,0.1064792647600148,0.1107073575258255,58348800
2009-03-05,0.10907350459422713,0.11483951425425255,0.1068630454329013,0.10724775493144989,78672000
2009-03-06,0.10782436373116804,0.11387913454137988,0.10042450147728334,0.10523012280464172,60844800
2009-03-09,0.10523010624491774,0.11320564650310583,0.10311559607609623,0.1036921963095665,40070400
2009-03-10,0.11032264496073456,0.12233531475067139,0.1074396369295664,0.12233531475067139,123657600
2009-03-11,0.12483455086854572,0.1278134943649746,0.12156683293864853,0.12560303509235382,67689600
2009-03-12,0.1281972863906506,0.13694316755062447,0.12396918668244682,0.1347327083349228,70022400
2009-03-13,0.13665445925782357,0.1395374758644041,0.13233041550142335,0.1388649195432663,66240000
2009-03-16,0.13626972564173806,0.14270920729151326,0.1290626806547152,0.130984365940094,75225600
2009-03-17,0.12983112520920054,0.1416519049129323,0.12983112520920054,0.14059464633464813,53923200
2009-03-18,0.13992209980535106,0.1523185583267671,0.13934549955853573,0.14933960139751434,70425600
2009-03-19,0.1536646252584383,0.1536646252584383,0.14347770154745523,0.14741796255111694,37036800
2009-03-20,0.14799452244246836,0.15203072431838802,0.13252224341100835,0.13751976191997528,59808000
2009-03-23,0.14069062032810406,0.15481780292729375,0.14069062032810406,0.15443308651447296,60998400
2009-03-24,0.15226317604428202,0.1525529285630864,0.1447416117308675,0.14560994505882263,39811200
2009-03-25,0.14956373817457033,0.1584350208357412,0.139824135985993,0.14695966243743896,101817600
2009-03-26,0.15235941553884128,0.16200274427150008,0.15004509278837652,0.159013569355011,94502400
2009-03-27,0.15612069772837847,0.1608456298824126,0.15293804090264143,0.15602442622184753,53145600
2009-03-30,0.14956381886647005,0.151780947556598,0.13818473962139516,0.14204226434230804,61718400
2009-03-31,0.14532014290964215,0.15081713462790114,0.14358440107498804,0.1438741534948349,49392000
2009-04-01,0.14011291791452044,0.14946649299351253,0.1376060387332579,0.14715217053890228,36019200
2009-04-02,0.15428868420788575,0.16528173431793924,0.1527454984399502,0.15988102555274963,68956800
2009-04-03,0.16007451464371655,0.1671137712104309,0.15534959562220613,0.1669212281703949,37286400
2009-04-06,0.1639310718155758,0.1652817144070487,0.15554209869460067,0.16229252517223358,37766400
2009-04-07,0.1544812410755145,0.15949591199767285,0.1499488657109237,0.15023861825466156,30624000
2009-04-08,0.15342033357325022,0.1581452652136011,0.15043114431408636,0.15515607595443726,26371200
2009-04-09,0.16113535950036023,0.17145261771682188,0.16055677872604365,0.16991035640239716,50419200
2009-04-13,0.1677885734272782,0.16981406805049717,0.159688429596571,0.16740253567695618,55555200
2009-04-14,0.16422084621016736,0.17559992051642953,0.1636422653440432,0.1687532216310501,53174400
2009-04-15,0.1620990808889742,0.1629674143095736,0.15554212070257026,0.16132794320583344,51868800
2009-04-16,0.16769234770734492,0.17318841814994812,0.16229256257666758,0.17318841814994812,52454400
2009-04-17,0.17289958479888062,0.17598503235633997,0.1656668475698802,0.17116384208202362,31161600
2009-04-20,0.16663143207919653,0.16875319844144884,0.15477097427330128,0.15621696412563324,44016000
2009-04-21,0.15409518890853113,0.16229252970169905,0.15100972809232271,0.15824246406555176,26995200
2009-04-22,0.15631325260590587,0.17531016292809778,0.15226318665949526,0.1667277216911316,103382400
2009-04-23,0.1670174405608559,0.16788484954596336,0.15438492212963068,0.16364222764968872,76972800
2009-04-24,0.16624538474665718,0.17039265953285074,0.15901358744296273,0.1675960272550583,74620800
2009-04-27,0.16171400972906055,0.1705852819340455,0.16152052863743754,0.162388876080513,30739200
2009-04-28,0.1608455610414811,0.16412450176483795,0.15708524919703779,0.15862751007080078,48278400
2009-04-29,0.16248512620961506,0.16962065440616447,0.1589173552141114,0.16393111646175385,35971200
2009-04-30,0.16981409824617832,0.18167455673140046,0.16711373714818722,0.17289955914020538,67334400
2009-05-01,0.17270697508877675,0.17675704018789992,0.16749974853276128,0.17376694083213806,36979200
2009-05-04,0.1800350837861692,0.19112440453403923,0.17964997019992737,0.19102813303470612,72163200
2009-05-05,0.19112438470274676,0.19363218871761065,0.17916765608969426,0.18572460114955902,43171200
2009-05-06,0.18967839305885495,0.18996722131848512,0.17897417331925217,0.186785489320755,48691200
2009-05-07,0.19218534602947285,0.19314995112092073,0.16557059391172607,0.17068155109882355,96768000
2009-05-08,0.17328558187210735,0.17559990513386917,0.15718157674499703,0.16103817522525787,86851200
2009-05-11,0.15621693453716454,0.16759600512447834,0.1542886357583285,0.16171391308307648,90412800
2009-05-12,0.16209904019892718,0.16499194382715504,0.15043112661237457,0.15563836693763733,93273600
2009-05-13,0.15438500625658985,0.15698815885874945,0.1490815052850362,0.15004518628120422,68256000
2009-05-14,0.1496600177589111,0.16103816620238712,0.14802054690412544,0.15756668150424957,73180800
2009-05-15,0.15718158503195614,0.16084562691158427,0.15264920976915286,0.1548672616481781,48710400
2009-05-18,0.15959219408100253,0.1634497032075011,0.15563839965507487,0.1628711223602295,54499200
2009-05-19,0.16248508454066982,0.17357440499802476,0.15978472354321563,0.16865693032741547,121756800
2009-05-20,0.1709712393740581,0.18080712592434697,0.1681746071111872,0.16894574463367462,102297600
2009-05-21,0.16489570228056094,0.17463531950933192,0.15795273173144336,0.1621953547000885,64588800
2009-05-22,0.16489572016044513,0.1665351914652263,0.15804902037919838,0.16142423450946808,53260800
2009-05-26,0.1571816057928532,0.1732856138960555,0.15428870118102936,0.17318841814994812,91872000
2009-05-27,0.17704585651063404,0.18370001034810138,0.17193490178413817,0.1749240905046463,89894400
2009-05-28,0.17839562377994753,0.18138573755233953,0.16875321658872097,0.18051739037036896,104966400
2009-05-29,0.18302426105006486,0.18360284186880443,0.17386416367893137,0.1822531372308731,77654400
2009-06-01,0.1866892301309744,0.20288950712305756,0.1866892301309744,0.20076774060726166,84172800
2009-06-02,0.19585027116292703,0.20182863641333176,0.18832870638755042,0.19151043891906738,76185600
2009-06-03,0.18813522437748229,0.18813522437748229,0.18022857362503422,0.1851460486650467,50198400
2009-06-04,0.18823150295511565,0.19257132122700496,0.1856283513747636,0.1902569979429245,48806400
2009-06-05,0.19286016001595885,0.19585027380727588,0.18215686256455052,0.18466374278068542,43190400
2009-06-08,0.18234940666453806,0.18890727661973333,0.17839561247839553,0.18553206324577332,66806400
2009-06-09,0.1942107994340589,0.205203849237967,0.19295735245020118,0.2008640170097351,82828800
2009-06-10,0.20597493816723694,0.20597493816723694,0.1947893472513803,0.20269601047039032,67536000
2009-06-11,0.2037569442174169,0.20732471497432084,0.19874319709953378,0.19990035891532898,63235200
2009-06-12,0.19941802025727756,0.19941802025727756,0.19006444179406431,0.19633163511753082,55209600
2009-06-15,0.1908355486247475,0.1942107615172057,0.18427860383341707,0.1918964385986328,55699200
2009-06-16,0.19208904436276578,0.19546425835857129,0.18379635467165037,0.18533861637115479,65356800
2009-06-17,0.18842500105796595,0.19430709552700012,0.1813857585517494,0.1908356100320816,79747200
2009-06-18,0.19093183921198523,0.19189645779697495,0.18418141275172026,0.18427862226963043,74534400
2009-06-19,0.18803892090411695,0.19180015784981788,0.1860143504167032,0.1884249448776245,23299200
2009-06-22,0.1833140666548487,0.19054588066338524,0.1769496758058143,0.17714223265647888,37872000
2009-06-23,0.17791426211472045,0.17936025231313796,0.1706815384367033,0.17598503828048706,37776000
2009-06-24,0.1787971729277118,0.18710945386557082,0.1787971729277118,0.18314675986766815,27302400
2009-06-25,0.18053686165327443,0.1900089109912039,0.17889462629316316,0.1895255297422409,38332800
2009-06-26,0.18836583555744485,0.19339179689436545,0.18633576625629958,0.18913869559764862,30432000
2009-06-29,0.19010541517568708,0.1942610865267119,0.1879788584081492,0.18942902982234955,17731200
2009-06-30,0.18933255603407628,0.1957112866884578,0.18575582757962986,0.19039490818977356,23222400
2009-07-01,0.19397160901377822,0.20392612727949347,0.19271442786663184,0.19832028448581696,47155200
2009-07-02,0.19281189143657684,0.19542090382621055,0.19000896241413617,0.19281189143657684,53827200
2009-07-06,0.1925214743340531,0.1949375100723399,0.18324333965441902,0.18836580216884613,32035200
2009-07-07,0.1906852985245239,0.19329431023800067,0.17879721381242383,0.1792806088924408,32678400
2009-07-08,0.17889465310507258,0.1814071769423049,0.16980949543158555,0.1745450645685196,40771200
2009-07-09,0.17715496444935722,0.1842100655899744,0.17705754992399,0.17966748774051666,27043200
2009-07-10,0.177927853748423,0.1848864534644066,0.17667159890416442,0.1814071536064148,33859200
2009-07-13,0.18218001451466387,0.19097476559810764,0.1763811679960081,0.19068528711795807,48432000
2009-07-14,0.19300483543874936,0.19783689223683956,0.1910721952162293,0.19735349714756012,105052800
2009-07-15,0.21417013420275044,0.22016289796409233,0.21301036753412142,0.21929259598255157,92515200
2009-07-16,0.21735992086067593,0.23040684363285677,0.21571675945462024,0.2292470633983612,47040000
2009-07-17,0.23021387424203507,0.23572324216365814,0.22257888985919974,0.23572324216365814,45187200
2009-07-20,0.2393954894337278,0.240651757838796,0.2323403891538355,0.24016836285591125,62928000
2009-07-21,0.2416185530967944,0.24277831949716183,0.22837770004826766,0.23775233328342438,56035200
2009-07-22,0.23630319495857469,0.24935013734059092,0.2361092783233272,0.2478034496307373,63936000
2009-07-23,0.24451795687976005,0.25727541501868645,0.24210192203092412,0.255535751581192,81292800
2009-07-24,0.24712705104575364,0.25282941061681713,0.24055534335702194,0.25215303897857666,51283200
2009-07-27,0.2512826161824391,0.2551488356735638,0.24577420321977272,0.2544724643230438,18729600
2009-07-28,0.25176603508567286,0.2570814998076619,0.24645059801469626,0.2550523579120636,28579200
2009-07-29,0.25022029410714897,0.2550523357592676,0.2480937378794908,0.25437596440315247,80851200
2009-07-30,0.26201102874440396,0.26703701640515193,0.2525399184012556,0.2534092664718628,51763200
2009-07-31,0.2525398774449972,0.25891857962349585,0.25128266871993454,0.2546654939651489,22147200
2009-08-03,0.26162407576192787,0.26346021367736383,0.2542794964491703,0.26094770431518555,30201600
2009-08-04,0.25708153918911475,0.2623979172089117,0.25534187547607234,0.2610442340373993,17510400
2009-08-05,0.26056079038448765,0.26317071405820786,0.250896678911247,0.2553418278694153,24892800
2009-08-06,0.2544725900075797,0.2605609029546323,0.24471103215251688,0.2480938583612442,33091200
2009-08-07,0.2553418724123463,0.25572876543278383,0.24297133307727095,0.24645063281059265,30076800
2009-08-10,0.2463542298000792,0.2493501633213913,0.24103878984177463,0.24529096484184265,29971200
2009-08-11,0.24403453719414891,0.2484806259616163,0.2388156027116895,0.2411351352930069,21705600
2009-08-12,0.24200447774703024,0.2523458997650794,0.23978235972063308,0.24751383066177368,42201600
2009-08-13,0.2524425297542605,0.2580483598806846,0.2465471934181358,0.25795188546180725,22905600
2009-08-14,0.2565016889796238,0.2565016889796238,0.24355125000624783,0.24770694971084595,22070400
2009-08-17,0.2390086870921594,0.2390086870921594,0.23350024405169292,0.2352399080991745,33110400
2009-08-18,0.23678556020636984,0.24567773921749453,0.23678556020636984,0.24393810331821442,25267200
2009-08-19,0.2372689526089224,0.2474174000300521,0.23630310269810018,0.24538734555244446,22416000
2009-08-20,0.24403466046793557,0.24925362523775763,0.2434547908551906,0.2480938583612442,19728000
2009-08-21,0.25022045832657164,0.2561157957871281,0.24490407809379655,0.2556324005126953,23385600
2009-08-24,0.2578552624336547,0.26094766843042805,0.2491570012891051,0.25080016255378723,38092800
2009-08-25,0.25331286636379524,0.259498594922172,0.2493501698660123,0.2556324005126953,32371200
2009-08-26,0.25582529832832696,0.261914550575941,0.25563232186211576,0.2615276575088501,27072000
2009-08-27,0.261044255222388,0.263363788594008,0.25302236282666735,0.2625909149646759,29500800
2009-08-28,0.2762177816748357,0.28665568401925423,0.2732218761064036,0.27766793966293335,68707200
2009-08-31,0.2735122967743217,0.27389827746927986,0.26645719237162935,0.2733183801174164,28339200
2009-09-01,0.2705163026227323,0.2828868429875321,0.25708155750399786,0.25872471928596497,50947200
2009-09-02,0.2561156451702118,0.26278382494662933,0.24848064776246817,0.2561156451702118,28252800
2009-09-03,0.25659906147165534,0.2599809467792511,0.2529258450470184,0.2599809467792511,21753600
2009-09-04,0.2609477738241264,0.2707093031958157,0.2590151333559885,0.2704189121723175,30595200
2009-09-08,0.2779573182248251,0.2803742934203475,0.27022584565366825,0.27931100130081177,29721600
2009-09-09,0.2803743629832157,0.287622442313568,0.27486497988901065,0.28481951355934143,30364800
2009-09-10,0.28655914168627916,0.2905218367417249,0.28307981407830257,0.28897514939308167,50179200
2009-09-11,0.29139216133733464,0.29187461636155926,0.27708803902379714,0.28085681796073914,49449600
2009-09-14,0.27689507187160955,0.28076032535298584,0.2754448863458864,0.279697060585022,26150400
2009-09-15,0.2823070440737528,0.2872355905175259,0.28027696108045197,0.28317639231681824,24115200
2009-09-16,0.28742941498437463,0.2880092844550751,0.27863464966753637,0.2836596965789795,33004800
2009-09-17,0.2808568497897222,0.286075814794993,0.27051636199021023,0.27370524406433105,33408000
2009-09-18,0.2756378237897422,0.2810507042334148,0.27157865426256755,0.278151273727417,23980800
2009-09-21,0.2764116992411167,0.2816306366053799,0.273415766011576,0.27679765224456787,23136000
2009-09-22,0.2822104514688902,0.2851098817751952,0.27718449207432594,0.28008389472961426,23952000
2009-09-23,0.28742935621499405,0.29593370116484524,0.2816304967875555,0.28443342447280884,30220800
2009-09-24,0.2885010445023188,0.2885010445023188,0.2687447287236211,0.27174675464630127,83923200
2009-09-25,0.26787260186082074,0.2748454176171636,0.2656450014334045,0.2695191204547882,19804800
2009-09-28,0.2711656499074608,0.28520798118133694,0.2706812672534869,0.2807528078556061,19929600
2009-09-29,0.28288371525599015,0.2847236046534586,0.27223109256795197,0.27300554513931274,23289600
2009-09-30,0.27387660623779164,0.28298032168996584,0.26729147502583533,0.27571743726730347,53030400
2009-10-01,0.2756197796756791,0.27620083361090475,0.25102153420448303,0.25102153420448303,42912000
2009-10-02,0.24366110569793292,0.256929012464635,0.24366110569793292,0.2489883452653885,39264000
2009-10-05,0.25034383690722345,0.25838211717473486,0.248212963374749,0.2562512159347534,31958400
2009-10-06,0.26012535872854575,0.27087465329136173,0.26012535872854575,0.2672915458679199,56083200
2009-10-07,0.2663227992615318,0.2698092354298037,0.26215863736270334,0.26661381125450134,16387200
2009-10-08,0.269131410746474,0.26951912189175337,0.2579944337277685,0.26516062021255493,33052800
2009-10-09,0.2597376692116502,0.2818182841238967,0.25964099770287663,0.2799783945083618,44592000
2009-10-12,0.283949051981513,0.2943116011094759,0.2831736853357103,0.28762882947921753,35817600
2009-10-13,0.28917876818669697,0.29208409431092663,0.28423921226961907,0.28675779700279236,47644800
2009-10-14,0.3025433322024411,0.3025433322024411,0.29159969842324734,0.29586055874824524,57072000
2009-10-15,0.2957639006875425,0.2967326382757001,0.2847235949174517,0.28675779700279236,41001600
2009-10-16,0.28133374753026597,0.28239921160742093,0.26826018688396236,0.2744576334953308,69331200
2009-10-19,0.27600754641867364,0.2841424979234381,0.2718433853236806,0.2822059094905853,40214400
2009-10-20,0.28501463241641495,0.2885977402610064,0.2767820653905612,0.2784285843372345,41635200
2009-10-21,0.2777508498243094,0.2850146518692565,0.26700152555687146,0.26971256732940674,54412800
2009-10-22,0.26971239219971227,0.276976217235626,0.2614807443049276,0.2744576334953308,49132800
2009-10-23,0.2768796861004833,0.27823519307544425,0.2602220675278241,0.262643039226532,39494400
2009-10-26,0.2617718758859854,0.27232779967552406,0.257606772250494,0.26341745257377625,67737600
2009-10-27,0.2650638845993163,0.27010011068112594,0.25305575875828396,0.25402358174324036,66796800
2009-10-28,0.2510216254485447,0.256929004652701,0.2378504182875356,0.23901255428791046,76300800
2009-10-29,0.24404880373871257,0.2503438669597187,0.24249898414925067,0.24860067665576935,59049600
2009-10-30,0.2480195763790425,0.24830964628304383,0.23281510892744128,0.23542945086956024,66912000
2009-11-02,0.23533273127316498,0.24036895777564765,0.22923196866706091,0.23504266142845154,67084800
2009-11-03,0.2263266666782995,0.22961876185211136,0.22225917691588742,0.2293286919593811,47136000
2009-11-04,0.23388054568043812,0.24017466563256795,0.2319430152727021,0.23291178047657013,43651200
2009-11-05,0.23804465867486027,0.24743844302445359,0.23630144135047784,0.244339719414711,39907200
2009-11-06,0.23988461141038078,0.2508282176558093,0.23823809281997343,0.24511423707008362,30489600
2009-11-09,0.24772845819731878,0.26109302904493376,0.24772845819731878,0.2594474256038666,43286400
2009-11-10,0.2594475115448951,0.26642035390674357,0.2571232399934464,0.26138409972190857,38774400
2009-11-11,0.26719475212888955,0.273779882073532,0.26612928804529623,0.2692280113697052,76992000
2009-11-12,0.2705845929188366,0.2786228742038532,0.26293402282819056,0.2657417356967926,49036800
2009-11-13,0.26506400204684044,0.2730055847123839,0.2639985373587816,0.2698092460632324,30220800
2009-11-16,0.2738767067174061,0.284045890189083,0.2738767067174061,0.2820116877555847,35068800
2009-11-17,0.2793972860928403,0.28394915882738386,0.27678202971410304,0.28365814685821533,25449600
2009-11-18,0.28327129775165105,0.2835613675552289,0.27552308970103295,0.27852511405944824,24777600
2009-11-19,0.2701968910038082,0.2701968910038082,0.2509249333927132,0.25828543305397034,59692800
2009-11-20,0.25363681324559956,0.256444552792506,0.2517959823380418,0.25567010045051575,30028800
2009-11-23,0.26148080818814634,0.2652582275477674,0.25886646670062285,0.2606096565723419,18374400
2009-11-24,0.2611907830353871,0.2650639601897777,0.2587688974523033,0.2627396881580353,29721600
2009-11-25,0.26448291934585094,0.26622613749376167,0.263417482368316,0.2641928493976593,9187200
2009-11-27,0.2503437720957086,0.26070632161171464,0.24811619994053982,0.25780099630355835,14179200
2009-11-30,0.259059876203537,0.2593499461005846,0.25199036105482164,0.259059876203537,12518400
2009-12-01,0.2639019116389845,0.27532990488564485,0.2639019116389845,0.27387675642967224,21081600
2009-12-02,0.27561990673300574,0.28423924222764596,0.2750388248224108,0.2801717519760132,20572800
2009-12-03,0.2820115125595693,0.29237403261477585,0.28104366204726994,0.28588560223579407,35702400
2009-12-04,0.29537624995517936,0.30273677856181397,0.2884034325816763,0.2995413541793823,64915200
2009-12-07,0.2938273337503425,0.30583546364354247,0.2938273337503425,0.3003157675266266,29740800
2009-12-08,0.2979913737109238,0.2993468799438675,0.2905341776123494,0.29557040333747864,25795200
2009-12-09,0.29053424184435805,0.2976037561893463,0.28898442258303947,0.2976037561893463,13699200
2009-12-10,0.29866910845998274,0.30225221421522525,0.2948926320858379,0.29711928963661194,14140800
2009-12-11,0.3002191348096252,0.3003158063232303,0.2892754983153272,0.29237422347068787,14486400
2009-12-14,0.29586055344387585,0.2998313438138073,0.29276182911286136,0.29886260628700256,12739200
2009-12-15,0.29721700566900405,0.3017679358509345,0.29256846194281494,0.2944083511829376,9264000
2009-12-16,0.2944083770970253,0.3027367277440347,0.2944083770970253,0.29799148440361023,15148800
2009-12-17,0.29518280537829233,0.2962482698268918,0.28811329055197366,0.2885976731777191,17260800
2009-12-18,0.2934397033615728,0.29973476756695155,0.2901466652457119,0.2991536855697632,13632000
2009-12-21,0.30360873565844665,0.3140679579576269,0.30360873565844665,0.31348690390586853,29990400
2009-12-22,0.315230189101827,0.3188132968050309,0.31348699871186597,0.31464913487434387,24796800
2009-12-23,0.3137078962987432,0.3200113027497814,0.3134174419259481,0.3165202736854553,15484800
2009-12-24,0.3189444472961639,0.3251510262489319,0.31884761992578586,0.3251510262489319,11846400
2009-12-28,0.3217568149418123,0.32854521798373426,0.3162298033788994,0.3202049136161804,16502400
2009-12-29,0.317295671228119,0.32146629420261824,0.3152596889740501,0.31913891434669495,11961600
2009-12-30,0.3141929513844582,0.3280602693557739,0.31254425019295506,0.3280602693557739,20716800
2009-12-31,0.3297089460988591,0.3330054049334227,0.32398736382360394,0.3242778182029724,15840000
2010-01-04,0.3318416640932092,0.3392119182618339,0.3297088820540423,0.33504223823547363,26678400
2010-01-05,0.33572105404234026,0.3386302597254105,0.3287389936960617,0.333781898021698,21686400
2010-01-06,0.3333935808246131,0.3367877823753161,0.32980572453728574,0.33184170722961426,31056000
2010-01-07,0.3290302366380434,0.331163046641113,0.32127178443211724,0.3266051411628723,28540800
2010-01-08,0.32728473112807405,0.3358177466415566,0.32292048044750005,0.3349454402923584,28272000
2010-01-11,0.339503345701389,0.3415393005636139,0.3292238863703011,0.3349454402923584,52444800
2010-01-12,0.33067799913211565,0.33067799913211565,0.30885949358541925,0.31516292691230774,43689600
2010-01-13,0.31826565148310165,0.3252477346606423,0.3064352655018655,0.3226299285888672,43910400
2010-01-14,0.32437560533773446,0.3276720646214849,0.31845947969179145,0.3253447115421295,39648000
2010-01-15,0.32505421204080315,0.326411543167686,0.3045930341743964,0.30546534061431885,46771200
2010-01-19,0.30071370098171823,0.3147746399041899,0.300616901386014,0.3129323124885559,33292800
2010-01-20,0.31157509124427274,0.31332059177743393,0.3048834602306168,0.3126410245895386,30748800
2010-01-21,0.315259784626918,0.3216600187480924,0.3036230205377228,0.3082777261734009,46627200
2010-01-22,0.30042244562244746,0.3034293657084519,0.2766648083099691,0.28015583753585815,83222400
2010-01-25,0.28345223694991145,0.291597970100477,0.28345223694991145,0.28752511739730835,46857600
2010-01-26,0.28209497581075876,0.290725734843938,0.2813194967722501,0.28180357813835144,33369600
2010-01-27,0.2791857801011444,0.2908225438525131,0.2777307060441998,0.2889802157878876,46617600
2010-01-28,0.2924712520467118,0.29567091131258805,0.26725762518641777,0.27569475769996643,68803200
2010-01-29,0.27957389276598843,0.2828703505855575,0.2530997707870714,0.25775447487831116,73881600
2010-02-01,0.26270069831270737,0.27133054345128643,0.2595969504404912,0.26939138770103455,46569600
2010-02-02,0.2713304706384238,0.27996122902074083,0.2666757378948265,0.27734342217445374,36115200
2010-02-03,0.2774402366311359,0.279864416624074,0.27152505544620653,0.2761797606945038,29635200
2010-02-04,0.2705550256309941,0.2709432229495521,0.2533912496343778,0.25474855303764343,52713600
2010-02-05,0.25591219566699525,0.26687030647908594,0.25154794504207456,0.26560983061790466,69043200
2010-02-08,0.26735530056438866,0.27443418457313495,0.25979139198072554,0.26328244805336,38630400
2010-02-09,0.2732706218850095,0.2759852568941585,0.26531851277782686,0.27016687393188477,57465600
2010-02-10,0.2726887162678607,0.2753065231054384,0.26463978216512796,0.27259188890457153,34838400
2010-02-11,0.27113678077373876,0.28626459780545077,0.2685189742667014,0.2839372456073761,42268800
2010-02-12,0.278312580494955,0.29567092788873484,0.27356104723809577,0.2907257676124573,54940800
2010-02-16,0.29227647973024157,0.3035259819733259,0.29227647973024157,0.30148908495903015,39494400
2010-02-17,0.30692049711283714,0.30692049711283714,0.2957677839732043,0.302653044462204,42259200
2010-02-18,0.29761098384846046,0.30478669705830214,0.2953804584066521,0.3036230206489563,23184000
2010-02-19,0.3006170013956734,0.30944138753828776,0.2983864483188904,0.30478668212890625,35558400
2010-02-22,0.30992640394362087,0.30992640394362087,0.30158609939581577,0.3043016493320465,38736000
2010-02-23,0.2996468647363193,0.3038165442546472,0.285876379520481,0.2893674075603485,60902400
2010-02-24,0.2908225218878377,0.3028475097868512,0.2908225218878377,0.29906508326530457,35558400
2010-02-25,0.29014390013684943,0.29780463803192736,0.2835491234567027,0.2964473068714142,38390400
2010-02-26,0.2967376651592875,0.297222689701191,0.28965878163236963,0.29586538672447205,27820800
2010-03-01,0.3006170301062323,0.3101200688326352,0.3006170301062323,0.3093445897102356,25478400
2010-03-02,0.3127388363930756,0.3157448412237774,0.3046899003501342,0.3080841302871704,28982400
2010-03-03,0.3083745454263991,0.312156944499547,0.30081063509556955,0.30313798785209656,15273600
2010-03-04,0.3044951790001637,0.30527160108352264,0.295670795913606,0.3034292459487915,13766400
2010-03-05,0.3070172531155355,0.31332066049074025,0.30236254701398996,0.3104114830493927,18806400
2010-03-08,0.31225365979387015,0.31399915986262095,0.309344456020321,0.310508131980896,8467200
2010-03-09,0.30653207958631373,0.3166169938023967,0.30546523096528067,0.310508131980896,12969600
2010-03-10,0.31079865651186706,0.3236959223331829,0.31079865651186706,0.32059311866760254,19382400
2010-03-11,0.31807213891006264,0.3183625932751551,0.3113805353316609,0.31826576590538025,11856000
2010-03-12,0.31913897411652636,0.3218536083822857,0.31506612103038534,0.31690844893455505,15590400
2010-03-15,0.31419286908132155,0.3155501722123664,0.3074044390743528,0.3123505413532257,18720000
2010-03-16,0.3145810852595732,0.3319394291310117,0.3141928879955029,0.32970890402793884,30355200
2010-03-17,0.3327148859402084,0.34231474950415486,0.3313575550736255,0.3399873971939087,33580800
2010-03-18,0.3393088124828737,0.34105431318734036,0.3300962010383352,0.3356241285800934,19564800
2010-03-19,0.3258296847343445,0.3364964266789051,0.3221450286671834,0.3258296847343445,29068800
2010-03-22,0.3236959319259761,0.3393087756625313,0.3201081035315719,0.3372727930545807,28771200
2010-03-23,0.3397938966668207,0.3527879661756081,0.3396002418833003,0.3519156873226166,32294400
2010-03-24,0.3499348376156364,0.3499348376156364,0.33672946794042435,0.3389628231525421,30854400
2010-03-25,0.34537117592224265,0.348574866683082,0.33643864404279283,0.3367294669151306,30969600
2010-03-26,0.34148697869270206,0.34362341132565144,0.3285733494645339,0.3342052400112152,30067200
2010-03-29,0.33808843736638283,0.34158389493248276,0.33575813232231616,0.33750584721565247,20092800
2010-03-30,0.3386709741060307,0.34469158116408805,0.33401036437062664,0.33993402123451233,19046400
2010-03-31,0.33643854622879366,0.344012022760579,0.3349816265680605,0.3369232416152954,21984000
2010-04-01,0.3429439641370305,0.3502257042082569,0.33206887075449565,0.33731207251548767,29126400
2010-04-05,0.34430301573401395,0.35372118955870036,0.3391567638132082,0.3519734740257263,30595200
2010-04-06,0.35139081216670526,0.35139081216670526,0.34333169340419706,0.3478953540325165,17203200
2010-04-07,0.3478954518748756,0.35546896051864607,0.34226450389002594,0.3497401177883148,18528000
2010-04-08,0.3463424741564348,0.3463424741564348,0.3374090243703217,0.34274914860725403,27955200
2010-04-09,0.34469160331137655,0.34954608596761116,0.3419725807712504,0.34906044602394104,18134400
2010-04-12,0.3538180775716688,0.359353018409042,0.34974002907951723,0.3543037176132202,19728000
2010-04-13,0.3566339736624413,0.3609068109440042,0.352847693076259,0.3607120215892792,17683200
2010-04-14,0.37789861451259094,0.38993791742660494,0.3766365112997904,0.3885788917541504,36528000
2010-04-15,0.3907152362771433,0.40071597063201786,0.38838493085890463,0.39857953786849976,26649600
2010-04-16,0.3919773415232743,0.39246298158776527,0.3780924303852847,0.3874136805534363,33868800
2010-04-19,0.3821703680816888,0.3875104904592896,0.3673151256296715,0.3826560080051422,40435200
2010-04-20,0.3897440090015853,0.393628157465055,0.38255919133975436,0.39100611209869385,26678400
2010-04-21,0.3944045188722412,0.3963461342431368,0.3718779025616431,0.38022878766059875,27139200
2010-04-22,0.3719757527736836,0.3916855063761114,0.3626545326584025,0.38984084129333496,18316800
2010-04-23,0.390618422002566,0.39343342392699515,0.38110237986244855,0.3924630880355835,22867200
2010-04-26,0.394696471793437,0.39964790722490295,0.3901327818063548,0.3924630880355835,19555200
2010-04-27,0.3883848809019578,0.392171161414093,0.3685772596153007,0.3702280521392822,46156800
2010-04-28,0.3767333783429705,0.3791606339934564,0.36042124031334444,0.3715871274471283,42364800
2010-04-29,0.3755682252183031,0.38168481166727775,0.37129538744863705,0.380714476108551,25795200
2010-04-30,0.38158780316613117,0.38158780316613117,0.35207024657412095,0.3531384766101837,46291200
2010-05-03,0.358867297790261,0.37119836293850433,0.35605135289387374,0.3664408028125763,30988800
2010-05-04,0.3551781812741678,0.35741153738265113,0.3324576803262183,0.3406137526035309,44659200
2010-05-05,0.33061279142883376,0.34255516697999,0.32352400953648763,0.3346908390522003,42892800
2010-05-06,0.3302241328177797,0.3419726090778023,0.2657519941996961,0.31430068612098694,62332800
2010-05-07,0.3107074302954805,0.3170188630488337,0.28051132009322866,0.3027461767196655,75004800
2010-05-10,0.3320688282905507,0.33711815672597695,0.3262430647341156,0.3367294669151306,50073600
2010-05-11,0.3281847239195321,0.34488558168523215,0.32342716222545725,0.33177804946899414,26640000
2010-05-12,0.339642261609411,0.3542066812515259,0.3360498540324711,0.3542066812515259,26736000
2010-05-13,0.34809019558782434,0.35391595955316496,0.33138933886730865,0.3345930576324463,27628800
2010-05-14,0.3272143874308987,0.3272143874308987,0.30332873984716746,0.31498026847839355,50774400
2010-05-17,0.31478538911302023,0.32333017510783385,0.30264913950923017,0.322844535112381,36873600
2010-05-18,0.3276021087118377,0.3292528736255984,0.30148399870816645,0.30449384450912476,42796800
2010-05-19,0.30313394836969,0.31294081219761405,0.29352187395999974,0.3084750175476074,47241600
2010-05-20,0.29429826351898786,0.30255128242913476,0.2807051212656422,0.28856945037841797,67324800
2010-05-21,0.27963693871308265,0.3055620666809762,0.27604453023080194,0.29789069294929504,53529600
2010-05-24,0.2990558354982102,0.30148400786508983,0.28886120066587784,0.2894437909126282,16070400
2010-05-25,0.279733943184343,0.2937158081097914,0.2673059490728546,0.2936188578605652,34358400
2010-05-26,0.30128929279607974,0.3102227436213905,0.2903172478547019,0.29119157791137695,28656000
2010-05-27,0.30478468177766965,0.3199316673163639,0.3044938588997262,0.31944602727890015,31497600
2010-05-28,0.3203202951295155,0.3203202951295155,0.3026491071057345,0.3096400499343872,23366400
2010-06-01,0.3042020859807038,0.3168248931631916,0.29750290929945356,0.2985711395740509,23635200
2010-06-02,0.3022604937829687,0.31721360754892103,0.2993476256657129,0.3165331780910492,21801600
2010-06-03,0.32061115291176345,0.32430142796058625,0.3121642616116057,0.32303935289382935,19708800
2010-06-04,0.3107074076328333,0.3169218896943103,0.29225977869253905,0.2957552373409271,29145600
2010-06-07,0.2990557276520342,0.3000270073602937,0.27410280634716344,0.27526795864105225,36336000
2010-06-08,0.2757527252145059,0.2772096451531792,0.2598292786590599,0.2734224200248718,42672000
2010-06-09,0.27798620604182056,0.28798694294359845,0.2655581851071358,0.2675967514514923,32169600
2010-06-10,0.2757527771518308,0.2861422300338745,0.2757527771518308,0.2861422300338745,35472000
2010-06-11,0.27944294844730755,0.29216270220941415,0.27769523376806743,0.29138532280921936,16233600
2010-06-14,0.29905589831297785,0.3051734305419881,0.2942014137815056,0.2948809266090393,12681600
2010-06-15,0.29915378985074065,0.3221651390412581,0.2990559228834014,0.32061126828193665,24585600
2010-06-16,0.31527095573663216,0.3257573269927526,0.311289858768827,0.32226186990737915,14553600
2010-06-17,0.32624296756733734,0.326631657262418,0.3126498288912604,0.3224566876888275,15312000
2010-06-18,0.32235885145153437,0.32731122866592277,0.31711565142375414,0.32129156589508057,10790400
2010-06-21,0.3300302601803572,0.3301272103887831,0.31070733359648417,0.31430068612098694,17683200
2010-06-22,0.315738950204892,0.3228307450132347,0.3029150889096218,0.30476078391075134,21744000
2010-06-23,0.30786922386341614,0.31156155814486874,0.2963081722881488,0.30369192361831665,34252800
2010-06-24,0.2993205693632722,0.30262307923058596,0.2861078337860771,0.2890223264694214,20956800
2010-06-25,0.2896052989218764,0.2919369046473512,0.2783361769930079,0.28882840275764465,19315200
2010-06-28,0.29047914622665805,0.2974739905868632,0.28435914729712475,0.2922278642654419,14620800
2010-06-29,0.28125058585810575,0.2817355516985412,0.2658032230995038,0.27007752656936646,32553600
2010-06-30,0.2692035957543585,0.27600440078459176,0.258419445386609,0.26007115840911865,19392000
2010-07-01,0.2605571633089658,0.2649294171900048,0.24617862296229615,0.25803157687187195,30691200
2010-07-02,0.2582254146584978,0.26036303825971435,0.24753921450161578,0.2554078996181488,19065600
2010-07-06,0.26483143021318684,0.2683288659278568,0.25200760117413085,0.25676873326301575,16857600
2010-07-07,0.257642558066052,0.28125053406783684,0.257642558066052,0.2802787125110626,18643200
2010-07-08,0.28397023006033434,0.28610785468406025,0.2712433766762459,0.2795989215373993,24182400
2010-07-09,0.28125058519214474,0.28610780380442713,0.2769753644999009,0.2859137952327728,12019200
2010-07-12,0.2841651059733847,0.29485130936440657,0.2841651059733847,0.292908638715744,15744000
2010-07-13,0.30320596026907976,0.3077721942012223,0.2972799429361697,0.30505165457725525,32592000
2010-07-14,0.31758453078255233,0.32351054820524494,0.30417778669236367,0.3062174618244171,42672000
2010-07-15,0.3078692508296234,0.30903505374083967,0.2959202365547993,0.30757826566696167,15916800
2010-07-16,0.3034979327655977,0.30495472066375007,0.2898962611586371,0.29018816351890564,16243200
2010-07-19,0.29232572739880053,0.3054405402732982,0.291936820811977,0.30514955520629883,17414400
2010-07-20,0.29077101376993675,0.304857648174009,0.2846500711307494,0.30398374795913696,18556800
2010-07-21,0.30718928782670896,0.30718928782670896,0.2913539339750889,0.2931026518344879,23203200
2010-07-22,0.29893165856393633,0.3126293876347346,0.298056841036889,0.3100067973136902,26601600
2010-07-23,0.3050516748756991,0.31165852937612515,0.30136028601371945,0.31068670749664307,16646400
2010-07-26,0.31068669148122807,0.3175845307323705,0.3048576783548773,0.3171956241130829,14745600
2010-07-27,0.3204990185933135,0.3205960228872647,0.31136657852394545,0.3138931095600128,13430400
2010-07-28,0.311269655774957,0.31632177369198583,0.3016522203700208,0.30369192361831665,21225600
2010-07-29,0.30602359084950104,0.3074813241169394,0.2844562206413687,0.29251983761787415,29692800
2010-07-30,0.2863988578086725,0.28970225756268086,0.2778502488313752,0.2841651737689972,23616000
2010-08-02,0.2915478976004727,0.2989316189339871,0.2863017726263608,0.2957251965999603,19430400
2010-08-03,0.2942684663409738,0.2942684663409738,0.28494204483460156,0.2885364294052124,13190400
2010-08-04,0.2912569918042514,0.29446246998313663,0.28416517082384624,0.29339367151260376,9254400
2010-08-05,0.2899941802830722,0.29621118351929476,0.28873045598280445,0.2922278642654419,6451200
2010-08-06,0.28542794355031953,0.29640610707972265,0.28503903688879234,0.29213085770606995,12633600
2010-08-09,0.29485130791463005,0.2978628323649518,0.28882831460383485,0.2951422929763794,15792000
2010-08-10,0.28659369934384415,0.28659369934384415,0.27415783395065846,0.2783360779285431,23270400
2010-08-11,0.2692035957543585,0.26930057222445586,0.2569626581264361,0.26007115840911865,34233600
2010-08-12,0.24967599360503592,0.2588084338422939,0.24647048804223326,0.25569993257522583,19382400
2010-08-13,0.25599089661023605,0.25958530849797695,0.2499678753680828,0.250064879655838,18384000
2010-08-16,0.24957898255912153,0.25735163916039117,0.24569358538852087,0.254437118768692,14668800
2010-08-17,0.2597802422262096,0.2658032358570675,0.25744863708846627,0.25939130783081055,21840000
2010-08-18,0.26094614221127066,0.26803796456272627,0.25793461647665583,0.26473453640937805,10089600
2010-08-19,0.25978024661004095,0.261528936595395,0.2512306940882654,0.25259047746658325,15312000
2010-08-20,0.25210553204710884,0.258225530568449,0.25016191608681315,0.2542422115802765,15676800
2010-08-23,0.2570597682721472,0.2580315903024428,0.24744236019044366,0.2485102415084839,15580800
2010-08-24,0.2424872116059033,0.24569363496153226,0.23695012761213116,0.240447536110878,27033600
2010-08-25,0.23675517022197792,0.24579060653880824,0.23296676318720289,0.24345900118350983,21705600
2010-08-26,0.24530470545609065,0.24627652736817818,0.23335474806764744,0.23471547663211823,20083200
2010-08-27,0.23850386276014235,0.24481878714896577,0.22558302887518072,0.24268119037151337,30528000
2010-08-30,0.24180732854777706,0.24180732854777706,0.23112110793590546,0.23112110793590546,21792000
2010-08-31,0.22995529042696244,0.23180098504106594,0.22014294313333851,0.22266854345798492,26716800
2010-09-01,0.23063517176764803,0.23937869237832962,0.2290804623592971,0.23500646650791168,22934400
2010-09-02,0.23529835697945017,0.24326404902890336,0.2347154418062359,0.24316707253456116,19248000
2010-09-03,0.24996790741714758,0.2537563283661226,0.24277911051489545,0.25016191601753235,16166400
2010-09-07,0.24851023439584796,0.2492880477729624,0.23918381173252307,0.240447536110878,17616000
2010-09-08,0.24103041820116416,0.24112742251166264,0.2334527138553506,0.23879581689834595,14064000
2010-09-09,0.24307003768991217,0.24423584009486698,0.23879573461588433,0.2400585412979126,13843200
2010-09-10,0.23937867594952736,0.23966966105150234,0.2294693532708418,0.23539535701274872,22060800
2010-09-13,0.24005855667926518,0.25132767490507185,0.23976662659692052,0.25064778327941895,20976000
2010-09-14,0.25025890564727865,0.2605571495270931,0.24511072873498735,0.2576426565647125,27811200
2010-09-15,0.25550501359369643,0.2583225298439422,0.25055081785184435,0.25696274638175964,7267200
2010-09-16,0.25628283148408376,0.26269476012979537,0.2537563280832077,0.26220884919166565,12288000
2010-09-17,0.2661921380265677,0.2661921380265677,0.2590023969190429,0.26133400201797485,12700800
2010-09-20,0.2613340406361368,0.2652203832477568,0.257934554007017,0.2645404636859894,14448000
2010-09-21,0.26528924219836214,0.27015127934637945,0.2617883651137058,0.26606690883636475,21033600
2010-09-22,0.26266301906235734,0.2662609672913827,0.2556612400882911,0.25955143570899963,18931200
2010-09-23,0.2550778771731393,0.2703454446085577,0.2525497581559079,0.2613019645214081,18480000
2010-09-24,0.26762321221521945,0.2805568645543322,0.26762321221521945,0.27977922558784485,23433600
2010-09-27,0.28075088619421834,0.281043077936849,0.2748189931750251,0.2760830521583557,15561600
2010-09-28,0.27793067317348874,0.28668287894675554,0.2713182120362989,0.28522464632987976,22483200
2010-09-29,0.28425180902336583,0.28979532889008003,0.28250135705738244,0.28493237495422363,14937600
2010-09-30,0.28853123297497113,0.293003975917629,0.27754221327281486,0.28298771381378174,22195200
2010-10-01,0.28833625389020817,0.2890168199992573,0.2787092802727544,0.2831820249557495,12230400
2010-10-04,0.2824043581506586,0.2824043581506586,0.269276507515472,0.27404144406318665,24681600
2010-10-05,0.27900049151364853,0.2873643218757196,0.27900049151364853,0.2860993444919586,28627200
2010-10-06,0.28483530189238887,0.2876556123425942,0.2762782160066543,0.28143152594566345,14668800
2010-10-07,0.2828906962131322,0.2855158874453255,0.27695880180732657,0.2830848693847656,12393600
2010-10-08,0.2820149635891263,0.29057299459438674,0.2763752892104704,0.28930893540382385,15436800
2010-10-11,0.29164291846669294,0.29708842091330584,0.28979539342127225,0.29193419218063354,16838400
2010-10-12,0.291836983964843,0.2991309262120221,0.28687787670179965,0.2974776029586792,16694400
2010-10-13,0.2988387977369079,0.3007843409451123,0.29028171293253535,0.290962278842926,15897600
2010-10-14,0.2907672385262472,0.2956301936337634,0.2877527544627746,0.2897953987121582,8620800
2010-10-15,0.2933932840824127,0.29563010083499597,0.2868779251111587,0.2933932840824127,10444800
2010-10-18,0.29144868608935254,0.29222635252600654,0.2851274996771142,0.28989243507385254,9484800
2010-10-19,0.2841547427773317,0.29329624034572005,0.27773648304771587,0.2848353087902069,17107200
2010-10-20,0.284641052815106,0.2933932555090608,0.28386338652620413,0.29047584533691406,12844800
2010-10-21,0.2917399532946658,0.29280981150466107,0.28396053467352933,0.28930893540382385,9600000
2010-10-22,0.2912536179435881,0.2990339840632688,0.29096234423780276,0.29864469170570374,11577600
2010-10-25,0.30263197876894826,0.3058406360738811,0.3004922339815589,0.30253487825393677,10387200
2010-10-26,0.30010304879570093,0.30399321955756203,0.2951439094894762,0.30272915959358215,9676800
2010-10-27,0.30117278782483814,0.31760731363529043,0.3008815141141571,0.3169267475605011,27868800
2010-10-28,0.31770525651499365,0.32178962577695475,0.3110918786143056,0.32023337483406067,11443200
2010-10-29,0.319941125438039,0.3272350963945366,0.3194556786887171,0.3209139108657837,13276800
2010-11-01,0.32460909656720116,0.32869346717110914,0.31926069421094305,0.32402563095092773,11904000
2010-11-02,0.3273322709710002,0.32986036180446304,0.3248041523150442,0.325581818819046,7219200
2010-11-03,0.32820797611157215,0.3325835920418853,0.3232479208560764,0.3322923183441162,14956800
2010-11-04,0.3380290154588008,0.35271405864928734,0.3380290154588008,0.3512548804283142,22156800
2010-11-05,0.35485302205983277,0.36107711034700357,0.35203271075310594,0.36010435223579407,12000000
2010-11-08,0.35835377446250616,0.3647720615676747,0.3578673816654584,0.36020129919052124,6211200
2010-11-09,0.36039639392715606,0.3611740603354604,0.3507685048500389,0.3536859154701233,10176000
2010-11-10,0.35329758684738805,0.3540752533558682,0.3436696965300458,0.3527141213417053,11356800
2010-11-11,0.3361815562405704,0.3490181314470625,0.329471994950821,0.348240464925766,25680000
2010-11-12,0.34940739030171103,0.3609799050433367,0.34347549610160016,0.34979668259620667,16598400
2010-11-15,0.35465875747212633,0.3552422508638254,0.34473962021570936,0.3453230857849121,6508800
2010-11-16,0.33909883081395775,0.3449336227311951,0.3313194143049488,0.3356950283050537,14496000
2010-11-17,0.3380291314179065,0.3421135019228126,0.3337505877005991,0.3362787067890167,7190400
2010-11-18,0.342795009901556,0.3481434120641135,0.3404610918759917,0.3457123935222626,7785600
2010-11-19,0.3457122712303575,0.3556314332414602,0.3457122712303575,0.3542693555355072,6969600
2010-11-22,0.3525189879102992,0.362243950512429,0.35086563631666773,0.36156338453292847,8592000
2010-11-23,0.35495000428457507,0.35922949340096166,0.35251901385753803,0.35728394985198975,8448000
2010-11-24,0.3611740144948168,0.3743998784327894,0.3611740144948168,0.3727465271949768,18873600
2010-11-26,0.36574480216271155,0.3720659884755529,0.3646749439458879,0.3685651123523712,5155200
2010-11-29,0.3638001727461768,0.36914860127011095,0.35942361161703,0.3673010766506195,12470400
2010-11-30,0.3607849217799538,0.36175767990017166,0.35631217643755686,0.35864609479904175,16262400
2010-12-01,0.36914858450608523,0.38081817091598064,0.36914858450608523,0.3783871531486511,11059200
2010-12-02,0.3795541025727216,0.39093146827416175,0.3789706093979236,0.3900567293167114,11904000
2010-12-03,0.3856802409662125,0.3962799701690674,0.3856802409662125,0.39472463726997375,13459200
2010-12-06,0.3955993965954344,0.3958915883916444,0.3882083241468543,0.39404311776161194,7785600
2010-12-07,0.40143419333714914,0.40512924269663625,0.39472463274338615,0.39482173323631287,12009600
2010-12-08,0.3941411570692621,0.4035739271739467,0.3939460379462711,0.40279531478881836,5894400
2010-12-09,0.40629622736627097,0.4084359718035908,0.4018235112806208,0.40337884426116943,8419200
2010-12-10,0.40493512193972503,0.40649137316458833,0.4008507519377377,0.40357398986816406,4886400
2010-12-13,0.40931159322617466,0.40931159322617466,0.39375181102427814,0.3942382037639618,14006400
2010-12-14,0.3924878210269732,0.3959886972699685,0.3882083323682374,0.39102864265441895,10243200
2010-12-15,0.38743061630269715,0.39132081216662845,0.38130454968868893,0.3830550014972687,9369600
2010-12-16,0.3839298060150974,0.3878199747202915,0.38198518073362436,0.3863608241081238,5952000
2010-12-17,0.38801420346752485,0.39229274664966324,0.3859724775416694,0.38927826285362244,6470400
2010-12-20,0.39404309793981385,0.39414114439173226,0.3844161549864514,0.38606950640678406,6816000
2010-12-21,0.3879171182893726,0.39209856113142155,0.3879171182893726,0.3896675705909729,5510400
2010-12-22,0.38713940524935603,0.3875277794168055,0.381401711812701,0.38723650574684143,5126400
2010-12-23,0.38558318777540107,0.38645795482630424,0.38295705033805166,0.38499972224235535,6518400
2010-12-27,0.38188810805775725,0.387236509232871,0.376538760917903,0.3863608241081238,4963200
2010-12-28,0.38684728625778897,0.38684728625778897,0.38198524920026966,0.3848055601119995,4560000
2010-12-29,0.38412405852012704,0.3883064477264112,0.38383278478738586,0.3859725296497345,3235200
2010-12-30,0.3850968311022382,0.3900568867827127,0.38451336551438103,0.3884035348892212,3168000
2010-12-31,0.389667523817983,0.389667523817983,0.3841239757313145,0.38723650574684143,1948800
2011-01-03,0.3903480029218497,0.3977390463075581,0.3871393190876935,0.3900567293167114,8035200
2011-01-04,0.3940429983565758,0.39764191989171627,0.3874305403109898,0.39268186688423157,5721600
2011-01-05,0.3908344829711797,0.3959887109304983,0.3868472137997831,0.3943353593349457,6998400
2011-01-06,0.39384901896112745,0.4031846905073777,0.39268206001784617,0.4015313386917114,3273600
2011-01-07,0.4035739918531735,0.40493512393142933,0.38869477217158854,0.4013371467590332,3820800
2011-01-10,0.39734982676659225,0.40940873428900704,0.39657216032028225,0.4074631631374359,4339200
2011-01-11,0.4108669641526893,0.4150484063012613,0.40658842151108043,0.414076566696167,6624000
2011-01-12,0.4196192951304863,0.42662104964256287,0.4146601572221283,0.42662104964256287,4905600
2011-01-13,0.42671797442085324,0.42905191960498396,0.42214815832839214,0.42739948630332947,3686400
2011-01-14,0.43070531102849824,0.4419865533029321,0.42739955358512577,0.4413050413131714,8448000
2011-01-18,0.4405273867231963,0.443250596689667,0.4377070762562763,0.4425700306892395,5980800
2011-01-19,0.43829046805424554,0.43974964627493823,0.42516264953599625,0.4271072745323181,7065600
2011-01-20,0.42331528276995073,0.42331528276995073,0.4050322842289447,0.4176746606826782,12499200
2011-01-21,0.4256491318663932,0.4256491318663932,0.4116455975818663,0.41222909092903137,4425600
2011-01-24,0.4161182473125081,0.4313858385296481,0.41475711547191596,0.4308023452758789,4608000
2011-01-25,0.42973340539462507,0.43109456505825366,0.4229258264371414,0.4294412136077881,3936000
2011-01-26,0.43440120952975153,0.4376098935733903,0.4278849046760691,0.43585944175720215,3897600
2011-01-27,0.4395546234138881,0.45044654569094533,0.43897113006176847,0.4476262629032135,5491200
2011-01-28,0.44908532358422487,0.45015518174609165,0.4196191377897867,0.42613449692726135,11164800
2011-01-31,0.42739947088549585,0.42953826905049697,0.41660462353936917,0.4263296127319336,5654400
2011-02-01,0.4348867944515861,0.4486961280527066,0.4337198355522258,0.4446117579936981,6825600
2011-02-02,0.4420835950398563,0.4519056574899475,0.4398467502896113,0.44772326946258545,4406400
2011-02-03,0.44927952045584335,0.45034940649668964,0.43955455849679476,0.44772326946258545,2217600
2011-02-04,0.4495717906420313,0.4615326527320945,0.44908539781241674,0.46017152070999146,4195200
2011-02-07,0.4650335182534988,0.46882664215644004,0.4569619070617391,0.4596851170063019,7104000
2011-02-08,0.46133840582285596,0.46133840582285596,0.44996009291799743,0.45754531025886536,5068800
2011-02-09,0.4563784089618456,0.45861525388735386,0.45103000777069135,0.45268335938453674,2236800
2011-02-10,0.44548739542898885,0.46007439401819394,0.44295835874541006,0.458615243434906,3638400
2011-02-11,0.45657355217059903,0.4680480216442793,0.45180769807512267,0.4642558991909027,3417600
2011-02-14,0.4635753456019548,0.47631390337047674,0.4635753456019548,0.46892374753952026,5539200
2011-02-15,0.46872858262132355,0.46872858262132355,0.4561842278462281,0.4621161222457886,3724800
2011-02-16,0.4679509234605159,0.4737856892848852,0.46396362666668234,0.47038188576698303,5030400
2011-02-17,0.46872849084804946,0.48341353310226937,0.46872849084804946,0.48146796226501465,4156800
2011-02-18,0.48487193763145325,0.48487193763145325,0.47787012818519303,0.4810797870159149,3580800
2011-02-22,0.4662975745604697,0.4717439944144876,0.44840481830370954,0.4504465162754059,12364800
2011-02-23,0.4476262559601919,0.4476262559601919,0.4194250144024761,0.43138590455055237,20784000
2011-02-24,0.4302189616431691,0.44266713541193026,0.4250656513005698,0.4396526515483856,9753600
2011-02-25,0.4512241879840588,0.4636723886377837,0.4501552478074529,0.46318599581718445,12067200
2011-02-28,0.4664925576067881,0.46834010968638223,0.4433475614238975,0.4521968364715576,8601600
2011-03-01,0.4573510730805906,0.45871220469461266,0.4368321851074909,0.43829041719436646,10368000
2011-03-02,0.44130497483576925,0.45987924118871415,0.44033313526784246,0.4486960470676422,9052800
2011-03-03,0.4596851405287774,0.46775677995606246,0.4590045744989999,0.4655199348926544,14707200
2011-03-04,0.4674645424101648,0.4674645424101648,0.45141928377156426,0.4566706120967865,13728000
2011-03-07,0.4568648386754017,0.45774052387350345,0.42389868809347286,0.4333314597606659,16041600
2011-03-08,0.43702645408994417,0.4395545725717797,0.42525976612813343,0.433234304189682,7977600
2011-03-09,0.4296354664445935,0.4296354664445935,0.40999225644550236,0.41339606046676636,20265600
2011-03-10,0.4031846477893105,0.405712766429022,0.39384897723218965,0.39550232887268066,41126400
2011-03-11,0.3885976961204885,0.40357401725052044,0.3885976961204885,0.4014342725276947,25881600
2011-03-14,0.39657214565156257,0.40717187441822794,0.3934596436970434,0.3993924558162689,15552000
2011-03-15,0.37255241000316736,0.3899588011519015,0.36856514079804503,0.38568025827407837,28886400
2011-03-16,0.3815958348167892,0.39336252163558955,0.3648690938680787,0.37050971388816833,20198400
2011-03-17,0.3808181397099193,0.38490250852993424,0.37430278114427035,0.3762474060058594,13324800
2011-03-18,0.3861665946398819,0.3867500600422469,0.37634450505899864,0.3778036832809448,18076800
2011-03-21,0.38743078370296563,0.39705867623622415,0.385777431661801,0.3917093276977539,13516800
2011-03-22,0.3922927150616032,0.39248783419881383,0.3852909623406347,0.38723650574684143,5059200
2011-03-23,0.3842313208557664,0.39706817817165135,0.3812158183604905,0.39512258768081665,7238400
2011-03-24,0.40484772142829456,0.4136972394990633,0.3996933695524644,0.4109739363193512,9580800
2011-03-25,0.4128224903229022,0.4195322131784675,0.4090293305979853,0.41087689995765686,8092800
2011-03-28,0.41233611022777905,0.4192409573395561,0.4091264298776362,0.40961283445358276,6604800
2011-03-29,0.4067924215365888,0.41515645384788513,0.39969339715261915,0.41515645384788513,3897600
2011-03-30,0.4184623055762334,0.4213797588843501,0.4095156843341145,0.4148642420768738,4118400
2011-03-31,0.4136001922801176,0.4166147487149664,0.4049448787096258,0.41019633412361145,5040000
2011-04-01,0.41515643053177875,0.41515643053177875,0.3939555432449257,0.3973594009876251,13123200
2011-04-04,0.39794299183692305,0.399109978940479,0.38413329665525375,0.38977405428886414,17040000
2011-04-05,0.39842929134210514,0.40766811134804387,0.39774870898025166,0.40222156047821045,17001600
2011-04-06,0.4072787871267893,0.41097392540039246,0.40270791488262964,0.40941858291625977,19708800
2011-04-07,0.4108769640360083,0.4119468483150761,0.4002769769612312,0.40902939438819885,18211200
2011-04-08,0.4120438316791591,0.41515640858057,0.40037393588640247,0.4044584035873413,18422400
2011-04-11,0.40368081100443187,0.40630606586160917,0.39609538117334464,0.3994992673397064,7411200
2011-04-12,0.39269145814589657,0.39541473356940515,0.3806322599207249,0.3842312693595886,13612800
2011-04-13,0.39026040674068946,0.3910380919842837,0.3824807998115585,0.38656526803970337,15993600
2011-04-14,0.3801468960011258,0.38510612540468675,0.37489543985722107,0.3850090503692627,12403200
2011-04-15,0.38111880902126055,0.39269160712356066,0.3801469456134375,0.39142751693725586,6240000
2011-04-18,0.3816050989410827,0.38257790804416486,0.374408999295909,0.3801468312740326,11404800
2011-04-19,0.3801468148408106,0.3862730300991791,0.37839632055884526,0.38530024886131287,7987200
2011-04-20,0.4107797199305134,0.4243942591070399,0.4107797199305134,0.4234223961830139,25545600
2011-04-21,0.42789524069741436,0.4288680496574522,0.4204078614501905,0.42760396003723145,12096000
2011-04-25,0.4276040083709389,0.43460595774019467,0.4273118095134535,0.43363314867019653,6662400
2011-04-26,0.4340224257682957,0.45055444744974305,0.43285543891008565,0.4489990770816803,13046400
2011-04-27,0.44763698693858867,0.4511379474563038,0.44131562041971106,0.44997096061706543,8611200
2011-04-28,0.4469564148693004,0.4517214654640487,0.44335837903641473,0.44890108704566956,6825600
2011-04-29,0.4496796534039148,0.45580586791038513,0.44831754281741093,0.45580586791038513,5184000
2011-05-02,0.458432152133424,0.458432152133424,0.44471958819773555,0.4459836781024933,6528000
2011-05-03,0.44219129904127163,0.44413597093075746,0.4346058989703267,0.4409272372722626,7392000
2011-05-04,0.44773409291870153,0.4543476587312414,0.43285546181556167,0.4486097991466522,8640000
2011-05-05,0.443552565775902,0.46105737020695,0.443552565775902,0.45201370120048523,10512000
2011-05-06,0.45920984357500805,0.4647534981988166,0.450166145903627,0.453180730342865,18182400
2011-05-09,0.45434772899414805,0.45434772899414805,0.441997247674608,0.4480263888835907,13603200
2011-05-10,0.4527912619129058,0.4582368935166013,0.449873781398606,0.4548339545726776,5116800
2011-05-11,0.45531945196794127,0.46485046970683225,0.446762161310406,0.45327767729759216,8256000
2011-05-12,0.45045734337111437,0.46776799617622183,0.44685930779633964,0.464850515127182,9273600
2011-05-13,0.46339134056719733,0.46611461601570625,0.4513330603956645,0.4525000751018524,5452800
2011-05-16,0.4510409216929806,0.46212731247163247,0.44423317733451523,0.4452059864997864,4896000
2011-05-17,0.440538029817041,0.440538029817041,0.4241030809228221,0.43499529361724854,18096000
2011-05-18,0.4406350103065876,0.4554174826045632,0.43791268111932247,0.45269420742988586,4569600
2011-05-19,0.44734572445162923,0.44734572445162923,0.4347030187231005,0.44423311948776245,9254400
2011-05-20,0.44083019296141374,0.4451088389519216,0.43402244928660905,0.4382040202617645,4291200
2011-05-23,0.4278952661198127,0.4278952661198127,0.4206020642716823,0.4227418601512909,7881600
2011-05-24,0.42702052876741614,0.42702052876741614,0.4146700493129464,0.41515645384788513,5376000
2011-05-25,0.41330792279795925,0.423033147340374,0.40990501098129883,0.4194350838661194,5644800
2011-05-26,0.41710116365366373,0.4248807711291983,0.414864292442068,0.42264389991760254,5040000
2011-05-27,0.42721473451992353,0.4298409352204414,0.42478368549717993,0.4269234538078308,1977600
2011-05-31,0.43275838376364106,0.4392739007045318,0.4317855747041247,0.4391767978668213,4310400
2011-06-01,0.43596721683184037,0.43664779936842074,0.41146045829579675,0.4119468629360199,5520000
2011-06-02,0.4119468663144375,0.42167209341225254,0.4102934744838512,0.41418376564979553,2928000
2011-06-03,0.4043613077950711,0.41077974920161014,0.395219591093482,0.3971652090549469,7238400
2011-06-06,0.3978457302168537,0.39988750470680773,0.3924972014431791,0.3935670852661133,6758400
2011-06-07,0.40105456237418213,0.4073759010985817,0.3992069653636857,0.3996933698654175,6921600
2011-06-08,0.3978459091593792,0.3978459091593792,0.3821886714094264,0.3850090503692627,14265600
2011-06-09,0.38617599097670796,0.39055171235980235,0.38131383719472606,0.3856895864009857,11126400
2011-06-10,0.38384193962239127,0.38384193962239127,0.367211896752584,0.3728526532649994,7603200
2011-06-13,0.3757701171204711,0.3771312817752108,0.3633225637824612,0.3668235242366791,8841600
2011-06-14,0.3736303621231688,0.3839390667749139,0.3736303621231688,0.37975752353668213,16128000
2011-06-15,0.3747973402826984,0.37897982941044245,0.36517016424588383,0.3658507466316223,9648000
2011-06-16,0.36886529457174166,0.36886529457174166,0.3534031842913066,0.35875171422958374,10732800
2011-06-17,0.3665313298284634,0.3665313298284634,0.34805463511476425,0.3513604998588562,18672000
2011-06-20,0.3504857161496071,0.35534786956989006,0.3498051337539061,0.3527226150035858,6835200
2011-06-21,0.3561254453080642,0.36915742143249236,0.351652594962915,0.3675040304660797,8774400
2011-06-22,0.36662838720878277,0.3697409640544095,0.3622526389249559,0.3624468445777893,5788800
2011-06-23,0.3585575497640307,0.37489536686121894,0.3516527031674726,0.3744089901447296,13113600
2011-06-24,0.3717828083816638,0.3718799112262576,0.3567090524746231,0.357778936624527,11289600
2011-06-27,0.3563206022183157,0.36536429760632133,0.35136045629378493,0.3624468445777893,7411200
2011-06-28,0.36390609140662616,0.36906044385128434,0.36186339816691493,0.36876824498176575,6355200
2011-06-29,0.3719779399524079,0.3721721178224593,0.3639061058448935,0.36808764934539795,6432000
2011-06-30,0.36964392789882383,0.3897739858632398,0.36964392789882383,0.3876342177391052,8505600
2011-07-01,0.3885098776261783,0.4044583906184827,0.38598169845701036,0.4029030203819275,8054400
2011-07-05,0.4045555204476951,0.4045555204476951,0.39395553607923567,0.3970681130886078,2409600
2011-07-06,0.3957060104229081,0.3990127931621761,0.39045458345986506,0.39687299728393555,2409600
2011-07-07,0.4057225256211856,0.4187545052493158,0.4030972711562524,0.4143778383731842,7785600
2011-07-08,0.4031943653649168,0.40659825118475545,0.39628954653103,0.4046535789966583,9504000
2011-07-11,0.39473411295292,0.40504189779467814,0.38909335698374886,0.3920108377933502,7795200
2011-07-12,0.3819943115376211,0.3819943115376211,0.36507299059497295,0.368281751871109,16041600
2011-07-13,0.3714915159424027,0.3769371490233192,0.3633226072388258,0.3670177459716797,13036800
2011-07-14,0.36876825196240814,0.37547889321877753,0.3554449626355316,0.357778936624527,14044800
2011-07-15,0.36176637203883405,0.36215570165683203,0.3531110568415444,0.3607935905456543,15187200
2011-07-18,0.3578760212965313,0.3603080161710593,0.34708185818355236,0.3527226150035858,13459200
2011-07-19,0.35933513067840933,0.3777147174504334,0.35865452065697795,0.37645062804222107,11635200
2011-07-20,0.37995161436168634,0.37995161436168634,0.3700322136854118,0.37431180477142334,7296000
2011-07-21,0.3685740211521061,0.3782983000005147,0.3610856951312688,0.37713131308555603,9667200
2011-07-22,0.38053512210726753,0.39599817556298167,0.38053512210726753,0.3937612771987915,11529600
2011-07-25,0.3874399805541392,0.390454564303879,0.37927107292771933,0.38452252745628357,6624000
2011-07-26,0.3880235570142419,0.39590118538146013,0.3859817818701397,0.3870507478713989,7305600
2011-07-27,0.3794652859585309,0.3794652859585309,0.3603080090007886,0.36361387372016907,13900800
2011-07-28,0.3625439325247396,0.37324193770818115,0.35622353993309813,0.36273905634880066,11347200
2011-07-29,0.3549585309472055,0.36594784544534026,0.3517497969071217,0.35690414905548096,12614400
2011-08-01,0.3666284664048451,0.36954592006358145,0.34620617950102883,0.35632067918777466,14332800
2011-08-02,0.3500964278526525,0.3544730950653379,0.33560617953550576,0.33580130338668823,15312000
2011-08-03,0.33881583739664156,0.3478595337674225,0.3264653581680536,0.3460119366645813,16771200
2011-08-04,0.3354120199704997,0.33803727499830083,0.30808491111659186,0.30847421288490295,18883200
2011-08-05,0.3133363049925493,0.3185877604602656,0.2825082102733256,0.2994295358657837,12950400
2011-08-08,0.28075775921989626,0.29301113744128254,0.27171406149864197,0.27171406149864197,34396800
2011-08-09,0.2812441003170681,0.29116347432136536,0.25975190535966824,0.29116347432136536,19257600
2011-08-10,0.28387022486083086,0.29534499506015965,0.27132465269385914,0.27735376358032227,9859200
2011-08-11,0.2837722385236228,0.3102245783295753,0.2820217444733694,0.30224984884262085,16214400
2011-08-12,0.3093488455259228,0.31119641441858253,0.2977760817584858,0.3004022538661957,12585600
2011-08-15,0.3014722339773352,0.31129453389879397,0.3013751311386607,0.31109941005706787,18268800
2011-08-16,0.30254206358689595,0.31022456613252647,0.2941780327876674,0.3005964457988739,4694400
2011-08-17,0.298554705138268,0.31002944869992555,0.2912605580811202,0.2978741228580475,13795200
2011-08-18,0.28173050457551396,0.28173050457551396,0.2629616108896175,0.2667538523674011,12787200
2011-08-19,0.26393345144281066,0.2752149640490813,0.2545975568164037,0.2553761601448059,5414400
2011-08-22,0.2670460401752667,0.2675324446409519,0.2575150222967784,0.25965479016304016,11731200
2011-08-23,0.2644198651815932,0.28075770917211834,0.2601412193830142,0.28056350350379944,10896000
2011-08-24,0.27998001148382656,0.280952820464345,0.26938002730092453,0.27939650416374207,12806400
2011-08-25,0.276673186242096,0.28221683880670967,0.26587902588576634,0.26685088872909546,13171200
2011-08-26,0.26587902053135193,0.2812440521353849,0.25907127865176144,0.27784016728401184,7392000
2011-08-29,0.28571779802682856,0.29592847895141866,0.28309162597317455,0.2954420745372772,10329600
2011-08-30,0.2911635038382068,0.2984576521123743,0.28659265894984903,0.29524797201156616,4425600
2011-08-31,0.2979712173672328,0.30195858229698286,0.28766251388046743,0.29116347432136536,12480000
2011-09-01,0.29291394535371335,0.2977760978838951,0.28406445603138986,0.284258633852005,4108800
2011-09-02,0.27472851259970577,0.2778401708885875,0.26801787344596345,0.27142173051834106,11260800
2011-09-06,0.2562509895289757,0.2685043671168637,0.25488982464245236,0.26831018924713135,7123200
2011-09-07,0.2790071964592601,0.28746833064879806,0.2790071964592601,0.286787748336792,8188800
2011-09-08,0.2859121077371369,0.2968042930112211,0.2806606520591267,0.28396743535995483,9792000
2011-09-09,0.2792995125744062,0.2924276521487471,0.27667331150226243,0.27900728583335876,13248000
2011-09-12,0.2766732946289327,0.29340044352635125,0.2766732946289327,0.29330334067344666,11049600
2011-09-13,0.2942751134179781,0.3075012969656647,0.29291394885946964,0.30555662512779236,33331200
2011-09-14,0.30993241991474757,0.3270488678789895,0.30633435634336553,0.3197547197341919,19084800
2011-09-15,0.32792355440823334,0.3316187199867499,0.320921634514564,0.3299662470817566,17001600
2011-09-16,0.3225750325810413,0.3388157710258805,0.32238085476830364,0.3348284065723419,20025600
2011-09-19,0.32461688364441976,0.3331751225508498,0.3205324428833389,0.3295770585536957,12192000
2011-09-20,0.33181385795135043,0.33842647652301594,0.32627017727111585,0.32704880833625793,8323200
2011-09-21,0.3266595792208903,0.3338556788276172,0.31683725118637085,0.31683725118637085,11289600
2011-09-22,0.2998188457821096,0.30555667762267114,0.28882953099453973,0.297971248626709,14016000
2011-09-23,0.29369172151024836,0.31353052975196366,0.29174704909267596,0.3113916516304016,12326400
2011-09-26,0.315183915859068,0.315183915859068,0.2972907247597028,0.3119751811027527,35116800
2011-09-27,0.32238092665418455,0.33346728862015346,0.31829645847192645,0.3205324113368988,25977600
2011-09-28,0.32228287213902984,0.32529837433757364,0.3052644729614258,0.3052644729614258,32380800
2011-09-29,0.3137256067181898,0.3156702790174976,0.2892188794562321,0.2994295358657837,42912000
2011-09-30,0.2909693103146782,0.2966091208275118,0.28056350350379944,0.28056350350379944,5126400
2011-10-03,0.2771595470841275,0.283577986491295,0.2603353323928631,0.26072463393211365,41923200
2011-10-04,0.25557037400578103,0.28202177024113806,0.25508396949520984,0.281049907207489,9734400
2011-10-05,0.28309168302180476,0.3018605757689144,0.2762848578140314,0.2995266020298004,20448000
2011-10-06,0.2987490188081711,0.30652862787246704,0.29349759001431114,0.30652862787246704,37315200
2011-10-07,0.3068208140990558,0.3175179038312281,0.3033198527580057,0.31119653582572937,5942400
2011-10-10,0.3199489405515906,0.3294799609610992,0.31985186552405137,0.3272430896759033,10012800
2011-10-11,0.3235478682199227,0.32996628154796864,0.32160225033585693,0.3276323080062866,11011200
2011-10-12,0.3309382320681874,0.3395935454975867,0.3309382320681874,0.3317168354988098,14304000
2011-10-13,0.3281178233825248,0.3493187109521726,0.3281178233825248,0.34708184003829956,8688000
2011-10-14,0.3519439548382299,0.35350024334536156,0.3425109572923844,0.35223618149757385,9254400
2011-10-17,0.3478595984953388,0.35058287449686737,0.33482853446517985,0.33735668659210205,8284800
2011-10-18,0.33774585629643883,0.3510691418468941,0.3302575318877449,0.348442941904068,13641600
2011-10-19,0.3498051077335293,0.3559313226498506,0.342900261652213,0.34358087182044983,12115200
2011-10-20,0.3395935206936507,0.3395935206936507,0.3223809160999981,0.3329809010028839,19324800
2011-10-21,0.34290033146703675,0.35602849797002106,0.34290033146703675,0.34834596514701843,10032000
2011-10-24,0.3493187536611777,0.37149153480563196,0.3493187536611777,0.36896243691444397,23280000
2011-10-25,0.36312746129694096,0.37246335639013084,0.35807113023102866,0.3597245216369629,15321600
2011-10-26,0.36487793153326087,0.36954587912869924,0.3500964035358254,0.36546143889427185,8745600
2011-10-27,0.3817022526680352,0.39162165709628793,0.3764507967182149,0.3874400854110718,11193600
2011-10-28,0.38403605910616956,0.38734284113328504,0.38121568148290796,0.38685643672943115,4867200
2011-10-31,0.37625650231656627,0.38034094205878827,0.3683788478374481,0.3683788478374481,5184000
2011-11-01,0.3517497309425465,0.3555419716357037,0.3427051180844849,0.345234215259552,16089600
2011-11-02,0.3536944978635556,0.353791572885481,0.34066343516827496,0.34649837017059326,9168000
2011-11-03,0.355347832334346,0.3686710917654224,0.34056627760185065,0.36721187829971313,11836800
2011-11-04,0.36283616689840203,0.3734361513131918,0.35962648704347605,0.3703244924545288,4665600
2011-11-07,0.3666284845550244,0.3736304070704249,0.3590430545850905,0.37275564670562744,9360000
2011-11-08,0.37771479911081396,0.3818972879907538,0.36760121914079097,0.3807303011417389,10732800
2011-11-09,0.3628361834358709,0.36390606749522275,0.34727602428156173,0.34785953164100647,15129600
2011-11-10,0.3565148247503312,0.35807111324682694,0.34397016844026507,0.3531109392642975,4588800
2011-11-11,0.36108558245054106,0.3792709907070007,0.36108558245054106,0.3767428398132324,10022400
2011-11-14,0.37421390546559435,0.38063232037107764,0.36468380330471006,0.3692546486854553,5952000
2011-11-15,0.370129394032155,0.3868565404679542,0.3684769485627673,0.3829662501811981,9398400
2011-11-16,0.376450729263663,0.39103807955650505,0.37285266569455594,0.37401965260505676,19612800
2011-11-17,0.3734362151037838,0.3734362151037838,0.33949646021746815,0.34766536951065063,16675200
2011-11-18,0.34785956251864547,0.34980515296046066,0.3393022699666316,0.3429003059864044,7920000
2011-11-21,0.3324944651057317,0.3350226165094048,0.3192682809846899,0.3261731266975403,11625600
2011-11-22,0.32374210696490036,0.32782657534296794,0.31294699735388654,0.3167401850223541,10819200
2011-11-23,0.3111963877049697,0.3112944365005066,0.29894304275512695,0.29894304275512695,5990400
2011-11-25,0.2950537825247812,0.30633434970068696,0.2935945689678192,0.2935945689678192,8851200
2011-11-28,0.3107111041027755,0.3163509441091428,0.3074043203612584,0.3126557767391205,6604800
2011-11-29,0.31362846148383794,0.32043525817823154,0.30983527459287324,0.3109051585197449,6729600
2011-11-30,0.3282158291803915,0.34698472113338824,0.3282158291803915,0.34688761830329895,13104000
2011-12-01,0.3463041368231824,0.34960997344033656,0.3383294069645611,0.3487352132797241,3945600
2011-12-02,0.3549585633796789,0.3573905862372366,0.3438722006777373,0.34513720870018005,5692800
2011-12-05,0.3559312738913131,0.35943223395701895,0.3489293537599015,0.3524303138256073,8755200
2011-12-06,0.3540836476147712,0.3591408951677216,0.3516525718121557,0.3555419147014618,9417600
2011-12-07,0.35418087175974694,0.3636138697916895,0.3469847446899381,0.36137697100639343,6921600
2011-12-08,0.35661182899560123,0.3618632826059647,0.3377458377764266,0.33832934498786926,4012800
2011-12-09,0.33054980242179727,0.3496099750188966,0.3279236021300398,0.34776240587234497,4502400
2011-12-12,0.3338556359464019,0.3338556359464019,0.3184906017854212,0.32656243443489075,7814400
2011-12-13,0.3307439671855125,0.3314245494863901,0.30973817745471416,0.31216925382614136,3484800
2011-12-14,0.3107110923811387,0.3141140328694217,0.3006936664947478,0.3042926490306854,3561600
2011-12-15,0.3125584859206337,0.3143089796016599,0.30273618945336894,0.30458375811576843,2966400
2011-12-16,0.30798779693864453,0.3179072011788805,0.30594510347999077,0.306820809841156,2505600
2011-12-19,0.30964114125386044,0.31061300433176786,0.29592855109581584,0.29660913348197937,9993600
2011-12-20,0.3061401462009079,0.32247796123501027,0.3061401462009079,0.3216022551059723,7459200
2011-12-21,0.3228664399573467,0.3297712598955361,0.30759850438039293,0.31567031145095825,3436800
2011-12-22,0.3172265729208657,0.3330779853915868,0.3172265729208657,0.3314245939254761,5616000
2011-12-23,0.33336930761160755,0.3372595984045607,0.3288964831806571,0.33667609095573425,2294400
2011-12-27,0.3370653394333438,0.34173328699358196,0.3343420639684213,0.3374537229537964,1430400
2011-12-28,0.33570317207106426,0.33599539869382505,0.32695078578380293,0.327437162399292,1651200
2011-12-29,0.32977125373675176,0.3355091142585732,0.3289935962077064,0.33521783351898193,8390400
2011-12-30,0.33385563768230925,0.3372595231178332,0.32967409491539,0.32967409491539,5491200
2012-01-03,0.3413439335443819,0.3468875864694424,0.33453619108505583,0.33696821331977844,7238400
2012-01-04,0.3346342556064346,0.34183038246353303,0.33220226087846694,0.34124690294265747,1545600
2012-01-05,0.3404692398900784,0.3521391092979321,0.3399828353482285,0.35174980759620667,4281600
2012-01-06,0.346206161192506,0.3527226244260303,0.34523429807501743,0.351166307926178,2352000
2012-01-09,0.35388968825437045,0.36312756498540133,0.3519440696216709,0.3607935905456543,6009600
2012-01-10,0.36915756394537136,0.36915756394537136,0.36186341507737885,0.3640032112598419,6864000
2012-01-11,0.3618633495350098,0.3684769147559408,0.3604050820534808,0.36730992794036865,3148800
2012-01-12,0.3687682757996002,0.37343622407932725,0.36341971722245353,0.3718799352645874,4492800
2012-01-13,0.3671148431801813,0.36740704204152236,0.35505659024571673,0.3558342754840851,3484800
2012-01-17,0.36215556404985494,0.3643924347763192,0.356611883000601,0.35748758912086487,3667200
2012-01-18,0.36565649704180636,0.3879263469560017,0.36565649704180636,0.3878292441368103,9715200
2012-01-19,0.39259438975626326,0.39813712575966975,0.3904546214927565,0.3967759609222412,4358400
2012-01-20,0.39872050293715294,0.40844572577335037,0.3958030501612375,0.4069874584674835,5856000
2012-01-23,0.4029030418095879,0.4133079022095244,0.4029030418095879,0.40747296810150146,7113600
2012-01-24,0.40572252656804403,0.41291957176208305,0.40416715615374493,0.4098069667816162,2371200
2012-01-25,0.41019628377167455,0.4140865460174011,0.40008267590681434,0.41272443532943726,6038400
2012-01-26,0.41418372899367784,0.4181710948441223,0.3999856782926262,0.4038750231266022,3369600
2012-01-27,0.40115254316770305,0.4084457441771762,0.40115254316770305,0.4057224690914154,1843200
2012-01-30,0.39628946559197714,0.40183311848996905,0.3909409086764427,0.4008603096008301,5366400
2012-01-31,0.402513685612517,0.4027078634234634,0.3931777923045663,0.39745643734931946,2438400
2012-02-01,0.4070847218840727,0.4160313172005058,0.4055284051588774,0.40902939438819885,1593600
2012-02-02,0.40912637873297975,0.41710110902349945,0.40766811117505775,0.41262733936309814,1708800
2012-02-03,0.4242972053154738,0.4312991260701127,0.4214768272505753,0.42760396003723145,4540800
2012-02-06,0.4245894423725039,0.4245894423725039,0.4148642455050324,0.4202127754688263,4521600
2012-02-07,0.4147671825397942,0.42176910459801803,0.4112662215106823,0.4191429316997528,1344000
2012-02-08,0.42206030634225444,0.4337302020789472,0.42206030634225444,0.42847874760627747,1526400
2012-02-09,0.4318825498201368,0.43217477643004176,0.42595054161884466,0.4298408031463623,2198400
2012-02-10,0.4213797466414163,0.4213797466414163,0.4133079136733449,0.4169069230556488,3763200
2012-02-13,0.4247836169909277,0.4247836169909277,0.40951565777964444,0.41661468148231506,1910400
2012-02-14,0.4138914923814322,0.4181710848499959,0.4117526421347973,0.41807398200035095,979200
2012-02-15,0.42147684541995273,0.4278952591434822,0.4184622893926982,0.4187544882297516,1555200
2012-02-16,0.4171982474019805,0.4386904175288829,0.4171982474019805,0.4347030520439148,3676800
2012-02-17,0.43859326775090396,0.4413155969650747,0.4339253206420382,0.4353835880756378,1449600
2012-02-21,0.43314670817098505,0.43586998348981104,0.4228389505495916,0.42565932869911194,1209600
2012-02-22,0.4276040106058207,0.4301321901452455,0.41651764867814556,0.4177817106246948,2256000
2012-02-23,0.4163234041044528,0.4230331262012704,0.408932181514015,0.4193379878997803,1209600
2012-02-24,0.42303315926065027,0.42303315926065027,0.41642053947725916,0.4170040190219879,1526400
2012-02-27,0.41077982197266816,0.4250758929662827,0.40776526547719966,0.42001864314079285,960000
2012-02-28,0.42235260898272975,0.4348972671205683,0.42118562198140264,0.43052151799201965,1660800
2012-02-29,0.4317856109379433,0.4317856109379433,0.418073965700353,0.4191429316997528,3955200
2012-03-01,0.4229360310997534,0.4261447927909418,0.41573993220249705,0.4187544882297516,1651200
2012-03-02,0.41622538618382443,0.4236166366520077,0.411169055363186,0.41330790519714355,4080000
2012-03-05,0.40669531448514556,0.40786230139726165,0.39327495108422944,0.39570602774620056,3196800
2012-03-06,0.38637019558214136,0.39366434492428654,0.38364783778528294,0.39298373460769653,4320000
2012-03-07,0.3958031548363793,0.40416718757353565,0.3958031548363793,0.4021244943141937,1324800
2012-03-08,0.4091263460319942,0.40961275050825785,0.40231954914974216,0.40679237246513367,2064000
2012-03-09,0.4065011286522446,0.41564192775303394,0.4065011286522446,0.41398945450782776,1420800
2012-03-12,0.4137942900371902,0.4137942900371902,0.4065010887338153,0.40873798727989197,1574400
2012-03-13,0.4133079297359174,0.42400596349072284,0.41311375188573035,0.42381083965301514,5184000
2012-03-14,0.42410307257845553,0.4340224759312755,0.42021280988002224,0.42196330428123474,4944000
2012-03-15,0.4257564212381777,0.4364535087871283,0.4240059548364978,0.4352865219116211,3763200
2012-03-16,0.43723118142879375,0.43878746993956536,0.4341195225715637,0.4341195225715637,2774400
2012-03-19,0.4320777722692447,0.4435525453361285,0.43159136774093787,0.4405379891395569,2064000
2012-03-20,0.4341195674268416,0.43966322153708676,0.43061860653910466,0.43703702092170715,4569600
2012-03-21,0.4399014899561417,0.4421430758290417,0.43619860879629613,0.4387320578098297,1440000
2012-03-22,0.43561414555328665,0.43717372394766446,0.4292795572297124,0.43697819113731384,2025600
2012-03-23,0.4363933557931758,0.4364915822191223,0.42879203007481004,0.43619877099990845,1958400
2012-03-26,0.4415585552513677,0.44886799058797905,0.43921968984939347,0.4478931427001953,3878400
2012-03-27,0.447990349280059,0.45276538536794586,0.4473083406748471,0.44857507944107056,2889600
2012-03-28,0.4471138893379605,0.4485752412827639,0.4325932709770629,0.43697819113731384,3513600
2012-03-29,0.432008425323741,0.44146119145177287,0.4282072888248446,0.44058457016944885,1862400
2012-03-30,0.44779585948199796,0.44779585948199796,0.43610150471476067,0.44292351603507996,1987200
2012-04-02,0.43746554810077226,0.4457488832293342,0.43356805254906783,0.4428252875804901,988800
2012-04-03,0.4421433156142302,0.4421433156142302,0.4287921031699448,0.43181392550468445,1353600
2012-04-04,0.4192419613718227,0.42187363760737384,0.4090098799281674,0.41778063774108887,13900800
2012-04-05,0.4139794801324318,0.4194365249024548,0.4139794801324318,0.4188518226146698,1036800
2012-04-09,0.4078404970238064,0.40978924475850653,0.4023825033433518,0.4071575403213501,16128000
2012-04-10,0.40540338608397813,0.4099838101575406,0.39439198884072285,0.3957560062408447,2515200
2012-04-11,0.4043321207009762,0.41251814772460815,0.40228514693047135,0.40657275915145874,3091200
2012-04-12,0.41047117329897126,0.4246989751095377,0.409886471024665,0.4232376515865326,2092800
2012-04-13,0.41972941489989435,0.4219709737589114,0.40861979126930237,0.40861979126930237,1200000
2012-04-16,0.416318328088465,0.41729317573318303,0.40423388649514047,0.4108612835407257,825600
2012-04-17,0.41904739425139576,0.4248945570792999,0.41904739425139576,0.4220682680606842,1440000
2012-04-18,0.4070602809388268,0.4136876797069959,0.4023825222039056,0.4115433990955353,672000
2012-04-19,0.4084251482140324,0.4191446534848285,0.3995561640135181,0.4048186242580414,806400
2012-04-20,0.4043322326244942,0.4043322326244942,0.3907855155530751,0.3909810483455658,2265600
2012-04-23,0.38367161878084477,0.38376889725280694,0.3788965813302327,0.383379727602005,2179200
2012-04-24,0.3870825465242193,0.3870825465242193,0.3756810319406331,0.3779216706752777,1814400
2012-04-25,0.385621292251051,0.3938073217868805,0.38464644428837125,0.3938073217868805,1344000
2012-04-26,0.3930269844507468,0.4056961570311197,0.3930269844507468,0.40374740958213806,2073600
2012-04-27,0.4050142322474445,0.409691963164217,0.40131040127179957,0.4075476825237274,2515200
2012-04-30,0.40589088556467723,0.4075477144980302,0.4045268400290952,0.4056962728500366,384000
2012-05-01,0.4084251437329931,0.41690309021847743,0.40628089139583284,0.4124199450016022,1920000
2012-05-02,0.4076449487061007,0.4169031311591798,0.40598809218451776,0.41553908586502075,739200
2012-05-03,0.41826715210667825,0.41826715210667825,0.396243437142582,0.39712005853652954,3004800
2012-05-04,0.3914684419162087,0.39263787466435596,0.37909115767995294,0.380163311958313,1344000
2012-05-07,0.37694773764762424,0.38133265636333974,0.37568099884167844,0.37646031379699707,1641600
2012-05-08,0.37197712203361066,0.37197712203361066,0.3575547366814599,0.3701256811618805,2649600
2012-05-09,0.36086769536481944,0.3697357343126923,0.3516095108824357,0.36710497736930847,2160000
2012-05-10,0.3713925258161675,0.3713925258161675,0.3604784343406729,0.36574089527130127,1065600
2012-05-11,0.3643758230710537,0.38123529936192513,0.36379109296942685,0.37226995825767517,1344000
2012-05-14,0.3656426301419645,0.36642289316906845,0.35999099976426135,0.36252444982528687,1497600
2012-05-15,0.3641813206952321,0.3684689338104035,0.3561898767734175,0.35804134607315063,921600
2012-05-16,0.357456517035406,0.3594061843489027,0.34751632809638977,0.34751632809638977,1824000
2012-05-17,0.34732185693202283,0.3497580287526082,0.33543291687965393,0.33543291687965393,3360000
2012-05-18,0.33718690324944284,0.3404023606310028,0.32432312202092667,0.32597997784614563,2496000
2012-05-21,0.3264665649719794,0.33738160308342485,0.3235429976090188,0.33728429675102234,1939200
2012-05-22,0.3375761390134114,0.3375761390134114,0.32773420436681805,0.3310469686985016,2630400
2012-05-23,0.32130243578557616,0.32802622131731707,0.31379841499400246,0.3271495997905731,2467200
2012-05-24,0.3259801392338132,0.3293902109020481,0.3197428581299766,0.3233484625816345,691200
2012-05-25,0.3246151903966767,0.33260663490322867,0.3240304879567143,0.3293902277946472,1305600
2012-05-29,0.33845374367776787,0.3440080953172972,0.3342634372825785,0.341962069272995,1344000
2012-05-30,0.3346526746945467,0.3356274947090738,0.3295857463399992,0.33397066593170166,384000
2012-05-31,0.3313399239823652,0.3313399239823652,0.32130242520791724,0.32763609290122986,1420800
2012-06-01,0.3158444123454693,0.3184761168607747,0.30502762694738444,0.3055150508880615,2774400
2012-06-04,0.3057095599191823,0.3102900110916314,0.29820554167899344,0.30454012751579285,3955200
2012-06-05,0.30717098588374164,0.317404017723281,0.30648897707268014,0.3163318634033203,1862400
2012-06-06,0.3206194407964941,0.3374789498686442,0.3191581169841133,0.33669963479042053,6672000
2012-06-07,0.3436188751004907,0.34488561392441175,0.3277342440445558,0.3286108374595642,1296000
2012-06-08,0.3274414315217506,0.3393303700843633,0.3268567291681554,0.33796635270118713,672000
2012-06-11,0.34478831841668234,0.3452757422895256,0.3238358113188884,0.3244205415248871,8438400
2012-06-12,0.3276360287008933,0.33981777790841095,0.3268567137081732,0.3387456238269806,2419200
2012-06-13,0.3336787956360885,0.3433261490891811,0.3324120564978643,0.3344580829143524,873600
2012-06-14,0.3284163408206292,0.3381610008253777,0.3284163408206292,0.33582213521003723,384000
2012-06-15,0.33991508464327325,0.34780924979633354,0.33991508464327325,0.34624969959259033,2380800
2012-06-18,0.34420362324766696,0.356189839920105,0.34420362324766696,0.3530716598033905,2505600
2012-06-19,0.3580412848391361,0.3605756825365007,0.35472849227587605,0.35823678970336914,1180800
2012-06-20,0.35855896140006116,0.3666549847067701,0.3565101466557257,0.363533079624176,2361600
2012-06-21,0.3609973672529727,0.3609973672529727,0.33563715274993666,0.33661195635795593,5155200
2012-06-22,0.3392459520067228,0.34470790442236116,0.33914858607641235,0.34422004222869873,979200
2012-06-25,0.33787974758634287,0.33787974758634287,0.3194450762715222,0.3214929699897766,2784000
2012-06-26,0.32168873632073924,0.3246149331778665,0.3150553499665698,0.3209077715873718,1104000
2012-06-27,0.3253948713157483,0.3293941855967324,0.32285914347809713,0.3272479772567749,1056000
2012-06-28,0.32588275295418695,0.32588275295418695,0.3131047936226817,0.3220781981945038,1603200
2012-06-29,0.3376850049879235,0.34617149663388086,0.3351492768705363,0.34578102827072144,3840000
2012-07-02,0.3486098229969321,0.349195051070287,0.34041640671763496,0.34373217821121216,729600
2012-07-03,0.3458783452842625,0.35104814344879365,0.3456835855414755,0.35095077753067017,787200
2012-07-05,0.3419764425664093,0.3486098274703977,0.34080595849813844,0.3466583788394928,547200
2012-07-06,0.3413912801913609,0.3414896228704167,0.3242244827880641,0.3298821449279785,1968000
2012-07-09,0.3267600523483138,0.3267600523483138,0.32100594797503484,0.32471218705177307,3273600
2012-07-10,0.3253949043286963,0.32871159704955105,0.30939859440424394,0.3127143383026123,2428800
2012-07-11,0.3126168793827587,0.3129099817504066,0.30452088576372593,0.30891066789627075,1008000
2012-07-12,0.30325301133110966,0.30325301133110966,0.2926212621226865,0.29681533575057983,4051200
2012-07-13,0.3004242575143193,0.3070576433286981,0.29847375743813,0.30491143465042114,2457600
2012-07-16,0.30315565581223664,0.30315565581223664,0.29720584158105434,0.29944944381713867,1190400
2012-07-17,0.30393561130021207,0.30393561130021207,0.28891502981414474,0.30003461241722107,3504000
2012-07-18,0.29876685612675574,0.32412704046233104,0.29662064747546385,0.3201277256011963,5692800
2012-07-19,0.32441905523481557,0.3297845606134178,0.3218833281145781,0.32529738545417786,2332800
2012-07-20,0.3229565168147994,0.32441915446932656,0.31398311257362366,0.31398311257362366,2102400
2012-07-23,0.3029609954604451,0.3094960399225885,0.29584069481295355,0.3066672086715698,2803200
2012-07-24,0.3070576083563565,0.3070576083563565,0.29652322358941335,0.301107794046402,2294400
2012-07-25,0.3049113549393708,0.3183719340062226,0.3049113549393708,0.31037330627441406,2265600
2012-07-26,0.32295649834373924,0.3284184500586916,0.3164214564488128,0.32129815220832825,3292800
2012-07-27,0.3258827497395189,0.33787974435926293,0.32276176577052085,0.33524662256240845,4300800
2012-07-30,0.33514918706185937,0.3405137442903786,0.3272479256666652,0.3297846019268036,2332800
2012-07-31,0.33056477056379413,0.33709984258415215,0.33056477056379413,0.3315404951572418,547200
2012-08-01,0.334661360766425,0.3378797103373759,0.3286141531959101,0.33368563652038574,748800
2012-08-02,0.32676012546883004,0.3417816866800062,0.3249070194690512,0.3324177861213684,1795200
2012-08-03,0.3406111979039623,0.3482193303756591,0.33768497378724266,0.3446105122566223,3456000
2012-08-06,0.348609741994831,0.35192548481142927,0.3470487620747088,0.34831663966178894,1996800
2012-08-07,0.35455958536365334,0.364996575219803,0.35143862964316186,0.3608025014400482,3139200
2012-08-08,0.359826807046222,0.3632408933378667,0.3573884450728793,0.3613877594470978,1142400
2012-08-09,0.3614852487062159,0.36821508041374923,0.36070431184168167,0.36587411165237427,4588800
2012-08-10,0.3651913507613755,0.37006807451464124,0.3648008824476755,0.3696785271167755,1564800
2012-08-13,0.3691906566259922,0.3691906566259922,0.358363226155916,0.36577659845352173,739200
2012-08-14,0.3678254603841204,0.3684107164123607,0.3569980006093288,0.3587537407875061,2937600
2012-08-15,0.35533959729122344,0.3648008628101426,0.35533959729122344,0.3598267734050751,873600
2012-08-16,0.3633382474501282,0.3716290295124054,0.3612894329567029,0.3716290295124054,1392000
2012-08-17,0.3665565227254932,0.3665565227254932,0.36372861422026265,0.365386039018631,662400
2012-08-20,0.35963204620185046,0.36207040816779607,0.35797369997604106,0.36187469959259033,950400
2012-08-21,0.36363037919644886,0.3666549177949048,0.3586562897866133,0.36050939559936523,1411200
2012-08-22,0.357778009516158,0.357778009516158,0.35114557309951067,0.3537796437740326,1651200
2012-08-23,0.35173080666871986,0.35173080666871986,0.34070856013662354,0.34363478422164917,2092800
2012-08-24,0.3404164377348901,0.3470488743356782,0.3385633316110073,0.34402528405189514,1747200
2012-08-27,0.34383045417731833,0.34383045417731833,0.33963543176651,0.33963543176651,796800
2012-08-28,0.339635469302727,0.3443174055051319,0.337782363351886,0.34275737404823303,384000
2012-08-29,0.3354413909915015,0.34236690137896425,0.3354413909915015,0.34041640162467957,681600
2012-08-30,0.3366117965326097,0.3366117965326097,0.328515776090781,0.33095505833625793,1382400
2012-08-31,0.3346613775635158,0.3427573720421302,0.333588259440864,0.3416842818260193,1171200
2012-09-04,0.3317352865336427,0.3358319962829063,0.3258828639679462,0.33407625555992126,1142400
2012-09-05,0.33163782219085375,0.33407615645392824,0.3289063575918784,0.3291011452674866,268800
2012-09-06,0.33963551486766896,0.352413475216884,0.33856334541729105,0.3522186875343323,3264000
2012-09-07,0.3473419992483684,0.3473419992483684,0.3387581133082402,0.3407086133956909,1689600
2012-09-10,0.3373928735891202,0.3387581176228515,0.32578539702164055,0.32607755064964294,1411200
2012-09-11,0.3272480091859392,0.3327109104432645,0.3250044347059261,0.32793065905570984,1334400
2012-09-12,0.3302715951487446,0.3343682753508817,0.32432178109904,0.3272479772567749,2486400
2012-09-13,0.32598005013216463,0.3340760426989749,0.32051809952307425,0.33251509070396423,4521600
2012-09-14,0.33573446363151593,0.3431469152064538,0.33573446363151593,0.339928537607193,2822400
2012-09-17,0.3367092256789815,0.338855433905731,0.3306620460270999,0.3323203921318054,1958400
2012-09-18,0.33290567572283747,0.33310046340045535,0.328515892620785,0.3304673135280609,931200
2012-09-19,0.3316378516227284,0.3316378516227284,0.32763853657165837,0.32812637090682983,844800
2012-09-20,0.3269557858737393,0.3279305891407271,0.31866500469390857,0.32168862223625183,2198400
2012-09-21,0.324517567233442,0.32715068952813137,0.3209077715873718,0.3209077715873718,940800
2012-09-24,0.31739627417916827,0.31837199857133003,0.3092028850571262,0.311154305934906,2467200
2012-09-25,0.31156496060902666,0.3117600053602297,0.29837915301322937,0.29837915301322937,2486400
2012-09-26,0.2983790644800869,0.2984765868267522,0.2900773419892168,0.2952539622783661,2227200
2012-09-27,0.29720710232480596,0.3078528843794595,0.29584005667722685,0.30609485507011414,2467200
2012-09-28,0.3060948680581551,0.3060948680581551,0.2974030818122501,0.2984766662120819,1286400
2012-10-01,0.3013092184203897,0.3037507985060925,0.2966211029866491,0.2967185974121094,1238400
2012-10-02,0.30248123553649287,0.30296974154960027,0.29535154029382454,0.2993561327457428,1036800
2012-10-03,0.29847680920539055,0.3017978807058611,0.29544922709465027,0.29544922709465027,326400
2012-10-04,0.2980866108438986,0.2980866108438986,0.29154294333670755,0.2975006103515625,816000
2012-10-05,0.30277477791839713,0.3061933425923289,0.29955120212204894,0.29974716901779175,2870400
2012-10-08,0.29789064917902464,0.29798912163008323,0.292909994199135,0.29554659128189087,1699200
2012-10-09,0.29056586673830687,0.29056586673830687,0.28128715974749735,0.2825566828250885,3676800
2012-10-10,0.2822641763534812,0.2829476991478188,0.27630650997161865,0.27630650997161865,2697600
2012-10-11,0.2781621937665774,0.2818732983531949,0.27620816899748984,0.27738019824028015,1920000
2012-10-12,0.27689246364478065,0.2781620144700631,0.27259438316055123,0.27269190549850464,1161600
2012-10-15,0.27464600409806095,0.2825567165273548,0.27464600409806095,0.28128719329833984,1852800
2012-10-16,0.2855844051664108,0.2964261287658741,0.2848033597854113,0.2947656214237213,4502400
2012-10-17,0.29017492430000663,0.2958400516808765,0.2852917921728344,0.2905659079551697,2304000
2012-10-18,0.2909569534822946,0.29164050438326894,0.28675642114286326,0.28744086623191833,1296000
2012-10-19,0.2870499287057587,0.2870499287057587,0.2739625619056658,0.2748411297798157,2342400
2012-10-22,0.27825968822401004,0.2795292398676143,0.274450139104995,0.27738019824028015,2601600
2012-10-23,0.2760130901283748,0.28099469531436216,0.2689809162515261,0.27992016077041626,2256000
2012-10-24,0.28031014887665756,0.28031014887665756,0.2717158867005487,0.2728879153728485,2121600
2012-10-25,0.27445007761016826,0.27865063752282154,0.2739624936587308,0.2767941355705261,537600
2012-10-26,0.2807987335208071,0.28372879205097806,0.2768925849392576,0.2826542854309082,2102400
2012-10-31,0.28421720178037824,0.28490072445799197,0.27747849139067166,0.27835705876350403,2563200
2012-11-01,0.28236171194776233,0.2974030703131267,0.28236171194776233,0.2967185974121094,2784000
2012-11-02,0.29925866310520155,0.29925866310520155,0.28568282097122305,0.2866588830947876,1094400
2012-11-05,0.28695231986434033,0.2954490894196474,0.28685482543383406,0.29408201575279236,1152000
2012-11-06,0.2973045819980766,0.30199269674091145,0.2949605246266591,0.29877009987831116,3254400
2012-11-07,0.2943745121686651,0.2943745121686651,0.2783570933115795,0.2805061340332031,3216000
2012-11-08,0.28167815650926104,0.2849982758312236,0.27464598417282104,0.27464598417282104,2620800
2012-11-09,0.2753295302391052,0.28206821394247966,0.2744500405711323,0.2753295302391052,940800
2012-11-12,0.27738018439164563,0.27738018439164563,0.2703480092859959,0.27474358677864075,998400
2012-11-13,0.2730830239461956,0.27406003618364405,0.2678089071193816,0.2681998908519745,2016000
2012-11-14,0.2687858307907226,0.2715199499078774,0.25921363351528487,0.260385662317276,3628800
2012-11-15,0.26507377854249464,0.26507377854249464,0.2550140252945138,0.25696802139282227,16329600
2012-11-16,0.25726055137037074,0.25872606934937736,0.2480793380314639,0.2570655345916748,4348800
2012-11-19,0.2643903699826505,0.2685899810127296,0.25686968788380504,0.2644878923892975,5366400
2012-11-20,0.2625347836168528,0.2625347836168528,0.2539395677802561,0.2583351731300354,2947200
2012-11-21,0.258823668217486,0.260776714748859,0.25579605907807,0.25843265652656555,2121600
2012-11-23,0.26439028755068134,0.26927437022441786,0.2614602291536794,0.2672228515148163,2284800
2012-11-26,0.2690784146456109,0.27151999501938373,0.2656598500357981,0.2705439329147339,2928000
2012-11-27,0.27112993570254174,0.2737665608589805,0.26927438378334045,0.26927438378334045,1622400
2012-11-28,0.2687858353805905,0.2758180362559922,0.26224216846544707,0.2753295302391052,3024000
2012-11-29,0.27699008351255855,0.28031020333668333,0.2715199726149421,0.2735714912414551,5520000
2012-11-30,0.2783571501960444,0.2783571501960444,0.2717159599725018,0.27366903424263,1315200
2012-12-03,0.2778685759550685,0.2791381270116732,0.2708364037497766,0.27093392610549927,2563200
2012-12-04,0.2708364635150039,0.2787481270432373,0.2708364635150039,0.27747857570648193,1334400
2012-12-05,0.27523199685521127,0.27855211632546056,0.2729854616669356,0.2754270136356354,1776000
2012-12-06,0.28079876558079236,0.28411983614423175,0.278943213458835,0.28324031829833984,2515200
2012-12-07,0.2851942575768471,0.285682763577881,0.28099464844200045,0.2853892743587494,1516800
2012-12-10,0.2861703494025241,0.28890539089461076,0.28372876921685863,0.28695231676101685,1123200
2012-12-11,0.28792843431721826,0.3012117372396189,0.28792843431721826,0.29974716901779175,5155200
2012-12-12,0.30277474822342293,0.3048253167818002,0.29710962050649703,0.2984766662120819,3072000
2012-12-13,0.2955465399165585,0.30365324671464133,0.29046839138628194,0.2920304536819458,1488000
2012-12-14,0.289588914720505,0.29417950754580025,0.28812434677539006,0.2906634211540222,1257600
2012-12-17,0.293007427008433,0.2948629782687201,0.2881242958975597,0.293690949678421,988800
2012-12-18,0.2967186582796867,0.30375086081622527,0.2950590731233936,0.30326327681541443,3964800
2012-12-19,0.3042393508857695,0.31107648034027896,0.3042393508857695,0.30560731887817383,5107200
2012-12-20,0.30570485939580255,0.30716942772735006,0.29964874695285765,0.3051188588142395,1257600
2012-12-21,0.29144451244727376,0.2998446822166443,0.29134699006809284,0.2998446822166443,3561600
2012-12-24,0.29447310052604453,0.29730471505025347,0.29447310052604453,0.2964261472225189,451200
2012-12-26,0.2984901811118435,0.2993714689272677,0.294673889875412,0.294673889875412,595200
2012-12-27,0.2955542506732271,0.2955542506732271,0.28478932259832207,0.29232513904571533,1977600
2012-12-28,0.29007412991269627,0.2933041660612699,0.2864532470703125,0.2864532470703125,1536000
2012-12-31,0.28606141353621517,0.297512163563248,0.28351720063582525,0.29604372382164,2150400
2013-01-02,0.31033279065305874,0.3196292519569397,0.31033279065305874,0.3196292519569397,3321600
2013-01-03,0.3166932165622711,0.3208035595141389,0.3151279822864175,0.3166932165622711,2275200
2013-01-04,0.3164977702831572,0.3164977702831572,0.31317001656414545,0.3153233826160431,1008000
2013-01-07,0.317378970358683,0.3175744076038813,0.3123873687182135,0.31424665451049805,4569600
2013-01-08,0.31336632673015363,0.31542104981885144,0.30749438935216566,0.30808159708976746,1372800
2013-01-09,0.30915835740401687,0.3137572660549485,0.30915835740401687,0.3135618567466736,1344000
2013-01-10,0.32002091495333135,0.3227614886816081,0.3158128537183094,0.3221742808818817,3657600
2013-01-11,0.3229569923343466,0.32608838552002256,0.3217826043912973,0.3245231509208679,2064000
2013-01-14,0.3194337212701833,0.3256974295261531,0.31835705235250616,0.3216847777366638,1132800
2013-01-15,0.31806400909224336,0.32051047547234746,0.31708503054558856,0.3204127848148346,988800
2013-01-16,0.3210976580855381,0.3281439846977372,0.32099993943611477,0.3270673155784607,2198400
2013-01-17,0.3288289240169674,0.34468317486065425,0.3288289240169674,0.34262847900390625,9878400
2013-01-18,0.32853573298011324,0.33509259791207385,0.3154211071286364,0.3273613452911377,2630400
2013-01-22,0.3295137540695097,0.3295137540695097,0.32109763109676576,0.32501256465911865,2304000
2013-01-23,0.32569750569315065,0.3288288985599089,0.32373957666256326,0.32765451073646545,15379200
2013-01-24,0.32520802808629495,0.32922068095793033,0.3236418696031714,0.32373958826065063,16070400
2013-01-25,0.3230545820558789,0.3312752943760498,0.3230545820558789,0.32843703031539917,3360000
2013-01-28,0.3323519717605915,0.3337217965199356,0.3297100688689472,0.33196020126342773,854400
2013-01-29,0.32961157581423906,0.33068824517980533,0.32696967172384284,0.32980793714523315,614400
2013-01-30,0.3301009517101137,0.3347007836068143,0.3301009517101137,0.3310799300670624,230400
2013-01-31,0.33196037883194657,0.3332334096318304,0.32755687832832336,0.32755687832832336,230400
2013-02-01,0.3332333525540188,0.33988790950343006,0.3332333525540188,0.3395938575267792,2092800
2013-02-04,0.33704960014947616,0.3410622527205109,0.3311776612617805,0.3314717411994934,1161600
2013-02-05,0.33793096494845914,0.34213902777869565,0.3350926995084737,0.33969253301620483,1996800
2013-02-06,0.3383217104296314,0.33920297026634216,0.33744140257978117,0.33920297026634216,153600
2013-02-07,0.33753908365315,0.33753908365315,0.32755677371385883,0.3334287405014038,672000
2013-02-08,0.3395937434693474,0.3442912936176293,0.3395937434693474,0.34301918745040894,2630400
2013-02-11,0.34184483090825063,0.3444876860995149,0.3413553417256798,0.344095915555954,403200
2013-02-12,0.3412577382115756,0.3471296779284778,0.3412577382115756,0.3462493419647217,748800
2013-02-13,0.3474237229130293,0.35094688638829563,0.34448773935050025,0.3471296429634094,1363200
2013-02-14,0.34624927140060574,0.3542736520532684,0.34624927140060574,0.3533933162689209,1478400
2013-02-15,0.35495956667388756,0.35495956667388756,0.3462493339643243,0.3491853177547455,1142400
2013-02-19,0.35437233475402363,0.3556444412459519,0.35192491643797685,0.3548608720302582,1814400
2013-02-20,0.35241440705265786,0.3541759748148595,0.3386158049106598,0.3386158049106598,2601600
2013-02-21,0.3357774653535627,0.33587515598770873,0.32002090965261704,0.3241312801837921,3926400
2013-02-22,0.3276545568302763,0.33744145939781234,0.3276545568302763,0.3358752727508545,2764800
2013-02-25,0.342823801363011,0.3434110091710425,0.32599057619853,0.3266754746437073,1824000
2013-02-26,0.32892660385118994,0.33440769612943727,0.32892660385118994,0.33254748582839966,2054400
2013-02-27,0.3331346939318046,0.345465780621215,0.3331346939318046,0.3433133661746979,1670400
2013-02-28,0.34615159737704826,0.34712962385278895,0.3410622477531433,0.3410622477531433,297600
2013-03-01,0.33440762925545914,0.3433132684423503,0.32990551635286247,0.33979010581970215,1046400
2013-03-04,0.33900659567355196,0.3411599618679456,0.3378322079287244,0.3408668339252472,1248000
2013-03-05,0.341159990466116,0.3530993062100937,0.341159990466116,0.3516317903995514,2390400
2013-03-06,0.3557421159636413,0.3559375532650709,0.3523166712616928,0.3553503453731537,2304000
2013-03-07,0.35701420087141617,0.36004787479995326,0.3559375318028306,0.3577968180179596,2755200
2013-03-08,0.36122225987719087,0.3628861367901435,0.3531979072187261,0.3566224277019501,854400
2013-03-11,0.35417594940583547,0.3602442494754066,0.35202353517579527,0.35936298966407776,912000
2013-03-12,0.36210355029152513,0.3625930115036008,0.35662243030455143,0.3577968180179596,259200
2013-03-13,0.35877583110410594,0.3645500515841947,0.3586781124498424,0.3633756637573242,998400
2013-03-14,0.3639628842576155,0.37130233943583746,0.3639628842576155,0.36601758003234863,1363200
2013-03-15,0.36014560856693234,0.36014560856693234,0.3545677216877238,0.35613390803337097,892800
2013-03-18,0.3444877241311993,0.35613391121306304,0.3444877241311993,0.34977248311042786,1718400
2013-03-19,0.3524143333419389,0.35349100230261543,0.34164940771053326,0.34791311621665955,547200
2013-03-20,0.3543597635316295,0.35543940510342825,0.35161172281377145,0.35396692156791687,614400
2013-03-21,0.34837397233792095,0.34955157226765826,0.34405546017635363,0.34454628825187683,1142400
2013-03-22,0.3497474180424312,0.352593445179934,0.3476870749809275,0.35063108801841736,748800
2013-03-25,0.35328023888574756,0.35328023888574756,0.3463125986762287,0.3485698401927948,624000
2013-03-26,0.3515137418026892,0.3602477934845664,0.3515137418026892,0.35946303606033325,16876800
2013-03-27,0.353084321421568,0.3617194353249593,0.3522986091618905,0.36014991998672485,489600
2013-03-28,0.3620142905323478,0.36554708980545086,0.35965909101694576,0.3645654618740082,2160000
2013-04-01,0.36603797628472423,0.36603797628472423,0.3493546786710894,0.35014036297798157,844800
2013-04-02,0.35141593678667693,0.3526914945412913,0.3424859375327172,0.3452330529689789,3360000
2013-04-03,0.3460186120957723,0.3470982537614421,0.32982614897706597,0.3316905200481415,2793600
2013-04-04,0.32963019891257483,0.33856016668809796,0.32963019891257483,0.33777540922164917,1795200
2013-04-05,0.32354619693858616,0.33365379121879374,0.32354619693858616,0.33316296339035034,2966400
2013-04-08,0.3323783325135619,0.3406215310096741,0.32982623459802995,0.3406215310096741,432000
2013-04-09,0.3398359074298391,0.3538691495157723,0.3398359074298391,0.35053229331970215,5164800
2013-04-10,0.35357512955240356,0.3680982414437547,0.35063111627764004,0.3667246699333191,2630400
2013-04-11,0.36495829782453376,0.36495829782453376,0.3561262857522719,0.3608366847038269,1353600
2013-04-12,0.35534148021802897,0.3585794228228004,0.35053216948867394,0.35671502351760864,1104000
2013-04-15,0.3515138274055513,0.35445784064406016,0.3432706296443939,0.3432706296443939,2534400
2013-04-16,0.35347616816586563,0.3578926370360882,0.352004638910695,0.35710790753364563,643200
2013-04-17,0.34719630740069435,0.34719630740069435,0.3346346251433497,0.33983585238456726,1142400
2013-04-18,0.3409153835708169,0.34817695247016217,0.3340457301682894,0.3347334563732147,768000
2013-04-19,0.33424269140257146,0.33875619202695473,0.33120072017763186,0.3374806344509125,1526400
2013-04-22,0.3364997979805499,0.3496493627688716,0.3347334129694739,0.3476870059967041,700800
2013-04-23,0.35524254896950386,0.36387858759723407,0.354752675656468,0.36240705847740173,1824000
2013-04-24,0.36240714941149044,0.3729066352896927,0.36240714941149044,0.37143510580062866,3580800
2013-04-25,0.37634133180912044,0.38075779967881757,0.37320137569166995,0.37428098917007446,3052800
2013-04-26,0.37526187620673607,0.37526187620673607,0.3643695197598349,0.3681962490081787,1324800
2013-04-29,0.368883856259925,0.3785006238257824,0.3686869579668437,0.37624338269233704,1353600
2013-04-30,0.38016906875873,0.38272021152614644,0.37192584398792733,0.3821313977241516,1209600
2013-05-01,0.38026713566266995,0.3850755210472459,0.3774211078826388,0.3782058656215668,1113600
2013-05-02,0.37987425495371707,0.3872347376806198,0.37987425495371707,0.3869398534297943,883200
2013-05-03,0.3925338331909977,0.39832384427743905,0.3899817361234917,0.39420223236083984,1459200
2013-05-06,0.39645864181173135,0.40126798135309644,0.39645864181173135,0.39871588349342346,3158400
2013-05-07,0.4008750185044513,0.40224858977280803,0.3972442622286433,0.40136584639549255,1737600
2013-05-08,0.4009730725111204,0.4071559551830788,0.39901071520393455,0.40695905685424805,1200000
2013-05-09,0.40607626199368047,0.41314188729972556,0.40607626199368047,0.4090202748775482,1296000
2013-05-10,0.4112774863111948,0.41520220041275024,0.40430987500582666,0.41520220041275024,604800
2013-05-13,0.4171654596501265,0.4171654596501265,0.40480065206558863,0.4065670371055603,979200
2013-05-14,0.41000102424056767,0.41000102424056767,0.40264149653836556,0.40597835183143616,1296000
2013-05-15,0.40686099264583697,0.4163797742185777,0.40686099264583697,0.4153001606464386,960000
2013-05-16,0.41687072494895855,0.4204035243716894,0.4088234700542843,0.4091183543205261,1075200
2013-05-17,0.40960922488929974,0.4185391962528229,0.40960922488929974,0.4185391962528229,1075200
2013-05-20,0.418539117651552,0.4190299456349612,0.41598797449216085,0.41706663370132446,460800
2013-05-21,0.4170665945303107,0.41795029258126865,0.4158889949321747,0.4158889949321747,163200
2013-05-22,0.42001064372204344,0.4249179408509952,0.4018567467640811,0.4052906334400177,3475200
2013-05-23,0.39645852513765883,0.40587934851646423,0.3891969849680122,0.40587934851646423,2006400
2013-05-24,0.4016598206232083,0.4035242199897766,0.39616466457738575,0.4035242199897766,931200
2013-05-28,0.4085294576419397,0.4165767109068583,0.40833351392325845,0.40931421518325806,844800
2013-05-29,0.4024455754430071,0.4147114462780132,0.4024455754430071,0.41206231713294983,796800
2013-05-30,0.41795027754420855,0.4258985902313999,0.41795027754420855,0.4216790199279785,1065600
2013-05-31,0.4257026385087597,0.42688023804238084,0.41618385634530675,0.41696861386299133,633600
2013-06-03,0.4261935255864633,0.43178663983340554,0.4183431697772084,0.42589864134788513,1766400
2013-06-04,0.4308058550814087,0.4437594773184839,0.42835269833012996,0.4314926266670227,2438400
2013-06-05,0.43208155022984235,0.43208155022984235,0.4132399258593292,0.4150063395500183,1420800
2013-06-06,0.4150062886781779,0.4195207434465271,0.4030343206337244,0.4107867181301117,1478400
2013-06-07,0.40784272785733644,0.4211882400005579,0.40784272785733644,0.41863709688186646,1660800
2013-06-10,0.4292354928868464,0.4292354928868464,0.41981469539368704,0.42668434977531433,2640000
2013-06-11,0.4196186930491818,0.4219739203273043,0.40872544050216675,0.40872544050216675,796800
2013-06-12,0.4136327701285595,0.4136327701285595,0.39871586157719424,0.400777131319046,1536000
2013-06-13,0.3972443089977338,0.4161838889122009,0.39675348104890545,0.4161838889122009,921600
2013-06-14,0.41902996049509766,0.4204035039944625,0.4114735339912945,0.4130439758300781,672000
2013-06-17,0.4293334638144121,0.429922249599096,0.4225627220905449,0.42354342341423035,1084800
2013-06-18,0.4269782313408475,0.43885221277744263,0.4269782313408475,0.4360071122646332,1699200
2013-06-19,0.44160031337469274,0.44160031337469274,0.42589864695881546,0.42609554529190063,940800
2013-06-20,0.4143195292789465,0.4143195292789465,0.39685145005232914,0.4003842771053314,2006400
2013-06-21,0.3997954753639661,0.40548753009766614,0.39665551834965773,0.400777131319046,2227200
2013-06-24,0.3890010500262178,0.3974402184838202,0.38016906763197167,0.38478147983551025,3120000
2013-06-25,0.397931020251098,0.3990106338107831,0.38939293994645385,0.39822494983673096,2112000
2013-06-26,0.4021478903523954,0.404998766590105,0.39860907232190496,0.4029339849948883,681600
2013-06-27,0.4095198945726766,0.4113883983083967,0.40490055217693494,0.4056866466999054,2073600
2013-06-28,0.399984969509135,0.4128625113331536,0.39762575740858197,0.41128939390182495,576000
2013-07-01,0.4090292333204388,0.4133541458293458,0.4034256339073181,0.4034256339073181,316800
2013-07-02,0.41030706774172543,0.41030706774172543,0.4009683430194855,0.4009683430194855,729600
2013-07-03,0.39792115686646085,0.4094218592113378,0.39792115686646085,0.40667006373405457,240000
2013-07-05,0.40863567656784444,0.4173845815524474,0.406964406589382,0.41649940609931946,892800
2013-07-08,0.4157133438333602,0.4237743077532433,0.39438228432456396,0.3970359265804291,1276800
2013-07-09,0.4054904308074876,0.4065709558750908,0.402639554569778,0.4029339849948883,115200
2013-07-10,0.39880543471636964,0.4113885483535835,0.39880543471636964,0.4098154306411743,480000
2013-07-11,0.42259481349829364,0.4290826618671417,0.4187606080865374,0.4290826618671417,3715200
2013-07-12,0.4333093759834259,0.4333093759834259,0.4280992872801983,0.43153995275497437,547200
2013-07-15,0.43183427994086393,0.43183427994086393,0.43075282694661204,0.4316380023956299,105600
2013-07-16,0.43222785056527774,0.4374379668616558,0.42623169588738513,0.436946302652359,326400
2013-07-17,0.4374380111694336,0.4374380111694336,0.4374380111694336,0.4374380111694336,38400
2013-07-18,0.43153998603368,0.43153998603368,0.4250521659851074,0.4250521659851074,633600
2013-07-19,0.4199401560671836,0.4231845438480377,0.41502545418531783,0.4231845438480377,624000
2013-07-22,0.42672333283735925,0.4279029669545389,0.4196456968784332,0.4196456968784332,163200
2013-07-23,0.42377447104543065,0.4293771443369103,0.42013657093048096,0.42013657093048096,384000
2013-07-24,0.41531987355300165,0.41531987355300165,0.4106995741113308,0.41089680790901184,825600
2013-07-25,0.4060802743744528,0.41630321847339313,0.39408697886726735,0.41571342945098877,1104000
2013-07-26,0.4157134602828073,0.4157134602828073,0.40647288784856545,0.4115848243236542,278400
2013-07-29,0.4116829643778052,0.4125681401200215,0.4075543285471801,0.4079478681087494,153600
2013-07-30,0.4087339014545128,0.4156152606010437,0.4087339014545128,0.4156152606010437,201600
2013-07-31,0.4164013688997717,0.4227910639900929,0.4164013688997717,0.41846615076065063,489600
2013-08-01,0.4278039035605666,0.43036034960922276,0.4234789904882296,0.4293770492076874,1660800
2013-08-02,0.4223975525472612,0.4245604872703552,0.4204318516418048,0.4245604872703552,460800
2013-08-05,0.4213159659187046,0.42475663045314416,0.4213159659187046,0.4238724112510681,681600
2013-08-06,0.42013649311026074,0.4231845754083941,0.41463197371888255,0.41846615076065063,1497600
2013-08-07,0.4129606927856049,0.4164995111815136,0.411682933793788,0.4134523570537567,268800
2013-08-08,0.41551707794220605,0.416205019705163,0.40922550867244734,0.41148659586906433,172800
2013-08-09,0.4089302404888952,0.41099502245065284,0.4085376571443813,0.4093237519264221,124800
2013-08-12,0.41305877326198664,0.42220121900664154,0.41296064853668213,0.41296064853668213,278400
2013-08-13,0.4127643099108676,0.4203336095559626,0.41237079857611925,0.4202354848384857,297600
2013-08-14,0.41246901073787096,0.4185642749476196,0.41197827458381653,0.41197827458381653,1228800
2013-08-15,0.40372103762608985,0.40372103762608985,0.3908434952863857,0.3913351595401764,1497600
2013-08-16,0.39634789645804347,0.3983135966714379,0.3929072320461273,0.3929072320461273,307200
2013-08-19,0.39860910250193915,0.3990026138994038,0.3918258963524892,0.39192497730255127,259200
2013-08-20,0.3986091012667139,0.3986091012667139,0.398412823677063,0.398412823677063,86400
2013-08-21,0.394972180090039,0.3967416035196312,0.3862232720593967,0.3906463384628296,844800
2013-08-22,0.39860902646017204,0.39860902646017204,0.3921211800887155,0.39615166187286377,316800
2013-08-23,0.39969059984940436,0.4000831831972713,0.39674159833731276,0.39792120456695557,144000
2013-08-26,0.3999849273331528,0.3999849273331528,0.39595444537321123,0.3970359265804291,643200
2013-08-27,0.38612506135187,0.38877870392821734,0.3795390891833711,0.3812094032764435,662400
2013-08-28,0.3817010951986951,0.3917277615688599,0.3817010951986951,0.3871074616909027,393600
2013-08-29,0.3931045097217158,0.39487390447727405,0.3904499113559723,0.3904499113559723,1584000
2013-08-30,0.3882870393121332,0.3882870393121332,0.3822908842456083,0.38533803820610046,345600
2013-09-03,0.39369442043284403,0.39811748683017767,0.388680636882782,0.388680636882782,739200
2013-09-04,0.39615176139331165,0.4118792249417671,0.3945786438012762,0.41020891070365906,2054400
2013-09-05,0.4130587108636955,0.4154179225184521,0.41187910503631714,0.41256800293922424,412800
2013-09-06,0.41689297791954455,0.4185642481405886,0.41296064853668213,0.41296064853668213,700800
2013-09-09,0.41856424589596986,0.4242650421017648,0.41679482283508446,0.4223974943161011,1113600
2013-09-10,0.42711601831188756,0.43340758926920236,0.42632992349262355,0.432129830121994,902400
2013-09-11,0.4287872904107598,0.4313427805900574,0.4245605296222644,0.4313427805900574,230400
2013-09-12,0.4279030281553166,0.42809930575595734,0.4244623344080202,0.4245604872703552,115200
2013-09-13,0.43124447766366464,0.43547123670578003,0.43124447766366464,0.43547123670578003,172800
2013-09-16,0.43743802393245007,0.44392584366607946,0.4368482067981043,0.4379296600818634,1123200
2013-09-17,0.44382767462874606,0.44785720071698754,0.44353228798256555,0.4460877776145935,1449600
2013-09-18,0.4444174474835846,0.45218305329042147,0.44274617729282956,0.4516913890838623,969600
2013-09-19,0.4529691354494207,0.4551320699215013,0.4471692581755077,0.4500201344490051,921600
2013-09-20,0.4502164128641421,0.4502164128641421,0.44264806869356993,0.4435322880744934,249600
2013-09-23,0.44687476882013466,0.44687476882013466,0.43950174699684774,0.4411730170249939,288000
2013-09-24,0.44834885001182556,0.44834885001182556,0.44834885001182556,0.44834885001182556,28800
2013-09-25,0.45148134218854485,0.45148134218854485,0.44901925325393677,0.44901925325393677,19200
2013-09-26,0.44360242554957685,0.44360242554957685,0.4400567637057074,0.44222292304039,796800
2013-09-27,0.4346398918882606,0.4352308213710785,0.4346398918882606,0.4352308213710785,86400
2013-09-30,0.42173744298017,0.43976077791161455,0.42173744298017,0.43335869908332825,940800
2013-10-01,0.43877647229054395,0.44419332105685677,0.436707697849621,0.43818554282188416,259200
2013-10-02,0.43907147709764416,0.44143525135611345,0.4380862752832906,0.43828389048576355,316800
2013-10-03,0.4307000365191025,0.436313543943306,0.4307000365191025,0.43562427163124084,144000
2013-10-04,0.4307000178894697,0.443404849383312,0.4307000178894697,0.4416320323944092,182400
2013-10-07,0.42616913536576595,0.44419340329529716,0.42616913536576595,0.43956416845321655,124800
2013-10-08,0.4266616677795081,0.4273509681224823,0.4258740811313956,0.4273509681224823,163200
2013-10-09,0.42173747739758016,0.4272526411612007,0.4205555901705423,0.42449459433555603,192000
2013-10-10,0.43808621148554533,0.4450791905851371,0.4372985968099518,0.4446858763694763,192000
2013-10-11,0.44685210748318227,0.44685210748318227,0.4437990610419927,0.4441933333873749,364800
2013-10-14,0.44734473472771574,0.45581460213892383,0.44675377704807023,0.4535501003265381,566400
2013-10-15,0.45453438899109894,0.45453438899109894,0.4458678364753723,0.4458678364753723,96000
2013-10-16,0.44645867425142804,0.4564054545341871,0.4445865572733975,0.45463261008262634,921600
2013-10-17,0.4520723148342244,0.4637928729733242,0.4520723148342244,0.46330025792121887,403200
2013-10-18,0.4695055780672185,0.4695055780672185,0.4574890913874838,0.46526971459388733,240000
2013-10-21,0.46536909695120987,0.4684221441099247,0.46536909695120987,0.4667476415634155,144000
2013-10-22,0.4685204094446755,0.4685204094446755,0.46162574321097033,0.4671418368816376,710400
2013-10-23,0.4562089123271581,0.4562089123271581,0.4356242135272962,0.43897321820259094,364800
2013-10-24,0.45069367689477313,0.45069367689477313,0.44320808201890827,0.4443899691104889,201600
2013-10-25,0.45305750236332754,0.45305750236332754,0.44655710893889333,0.44744303822517395,643200
2013-10-28,0.4530575184826692,0.4544360628238099,0.4521706029203985,0.4536484479904175,316800
2013-10-29,0.45886851529925116,0.46891456842422485,0.45886851529925116,0.46891456842422485,979200
2013-10-30,0.47186937156260306,0.47186937156260306,0.461724043760932,0.4633985459804535,144000
2013-10-31,0.45847437750128367,0.4755134146543109,0.45847437750128367,0.47177013754844666,1651200
2013-11-01,0.47403556947666725,0.47403556947666725,0.4693080484867096,0.4693080484867096,278400
2013-11-04,0.46989888327038215,0.46989888327038215,0.4629058754208067,0.4635961055755615,633600
2013-11-05,0.4541410465936375,0.4642854159487039,0.4541410465936375,0.4629059135913849,393600
2013-11-06,0.46576225418500294,0.4685203287235637,0.46566393971443176,0.46566393971443176,297600
2013-11-07,0.4625126642388743,0.4664516687040181,0.45325422286987305,0.45325422286987305,1372800
2013-11-08,0.45118635728627543,0.46330025792121887,0.45118635728627543,0.46330025792121887,240000
2013-11-11,0.4629059135913849,0.4629059135913849,0.4629059135913849,0.4629059135913849,28800
2013-11-12,0.4579817462995948,0.4714751211010024,0.4579817462995948,0.4704899191856384,48000
2013-11-13,0.4520721948608,0.47787705063819885,0.4520721948608,0.47787705063819885,336000
2013-11-14,0.47314963257309484,0.47383893296839713,0.4719677452997662,0.47236108779907227,336000
2013-11-15,0.4702932369676831,0.4771879315376282,0.4688154199956348,0.4771879315376282,739200
2013-11-18,0.4768919591099281,0.477679602187141,0.47177013754844666,0.47177013754844666,460800
2013-11-19,0.4690130580141423,0.4690130580141423,0.4607398186259305,0.4638912081718445,220800
2013-11-20,0.46221656033765623,0.46339844728144025,0.456701397895813,0.456701397895813,2016000
2013-11-21,0.4634967894703082,0.4802408218383789,0.4634967894703082,0.4802408218383789,1123200
2013-11-22,0.46812610725009307,0.470391538902231,0.4631035306475212,0.46625491976737976,336000
2013-11-25,0.4643837571325208,0.4658606440783922,0.46290591212063087,0.46526971459388733,403200
2013-11-26,0.4653690219466002,0.4695056131827577,0.46467879168549886,0.4687170684337616,748800
2013-11-27,0.469898944899225,0.47344463470382564,0.4602471619012832,0.4725586771965027,2016000
2013-11-29,0.4738389154642242,0.4738389154642242,0.4727553427219391,0.4727553427219391,67200
2013-12-02,0.4667475580551024,0.47334629449053883,0.4667475580551024,0.4718693792819977,240000
2013-12-03,0.47442984185482806,0.47442984185482806,0.4697023208650209,0.47177013754844666,115200
2013-12-04,0.47167176554821716,0.4744297840109054,0.46822441858493385,0.46950557827949524,480000
2013-12-05,0.47433159314281975,0.4782705978367861,0.4735429919369556,0.47767964005470276,412800
2013-12-06,0.4826047173962939,0.4931433880734182,0.4826047173962939,0.48999106884002686,1200000
2013-12-09,0.4955071858319402,0.49668910130647914,0.4929458241877326,0.49471864104270935,374400
2013-12-10,0.4801426768722371,0.5005298193944995,0.4801426768722371,0.4929458796977997,460800
2013-12-11,0.4875289700733302,0.4875289700733302,0.48053598903277106,0.48063433170318604,105600
2013-12-12,0.482112115703282,0.4843776039373395,0.4716718155821853,0.47236108779907227,460800
2013-12-13,0.47521742699208647,0.47521742699208647,0.4690129914537215,0.46950557827949524,172800
2013-12-16,0.4752174853297864,0.48683967291809394,0.4752174853297864,0.4840816259384155,710400
2013-12-17,0.48477097982368844,0.49560558188619597,0.48477097982368844,0.4921582341194153,825600
2013-12-18,0.49137065100508553,0.5009240931462353,0.48358906785694383,0.500431478023529,316800
2013-12-19,0.4932416994222978,0.4965897457104291,0.4932416994222978,0.4957038164138794,249600
2013-12-20,0.5053557220435323,0.5061442669375538,0.5023026466369629,0.5023026466369629,86400
2013-12-23,0.5070300815969826,0.5123485880207762,0.5070300815969826,0.5105757713317871,710400
2013-12-24,0.49462497584698556,0.5163270226997126,0.48337899104086796,0.5124801993370056,662400
2013-12-26,0.518399246162306,0.5188926516355752,0.5154397729260601,0.5182022452354431,633600
2013-12-27,0.5174123249935074,0.5179057303616683,0.5152426622391313,0.5153411626815796,220800
2013-12-30,0.5183008340990264,0.5231344699859619,0.5183008340990264,0.5231344699859619,393600
2013-12-31,0.5238249183934799,0.5293489047927813,0.5238249183934799,0.5261924862861633,182400
2014-01-02,0.5148476547831389,0.5160314661686052,0.5113948339440398,0.5151431560516357,528000
2014-01-03,0.5179058797957204,0.519681541292644,0.5106061764190264,0.5164266228675842,240000
2014-01-06,0.5203719006537879,0.5203719006537879,0.5075482130050659,0.5075482130050659,393600
2014-01-07,0.5178071944125577,0.5186945450424204,0.5171168446540833,0.5171168446540833,259200
2014-01-08,0.5275729932360956,0.5285598039627075,0.5240216148546301,0.5285598039627075,585600
2014-01-09,0.5307303298802292,0.5307303298802292,0.5174122809338687,0.5199778079986572,240000
2014-01-10,0.5260938759490267,0.5264887809753418,0.5229374016542133,0.5264887809753418,288000
2014-01-13,0.5226408425932483,0.524811408414839,0.5126771704515051,0.5135654807090759,249600
2014-01-14,0.5374381815790472,0.5448372865999516,0.5374381815790472,0.5445408821105957,384000
2014-01-15,0.5524325650855958,0.5549980363260232,0.5501644015312195,0.5501644015312195,748800
2014-01-16,0.5501642754241148,0.5501642754241148,0.5445408319423707,0.544837236404419,326400
2014-01-17,0.5329000744993841,0.5395103295748428,0.5297436007914761,0.5342817902565002,931200
2014-01-21,0.5328016185715848,0.5349721848126205,0.5313223618448644,0.531815767288208,268800
2014-01-22,0.5341832282003811,0.5415813731219328,0.5341832282003811,0.540299117565155,268800
2014-01-23,0.5351689755377016,0.5351689755377016,0.5251068049650581,0.5307302474975586,700800
2014-01-24,0.5159333150544082,0.5222462086054628,0.504785825556925,0.5076467990875244,1632000
2014-01-27,0.5129734963543787,0.5129734963543787,0.49600562715458907,0.5019245147705078,2102400
2014-01-28,0.5031083841451967,0.5052789498844957,0.5031083841451967,0.5036017894744873,163200
2014-01-29,0.5006424802254283,0.5105076547690898,0.5006424802254283,0.5011358857154846,249600
2014-01-30,0.5065612993027211,0.5148477548221746,0.5051805432505321,0.5138610005378723,201600
2014-01-31,0.49699255746761073,0.5075481363228009,0.49432852961681634,0.5045886635780334,192000
2014-02-03,0.49778138325450555,0.5037988288949642,0.47884084893575224,0.4795311987400055,1056000
2014-02-04,0.476276384766004,0.48466139901854094,0.476276384766004,0.48199737071990967,211200
2014-02-05,0.4764733377224073,0.48683191638188966,0.473020459353496,0.4838724434375763,336000
2014-02-06,0.4878176892547953,0.4964006053476549,0.4878176892547953,0.4951183497905731,134400
2014-02-07,0.5053776146509862,0.5119869112968445,0.49817641204868074,0.5119869112968445,288000
2014-02-10,0.5171169300012185,0.5171169300012185,0.5111979842185974,0.5111979842185974,326400
2014-02-11,0.5206682869839532,0.5279679894447327,0.5206682869839532,0.5279679894447327,153600
2014-02-12,0.534972092046974,0.538128565471299,0.5302369585561585,0.5357609987258911,403200
2014-02-13,0.5345773153719807,0.547993868831318,0.5300400848293608,0.5469085574150085,268800
2014-02-14,0.5415815366249207,0.5513482672304665,0.5415815366249207,0.5508548617362976,595200
2014-02-18,0.5489806939604784,0.5553920865058899,0.5489806939604784,0.5553920865058899,576000
2014-02-19,0.5532222630653716,0.5563786799674048,0.5506567358970642,0.5506567358970642,336000
2014-02-20,0.5484870884382824,0.5622975826263428,0.5484870884382824,0.5622975826263428,374400
2014-02-21,0.5604236712919551,0.5622978333296752,0.5502629945473092,0.5529260635375977,316800
2014-02-24,0.5647639691829927,0.5682168486966559,0.5634817129947897,0.5640735626220703,297600
2014-02-25,0.5544060916888897,0.5579574704170227,0.5524325264902611,0.5579574704170227,508800
2014-02-26,0.5632844928123679,0.5741355166678541,0.5632844928123679,0.5675262212753296,1267200
2014-02-27,0.570682603849518,0.570682603849518,0.5588447699204254,0.5637778639793396,864000
2014-02-28,0.5660462253711956,0.5684137932221287,0.5627913064338673,0.5640735626220703,153600
2014-03-03,0.5472048730672228,0.560916867829278,0.5383264556648204,0.5554913282394409,1142400
2014-03-04,0.5644682692687414,0.5752208495275666,0.5644682692687414,0.5731487274169922,1459200
2014-03-05,0.573148779302536,0.573148779302536,0.5711761170683776,0.5726563334465027,192000
2014-03-06,0.5805479345282127,0.5805479345282127,0.5698938538935168,0.5767001509666443,192000
2014-03-07,0.583210819248219,0.583210819248219,0.5800544023513794,0.5800544023513794,124800
2014-03-10,0.5823235660789189,0.5823235660789189,0.5722613918705277,0.5787721872329712,1036800
2014-03-11,0.5799560528616149,0.5847896879280031,0.5751224177952267,0.5756158232688904,2236800
2014-03-12,0.5626926026441418,0.5801529788258271,0.5606205370009696,0.5791671276092529,2169600
2014-03-13,0.5844942215623818,0.5869602894751064,0.5577596700877296,0.5615089535713196,2332800
2014-03-14,0.5647638159992817,0.5662440323623333,0.5593382752080898,0.5603250861167908,2179200
2014-03-17,0.5633831003212985,0.5737407207489014,0.5633831003212985,0.5737407207489014,1766400
2014-03-18,0.5709790712612302,0.5866637286496724,0.5688084488876404,0.58597332239151,153600
2014-03-19,0.5906099801100667,0.5932729916611652,0.5865651965141296,0.5865651965141296,163200
2014-03-20,0.5808433424843529,0.6094521076148335,0.5808433424843529,0.6076764464378357,614400
2014-03-21,0.614680544764688,0.614680544764688,0.5958385119419787,0.5964303612709045,518400
2014-03-24,0.6032365817261484,0.6032365817261484,0.5845924552523282,0.5934708714485168,518400
2014-03-25,0.5997840429374584,0.6054074884398442,0.5993900410542923,0.6008692979812622,700800
2014-03-26,0.6140322888229357,0.6140322888229357,0.5895069122458284,0.5947474837303162,403200
2014-03-27,0.5904954333082283,0.5904954333082283,0.574969223004255,0.575266420841217,288000
2014-03-28,0.5867377309119649,0.5935609443493176,0.5867377309119649,0.5883203148841858,105600
2014-03-31,0.5983076484272347,0.6096812326282739,0.5983076484272347,0.6052305102348328,969600
2014-04-01,0.6072082789243793,0.6190755367279053,0.6072082789243793,0.6190755367279053,288000
2014-04-02,0.61907534191672,0.6203617462595352,0.610867943004233,0.6186804175376892,864000
2014-04-03,0.6190754454250368,0.6309427580658892,0.6190754454250368,0.6229327917098999,912000
2014-04-04,0.6355907962789666,0.6355907962789666,0.5943525206914004,0.5982089042663574,681600
2014-04-07,0.5886164383954249,0.6042413327513175,0.5775399937421325,0.5890123248100281,1104000
2014-04-08,0.5963302033469274,0.6057252630361283,0.5933633751536509,0.6032530665397644,412800
2014-04-09,0.6131418245300326,0.6168016801722777,0.6050331697832974,0.6114614009857178,211200
2014-04-10,0.614032455657081,0.6151204078732154,0.5781334843651288,0.5812987089157104,624000
2014-04-11,0.5686395603095358,0.5819907106682944,0.5603324532567671,0.5645856857299805,1526400
2014-04-14,0.5663656988855695,0.5780345570931963,0.5612229108810425,0.5612229108810425,422400
2014-04-15,0.57457317850345,0.5845616147892373,0.5716064070045165,0.5833749175071716,249600
2014-04-16,0.5812986232909446,0.5812986232909446,0.567255406511393,0.5754637122154236,720000
2014-04-17,0.5785292469950936,0.5993956748531482,0.5785292469950936,0.595934271812439,739200
2014-04-21,0.6036478609053304,0.6037475115344233,0.5908909959307689,0.6028569936752319,672000
2014-04-22,0.608593280696241,0.614328483960971,0.5882205231529052,0.6142297387123108,1180800
2014-04-23,0.613141895054282,0.6159112329211448,0.6111643301176618,0.6128456592559814,192000
2014-04-24,0.6249104722529468,0.6269877446615162,0.6128457234483206,0.6188781261444092,729600
2014-04-25,0.6079999410534326,0.6079999410534326,0.5808039700427958,0.5810014605522156,537600
2014-04-28,0.5830785505386528,0.5933632202773234,0.5623108717814622,0.5783316493034363,470400
2014-04-29,0.5815948093775907,0.5881217855172121,0.5783317457142984,0.5858470797538757,211200
2014-04-30,0.5884190466461214,0.5894073481600561,0.586341830959118,0.5892099142074585,1286400
2014-05-01,0.5921765400818886,0.5958354899891103,0.5830786228179932,0.5830786228179932,902400
2014-05-02,0.5891110444527815,0.5920778723442763,0.5854520944162739,0.5865401029586792,201600
2014-05-05,0.5887152051294386,0.5887152051294386,0.5785292781871972,0.587133526802063,614400
2014-05-06,0.5871334315774217,0.5935607564904226,0.5825839638710022,0.5825839638710022,336000
2014-05-07,0.585649663529714,0.5866389269557071,0.5795185730128357,0.5832762122154236,316800
2014-05-08,0.5906936054402104,0.5954405638373915,0.5906936054402104,0.5940554141998291,76800
2014-05-09,0.5902976414737814,0.5902976414737814,0.5814959611298266,0.5866387486457825,1190400
2014-05-12,0.6027585193863513,0.6077029130725846,0.6005825583625378,0.6057253479957581,518400
2014-05-13,0.6062199508909879,0.6085934023479685,0.595539391040802,0.595539391040802,240000
2014-05-14,0.5965277247302375,0.5965277247302375,0.587133625652039,0.5873311161994934,403200
2014-05-15,0.5800131490901691,0.5800131490901691,0.5668594325788306,0.5706180334091187,576000
2014-05-16,0.5765517876886518,0.5795186161994934,0.5738811949872716,0.5795186161994934,355200
2014-05-19,0.5795185300764085,0.5957368016242981,0.5795185300764085,0.5957368016242981,268800
2014-05-20,0.5900007470181922,0.5964290360440597,0.5873311161994934,0.5873311161994934,105600
2014-05-21,0.5954405604762346,0.5968247481179192,0.5929674023518805,0.5930671095848083,124800
2014-05-22,0.6043410038156483,0.6043410038156483,0.6021650433540344,0.6021650433540344,134400
2014-05-23,0.6019674957052734,0.6101748943328857,0.6019674957052734,0.6101748943328857,230400
2014-05-27,0.6060215092856499,0.6251088267598235,0.6060215092856499,0.6250091195106506,336000
2014-05-28,0.6278771357100785,0.6330199241638184,0.6278771357100785,0.6330199241638184,345600
2014-05-29,0.6427110722907813,0.6427110722907813,0.6342065334320068,0.6342065334320068,172800
2014-05-30,0.6286689539063712,0.6391510600834808,0.6286689539063712,0.6389536261558533,403200
2014-06-02,0.6429096902514974,0.6471619611499062,0.6373710147442186,0.6457768678665161,816000
2014-06-03,0.6492382273346257,0.6596225500106812,0.6492382273346257,0.6596225500106812,1008000
2014-06-04,0.6637761808357855,0.6692151491252674,0.6586333917467193,0.6665445566177368,969600
2014-06-05,0.6694125972236543,0.6736648678779602,0.663973572691351,0.6736648678779602,662400
2014-06-06,0.6790051195892858,0.6858292936359759,0.6788076290845141,0.6818732023239136,547200
2014-06-09,0.6941365108423572,0.6972020848181791,0.6866202694103316,0.687807023525238,739200
2014-06-10,0.6878069520671942,0.6964112014441016,0.683752114949947,0.6961140036582947,643200
2014-06-11,0.7011580332964608,0.704026116131921,0.6972019418453151,0.6983886957168579,480000
2014-06-12,0.7037290536301314,0.7037290536301314,0.6928510591215201,0.6958178877830505,604800
2014-06-13,0.7209365313959522,0.7348810606577985,0.7209365313959522,0.7335946559906006,1276800
2014-06-16,0.7364629489016028,0.7420016262375854,0.7312214128505998,0.7381442785263062,854400
2014-06-17,0.7399242627876009,0.7509019645793447,0.7379466976724378,0.748033881187439,537600
2014-06-18,0.7438801951456372,0.7474404003691881,0.7250900753760914,0.7404187917709351,979200
2014-06-19,0.7400229798146509,0.7400229798146509,0.732606389424629,0.7378479242324829,470400
2014-06-20,0.747637820810111,0.747637820810111,0.7401215246216652,0.7433854937553406,489600
2014-06-23,0.7464510680705007,0.7505059046270708,0.7400228370339755,0.7417041659355164,931200
2014-06-24,0.7381441607973903,0.7587144151409423,0.7349798980429757,0.7398255467414856,633600
2014-06-25,0.7400631349512096,0.7478864844380146,0.7388747859573823,0.7473911643028259,355200
2014-06-26,0.743825819808049,0.743825819808049,0.7356060355424544,0.740260660648346,499200
2014-06-27,0.738874661680843,0.7424398213952771,0.738874661680843,0.7408549785614014,86400
2014-06-30,0.7450144055518283,0.7567993527282216,0.7449155228574968,0.7559075951576233,1180800
2014-07-01,0.7511538969623354,0.7770016020446603,0.7511538969623354,0.7725447416305542,912000
2014-07-02,0.7721493353001655,0.7736343322392272,0.7690785320824028,0.7713564038276672,768000
2014-07-03,0.7798736803102193,0.7868052709985696,0.7782888941556851,0.7797738909721375,528000
2014-07-07,0.7801702144744647,0.7829434056746993,0.7669002744328337,0.7704654335975647,1094400
2014-07-08,0.765513314020214,0.7735353336020978,0.7537293329786429,0.7627410292625427,931200
2014-07-09,0.7627411238351905,0.7713563838436245,0.7627411238351905,0.7656131982803345,192000
2014-07-10,0.753530610854342,0.7781899073180848,0.7413501932792926,0.7693759202957153,729600
2014-07-11,0.7752191006923527,0.7752191006923527,0.7663062859482297,0.7738320231437683,451200
2014-07-14,0.7820518304780656,0.7841319935274246,0.7773972042818358,0.7785855531692505,1152000
2014-07-15,0.7854190910356256,0.7861121197139108,0.7625423446978862,0.7793782949447632,604800
2014-07-16,0.8020563622280091,0.8343403350937535,0.8020563622280091,0.833350658416748,1814400
2014-07-17,0.8250322382125169,0.8250322382125169,0.7943321354962263,0.7964113354682922,1161600
2014-07-18,0.806809965571517,0.8150297512582815,0.8003727881059514,0.8140391111373901,1094400
2014-07-21,0.8164157963055736,0.825328666658026,0.8114645227742844,0.8220610618591309,633600
2014-07-22,0.8271114021455735,0.8368161860249053,0.82641831662965,0.8364206552505493,1132800
2014-07-23,0.8312704195161542,0.8312704195161542,0.7971050157706656,0.7972038984298706,2006400
2014-07-24,0.7936388915535101,0.8044331392628895,0.7862110179657085,0.7923516035079956,1180800
2014-07-25,0.78977615940623,0.78977615940623,0.7584828263626939,0.7645235657691956,1065600
2014-07-28,0.7618492638969205,0.7657119779742497,0.7464992169110726,0.7641271352767944,1113600
2014-07-29,0.7684843747672593,0.7785855958625096,0.764919271243229,0.7651179432868958,624000
2014-07-30,0.7698712691497884,0.7769027051650594,0.7646224411384536,0.7737330198287964,278400
2014-07-31,0.7610574441486864,0.7625424410282816,0.7376862815128064,0.7450143098831177,1324800
2014-08-01,0.7544226469631627,0.7575913133584907,0.7368935491044345,0.7489760518074036,710400
2014-08-04,0.7570958311698965,0.7624435424804688,0.7427364227729892,0.7624435424804688,777600
2014-08-05,0.7570959914394585,0.7578888663652549,0.7321400378180597,0.7347155213356018,1152000
2014-08-06,0.7298620695489357,0.7423400447153037,0.7264956382035577,0.7397655248641968,268800
2014-08-07,0.7407560156911265,0.7407560156911265,0.7206524610519409,0.7206524610519409,307200
2014-08-08,0.7263966276430652,0.7338235378265381,0.7153047687091629,0.7338235378265381,451200
2014-08-11,0.7427363534403835,0.7567991691521256,0.7427363534403835,0.7488759756088257,700800
2014-08-12,0.7396664855237126,0.7450141961290423,0.7339223375916877,0.7443211674690247,192000
2014-08-13,0.750857319959905,0.7737331052082305,0.750857319959905,0.7698713541030884,576000
2014-08-14,0.775120359946437,0.775120359946437,0.7675936580456336,0.770564615726471,652800
2014-08-15,0.7859146385367843,0.7897763903820564,0.7749216591941154,0.7892810702323914,796800
2014-08-18,0.8011647947580917,0.8011647947580917,0.7835378358020663,0.7951240539550781,1392000
2014-08-19,0.806215759058188,0.808097249950536,0.8023531012659133,0.8068099617958069,768000
2014-08-20,0.8071067522482304,0.8200800487540328,0.8071067522482304,0.8187927603721619,537600
2014-08-21,0.8277055968044053,0.8316671378018976,0.8190903359611246,0.8305776715278625,470400
2014-08-22,0.8298845456187615,0.8315682712936038,0.8279032652197715,0.828398585319519,422400
2014-08-25,0.8368161592056048,0.8368161592056048,0.8151287202125573,0.8180996775627136,1094400
2014-08-26,0.8276064451202058,0.828002882422601,0.8170099072256078,0.8193866610527039,1008000
2014-08-27,0.819584534748527,0.8256262377692825,0.8129495923527605,0.8203774094581604,259200
2014-08-28,0.8135437088996984,0.8270123218770371,0.8120587121953311,0.8239424824714661,892800
2014-08-29,0.8344393816020287,0.8398868826997198,0.8314684243339641,0.8351333737373352,1190400
2014-09-02,0.8450359645106716,0.8450359645106716,0.8227543222199839,0.8305776715278625,1488000
2014-09-03,0.839786995372287,0.839786995372287,0.8301810958805624,0.8331519961357117,1200000
2014-09-04,0.8425601381821812,0.853057794473042,0.8365193420127347,0.839786946773529,3715200
2014-09-05,0.843649696050422,0.8506811330107631,0.8419660271543776,0.8502846956253052,633600
2014-09-08,0.8516708229416252,0.863951032141727,0.8509777375019085,0.8564243316650391,1008000
2014-09-09,0.8608809711528335,0.8608809711528335,0.8374100816143254,0.8385984301567078,576000
2014-09-10,0.8455310313052594,0.8455310313052594,0.831171624354934,0.8403810858726501,528000
2014-09-11,0.8350335196478944,0.8387973517025572,0.8283985763676616,0.8374103307723999,374400
2014-09-12,0.8391928811791712,0.8391928811791712,0.8209717203564061,0.8215658664703369,768000
2014-09-15,0.8225555507970549,0.8272101767412872,0.803541459631164,0.8055227398872375,1516800
2014-09-16,0.7949262295919652,0.8325579192830901,0.7949262295919652,0.8318648338317871,508800
2014-09-17,0.83741023986322,0.8494926828767982,0.8345390722830475,0.8406787514686584,720000
2014-09-18,0.8509777102881897,0.8590986132621765,0.8417682478447253,0.8590986132621765,691200
2014-09-19,0.8615743754677931,0.8617721408556493,0.8397871463505652,0.8445406556129456,499200
2014-09-22,0.8429566411449183,0.8429566411449183,0.8195845726774349,0.8234472870826721,604800
2014-09-23,0.8122566936041085,0.8246357871836255,0.8122566936041085,0.8192880749702454,710400
2014-09-24,0.8246105002254267,0.8369996836676024,0.8215382286359927,0.8355125188827515,566400
2014-09-25,0.8330350826636028,0.8330350826636028,0.7985441708185715,0.8070674538612366,931200
2014-09-26,0.8156903725684083,0.8250062625961738,0.8119234900027269,0.8210424184799194,211200
2014-09-29,0.8089503183715334,0.8382880687713623,0.8089503183715334,0.8382880687713623,556800
2014-09-30,0.8379902475193084,0.8379902475193084,0.8200511468061531,0.8241149187088013,3120000
2014-10-01,0.8127171228656538,0.8127171228656538,0.7780273853571222,0.7819921374320984,2592000
2014-10-02,0.7884345538963751,0.7884345538963751,0.747996920203635,0.7705944180488586,1728000
2014-10-03,0.7741623162624098,0.7844695916317765,0.7741623162624098,0.7814962267875671,1152000
2014-10-06,0.7833795468244126,0.7868485777958448,0.7606830817703646,0.7691074013710022,508800
2014-10-07,0.7591966841057113,0.7597913684938951,0.7388789057731628,0.7388789057731628,614400
2014-10-08,0.7433386106090283,0.7743604301706113,0.7269856375584062,0.7737658023834229,1065600
2014-10-09,0.7667284250003406,0.7673231093138769,0.7324364185333252,0.7324364185333252,278400
2014-10-10,0.7061721244655361,0.7061721244655361,0.5730648236609726,0.6357031464576721,5328000
2014-10-13,0.6361988060849143,0.6470018618807162,0.6115195155143738,0.6115195155143738,2966400
2014-10-14,0.6186553981801003,0.6536420138813838,0.6186553981801003,0.6351082921028137,1699200
2014-10-15,0.614393919975677,0.6366945295909611,0.5868411341018711,0.6321350932121277,4281600
2014-10-16,0.6172681717457249,0.652353750888538,0.6015098887422357,0.6369912624359131,1920000
2014-10-17,0.6561197696724216,0.6705907443238726,0.6516602039337158,0.6516602039337158,3888000
2014-10-20,0.6509667813138316,0.6714824336572363,0.6428392936759998,0.6709867119789124,1478400
2014-10-21,0.6873405526452984,0.7181644439697266,0.6860522209018345,0.7181644439697266,1372800
2014-10-22,0.7298590190084813,0.7298590190084813,0.7025041580200195,0.7025041580200195,1363200
2014-10-23,0.7173708792461244,0.7324365390369473,0.7173708792461244,0.7211377620697021,3004800
2014-10-24,0.7211379094468269,0.7423472091132822,0.7211379094468269,0.7380855679512024,835200
2014-10-27,0.7393736778010382,0.7443299293518066,0.7240121506186147,0.7443299293518066,1353600
2014-10-28,0.7489882910233892,0.7651433348655701,0.7489882910233892,0.7651433348655701,720000
2014-10-29,0.7682156513097307,0.7747570091484424,0.7578084481363768,0.7745591402053833,1142400
2014-10-30,0.7611785472841827,0.7634582651160764,0.7300577731030332,0.7413564920425415,2515200
2014-10-31,0.7778293560038791,0.8044905662536621,0.7778293560038791,0.8044905662536621,4713600
2014-11-03,0.8028056014667858,0.8240158614579989,0.7970567962999419,0.8176723718643188,2342400
2014-11-04,0.8067703992598568,0.8268902529664524,0.8067703992598568,0.8157894015312195,2726400
2014-11-05,0.8216371804628828,0.8216371804628828,0.8107342545560311,0.8176723718643188,787200
2014-11-06,0.8265924126027652,0.8322423116514055,0.8108341259524458,0.8209435343742371,662400
2014-11-07,0.8262956325647974,0.8279797590068142,0.7968589216867471,0.8055810928344727,912000
2014-11-10,0.8007246237513542,0.8127169901781324,0.7985438686855786,0.8087522387504578,4435200
2014-11-11,0.8108340590217491,0.8108340590217491,0.8052831799822093,0.8058778643608093,528000
2014-11-12,0.8031034601617675,0.8088513016700745,0.7987419491846893,0.8088513016700745,297600
2014-11-13,0.8177712706213939,0.8241147597179912,0.8088511750545255,0.8127170205116272,441600
2014-11-14,0.8071662294105789,0.8256010502210984,0.8003279821271909,0.825006365776062,1545600
2014-11-17,0.8221329746313211,0.8228265652456912,0.8055811123305665,0.8220330476760864,144000
2014-11-18,0.8266913260944766,0.8568216238839649,0.8261956045350509,0.8525599837303162,585600
2014-11-19,0.8414591846388411,0.8500823924180405,0.8299625383744609,0.8396751880645752,864000
2014-11-20,0.8366028390797738,0.8722831099550314,0.8235201222427763,0.8716884255409241,566400
2014-11-21,0.8882402790243328,0.8915104761538729,0.8692107749084952,0.8769415020942688,1027200
2014-11-24,0.8889338329735366,0.9042963238772163,0.8825904005389268,0.896664559841156,950400
2014-11-25,0.9098463207648944,0.9098463207648944,0.89696147316368,0.9026113152503967,1651200
2014-11-26,0.9068729011722269,0.9416615962982178,0.9037016671109233,0.9416615962982178,998400
2014-11-28,0.937894789730321,0.9562306467413596,0.937894789730321,0.9474095702171326,844800
2014-12-01,0.9470138064405996,0.9528606674644559,0.9236227894745334,0.9315523505210876,1248000
2014-12-02,0.9315522049921787,0.9490945434024535,0.9280831749903745,0.9482030272483826,528000
2014-12-03,0.9609879962175709,0.9817024771925026,0.9594018686689286,0.9774408936500549,1276800
2014-12-04,0.9782333086003677,0.9874510851958601,0.9712951362035293,0.9821980595588684,825600
2014-12-05,0.9878474415900983,0.9999397397041321,0.9878474415900983,0.9999397397041321,1382400
2014-12-08,0.9960737099078728,0.9999395560299074,0.9554381467964618,0.9675295352935791,1728000
2014-12-09,0.9526626222647702,0.9677273175165843,0.9254066700797445,0.9612858295440674,1833600
2014-12-10,0.9556358974070304,0.9654484731320337,0.9258033964455988,0.9297682046890259,844800
2014-12-11,0.9601955495748109,0.964854006070688,0.9240196081522853,0.9491937160491943,864000
2014-12-12,0.9319479735564992,0.9415616587008825,0.9119279933019007,0.916090726852417,1257600
2014-12-15,0.9198567141207349,0.9402733978777253,0.8937901318828723,0.8998358249664307,1651200
2014-12-16,0.8920061588287354,0.9226321777293833,0.8821945470479022,0.8920061588287354,652800
2014-12-17,0.8830863088948641,0.9183697700500488,0.8757523391976897,0.9183697700500488,1065600
2014-12-18,0.9583126006448186,0.9583126006448186,0.9387874282282154,0.9546446800231934,652800
2014-12-19,0.9631688150374518,0.9631688150374518,0.9339309399203272,0.9391831159591675,940800
2014-12-22,0.9506936678371917,0.9765037167973019,0.9506936678371917,0.9752084016799927,1171200
2014-12-23,0.9924484827676604,0.9936443511269856,0.9771015435044162,0.9772011041641235,1795200
2014-12-24,0.9718200461254339,0.9843763248086835,0.9718200461254339,0.9840778708457947,336000
2014-12-26,0.996534629067313,0.996534629067313,0.9772012686123331,0.9816861748695374,384000
2014-12-29,0.9776001386618739,0.9776001386618739,0.9647452936721883,0.9752084016799927,451200
2014-12-30,0.970724664662099,0.970724664662099,0.9547797871223481,0.955278217792511,624000
2014-12-31,0.9512917049986129,0.9740127526073868,0.9369416236877441,0.9369416236877441,614400
2015-01-02,0.9403301898016004,0.9656418115651132,0.9274744307305053,0.9413260817527771,1718400
2015-01-05,0.9392336833863641,0.9392336833863641,0.9077429174726719,0.9117293357849121,2812800
2015-01-06,0.9096363259559943,0.9096363259559943,0.86519120383824,0.8696760535240173,2563200
2015-01-07,0.8746585883238556,0.8949879035961328,0.8746585883238556,0.8853216767311096,921600
2015-01-08,0.9041554104489354,0.9423228443049324,0.9041554104489354,0.9401301145553589,1305600
2015-01-09,0.9458109117533964,0.9521890678370689,0.9170112453152207,0.9407281279563904,844800
2015-01-12,0.9395323803746379,0.9395323803746379,0.9054508634752221,0.9157159924507141,720000
2015-01-13,0.9268764807139787,0.9556761472606932,0.8918985777344306,0.9030591249465942,1248000
2015-01-14,0.8968809046667053,0.9037574911165371,0.8728645996954555,0.8889089226722717,1046400
2015-01-15,0.8929949166561719,0.9070455743544841,0.872565190681755,0.8730635643005371,537600
2015-01-16,0.866984954439604,0.9010664137118636,0.857717656380438,0.8990736603736877,739200
2015-01-20,0.896880996061268,0.9068466445801251,0.8808366144273343,0.9010664224624634,1161600
2015-01-21,0.8992725184398284,0.9352472214142525,0.8924964055222678,0.9261789321899414,2054400
2015-01-22,0.939732189956301,0.9466078069798703,0.8995720016205625,0.9404296278953552,988800
2015-01-23,0.9396328590428824,0.948401727163633,0.8954862439566992,0.9337531328201294,2822400
2015-01-26,0.9261790238800311,0.9269759654998779,0.91412111926263,0.9269759654998779,739200
2015-01-27,0.9044549705531948,0.9044549705531948,0.8637964038881033,0.8776480555534363,1036800
2015-01-28,0.8955855738867907,0.9040559293445793,0.8620024919509888,0.8620024919509888,777600
2015-01-29,0.8641945005787057,0.8804388046264648,0.8515386585620321,0.8804388046264648,566400
2015-01-30,0.8641944060071532,0.8837267771694364,0.8371884822845459,0.8371884822845459,3254400
2015-02-02,0.8419717258308026,0.8433675141025287,0.8093855038972176,0.8422711491584778,1152000
2015-02-03,0.8429687556496049,0.8674834966659546,0.8410755057328193,0.8674834966659546,835200
2015-02-04,0.8656896073674002,0.8839256918225502,0.8653901270071878,0.8715692758560181,566400
2015-02-05,0.8839255855879549,0.8959844584982628,0.8799400795367385,0.8905026912689209,595200
2015-02-06,0.895784554433982,0.9047533978410054,0.8730635643005371,0.8730635643005371,595200
2015-02-09,0.8691777050280152,0.8691777050280152,0.8520370140201393,0.8560234904289246,1286400
2015-02-10,0.8683797404421991,0.905052855379556,0.8663869871797332,0.9005679488182068,662400
2015-02-11,0.9068465365846882,0.9217945514055653,0.8958840280042375,0.904155433177948,748800
2015-02-12,0.9244848161236779,0.9413260817527771,0.9172102716187018,0.9413260817527771,518400
2015-02-13,0.9472057664493467,0.9513911925050843,0.9316598167821022,0.9459103941917419,1651200
2015-02-17,0.9496970484407319,0.9664388114161804,0.9456120379748338,0.9653434157371521,758400
2015-02-18,0.9699268865125671,0.9699268865125671,0.9506938818347617,0.9507933855056763,499200
2015-02-19,0.9531849258466474,0.963150573411889,0.9513911799923731,0.9519891142845154,249600
2015-02-20,0.9581683035954689,0.9676346661586831,0.9464089089758098,0.963449239730835,528000
2015-02-23,0.9604596795941388,0.9604596795941388,0.9393334806444764,0.9472059607505798,796800
2015-02-24,0.9481032868651887,0.9818852691063598,0.9481032868651887,0.9776003956794739,499200
2015-02-25,0.9649444842319549,0.9690304640555935,0.9594637423997447,0.9602605700492859,259200
2015-02-26,0.9754076595776663,0.9787962586240498,0.9646450684826806,0.9767040014266968,652800
2015-02-27,0.9877648021325173,0.9877648021325173,0.9613568186759949,0.9613568186759949,2352000
2015-03-02,0.9663394977758724,1.010087251663208,0.9663394977758724,1.010087251663208,2236800
2015-03-03,1.0028124675861934,1.0028124675861934,0.9720200448320478,0.9806894659996033,729600
2015-03-04,0.9537829840429126,0.9707247239578586,0.9516907269479868,0.9677350521087646,489600
2015-03-05,0.9710229569898576,0.9805896766414389,0.9605598491869587,0.9690302610397339,422400
2015-03-06,0.9591643297404214,0.9637486835571849,0.9368422627449036,0.9368422627449036,844800
2015-03-09,0.9396327389704229,0.9410275579045629,0.9350483857947911,0.9400307536125183,345600
2015-03-10,0.9284712164114932,0.9299655389966072,0.8980768113554713,0.9043554067611694,1104000
2015-03-11,0.9148185977588214,0.9312619058779567,0.9130248517909968,0.9161139130592346,422400
2015-03-12,0.8895067306995256,0.9009666990978685,0.8695754385220142,0.8885098695755005,1324800
2015-03-13,0.8792428449025256,0.9028602838516235,0.8721673069852918,0.9028602838516235,547200
2015-03-16,0.9068466018532441,0.9213956907510232,0.9050528559118397,0.9188050031661987,528000
2015-03-17,0.9158155173114364,0.9158155173114364,0.8923970864898166,0.9036571383476257,393600
2015-03-18,0.8969804337065241,0.9270763843795496,0.8869152822626886,0.921794593334198,441600
2015-03-19,0.9244848314225423,0.9280723233923782,0.9203988517583886,0.920499324798584,345600
2015-03-20,0.9252825697326903,0.9603599731602799,0.9252825697326903,0.9534843564033508,364800
2015-03-23,0.9583672531647754,0.9599620487952745,0.936643123626709,0.936643123626709,864000
2015-03-24,0.9489996188667777,0.9489996188667777,0.9279729255477798,0.9292682409286499,182400
2015-03-25,0.9306754941859211,0.9306754941859211,0.837268590927124,0.837268590927124,1468800
2015-03-26,0.8153145424938384,0.8512402850131996,0.7922617351764728,0.843356728553772,1094400
2015-03-27,0.8445541919527879,0.9140105669575557,0.8370691538781581,0.91181480884552,1248000
2015-03-30,0.9067249995524769,0.9264841427438093,0.8954491029894447,0.9108167290687561,585600
2015-03-31,0.9056281043514104,0.9056281043514104,0.8902595639228821,0.8902595639228821,2006400
2015-04-01,0.8808786576370624,0.8817772781249613,0.8654104736843075,0.8687041401863098,844800
2015-04-02,0.8680057141425154,0.8837728290461986,0.8680057141425154,0.8701009154319763,124800
2015-04-06,0.858225344905855,0.8902595639228821,0.8482465859812576,0.8902595639228821,1008000
2015-04-07,0.8740930479254932,0.8953486183146853,0.8740930479254932,0.8810788989067078,182400
2015-04-08,0.8912578470223992,0.8926546289031999,0.8864677548408508,0.8864677548408508,67200
2015-04-09,0.8819764830944511,0.9116157120034935,0.8819764830944511,0.9064261317253113,566400
2015-04-10,0.9142100263419841,0.9251869916915894,0.9121138543995047,0.9251869916915894,547200
2015-04-13,0.9279814810263433,0.9293782627257055,0.9103175401687622,0.9103175401687622,249600
2015-04-14,0.9157064546639259,0.9157064546639259,0.8864676853985455,0.8917559385299683,460800
2015-04-15,0.9032330613896467,0.9419523729256707,0.9032330613896467,0.933769941329956,585600
2015-04-16,0.9379612470209598,0.9379612470209598,0.9235909708949199,0.9271835684776306,316800
2015-04-17,0.9122144844727115,0.920097984627191,0.8923547267913818,0.8923547267913818,547200
2015-04-20,0.8980433343239258,0.9254867442580595,0.8980433343239258,0.9228914976119995,528000
2015-04-21,0.9254868626594543,0.9312742480029265,0.9223934543436813,0.9254868626594543,182400
2015-04-22,0.9337700194300628,0.9448466300964355,0.9304763526058024,0.9448466300964355,211200
2015-04-23,0.9006378601765183,0.9165055335614308,0.8976440381883377,0.913112223148346,153600
2015-04-24,0.9137109410347871,0.9137109410347871,0.8705004119142957,0.8801802396774292,787200
2015-04-27,0.8795815010669443,0.9024341114471536,0.8789827823638916,0.8789827823638916,384000
2015-04-28,0.8729950025324728,0.8909578741813604,0.8682049110397553,0.8857682943344116,268800
2015-04-29,0.8749904940018722,0.8881632731655911,0.8675064262897183,0.8807788491249084,336000
2015-04-30,0.8778847844957293,0.8859685425531137,0.860221756580649,0.8638143539428711,1056000
2015-05-01,0.8821757421433613,0.9157064414044149,0.8821757421433613,0.9152082800865173,451200
2015-05-04,0.9139099807059351,0.9181013531904441,0.9058271945884468,0.9120140671730042,1228800
2015-05-05,0.9089208095285025,0.9089208095285025,0.8721970576893322,0.875889241695404,604800
2015-05-06,0.8774862187426402,0.8782842247091648,0.8528363711850416,0.8678054213523865,374400
2015-05-07,0.8707993965920544,0.8871662020683289,0.8707993965920544,0.8871662020683289,201600
2015-05-08,0.8990417189041168,0.9079225697204154,0.8930540754069591,0.9070249199867249,249600
2015-05-11,0.8998396623960214,0.9053281734300762,0.895947277545929,0.895947277545929,76800
2015-05-12,0.8858689097453855,0.8951492486641552,0.8747913299338734,0.8853697776794434,460800
2015-05-13,0.8973450382597798,0.8981430442567057,0.8966466188430786,0.8966466188430786,67200
2015-05-14,0.9071244134716063,0.9310749278997114,0.9058272754781131,0.9226922392845154,489600
2015-05-15,0.9226923955487176,0.9310750855835789,0.918501079082489,0.918501079082489,278400
2015-05-18,0.9280812751423152,0.9485388398170471,0.9280812751423152,0.9485388398170471,624000
2015-05-19,0.9550254922044732,0.9550254922044732,0.9405555725097656,0.9405555725097656,259200
2015-05-20,0.920696656787558,0.9588172435760498,0.9205970131118713,0.9588172435760498,470400
2015-05-21,0.948439151541764,0.9485387952335962,0.9240891454804834,0.9456446170806885,662400
2015-05-22,0.9497362415177203,0.9646057062950681,0.9497362415177203,0.9582185745239258,547200
2015-05-26,0.9483395586486221,0.9483395586486221,0.932172954082489,0.932172954082489,153600
2015-05-27,0.9676989964098182,1.0180947157308935,0.9676989964098182,1.0117084980010986,1094400
2015-05-28,1.0079158730966487,1.0231848270566315,1.0064194475425068,1.0152015686035156,748800
2015-05-29,1.031966923345862,1.0404492565912888,1.0238831648587798,1.0293716192245483,393600
2015-06-01,1.0378540755701324,1.0477341625568892,1.0184944178840996,1.0258787870407104,384000
2015-06-02,0.9980368463031469,1.006618766611897,0.9979371455056283,1.0009310245513916,307200
2015-06-03,1.0030259307573948,1.0048222578606991,1.0030259307573948,1.0039246082305908,76800
2015-06-04,0.9929465227643215,0.9929465227643215,0.9622103645339343,0.9638074040412903,604800
2015-06-05,0.9570212860284689,0.9675001502037048,0.9570212860284689,0.9675001502037048,105600
2015-06-08,0.9305758828538584,0.9305758828538584,0.9214948311050701,0.9259859919548035,470400
2015-06-09,0.9181015457432277,0.9271835684776306,0.9054278961669374,0.9271835684776306,345600
2015-06-10,0.9172038979726388,0.9511340899547808,0.9172038979726388,0.9510335326194763,537600
2015-06-11,0.9486384313566193,0.9526304602622986,0.9455449658447288,0.9526304602622986,76800
2015-06-12,0.9271835622087898,0.9315741658210754,0.9271835622087898,0.9315741658210754,86400
2015-06-15,0.9179021660083442,0.9308756589889526,0.906126224468949,0.9308756589889526,364800
2015-06-16,0.932871272524877,0.943350076675415,0.929079444817177,0.943350076675415,211200
2015-06-17,0.938858857496666,0.944746799703164,0.9330705018679487,0.940754771232605,240000
2015-06-18,0.9472416153108485,0.9691965756725488,0.9472416153108485,0.9628094434738159,192000
2015-06-19,0.9675996563984586,0.9708933234214783,0.9571218209375031,0.9708933234214783,278400
2015-06-22,0.9770798610297683,0.9770798610297683,0.9678991676251849,0.9754828214645386,240000
2015-06-23,0.9615122283622802,0.9615122283622802,0.9541278032837969,0.9576197862625122,115200
2015-06-24,0.9588173831408671,0.9613129864853341,0.9418527165470906,0.9425511360168457,441600
2015-06-25,0.9570209874046434,0.9570209874046434,0.944048464814572,0.9470422863960266,249600
2015-06-26,0.9376613801825081,0.9376613801825081,0.8796810878538356,0.890060305595398,873600
2015-06-29,0.873494122478205,0.873494122478205,0.833975839658946,0.8363708853721619,1008000
2015-06-30,0.8523382408531874,0.8561300684113924,0.8410613740178748,0.8457518219947815,1651200
2015-07-01,0.8552313656286383,0.8642127723493584,0.8457517405436756,0.8475480675697327,249600
2015-07-02,0.8602215382581988,0.8664084672927856,0.8602215382581988,0.8664084672927856,67200
2015-07-06,0.8482464667902353,0.8496432484451308,0.830184008888612,0.8338761925697327,374400
2015-07-07,0.828587072636072,0.8329776762442604,0.7783906931691648,0.8221999406814575,1276800
2015-07-08,0.7868731721442123,0.7890689884359173,0.7783908938103242,0.7794888019561768,528000
2015-07-09,0.8089275830891729,0.8089275830891729,0.7551386053649969,0.7579331398010254,1036800
2015-07-10,0.7865739881689441,0.786972505770793,0.774398501695032,0.7813844084739685,115200
2015-07-13,0.7901665487641487,0.8087281376225525,0.784678038294315,0.8040376901626587,480000
2015-07-14,0.8126196991849797,0.8203039687357222,0.8079292512012719,0.8162122964859009,1180800
2015-07-15,0.8227987918645561,0.8232979239969064,0.7999461805048552,0.8074312210083008,2140800
2015-07-16,0.81651204103298,0.8294845619695875,0.7951558614165994,0.8149150013923645,537600
2015-07-17,0.8121206346694481,0.8123208927920273,0.7883703753664258,0.8023411631584167,1536000
2015-07-20,0.8081295306968665,0.8108235078394438,0.7911640072134692,0.7914638519287109,345600
2015-07-21,0.7933596239081459,0.7983490025312876,0.7883702452850041,0.7897670269012451,211200
2015-07-22,0.7818835299066115,0.7818835299066115,0.7334834279164862,0.7468554377555847,1574400
2015-07-23,0.7575336547304633,0.7833800862257098,0.7575336547304633,0.7634216547012329,201600
2015-07-24,0.759928709491738,0.759928709491738,0.7360778924657465,0.7384729385375977,441600
2015-07-27,0.7324852231847417,0.7324852231847417,0.7110303679668876,0.7314879298210144,912000
2015-07-28,0.7292920893705913,0.7701075077056885,0.7292920893705913,0.7701075077056885,518400
2015-07-29,0.7693096603225187,0.7693096603225187,0.7566360105294675,0.7624233961105347,691200
2015-07-30,0.7629225574230736,0.7662162241170217,0.7552382868439371,0.7652179598808289,230400
2015-07-31,0.7684108388267421,0.7684108388267421,0.7478536367416382,0.7478536367416382,240000
2015-08-03,0.7442612514843838,0.7491509870354786,0.7376748323440552,0.7376748323440552,144000
2015-08-04,0.7300902688091192,0.7362781137335684,0.7217075787759525,0.7337834239006042,508800
2015-08-05,0.7348802799320043,0.7594295144081116,0.7348802799320043,0.7594295144081116,105600
2015-08-06,0.7422655501162743,0.7486517099050152,0.7220072787533856,0.7334833741188049,873600
2015-08-07,0.7244024327294782,0.7289932370185852,0.7208098354379566,0.7289932370185852,499200
2015-08-10,0.7357789552023678,0.7752972436068766,0.7357789552023678,0.774499237537384,873600
2015-08-11,0.7668147221587137,0.7668147221587137,0.7359780073165894,0.7359780073165894,153600
2015-08-12,0.7326856961926035,0.7519457122257894,0.7135252667690072,0.7502490282058716,384000
2015-08-13,0.7546393487628901,0.7582319457721108,0.7379746437072754,0.7379746437072754,480000
2015-08-14,0.7274959291510068,0.7282939923448296,0.7224069629351021,0.7241026759147644,307200
2015-08-17,0.7379746437072754,0.7379746437072754,0.7379746437072754,0.7379746437072754,28800
2015-08-18,0.7369763766900764,0.7369763766900764,0.7170179486274719,0.7170179486274719,86400
2015-08-19,0.7175163067546079,0.7175163067546079,0.6891752397661763,0.7051425576210022,892800
2015-08-20,0.688576204268389,0.688576204268389,0.6486584386053214,0.6511540412902832,960000
2015-08-21,0.6441682838738536,0.6466629732746222,0.6149286031723022,0.6149286031723022,652800
2015-08-24,0.580500398976372,0.6442680858864814,0.5189275002317256,0.5997604131698608,1017600
2015-08-25,0.6057479860772899,0.6587379918847371,0.5744121837266798,0.5766079425811768,1939200
2015-08-26,0.6087416318751718,0.6306956166104637,0.5887822907394307,0.623510479927063,691200
2015-08-27,0.6485589251321059,0.6769009578634924,0.6485589251321059,0.6671205163002014,1372800
2015-08-28,0.6602353534102898,0.6926680912844375,0.6602353534102898,0.6911707520484924,844800
2015-08-31,0.6824891363371365,0.7085347970499739,0.6734080275230825,0.6922685503959656,2342400
2015-09-01,0.685383209925525,0.685383209925525,0.6375818848609924,0.6375818848609924,412800
2015-09-02,0.6469626222974851,0.674305467397439,0.6469626222974851,0.6676194071769714,316800
2015-09-03,0.6909714018661419,0.7064395851499922,0.6737069484249922,0.6886759996414185,739200
2015-09-04,0.6827880985078878,0.6827880985078878,0.6595369691254662,0.6695157289505005,326400
2015-09-08,0.7045436140416066,0.7215082214080674,0.6983557702070267,0.7207101583480835,1104000
2015-09-09,0.7375750879541412,0.7410680412400167,0.7010506281993943,0.7064394950866699,393600
2015-09-10,0.7023477940942292,0.7191131711006165,0.7023477940942292,0.7191131711006165,86400
2015-09-11,0.6996540646621907,0.709833025932312,0.6900738792555845,0.709833025932312,182400
2015-09-14,0.711728786209264,0.7180153032901772,0.7060400741216301,0.7105312347412109,307200
2015-09-15,0.7180153249151076,0.7305893301963806,0.7180153249151076,0.7305893301963806,96000
2015-09-16,0.736477451109357,0.736477451109357,0.7167183048566286,0.7271971106529236,384000
2015-09-17,0.7283944645655569,0.7339826193414565,0.7235038155690978,0.7314879298210144,364800
2015-09-18,0.7130258955787663,0.7130258955787663,0.6881768178209169,0.6897738575935364,1094400
2015-09-21,0.6987551788733191,0.7051423093349592,0.6843849062168611,0.6885762214660645,451200
2015-09-22,0.6736073805767367,0.6742061563973822,0.6569417010125274,0.6614328622817993,662400
2015-09-23,0.6676195798722832,0.6676195798722832,0.6566426157951355,0.6566426157951355,240000
2015-09-24,0.6486586775619068,0.6569417243408353,0.6236112205649125,0.6515528559684753,902400
2015-09-25,0.6690164296622683,0.6717113199841096,0.654646098613739,0.654646098613739,230400
2015-09-28,0.6500563717565143,0.6500563717565143,0.6335899233818054,0.6335899233818054,355200
2015-09-29,0.6482601290000753,0.648658703818471,0.6397778515790753,0.640376627445221,422400
2015-09-30,0.688576262141234,0.6893742680549622,0.6822897457151764,0.6893742680549622,172800
2015-10-01,0.6536487632683408,0.6663224101066589,0.6504547411372759,0.6663224101066589,67200
2015-10-02,0.6796944076930871,0.6815903782844543,0.6796944076930871,0.6815903782844543,38400
2015-10-05,0.7185144975593656,0.7282939691062549,0.7160198078270227,0.7279950380325317,489600
2015-10-06,0.725400834792713,0.7255004213915851,0.7085348963737488,0.7085348963737488,297600
2015-10-07,0.7356793281819888,0.7566360244362039,0.7298909717536934,0.7480531334877014,508800
2015-10-08,0.7484526112335251,0.7484526112335251,0.7372753869504708,0.7384729385375977,192000
2015-10-09,0.7472548436644226,0.7546392671306681,0.7456578612327576,0.7456578612327576,172800
2015-10-12,0.7439621597836802,0.7490511816093441,0.7439621597836802,0.7458580732345581,57600
2015-10-13,0.734880268573761,0.734880268573761,0.734880268573761,0.734880268573761,19200
2015-10-14,0.7297913474209071,0.7791886925697327,0.7240029912919572,0.7791886925697327,604800
2015-10-15,0.7884699831494102,0.7982494542150723,0.7804868393529824,0.7920625805854797,528000
2015-10-16,0.7982494229685659,0.7982494229685659,0.7783906369171917,0.7952556014060974,211200
2015-10-19,0.7983489372637025,0.8003454080398834,0.7919627775464089,0.8002458214759827,240000
2015-10-20,0.7933596436657966,0.7952555573397008,0.7890686842951103,0.7919628620147705,316800
2015-10-21,0.8051357694386158,0.8140175342559814,0.8051357694386158,0.8140175342559814,115200
2015-10-22,0.8226991010693692,0.8512404238052707,0.8226991010693692,0.8459511995315552,364800
2015-10-23,0.8679061937779419,0.8781847409076119,0.8482466351225625,0.8716980218887329,777600
2015-10-26,0.8780848734698367,0.8780848734698367,0.8462499481026219,0.8468486666679382,355200
2015-10-27,0.8382669868158134,0.8400632572274591,0.8307829169670697,0.8318798542022705,182400
2015-10-28,0.8457518225279784,0.8531362473865509,0.8449528457912179,0.8487456440925598,240000
2015-10-29,0.8320800300334442,0.8320800300334442,0.8183084726333618,0.8183084726333618,451200
2015-10-30,0.8183082690403394,0.8284872263376054,0.8183082690403394,0.8265913128852844,201600
2015-11-02,0.8295853979718621,0.8426575660705566,0.8295853979718621,0.8426575660705566,144000
2015-11-03,0.8332774618428016,0.8536353799718227,0.8332774618428016,0.8517394661903381,316800
2015-11-04,0.8512403484329708,0.8522376418113708,0.8492438201946438,0.8522376418113708,86400
2015-11-05,0.8522377023070407,0.8522377023070407,0.8342748284339905,0.8342748284339905,76800
2015-11-06,0.846549967897139,0.8683046698570251,0.846549967897139,0.8683046698570251,1017600
2015-11-09,0.8716978109056108,0.8716978109056108,0.8395638970109764,0.8475480675697327,547200
2015-11-10,0.83327749491173,0.83327749491173,0.8139169264784282,0.818507730960846,393600
2015-11-11,0.8219009032642858,0.8321795046963864,0.8189070820808411,0.8189070820808411,374400
2015-11-12,0.8083288624612595,0.8150148689258901,0.7968527636020878,0.7977504134178162,480000
2015-11-13,0.791163890095966,0.8047361013049147,0.783480534574686,0.787970781326294,220800
2015-11-16,0.7897670005138829,0.8015429980596339,0.7893675121912171,0.7989477515220642,124800
2015-11-17,0.8083287865800666,0.8190068783188511,0.8030395625548663,0.8186073899269104,153600
2015-11-18,0.8264907551575957,0.8489448428153992,0.8264907551575957,0.8489448428153992,614400
2015-11-19,0.8399635483944888,0.8694025777480073,0.8391655423209217,0.8683046698570251,336000
2015-11-20,0.871398057367652,0.8716979591778621,0.8692032694816589,0.8692032694816589,345600
2015-11-23,0.8689034513914501,0.8689034513914501,0.8480463990594721,0.8549326062202454,288000
2015-11-24,0.8487458011206795,0.867705970274658,0.8487458011206795,0.8675066828727722,211200
2015-11-25,0.8692033956013391,0.8798814890409374,0.8692033956013391,0.8732950687408447,211200
2015-11-27,0.8732950687408447,0.8732950687408447,0.8732950687408447,0.8732950687408447,0
2015-11-30,0.8881634990349474,0.899241080102561,0.8807790731163273,0.8951493501663208,3225600
2015-12-01,0.8996405612372013,0.9171043038368225,0.8988415843922214,0.9171043038368225,1766400
2015-12-02,0.9197980577873134,0.9208959655219339,0.8962470889091492,0.8962470889091492,374400
2015-12-03,0.9037312145139472,0.9037312145139472,0.8881633877754211,0.8881633877754211,115200
2015-12-04,0.9094200266446036,0.9266844817267899,0.9094200266446036,0.918501079082489,787200
2015-12-07,0.920597148812187,0.920597148812187,0.9081227866205127,0.9096192121505737,259200
2015-12-08,0.8879640356451173,0.9012364592250053,0.8843714956458699,0.9011368155479431,720000
2015-12-09,0.8751908313785656,0.8803794980049133,0.8751908313785656,0.8803794980049133,67200
2015-12-10,0.8908581137657166,0.8908581137657166,0.8908581137657166,0.8908581137657166,28800
2015-12-11,0.8790824445249876,0.8790824445249876,0.8602218627929688,0.8602218627929688,652800
2015-12-14,0.8706996280405703,0.8706996280405703,0.8367704118010798,0.8526371121406555,268800
2015-12-15,0.8734944142466023,0.8907588720321655,0.8655112113812689,0.8907588720321655,489600
2015-12-16,0.8656105075133883,0.900239109992981,0.8656105075133883,0.900239109992981,192000
2015-12-17,0.9011368201033866,0.9011368201033866,0.8791818632407918,0.885169506072998,163200
2015-12-18,0.8552315246829231,0.8592236107047415,0.8402624726295471,0.8402624726295471,153600
2015-12-21,0.8561301278703759,0.8607209324836731,0.8479467257118576,0.8607209324836731,403200
2015-12-22,0.8823182379860766,0.8824181237154747,0.8686131717782878,0.8715143799781799,297600
2015-12-23,0.8883202784391461,0.8883202784391461,0.8854190707206726,0.8854190707206726,86400
2015-12-24,0.8809179541504484,0.8965235948562622,0.8809179541504484,0.8965235948562622,76800
2015-12-28,0.879717421286607,0.8798173069953918,0.879717421286607,0.8798173069953918,76800
2015-12-29,0.9006251800629423,0.9155297886089357,0.9006251800629423,0.9104284048080444,844800
2015-12-30,0.9074274091636797,0.9074274091636797,0.8876202702522278,0.8876202702522278,12489600
2015-12-31,0.8903205996677467,0.8903205996677467,0.8650116230874266,0.866512656211853,12633600
2016-01-04,0.8420036916104436,0.8420036916104436,0.8140931624484438,0.8252975344657898,595200
2016-01-05,0.8376025682280283,0.8403030890934176,0.8247973322868347,0.8247973322868347,249600
2016-01-06,0.805290626144443,0.805290626144443,0.7725783704785336,0.7749792337417603,969600
2016-01-07,0.766576234586249,0.766576234586249,0.731364200706888,0.738166332244873,624000
2016-01-08,0.7402667978985169,0.7402667978985169,0.7078551054000854,0.7078551054000854,787200
2016-01-11,0.7173584718245508,0.727462269484246,0.7060542138898666,0.7182592749595642,441600
2016-01-12,0.7262619710035279,0.7292630076408386,0.7234605913394172,0.7292630076408386,144000
2016-01-13,0.7445689040076517,0.7445689040076517,0.6861472129821777,0.6861472129821777,998400
2016-01-14,0.6811457719717062,0.7094557881355286,0.6786450228716404,0.7094557881355286,259200
2016-01-15,0.6473340411156291,0.6551368057238466,0.6265262108981725,0.6307277083396912,547200
2016-01-19,0.6673408051750265,0.6673408051750265,0.6263263537257893,0.6370294094085693,691200
2016-01-20,0.6203242474546168,0.6450330018997192,0.6085196997066358,0.6450330018997192,403200
2016-01-21,0.6468335481355106,0.6751435633980485,0.6468335481355106,0.6580369472503662,345600
2016-01-22,0.6787448741381362,0.6953511455478244,0.668240617973701,0.6692412495613098,892800
2016-01-25,0.6692414337663293,0.6778442575936968,0.6581379175186157,0.6581379175186157,288000
2016-01-26,0.6668403748843664,0.6802449226379395,0.6668403748843664,0.6802449226379395,182400
2016-01-27,0.6741430343182736,0.6867475839785312,0.6555363535881042,0.6555363535881042,700800
2016-01-28,0.6759437701513699,0.6836467068350833,0.6646395087930944,0.6674408316612244,240000
2016-01-29,0.6702419515408381,0.7182592749595642,0.6702419515408381,0.7182592749595642,297600
2016-02-01,0.7166584848489992,0.726862170056928,0.7112565843634252,0.7174584865570068,470400
2016-02-02,0.69925230672892,0.69925230672892,0.6682408452033997,0.6682408452033997,336000
2016-02-03,0.658337613802824,0.6699414732772457,0.6362294964724948,0.6668404936790466,518400
2016-02-04,0.6786451454051038,0.6846472763273524,0.6774446848759889,0.6817461252212524,124800
2016-02-05,0.6482338540892864,0.6498347161576341,0.6439324710261763,0.6440322995185852,326400
2016-02-08,0.6213236947532559,0.6237245575588996,0.6028169080121772,0.6138215065002441,960000
2016-02-09,0.6075189343745911,0.6275267602138191,0.603117666039489,0.6252257823944092,883200
2016-02-10,0.6252257823944092,0.6252257823944092,0.6252257823944092,0.6252257823944092,0
2016-02-11,0.5892128196945602,0.6004162197253833,0.5615029750624977,0.5926133990287781,969600
2016-02-12,0.6041182830494239,0.6202232941523147,0.5948144299155013,0.6136208772659302,144000
2016-02-16,0.6299276332330674,0.6516352891921997,0.6299276332330674,0.6516352891921997,144000
2016-02-17,0.6584374751708248,0.6807453631307542,0.6584374751708248,0.6777442693710327,844800
2016-02-18,0.6759435653423991,0.6806454062461853,0.6759435653423991,0.6806454062461853,76800
2016-02-19,0.676244161209951,0.6778441071510315,0.676244161209951,0.6778441071510315,48000
2016-02-22,0.7041536839466347,0.7041536839466347,0.6888486742973328,0.6888486742973328,96000
2016-02-23,0.6828465458539402,0.6828465458539402,0.6685412507161266,0.6722424030303955,480000
2016-02-24,0.6652396926795674,0.6714425683021545,0.6601383077329007,0.6714425683021545,48000
2016-02-25,0.697051082655049,0.7012525796890259,0.697051082655049,0.7012525796890259,76800
2016-02-26,0.7111565935329927,0.7180586106832713,0.7092560745873844,0.7154579758644104,1708800
2016-02-29,0.7277628889987819,0.730263638180831,0.714257538318634,0.714257538318634,115200
2016-03-01,0.733564493238368,0.743267834186554,0.7334646075044619,0.743267834186554,422400
2016-03-02,0.7522708696129213,0.754671732811619,0.7522708696129213,0.7523717284202576,105600
2016-03-03,0.7625752791373013,0.7635750519839549,0.7573730945587158,0.7573730945587158,115200
2016-03-04,0.7702775719375972,0.7781811952590942,0.7702775719375972,0.7781811952590942,86400
2016-03-07,0.7660760384972201,0.784682776556581,0.7618745410042816,0.7767800688743591,691200
2016-03-08,0.7625754712905694,0.7803812893630918,0.7452690818385138,0.7558723092079163,499200
2016-03-09,0.7553728935049747,0.7553728935049747,0.745368980309057,0.7524716854095459,240000
2016-03-10,0.7734791014065007,0.7735789871086038,0.7415677661253801,0.7621748447418213,355200
2016-03-11,0.7852829928245629,0.7965871960410221,0.7852829928245629,0.7955874800682068,153600
2016-03-14,0.800489080452313,0.800489080452313,0.7885846471583375,0.7922857999801636,163200
2016-03-15,0.7779801957247829,0.7779801957247829,0.7748792171478271,0.7748792171478271,105600
2016-03-16,0.7748792171478271,0.7748792171478271,0.7748792171478271,0.7748792171478271,0
2016-03-17,0.7752799213579473,0.8042900562286377,0.7752799213579473,0.8042900562286377,624000
2016-03-18,0.8072911349208701,0.8272980451583862,0.8072911349208701,0.8272980451583862,144000
2016-03-21,0.8190956335004103,0.8252975344657898,0.8110920690567127,0.8252975344657898,211200
2016-03-22,0.8262984018065457,0.8305997848510742,0.8262984018065457,0.8305997848510742,86400
2016-03-23,0.8188949252356732,0.8188949252356732,0.8047903180122375,0.8047903180122375,172800
2016-03-24,0.7918853290541318,0.7974879741668701,0.7918853290541318,0.7974879741668701,48000
2016-03-28,0.7965870752366562,0.8029897212982178,0.7965870752366562,0.8029897212982178,57600
2016-03-29,0.8034899589691661,0.8034899589691661,0.7902851829602644,0.796387255191803,48000
2016-03-30,0.8139932784103573,0.8474056500094501,0.8139932784103573,0.8389027714729309,633600
2016-03-31,0.8312998509036031,0.831399679389584,0.8290987014770508,0.8290987014770508,153600
2016-04-01,0.8290987014770508,0.8290987014770508,0.8290987014770508,0.8290987014770508,0
2016-04-04,0.8233971479288711,0.8259977830349505,0.8202961683273315,0.8202961683273315,115200
2016-04-05,0.814994205254877,0.814994205254877,0.8095922470092773,0.8095922470092773,115200
2016-04-06,0.807391046809144,0.8202961683273315,0.807391046809144,0.8202961683273315,96000
2016-04-07,0.7974879741668701,0.7974879741668701,0.7974879741668701,0.7974879741668701,19200
2016-04-08,0.8162944916701791,0.823297311588034,0.8040904012281594,0.8102923035621643,3052800
2016-04-11,0.8232971436557008,0.8340011714367772,0.811292827129364,0.811292827129364,1574400
2016-04-12,0.827698470267299,0.827698470267299,0.789484368857626,0.8096919655799866,2198400
2016-04-13,0.8150938606098547,0.8455051390966787,0.8150938606098547,0.8411028981208801,1190400
2016-04-14,0.8413036674207498,0.8413036674207498,0.8214965303627946,0.8369014263153076,902400
2016-04-15,0.8424043294186739,0.8424043294186739,0.8229966759681702,0.8229966759681702,480000
2016-04-18,0.82439780247326,0.8263982072727373,0.8131934291236248,0.8220968246459961,1507200
2016-04-19,0.819895661389021,0.8291995155046947,0.7993884072125494,0.8120928406715393,624000
2016-04-20,0.809291470071764,0.83250015939439,0.8039903720012793,0.8294990658760071,816000
2016-04-21,0.815994584810485,0.8222963709499649,0.8079910782904088,0.8191954493522644,585600
2016-04-22,0.8213967549141955,0.8308994080701281,0.806890713972472,0.8210961818695068,892800
2016-04-25,0.8208964109367175,0.8208964109367175,0.8035900206233697,0.8037897348403931,355200
2016-04-26,0.8083917931137559,0.8348012951467616,0.8083917931137559,0.8163943290710449,3580800
2016-04-27,0.8225970966637904,0.8354014158248901,0.8002882933416541,0.8354014158248901,307200
2016-04-28,0.8473056898719901,0.8473056898719901,0.7931863567161882,0.799788773059845,508800
2016-04-29,0.8002882641177441,0.8002882641177441,0.741867483230347,0.7501706480979919,1161600
2016-05-02,0.7481700905433956,0.766976535320282,0.7481700905433956,0.766976535320282,595200
2016-05-03,0.7541724903211448,0.7557724364081807,0.7449685215481932,0.7524716854095459,460800
2016-05-04,0.7396664656292128,0.7521711284265573,0.7313642730253747,0.7391670942306519,1728000
2016-05-05,0.738666722993879,0.7473693740520948,0.7375661483111,0.7401667833328247,432000
2016-05-06,0.7268619567581269,0.7407668478484202,0.7202595977191604,0.7404671907424927,5068800
2016-05-09,0.7388664830132973,0.7488703959058246,0.7354649305343628,0.7354649305343628,1200000
2016-05-10,0.7348647897575993,0.7601746901657287,0.7348647897575993,0.7599740028381348,1209600
2016-05-11,0.7483701221678674,0.7626754190128981,0.7483701221678674,0.7537720799446106,240000
2016-05-12,0.7496702413747016,0.7496702413747016,0.7234604601424311,0.731263279914856,278400
2016-05-13,0.7398671124816305,0.7502705682338403,0.734264467929202,0.7384659647941589,422400
2016-05-16,0.7387665605022389,0.7686774961099465,0.7387665605022389,0.7635751962661743,345600
2016-05-17,0.7596742139153442,0.7596742139153442,0.7447686889988848,0.7462687492370605,144000
2016-05-18,0.7602743497339147,0.7772801629414754,0.7577736009148259,0.7630747556686401,412800
2016-05-19,0.7502706414119592,0.7537720799446106,0.747769891916872,0.7537720799446106,163200
2016-05-20,0.7647756198591499,0.8033901800911157,0.7647756198591499,0.8006887435913086,2313600
2016-05-23,0.8012890425030978,0.8183956613548551,0.8012890425030978,0.8127930164337158,230400
2016-05-24,0.8142938821739331,0.8489056825637817,0.8142938821739331,0.8489056825637817,297600
2016-05-25,0.8578092109726841,0.8615103634277848,0.851206850471769,0.8559086918830872,355200
2016-05-26,0.8637113811420619,0.871214543731474,0.8604106307029724,0.8604106307029724,912000
2016-05-27,0.876415838624912,0.8766165831602335,0.867013129444823,0.8673127293586731,748800
2016-05-31,0.8895209233882214,0.8895209233882214,0.8694141815134341,0.8803179264068604,192000
2016-06-01,0.8731150163548417,0.8889204263687134,0.8731150163548417,0.8889204263687134,326400
2016-06-02,0.8808180576017322,0.8835185781173213,0.8742156976494323,0.8814182877540588,2025600
2016-06-03,0.890220834399914,0.8994248023604164,0.8788166903341219,0.8912215232849121,441600
2016-06-06,0.8891204490178918,0.8966236710548401,0.8841189497258479,0.8966236710548401,134400
2016-06-07,0.8965235570985125,0.9068271261322318,0.8931220049586661,0.9027254581451416,422400
2016-06-08,0.9108289849709982,0.9108289849709982,0.892621791667907,0.8977240920066833,240000
2016-06-09,0.8821185682792203,0.893422771362197,0.8812177649538026,0.8880208134651184,144000
2016-06-10,0.8781166657980353,0.8855190277099609,0.8775164356152434,0.8855190277099609,115200
2016-06-13,0.8706144426416876,0.8951225068356875,0.8706144426416876,0.8753153681755066,163200
2016-06-14,0.8703138353027945,0.8787168860435486,0.861810956083407,0.8787168860435486,355200
2016-06-15,0.8708142140890305,0.8753153681755066,0.8708142140890305,0.8753153681755066,57600
2016-06-16,0.8452046721951993,0.8703138828277588,0.8445045562612308,0.8703138828277588,268800
2016-06-17,0.8663120865821838,0.8663120865821838,0.8663120865821838,0.8663120865821838,19200
2016-06-20,0.873015293211365,0.8909209966659546,0.873015293211365,0.8909209966659546,38400
2016-06-21,0.8800170421600342,0.8800170421600342,0.8800170421600342,0.8800170421600342,38400
2016-06-22,0.885738730430603,0.885738730430603,0.885738730430603,0.885738730430603,48000
2016-06-23,0.906977726618276,0.9245100021362305,0.9046733163169645,0.9245100021362305,259200
2016-06-24,0.8626955876609127,0.8761211097092779,0.8253266215324402,0.8253266215324402,710400
2016-06-27,0.8138053985530904,0.8138053985530904,0.7731298443360879,0.773530900478363,556800
2016-06-28,0.8001798916426409,0.8151077107992801,0.7968742739927589,0.8142064809799194,441600
2016-06-29,0.8294344317129231,0.8549811840057373,0.8280321681888037,0.8549811840057373,345600
2016-06-30,0.8378497674862941,0.8837342858314514,0.8345431759420565,0.8837342858314514,278400
2016-07-01,0.8772223601449022,0.8772223601449022,0.8612933324171719,0.8720133304595947,537600
2016-07-05,0.8365475695700915,0.8461653492993582,0.8308365327464932,0.8378498554229736,259200
2016-07-06,0.8278309646004154,0.8472675681114197,0.8278309646004154,0.8472675681114197,86400
2016-07-07,0.8594900089486172,0.8770222868051356,0.8594900089486172,0.8680055737495422,153600
2016-07-08,0.885838886287747,0.9168956875801086,0.885838886287747,0.9168956875801086,412800
2016-07-11,0.9202021807683514,0.9351299414428398,0.9202021807683514,0.9316232800483704,441600
2016-07-12,0.9379344454730032,0.958473265171051,0.9379344454730032,0.958473265171051,182400
2016-07-13,0.9613779388720658,0.966888964176178,0.9557678533839865,0.966888964176178,211200
2016-07-14,0.9588733824910961,0.9766066444962165,0.9588733824910961,0.9726989269256592,76800
2016-07-15,0.9759056457837932,0.9759056457837932,0.9662878647449298,0.9673891067504883,134400
2016-07-18,0.9680909441539635,0.9871255159378052,0.9680909441539635,0.9871255159378052,211200
2016-07-19,0.9757044924332646,0.9818156106126146,0.9756044003867632,0.9778088331222534,134400
2016-07-20,0.9919344618048248,1.0063612461090088,0.9919344618048248,1.0063612461090088,86400
2016-07-21,0.9964433054043667,1.0013522873412313,0.9814155101776123,0.9814155101776123,163200
2016-07-22,0.980212991241522,1.0067620277404785,0.9799120272546081,1.0067620277404785,259200
2016-07-25,1.0018534647383648,1.0170813315999192,1.0018534647383648,1.0126734972000122,403200
2016-07-26,1.0273999511954113,1.081701086218034,1.0243944383537387,1.0679755210876465,451200
2016-07-27,1.1091511182552407,1.1091511182552407,1.070579913815822,1.0801976919174194,422400
2016-07-28,1.074086733137665,1.074086733137665,1.0636677586217516,1.0691778659820557,307200
2016-07-29,1.074286982889203,1.074286982889203,1.0519458149429095,1.0637680292129517,691200
2016-08-01,1.0637679100667339,1.0717823828232713,1.051244594135129,1.0529478788375854,364800
2016-08-02,1.052947649359861,1.052947649359861,1.0194853812483695,1.035915493965149,316800
2016-08-03,1.0247959706110197,1.031909273211448,1.0247959706110197,1.0285027027130127,96000
2016-08-04,1.0285027027130127,1.0285027027130127,1.0285027027130127,1.0285027027130127,0
2016-08-05,1.071982596555813,1.0880125761032104,1.0651702593999852,1.0880125761032104,211200
2016-08-08,1.1062457280478684,1.1062457280478684,1.0714822584641133,1.07869553565979,355200
2016-08-09,1.0897157796789412,1.0942235912473346,1.0897157796789412,1.0916191339492798,240000
2016-08-10,1.0852070418108526,1.0852070418108526,1.061263597177261,1.0681759119033813,566400
2016-08-11,1.077893830294525,1.0795971155166626,1.0761905450723872,1.0795971155166626,105600
2016-08-12,1.080297905448133,1.0917189465701689,1.080297905448133,1.084004521369934,115200
2016-08-15,1.0969293938801448,1.1177682667542845,1.0969293938801448,1.1159648895263672,326400
2016-08-16,1.1020380346830667,1.1119568933922415,1.0992335081100464,1.0992335081100464,528000
2016-08-17,1.1032403359587795,1.1032403359587795,1.095025793441927,1.100335717201233,67200
2016-08-18,1.1060458301859857,1.112056971883522,1.1039424064017633,1.1085503101348877,240000
2016-08-19,1.1259826291629393,1.1395081281661987,1.1259826291629393,1.1395081281661987,96000
2016-08-22,1.16615674424175,1.16615674424175,1.1270845043547129,1.1278856992721558,192000
2016-08-23,1.154935870146034,1.15764133665005,1.1504280587065119,1.1544357538223267,201600
2016-08-24,1.142212685367292,1.142212685367292,1.1180682528147279,1.1213748455047607,547200
2016-08-25,1.1325945323485465,1.138605672825785,1.126583506524276,1.1311923265457153,153600
2016-08-26,1.1464204728079403,1.1611481088385884,1.1353002786636353,1.1353002786636353,115200
2016-08-29,1.1611478410176475,1.1621491054063782,1.1564390435316545,1.1579413414001465,182400
2016-08-30,1.1603460193174384,1.167459320675137,1.1482237577438354,1.1482237577438354,230400
2016-08-31,1.1474225693859261,1.1565392017364502,1.136001411974149,1.1565392017364502,115200
2016-09-01,1.172469105509356,1.172469105509356,1.1555369243190583,1.16214919090271,182400
2016-09-02,1.1721680475240306,1.1725691036503796,1.156840205192566,1.156840205192566,153600
2016-09-06,1.1637529038535805,1.177879531581464,1.149927240299525,1.166758418083191,912000
2016-09-07,1.162149391854219,1.1650549281411122,1.1439160108566284,1.1439160108566284,172800
2016-09-08,1.157140443771943,1.157140443771943,1.132093808078837,1.148724913597107,403200
2016-09-09,1.1310922495076507,1.1310922495076507,1.0680755376815796,1.0680755376815796,2793600
2016-09-12,1.0520455240496231,1.1145612001419067,1.0419267119064244,1.1145612001419067,537600
2016-09-13,1.1037414264510172,1.1037414264510172,1.0871113538742065,1.0871113538742065,144000
2016-09-14,1.105945395800161,1.1116554563823091,1.1000342339538105,1.1065465211868286,124800
2016-09-15,1.1170658052570381,1.16214919090271,1.1170658052570381,1.16214919090271,288000
2016-09-16,1.1800824541987462,1.1813846826553345,1.1559379141198582,1.1813846826553345,268800
2016-09-19,1.2022239637145202,1.2022239637145202,1.1644539367310196,1.1751738786697388,278400
2016-09-20,1.1705646202184499,1.1711657457344142,1.1532333334799973,1.1533334255218506,211200
2016-09-21,1.1622504877028224,1.1794816881241708,1.1622504877028224,1.1705650091171265,288000
2016-09-22,1.1990179504455012,1.2080346040112828,1.1818857010097719,1.1870957612991333,259200
2016-09-23,1.1821870119770372,1.1821870119770372,1.1701648430783003,1.1722681522369385,86400
2016-09-26,1.1561380353927462,1.1648546426369346,1.139206886291504,1.139206886291504,172800
2016-09-27,1.1596447147792786,1.1736712455749512,1.1596447147792786,1.1736712455749512,86400
2016-09-28,1.1868958014212425,1.1868958014212425,1.1704647680369584,1.1827880144119263,230400
2016-09-29,1.1697635534822945,1.2054292296932358,1.1697635534822945,1.2049291133880615,643200
2016-09-30,1.2268692188584982,1.252315989406864,1.2268692188584982,1.2445014715194702,672000
2016-10-03,1.2650402491250134,1.2650402491250134,1.2172513977201926,1.2189546823501587,297600
2016-10-04,1.2179528117953367,1.2183538680121906,1.2078339960507218,1.2108395099639893,297600
2016-10-05,1.21665023831827,1.2455035764634526,1.21665023831827,1.237489104270935,211200
2016-10-06,1.2292739433608013,1.251214973671043,1.214847156138536,1.2431994676589966,163200
2016-10-07,1.2573258619551886,1.2573258619551886,1.238290371520547,1.247507095336914,316800
2016-10-10,1.2720524051722062,1.2720524051722062,1.2322790622711182,1.2322790622711182,124800
2016-10-11,1.183289204939108,1.1880982102193143,1.1598458774630842,1.1790814399719238,566400
2016-10-12,1.1789803780172101,1.1789803780172101,1.1621492058841143,1.1709657907485962,259200
2016-10-13,1.1521313012437282,1.1536335992605569,1.1187691180697326,1.143014669418335,393600
2016-10-14,1.1633513266823852,1.1937078781716814,1.1633513266823852,1.1769767999649048,297600
2016-10-17,1.1969135420302053,1.1969135420302053,1.1625502109527588,1.1625502109527588,144000
2016-10-18,1.1772780138989767,1.1968136205821667,1.1772780138989767,1.1931068897247314,163200
2016-10-19,1.1621494040209652,1.1621494040209652,1.1420126683851777,1.148724913597107,451200
2016-10-20,1.142112436357021,1.16214919090271,1.142112436357021,1.16214919090271,192000
2016-10-21,1.148724576959569,1.1701645669593996,1.14762230334389,1.1651545763015747,403200
2016-10-24,1.2005202561438877,1.2005202561438877,1.1842902108279134,1.1952102184295654,384000
2016-10-25,1.2068323561754652,1.2068323561754652,1.1875967979431152,1.1875967979431152,115200
2016-10-26,1.1821870545813071,1.1831883192062378,1.1799826214032998,1.1831883192062378,163200
2016-10-27,1.2222602279803545,1.2222602279803545,1.196312427520752,1.196312427520752,86400
2016-10-28,1.183890136865487,1.1963125576845552,1.1721680164337158,1.1721680164337158,662400
2016-10-31,1.1782792929173924,1.1841904572777684,1.177778259337959,1.1830881834030151,172800
2016-11-01,1.1821870483915262,1.1821870483915262,1.125782589468764,1.149927020072937,364800
2016-11-02,1.157140479363789,1.162149439766879,1.1372038125991821,1.1372038125991821,249600
2016-11-03,1.1372038125991821,1.1372038125991821,1.1372038125991821,1.1372038125991821,0
2016-11-04,1.118769260965761,1.127084813471402,1.1161648035049438,1.1161648035049438,96000
2016-11-07,1.1261836631440967,1.188198208808899,1.1261836631440967,1.188198208808899,537600
2016-11-08,1.1835892308177562,1.2035258941142772,1.1528324215339991,1.1845914125442505,182400
2016-11-09,1.1320936724883546,1.182186937874913,1.1320936724883546,1.1763758659362793,384000
2016-11-10,1.1371038780602316,1.1565395138935122,1.1170661992238273,1.133296251296997,547200
2016-11-11,1.1498270172024487,1.2063315669402577,1.1471215505005508,1.2062314748764038,422400
2016-11-14,1.1887992738863826,1.19681374737375,1.1807837685220823,1.186093807220459,192000
2016-11-15,1.2022235188706658,1.2348835636919757,1.2022235188706658,1.2290735244750977,835200
2016-11-16,1.2047281432155792,1.239192485958813,1.2047281432155792,1.2283724546432495,201600
2016-11-17,1.2523158705144317,1.26744467389628,1.2523158705144317,1.2553213834762573,259200
2016-11-18,1.2556227328950946,1.2731550102721003,1.2556227328950946,1.2729549407958984,336000
2016-11-21,1.287381721844001,1.2911884309059263,1.2708507076678797,1.2792662382125854,403200
2016-11-22,1.299904848232321,1.3276560306549072,1.299904848232321,1.3276560306549072,547200
2016-11-23,1.3404790886186224,1.3404790886186224,1.3219447494525314,1.3252513408660889,480000
2016-11-25,1.3245502213849423,1.3377747535705566,1.3200413786819714,1.3377747535705566,211200
2016-11-28,1.326052679397602,1.3373738589934807,1.3215448680269613,1.327354907989502,739200
2016-11-29,1.3174368393743654,1.3366723962738123,1.3160336017608643,1.3160336017608643,729600
2016-11-30,1.3362716196502158,1.3362716196502158,1.3043126728104686,1.3050137758255005,768000
2016-12-01,1.252316092301146,1.252316092301146,1.1614482086049163,1.1844913959503174,1132800
2016-12-02,1.1771770893258071,1.2119414806365967,1.17427247051049,1.2119414806365967,278400
2016-12-05,1.2222602432500798,1.2464056993992632,1.2222602432500798,1.2408946752548218,144000
2016-12-06,1.2346841090310052,1.2585284967048145,1.2346841090310052,1.2571252584457397,403200
2016-12-07,1.2573258367760913,1.3143314123153687,1.2573258367760913,1.3143314123153687,220800
2016-12-08,1.3345682942252586,1.35119939738972,1.3219450007495859,1.3373738527297974,364800
2016-12-09,1.3918750558386528,1.3918750558386528,1.3253516700457613,1.3287582397460938,854400
2016-12-12,1.3188394790546958,1.3250505755200965,1.3081194244238845,1.3161349296569824,240000
2016-12-13,1.3525013367502845,1.3719369623862283,1.3525013367502845,1.3619190454483032,259200
2016-12-14,1.3569092484566805,1.3672291618869377,1.3474924564361572,1.3474924564361572,537600
2016-12-15,1.3802529472192002,1.3973850856573542,1.363321795481367,1.3942794799804688,384000
2016-12-16,1.3978861956338988,1.3993884937868997,1.3446873220405067,1.3575106859207153,1036800
2016-12-19,1.370034111461203,1.393477439880371,1.370034111461203,1.393477439880371,201600
2016-12-20,1.4016926475064138,1.4152171119547152,1.4016926475064138,1.4108092784881592,345600
2016-12-21,1.4048857722229897,1.4184401456209557,1.4025763273239136,1.4025763273239136,163200
2016-12-22,1.4251669034691734,1.4261712248852725,1.4106091260910034,1.4106091260910034,268800
2016-12-23,1.4106091758701673,1.4201472997665405,1.4106091758701673,1.4201472997665405,288000
2016-12-27,1.4316925881287552,1.4633178461969525,1.4316925881287552,1.4552862644195557,873600
2016-12-28,1.445748243329327,1.445748243329327,1.4149258885351996,1.4155282974243164,355200
2016-12-29,1.4129184324670674,1.4129184324670674,1.3705493056482747,1.3969545364379883,460800
2016-12-30,1.4181384708617155,1.4181384708617155,1.3587027788162231,1.3587027788162231,249600
2017-01-03,1.3755698897668078,1.3931395956913957,1.3453489063457487,1.3535819053649902,384000
2017-01-04,1.3769751993618542,1.3769751993618542,1.3627182245254517,1.3627182245254517,451200
2017-01-05,1.3558911923030514,1.3727582978862325,1.3412333407859425,1.3513728380203247,288000
2017-01-06,1.3631200023045993,1.3703487947617152,1.36241740251321,1.3673367500305176,259200
2017-01-09,1.3781800354785552,1.40348063956283,1.3781800354785552,1.3880188465118408,288000
2017-01-10,1.4091027000764225,1.4091027000764225,1.397757349487747,1.4004687070846558,220800
2017-01-11,1.4113114890838172,1.4113114890838172,1.3997657587096297,1.4057897329330444,153600
2017-01-12,1.4296843372082,1.4296843372082,1.3547868465251145,1.3883205652236938,268800
2017-01-13,1.40739540624074,1.414423586126446,1.4013714326065843,1.4096044301986694,249600
2017-01-17,1.3905287738824053,1.3961517563063446,1.35940560810359,1.3630200624465942,182400
2017-01-18,1.3812924251834615,1.4045853082095203,1.3658306304110992,1.3917336463928223,211200
2017-01-19,1.4025764270838124,1.4186406282102053,1.3784806424341627,1.3869142532348633,254400
2017-01-20,1.3977572025791551,1.4288812819691026,1.3977572025791551,1.4094041585922241,264000
2017-01-23,1.4204475201296807,1.4204475201296807,1.3457505478843417,1.3688420057296753,412800
2017-01-24,1.3818945421685593,1.4192429780960083,1.3818945421685593,1.4192429780960083,100800
2017-01-25,1.4363104192416463,1.4642219543457031,1.4363104192416463,1.4642219543457031,547200
2017-01-26,1.4782778608925562,1.4782778608925562,1.439322577973026,1.4467527866363525,220800
2017-01-27,1.4397243605825722,1.4830968841658685,1.4397243605825722,1.4776753187179565,312000
2017-01-30,1.4812895728024498,1.4812895728024498,1.4383190789160631,1.4519727230072021,374400
2017-01-31,1.4256690067283375,1.4256690067283375,1.3939425150243445,1.4106091260910034,307200
2017-02-01,1.4355077227957516,1.4433388096541186,1.4288813389863741,1.442936897277832,110400
2017-02-02,1.4345034070655172,1.4415317032787136,1.4337005014919055,1.438921570777893,57600
2017-02-03,1.4557887473929523,1.4561897406079807,1.4455480241086354,1.4511700868606567,441600
2017-02-06,1.456993679832818,1.456993679832818,1.4495634703009903,1.453177809715271,105600
2017-02-07,1.4658278531311677,1.4750651729243347,1.4563909559401111,1.4670326709747314,230400
2017-02-08,1.4670327598110529,1.4826950480325523,1.4656274453024722,1.4658279418945312,153600
2017-02-09,1.4658279536656964,1.4658279536656964,1.4457484208808267,1.4473551511764526,115200
2017-02-10,1.4594029561232107,1.4594029561232107,1.4057898233710318,1.433700442314148,283200
2017-02-13,1.4533791847337205,1.4533791847337205,1.439322592033294,1.4449455738067627,115200
2017-02-14,1.445748374916356,1.445748374916356,1.424865018056569,1.442334532737732,216000
2017-02-15,1.4339011769090753,1.4579969644546509,1.4339011769090753,1.4579969644546509,52800
2017-02-16,1.4678364944136897,1.469844102859497,1.454784224520982,1.469844102859497,264000
2017-02-17,1.465827969378957,1.4822940826416016,1.465827969378957,1.4822940826416016,67200
2017-02-21,1.5053851916245462,1.5238590240478516,1.5053851916245462,1.5238590240478516,374400
2017-02-22,1.5292809385759019,1.5292809385759019,1.5059880582442007,1.5160282850265503,259200
2017-02-23,1.5104052913376886,1.5104052913376886,1.4648246567240648,1.4782779216766357,288000
2017-02-24,1.4417321692272576,1.4847035872911294,1.4278769928753934,1.479282021522522,216000
2017-02-27,1.4859084124106248,1.5027755187610345,1.4859084124106248,1.493939995765686,76800
2017-02-28,1.4909280019004278,1.4919323231944697,1.4658278974946175,1.4664303064346313,196800
2017-03-01,1.4893214901337792,1.5098029375076294,1.4758683395873278,1.5098029375076294,225600
2017-03-02,1.5210475252460929,1.5210475252460929,1.486711025238037,1.486711025238037,139200
2017-03-03,1.4824944704286498,1.493137104708191,1.4742613569527216,1.490125060081482,148800
2017-03-06,1.4925352285377298,1.4925352285377298,1.4600058243445488,1.4750657081604004,110400
2017-03-07,1.49514460386755,1.506188230501971,1.4915302654774736,1.5019714832305908,91200
2017-03-08,1.5112089259113353,1.5210477355872563,1.5027754306793213,1.5027754306793213,76800
2017-03-09,1.499963938366222,1.5106065731331626,1.499963938366222,1.5071927309036255,230400
2017-03-10,1.5260674736139856,1.5509670824273205,1.5260674736139856,1.5451436042785645,465600
2017-03-13,1.5451436931957976,1.5517700772839134,1.5405250327093558,1.5439388751983643,144000
2017-03-14,1.543135969328383,1.5437383782821423,1.5138190016735396,1.534300446510315,326400
2017-03-15,1.5682349632372512,1.5682349632372512,1.5206458072041766,1.5357056856155396,120000
2017-03-16,1.5567896997002026,1.5662275170889723,1.5445412531619938,1.5447417497634888,96000
2017-03-17,1.5594008682137541,1.5594008682137541,1.5497625527915184,1.5591994524002075,62400
2017-03-20,1.57747243191567,1.589318850198319,1.5744603872299194,1.5744603872299194,216000
2017-03-21,1.5951427277045818,1.5951427277045818,1.5166308879852295,1.5166308879852295,283200
2017-03-22,1.5152627114990997,1.5391925573349,1.502391855399824,1.5391925573349,220800
2017-03-23,1.5373827438676646,1.5422090563047637,1.53396475315094,1.53396475315094,48000
2017-03-24,1.5635258637158647,1.5864509331037062,1.4585534864392415,1.5506550073623657,144000
2017-03-27,1.5480413382990459,1.5564873571533397,1.5118439338160523,1.5556833744049072,120000
2017-03-28,1.5655368232906046,1.5753902436418006,1.560107206765146,1.567145824432373,110400
2017-03-29,1.5737819316269706,1.5737819316269706,1.5486445557105275,1.5615143775939941,62400
2017-03-30,1.5790096683565946,1.583835980511884,1.5765964547447708,1.5776022672653198,148800
2017-03-31,1.581222140066721,1.589265764373976,1.5782057378008614,1.5868525505065918,1300800
2017-04-03,1.5798147677640622,1.5878582765644185,1.5488452681999878,1.558699607849121,283200
2017-04-04,1.5544765696309393,1.5615142657266465,1.5347688112504059,1.5424107313156128,1017600
2017-04-05,1.5591015391716145,1.5719722837514796,1.5319534540176392,1.5319534540176392,110400
2017-04-06,1.525317028983411,1.528535261279416,1.5108380904974976,1.526322841644287,86400
2017-04-07,1.5243121812269933,1.5528675477004232,1.5243121812269933,1.5383886098861694,115200
2017-04-10,1.538388525639982,1.5424107402612637,1.5082240447450803,1.5196865797042847,307200
2017-04-11,1.5090282286460437,1.5090282286460437,1.4659938091889386,1.4931418895721436,604800
2017-04-12,1.4971638923155504,1.4971638923155504,1.4396497376798054,1.4491015672683716,720000
2017-04-13,1.4432699240374416,1.4676032066345215,1.437840306919836,1.4676032066345215,129600
2017-04-17,1.4486992123709472,1.455737829208374,1.419741222626306,1.455737829208374,494400
2017-04-18,1.4428680107882201,1.4680044651031494,1.4428680107882201,1.4680044651031494,120000
2017-04-19,1.4873096912677886,1.5052076546955189,1.4873096912677886,1.4929410219192505,220800
2017-04-20,1.5070174148036326,1.5279317798302376,1.5001805130649237,1.526725172996521,264000
2017-04-21,1.5227031599472989,1.523708972624132,1.5056103279967021,1.5192842483520508,120000
2017-04-24,1.568352181546331,1.5689554849606249,1.5502535393909584,1.5637266635894775,225600
2017-04-25,1.5786084531064946,1.5910757674796243,1.573580424929911,1.5904725790023804,292800
2017-04-26,1.5886627051724542,1.589668517954168,1.572575569152832,1.572575569152832,321600
2017-04-27,1.5918805587426064,1.607967692093867,1.5918805587426064,1.60696280002594,91200
2017-04-28,1.600527426973451,1.600527426973451,1.532556428762919,1.5482419729232788,566400
2017-05-01,1.5518617091985372,1.5653358697891235,1.5401984945704834,1.5653358697891235,196800
2017-05-02,1.5562862584175927,1.5655363725953886,1.551660625986966,1.5524647235870361,76800
2017-05-03,1.5490468314024644,1.5822277115432364,1.5490468314024644,1.5774013996124268,302400
2017-05-04,1.5733796670499396,1.5884619108349538,1.5645311381301092,1.572575569152832,148800
2017-05-05,1.586852578148963,1.586852578148963,1.5717703364201971,1.5786082744598389,129600
2017-05-08,1.5884616922595327,1.5884616922595327,1.567949834328914,1.5778032541275024,62400
2017-05-09,1.5932879248207954,1.6007281303385859,1.5932879248207954,1.5975109338760376,62400
2017-05-10,1.61520722550834,1.6497964322237755,1.61520722550834,1.64255690574646,705600
2017-05-11,1.648388242376621,1.6664868874158847,1.616816355923612,1.6582425832748413,129600
2017-05-12,1.6682963073648875,1.6682963073648875,1.6556272825765554,1.6670897006988525,76800
2017-05-15,1.678754470923103,1.7244027880086998,1.678754470923103,1.7093205451965332,302400
2017-05-16,1.7312409393487036,1.7539641857147217,1.7306376357538515,1.7539641857147217,52800
2017-05-17,1.7153533392877007,1.7294306888956479,1.6292846131872532,1.6361216306686401,609600
2017-05-18,1.6198326777373866,1.6797591315287128,1.6035438301293439,1.6771451234817505,225600
2017-05-19,1.6956464044678545,1.7294305917680617,1.6956464044678545,1.710728645324707,724800
2017-05-22,1.7229949799792639,1.7603989839553833,1.7229949799792639,1.7603989839553833,374400
2017-05-23,1.7698508339180075,1.7698508339180075,1.7282238208841276,1.7390830516815186,384000
2017-05-24,1.7632144689559937,1.7646218698919345,1.7513495416968388,1.7632144689559937,331200
2017-05-25,1.765225699154685,1.7865416562682583,1.7503442507799452,1.7847317457199097,518400
2017-05-26,1.7648232018274854,1.8004173040390015,1.7648232018274854,1.8004173040390015,91200
2017-05-30,1.810472578243441,1.827163938558608,1.805445470440599,1.8120816946029663,748800
2017-05-31,1.8478761961278438,1.8478761961278438,1.7961941574130087,1.8054451942443848,360000
2017-06-01,1.8285708987811027,1.8285708987811027,1.7891563002011437,1.8056459426879883,451200
2017-06-02,1.8191189853371554,1.8561214040181702,1.8191189853371554,1.8547130823135376,283200
2017-06-05,1.8685892149114116,1.8824648523339749,1.8547135774888486,1.866377830505371,422400
2017-06-06,1.8520991888895875,1.8987531967097493,1.8297774222054672,1.869795322418213,537600
2017-06-07,1.897145090856904,1.9043845017984178,1.8774373324572946,1.8939268589019775,537600
2017-06-08,1.9238903356461314,1.9582778215408325,1.898149660888871,1.9582778215408325,360000
2017-06-09,1.9995029151339785,1.9995029151339785,1.7346586616647974,1.7829217910766602,1910400
2017-06-12,1.7471268490423468,1.7895579667647392,1.69041770226386,1.7736716270446777,1065600
2017-06-13,1.8028303443515732,1.8319900518999406,1.7837268074730022,1.800819754600525,859200
2017-06-14,1.8098689456761672,1.8390276154938487,1.749539980820295,1.754969596862793,316800
2017-06-15,1.7227940230872996,1.7441099733195229,1.7203809248702264,1.743506669998169,321600
2017-06-16,1.7628126132370376,1.7628126132370376,1.7199790960944439,1.7300342321395874,460800
2017-06-19,1.7791012685317842,1.8022270202636719,1.7774921523664158,1.8022270202636719,235200
2017-06-20,1.812081460140011,1.812081460140011,1.7414965629577637,1.7414965629577637,283200
2017-06-21,1.7451795635717298,1.7777885107872202,1.7451795635717298,1.7753729820251465,139200
2017-06-22,1.7866454653856647,1.7866454653856647,1.7526269617788284,1.7649061679840088,129600
2017-06-23,1.7451794813485877,1.7858396516878057,1.7451794813485877,1.766717791557312,302400
2017-06-26,1.7922811549440436,1.7922811549440436,1.7208236893365298,1.7357184886932373,182400
2017-06-27,1.7008961131425626,1.7109599710807755,1.6413141488567464,1.6415151357650757,412800
2017-06-28,1.6505731281842528,1.7087464560941106,1.6449373170928057,1.707135796546936,192000
2017-06-29,1.66627382031855,1.6686892338930661,1.58616124048189,1.6227952241897583,566400
2017-06-30,1.630243449326537,1.6485604394468671,1.608302244989316,1.6103157997131348,460800
2017-07-03,1.6384957569161238,1.6384957569161238,1.5531493425369263,1.5531493425369263,480000
2017-07-05,1.5748889264895096,1.634268994402595,1.5748889264895096,1.6318535804748535,1512000
2017-07-06,1.588978617757157,1.630444580136997,1.5837457016238865,1.6087052822113037,120000
2017-07-07,1.6203798398678175,1.6717086750138592,1.6203798398678175,1.6618458032608032,393600
2017-07-10,1.679357833519936,1.7041164264259419,1.6576186514431663,1.7010971307754517,331200
2017-07-11,1.6950583234525622,1.7310894580966334,1.6950583234525622,1.7266604900360107,297600
2017-07-12,1.7530301245932929,1.7878535025982973,1.7494068310208437,1.7860418558120728,374400
2017-07-13,1.7965084537404,1.8085858675681394,1.7622889609901313,1.7741652727127075,436800
2017-07-14,1.7914768285571099,1.822676109308219,1.7914768285571099,1.819052815437317,499200
2017-07-17,1.8196561688459185,1.8204619593142572,1.7967092235605244,1.8110010623931885,878400
2017-07-18,1.8067741485543638,1.8089886903762817,1.7834241909700408,1.8089886903762817,235200
2017-07-19,1.8287140274620353,1.8512591123580933,1.8258966405117825,1.8512591123580933,360000
2017-07-20,1.8585059820152465,1.8585059820152465,1.812812956914031,1.833747386932373,331200
2017-07-21,1.8232795145065974,1.8281104565582051,1.8083847145358787,1.8277084827423096,163200
2017-07-24,1.8196564267357633,1.8196564267357633,1.801339433863876,1.8065732717514038,177600
2017-07-25,1.7900667798270467,1.8089886903762817,1.780404895223447,1.8089886903762817,139200
2017-07-26,1.854479531516897,1.8581028243188609,1.821669715649153,1.8470321893692017,148800
2017-07-27,1.8625309849463112,1.8625309849463112,1.7457833882157214,1.7854377031326294,518400
2017-07-28,1.753834914872852,1.7946970011644714,1.753834914872852,1.7779897451400757,196800
2017-07-31,1.8005343388626591,1.8005343388626591,1.7508152463321376,1.761483907699585,172800
2017-08-01,1.7727565088265134,1.784028016097725,1.766918789259637,1.7808077335357666,72000
2017-08-02,1.8142215079580948,1.8234815339885717,1.7516211658095031,1.78423011302948,120000
2017-08-03,1.756854067749712,1.7733604495760558,1.756854067749712,1.770542025566101,67200
2017-08-04,1.776379684344047,1.7904696155138762,1.758665538754407,1.7604771852493286,177600
2017-08-07,1.784230066407476,1.8202601671218872,1.7816126293632588,1.8202601671218872,201600
2017-08-08,1.824889908781612,1.8438107801859294,1.8051632469518797,1.8091893196105957,225600
2017-08-09,1.7739643385229882,1.8025470972061157,1.771548809770963,1.8025470972061157,177600
2017-08-10,1.7872491220087574,1.7872491220087574,1.713375210762024,1.713375210762024,307200
2017-08-11,1.7021040372011245,1.7282713833340606,1.6757347827109568,1.7151871919631958,268800
2017-08-14,1.731894362247441,1.8067740201950073,1.731894362247441,1.8067740201950073,408000
2017-08-15,1.8307278081294518,1.8307278081294518,1.789060975448195,1.8079818487167358,379200
2017-08-16,1.811605113776656,1.8216698937743074,1.802547111243523,1.8075790405273438,196800
2017-08-17,1.791476321301757,1.791476321301757,1.7182062864303589,1.7182062864303589,91200
2017-08-18,1.747998146151558,1.747998146151558,1.7117660176853715,1.7373294830322266,216000
2017-08-21,1.7298818996375487,1.7349138289968171,1.6864034177193519,1.7053242921829224,643200
2017-08-22,1.729278092112121,1.7616851329803467,1.729278092112121,1.7616851329803467,211200
2017-08-23,1.7618870188889122,1.7749701738357544,1.7385371751270626,1.7749701738357544,225600
2017-08-24,1.766918681986635,1.7739641654572769,1.7459842550830875,1.7653080224990845,216000
2017-08-25,1.7721528461572948,1.7721528461572948,1.7302839846224394,1.7322975397109985,264000
2017-08-28,1.7365243485909976,1.7393417358398438,1.7304856422392638,1.7393417358398438,129600
2017-08-29,1.7039157742290798,1.748199128344739,1.7039157742290798,1.7465884685516357,124800
2017-08-30,1.7701390374075294,1.8011382445277926,1.7681265192162074,1.7981189489364624,408000
2017-08-31,1.8116052152342965,1.8341492686542376,1.8116052152342965,1.8321367502212524,331200
2017-09-01,1.8456227138133792,1.8641417294965232,1.842805326354192,1.8444149494171143,283200
2017-09-05,1.817643753911604,1.8309288161280752,1.771346850299368,1.7858396768569946,513600
2017-09-06,1.8065729515481972,1.8186503634875797,1.7916772311083213,1.8099942207336426,249600
2017-09-07,1.8228780510227298,1.8228780510227298,1.8029503950835684,1.8081833124160767,216000
2017-09-08,1.7914767894779364,1.7914767894779364,1.760880470275879,1.760880470275879,120000
2017-09-11,1.7882551922680212,1.8397859329407487,1.7882551922680212,1.8307278156280518,244800
2017-09-12,1.8462265960115114,1.8607194232304334,1.8417985488806319,1.8444149494171143,206400
2017-09-13,1.85206448560993,1.8651485627088742,1.8480384119555207,1.8609215021133423,192000
2017-09-14,1.8651480029711236,1.895341415510928,1.8639403540053647,1.882257342338562,187200
2017-09-15,1.9122504561315348,1.950495105896404,1.9122504561315348,1.9432487487792969,331200
2017-09-18,1.9653903042382268,2.024569367150727,1.9653903042382268,1.9967914819717407,393600
2017-09-19,2.001220010155672,2.0211477796142594,2.001220010155672,2.008265495300293,168000
2017-09-20,2.030205338706952,2.030205338706952,1.9142627254785038,1.959149956703186,331200
2017-09-21,1.9587481298106943,1.9587481298106943,1.9142628690786392,1.9388203620910645,182400
2017-09-22,1.9176851771864307,1.9597539901733398,1.9176851771864307,1.9597539901733398,153600
2017-09-25,1.956936268895618,1.956936268895618,1.8738033663375546,1.8893029689788818,576000
2017-09-26,1.9126519901559618,1.9297622531753422,1.8903088112961495,1.8935301303863525,278400
2017-09-27,1.9257367333979418,1.9746501679700232,1.9257367333979418,1.9730395078659058,436800
2017-09-28,1.9597533697256482,2.0068552494049072,1.9597533697256482,2.0068552494049072,196800
2017-09-29,2.0132967008978584,2.044898748397827,2.006654113468225,2.044898748397827,408000
2017-10-02,2.0531527065170394,2.085560555606308,2.0531527065170394,2.0718727111816406,552000
2017-10-03,2.073483133533612,2.0851574214525432,2.0732811100030593,2.083345890045166,134400
2017-10-04,2.069053735959517,2.0861639976501465,2.058386111948971,2.0861639976501465,921600
2017-10-05,2.113338488529997,2.113338488529997,2.0815344093938393,2.1004552841186523,139200
2017-10-06,2.1012610714695232,2.1244090064508634,2.0974359850367987,2.120785713195801,168000
2017-10-09,2.1179673121980658,2.158426614403347,2.1179673121980658,2.157822847366333,158400
2017-10-10,2.187411857353803,2.187411857353803,2.13970620790946,2.1819770336151123,249600
2017-10-11,2.176744700177046,2.2306898235637282,2.1719136423255403,2.2000935077667236,393600
2017-10-12,2.210158487137154,2.210158487137154,2.1829845905303955,2.1829845905303955,292800
2017-10-13,2.1908344357885166,2.219216323710923,2.1908344357885166,2.2121708393096924,201600
2017-10-16,2.231897661284164,2.2383393791076305,2.2065352978038444,2.2357218265533447,499200
2017-10-17,2.2141842028842027,2.230689547307711,2.2107620120319376,2.226663589477539,192000
2017-10-18,2.2339096745639275,2.2465908527821963,2.187814685938458,2.2461888790130615,369600
2017-10-19,2.2141844863355393,2.234916893330946,2.1694983528102347,2.234513998031616,196800
2017-10-20,2.2639023561897793,2.277187302135737,2.2538373470306396,2.2538373470306396,192000
2017-10-23,2.2779923094392815,2.312614809689704,2.2705448518174998,2.2880570888519287,441600
2017-10-24,2.3081862724592814,2.3228810105222197,2.2944993486495346,2.3214714527130127,355200
2017-10-25,2.3101999092118746,2.312615438499103,2.2266641984476148,2.2630982398986816,715200
2017-10-26,2.274571358311815,2.300939692703664,2.2663181090383024,2.2940962314605713,456000
2017-10-27,2.359716141541361,2.4392249393864365,2.3375739523803882,2.4339919090270996,590400
2017-10-30,2.359716506989973,2.441640615463257,2.359716506989973,2.441640615463257,566400
2017-10-31,2.471432471844502,2.51571570850768,2.4647898826841463,2.501826763153076,662400
2017-11-01,2.5318188853733266,2.5386623451320993,2.4617699426264026,2.509676694869995,710400
2017-11-02,2.5050469812304414,2.532623767852783,2.49397623044913,2.532623767852783,244800
2017-11-03,2.578115271303318,2.6381001386644316,2.5197419851389764,2.627028465270996,5673600
2017-11-06,2.6882202117945293,2.7000958290152375,2.627027600118324,2.689629077911377,2529600
2017-11-07,2.695064382020743,2.6994923135660494,2.656819741559479,2.680370569229126,1104000
2017-11-08,2.6950643572305655,2.705129136301316,2.66708536791549,2.693655490875244,1209600
2017-11-09,2.6616504516704285,2.677149132829554,2.5362468378690175,2.594419240951538,2582400
2017-11-10,2.613742994480455,2.6395082473754883,2.5976403161094233,2.6395082473754883,667200
2017-11-13,2.620587998521237,2.6523911586756403,2.6113280866576507,2.648969888687134,916800
2017-11-14,2.648969511665534,2.648969511665534,2.598848328111093,2.641723155975342,681600
2017-11-15,2.6163602268156994,2.617165095795698,2.5523501071593637,2.589790105819702,705600
2017-11-16,2.624412005162038,2.697279154359263,2.624412005162038,2.675740957260132,888000
2017-11-17,2.696675269467363,2.697279036482302,2.6244118904695295,2.6282360553741455,897600
2017-11-20,2.6562159232234994,2.705934212566572,2.6562159232234994,2.6932528018951416,878400
2017-11-21,2.7361275153124947,2.748808695091818,2.7063369937393547,2.7433738708496094,619200
2017-11-22,2.769340312380512,2.769340312380512,2.701506019038786,2.710564136505127,1027200
2017-11-24,2.7294853963717447,2.753639995770504,2.7294853963717447,2.7522313594818115,220800
2017-11-27,2.7174073473025055,2.7224392759875435,2.6882205944984556,2.6994922161102295,700800
2017-11-28,2.717005033431431,2.717005033431431,2.667085866834101,2.692246437072754,835200
2017-11-29,2.6829868873518277,2.6829868873518277,2.42714772772397,2.4790804386138916,2486400
2017-11-30,2.513703002640582,2.556979575739993,2.4931714687161706,2.518734931945801,777600
2017-12-01,2.4881382494868483,2.4881382494868483,2.3395867068117875,2.4663989543914795,1454400
2017-12-04,2.4998137088458257,2.5060534016708726,2.3184514288331948,2.345827341079712,2313600
2017-12-05,2.324088618166259,2.4219152406671403,2.2745714246560884,2.3385815620422363,691200
2017-12-06,2.311003766812596,2.3581054155061647,2.285037414236026,2.3554890155792236,705600
2017-12-07,2.3856826017109625,2.4064150041613988,2.3629366446353637,2.3905136585235596,388800
2017-12-08,2.443250784804312,2.4474778439537266,2.3699819131194197,2.3709876537323,676800
2017-12-11,2.376221505070497,2.4042004917379947,2.3750139712680536,2.3937337398529053,312000
2017-12-12,2.401584778581586,2.401584778581586,2.351262716457107,2.3522684574127197,316800
2017-12-13,2.3615281943452713,2.378637537557532,2.353074073791504,2.353074073791504,283200
2017-12-14,2.385682798937715,2.387292537055079,2.3407946479984107,2.3579049110412598,1161600
2017-12-15,2.3748133306444936,2.4555296786900023,2.3607223621119084,2.439225435256958,1032000
2017-12-18,2.488742435140341,2.565232638619937,2.4837105061994937,2.5650317668914795,840000
2017-12-19,2.550740384223703,2.5660379669425764,2.524774022953421,2.560603141784668,494400
2017-12-20,2.6085108398327046,2.6167631686840855,2.5543636853323965,2.592407464981079,451200
2017-12-21,2.6097182874909337,2.6097182874909337,2.530812543517442,2.5364482402801514,734400
2017-12-22,2.509274418479854,2.5310134887695312,2.495788367351447,2.5310134887695312,240000
2017-12-26,2.498716173925729,2.498716173925729,2.4573871495725137,2.486619710922241,292800
2017-12-27,2.4948853608867836,2.522707057417018,2.4948853608867836,2.502143144607544,364800
2017-12-28,2.515046153490735,2.517869022750842,2.504361702933621,2.5047640800476074,144000
2017-12-29,2.5031518819986656,2.5031518819986656,2.4674674481889998,2.4690794944763184,451200
2018-01-02,2.5120218114607975,2.5866168442219313,2.4805711061355122,2.586012125015259,724800
2018-01-03,2.5902459568854304,2.6509294509887695,2.586414837909904,2.6509294509887695,796800
2018-01-04,2.6741136804754766,2.6741136804754766,2.6061724073818957,2.65859055519104,465600
2018-01-05,2.6797594357399768,2.699315100755454,2.656372651697824,2.6785497665405273,686400
2018-01-08,2.6952828904331496,2.746894910874754,2.6789527003346856,2.730161190032959,1348800
2018-01-09,2.737217841768828,2.737217841768828,2.6606069864156296,2.6630260944366455,825600
2018-01-10,2.6208895616292445,2.625728007566902,2.5483110267979674,2.5910520553588867,1377600
2018-01-11,2.6003256732952407,2.6279461836560905,2.6003256732952407,2.6271400451660156,268800
2018-01-12,2.6003260367479237,2.6604055118531282,2.6003260367479237,2.6372201442718506,384000
2018-01-16,2.6630259391433557,2.7116129768374106,2.6372200452698094,2.6595983505249023,580800
2018-01-17,2.6874197082391365,2.8063682772485743,2.6874197082391365,2.802335739135742,720000
2018-01-18,2.8029399737437783,2.828544671350805,2.781166625051052,2.809795379638672,513600
2018-01-19,2.8468913608702464,2.8468913608702464,2.789232152723949,2.8192708492279053,604800
2018-01-22,2.8192705243923335,2.869068145751953,2.8134245210564055,2.869068145751953,417600
2018-01-23,2.8835842918301475,2.9196711039706336,2.876931226374304,2.9188649654388428,763200
2018-01-24,2.8781408383452214,2.8781408383452214,2.7400394357464357,2.7878201007843018,1684800
2018-01-25,2.8487050723114673,2.8487050723114673,2.70758056640625,2.70758056640625,1156800
2018-01-26,2.7956827331347975,2.923904665893838,2.7956827331347975,2.9228973388671875,1334400
2018-01-29,2.8926565291855417,2.935800169166882,2.8712855516698244,2.9239048957824707,936000
2018-01-30,2.8392303913012182,2.851931573711846,2.7821758954618123,2.7892324924468994,988800
2018-01-31,2.841447837236723,2.8595924134739366,2.7989091503277326,2.819674253463745,705600
2018-02-01,2.7908438049080755,2.8456810544884967,2.751732713275176,2.755159378051758,964800
2018-02-02,2.7311694010200367,2.7311694010200367,2.607382377796781,2.610607624053955,2260800
2018-02-05,2.540247153303322,2.651937711367303,2.351341724395752,2.351341724395752,3422400
2018-02-06,2.2789644777243874,2.5398434780693275,2.2642474904827066,2.539440870285034,2232000
2018-02-07,2.518069688743394,2.5864144886864975,2.4952887809246826,2.4979093074798584,960000
2018-02-08,2.491457963612808,2.491457963612808,2.2497317790985107,2.2497317790985107,1680000
2018-02-09,2.353357430435841,2.4144442221096782,2.1997329109983865,2.3926708698272705,1502400
2018-02-12,2.467870520885032,2.5075872697423236,2.433395749778886,2.4775476455688477,1022400
2018-02-13,2.4793614958226375,2.497708413966645,2.4420647860800164,2.4829905033111572,576000
2018-02-14,2.458797363400366,2.60576880819741,2.458797363400366,2.6015350818634033,864000
2018-02-15,2.6410510668659106,2.6648404598236084,2.542867822210756,2.6648404598236084,844800
2018-02-16,2.661210980426937,2.713830314756288,2.64306640625,2.64306640625,950400
2018-02-20,2.6850010548246894,2.7735069523509144,2.6850010548246894,2.697904348373413,883200
2018-02-21,2.7704824587748287,2.7704824587748287,2.672501564025879,2.672501564025879,278400
2018-02-22,2.7293550346434725,2.7293550346434725,2.6345996026528997,2.6523406505584717,422400
2018-02-23,2.7198790487236737,2.7745141983032227,2.708387306549798,2.7745141983032227,969600
2018-02-26,2.8023357256776236,2.901728630065918,2.8023357256776236,2.901728630065918,720000
2018-02-27,2.9031394094684773,2.9882179318630477,2.896889875403209,2.9156394004821777,878400
2018-02-28,2.947493158048888,2.947493158048888,2.842456579208374,2.842456579208374,340800
2018-03-01,2.8388274998714325,2.842858884759597,2.6638319873503504,2.719879150390625,1603200
2018-03-02,2.6479057491740194,2.833989272381379,2.641051493965671,2.8297555446624756,628800
2018-03-05,2.788626938075172,2.882575522127598,2.7680630245101847,2.8712852001190186,681600
2018-03-06,2.9138251012714638,2.9753145011554993,2.907574413411127,2.9644277095794678,796800
2018-03-07,2.8962859664817002,2.981968309156955,2.8884232304462047,2.9759199619293213,1012800
2018-03-08,3.0011207161428537,3.017450905272341,2.9533400487500847,2.963823080062866,331200
2018-03-09,3.0164431345804585,3.0970865352079664,3.010798318028558,3.0946671962738037,897600
2018-03-12,3.158575564656195,3.184381689646027,3.1148272034932813,3.1595840454101562,1032000
2018-03-13,3.2039368813713747,3.272483804422491,3.0551510273103863,3.0855941772460938,1113600
2018-03-14,3.123093858021585,3.123093858021585,3.024104457326605,3.070070743560791,489600
2018-03-15,3.0771268495462416,3.12127873988417,3.0489016176360675,3.068054676055908,379200
2018-03-16,3.074103230248549,3.0980938155914575,3.0710791719870447,3.0849900245666504,340800
2018-03-19,3.0291434778803854,3.0291434778803854,2.8644309789785067,2.942452907562256,1161600
2018-03-20,2.9797511909217063,3.015637052663582,2.96846109616366,3.007573127746582,465600
2018-03-21,2.983996754476932,3.0564576403503034,2.983996754476932,3.0168962478637695,417600
2018-03-22,2.925260951192394,2.980968561258249,2.863699436187744,2.863699436187744,489600
2018-03-23,2.8538103462093227,2.855828249562111,2.6671090126037598,2.6671090126037598,873600
2018-03-26,2.7833690750289195,2.9165832921285038,2.7361386701704085,2.9157752990722656,940800
2018-03-27,2.9712811374863106,2.9712811374863106,2.6430900140961837,2.6883022785186768,955200
2018-03-28,2.658631740992149,2.6951641989920554,2.5484273328896747,2.571436882019043,960000
2018-03-29,2.6093819478598497,2.740981992702518,2.585565330795179,2.713531255722046,830400
2018-04-02,2.677805333393504,2.677805333393504,2.419451382202489,2.485654354095459,3609600
2018-04-03,2.535307144182966,2.589198280281751,2.4927193613553684,2.571032762527466,681600
2018-04-04,2.4275249000069974,2.6503558388657216,2.4220752215190955,2.6376399993896484,609600
2018-04-05,2.6618611018879013,2.6699343332621455,2.5839507579803467,2.5839507579803467,321600
2018-04-06,2.512701991159575,2.5484276151711396,2.402698991624921,2.4402410984039307,777600
2018-04-09,2.4816182508882854,2.5992914183264415,2.4616360149082213,2.4656732082366943,547200
2018-04-10,2.5996939921716407,2.6578239802260613,2.555895138107502,2.631181001663208,835200
2018-04-11,2.60373090777486,2.656814976502519,2.60373090777486,2.624117136001587,302400
2018-04-12,2.665898146244101,2.7643952131089473,2.665898146244101,2.7446155548095703,1521600
2018-04-13,2.8055698355458567,2.8055698355458567,2.694356954537371,2.7107057571411133,374400
2018-04-16,2.7101006421435514,2.731293707871656,2.7064674461671223,2.7212014198303223,240000
2018-04-17,2.8081947559694265,2.845534514177473,2.7829644966513283,2.8334240913391113,446400
2018-04-18,2.8118281369446407,2.8330212050645125,2.751679322281464,2.806781530380249,417600
2018-04-19,2.696173736386968,2.696173736386968,2.5599320056468713,2.581326723098755,950400
2018-04-20,2.565784924050885,2.5847584360394062,2.4985722955411283,2.5213804244995117,705600
2018-04-23,2.562353778344099,2.562353778344099,2.4368088464004485,2.442863941192627,350400
2018-04-24,2.4755629786275644,2.5490332926282067,2.377872968917759,2.410369396209717,964800
2018-04-25,2.415414305127561,2.4469013084761047,2.3328622957908833,2.3905880451202393,465600
2018-04-26,2.4854534541977897,2.5240040485942323,2.4672879345889376,2.520775079727173,432000
2018-04-27,2.6023183538898436,2.6023183538898436,2.473140209136992,2.499380111694336,667200
2018-04-30,2.4953438207276624,2.5233992919554176,2.4099656483269634,2.4343879222869873,465600
2018-05-01,2.4244978150775824,2.520371336251353,2.4244978150775824,2.519160270690918,2040000
2018-05-02,2.537325220602337,2.537325220602337,2.467287626502064,2.476975917816162,422400
2018-05-03,2.4190478478931277,2.5149213576662977,2.4004783321660406,2.496755838394165,504000
2018-05-04,2.4582050613886066,2.6233091069491383,2.4582050613886066,2.621492624282837,2544000
2018-05-07,2.6281532789697217,2.7050541993745583,2.6281532789697217,2.6885037422180176,1440000
2018-05-08,2.7038429356827067,2.716761350631714,2.6701363756487537,2.716761350631714,700800
2018-05-09,2.7181738851914945,2.803148031234741,2.7181738851914945,2.803148031234741,859200
2018-05-10,2.8291852078070603,2.90830659866333,2.8291852078070603,2.90830659866333,1118400
2018-05-11,2.8675360198854847,2.9173902051312104,2.849976146574582,2.8596644401550293,336000
2018-05-14,2.9323268996217653,2.95291432236427,2.9173903465270996,2.9173903465270996,705600
2018-05-15,2.8879206959026433,2.8907468229325834,2.797496873260254,2.8233325481414795,585600
2018-05-16,2.8624889018343826,2.9131510710485156,2.8578472161003576,2.899628162384033,417600
2018-05-17,2.91315093300385,2.9468584166414384,2.852800474798708,2.8915536403656006,528000
2018-05-18,2.8414986062284213,2.843315088891607,2.785185333798529,2.7989096641540527,436800
2018-05-21,2.869352342915155,2.9131511943405144,2.8219193713233794,2.8532047271728516,580800
2018-05-22,2.901040898064413,2.927279648730331,2.8604712446323726,2.879242181777954,456000
2018-05-23,2.817075097475368,2.935555314145505,2.817075097475368,2.934142827987671,412800
2018-05-24,2.961592386081885,2.964014516673414,2.8943797635830246,2.949481964111328,742400
2018-05-25,2.949482640125445,3.0118512467230647,2.949482640125445,3.0082180500030518,568000
2018-05-29,2.9658318051826664,3.039099543086101,2.956143511170536,2.9924745559692383,465600
2018-05-30,3.0294108025331097,3.0742193001013254,3.0179060272730145,3.0318329334259033,316800
2018-05-31,3.018511711579972,3.0397050122864195,2.973703441034245,2.9773364067077637,454400
2018-06-01,3.0130614910184046,3.11781644821167,3.0130614910184046,3.11781644821167,720000
2018-06-04,3.134770961016673,3.1656523192236103,3.1117611811644434,3.158991575241089,659200
2018-06-05,3.195928366813903,3.197139432213572,3.146881488556392,3.178973913192749,371200
2018-06-06,3.180184872299487,3.21954345703125,3.1529364791854357,3.21954345703125,467200
2018-06-07,3.222571582314756,3.222571582314756,3.1166057773598883,3.160202980041504,443200
2018-06-08,3.096018059684698,3.1123670969602077,3.0657421160605214,3.1044952869415283,292800
2018-06-11,3.093595592735575,3.1141832414032966,3.0590810392319083,3.0802741050720215,332800
2018-06-12,3.099046193276858,3.1063123564428863,3.0554487523063654,3.101468324661255,345600
2018-06-13,3.1220553780644344,3.1602029005782386,3.0893573036350728,3.0899627208709717,454400
2018-06-14,3.108733041615526,3.1662573648047023,3.102677946958583,3.1329538822174072,307200
2018-06-15,3.0881459533000206,3.129321251156322,3.0724025657606564,3.1196329593658447,336000
2018-06-18,3.059080854859258,3.059080854859258,2.974913782756903,3.0275938510894775,1430400
2018-06-19,2.9367665783389505,2.9809694290161133,2.8871140484831175,2.9809694290161133,897600
2018-06-20,2.9873924720409715,3.0334457113035636,2.9825448964721524,3.0110249519348145,342400
2018-06-21,3.059502076445782,3.071015270615191,2.926190397328406,2.929826021194458,652800
2018-06-22,2.9577003621508897,2.9577003621508897,2.878319263458252,2.878319263458252,174400
2018-06-25,2.793484788860636,2.793484788860636,2.6256335145933525,2.6941070556640625,923200
2018-06-26,2.7068321214607245,2.726828978256225,2.690471351008605,2.6995606422424316,313600
2018-06-27,2.7225876269405958,2.729859107131481,2.5674612522125244,2.5674612522125244,348800
2018-06-28,2.558372011926352,2.620786033079418,2.5565539684744216,2.6153323650360107,347200
2018-06-29,2.6559314080810146,2.669868505561054,2.623815266695045,2.6244213581085205,404800
2018-07-02,2.5607950773437667,2.6625967025756836,2.5359506468500332,2.6625967025756836,486400
2018-07-03,2.6898652447309015,2.6935010998980737,2.5614013671875,2.5614013671875,198400
2018-07-05,2.600788447678226,2.698954445074891,2.600788447678226,2.697136402130127,363200
2018-07-06,2.7147097473954047,2.773488136093453,2.6747162641462587,2.7637927532196045,492800
2018-07-09,2.8031799582745194,2.8031799582745194,2.734100331005701,2.799544334411621,404800
2018-07-10,2.811663915688147,2.869836215173956,2.8086339206088726,2.859534740447998,476800
2018-07-11,2.7692468239107457,2.79893883715612,2.724405527114868,2.724405527114868,395200
2018-07-12,2.695924754353265,2.7643982866731154,2.673503996294,2.757126808166504,804800
2018-07-13,2.7522793737713944,2.7625808482747467,2.7213754125736687,2.7304649353027344,454400
2018-07-16,2.7225872593194733,2.749855595298582,2.7134977369410516,2.715921640396118,160000
2018-07-17,2.659567438412584,2.7813659416479037,2.6535079102885955,2.78015398979187,240000
2018-07-18,2.780153273582474,2.8013618477089652,2.768033989300427,2.7965142726898193,329600
2018-07-19,2.768640730168204,2.794091258371646,2.7413726208050666,2.7813661098480225,204800
2018-07-20,2.7728820976514315,2.775306001205275,2.752279379756093,2.7547032833099365,118400
2018-07-23,2.7025904917517476,2.771670355564275,2.660779195974518,2.7631866931915283,318400
2018-07-24,2.795302406888919,2.8407495509735474,2.720769118328864,2.725616693496704,326400
2018-07-25,2.7371304855431,2.7601571083068848,2.655931792259155,2.7601571083068848,376000
2018-07-26,2.773487976789141,2.8480212716925704,2.773487976789141,2.831660270690918,296000
2018-07-27,2.800150114649421,2.800150114649421,2.692894821792212,2.715315580368042,254400
2018-07-30,2.7171332769505674,2.7171332769505674,2.635328509658317,2.660172939300537,460800
2018-07-31,2.694106429460856,2.7486430904443186,2.694106429460856,2.7007720470428467,601600
2018-08-01,2.714103570786463,2.7334943342743,2.695924758911133,2.695924758911133,232000
2018-08-02,2.6480540292224073,2.7662166673720106,2.635934742794419,2.7595510482788086,249600
2018-08-03,2.76863969216445,2.7783350728079172,2.749855022193044,2.7746994495391846,217600
2018-08-06,2.755309393586614,2.80318021774292,2.7359186273358187,2.80318021774292,510400
2018-08-07,2.8043920881678663,2.8558989973416224,2.8043920881678663,2.8534750938415527,390400
2018-08-08,2.8522634341690107,2.8837734894281266,2.841356098457925,2.872866153717041,179200
2018-08-09,2.8716539045968763,2.8716539045968763,2.8249948024749756,2.8249948024749756,248000
2018-08-10,2.7159220918722746,2.7274352884634814,2.677746415155461,2.700167179107666,460800
2018-08-13,2.7031961286168866,2.7559147502800747,2.6947126988269625,2.697742462158203,233600
2018-08-14,2.703802509042468,2.7195576512460686,2.6880475979950376,2.6928951740264893,206400
2018-08-15,2.656537139820484,2.6638086183373892,2.57109651598941,2.618361473083496,716800
2018-08-16,2.6492658240690803,2.6492658240690803,2.5935172022646995,2.607454299926758,305600
2018-08-17,2.5456460506406033,2.5662487661900806,2.4905035224281993,2.548069953918457,788800
2018-08-20,2.543222100021167,2.5698843396894677,2.479595917303715,2.5365564823150635,488000
2018-08-21,2.545040275039327,2.6541133834526405,2.545040275039327,2.6444180011749268,528000
2018-08-22,2.6159379357326675,2.6686567980330307,2.602000836977589,2.6650209426879883,190400
2018-08-23,2.6529014780521765,2.702590341986778,2.6529014780521765,2.668050527572632,265600
2018-08-24,2.6850175192138583,2.743795671955863,2.6850175192138583,2.743189811706543,427200
2018-08-27,2.7510675268069735,2.8516572078913858,2.7510675268069735,2.826206684112549,328000
2018-08-28,2.8474152503099024,2.8595343041532484,2.80075615331339,2.8425674438476562,262400
2018-08-29,2.8195405884346734,2.869835536049739,2.8195405884346734,2.8589282035827637,283200
2018-08-30,2.835902048916066,2.866200148223195,2.8092398047420075,2.818329095840454,315200
2018-08-31,2.809845558745904,2.8528690338134766,2.809845558745904,2.8528690338134766,315200
2018-09-04,2.822570494798569,2.872259349529605,2.80742144808408,2.8686234951019287,329600
2018-09-05,2.87831991716178,2.87831991716178,2.788031464367349,2.8225715160369873,184000
2018-09-06,2.7995444748478078,2.8007564265816187,2.6916830821002025,2.6953189373016357,459200
2018-09-07,2.672292548395739,2.7522795205139667,2.6674449721963014,2.6710808277130127,313600
2018-09-10,2.7001670261728545,2.71895170211792,2.674110639065653,2.71895170211792,169600
2018-09-11,2.7074384398201965,2.7074384398201965,2.6335109962436896,2.634722948074341,392000
2018-09-12,2.60018245475356,2.60018245475356,2.4692946960613384,2.5729141235351562,545600
2018-09-13,2.6201793458124207,2.6965304431687303,2.6201793458124207,2.649871349334717,331200
2018-09-14,2.6801699677182556,2.7116800202735822,2.663808965555519,2.6898653507232666,233600
2018-09-17,2.6801697085689917,2.6916829025379143,2.6213913247591325,2.6250271797180176,332800
2018-09-18,2.676533895734951,2.7171334677016494,2.6662326532568636,2.6813817024230957,142400
2018-09-19,2.6795636609172937,2.70259004724472,2.6741099944384557,2.6935007572174072,195200
2018-09-20,2.7268290965176414,2.7668225806869864,2.7268290965176414,2.7504615783691406,217600
2018-09-21,2.765610381114809,2.765610381114809,2.7104678513498626,2.7262229919433594,408000
2018-09-24,2.705014309611882,2.7486436472366407,2.681381828783857,2.7444019317626953,120000
2018-09-25,2.706831532105468,2.706831532105468,2.658354629278074,2.6728978157043457,188800
2018-09-26,2.6668304246624426,2.683213710736106,2.6255688667297363,2.6255688667297363,187200
2018-09-27,2.6437724463808543,2.665009910889412,2.6437724463808543,2.6474132537841797,44800
2018-09-28,2.6419520197741484,2.736610692583218,2.6419520197741484,2.727509021759033,203200
2018-10-01,2.7584550484411103,2.7815130309722518,2.737217585235446,2.7444989681243896,302400
2018-10-02,2.78212000353697,2.851900643792642,2.7669503192614777,2.779086112976074,371200
2018-10-03,2.813066200912162,2.8343036656437963,2.771197725482647,2.7894015312194824,241600
2018-10-04,2.7627025552551228,2.7627025552551228,2.6528742000124192,2.694742441177368,379200
2018-10-05,2.6698643836749376,2.6698643836749376,2.526055844184329,2.563676595687866,241600
2018-10-08,2.5460800045564973,2.5800601840171793,2.4726587809691134,2.5157406330108643,387200
2018-10-09,2.5309103175175167,2.532730837209648,2.489648753718415,2.5048184394836426,337600
2018-10-10,2.4459601871574046,2.4459601871574046,2.2742392352219176,2.278486728668213,1020800
2018-10-11,2.259676586588104,2.3421994861171833,2.1722990448368926,2.2074928283691406,1449600
2018-10-12,2.333097918764879,2.333097918764879,2.223876218103376,2.292443037033081,326400
2018-10-15,2.274239313148425,2.2906226019188063,2.2323710628270335,2.238438844680786,193600
2018-10-16,2.2888024344777493,2.3858883380889893,2.2888024344777493,2.3858883380889893,396800
2018-10-17,2.419867992311272,2.419867992311272,2.337344876504618,2.3622231483459473,617600
2018-10-18,2.344626291735412,2.344626291735412,2.2475404079771986,2.2517879009246826,168000
2018-10-19,2.2833407207993353,2.292442391600454,2.1644102316808667,2.1838276386260986,446400
2018-10-22,2.1965703842640227,2.2335844518563355,2.165017412406166,2.210526466369629,219200
2018-10-23,2.0831010138865915,2.1947496603349688,2.050334442531004,2.1686580181121826,478400
2018-10-24,2.1122267754739763,2.1122267754739763,1.8810407198068644,1.885895013809204,798400
2018-10-25,1.9125933889660471,2.0090725684117943,1.8931762159995664,1.983587384223938,1126400
2018-10-26,1.8877155692688072,1.9975439365032024,1.8719390835586018,1.9344381093978882,612800
2018-10-29,1.9939033235174635,2.02242240381602,1.8082263060237111,1.874972939491272,584000
2018-10-30,1.87982711692259,2.053368330001831,1.87982711692259,2.053368330001831,966400
2018-10-31,2.1237558501263174,2.1273966577703862,2.057616015820686,2.087348699569702,713600
2018-11-01,2.1298233598882943,2.2645302164233487,2.1013045137938646,2.2554283142089844,609600
2018-11-02,2.273632277775027,2.273632277775027,2.134071001898466,2.1722986698150635,441600
2018-11-05,2.171691839278338,2.171691839278338,2.0855279208444117,2.1619832515716553,302400
2018-11-06,2.17897329081794,2.207492369373095,2.1656238954991873,2.190502166748047,246400
2018-11-07,2.2505736219656827,2.2639230137714996,2.211739280135236,2.2536075115203857,369600
2018-11-08,2.2099197741376915,2.2572493524740285,2.199604498629529,2.224482774734497,598400
2018-11-09,2.1844347304984075,2.1844347304984075,2.1286103984917664,2.155308961868286,678400
2018-11-12,2.047300705510306,2.047300705510306,1.9386857098103485,1.9483942985534668,803200
2018-11-13,2.024242838650172,2.0885621560276504,1.996330673317643,2.011500358581543,739200
2018-11-14,2.0600432061010143,2.075212890635674,1.984801468961854,2.0108933448791504,489600
2018-11-15,2.013320581002098,2.1577360448107563,2.013320581002098,2.138925552368164,635200
2018-11-16,1.950214791749699,2.0679317030474493,1.9429334072941906,2.055795907974243,1132800
2018-11-19,2.043052927927885,2.043052927927885,1.8895358000753542,1.891963005065918,1043200
2018-11-20,1.7912362371275983,1.944146673019454,1.7784936429355274,1.8992443084716797,795200
2018-11-21,1.952641657109877,1.952641657109877,1.8937832117080688,1.8937832117080688,342400
2018-11-23,1.8646575660018094,1.9138074264534193,1.8646575660018094,1.8828612565994263,128000
2018-11-26,1.937471911312764,1.9611365795135498,1.8998510469368144,1.9611365795135498,283200
2018-11-27,1.932617738863314,2.005432151646799,1.923515951732316,1.9775199890136719,241600
2018-11-28,2.0181744384834377,2.0588293075561523,1.9477871216213034,2.0588293075561523,328000
2018-11-29,2.0576160032049846,2.0576160032049846,2.021815538406372,2.021815538406372,252800
2018-11-30,2.006038849007193,2.1006975173950195,2.006038849007193,2.1006975173950195,224000
2018-12-03,2.2505743861191605,2.2505743861191605,2.165624060918071,2.2087061405181885,697600
2018-12-04,2.195356791052702,2.195356791052702,1.9799473143369741,1.9829812049865723,243200
2018-12-06,1.8676913214910735,1.9793400764465332,1.8676913214910735,1.9793400764465332,699200
2018-12-07,1.9939035763867872,1.9939035763867872,1.815508035590909,1.831284523010254,608000
2018-12-10,1.8567692138636946,1.9113800492670836,1.8452402224304305,1.9004578590393066,502400
2018-12-11,1.9805540326078956,1.993296512429393,1.893176730512026,1.9138075113296509,683200
2018-12-12,1.9841948867513897,2.023635929712723,1.9386858307776011,1.9647777080535889,606400
2018-12-13,1.9993639357232043,2.0102861241983074,1.9471801977801442,1.965383768081665,300800
2018-12-14,1.9289769665192276,1.985408206402071,1.9107732772827148,1.9107732772827148,267200
2018-12-17,1.8980310842927213,1.9623505181650893,1.8367455412147466,1.860410213470459,465600
2018-12-18,1.8956035170182313,1.961136540986091,1.8956035170182313,1.9125936031341553,438400
2018-12-19,1.891356477161845,1.9040989579973675,1.7281306214927543,1.7463343143463135,1198400
2018-12-20,1.7554357070344142,1.7936632566557513,1.6808008956517353,1.7141741514205933,904000
2018-12-21,1.7311644722354464,1.774853122824812,1.6516752404990243,1.6595635414123535,1252800
2018-12-24,1.646214129904223,1.6528888281961678,1.5606571176014248,1.561263918876648,494400
2018-12-26,1.5962001903749055,1.7406995296478271,1.562056903754303,1.7406995296478271,787200
2018-12-27,1.6833875480595832,1.7693555355072021,1.650463578590394,1.7693555355072021,1164800
2018-12-28,1.803498909307263,1.859591510336278,1.7681361901558053,1.7986212968826294,830400
2018-12-31,1.8467878961569795,1.8473974959797361,1.7845982480045792,1.805328130722046,769600
2019-01-02,1.7406995770803706,1.8662983026529407,1.7236279914506096,1.8419101238250732,982400
2019-01-03,1.7541131852405296,1.7626489784765593,1.624856272982929,1.625465989112854,1288000
2019-01-04,1.6876554022376298,1.7864270756072753,1.6766807460206814,1.7724039554595947,867200
2019-01-07,1.7815496730973504,1.8662983525792916,1.7724041639379713,1.8352035284042358,700800
2019-01-08,1.875444004244907,1.875444004244907,1.7687461179312731,1.8169125318527222,1222400
2019-01-09,1.865688604164524,1.9162938780145706,1.865688604164524,1.8980027437210083,267200
2019-01-10,1.8675175532432242,1.94738861515717,1.8669079534561583,1.9412915706634521,222400
2019-01-11,1.917513378803586,2.0040909756486025,1.917513378803586,1.9809224605560303,243200
2019-01-14,1.9376334857655622,1.9498274590611766,1.9101968423403801,1.9278782606124878,292800
2019-01-15,1.946169142589959,1.981531860369511,1.9382430663167185,1.942510962486267,371200
2019-01-16,1.9364142730961,1.9662896680510464,1.9101970589154509,1.9108067750930786,184000
2019-01-17,1.890686636916244,1.9516567438740875,1.8894672045413046,1.9486082792282104,144000
2019-01-18,1.9906773952566206,2.0492087394408482,1.9699475151185126,2.032137155532837,419200
2019-01-22,2.001042620430852,2.001042620430852,1.891296269925273,1.9230008125305176,492800
2019-01-23,1.9400722751011943,1.9522663649471799,1.8748341618955282,1.891296148300171,163200
2019-01-24,1.9681185367225313,2.096156132387929,1.9681185367225313,2.085181474685669,641600
2019-01-25,2.0681095094336275,2.1284701225266707,2.0132364573864927,2.1126179695129395,478400
2019-01-28,1.9601928860335947,2.0473803290256307,1.94312118065264,2.0156757831573486,612800
2019-01-29,2.0296986860670074,2.0296986860670074,1.9608022721249454,1.963850736618042,232000
2019-01-30,2.0193336313963868,2.0766457873366746,1.9821417597967357,2.060793399810791,459200
2019-01-31,2.056525468826294,2.068719559201381,2.0120172366527154,2.056525468826294,243200
2019-02-01,2.0607931490105904,2.1235926264389473,2.0607931490105904,2.1126179695129395,315200
2019-02-04,2.1181056935191465,2.145542108374843,2.0857913164989883,2.144932508468628,779200
2019-02-05,2.1528585095953012,2.184563051281804,2.1492002127373837,2.1717591285705566,212800
2019-02-06,2.2113905226227746,2.30406531071921,2.2113905226227746,2.2717509269714355,681600
2019-02-07,2.2187064313444536,2.2357780197702364,2.1418840508454813,2.171149730682373,736000
2019-02-08,2.1126180642680072,2.1729784474854275,2.0924977814735906,2.166271686553955,302400
2019-02-11,2.1894406143794565,2.1949279435416282,2.169320562506784,2.183953285217285,211200
2019-02-12,2.2388261908839184,2.285773280604111,2.2388261908839184,2.278456687927246,643200
2019-02-13,2.2833341500122875,2.3375975934962567,2.2833341500122875,2.3077220916748047,240000
2019-02-14,2.308332221157035,2.351011415290113,2.308332221157035,2.327232837677002,291200
2019-02-15,2.3760094440917188,2.3760094440917188,2.3394271741391144,2.3571085929870605,328000
2019-02-19,2.3308917886467437,2.374790427235489,2.3308917886467437,2.3449149131774902,358400
2019-02-20,2.3650348064432527,2.401007244281444,2.3650348064432527,2.376009464263916,336000
2019-02-21,2.3668632341079765,2.3784474888123492,2.329671373500697,2.3406460285186768,304000
2019-02-22,2.3814965246530715,2.410152365657836,2.3814965246530715,2.4016165733337402,707200
2019-02-25,2.4717331017691953,2.49002412367354,2.432712193017804,2.4345412254333496,704000
2019-02-26,2.4211272929463457,2.436369847395894,2.4113720674019516,2.413201332092285,211200
2019-02-27,2.378447982730677,2.389422640027699,2.3272329928722097,2.3705220222473145,608000
2019-02-28,2.340646436717118,2.3778383038104955,2.3363785404194752,2.36930251121521,201600
2019-03-01,2.418078672452082,2.438198954666242,2.36686368350493,2.407104015350342,2316800
2019-03-04,2.4449058262157766,2.4558804848589406,2.361986519087228,2.4235663414001465,556800
2019-03-05,2.4119817459895803,2.4321017956366022,2.3888129995807565,2.4034457206726074,276800
2019-03-06,2.3942998448539807,2.3942998448539807,2.324184019977555,2.3254034519195557,534400
2019-03-07,2.3004065383759986,2.303455003078977,2.251020572889137,2.268092393875122,1385600
2019-03-08,2.2052924764678234,2.2711404176668157,2.18700145921796,2.2687015533447266,625600
2019-03-11,2.2930900849278357,2.394300644069245,2.2930900849278357,2.3747901916503906,539200
2019-03-12,2.388203581990302,2.4162500620229332,2.3491826755241436,2.391252279281616,454400
2019-03-13,2.4260054755499505,2.4662458175163433,2.4162502481818238,2.431492805480957,480000
2019-03-14,2.422956537367393,2.4442960203850754,2.3943004608154297,2.3943004608154297,214400
2019-03-15,2.457099818355871,2.5680656000983153,2.457099818355871,2.5375804901123047,590400
2019-03-18,2.5570912754423833,2.570504800012419,2.5113636044986736,2.5278255939483643,352000
2019-03-19,2.560139462956347,2.603428260340546,2.560139462956347,2.5906245708465576,478400
2019-03-20,2.587202667059973,2.5969795218181675,2.518764683752609,2.5395405292510986,470400
2019-03-21,2.5432069042048675,2.725300984090505,2.5432069042048675,2.6965816020965576,592000
2019-03-22,2.687415450697332,2.6965813538913057,2.5493173499457478,2.5517613887786865,632000
2019-03-25,2.5218199116390245,2.556039019902805,2.451548607684359,2.487600803375244,504000
2019-03-26,2.5621493189176427,2.579258755513204,2.5181533584163818,2.5474839210510254,366400
2019-03-27,2.542595402147541,2.566426467766746,2.4521594498266364,2.483323097229004,265600
2019-03-28,2.499821709380902,2.5334296301356085,2.449715303943284,2.4802680015563965,259200
2019-03-29,2.5322075695142687,2.557260772977637,2.5285413948748334,2.5487060546875,572800
2019-04-01,2.61958852618157,2.658084994822472,2.606756447667473,2.656251907348633,646400
2019-04-02,2.6709170584462743,2.673361330463507,2.6360869980458386,2.661140203475952,292800
2019-04-03,2.7228564091572145,2.815125450469851,2.7228564091572145,2.7705185413360596,932800
2019-04-04,2.7534093260398946,2.801071462031057,2.749742918233422,2.7766292095184326,616000
2019-04-05,2.798016653545168,2.803516149520874,2.7637975415742595,2.803516149520874,539200
2019-04-08,2.7857953762966647,2.8200144864351264,2.7760185209854784,2.8151259422302246,366400
2019-04-09,2.7540205629843935,2.769296914113927,2.7314116285802976,2.757075786590576,235200
2019-04-10,2.758909099549008,2.81451500818169,2.758909099549008,2.8090155124664307,256000
2019-04-11,2.807793491670538,2.841401418821823,2.7931280914616092,2.809626579284668,174400
2019-04-12,2.860343413446536,2.8786749839782715,2.8401785226926304,2.8786749839782715,494400
2019-04-15,2.8792866319117025,2.886619448377293,2.8029048753014703,2.8377349376678467,395200
2019-04-16,2.8707317649646864,2.9941647052764893,2.8707317649646864,2.9941647052764893,745600
2019-04-17,3.104154367928877,3.151816739887662,3.0613805400063203,3.0968217849731445,1112000
2019-04-18,3.1102651837730693,3.1102651837730693,3.0644361303762087,3.0901002883911133,396800
2019-04-22,3.0601583947533566,3.108431481245875,3.046715132816949,3.1004879474639893,388800
2019-04-23,3.1120985833708454,3.170148770114014,3.1120985833708454,3.154872417449951,300800
2019-04-24,3.1463175910173953,3.256918231387614,3.1463175910173953,3.1964240074157715,512000
2019-04-25,3.184813153669223,3.184813153669223,3.030216577379915,3.0791008472442627,625600
2019-04-26,2.905561994793004,2.925726890563965,2.8175702944890695,2.925726890563965,1772800
2019-04-29,2.9202269916287373,2.9281705254432637,2.8853969338309144,2.8951737880706787,489600
2019-04-30,2.8957843137652106,2.9379471808683566,2.882341053749882,2.9238927364349365,180800
2019-05-01,2.9813324108860493,3.002108255436072,2.8866190910339355,2.8866190910339355,811200
2019-05-02,2.8798977298427517,2.9862210013096644,2.8798977298427517,2.9214494228363037,243200
2019-05-03,2.965444768729871,2.9837765738569244,2.9214490424812647,2.981332302093506,579200
2019-05-06,2.813292081029552,2.904950161777355,2.7735734861327495,2.896395444869995,668800
2019-05-07,2.831013357452588,2.83529071690074,2.7088025547085666,2.7674636840820312,1270400
2019-05-08,2.725300492308418,2.789461342796817,2.6978032513546246,2.6990251541137695,721600
2019-05-09,2.618366040264138,2.6348645246197706,2.5102096979859563,2.603700876235962,1028800
2019-05-10,2.5609275300183154,2.6311988394411,2.4851567247876725,2.6000349521636963,552000
2019-05-13,2.4448265182932722,2.4686578158739714,2.359890064637012,2.377610683441162,3220800
2019-05-14,2.4307725519023586,2.505321208804679,2.414885251678194,2.4778237342834473,633600
2019-05-15,2.433828160609905,2.5383183372375595,2.433828160609905,2.5132651329040527,574400
2019-05-16,2.4619366521879,2.484545585198036,2.4222180484605267,2.438105583190918,473600
2019-05-17,2.3757776683141105,2.452159407095184,2.3330038479769954,2.3458359241485596,505600
2019-05-20,2.2376798994813973,2.240124171661822,2.1447996545128802,2.166797637939453,1152000
2019-05-21,2.2633441893135102,2.2761762680352766,2.2260698560848056,2.254178285598755,556800
2019-05-22,2.1845181501244437,2.1955171412764556,2.155187584751949,2.1637423038482666,638400
2019-05-23,2.088582126376221,2.1075248800809265,2.029309826960329,2.1026363372802734,456000
2019-05-24,2.131356258210965,2.142355248038032,2.0720839500427246,2.0720839500427246,222400
2019-05-28,2.0873610435647634,2.0873610435647634,2.009757135699227,2.0201451778411865,648000
2019-05-29,1.98592565618735,2.056807916438092,1.9828704325667859,2.040309429168701,664000
2019-05-30,2.048863848677789,2.0959150314637376,2.046419809998215,2.0671956539154053,398400
2019-05-31,2.0115897829306966,2.0659737881620903,2.004257199736032,2.005479335784912,224000
2019-06-03,2.0403091702171734,2.0775834997136937,1.9773706858468076,1.9987574815750122,403200
2019-06-04,2.059863049295006,2.1735191345214844,2.040309339266645,2.1735191345214844,740800
2019-06-05,2.218737175610795,2.218737175610795,2.1063032293901465,2.148465871810913,292800
2019-06-06,2.1661867117514886,2.2193483502543843,2.1447996795708417,2.2040719985961914,350400
2019-06-07,2.2181261898061386,2.268843788642059,2.2181261898061386,2.2609000205993652,464000
2019-06-10,2.320783135074574,2.420385005391306,2.320783135074574,2.3715007305145264,617600
2019-06-11,2.4374942730366893,2.4533818069483475,2.3592794386980422,2.389220952987671,337600
2019-06-12,2.3189499120237995,2.3275046304897256,2.279231309890747,2.279231309890747,201600
2019-06-13,2.315894745413965,2.331782046796896,2.2841199095495006,2.305506706237793,220800
2019-06-14,2.199794417837129,2.216903855384309,2.151521095502038,2.1979613304138184,516800
2019-06-17,2.1857401239707697,2.2187370949784366,2.1790184928656604,2.1814627647399902,236800
2019-06-18,2.2321800533705667,2.402053213677078,2.2321800533705667,2.3617236614227295,553600
2019-06-19,2.386165682382438,2.391665177381419,2.339114499190847,2.360501527786255,251200
2019-06-20,2.4503267057891986,2.459492609997585,2.37272304471234,2.393498659133911,294400
2019-06-21,2.374555830805877,2.4130522972549397,2.3617237530223885,2.3721115589141846,516800
2019-06-24,2.3794442406432808,2.397164862948581,2.3666121623250733,2.381277561187744,310400
2019-06-25,2.390289708978287,2.408681221114158,2.3185625076293945,2.3185625076293945,212800
2019-06-26,2.420329198705831,2.4963477474301463,2.420329198705831,2.47121262550354,707200
2019-06-27,2.5030912738447078,2.551522201122952,2.5030912738447078,2.5233218669891357,324800
2019-06-28,2.5625575937470884,2.574818681861447,2.5270006954623345,2.5331311225891113,544000
2019-07-01,2.7476990274662483,2.7814168404753583,2.614053673624371,2.6398019790649414,3353600
2019-07-02,2.6398017919131984,2.6398017919131984,2.5643964298116106,2.5870792865753174,360000
2019-07-03,2.581562455697786,2.581562455697786,2.531292201716325,2.5693013668060303,313600
2019-07-05,2.513513159411844,2.541100545738519,2.4859257730851687,2.5312917232513428,292800
2019-07-08,2.4889905813956097,2.508608223178888,2.4767297306766136,2.4951212406158447,409600
2019-07-09,2.4681472038787446,2.5288394536654564,2.4681472038787446,2.5257742404937744,273600
2019-07-10,2.5699140126995137,2.623862657139466,2.5509095493280696,2.557039976119995,833600
2019-07-11,2.579723095198064,2.601179823042309,2.559492265635667,2.584627389907837,446400
2019-07-12,2.6054713868813666,2.6925246715545654,2.6054713868813666,2.6925246715545654,371200
2019-07-15,2.706012102380282,2.7476996665142197,2.706012102380282,2.7244036197662354,483200
2019-07-16,2.70601149599244,2.70601149599244,2.6508369561985963,2.667389154434204,115200
2019-07-17,2.7017202167027348,2.7017202167027348,2.67965030670166,2.67965030670166,46400
2019-07-18,2.673519644867495,2.746472744187485,2.668615116916186,2.7335987091064453,171200
2019-07-19,2.7587338302049935,2.788160296330555,2.7335987091064453,2.7335987091064453,292800
2019-07-22,2.753829356049427,2.8519178122448765,2.753829356049427,2.842721939086914,510400
2019-07-23,2.885022476137804,2.908318281173706,2.8549828285715315,2.908318281173706,379200
2019-07-24,2.9438757833687763,3.089782227392633,2.9420367021721745,3.078747272491455,1374400
2019-07-25,3.021733455477383,3.0315422784194848,2.9665586802650687,2.976980686187744,913600
2019-07-26,3.016828927075939,3.0284770650989756,2.9696238935855783,2.976980686187744,876800
2019-07-29,2.962880744859231,3.0051812531894773,2.9303888263618956,2.9984376430511475,147200
2019-07-30,2.9426501267603618,2.992307431839338,2.927323824016818,2.9708504676818848,139200
2019-07-31,2.9585890074233028,2.9585890074233028,2.751377588714624,2.789386749267578,619200
2019-08-01,2.770381704585366,2.904027049683473,2.6422538364449153,2.679037094116211,880000
2019-08-02,2.6735196708721127,2.6735196708721127,2.56010491643296,2.5993404388427734,2952000
2019-08-05,2.5190303751438012,2.5190303751438012,2.3320495843482325,2.385385036468506,1841600
2019-08-06,2.4534340308944134,2.4748907564653204,2.377415483130343,2.4166507720947266,1356800
2019-08-07,2.3688332097752247,2.457112859341533,2.3492155618406696,2.4479169845581055,3028800
2019-08-08,2.4896045341254918,2.5674621763434025,2.4344297533849852,2.5668489933013916,1044800
2019-08-09,2.5288399456955517,2.5374226377904843,2.447303903072053,2.4773435592651367,713600
2019-08-12,2.4430119313699303,2.465695021938342,2.4050027758861545,2.4252336025238037,428800
2019-08-13,2.424621056078836,2.5993410483074744,2.3976468473419446,2.564397096633911,689600
2019-08-14,2.5073826701508257,2.5073826701508257,2.3853852242827234,2.4166507720947266,852800
2019-08-15,2.438107961191216,2.438107961191216,2.360250325004399,2.4000988006591797,369600
2019-08-16,2.4638563481572198,2.534970383627934,2.4638563481572198,2.5263876914978027,348800
2019-08-19,2.6686153337367635,2.6686153337367635,2.600566522978465,2.630606174468994,819200
2019-08-20,2.6330587839400494,2.633671733133763,2.57788400207323,2.600566864013672,430400
2019-08-21,2.6514498990861632,2.676585021723069,2.637349731154316,2.6563544273376465,251200
2019-08-22,2.663710785465732,2.682102297303662,2.605470803094986,2.646545171737671,332800
2019-08-23,2.5791102909654984,2.6152803759726027,2.400099181344459,2.4141993522644043,843200
2019-08-26,2.4810215721686757,2.48286065337276,2.4479167073304504,2.463243007659912,240000
2019-08-27,2.4963480488905527,2.5079959537741043,2.4203294909861937,2.450982093811035,256000
2019-08-28,2.4282988088795303,2.4742777050824176,2.4154247740693044,2.4736645221710205,156800
2019-08-29,2.552135681923407,2.6122147531662265,2.552135681923407,2.584014415740967,630400
2019-08-30,2.6281539796014584,2.6624849773730124,2.6017927236780984,2.621410369873047,292800
2019-09-03,2.5619446192897493,2.5686882293791204,2.501252362346212,2.532518148422241,299200
2019-09-04,2.604244419997847,2.680262957821144,2.604244419997847,2.6784236431121826,312000
2019-09-05,2.7826429754354667,2.9070924559225992,2.758733984983335,2.8396568298339844,1100800
2019-09-06,2.8598881267191976,2.8752144291477872,2.8145221686318123,2.861114025115967,2739200
2019-09-09,2.892992441276541,2.9303886524712226,2.8709227646709095,2.88624906539917,406400
2019-09-10,2.8660183057647903,2.9095449447631836,2.823104615911661,2.9095449447631836,121600
2019-09-11,2.9267107076397783,2.991081128713827,2.9267107076397783,2.98862886428833,318400
2019-09-12,3.0346073391761275,3.055451116112778,2.964106267044898,3.016828775405884,715200
2019-09-13,3.0168292398048706,3.0168292398048706,2.9408109125886064,2.967785120010376,395200
2019-09-16,2.9138361027355506,2.9469409671072118,2.8758269439351887,2.932227849960327,339200
2019-09-17,2.928549617866064,2.945715000119678,2.8997360972025317,2.9414236545562744,123200
2019-09-18,2.9451020509795316,2.9451020509795316,2.8690834952577675,2.9414236545562744,702400
2019-09-19,2.9567496069304116,2.962267083984395,2.903414151315749,2.911996841430664,547200
2019-09-20,2.9359061381239147,2.9359061381239147,2.8096175694482812,2.8108434677124023,684800
2019-09-23,2.80961754158575,2.8880881259155977,2.80961754158575,2.8641791343688965,244800
2019-09-24,2.9015748805508133,2.9015748805508133,2.7280810730877993,2.756894588470459,680000
2019-09-25,2.728880689769348,2.860348804607457,2.6871060529285242,2.841304302215576,260800
2019-09-26,2.83946197448238,2.850520044764579,2.800758728494684,2.8333184719085693,166400
2019-09-27,2.805672940580062,2.827174845337012,2.677276916795711,2.7172086238861084,382400
2019-09-30,2.7411678709263065,2.7718846788212472,2.7245807665409614,2.765126943588257,105600
2019-10-01,2.795229605569441,2.848676787354454,2.694478510029636,2.7147514820098877,148800
2019-10-02,2.6723625682313474,2.6760486699330803,2.596184773516894,2.625058650970459,742400
2019-10-03,2.623214917797144,2.7215085897122493,2.565467180490245,2.7184369564056396,534400
2019-10-04,2.7589833393202503,2.8179595470428467,2.743624937245577,2.8179595470428467,355200
2019-10-07,2.8050588251239894,2.8333182315138496,2.7724990844726562,2.7724990844726562,208000
2019-10-08,2.7092223786013925,2.7092223786013925,2.6133860873873265,2.6140003204345703,531200
2019-10-09,2.68157737946803,2.7325671578841395,2.6785055112478506,2.695707082748413,211200
2019-10-10,2.691406410932078,2.803829790042494,2.691406410932078,2.7417819499969482,395200
2019-10-11,2.83208988129222,2.924240314319307,2.83208988129222,2.8615782260894775,643200
2019-10-14,2.8560492113024942,2.8566634444128036,2.838233404544791,2.852363109588623,73600
2019-10-15,2.8873798929077683,3.0059467881092665,2.8873798929077683,2.9887454509735107,420800
2019-10-16,2.9641719721904245,2.9807590766335674,2.9107247918851717,2.9205541610717773,171200
2019-10-17,2.991202722856505,2.9979604582124257,2.899666764900799,2.929154872894287,169600
2019-10-18,2.9168680341992186,2.9273118706907586,2.8105879075652758,2.862192153930664,184000
2019-10-21,2.9070380734479553,2.964785575866699,2.9070380734479553,2.964785575866699,200000
2019-10-22,2.9795306834737008,2.98936005367402,2.9168683605651626,2.9199399948120117,121600
2019-10-23,2.80505856632208,2.8437618054551144,2.754683025892057,2.8019869327545166,225600
2019-10-24,2.8689497858628368,2.918096629596439,2.853591382549171,2.915024995803833,140800
2019-10-25,2.950041555652324,3.1122262252091213,2.950041555652324,3.1079258918762207,753600
2019-10-28,3.146629660974151,3.195776503381369,3.1386432258484063,3.190861701965332,555200
2019-10-29,3.2099064012604193,3.2099064012604193,3.1183702112967953,3.1214420795440674,427200
2019-10-30,3.1527726814580905,3.1527726814580905,3.0851958077348365,3.1232845783233643,156800
2019-10-31,3.1073117859043835,3.1073117859043835,3.010246579624134,3.0999395847320557,313600
2019-11-01,3.134343425838316,3.1951625804455133,3.123285355118704,3.1902480125427246,350400
2019-11-04,3.2559813897564727,3.353046607826194,3.2559813897564727,3.3444457054138184,699200
2019-11-05,3.369019443486077,3.4071082190267132,3.3303162005613585,3.3561184406280518,638400
2019-11-06,3.349360725913667,3.349360725913667,3.255367369731604,3.3266303539276123,312000
2019-11-07,3.4187806239377316,3.450725896158459,3.364104512045001,3.377619981765747,363200
2019-11-08,3.3536610413919696,3.417552057029761,3.317415199285015,3.4169375896453857,318400
2019-11-11,3.3720910571672946,3.399121997489688,3.3413742499650407,3.385606527328491,244800
2019-11-12,3.42738131819737,3.45502649085848,3.378848707786825,3.402193546295166,369600
2019-11-13,3.3567322889453854,3.403421962057563,3.3450599878426486,3.3868348598480225,249600
2019-11-14,3.353046332411979,3.378848334477881,3.3364592306479235,3.3763909339904785,264000
2019-11-15,3.448268823030557,3.4882005315617737,3.391135543202985,3.4218523502349854,358400
2019-11-18,3.414480360062572,3.471613405169666,3.394207155064379,3.4378249645233154,244800
2019-11-19,3.4636267601189163,3.4832854952240115,3.366561550480728,3.405879020690918,302400
2019-11-20,3.370247921341535,3.39236405869517,3.285469472936143,3.3198723793029785,332800
2019-11-21,3.30082832548216,3.3069718280013665,3.2559818116699177,3.2817838191986084,228800
2019-11-22,3.313728606928764,3.3364592097690835,3.2621243687692782,3.268267869949341,129600
2019-11-25,3.3389168306382,3.426766917497773,3.3389168306382,3.4218523502349854,337600
2019-11-26,3.4163232684345473,3.4163232684345473,3.3677906577498016,3.3929784297943115,256000
2019-11-27,3.427381018416605,3.430452651921256,3.40956521599877,3.4298384189605713,200000
2019-11-29,3.3966649647116247,3.399736598894546,3.364104986190796,3.364104986190796,651200
2019-12-02,3.3837631330641442,3.3837631330641442,3.2590527534484863,3.2590527534484863,641600
2019-12-03,3.1042402311283115,3.1527728391602152,3.0858101950410615,3.146629571914673,673600
2019-12-04,3.259667542266946,3.259667542266946,3.2154352665644437,3.235708236694336,510400
2019-12-05,3.2774836626218073,3.2805555312235835,3.2197361419087547,3.241852283477783,329600
2019-12-06,3.299599349385969,3.3555039287128077,3.299599349385969,3.3407599925994873,334400
2019-12-09,3.341988494572825,3.3512033955088634,3.3155720233917236,3.3155720233917236,356800
2019-12-10,3.340759901332347,3.3702480071040335,3.308199927466221,3.3235583305358887,384000
2019-12-11,3.378848858606301,3.4660844802856445,3.378848858606301,3.4660844802856445,361600
2019-12-12,3.4544118137513173,3.631340673689167,3.4501114798596526,3.625197172164917,1163200
2019-12-13,3.623354608651132,3.681716590159012,3.559463592382492,3.583422899246216,998400
2019-12-16,3.6485420347233894,3.716119145858118,3.6411700671934524,3.6430130004882812,803200
2019-12-17,3.6811023871654736,3.681716854600051,3.6387132738554584,3.662058115005493,270400
2019-12-18,3.6872455813650538,3.6872455813650538,3.6503852719451757,3.655914306640625,297600
2019-12-19,3.6823308078668107,3.7277917861938477,3.6688155718917272,3.7277917861938477,539200
2019-12-20,3.780009690224217,3.8144125938415527,3.7535932209797758,3.8144125938415527,1160000
2019-12-23,3.8555740039244077,3.859260105601393,3.8187139245572306,3.823014259338379,452800
2019-12-24,3.823076165675011,3.8477015495300293,3.8083011232380524,3.8477015495300293,187200
2019-12-26,3.8741732064508634,3.8741732064508634,3.8292320868967806,3.847085475921631,305600
2019-12-27,3.8772514697481393,3.887101575306207,3.817535072702019,3.837851047515869,534400
2019-12-30,3.834157408633527,3.834157408633527,3.7276530622653796,3.7596659660339355,624000
2019-12-31,3.7368871836691704,3.8002972197345963,3.7368871836691704,3.797834634780884,422400
2020-01-02,3.898182775915768,3.9480488300323486,3.862476233143712,3.9480488300323486,849600
2020-01-03,3.845854434469632,3.872942166767106,3.787369328410607,3.8218448162078857,907200
2020-01-06,3.728884256651272,3.773209850677633,3.693793239662086,3.760897159576416,843200
2020-01-07,3.818150698613214,3.8883327275374007,3.7861377979934914,3.8513948917388916,758400
2020-01-08,3.853242249155155,3.888333268499264,3.8175354660498853,3.8477015495300293,499200
2020-01-09,3.9271176778095045,3.9400458970463794,3.81691946276368,3.892026662826538,526400
2020-01-10,3.934505779528502,3.934505779528502,3.8199981411491053,3.842160940170288,512000
2020-01-13,3.8784827542246365,3.9369678585986194,3.8698639412348994,3.926501989364624,350400
2020-01-14,3.936967840389121,3.983755782764877,3.8981829472696536,3.9326584339141846,566400
2020-01-15,3.919114326004946,3.9234237323426644,3.8298476157257264,3.847085475921631,496000
2020-01-16,3.8920265623287884,3.9726742244006945,3.8920265623287884,3.9671337604522705,420800
2020-01-17,4.000378242220545,4.02254056930542,3.975137096569572,4.02254056930542,337600
2020-01-21,4.003456913297882,4.071792138589191,4.003456913297882,4.042242050170898,480000
2020-01-22,4.092106103884079,4.206613696949642,4.092106103884079,4.146897315979004,1078400
2020-01-23,4.164752145507984,4.21708079131622,4.099494809493956,4.21461820602417,577600
2020-01-24,4.33343504767865,4.417161065022934,4.169061361887044,4.2361650466918945,1523200
2020-01-27,3.9972994510271675,4.01084343307874,3.8969513477755595,3.902492046356201,1387200
2020-01-28,3.9837561209762526,4.1093451527952825,3.9498966299957563,4.087798118591309,1051200
2020-01-29,4.082257215906706,4.082257215906706,3.935736912493658,3.9443557262420654,772800
2020-01-30,3.905570900254851,3.9511277899793553,3.78613832858044,3.9449715614318848,614400
2020-01-31,3.901876558643403,3.901876558643403,3.641464192301121,3.6685519218444824,1339200
2020-02-03,3.6703993042493326,3.7732100091918084,3.6703993042493326,3.755972146987915,779200
2020-02-04,3.9326585661977504,3.9763681612659285,3.887717443700978,3.96343994140625,777600
2020-02-05,4.103803262541407,4.149359900416861,4.033620780287391,4.146897315979004,774400
2020-02-06,4.155517299335668,4.158595648174175,4.0650192918886106,4.153054714202881,484800
2020-02-07,4.093954150277248,4.100726142085997,3.9812933443936194,3.982524871826172,356800
2020-02-10,3.9252708921562594,4.095185279846191,3.9252708921562594,4.095185279846191,624000
2020-02-11,4.1696764810152755,4.2841836211770525,4.1696764810152755,4.247245788574219,564800
2020-02-12,4.33158797217318,4.3796072061328655,4.322969159395291,4.350057125091553,585600
2020-02-13,4.278643586653646,4.407310484887392,4.278643586653646,4.358675956726074,595200
2020-02-14,4.4251633988632,4.46764216438224,4.3352811679526395,4.37775993347168,643200
2020-02-18,4.258943385123607,4.298343806560473,4.22508342778408,4.289109230041504,646400
2020-02-19,4.379606876164714,4.519355630815952,4.379606876164714,4.518124103546143,659200
2020-02-20,4.5002712976893395,4.5002712976893395,4.2355497329370815,4.364832401275635,643200
2020-02-21,4.314351096420334,4.314351096420334,4.072407593529986,4.109345436096191,1366400
2020-02-24,3.7079527286099236,3.838466689823219,3.663011605995087,3.718418598175049,1161600
2020-02-25,3.8009134490872905,3.805222855861767,3.432149644085961,3.461699962615967,1427200
2020-02-26,3.494943978058237,3.630998635967539,3.4463089785845815,3.4875564575195312,2776000
2020-02-27,3.2671593051395704,3.404445225561103,3.132951498031616,3.132951498031616,1657600
2020-02-28,2.8897772353650493,3.313947985131141,2.8725396102688756,3.285013198852539,2452800
2020-03-02,3.421684228183668,3.501716375350952,3.1581934601018236,3.501716375350952,1508800
2020-03-03,3.541731973980979,3.601448372574075,3.1957467430903046,3.2493066787719727,1531200
2020-03-04,3.394595791961821,3.5792854453642704,3.2967102662647205,3.575591802597046,632000
2020-03-05,3.410602162099398,3.546656809177687,3.308407235876811,3.3521170616149902,769600
2020-03-06,3.1963622972480703,3.23760977712332,3.046148123696452,3.2136001586914062,1043200
2020-03-09,2.8922403602954927,2.9242532663399916,2.614590311391675,2.6835410594940186,1086400
2020-03-10,2.8713082301549546,3.0215226208773287,2.668149673275127,3.020291328430176,886400
2020-03-11,2.8392957476874074,2.8934714490864932,2.6318277542222894,2.6903128623962402,873600
2020-03-12,2.4212817038246395,2.4951573844794526,2.067293167114258,2.067293167114258,4187200
2020-03-13,2.3141612283222135,2.594273805618286,2.1294715859496347,2.594273805618286,1539200
2020-03-16,1.8776784354422176,2.2907676348766874,1.7237703669633473,1.7416237592697144,1628800
2020-03-17,1.8130368890707058,2.127009219401571,1.716382534337325,2.0789899826049805,1747200
2020-03-18,1.870906233948235,1.966329296203702,1.5772497613214094,1.7853333950042725,1336000
2020-03-19,1.752704915237319,1.9700231345381716,1.6455849213875096,1.8493592739105225,937600
2020-03-20,1.9700232169899714,2.0420520781355345,1.7520893422476396,1.757014513015747,1507200
2020-03-23,1.801339589916328,1.9423192837657384,1.7299262736793108,1.8949156999588013,1676800
2020-03-24,2.194113346618011,2.2969240566050875,2.1177750775588713,2.2858426570892334,2531200
2020-03-25,2.314403386983453,2.4556610045322023,2.137368867592381,2.2064554691314697,1633600
2020-03-26,2.313169371379537,2.53523353690887,2.2946640634700524,2.529681921005249,1715200
2020-03-27,2.401994666098121,2.456894076088914,2.282943546373113,2.289728879928589,1633600
2020-03-30,2.347712441726146,2.4821846869904247,2.340927108247386,2.476633071899414,1486400
2020-03-31,2.4760162452368264,2.550654447414991,2.3273565824579197,2.360666275024414,1488000
2020-04-01,2.2169412302067966,2.342777688529063,2.0787680579887162,2.136751413345337,1324800
2020-04-02,2.0664309683499846,2.2798593044281006,2.0664309683499846,2.2798593044281006,961600
2020-04-03,2.255185876297636,2.316253412295294,2.1225640794417235,2.186099052429199,1230400
2020-04-06,2.350179398905471,2.6228250162572375,2.350179398905471,2.603085994720459,2104000
2020-04-07,2.8084954956336463,2.8084954956336463,2.5907492637634277,2.5907492637634277,2192000
2020-04-08,2.653667315649916,2.7554466032014973,2.601852324335541,2.742492914199829,1136000
2020-04-09,2.812196746881442,2.8331694891461203,2.5568229197988903,2.616039991378784,1760000
2020-04-13,2.5858143944216287,2.7122678207428774,2.559907014690537,2.708566665649414,932800
2020-04-14,2.816514367968875,2.9386496543884277,2.8078785752888615,2.9386496543884277,2521600
2020-04-15,2.815897987079153,2.8529085991066325,2.72768911859567,2.7862892150878906,1054400
2020-04-16,2.87449808212763,2.9435849029955667,2.7992431396685213,2.9343321323394775,1379200
2020-04-17,3.0367286847537516,3.041663558965728,2.8856015739744034,2.9528377056121826,892800
2020-04-20,2.8967048002378184,2.943585163933092,2.822066592729117,2.822683334350586,668800
2020-04-21,2.7609988949682207,2.7609988949682207,2.5290652131065468,2.551271677017212,1147200
2020-04-22,2.728922702688612,2.868946326993898,2.6814256038968036,2.847973585128784,614400
2020-04-23,2.837487175818388,2.898554938137697,2.782588005065918,2.782588005065918,772800
2020-04-24,2.7634658424458927,2.8886855505734466,2.7246045374885335,2.8837506771087646,451200
2020-04-27,2.962089707231075,2.998483571508159,2.92137794679465,2.9491360187530518,841600
2020-04-28,3.0539998429534396,3.066336791434854,2.899171833669467,2.9022560119628906,851200
2020-04-29,3.007736552574394,3.181687084279604,2.9916986837843527,3.1631815433502197,995200
2020-04-30,3.1533123028696033,3.1533123028696033,2.957772505626481,2.9670250415802,776000
2020-05-01,2.8368706731783644,2.852908541987108,2.6715561701910335,2.6919119358062744,758400
2020-05-04,2.619741244562069,2.748044904449946,2.619741244562069,2.738175392150879,582400
2020-05-05,2.8103460642076703,2.9065737390720012,2.8004765530598488,2.8307018280029297,724800
2020-05-06,2.8794330812962845,2.9750440292396862,2.8775826212075697,2.893620491027832,718400
2020-05-07,2.9799782126646615,3.0015676930558457,2.9330978619471075,2.945434808731079,224000
2020-05-08,3.009587093572069,3.0947115421295166,2.9941659671265977,3.0947115421295166,737600
2020-05-11,3.0570843905726837,3.1767522548807077,3.0539999768363235,3.130488872528076,563200
2020-05-12,3.1989588189416382,3.1989588189416382,2.9503703117370605,2.9503703117370605,428800
2020-05-13,2.993549420561741,3.0206907576037545,2.7758031591533054,2.852292060852051,532800
2020-05-14,2.8029436434659973,3.0132877826690674,2.7295391719150968,3.0132877826690674,664000
2020-05-15,2.8411887767486834,2.9423513412475586,2.788140057485189,2.9423513412475586,681600
2020-05-18,3.091010937816993,3.2008092940151958,3.0829918853608436,3.1742849349975586,1048000
2020-05-19,3.1915563389565835,3.300120962408847,3.174284517835669,3.181069850921631,603200
2020-05-20,3.311224357827614,3.429658498435902,3.302588564488391,3.394498348236084,758400
2020-05-21,3.402517254173719,3.402517254173719,3.217463740925748,3.2236320972442627,985600
2020-05-22,3.243988329692472,3.2785317393577484,3.1662659520802583,3.2779147624969482,705600
2020-05-26,3.4475472238977978,3.4475472238977978,3.2809989999499214,3.2847001552581787,598400
2020-05-27,3.3272625279847765,3.3821619419076296,3.0823751727474447,3.3772270679473877,1128000
2020-05-28,3.341450098253447,3.4167052826098097,3.204510633583624,3.231034994125366,526400
2020-05-29,3.2544751404821386,3.4321266222661633,3.2415214478801175,3.403134822845459,1121600
2020-06-01,3.3969658714526108,3.3969658714526108,3.3130749020660035,3.3593382835388184,1020800
2020-06-02,3.370441551187121,3.4746885225222344,3.319243530817744,3.471604108810425,409600
2020-06-03,3.53452254273494,3.6313672091804863,3.53452254273494,3.601141929626465,737600
2020-06-04,3.5838698328670064,3.7312960051469464,3.5505603772675784,3.6671440601348877,832000
2020-06-05,3.7948306491310557,3.936704958832462,3.7948306491310557,3.847262382507324,1049600
2020-06-08,3.890442173383763,3.890442173383763,3.7325297371262276,3.824439764022827,942400
2020-06-09,3.728828224138845,3.875020429215024,3.7263607875643663,3.831841230392456,721600
2020-06-10,3.8466460002506904,3.966314097727796,3.8466460002506904,3.891058921813965,1664000
2020-06-11,3.7035381158850265,3.7263613191857714,3.379694431476155,3.3914144039154053,1689600
2020-06-12,3.5906549651348305,3.6066930681426452,3.316775848747126,3.4592671394348145,1040000
2020-06-15,3.3309635344508046,3.5542613943926384,3.3038224348068037,3.550560474395752,862400
2020-06-16,3.7602878484167945,3.7602878484167945,3.5462427487480648,3.661592721939087,1180800
2020-06-17,3.7010706533087965,3.7787930334928777,3.669611656291075,3.708472728729248,696000
2020-06-18,3.6831820686114844,3.719575939249725,3.6622093256113506,3.6961357593536377,387200
2020-06-19,3.783727492263189,3.8065506929022153,3.6437036396690505,3.664059638977051,683200
2020-06-22,3.672078989479229,3.74239929676274,3.599291245197904,3.7312963008880615,568000
2020-06-23,3.797915015508919,3.8090182454132835,3.730678894558141,3.731912612915039,808000
2020-06-24,3.6749437130656455,3.729876491220303,3.51323120930827,3.5706329345703125,638400
2020-06-25,3.5774226798075897,3.627417802810669,3.4539781409423025,3.627417802810669,548800
2020-06-26,3.608283475715579,3.633589594388714,3.457681237203721,3.4768152236938477,584000
2020-06-29,3.4706428610297997,3.5434751510620117,3.3780594654415723,3.5434751510620117,545600
2020-06-30,3.626183371321177,3.7564173990102727,3.6070493828119923,3.736048936843872,1264000
2020-07-01,3.7409869019781423,3.7409869019781423,3.6477861404418945,3.6477861404418945,601600
2020-07-02,3.781106176342569,3.7946851511580335,3.710742825847482,3.7311112880706787,729600
2020-07-06,3.8267804315792415,3.9014643157516407,3.822459891863599,3.8829476833343506,657600
2020-07-07,3.8613451826901914,3.9131918973873407,3.7755510321274697,3.787278413772583,414400
2020-07-08,3.8385077547934197,3.8996129035949707,3.7946850011059152,3.8996129035949707,265600
2020-07-09,3.929856477889734,4.036636202949197,3.840976501541866,4.000219821929932,755200
2020-07-10,4.011947202904468,4.023674583879003,3.9138087926768876,4.000219821929932,337600
2020-07-13,4.087865903503961,4.178597239389521,3.816287837652591,3.820608377456665,902400
2020-07-14,3.7490104941423583,3.9594834091851645,3.678029794938193,3.9446699619293213,1329600
2020-07-15,4.011329996911296,4.011329996911296,3.8218426562258743,3.9341773986816406,1041600
2020-07-16,3.847766303128998,3.928005206661425,3.8113501545821262,3.9020819664001465,790400
2020-07-17,3.9452876547468008,3.987258820048515,3.9138093984964106,3.957015037536621,379200
2020-07-20,3.9854059724123103,4.144032148364906,3.9243010720314793,4.1267499923706055,336000
2020-07-21,4.168721678466604,4.1792143501067525,4.034167126970281,4.0613250732421875,731200
2020-07-22,4.063793740376092,4.169956112534519,4.044042634223607,4.103913307189941,353600
2020-07-23,4.116874835458193,4.175511269014219,3.9045503312862007,3.9662728309631348,3105600
2020-07-24,3.7218528475422508,3.8138191337778906,3.578657199453888,3.7181496620178223,972800
2020-07-27,3.790981599330778,3.8638138946333833,3.769996254179223,3.853938341140747,763200
2020-07-28,3.8082642089647516,3.8193742367010137,3.7292595411233553,3.7354319095611572,624000
2020-07-29,3.828632081589977,3.885416688699723,3.8156704622487094,3.8662827014923096,1094400
2020-07-30,3.8280153367343153,4.023057706787336,3.8280153367343153,4.018119812011719,1180800
2020-07-31,3.9971340522836254,4.027377830575962,3.880478772515052,3.9835550785064697,654400
2020-08-03,4.059474180661886,4.179832910160518,4.059474180661886,4.145885467529297,686400
2020-08-04,4.139711677953313,4.311916828155518,4.139711677953313,4.311916828155518,488000
2020-08-05,4.316238452492079,4.339075862407074,4.23908561333764,4.304511070251465,403200
2020-08-06,4.30389389337305,4.304510776993696,4.216865270702222,4.303276538848877,244800
2020-08-07,4.292166300070593,4.329199564333051,4.107616862348497,4.198965549468994,580800
2020-08-10,4.234764986231887,4.260688226638662,4.090951983983962,4.220568656921387,387200
2020-08-11,4.19834843732337,4.271180731968607,4.080459151010687,4.0965070724487305,390400
2020-08-12,4.1773629249109,4.413759313493144,4.164401305735579,4.400180339813232,457600
2020-08-13,4.42672091917684,4.42672091917684,4.276118441954661,4.302659034729004,265600
2020-08-14,4.366850611919217,4.407587536240789,4.301425156267231,4.318089962005615,179200
2020-08-17,4.393390960705013,4.4995533347291845,4.393390960705013,4.456347465515137,388800
2020-08-18,4.493998495253333,4.5106637724795124,4.400798203135474,4.416228771209717,384000
2020-08-19,4.442769075317659,4.442769075317659,4.342778831238974,4.361295700073242,390400
2020-08-20,4.289697901856588,4.376109176794124,4.2631573060737065,4.328582763671875,587200
2020-08-21,4.3421612869697,4.434127330780029,4.29833853494057,4.434127330780029,454400
2020-08-24,4.510662553085621,4.532265248368864,4.427954485696782,4.492763042449951,721600
2020-08-25,4.4909125253675155,4.578558036303255,4.4909125253675155,4.574854850769043,340800
2020-08-26,4.585346896570163,4.62299751403027,4.555103120068984,4.592136383056641,518400
2020-08-27,4.627935319681379,4.627935319681379,4.444002775391265,4.498318195343018,456000
2020-08-28,4.553868983845333,4.7038541180763165,4.514984123453428,4.70200252532959,472000
2020-08-31,4.721753134999818,4.831618688155908,4.655710332209163,4.747676372528076,435200
2020-09-01,4.779772495814514,4.942719242635143,4.756317733031976,4.927905559539795,526400
2020-09-02,5.108134321226632,5.285894258823134,5.000737250790076,5.221703052520752,940800
2020-09-03,5.078506961779133,5.078506961779133,4.536585649350882,4.599542140960693,1675200
2020-09-04,4.502639280156227,4.677313412308168,4.164401513876236,4.49461555480957,1899200
2020-09-08,4.125515612301808,4.361295096422424,4.071200193291222,4.072434902191162,1224000
2020-09-09,4.294634985729671,4.402031586824676,4.181683136336514,4.339075088500977,724800
2020-09-10,4.431658784512418,4.4680746945752405,4.166252858498518,4.197113990783691,785600
2020-09-11,4.285994691463471,4.350185910448933,4.0761388738001445,4.179214954376221,1068800
2020-09-14,4.3637641899054485,4.441534379984977,4.303893985083672,4.369319438934326,1540800
2020-09-15,4.481036893843929,4.548314415806717,4.45079311214139,4.4859747886657715,556800
2020-09-16,4.531649172319172,4.535969712594627,4.38660192489624,4.38660192489624,456000
2020-09-17,4.1532912926933365,4.397094052510418,4.1409465570789,4.372405052185059,912000
2020-09-18,4.433510256381394,4.433510256381394,4.129219481499211,4.248343467712402,968000
2020-09-21,4.061326415968525,4.268095970153809,4.036637408550062,4.268095970153809,921600
2020-09-22,4.329199040321397,4.378577033963571,4.169955505274007,4.3717875480651855,374400
2020-09-23,4.368207297069928,4.409568105468093,4.117572139454075,4.1490559577941895,2846400
2020-09-24,4.0916447743392625,4.336106299064455,4.0916447743392625,4.227457046508789,612800
2020-09-25,4.232395271305909,4.416976449268042,4.141031106459842,4.396604537963867,593600
2020-09-28,4.533650375693094,4.623162616850724,4.437347027769746,4.621310710906982,804800
2020-09-29,4.622546110676556,4.7348996472594935,4.615138485374727,4.662055015563965,540800
2020-09-30,4.641065948547296,4.802188386818374,4.641065948547296,4.700329303741455,464000
2020-10-01,4.8509571801821805,4.9040473562897775,4.78428573051451,4.881823539733887,728000
2020-10-02,4.6392139896697335,4.794163248326653,4.577481269836426,4.577481269836426,916800
2020-10-05,4.679340629674395,4.881823887396248,4.679340629674395,4.879971981048584,430400
2020-10-06,4.895405205124595,5.085541637234435,4.8225605719127165,4.860217571258545,705600
2020-10-07,5.032451803986963,5.0651705456132925,4.989239082568551,5.048502445220947,460800
2020-10-08,5.126285462970745,5.150978646793864,5.075664648075837,5.1250505447387695,472000
2020-10-09,5.223205262624867,5.247280984758628,5.1645593694238086,5.218883991241455,612800
2020-10-12,5.339880684359217,5.45038231804488,5.307162415638971,5.397292137145996,878400
2020-10-13,5.431245410179078,5.48371813278742,5.3454364882168255,5.418898582458496,667200
2020-10-14,5.465197903991346,5.471988541215117,5.296050374470359,5.34790563583374,376000
2020-10-15,5.192956584610063,5.343584101392515,5.148508950778649,5.3170390129089355,740800
2020-10-16,5.386179960262009,5.386797419353405,5.273826425775531,5.2781476974487305,310400
2020-10-19,5.352844276066125,5.40161318303668,5.159621025472627,5.204068660736084,580800
2020-10-20,5.2522202791210075,5.281234734803442,5.173202467635496,5.2133283615112305,414400
2020-10-21,5.210859823360135,5.2219712623132954,5.096036911010742,5.096036911010742,356800
2020-10-22,5.104679455296538,5.139867091598234,4.9707190769000205,5.096036911010742,315200
2020-10-23,5.036155918113289,5.036155918113289,4.906517287246675,5.012080192565918,361600
2020-10-26,4.927505832754208,4.9651628307119,4.657733669070134,4.776260852813721,2048000
2020-10-27,4.846019141542153,4.864539148310808,4.706503044572739,4.742308139801025,556800
2020-10-28,4.549701333704051,4.590445155496301,4.399073815249242,4.4089508056640625,1020800
2020-10-29,4.419445809934194,4.7139111888091785,4.419445809934194,4.600322723388672,1838400
2020-10-30,4.492290282008603,4.567604283391417,4.325612109525865,4.46204137802124,1132800
2020-11-02,4.543528121377121,4.58427194286049,4.403395053482692,4.483030319213867,1020800
2020-11-03,4.562665852028257,4.696625749928877,4.547849659176134,4.6497087478637695,364800
2020-11-04,4.851574895524417,5.031834820274931,4.7657664407865035,4.99417781829834,953600
2020-11-05,5.280000664590416,5.440505678821942,5.280000664590416,5.436184406280518,787200
2020-11-06,5.452851559679176,5.650396085757249,5.34975802485041,5.619529724121094,4686400
2020-11-09,5.891771534587924,5.926341710517948,5.395440359814047,5.399144172668457,2368000
2020-11-10,5.4046993900029445,5.4046993900029445,5.004053730295965,5.039858818054199,2537600
2020-11-11,5.223823287354083,5.403465269727072,5.194808831644992,5.389883995056152,1158400
2020-11-12,5.402230242707856,5.44235660329739,5.216414631074733,5.2732086181640625,1195200
2020-11-13,5.3707471320279705,5.4479130390973385,5.269505499631626,5.337411403656006,758400
2020-11-16,5.420132366573119,5.579402407483547,5.389266010205352,5.578785419464111,1360000
2020-11-17,5.558414192219321,5.558414192219321,5.4195155715470875,5.500385284423828,884800
2020-11-18,5.517054831368892,5.589899479288921,5.425690174102783,5.425690174102783,1049600
2020-11-19,5.402848403031144,5.584342782655504,5.332473127459119,5.581873416900635,1142400
2020-11-20,5.5812560430459035,5.639284485833932,5.487422034778037,5.494830131530762,619200
2020-11-23,5.564587726594191,5.683114444126246,5.502237543222131,5.613974094390869,598400
2020-11-24,5.681880732171029,5.692992642814119,5.510880800107013,5.678793907165527,705600
2020-11-25,5.697931160692299,5.766454528590381,5.6423716095609695,5.682497978210449,380800
2020-11-27,5.757193391780569,5.87880692115905,5.757193391780569,5.788676738739014,358400
2020-11-30,5.802876634030863,5.9819016456604,5.69360990889934,5.9819016456604,968000
2020-12-01,6.0596844051781655,6.17821112205134,6.012149944016025,6.115860939025879,940800
2020-12-02,6.107219038847783,6.234388312789103,6.067092669881018,6.179446220397949,1054400
2020-12-03,6.255993448177346,6.296737268338561,6.164011829760263,6.182531833648682,849600
2020-12-04,6.241795220639825,6.494899272918701,6.2177194980439845,6.494899272918701,926400
2020-12-07,6.536260080131211,6.536260080131211,6.420202738640532,6.4881086349487305,648000
2020-12-08,6.488108639891335,6.568978821640977,6.407856388187152,6.515271186828613,793600
2020-12-09,6.479466055357654,6.556014494163797,6.0948714841522476,6.16895055770874,932800
2020-12-10,6.075117673651419,6.259698388928438,6.048572583148036,6.164629936218262,619200
2020-12-11,6.081291243308471,6.119565233718423,5.909674332676728,6.06153678894043,1256000
2020-12-14,6.134380949247755,6.298589750064376,6.134380949247755,6.224510669708252,643200
2020-12-15,6.354766022741124,6.407856196906502,6.288094575512521,6.390570640563965,761600
2020-12-16,6.418969372790159,6.432550177552903,6.296738362058701,6.388103008270264,606400
2020-12-17,6.481936197287178,6.481936197287178,6.330691207743805,6.403535842895508,480000
2020-12-18,6.4202034709227425,6.4202034709227425,6.216485287778981,6.308467388153076,664000
2020-12-21,6.143640824315939,6.230066736882461,5.9998039274048685,6.222659111022949,889600
2020-12-22,6.240560836849945,6.240560836849945,6.107218398054554,6.20413875579834,806400
2020-12-23,6.216180566571727,6.232235203066213,6.100094318389893,6.100094318389893,555200
2020-12-24,6.126645549694546,6.1945683543028025,6.112443281746196,6.166781902313232,472000
2020-12-28,6.3020096379360435,6.308801965225846,6.137759970720281,6.149491786956787,456000
2020-12-29,6.192098269277622,6.193333494869877,5.998826920936376,6.143317222595215,822400
2020-12-30,6.182836107130793,6.36005329574433,6.182836107130793,6.326709270477295,547200
2020-12-31,6.325473365919733,6.408215565683007,6.254462980822614,6.386603832244873,766400
2021-01-04,6.449587695109178,6.730541687954846,6.242731691580214,6.308802127838135,2064000
2021-01-05,6.314360308347687,6.567527402895438,6.3125079408791365,6.5669097900390625,724800
2021-01-06,6.427975673289584,6.7225143080090515,6.419948591687149,6.478609085083008,937600
2021-01-07,6.64471240240445,7.007791023854919,6.64471240240445,6.973212242126465,1560000
2021-01-08,7.270219811127373,7.270219811127373,6.830573722327542,6.96580171585083,995200
2021-01-11,6.856507755064775,7.247373265568671,6.856507755064775,7.110292434692383,772800
2021-01-12,7.184389990619509,7.32208843502615,7.059659059344428,7.195504665374756,1169600
2021-01-13,7.312207973253527,7.349256729327218,7.18685943846895,7.257252216339111,496000
2021-01-14,7.394951169370115,7.601189557680097,7.394951169370115,7.465343952178955,996800
2021-01-15,7.494366158592129,7.494366158592129,7.077566534090831,7.104735374450684,1742400
2021-01-19,7.2745424822382,7.53450188996969,7.2745424822382,7.524622440338135,979200
2021-01-20,7.671582495546902,7.7234511356178785,7.494365780464026,7.541911602020264,1300800
2021-01-21,7.690106742431398,7.906842657762592,7.504862483095458,7.837684631347656,870400
2021-01-22,7.707397098880854,7.746915841479172,7.533885104938221,7.541294574737549,553600
2021-01-25,7.689490255180094,7.689490255180094,7.246138910764776,7.527092933654785,1043200
2021-01-26,7.562288828668127,7.562288828668127,7.304799400610125,7.319001197814941,1406400
2021-01-27,7.059041248735364,7.0868276992945525,6.510718408743508,6.630509376525879,1089600
2021-01-28,6.812667027080477,7.050397084396331,6.751536077493118,6.838601112365723,736000
2021-01-29,6.8750321196869235,6.987414095828691,6.607045635011897,6.647181987762451,1001600
2021-02-01,6.844158104233407,7.1498114339461525,6.792289934498227,7.1035003662109375,468800
2021-02-02,7.323941250182984,7.380749381916889,7.162778691926592,7.366547584533691,648000
2021-02-03,7.433852359799507,7.449906994767268,7.102264953933625,7.107204914093018,537600
2021-02-04,7.052249119140755,7.195504665374756,6.9571570064793145,7.195504665374756,379200
2021-02-05,7.296154663050645,7.296154663050645,7.0670688307351925,7.07633113861084,304000
2021-02-08,7.1257290927183226,7.544998645782471,7.1257290927183226,7.544998645782471,820800
2021-02-09,7.509802973787684,7.598719904204283,7.469049007725476,7.479546070098877,846400
2021-02-10,7.62527116175086,7.722215639878616,7.365929383769756,7.5567307472229,710400
2021-02-11,7.687019681063356,8.027251792805014,7.675287864176089,8.024164199829102,803200
2021-02-12,7.948831784679473,8.243370453462191,7.8833789565502315,8.187797546386719,609600
2021-02-16,8.397739694733513,8.413176716231185,8.206320251281975,8.310674667358398,1812800
2021-02-17,8.129135471644053,8.160627599778044,7.804340865426341,8.020459175109863,843200
2021-02-18,7.827805687982002,7.910548379113933,7.669113104863145,7.864237308502197,969600
2021-02-19,8.057508847855587,8.290916559763941,8.057508847855587,8.18347454071045,910400
2021-02-22,7.988349203683016,8.059977206158296,7.5252390518500185,7.5622878074646,1355200
2021-02-23,7.409770573520182,7.562288426534557,6.86021249509733,7.4733710289001465,2268800
2021-02-24,7.364076855628997,7.947596549987793,7.2319359895038335,7.947596549987793,1235200
2021-02-25,7.774701974624185,7.858678940766579,6.978151546390916,7.051631450653076,1707200
2021-02-26,7.235640852794332,7.472753280722827,7.002850772111392,7.348639965057373,1276800
2021-03-01,7.591310709752932,7.771615028381348,7.451759887562184,7.771615028381348,513600
2021-03-02,7.804958300099393,7.804958300099393,7.315913563554625,7.324558258056641,787200
2021-03-03,7.317148897616873,7.320236490655246,6.83489645013793,6.843541145324707,924800
2021-03-04,6.792290119173523,6.8997316673322935,6.079717081048161,6.256316661834717,3608000
2021-03-05,6.483549991932448,6.607046182254971,5.92596476800235,6.569379806518555,1372800
2021-03-08,6.544679743431504,6.599018362610139,5.8963248166358975,5.908674716949463,1336000
2021-03-09,6.257551155331809,6.7070776420078015,6.257551155331809,6.626187324523926,958400
2021-03-10,6.83613092121719,6.883677213873405,6.4526753425598145,6.4526753425598145,512000
2021-03-11,6.758945621593047,6.9818562558280615,6.720044495946966,6.92628288269043,915200
2021-03-12,6.715103896584531,6.816370713061078,6.607044753421102,6.799081325531006,540800
2021-03-15,6.88614636616176,7.104734647855216,6.7922894824162325,7.087445259094238,675200
2021-03-16,7.2208216870267945,7.481398698293755,7.182537702204929,7.27515983581543,926400
2021-03-17,7.101030295268043,7.540059249472223,6.971977014290994,7.419033050537109,780800
2021-03-18,7.228231698265479,7.2387292322316314,6.802787370331351,6.823781967163086,558400
2021-03-19,6.885529979144082,7.094855976628934,6.699050474554271,6.992353916168213,720000
2021-03-22,7.143018530579991,7.444349017426337,7.11090973348919,7.277629375457764,1054400
2021-03-23,7.381984154446672,7.381984154446672,6.872562425299426,6.923195838928223,796800
2021-03-24,7.2090897247260495,7.210942092105779,6.689788046050065,6.7021379470825195,3027200
2021-03-25,6.493429385231979,6.746596460585142,6.351408589470171,6.7058424949646,1796800
2021-03-26,6.673733338918469,7.298006534576416,6.62742227378717,7.298006534576416,1136000
2021-03-29,7.2245264561599285,7.231936396480388,6.953452381518552,7.1041178703308105,446400
2021-03-30,6.962097111431192,7.072008635685683,6.879354897388118,7.015818119049072,488000
2021-03-31,7.2004445150283845,7.4894255831302115,7.162778143996911,7.401743412017822,2227200
2021-04-01,7.704308130950214,7.8839952791291195,7.657379926926583,7.882760524749756,1209600
2021-04-05,8.124814155502037,8.229168582981075,7.9624163700973,8.182857513427734,1100800
2021-04-06,8.144573812561141,8.2180542005039,7.885231987387624,8.002553939819336,550400
2021-04-07,8.03527793985087,8.13469238618978,7.917956022706304,8.058741569519043,552000
2021-04-08,8.249545075797467,8.258806912276603,8.107524282510628,8.206938743591309,764800
2021-04-09,8.139016545021343,8.235343425946619,8.056891462642438,8.232873916625977,363200
2021-04-12,8.164333077703585,8.164333077703585,7.958094669527111,8.112464904785156,452800
2021-04-13,8.197675723630645,8.22360980720998,7.997612523961195,8.14951229095459,448000
2021-04-14,8.114933682809076,8.166184709361064,7.850034326442162,7.9056077003479,520000
2021-04-15,8.093940258716312,8.281036907793426,8.045158736919307,8.251398086547852,729600
2021-04-16,8.274859938924115,8.286592224985883,8.135309616012554,8.154451370239258,624000
2021-04-19,8.0525678805124,8.063682083403453,7.588222023866057,7.719128131866455,1169600
2021-04-20,7.708013788698773,7.7401225865521734,7.431999765312702,7.511654853820801,692800
2021-04-21,7.478311513280698,7.864237091040206,7.478311513280698,7.857444763183594,529600
2021-04-22,7.8339808299345695,7.872264346585875,7.427678259669941,7.4881911277771,670400
2021-04-23,7.485104036467031,7.787052178697602,7.485104036467031,7.730861186981201,1209600
2021-04-26,7.733948423404685,8.000700629666069,7.707396725342587,7.978471279144287,436800
2021-04-27,8.059361123731627,8.082824757680665,7.866706909675302,7.887701034545898,352000
2021-04-28,7.827805421901214,7.827805421901214,7.595632934985408,7.638856410980225,523200
2021-04-29,7.790139213500762,7.798783908360533,7.567845713962271,7.750002861022949,409600
2021-04-30,7.530796930545892,7.609217267940325,7.322088557863277,7.352344989776611,865600
2021-05-03,7.435087973430152,7.469666754149522,7.133139370560734,7.182538032531738,1238400
2021-05-04,7.051631499463246,7.051631499463246,6.681142969450805,6.931222915649414,1318400
2021-05-05,7.09547327896514,7.197357251028931,6.977534200422657,7.020757675170898,225600
2021-05-06,6.972594392955482,7.123877500091089,6.842305881943834,7.097325801849365,364800
2021-05-07,7.323322954613809,7.415327471464203,7.235023172196159,7.327645301818848,873600
2021-05-10,7.235641226906646,7.235641226906646,6.6762036805684675,6.689787864685059,772800
2021-05-11,6.350790212276933,6.729923402414774,6.236556353487603,6.715721607208252,2897600
2021-05-12,6.465024818223186,6.506396396455054,6.128497917013778,6.166781902313232,772800
2021-05-13,6.373638156282313,6.479844950309426,6.164929303010246,6.282868385314941,566400
2021-05-14,6.452675890207082,6.768208691521523,6.345851479190214,6.681761264801025,609600
2021-05-17,6.563821049742123,6.586667537689209,6.376723972834812,6.586667537689209,385600
2021-05-18,6.671881499359981,6.721897302905305,6.466877853675974,6.486019611358643,307200
2021-05-19,6.234086443568752,6.69966704893956,6.1754259527786015,6.696579456329346,683200
2021-05-20,6.8163715873862545,7.143019038579458,6.8163715873862545,7.090533256530762,1987200
2021-05-21,7.215264638880685,7.245521072819504,7.039282666439803,7.088063716888428,454400
2021-05-24,7.215263662762169,7.509184680277803,7.2097065612213616,7.42458963394165,638400
2021-05-25,7.518446535855006,7.557965270329632,7.3702510460249195,7.459168434143066,425200
2021-05-26,7.488807714756455,7.565375208670909,7.38754089248558,7.491277694702148,246400
2021-05-27,7.488808639193147,7.634534176274196,7.456699838136564,7.555496692657471,261600
2021-05-28,7.604895270274845,7.807428937548973,7.590075388937306,7.748150825500488,692000
2021-06-01,7.856826437617099,7.955623282341041,7.612304070262647,7.701221466064453,747200
2021-06-02,7.701222377636935,7.921045442055123,7.666643595665689,7.864237308502197,392400
2021-06-03,7.68640255976313,7.795078860515811,7.553026457338641,7.6370038986206055,346000
2021-06-04,7.780259974385856,8.056891176325472,7.780259974385856,8.005023002624512,510400
2021-06-07,7.980324337087797,7.987733807169209,7.780260165079054,7.918576240539551,505200
2021-06-08,8.00749205019207,8.03219185210264,7.706162004491926,7.80742883682251,462800
2021-06-09,7.9037560387695125,7.9037560387695125,7.725921697493404,7.730861186981201,669600
2021-06-10,7.758029490485856,7.940804239688138,7.683931975696128,7.8914055824279785,554800
2021-06-11,7.933394884379009,8.009962860431338,7.881526711344113,7.997613430023193,144800
2021-06-14,8.03219093669403,8.175446002644511,7.928453664894514,8.17297649383545,305200
2021-06-15,8.168038069721025,8.227316656494661,8.019843016088695,8.047012329101562,376000
2021-06-16,8.098879615443812,8.153217293309128,7.814838027898154,7.95315408706665,623600
2021-06-17,7.916105219592928,8.323643004375235,7.916105219592928,8.210026741027832,607600
2021-06-18,8.135928309172245,8.18038701104213,7.827188318510332,7.881526470184326,524400
2021-06-21,7.879056281829245,7.933394432067871,7.720981320334661,7.933394432067871,358800
2021-06-22,7.9408055285246295,8.076651151387795,7.881526941750994,8.047012329101562,242400
2021-06-23,8.066770748348652,8.18779742394464,8.066770748348652,8.113698959350586,277200
2021-06-24,8.232255076549876,8.410088919186268,8.232255076549876,8.370570182800293,359200
2021-06-25,8.417502110610798,8.44714093714075,8.259426170648005,8.296475410461426,240800
2021-06-28,8.397740140768121,8.829976765660598,8.397740140768121,8.778108596801758,1157200
2021-06-29,8.750937145427896,8.899132146533196,8.657079808887424,8.891722679138184,634400
2021-06-30,8.896663587090755,8.948531748790003,8.805276691401469,8.923832893371582,464800
2021-07-01,8.899133825499458,8.906544236493405,8.66202140211553,8.711420059204102,363600
2021-07-02,8.891724595226789,8.891724595226789,8.726240173072124,8.859615325927734,366800
2021-07-06,8.953472250825042,8.983111067563218,8.620032971467818,8.829976081848145,418800
2021-07-07,8.946064176111985,8.988052427850006,8.518767477937272,8.560755729675293,1904000
2021-07-08,8.185327097408436,8.412560570705702,8.113699083049429,8.321172714233398,1065200
2021-07-09,8.370571121354292,8.590394176036602,8.259424368368546,8.568164825439453,226000
2021-07-12,8.6546121939721,8.800337718561622,8.607683044334141,8.795397758483887,402400
2021-07-13,8.748468729640337,8.78057799948844,8.620033534650041,8.67190170288086,353200
2021-07-14,8.802807784215185,8.918894497881006,8.518767128289706,8.536056518554688,427200
2021-07-15,8.501476210322469,8.501476210322469,8.03713127204108,8.133458137512207,725200
2021-07-16,8.210026064510297,8.244604842488332,7.708630957225688,7.735800266265869,475600
2021-07-19,7.533266275030859,7.859296084344639,7.473988170710216,7.8098978996276855,555200
2021-07-20,7.881525954336997,8.088999568750236,7.65182299044373,7.977852821350098,342800
2021-07-21,8.042070617135535,8.49406609182973,8.042070617135535,8.484186172485352,439200
2021-07-22,8.415029099191988,8.481717145250927,8.271774029369878,8.385390281677246,392800
2021-07-23,8.410089565553799,8.424909446162912,8.212495868437617,8.415029525756836,430800
2021-07-26,8.303882500183699,8.45207847473692,8.301412991264945,8.395270347595215,406000
2021-07-27,8.316232626918467,8.316232626918467,7.770379716575789,8.113698959350586,393200
2021-07-28,8.150748363397234,8.457019322529751,8.11369913031952,8.390331268310547,540400
2021-07-29,8.417499368646393,8.743529180876964,8.397739529262237,8.701539993286133,465200
2021-07-30,8.550875773528913,8.837386891338282,8.548406264343127,8.790458679199219,493200
2021-08-02,8.923832598979267,9.126366221771853,8.86208452026931,8.904072761535645,658000
2021-08-03,8.941122326399432,9.084377384521693,8.743528655437208,9.025099754333496,548800
2021-08-04,9.091787076669576,9.321489995453792,9.064617772396042,9.269620895385742,569600
2021-08-05,9.361009844237984,9.361009844237984,9.153536245795845,9.247392654418945,274800
2021-08-06,9.151067504197105,9.274563694381143,9.109079251791087,9.168356895446777,334400
2021-08-09,9.22763433039891,9.235043799381446,9.020160719078556,9.08931827545166,390400
2021-08-10,9.143656766372786,9.143656766372786,8.743529429477023,8.849736213684082,299200
2021-08-11,8.936183628603393,8.953473018366221,8.570635050159053,8.783048629760742,1010000
2021-08-12,8.755879307799459,8.755879307799459,8.4693682092828,8.617563247680664,928000
2021-08-13,8.615094556580711,8.746000217667081,8.58792524378139,8.741060256958008,484400
2021-08-16,8.666962551243982,8.726241136324125,8.481718268395108,8.662022590637207,362800
2021-08-17,8.526176465200045,8.526176465200045,8.195206661814952,8.328582763671875,586000
2021-08-18,8.323643510154154,8.380451645279752,8.059361735256244,8.079120635986328,261600
2021-08-19,8.027251941054615,8.427379312453949,7.879056426384265,8.27424430847168,493600
2021-08-20,8.340931621097413,8.494066611500275,8.252014225959938,8.48665714263916,411600
2021-08-23,8.627442942826315,9.04979963920994,8.627442942826315,9.030040740966797,688000
2021-08-24,9.044859761391056,9.096728871928457,8.953472854007824,9.0028715133667,547600
2021-08-25,9.039919671883508,9.267153124802446,9.039919671883508,9.158476829528809,270400
2021-08-26,9.163416449672253,9.205405642056558,8.968293195584,9.101668357849121,378000
2021-08-27,9.165887591792806,9.519086779017139,9.165887591792806,9.482037544250488,369600
2021-08-30,9.608003943360433,9.743849563700767,9.482037302131262,9.5314359664917,322000
2021-08-31,9.563545536586101,9.563545536586101,9.225165287641797,9.385710716247559,304400
2021-09-01,9.46968665494298,9.479566574985942,9.281972885131836,9.281972885131836,440000
2021-09-02,9.358541151449328,9.385710464071193,9.237515412571586,9.301733016967773,166400
2021-09-03,9.316550730106732,9.49932452159313,9.316550730106732,9.447456359863281,395200
2021-09-07,9.432638286524062,9.432638286524062,9.24492449958576,9.341251373291016,332800
2021-09-08,9.286911366328672,9.286911366328672,8.938652213646371,9.114017486572266,432000
2021-09-09,9.121427960607752,9.24986410130038,9.116488000327141,9.151066780090332,331600
2021-09-10,9.29185074495704,9.556132450000622,9.286910785529946,9.304200172424316,750400
2021-09-13,9.48450743887659,9.519086220121272,9.173296523272214,9.410408973693848,1470800
2021-09-14,9.454867833508025,9.533905318299226,9.336311606321223,9.388179779052734,418400
2021-09-15,9.388179075911689,9.516615214628269,9.252333467988732,9.504265785217285,366400
2021-09-16,9.420289207231006,9.575894670195977,9.28197407766317,9.5314359664917,474400
2021-09-17,9.514145128290883,9.514145128290883,9.20046474084104,9.267152786254883,328000
2021-09-20,8.86702547174859,8.92877355736745,8.501475975748052,8.77563762664795,638800
2021-09-21,8.918893474263669,8.936182862544355,8.65461174802919,8.829976081848145,308000
2021-09-22,8.93865317931104,9.26221351046915,8.896664930320098,9.215285301208496,394400
2021-09-23,9.341250938738888,9.558604478399218,9.249864029757132,9.50920581817627,2718800
2021-09-24,9.319020678681053,9.482035581956486,9.27950194280219,9.444987297058105,578800
2021-09-27,9.26715317320775,9.442517517247461,9.081908908945817,9.393118858337402,1088000
2021-09-28,9.042390914085475,9.158477630743254,8.676842315602675,8.68425178527832,514800
2021-09-29,8.753409619378585,8.758349580049142,8.402680891579532,8.437259674072266,331200
2021-09-30,8.610152277560225,8.7114190893269,8.449606895446777,8.449606895446777,439200
2021-10-01,8.54593594515714,8.555815866455402,8.195207218879203,8.501477241516113,532400
2021-10-04,8.41750128522007,8.437260186902112,7.965504749503299,8.039602279663086,777200
2021-10-05,8.10875971183422,8.439728573018222,8.10875971183422,8.328582763671875,4154400
2021-10-06,8.138398980393095,8.439729038518246,8.106289707685914,8.427379608154297,720800
2021-10-07,8.624972716940235,8.854675685997677,8.60521381818102,8.617563247680664,312800
2021-10-08,8.691660607281671,8.691660607281671,8.452078664344409,8.474308013916016,431200
2021-10-11,8.407620066241407,8.659552383680253,8.373041286981362,8.382920265197754,378000
2021-10-12,8.479248460299532,8.484187478531059,8.13592827673933,8.210026741027832,279600
2021-10-13,8.338462104981968,8.377980847007432,8.239665721018874,8.321172714233398,180000
2021-10-14,8.60768309555887,8.837386058434769,8.555814927735552,8.832446098327637,915200
2021-10-15,8.938652484611431,8.992991101154075,8.849736033270299,8.936182975769043,326000
2021-10-18,8.849737253899935,9.133777920002357,8.760819848093563,9.121428489685059,302800
2021-10-19,9.153537098578736,9.323961485883292,9.069559659428434,9.306672096252441,639200
2021-10-20,9.259743317498126,9.348659769182238,9.205404700745882,9.267152786254883,188400
2021-10-21,9.17082612005539,9.526494761013417,9.17082612005539,9.511674880981445,418000
2021-10-22,9.454867450570843,9.568484654782514,9.227634926549703,9.262213706970215,2239600
2021-10-25,9.385708783445528,9.563543567162498,9.328900659136162,9.449926376342773,604000
2021-10-26,9.664810906918769,9.919212725588102,9.585773430396237,9.682100296020508,528400
2021-10-27,9.558605278999996,9.756198994240588,9.52649600583554,9.5314359664917,164000
2021-10-28,9.71914959023899,9.892044441372574,9.71914959023899,9.884634971618652,315600
2021-10-29,9.788307156690422,10.101987556253416,9.788307156690422,10.050118446350098,1111200
2021-11-01,10.126686800093877,10.381088630396768,10.035299890348359,10.373679161071777,446800
2021-11-02,10.390970227980286,10.684890845787939,10.390970227980286,10.657722473144531,294000
2021-11-03,10.667599018221138,10.90471238497965,10.60091097215165,10.884952545166016,1152800
2021-11-04,11.18875359408982,12.35455782172091,11.18875359408982,12.045817375183105,1015600
2021-11-05,12.24094227971448,12.692937829946558,12.087806330887304,12.260701179504395,911200
2021-11-08,12.473113184880491,12.880650923247087,12.381726282787747,12.744804382324219,1016000
2021-11-09,13.184452472862299,13.199271411489852,12.396546239526579,12.717637062072754,847200
2021-11-10,12.19895152291365,12.613898729525983,11.793884236030419,11.922320365905762,2398800
2021-11-11,12.307630027295943,12.527453081877603,12.171783472486062,12.4706449508667,799600
2021-11-12,12.534860503964309,12.78926229741731,12.349616260063359,12.658356666564941,527600
2021-11-15,12.836193186843069,12.836193186843069,12.245881600132098,12.579320907592773,581200
2021-11-16,12.431126278395967,12.996738082526965,12.431126278395967,12.972039222717285,986800
2021-11-17,13.001677956039412,13.018967346230866,12.552151926659409,12.668238639831543,477200
2021-11-18,13.564820587683403,13.68337775511557,13.179513091232794,13.419095993041992,1014800
2021-11-19,13.510481973913564,13.866150625051743,13.379575385386847,13.717955589294434,543200
2021-11-22,13.932838956443044,14.426823675256413,13.189392369197398,13.209151268005371,1564000
2021-11-23,13.100475746173021,13.399336292655121,12.611430958602002,13.098005294799805,776000
2021-11-24,12.922639059894163,13.540119905425042,12.65588782456934,13.525300025939941,734400
2021-11-26,13.051074928919666,13.337585997852155,12.581789118781515,12.752214431762695,530000
2021-11-29,13.24126069861057,13.898260344886403,13.088125697743568,13.88097095489502,1031600
2021-11-30,13.742653991791668,13.920488782559683,13.036255730908746,13.357346534729004,812400
2021-12-01,13.742654792253719,14.048925733948854,12.86089214033773,12.883121490478516,1640400
2021-12-02,12.673177317439364,13.194330363918821,12.517571879265343,12.974507331848145,547600
2021-12-03,13.29065805244043,13.443793038247154,12.315038128498838,12.63859748840332,658800
2021-12-06,12.497812635390341,12.608959382240073,11.571591315310986,12.522512435913086,914400
2021-12-07,13.184451731802959,13.932838240864378,13.184451731802959,13.885910034179688,681600
2021-12-08,13.787115455256341,13.787115455256341,13.461085568245572,13.678439140319824,650400
2021-12-09,13.579639838664884,13.836512119172884,12.925110650037153,12.947339057922363,585200
2021-12-10,13.41662492996801,13.5672904204341,12.853482650246573,13.112824440002441,440000
2021-12-13,13.25607760401513,13.25607760401513,12.233529531309776,12.263169288635254,594800
2021-12-14,11.932200924959478,12.307629414971771,11.769186009498974,12.164373397827148,518400
2021-12-15,12.238470933178181,13.280778966937405,11.93714090246472,13.253609657287598,1427200
2021-12-16,13.485782338776238,13.520362060265281,11.855633156621245,12.013708114624023,1266000
2021-12-17,11.737076936945835,12.332328480603644,11.69755819744909,11.848223686218262,452000
2021-12-20,11.470325235654885,11.855633669092802,11.396227713663277,11.685209274291992,684400
2021-12-21,12.166842546389308,12.591669682908808,11.781535089733042,12.566970825195312,668400
2021-12-22,12.458294592240819,12.784324439733325,12.26811035750334,12.769505500793457,506400
2021-12-23,12.878181540607851,13.25361004206606,12.878181540607851,13.048606872558594,542400
2021-12-27,13.13999227632462,13.866149394620619,13.13999227632462,13.863679885864258,521200
2021-12-28,13.99705582448157,13.99705582448157,13.367225529320539,13.490721702575684,514800
2021-12-29,13.520361107765819,13.671025643734776,13.238789048683708,13.466022491455078,303200
2021-12-30,13.466022761006775,13.58457897352982,13.083184814738411,13.122703552246094,509200
2021-12-31,13.162223571021247,13.37710666824935,13.033787426068496,13.046136856079102,236800
2022-01-03,13.206681982401177,13.646328088078356,13.206681982401177,13.554941177368164,638400
2022-01-04,13.626568442113841,13.745125607471547,12.641069424911628,13.270899772644043,856000
2022-01-05,13.095534786409718,13.295598933323902,12.275520242481628,12.302689552307129,571600
2022-01-06,12.344679165122741,12.618840860468515,12.001359904176653,12.497814178466797,428400
2022-01-07,12.460763496188687,12.554620847357675,11.68273726362132,11.742015838623047,880000
2022-01-10,11.378937611656438,11.880331786051299,10.949171445661145,11.86551284790039,1228400
2022-01-11,11.776594953535975,12.30021845527546,11.569121348363574,12.258230209350586,711200
2022-01-12,12.482994924352246,12.695408518722802,12.17178400258106,12.408897399902344,660000
2022-01-13,12.762095207785656,12.843603141517201,11.596291871021618,11.685209274291992,817200
2022-01-14,11.482673596293212,12.184131836521548,11.477733636732337,12.166841506958008,462800
2022-01-18,11.7321359546791,11.759305262378936,11.082545847477432,11.154173851013184,1024800
2022-01-19,11.290019844053534,11.44809479382459,10.445306477889073,10.457655906677246,1220400
2022-01-20,10.595971515304852,10.763926377956656,9.706798546759833,9.738907814025879,5995600
2022-01-21,9.543784290661064,10.168674637106404,9.328901209134978,9.356070518493652,1375600
2022-01-24,8.906545682590709,9.543785541674598,8.212496746200584,9.541316032409668,5440800
2022-01-25,9.054740175255334,9.30173254331162,8.726240815685054,8.871965408325195,586800
2022-01-26,9.395589260417315,9.956262010385652,8.891724638128453,9.158476829528809,1261600
2022-01-27,9.41040810938965,9.437577418501125,8.333522260414965,8.395270347595215,774400
2022-01-28,8.365631629578576,8.800338745117188,7.8938762224368535,8.800338745117188,1482400
2022-01-31,8.899134230617545,9.775957842802836,8.80774732327411,9.761137962341309,891200
2022-02-01,9.976023183253403,10.010601969534148,9.43757965979282,9.941444396972656,1112800
2022-02-02,10.455185799225394,10.551512657339714,10.03529864905954,10.482354164123535,998800
2022-02-03,9.973551922105395,10.240303185279998,9.479567194106927,9.556134223937988,746000
2022-02-04,9.479567933549426,9.850056508447802,9.22763558955439,9.674691200256348,1508400
2022-02-07,9.72408838837712,9.980960654085786,9.620352055418444,9.704329490661621,759200
2022-02-08,9.566013079608949,10.193373840449027,9.5092049552779,10.13903522491455,581200
2022-02-09,10.465065701600505,10.961520857283311,10.245242658837899,10.941761016845703,926000
2022-02-10,10.388499915332039,11.0652585136771,10.12668765149131,10.235363960266113,792800
2022-02-11,10.274880700712615,10.415666255486249,8.988050868805765,9.114017486572266,925600
2022-02-14,9.202934638442304,9.496856140889593,8.92136350737933,9.195525169372559,523600
2022-02-15,9.570953400072085,10.324279866347231,9.570953400072085,10.297110557556152,736400
2022-02-16,10.050119012056305,10.331691100148719,9.800657137493278,10.287232398986816,649600
2022-02-17,9.938971981011914,9.968610797413659,9.351129959538195,9.380768775939941,744400
2022-02-18,9.407938266099011,9.437577083075833,8.763288108096846,9.064619064331055,858400
2022-02-22,8.862085832062649,9.361010494955583,8.671901608420216,8.928773880004883,1595200
2022-02-23,9.138716489030987,9.333840661816913,8.395269967599877,8.434788703918457,1032800
2022-02-24,7.804958115655507,9.230103573558434,7.7481499899560164,9.202934265136719,1554400
2022-02-25,9.244923706678899,9.538844263058268,8.963352579320318,9.51661491394043,1040800
2022-02-28,9.331370794859644,9.689509895150776,9.158476901520043,9.526494979858398,644400
2022-03-01,9.477096056752414,9.54872406325504,8.669430971880638,8.849736213684082,899200
2022-03-02,9.039919780247535,9.536374939460107,8.953472833220998,9.430168151855469,778800
2022-03-03,9.536375958325017,9.548725388905211,8.911485537395839,9.034981727600098,847200
2022-03-04,8.891726271989974,9.030042353191146,8.405150949490576,8.642264366149902,1011600
2022-03-07,8.708950635089812,8.753409337491952,7.7382710074122105,7.755560398101807,1780800
2022-03-08,7.743210509629314,8.558285572859026,7.520917481875951,7.987732887268066,1236800
2022-03-09,8.479248535137732,8.797867977145764,8.335992507930099,8.679311752319336,779200
2022-03-10,8.37798061685537,8.4002099675216,7.9556238963981,8.338461875915527,642000
2022-03-11,8.568164551096142,8.605213781638817,7.958094068154571,7.987732887268066,517200
2022-03-14,7.911164983291782,8.022311733647648,7.367782074364485,7.464108943939209,1150400
2022-03-15,7.587604304015845,8.234724424088586,7.511036812655111,8.195205688476562,852400
2022-03-16,8.464429532152762,9.047331738027488,8.296474627334579,9.042391777038574,2186800
2022-03-17,8.889255480625547,9.156006740370943,8.706480719047283,9.151066780090332,1023600
2022-03-18,9.072029716495427,9.746318779437216,8.995461741932385,9.67716121673584,914400
2022-03-21,9.65493090564275,9.887103373200889,9.331370591085307,9.709269523620605,1133200
2022-03-22,9.67962951078533,10.052588473566308,9.645050733775387,9.790776252746582,1098400
2022-03-23,9.62282162619006,9.88957381357242,9.30667172310077,9.314081192016602,1750000
2022-03-24,9.53884482078385,10.45271675477095,9.462277791057542,10.447776794433594,1758000
2022-03-25,10.390968259222747,10.516934887417388,10.030359648447881,10.35391902923584,1484400
2022-03-28,10.269943549615217,10.529285358583033,9.948852703825285,10.524345397949219,1642400
2022-03-29,10.842964641260817,10.988690166784496,10.497174971211091,10.941761016845703,1650400
2022-03-30,10.805917540121836,10.867665640351102,10.163737674617947,10.257594108581543,745200
2022-03-31,10.255122317982103,10.405787799779546,9.830295181399284,9.869813919067383,861600
2022-04-01,9.941441770915482,9.953791199582007,9.17082592727198,9.464746475219727,1180800
2022-04-04,9.514145358553543,9.869814000500963,9.459806740486188,9.842644691467285,724400
2022-04-05,9.714210251825767,9.716679760928669,8.923834488541367,8.968293190002441,1316800
2022-04-06,8.560755717367686,8.72871060848059,8.239665816899304,8.427379608154297,1356800
2022-04-07,8.407620274245085,8.597804507081541,8.061830588687693,8.429849624633789,842800
2022-04-08,8.286593316421333,8.286593316421333,7.930924664644993,7.948214054107666,1008800
2022-04-11,7.656763022743488,7.743210441413924,7.503627555004384,7.5209174156188965,1425600
2022-04-12,7.822246603818711,7.940803272584068,7.355431281075366,7.434468746185303,1645600
2022-04-13,7.515977248728979,7.85682648276013,7.434469792475844,7.770379066467285,1116000
2022-04-14,7.861767627331297,7.886466960150772,7.273925955950861,7.286275386810303,901600
2022-04-18,7.229466549236674,7.706161883301283,7.229466549236674,7.567845821380615,729200
2022-04-19,7.5184474712852625,7.916104845299487,7.3998907820103215,7.886466026306152,863600
2022-04-20,8.071710210034045,8.227315656984812,7.654292999558823,7.716041088104248,1334000
2022-04-21,7.881526606526078,8.111229589427056,7.125730074965254,7.194887638092041,1169600
2022-04-22,7.19982703642977,7.296154374992657,6.846627894267088,6.858977794647217,1122800
2022-04-25,6.777470034941855,7.1133793016243345,6.718191929056712,7.101029872894287,1064400
2022-04-26,6.942955790872364,6.965185142242757,6.4662604331970215,6.4662604331970215,1022400
2022-04-27,6.320534054485502,6.7083119551302115,6.303244665962567,6.406981468200684,1232400
2022-04-28,6.668794122300882,7.2665156884029845,6.508249172835975,7.130670070648193,1124400
2022-04-29,6.908376077984398,7.187477706111248,6.416861342500539,6.436620712280273,744800
2022-05-02,6.468730102966004,6.952834907126913,6.404512032211906,6.94048547744751,986800
2022-05-03,6.8910866022179205,7.145488897166483,6.787349794395262,7.024462699890137,1613200
2022-05-04,7.157838806869876,7.612304807728334,6.700902825766467,7.5876054763793945,1151200
2022-05-05,7.320853243555596,7.3356731240320014,6.609515469206686,6.826868534088135,1064400
2022-05-06,6.700902607265944,7.044222312510178,6.456380224195921,6.710782527923584,829600
2022-05-09,6.426740757101384,6.545296966448405,5.895707323854915,5.97474479675293,2180800
2022-05-10,6.325474286014108,6.486019220607758,5.996974476669984,6.261256217956543,1438800
2022-05-11,6.127880025149361,6.411921131276542,5.804320181009729,5.826549530029297,910400
2022-05-12,5.683294881995515,5.977215954464372,5.5079300422348965,5.824080467224121,1940800
2022-05-13,6.061193056232049,6.5551778019617775,5.989565041972967,6.463790416717529,1535200
2022-05-16,6.342763080827237,6.488488592550174,6.2192669163908825,6.253845691680908,755200
2022-05-17,6.614454948171115,6.920725389228037,6.555176843879501,6.891086101531982,1064400
2022-05-18,6.644094652441703,6.856508241191249,6.105651210979266,6.159989833831787,771600
2022-05-19,6.098241396235649,6.414391310135893,5.977215198433146,6.103180885314941,1039600
2022-05-20,6.273606175012384,6.273606175012384,5.441242142477774,5.999444961547852,1248000
2022-05-23,5.885828449218557,6.063662794813496,5.787031590554703,6.0488433837890625,655200
2022-05-24,5.866067886909829,5.890767214337968,5.577086839531726,5.735161781311035,607200
2022-05-25,5.65612461373916,6.115530526797186,5.65612461373916,6.0192036628723145,586400
2022-05-26,5.85124791052718,6.589754855180057,5.801849260469282,6.510717391967773,1385600
2022-05-27,6.676203606364952,7.091150372082289,6.676203606364952,7.063981533050537,915600
2022-05-31,7.054101010142159,7.150428341884041,6.7774698566231315,6.989882946014404,788000
2022-06-01,7.071391124257869,7.167718465888161,6.61198565080015,6.77500057220459,630800
2022-06-02,6.755241833446608,7.323324131303298,6.720662579149699,7.318384170532227,810400
2022-06-03,7.007173264301657,7.1035001312525825,6.770060360367919,6.856507778167725,759600
2022-06-06,7.113380275514052,7.162778939398407,6.7527716309002,6.836749076843262,439600
2022-06-07,6.6712636504488945,6.994823507731082,6.557646920722756,6.965184688568115,540000
2022-06-08,6.876267313229779,6.9528348126225605,6.569996844558117,6.636684894561768,664000
2022-06-09,6.530477758536709,6.767590184509954,6.281015432606204,6.283485412597656,608800
2022-06-10,6.06613191485012,6.162459250598947,5.764801420885838,5.791970729827881,820800
2022-06-13,5.379493857237387,5.4906401383712975,5.080632851840591,5.125091552734375,1474800
2022-06-14,5.199188864169853,5.273286853043141,5.055933317668798,5.17695951461792,612800
2022-06-15,5.317746339120835,5.574618180368013,5.132502046174088,5.396783828735352,821600
2022-06-16,5.068282973665008,5.068282973665008,4.63110641502274,4.732373237609863,1596000
2022-06-17,4.7990615473640785,4.878099025824131,4.59652789103506,4.816350936889648,510000
2022-06-21,5.031235214405402,5.2559982526368545,5.031235214405402,5.0979228019714355,722000
2022-06-22,4.934906217867594,5.139909815373592,4.9151468520031765,4.981834888458252,531200
2022-06-23,5.063343363829527,5.070753304202057,4.766952344335876,4.920087814331055,579200
2022-06-24,5.083103060818128,5.352324787370689,5.0658136699368645,5.339975357055664,736800
2022-06-27,5.443711883020874,5.470880722484581,5.231298301010639,5.320215702056885,423200
2022-06-28,5.379493354269422,5.49310960495246,5.023824251473794,5.026294231414795,517200
2022-06-29,4.900328121280759,4.907738061164633,4.67309514694756,4.799061298370361,834000
2022-06-30,4.685445344798041,4.878099573499551,4.537250291597511,4.687915325164795,646800
2022-07-01,4.534779874673989,4.5940579844677,4.265558164923049,4.359415054321289,2530400
2022-07-05,4.176640963502495,4.473031997680664,4.1198328311335235,4.473031997680664,2437600
2022-07-06,4.500200511540577,4.643456057738232,4.40634362448716,4.5495991706848145,3834400
2022-07-07,4.752133348031785,4.986776298131875,4.744723407014739,4.949727535247803,910000
2022-07-08,4.796591679972768,5.043584041513898,4.7595429199617065,4.989245891571045,922400
2022-07-11,4.831170584207516,4.841050505051766,4.658276209338148,4.700264930725098,610000
2022-07-12,4.7867122580019945,4.826231473377687,4.6385172025206645,4.692855358123779,314400
2022-07-13,4.4903211604265945,4.836110368685624,4.470561790557523,4.754602909088135,1098800
2022-07-14,4.717553902359154,4.976895677193609,4.574298360537172,4.934906959533691,935600
2022-07-15,5.065813568300964,5.169550382607831,4.939847402992586,5.167080402374268,584400
2022-07-18,5.344914283748589,5.480760358413311,5.112741814787973,5.169549942016602,764800
2022-07-19,5.32515502710232,5.688234089448281,5.31280559782683,5.638835430145264,976400
2022-07-20,5.6116659713371035,5.996974373023135,5.549917884399017,5.957455635070801,1532000
2022-07-21,6.019203519584529,6.11553038121633,5.804319976982243,6.108120441436768,899600
2022-07-22,6.063661781838728,6.063661781838728,5.688233781633809,5.782090663909912,500800
2022-07-25,5.6882345046071165,5.705523895294889,5.502990225351442,5.7005839347839355,461200
2022-07-26,5.673414681495408,5.678354642057229,5.488170400332208,5.505460262298584,284800
2022-07-27,5.73763246354299,6.16492913728602,5.705523663726114,6.080952167510986,1178000
2022-07-28,6.115530680086769,6.226676955608991,5.829019590015382,6.194568157196045,857600
2022-07-29,5.996975488068213,6.303245999695337,5.952516781830298,6.268666744232178,645600
2022-08-01,6.206917991512933,6.49589908049594,6.152579840228298,6.355113506317139,1057200
2022-08-02,6.2044475155532135,6.560116130338071,6.162458800753552,6.35264253616333,756000
2022-08-03,6.285955587939466,6.661383607397716,6.281015627803042,6.626804828643799,660800
2022-08-04,6.614455872984763,6.8120495815837785,6.5601172497946125,6.792290210723877,654000
2022-08-05,6.552706899009292,6.777469888979222,6.471199446285037,6.663853168487549,620400
2022-08-08,6.362522792454298,6.537887129311489,6.140229778664693,6.342763423919678,539600
2022-08-09,6.071071439486435,6.071071439486435,5.678353597943823,5.829019069671631,900000
2022-08-10,6.137760018874995,6.335353711308987,5.967335164712849,6.325474262237549,645200
2022-08-11,6.421801333116567,6.666323711960864,6.2587864138870355,6.273605823516846,450800
2022-08-12,6.3600527057062815,6.668793128313382,6.355112745880448,6.663853168487549,686400
2022-08-15,6.6045756192547636,6.765120558290507,6.5255381397972005,6.7354817390441895,578400
2022-08-16,6.673734005433955,6.725602177432911,6.431681593904367,6.594696521759033,526400
2022-08-17,6.4218011898967085,6.4218011898967085,6.108120787941473,6.263726234436035,844000
2022-08-18,6.288425304003419,6.611985637087111,6.2464370547625965,6.542827606201172,766800
2022-08-19,6.367462482931049,6.38969183047945,6.076011456052443,6.127879619598389,512000
2022-08-22,5.8957076193040345,5.935226357733428,5.626485919315968,5.666004657745361,408800
2022-08-23,5.668474070312611,5.878417170538617,5.668474070312611,5.725282192230225,282000
2022-08-24,5.690704174708895,5.779621103557101,5.5943768343975755,5.745042324066162,458000
2022-08-25,5.752451690369879,6.174808355776775,5.715402463354826,6.164928436279297,549200
2022-08-26,6.145168925344889,6.172338232230048,5.391842511915356,5.401722431182861,598400
2022-08-29,5.32021586163964,5.416542734928753,5.17202034581754,5.199189186096191,1650400
2022-08-30,5.297986048335483,5.297986048335483,4.902798197666315,5.0361738204956055,566000
2022-08-31,5.063342993736737,5.063342993736737,4.816350652578847,4.895388126373291,518800
2022-09-01,4.623696509747526,4.648395838365832,4.334715448444523,4.636046409606934,944800
2022-09-02,4.79906148146134,4.836110240093154,4.487851060973156,4.515020370483398,1347200
2022-09-06,4.54465928758751,4.5965279276782445,4.364354979525575,4.455742359161377,2032000
2022-09-07,4.482910492516794,4.673094691078834,4.426102372250355,4.603936672210693,551200
2022-09-08,4.515020874694314,4.771892704847946,4.448332819049405,4.749663352966309,595200
2022-09-09,4.858340212357193,4.991715854751289,4.855870231985004,4.954667091369629,1618000
2022-09-12,5.001595093183435,5.050993751679776,4.895388307186666,5.006535053253174,527600
2022-09-13,4.6434561737455216,4.697794794381828,4.3297762349747035,4.359415054321289,574800
2022-09-14,4.416222931507321,4.4977303867014005,4.310016618636654,4.440922260284424,386800
2022-09-15,4.37670450738718,4.475501829571982,4.22356950598172,4.297667026519775,375200
2022-09-16,4.223569444931603,4.366824994708206,4.1346520446907675,4.359415054321289,453200
2022-09-19,4.255678084896026,4.453272247902718,4.245798635850978,4.413753509521484,549600
2022-09-20,4.322366514515849,4.371765177407684,4.223569659832743,4.275437831878662,408800
2022-09-21,4.295196820429549,4.601467278231318,4.216159343719482,4.216159343719482,1284400
2022-09-22,4.171701252047342,4.181581173623345,3.9123594349849427,3.9592881202697754,1161200
2022-09-23,3.872840391864006,3.9024794476527274,3.7295848377767147,3.855550765991211,2260000
2022-09-26,3.8357914181200035,3.949407917089605,3.7197051744827965,3.724644899368286,1517200
2022-09-27,3.8580205086557084,3.932118261340442,3.699945318631627,3.806152105331421,710800
2022-09-28,3.7518135961421795,3.9494075181585786,3.7271145031090382,3.9123587608337402,632800
2022-09-29,3.7987422902279815,3.7987422902279815,3.539400281150437,3.6505467891693115,752400
2022-09-30,3.5838587958691077,3.769103044973366,3.5344603765513543,3.539400100708008,706800
2022-10-03,3.6431372824736807,3.8753099954773433,3.5789192128268263,3.7962725162506104,598800
2022-10-04,4.018565688863852,4.132181944903262,4.008685768634064,4.119832515716553,687200
2022-10-05,3.9864569321467602,4.21368994456371,3.8728406614885786,4.156881809234619,1038400
2022-10-06,4.149471380373669,4.300136867850629,4.082783802482707,4.090193271636963,906000
2022-10-07,3.8506109465449043,3.870370316585331,3.5690395701434188,3.6011486053466797,1363200
2022-10-10,3.5937388101902528,3.5937388101902528,3.2726487017740653,3.3640358448028564,981200
2022-10-11,3.284998345370093,3.3566261183913464,3.149152503971091,3.2306599617004395,1507200
2022-10-12,3.220780108020398,3.262768824714511,3.1491523387569558,3.1862010955810547,1360800
2022-10-13,2.946618932418422,3.4677727276169157,2.8774609019695996,3.368975877761841,1722800
2022-10-14,3.4331937645614805,3.4504833902115455,3.062705218649798,3.075054883956909,2570000
2022-10-17,3.235600196873062,3.3072279759830625,3.186201533583172,3.2331302165985107,864800
2022-10-18,3.430723244148805,3.4801216586564823,3.1417422248411198,3.2553586959838867,738400
2022-10-19,3.213370642319693,3.361565916168054,3.1936112724732446,3.2849984169006348,704400
2022-10-20,3.3072282625967837,3.5344612854419117,3.2924086152154475,3.319577693939209,1730800
2022-10-21,3.2948781368228195,3.5665695928725856,3.2726487866218728,3.5517501831054688,1706400
2022-10-24,3.5715095862991415,3.640667382137983,3.4208443293340967,3.603618621826172,1372000
2022-10-25,3.6456074246631425,3.830851701499071,3.6456074246631425,3.791332960128784,1110400
2022-10-26,3.657956671580747,3.907418756817655,3.6134979748522724,3.712294816970825,915600
2022-10-27,3.8283813080356324,3.9148287221146028,3.6357273468756524,3.6480770111083984,900800
2022-10-28,3.6801863003940563,3.9741073591203944,3.675246575370655,3.9642274379730225,1064400
2022-10-31,3.9172987394217134,3.9247086798077304,3.769103464955413,3.8308515548706055,823200
2022-11-01,3.9617577947804468,3.993866595222187,3.8209719853461745,3.855550765991211,525200
2022-11-02,3.9370577956304995,4.090193018151735,3.635727310451738,3.6456069946289062,2169200
2022-11-03,3.524580846715756,3.6925354797359153,3.4455431368030744,3.5665693283081055,1089200
2022-11-04,3.7913329419377884,3.9024794603960036,3.7048855189423557,3.872840404510498,1078000
2022-11-07,3.9247089283227417,4.04326539095312,3.833321777727598,4.0136260986328125,904400
2022-11-08,4.164291894691726,4.277908169287765,4.003746462439909,4.166761875152588,2173200
2022-11-09,4.008685707623273,4.043264956800722,3.872840104234887,3.8851895332336426,993200
2022-11-10,4.307547266395752,4.700265190771601,4.265558542685738,4.685445308685303,1543600
2022-11-11,4.687915272519123,5.001595709065388,4.613817746750978,4.949727535247803,930800
2022-11-14,4.9299677240515445,5.060873856252729,4.838580806426662,4.885509490966797,948000
2022-11-15,5.201658421081897,5.265876484440993,4.971955475132184,5.115211009979248,1262400
2022-11-16,4.858340001795968,4.89538876357193,4.660746291590462,4.707674503326416,854800
2022-11-17,4.5199602663630625,4.786712012064808,4.500200895240733,4.74225378036499,1206000
2022-11-18,4.883038717064099,4.89785812568403,4.613817026449403,4.732373237609863,783200
2022-11-21,4.631106833555396,4.64592624351462,4.554539332482101,4.596528053283691,510400
2022-11-22,4.653336163844572,4.900328527228677,4.586648112666733,4.892918586730957,460000
2022-11-23,4.8978580654634145,5.095451748301376,4.885508636948729,5.023824214935303,760400
2022-11-25,4.991715369554329,5.001595290082751,4.887979030609131,4.887979030609131,179600
2022-11-28,4.76942213698663,4.8533995735055475,4.591587814940961,4.643455982208252,419200
2022-11-29,4.682975145756142,4.727433848080501,4.5570094506378735,4.606407642364502,436800
2022-11-30,4.623696605535705,5.176959410985237,4.547129109223183,5.169549942016602,1041200
2022-12-01,5.23623766818325,5.23623766818325,4.969485966361114,5.115211009979248,566000
2022-12-02,4.868219133808349,5.033704031960211,4.818820945033494,5.016414642333984,676400
2022-12-05,4.944787606180376,5.04605444522448,4.816351454333996,4.885509490966797,377600
2022-12-06,4.887978675020705,4.887978675020705,4.554538919052002,4.633576393127441,286800
2022-12-07,4.547129015021238,4.682974615771154,4.539719075105593,4.636046409606934,378800
2022-12-08,4.702734359623318,4.927497350374382,4.653335703394305,4.925027370452881,333200
2022-12-09,4.905268215459941,5.041113819345477,4.83858016798136,4.841050148010254,383200
2022-12-12,4.808940694958035,5.058403015136719,4.766951978272504,5.058403015136719,278400
2022-12-13,5.485699432652299,5.57708680219445,5.117680916848338,5.241177082061768,992000
2022-12-14,5.218948423265394,5.354794505585083,4.976896020572846,5.090512752532959,622800
2022-12-15,4.89291894688766,4.912678318568809,4.648396545670721,4.685445308685303,862400
2022-12-16,4.638516522486531,4.69285467012335,4.4903210176309525,4.579238414764404,352400
2022-12-19,4.5965279276782445,4.5965279276782445,4.381644369188974,4.455742359161377,744400
2022-12-20,4.364355107143771,4.490321269789751,4.339655776430736,4.3989338874816895,324400
2022-12-21,4.443392324922951,4.636046527733976,4.443392324922951,4.611347198486328,286000
2022-12-22,4.432797168125954,4.432797168125954,4.009329053003684,4.190107822418213,1092800
2022-12-23,4.138102953958208,4.1925845668334585,4.036569640214642,4.187631607055664,262400
2022-12-27,4.120767695655169,4.13315009398358,3.9647532554387905,3.977135181427002,1074800
2022-12-28,3.9226540980907525,3.999423079389415,3.838455677696011,3.860743522644043,548400
2022-12-29,3.9697060129564665,4.12076748616175,3.9573236152575575,4.086097717285156,1263600
2022-12-30,3.974659269849094,4.100956916809082,3.9276073303266203,4.100956916809082,485600
2023-01-03,4.224777622835732,4.234683541833574,3.9474182674890455,3.9870412349700928,379600
2023-01-04,4.13067294538117,4.237159192059721,4.041521581214919,4.197536468505859,548400
2023-01-05,4.103433029013999,4.1232443950550355,4.016758125456881,4.0241875648498535,233200
2023-01-06,4.123244334264318,4.437750178826577,4.004376139770623,4.385745048522949,564000
2023-01-09,4.549189775306739,4.764638336256458,4.487279193277929,4.551665782928467,1086000
2023-01-10,4.502136721340026,4.660627629228026,4.455084555933214,4.658151149749756,516800
2023-01-11,4.655675042298924,4.767114266025204,4.5690006153342635,4.757208347320557,450000
2023-01-12,4.791878752661394,4.92808183307964,4.583859176223922,4.876077175140381,356400
2023-01-13,4.769590497095644,4.942939814329668,4.754732092153339,4.937987327575684,406400
2023-01-17,4.918175705617096,5.089048534343017,4.915699226199889,5.007326602935791,434400
2023-01-18,5.089048961032094,5.150959534632681,4.913223158729722,4.923128604888916,486400
2023-01-19,4.8067364996977044,4.81168945853846,4.598716951787497,4.623481273651123,524800
2023-01-20,4.705203040229449,4.940463381176976,4.623481111582227,4.9330339431762695,396800
2023-01-23,5.027138359588064,5.480323736940721,4.992468589712621,5.440701007843018,973200
2023-01-24,5.336691488911515,5.4629891212629795,5.297068757860885,5.393649578094482,427200
2023-01-25,5.21782273072986,5.4134603574047455,5.098954550450015,5.403554439544678,1210800
2023-01-26,5.519946947003033,5.589286486862258,5.341644193444593,5.574428081512451,955200
2023-01-27,5.361455966858822,5.636339084662327,5.329262674089329,5.557093620300293,480400
2023-01-30,5.381267395637373,5.445654454266648,5.21534702556892,5.217823505401611,466000
2023-01-31,5.19058249137311,5.420889910832547,5.18810648397997,5.415937423706055,336000
2023-02-01,5.462988734237997,6.106858776706144,5.462988734237997,5.990467071533203,914400
2023-02-02,6.049901743351964,6.3767895188404164,6.049901743351964,6.270303249359131,708400
2023-02-03,6.015232081073846,6.3124025768060035,5.94341558272593,6.037519454956055,600000
2023-02-06,5.869123084992154,6.082095155809581,5.84931171858262,5.903792858123779,290000
2023-02-07,5.955797149435322,6.329737080583541,5.913697939376512,6.27277946472168,536000
2023-02-08,6.233156293140806,6.3371660710802535,6.010278332510609,6.044948101043701,492800
2023-02-09,6.260397809745737,6.339643273914381,5.938462521135343,6.002849578857422,439200
2023-02-10,5.861693222120861,5.871598668440125,5.633862288695395,5.76511287689209,465600
2023-02-13,5.807211933931009,6.0102785377124786,5.752730327415852,5.958273410797119,241200
2023-02-14,5.869122471589678,6.262873751124539,5.8047354194029515,6.230679988861084,500800
2023-02-15,6.151434486076334,6.314878358750908,6.017707423520675,6.302496433258057,1204000
2023-02-16,6.069713333127046,6.178676086420108,5.943415692970592,5.960750579833984,910800
2023-02-17,5.888933967456234,5.893886454396452,5.641291671517892,5.747777462005615,277600
2023-02-21,5.591764111417714,5.705679835331528,5.368886096174514,5.38126802444458,788000
2023-02-22,5.398601316783692,5.51004052762681,5.282209619500994,5.3515496253967285,260400
2023-02-23,5.819593540622669,5.9211268369484475,5.6611026336439245,5.876551151275635,723600
2023-02-24,5.690819952808996,5.7453015612232425,5.5843336880068275,5.693296432495117,361200
2023-02-27,5.844358604857479,5.886457816410673,5.7601601817510915,5.762636661529541,393600
2023-02-28,5.760159334198085,5.955796484507201,5.7279655741554745,5.775017738342285,391600
2023-03-01,5.822070434191235,5.881504528535613,5.683390880721018,5.747777462005615,198400
2023-03-02,5.596716088804978,5.933509296476394,5.542234480367685,5.893886566162109,420800
2023-03-03,5.923604626373711,6.1093363761901855,5.8616940431015525,6.1093363761901855,320800
2023-03-06,6.1291466203856695,6.267826169238136,5.960749789180443,5.990467071533203,490800
2023-03-07,5.995419599250314,6.072189049044118,5.82949971880997,5.851787090301514,384000
2023-03-08,5.913698651818191,6.166293942602,5.913698651818191,6.158864974975586,333200
2023-03-09,6.153911103346722,6.3371663443146,5.893886411116747,5.908745288848877,568400
2023-03-10,5.960749655341354,6.012754780205949,5.65119680267643,5.710630893707275,775200
2023-03-13,5.596715776071733,5.841881583319569,5.4605122349294835,5.700725555419922,1118400
2023-03-14,5.923604008243533,6.14895847005115,5.89141071613111,6.079618453979492,523600
2023-03-15,5.945891489737785,6.044948312105348,5.75768329106932,6.025136947631836,564800
2023-03-16,5.960750405688276,6.522898570253353,5.931033592602147,6.51051664352417,559600
2023-03-17,6.530327743465966,6.686342186658301,6.399077152722421,6.468417167663574,580800
2023-03-20,6.451082067162955,6.621955395453088,6.329737390427716,6.5773797035217285,407600
2023-03-21,6.683865600793661,6.785398905709837,6.418888416142169,6.612049579620361,720000
2023-03-22,6.646719668840179,7.045423940927771,6.560044765472412,6.560044765472412,969200
2023-03-23,6.76311117007651,7.060282122937827,6.678912749177144,6.914173126220703,530800
2023-03-24,6.8126404108199115,6.8126404108199115,6.550139678829909,6.681389808654785,318400
2023-03-27,6.743299853984194,6.760634739765405,6.498134028635185,6.552615165710449,330000
2023-03-28,6.525374244160274,6.525374244160274,6.2603970772234785,6.451081275939941,359600
2023-03-29,6.6095731033504315,6.884455734497635,6.6095731033504315,6.8126397132873535,463200
2023-03-30,6.97608359735358,7.104857706483747,6.941413826564766,7.035517692565918,981600
2023-03-31,6.933984031051716,7.169244392469898,6.904266748803244,7.159338474273682,498400
2023-04-03,7.070187093856608,7.142003583697576,6.889408337990977,7.092474937438965,494400
2023-04-04,7.119716384221045,7.119716384221045,6.7754937258371415,6.854739189147949,334800
2023-04-05,6.688817750733498,6.688817750733498,6.453557405953307,6.597189903259277,541200
2023-04-06,6.456033777560597,6.624430593454613,6.3743118489461645,6.5625200271606445,171200
2023-04-10,6.473369451561379,6.807686644868699,6.456034566455255,6.800257205963135,309600
2023-04-11,6.874550341414672,6.874550341414672,6.681389176340051,6.6962480545043945,307200
2023-04-12,6.7903514085837555,6.805209813286254,6.421364464147204,6.428793430328369,377600
2023-04-13,6.485752317725577,6.599667555122785,6.3668836483603775,6.51051664352417,363600
2023-04-14,6.49813439980452,6.646719885808055,6.347072433927896,6.517945766448975,258400
2023-04-17,6.416412036598376,6.579855918884277,6.3891712321039895,6.579855918884277,557200
2023-04-18,6.735870889348411,6.8349277169452565,6.577379492853248,6.686342239379883,358800
2023-04-19,6.5179453441649065,6.641766495755699,6.508039897654552,6.624431610107422,234400
2023-04-20,6.485752106418896,6.738346898782332,6.4807991469525,6.530327796936035,299200
2023-04-21,6.456034769098971,6.495657499825285,6.33964305663295,6.468417167663574,170800
2023-04-24,6.438699404435181,6.520421339520944,6.324784180156919,6.4238409996032715,310400
2023-04-25,6.369360366223645,6.369360366223645,6.020184729200007,6.022661209106445,1632000
2023-04-26,6.148958096789148,6.215821629048673,6.025136950681964,6.0697126388549805,382400
2023-04-27,6.079617775063456,6.171245626342408,5.8740747018951645,6.166292667388916,310000
2023-04-28,6.210868838316207,6.391647603174781,6.181151554614702,6.389171123504639,346400
2023-05-01,6.431270701009042,6.609573468734478,6.4213652541022,6.5773797035217285,495200
2023-05-02,6.547661813881418,6.592237498483555,6.29754306210066,6.386694431304932,1155200
2023-05-03,6.304972271811701,6.438699330789848,6.218297851000126,6.228203296661377,282000
2023-05-04,6.148958310558715,6.245538656731091,6.067236370180504,6.161340236663818,366000
2023-05-05,6.240586633426597,6.552615539991712,6.193534460518426,6.517945766448975,245200
2023-05-08,6.478322715033245,6.619478754485862,6.391647813092452,6.61452579498291,225600
2023-05-09,6.463463722936664,6.463463722936664,6.3495480263965725,6.379265308380127,317200
2023-05-10,6.557568342967246,6.582332668765838,6.3619311610728415,6.51051664352417,272800
2023-05-11,6.520421712917107,6.522898192587605,6.302496697655514,6.411458969116211,186800
2023-05-12,6.433746122971498,6.503086129279282,6.275255219799591,6.386694431304932,168000
2023-05-15,6.416411885000428,6.6962479454488015,6.37183619591377,6.683865547180176,396400
2023-05-16,6.676436269192399,6.879503354632168,6.664054342965434,6.713582992553711,305600
2023-05-17,6.8349278695982205,7.06523529411726,6.748252966387583,7.028088569641113,460000
2023-05-18,7.099904458658227,7.567948234651159,7.08999854035522,7.533278465270996,2284400
2023-05-19,7.498609225738712,7.51099115215219,7.347547267325156,7.416887283325195,415600
2023-05-22,7.3029708997925695,7.488702612825972,7.280683056441347,7.436697959899902,1154400
2023-05-23,7.332688540653233,7.458986168379218,7.255919088756528,7.268301486968994,299200
2023-05-24,7.035517483025275,7.102381015275318,6.904266898127806,7.0776166915893555,401200
2023-05-25,8.45203177797708,8.70215007982727,8.107809139682093,8.61547565460205,2417600
2023-05-26,8.761584582819246,9.608520770656325,8.73681978673372,9.51689338684082,1865200
2023-05-30,10.071612371015366,10.418311985529956,9.680338009467054,9.715007781982422,1275600
2023-05-31,9.420313840899132,9.690244000648802,9.108283996582031,9.108283996582031,619200
2023-06-01,9.26677409339729,9.68033721138761,9.12066604832257,9.544134140014648,758000
2023-06-02,9.685290432214973,9.781870777348795,9.405454370782838,9.497081756591797,619200
2023-06-05,9.380690033443587,9.447553563848839,9.135523755290999,9.25191593170166,449600
2023-06-06,9.133047703941921,9.415359756723431,9.085995065358107,9.323732376098633,644000
2023-06-07,9.410407214000157,9.658049509105425,9.085995467327317,9.105807304382324,572400
2023-06-08,9.194959571306866,9.450030857643645,9.138001951284112,9.40050220489502,262000
2023-06-09,9.576326361353354,9.774440937936495,9.395547613199504,9.44260025024414,505200
2023-06-12,9.635761238763637,10.039418426450126,9.635761238763637,10.019606590270996,537200
2023-06-13,10.3737363291553,10.475269639587818,10.07161240532566,10.40097713470459,739600
2023-06-14,10.321731105779639,10.935883894407167,10.277155416351153,10.923501968383789,734000
2023-06-15,10.703100363044781,10.963124585579884,10.57432625543074,10.755105018615723,558800
2023-06-16,11.039893867993982,11.044845882531932,10.613948822021484,10.613948822021484,531200
2023-06-20,10.611472348192862,10.732817492808417,10.391070848788686,10.68081283569336,292800
2023-06-21,10.581755859108187,10.586708818700812,10.044372496494434,10.16076374053955,835200
2023-06-22,9.975031175210484,10.306871882805568,9.975031175210484,10.195432662963867,307200
2023-06-23,9.905691722664098,10.00474901776289,9.77444160963652,9.828922271728516,497200
2023-06-26,9.955219651529802,10.19295600898787,9.596138163569837,9.64814281463623,788400
2023-06-27,9.732342604631983,10.296967714427794,9.650621133477074,10.277155876159668,784000
2023-06-28,9.883402745253585,10.279629990855925,9.84378002069335,10.071610450744629,452800
2023-06-29,10.21276854241426,10.21276854241426,9.898262718068649,10.034465789794922,564800
2023-06-30,10.292015427967097,10.524798874759142,10.240009821452281,10.457935333251953,284800
2023-07-03,10.54460965100988,10.678335775858878,10.42078850026348,10.556991577148438,196800
2023-07-05,10.448029541770707,10.604044473869994,10.262297794641249,10.26972770690918,408000
2023-07-06,9.957696812814284,10.076565005321275,9.806634856290685,10.056754112243652,553600
2023-07-07,10.101328053510212,10.418309845311262,10.066658288117003,10.108757019042969,414400
2023-07-10,10.153334304330603,10.361353874206543,10.079041803234995,10.361353874206543,265200
2023-07-11,10.440598428232992,10.480221155022706,10.143427504969976,10.378687858581543,286800
2023-07-12,10.648619177155632,10.871497630828737,10.59909052693045,10.849209785461426,496800
2023-07-13,11.09437513725565,11.448503710965221,11.029988553254105,11.428692817687988,752000
2023-07-14,11.507938992253932,11.889307449733227,11.057230042312549,11.163716316223145,1405600
2023-07-17,11.307346744124287,11.767961547361523,11.09685117883776,11.696145057678223,426400
2023-07-18,11.654048263734264,11.966077180497239,11.428693783660863,11.847208976745605,626000
2023-07-19,11.906642485279265,11.923977371065654,11.574801758584899,11.678811073303223,361200
2023-07-20,11.3073467407807,11.413832999333318,10.794727284343836,10.91111946105957,511200
2023-07-21,11.099327064173782,11.20828932876287,10.864066706055187,10.876448631286621,273200
2023-07-24,10.973029389411659,11.032463005546154,10.769962802371595,10.925976753234863,176800
2023-07-25,11.029988965414224,11.485650863982569,11.029988965414224,11.344494819641113,332000
2023-07-26,11.190955533916101,11.210767371959305,10.782346293419609,11.044846534729004,367200
2023-07-27,11.542607566718964,11.87444828111772,11.252865589190009,11.361828804016113,982800
2023-07-28,11.733292788080044,11.876924835125457,11.569848902997784,11.802632331848145,496000
2023-07-31,11.931406227410854,11.936359186829721,11.753103467053299,11.867018699645996,307200
2023-08-01,11.735768274497655,11.941311833943114,11.639187930056684,11.896736145019531,280400
2023-08-02,11.587183515743703,11.594612482492149,10.690717704001809,10.913596153259277,740400
2023-08-03,10.64861818405116,11.032463534307633,10.623854333588293,10.876448631286621,594000
2023-08-04,10.916071670844124,11.218194596638142,10.688240292132932,10.89130687713623,472400
2023-08-07,11.04237005610369,11.156285285949707,10.896261063151488,11.156285285949707,229200
2023-08-08,10.849209034555354,10.8566380009368,10.524797295480324,10.784821510314941,440000
2023-08-09,10.700624896091318,10.700624896091318,10.071613148610085,10.153335571289062,1630000
2023-08-10,10.17809729220794,10.534702778674767,9.905691163094959,10.03941822052002,424400
2023-08-11,9.801682892876155,9.801682892876155,9.462412254595625,9.53918170928955,596000
2023-08-14,9.437647526950354,10.341541290283203,9.368307990223542,10.341541290283203,630800
2023-08-15,10.393548607044933,10.529751695869399,10.128571396794271,10.138476371765137,375600
2023-08-16,10.202862724909693,10.210291691448843,9.799205520262364,9.801682472229004,262800
2023-08-17,9.898264433730438,9.937887169549152,9.586234562562597,9.653098106384277,358400
2023-08-18,9.3955483105316,9.779394622640051,9.274204115282659,9.712531089782715,627600
2023-08-21,9.9576973592919,10.665954538443847,9.923027585993072,10.648619651794434,607600
2023-08-22,10.975506773695436,10.992841659299904,10.24000883280719,10.306872367858887,507600
2023-08-23,10.252391010197918,10.861590806554862,10.145904751727354,10.821968078613281,618800
2023-08-24,11.463363124644705,11.559943477496462,10.321731887744747,10.336590766906738,867200
2023-08-25,10.324207417802526,10.611472455552596,9.863593521248438,10.225151062011719,694000
2023-08-28,10.44059939177851,10.524797812062225,10.07904185836979,10.512415885925293,341200
2023-08-29,10.418310911201738,11.250389144489125,10.373735224084175,11.178572654724121,547600
2023-08-30,11.168666647041205,11.45840861098338,10.995317803729177,11.322205543518066,1781200
2023-08-31,11.314775487063676,11.587182563170703,11.314775487063676,11.493078231811523,412800
2023-09-01,11.587183147330137,11.594612113842379,11.168667066440067,11.32715892791748,276400
2023-09-05,11.195908966396964,11.46088617099591,11.1339983869172,11.334589004516602,256800
2023-09-06,11.277631566765566,11.317254300484862,10.762535083734216,10.985413551330566,337600
2023-09-07,10.445552558054843,10.566896759152709,10.227627063943025,10.537179946899414,428000
2023-09-08,10.467837940821722,10.638710751930304,10.289535219887403,10.3638277053833,214400
2023-09-11,10.631284785182675,10.638713752423435,10.05427773091175,10.336590766906738,346800
2023-09-12,10.217720035388657,10.504985041789901,10.158286417336166,10.173145294189453,251200
2023-09-13,10.135998687265726,10.52232098763011,10.135998687265726,10.341541290283203,302800
2023-09-14,10.549562091064063,10.549562091064063,10.326684577542693,10.472793579101562,192400
2023-09-15,10.366305924737519,10.366305924737519,9.74472327694665,9.816539764404297,380800
2023-09-18,9.5466105717866,9.92550393696839,9.499558874399764,9.861116409301758,331200
2023-09-19,9.806634260418582,9.819017130605157,9.549086997976103,9.687766075134277,350800
2023-09-20,9.74720172541928,9.806635352338892,9.271727986660052,9.276680946350098,358800
2023-09-21,8.97950730915638,9.130569228428143,8.848257222757066,8.85568618774414,513600
2023-09-22,9.038944140577124,9.212293943168113,8.979509571664627,9.048850059509277,225200
2023-09-25,8.974556570641296,9.237056780733552,8.890358158331624,9.209815979003906,251600
2023-09-26,9.04142153695337,9.224677286629076,8.900265476866645,8.964653015136719,331200
2023-09-27,9.113237327386951,9.234582481714801,8.873024915670955,9.140478134155273,256800
2023-09-28,9.098379985638669,9.596140673290554,9.033992448229027,9.437649726867676,937600
2023-09-29,9.700148905181996,9.789300288628704,9.47727139124567,9.536705017089844,190400
2023-10-02,9.591185894268328,9.923026604666548,9.576327016603795,9.784346580505371,370000
2023-10-03,9.658049576911278,9.843781299544187,9.219722598135965,9.346020698547363,324800
2023-10-04,9.445077052539784,9.591186045496803,9.281633174374338,9.56889820098877,197600
2023-10-05,9.556516432541727,9.690243501793335,9.390595599652421,9.620903015136719,488400
2023-10-06,9.45250438844763,10.061705051677322,9.348495095140262,10.022082328796387,696000
2023-10-09,9.759584040826683,10.019608294482426,9.608522070648254,9.950268745422363,311600
2023-10-10,9.9874152955558,10.356401826161374,9.905692875883132,10.165717124938965,460400
2023-10-11,10.252390144103037,10.428215925447983,10.158285818936335,10.410881042480469,333600
2023-10-12,10.418312173125544,10.812063493903802,10.319254868714733,10.542133331298828,1020000
2023-10-13,10.581755188465014,10.586708147743733,9.920550711982342,9.952743530273438,392800
2023-10-16,9.913121739682772,10.27715625136627,9.913121739682772,10.220198631286621,312800
2023-10-17,9.660525853593596,9.972555685338515,9.281633431155184,9.789299964904785,589200
2023-10-18,9.407930519485756,9.54908654181028,9.222198811723983,9.326208114624023,389200
2023-10-19,9.49955980468827,9.509465724480973,9.038944925813025,9.085996627807617,240000
2023-10-20,9.026562593494596,9.202388410865566,8.764061398846337,8.769014358520508,962400
2023-10-23,8.66500452292212,9.167718091380129,8.56099426532505,8.952269554138184,1782000
2023-10-24,9.033991438389604,9.237058058879752,8.939887095215003,9.224676132202148,290400
2023-10-25,9.026560743850618,9.036466661169126,8.387643247010958,8.464412689208984,674400
2023-10-26,8.464413900565951,8.667480511255212,8.050850767795104,8.149908065795898,667200
2023-10-27,8.409932832775068,8.484225338710868,8.214295176222436,8.323258399963379,302400
2023-10-30,8.355450678099832,8.511464629386374,8.127619296485364,8.32820987701416,826400
2023-10-31,8.239060126603688,8.397551060771159,7.956748032032821,8.375263214111328,415200
2023-11-01,8.392597668439185,8.873024350638701,8.392597668439185,8.860641479492188,459200
2023-11-02,9.190005621372062,9.415360069650681,9.058755508708362,9.294014930725098,807200
2023-11-03,9.46241282050741,9.905692800032163,9.4227900870945,9.774442672729492,804400
2023-11-06,9.846258274727338,9.975032395106128,9.630809719805368,9.880928993225098,555600
2023-11-07,9.875974556693686,10.091423079399824,9.789299190430512,10.019606590270996,337200
2023-11-08,10.074089309369736,10.192957505551389,9.98741487819992,10.16076374053955,464800
2023-11-09,10.353924044842962,10.65357097628178,10.12609265649421,10.173145294189453,1220000
2023-11-10,10.418310896268588,10.933407304586407,10.334112481242805,10.91111946105957,1193600
2023-11-13,10.807108722111531,10.928453852433964,10.668429652806246,10.79967975616455,474400
2023-11-14,11.297441384865476,11.507937905246042,11.208290006321272,11.44107437133789,738000
2023-11-15,11.58470679054265,11.58470679054265,11.213243330960339,11.428692817687988,631200
2023-11-16,11.324682609975024,11.557466038968057,11.26524898518892,11.535179138183594,461600
2023-11-17,11.458408681569074,11.663951287625375,11.386592191937206,11.606993675231934,347600
2023-11-20,11.639187416867461,12.089896300839817,11.589658770838339,12.035414695739746,674000
2023-11-21,11.805108715823014,11.834826473826224,11.502985733567403,11.656523704528809,582800
2023-11-22,11.723386707505423,11.953694125767603,11.314776528090478,11.483173370361328,785600
2023-11-24,11.44602823651627,11.52032074295589,11.324683085076527,11.334589004516602,261200
2023-11-27,11.294965476757852,11.552513695996682,11.252865794439773,11.34201717376709,386000
2023-11-28,11.215718473860978,11.31477481362943,11.039892691410746,11.195906639099121,534400
2023-11-29,11.450981196236308,11.663952796115094,11.322207077556744,11.334589004516602,403200
2023-11-30,11.364305069319684,11.364305069319684,10.834350695042472,11.002747535705566,466000
2023-12-01,10.89378531612635,11.148856585719523,10.717958563176474,11.064658164978027,481200
2023-12-04,10.787297287242742,10.802155218387261,10.43564478349835,10.71548080444336,781200
2023-12-05,10.522321498727974,10.782345718763938,10.500033654457441,10.765010833740234,631200
2023-12-06,11.04484559956446,11.081992320410045,10.448027726911716,10.482698440551758,424800
2023-12-07,10.633761321257195,11.044847551700714,10.591662578559731,11.017607688903809,342800
2023-12-08,11.01265371642664,11.344494446251922,11.007700756915165,11.267724990844727,702000
2023-12-11,11.44602743761867,11.886830430450132,11.36430502496273,11.787773132324219,814400
2023-12-12,11.631759531953175,12.141902082841838,11.616900653358972,12.131997108459473,802000
2023-12-13,12.156761680912867,12.592611753986413,12.122091906821623,12.463838577270508,916000
2023-12-14,12.647091771907846,13.01855520976223,12.627280879789405,12.924450874328613,1214400
2023-12-15,12.929404573582275,13.385066454552067,12.929404573582275,13.16714096069336,698400
2023-12-18,13.234003974747383,13.432118567540083,13.073037048953802,13.350396156311035,546000
2023-12-19,13.258768721066813,13.377636909484863,13.174570302852315,13.377636909484863,533200
2023-12-20,13.257964621248494,13.357071446980049,12.59147410091964,12.606340408325195,828000
2023-12-21,13.012677999253278,13.20345804359494,12.916049354295788,13.16381549835205,596400
2023-12-22,13.314952113561523,13.359549146990549,13.017632571400467,13.193546295166016,438000
2023-12-26,13.312473897348534,13.681645842641448,13.312473897348534,13.585017204284668,754400
2023-12-27,13.716331923980901,13.751019027962139,13.535462778112516,13.61970329284668,375600
2023-12-28,13.716335208202432,13.75349956630119,13.59988480682323,13.622183799743652,436400
2023-12-29,13.661823725206284,13.748542434422534,13.292652735161354,13.483431816101074,470800
2024-01-02,13.146473295908374,13.146473295908374,12.413084715761505,12.616252899169922,1599200
2024-01-03,12.266901394447943,12.388307221081792,12.090987658745261,12.140541076660156,869600
2024-01-04,12.026569230897518,12.336276920536498,11.934895074254321,12.095943450927734,897200
2024-01-05,12.214871033731889,12.549355904083834,12.152929496091106,12.341232299804688,760000
2024-01-08,12.588997064462184,13.401669646394323,12.536965460255844,13.396714210510254,846400
2024-01-09,13.255487910753326,13.882335915112025,13.094439548729792,13.597405433654785,598400
2024-01-10,13.736154011544011,13.788185617556337,13.404147357009712,13.738632202148438,907200
2024-01-11,13.860038399451078,14.04586301608997,13.339729850923332,13.90463638305664,1052000
2024-01-12,13.917023970814942,14.028518925574899,13.674213261089282,13.825350761413574,452000
2024-01-16,13.946755682677885,14.568648253027778,13.917023066571847,14.39273452758789,1873200
2024-01-17,14.2316874600078,14.2316874600078,13.659348252603976,14.137537002563477,834000
2024-01-18,14.838713548217008,15.024538147892766,14.467064348865495,14.89074420928955,1214800
2024-01-19,15.354068714217725,16.23116111755371,15.13355699055959,16.23116111755371,1736400
2024-01-22,16.548299675415272,16.674660928144075,16.015602129897307,16.307966232299805,1960000
2024-01-23,16.263368842309717,16.45167163294638,15.886765151341983,16.434328079223633,1315600
2024-01-24,16.75394822540034,17.588918965120776,16.533436496782265,17.028968811035156,1386800
2024-01-25,17.59139690962263,17.643427575053842,16.76881335509476,17.00419044494629,1093600
2024-01-26,16.352568841211532,16.6201567850139,16.070115530633274,16.1840877532959,1146800
2024-01-29,16.288144412525707,16.65483910665564,16.1816049039202,16.652360916137695,546800
2024-01-30,16.63254076380564,16.810932692053854,16.216293561328367,16.387252807617188,986800
2024-01-31,15.782704768193806,16.33026870660343,15.492817866076605,15.849601745605469,1128000
2024-02-01,15.995782106043057,16.322833349799506,15.733150590841795,16.248504638671875,748400
2024-02-02,16.454151515891542,17.239569785740017,16.36991003892704,17.105775833129883,1026400
2024-02-05,17.640948666550724,18.05719586337209,17.212314296733915,17.953134536743164,1992000
2024-02-06,18.077016915076573,18.12409308544809,16.82827537251563,17.440258026123047,1579600
2024-02-07,17.660768932638558,18.193466474777072,17.34362859786926,18.183555603027344,1011200
2024-02-08,18.22815636039041,18.684047078869945,18.111705962455265,18.30000877380371,888800
2024-02-09,18.58246152863877,19.303461943296707,18.42884583282529,19.27372932434082,1132000
2024-02-12,19.38026529953252,20.145861667064334,18.949152800245727,19.26381492614746,1451200
2024-02-13,18.173647834750433,19.2365649100256,17.98286871932937,18.822795867919922,1753600
2024-02-14,19.318328281102822,19.672633974381785,18.934289967369697,19.613170623779297,1477200
2024-02-15,19.791558356889226,19.84606720951624,19.25390629289662,19.38274574279785,878800
2024-02-16,19.915440851161907,20.108700020440622,19.16223158903932,19.23904037475586,1564400
2024-02-20,18.921900598107577,18.951631324806833,17.482378054074097,18.195945739746094,2216800
2024-02-21,17.640945587503182,17.84659190445187,17.192489550800303,17.717754364013672,1296000
2024-02-22,20.135952328488347,21.112151474683987,19.853499094667214,21.00313377380371,2977200
2024-02-23,21.56060732935831,22.0710068314042,20.490257746777925,20.832176208496094,1740800
2024-02-26,21.30045427666983,21.563085766836313,20.876774425619814,21.149316787719727,1196000
2024-02-27,21.312840524182157,21.33266226718903,20.61414015078618,21.050209045410156,643600
2024-02-28,20.564586412738826,20.88668310062675,20.30938763078863,20.539810180664062,979600
2024-02-29,21.156751802191724,21.672105857728386,20.886687600869745,21.491235733032227,1258000
2024-03-01,21.974378540171905,23.433720885720092,21.92978056143251,23.3420467376709,2189600
2024-03-04,23.954029794551197,25.128440734729544,23.77315968587399,24.30337905883789,2450000
2024-03-05,23.934209223518824,24.231529731634897,23.245419643023713,23.825193405151367,2307200
2024-03-06,24.932705069002786,25.569463949728114,24.40496389075832,25.00951385498047,2439200
2024-03-07,25.723081705374298,26.89253823982337,25.64131842192125,26.80582046508789,2389200
2024-03-08,27.474784142537402,28.11154297787268,24.040745662234247,24.320722579956055,7164000
2024-03-11,23.579903360106645,24.352934406267554,22.69785649650538,23.490707397460938,1776800
2024-03-12,24.295945443400353,25.30435348951537,23.40398777767323,25.279577255249023,1673200
2024-03-13,24.87571919310464,24.87571919310464,23.651753937347166,24.350454330444336,1915600
2024-03-14,23.96642287336057,24.2637415264179,22.782098972271196,23.228078842163086,1676800
2024-03-15,22.640869367869737,23.703786343530545,22.519464487615963,23.10419273376465,949600
2024-03-18,24.082870010712078,24.50159542626785,22.85147378261043,23.208255767822266,1563600
2024-03-19,22.373282469815884,23.505573617144748,21.753867139979405,23.168611526489258,2427600
2024-03-20,23.347005170665167,23.872268199419157,22.846516488570252,23.840059280395508,1642800
2024-03-21,25.23745770744016,25.671048427284823,24.655207690281287,24.848464965820312,2215600
2024-03-22,24.62795386922637,25.91881518855641,24.62795386922637,25.559555053710938,1477600
2024-03-25,24.98969389490732,26.201270210137448,24.98969389490732,25.64627456665039,1656000
2024-03-26,26.077385562501863,26.263210162709715,24.808822277906252,24.85342025756836,1136400
2024-03-27,25.267189232156536,25.267189232156536,23.748381737848526,24.5263671875,1095600
2024-03-28,24.409920810785724,24.87572239297217,24.21666351192358,24.568492889404297,577200
2024-04-01,24.573448370971114,25.65618719476331,24.551148433116115,24.890588760375977,1256800
2024-04-02,23.993673511221754,24.390100870943733,23.522919329586962,24.32815933227539,1109200
2024-04-03,23.73847419187987,24.79395851862161,23.73847419187987,24.295948028564453,867200
2024-04-04,25.004559767114785,25.111099288772785,22.678035736083984,22.678035736083984,1793200
2024-04-05,23.03977153670461,23.783069915003033,22.643346113006555,23.463451385498047,1815600
2024-04-08,23.73351942193557,23.73351942193557,23.069506073091635,23.299928665161133,834800
2024-04-09,23.592293832017436,23.661668053705032,22.071009775391126,23.054641723632812,1147600
2024-04-10,22.18498150558958,23.34204898325165,22.18498150558958,23.022430419921875,1009200
2024-04-11,23.23798672787128,24.563535211954676,23.0794165479233,24.531326293945312,1120400
2024-04-12,23.731042204878378,23.934210377919396,22.903504148198486,23.08932876586914,1173600
2024-04-15,23.66909989516059,24.060570863983365,22.075963482579564,22.1899356842041,1452000
2024-04-16,22.393102237849742,23.019952137096663,22.199844958130893,22.764751434326172,986400
2024-04-17,22.99517519852749,23.1190582704132,21.114631074649147,21.13445281982422,1184800
2024-04-18,21.250901256542836,21.555654444212745,20.36885439222918,20.87677574157715,1260000
2024-04-19,20.41345074427731,20.755367313867975,17.913491467917037,18.16621208190918,2484400
2024-04-22,18.703863765948903,19.350533486792653,18.17364442330923,19.122589111328125,1626800
2024-04-23,19.51901598308481,20.264792585224612,19.372834869506587,20.11365509033203,1450000
2024-04-24,21.008088234203363,21.09480599274541,19.533878777767146,19.746957778930664,1132400
2024-04-25,19.595824705301062,21.0749889843274,19.26877344940874,20.82722282409668,1180800
2024-04-26,21.03534643510212,22.64830459490994,20.89411980573775,22.464956283569336,1244000
2024-04-29,22.388149705434298,22.621050493830996,21.684492848925565,22.583885192871094,1097200
2024-04-30,22.373286317710797,22.90102758898565,21.704316512250525,21.724138259887695,912800
2024-05-01,20.98331739265438,21.454071600054732,19.610692593800074,20.076492309570312,1436400
2024-05-02,20.720679877915803,21.21125762589657,20.076488345754406,21.07498550415039,906400
2024-05-03,21.939693589045252,22.385671529952287,21.72661454638868,22.291521072387695,1048000
2024-05-06,22.678036243810922,23.681489944458008,22.512033370859225,23.681489944458008,1456800
2024-05-07,23.463453211040044,23.56751642873052,22.841561547164908,23.07693862915039,1290000
2024-05-08,22.630956093661666,23.29001486856556,22.546716521696446,23.10666847229004,650400
2024-05-09,23.10171336449082,23.18843113167662,22.388147592683403,22.559106826782227,892400
2024-05-10,23.111625838994467,23.661666986576353,22.84156164670383,23.0249080657959,992800
2024-05-13,23.344526217372163,23.51052907895033,22.841561251223165,23.233030319213867,926400
2024-05-14,23.042250404983918,24.033314938531614,22.856425804943726,23.976327896118164,2387600
2024-05-15,24.541238946028674,25.571945190429688,24.24639661022735,25.571945190429688,1618800
2024-05-16,25.522389550281513,26.010489128250857,25.336564953002153,25.371252059936523,1242000
2024-05-17,25.596719262132968,25.688393414241112,24.315768774827237,24.68741798400879,1436800
2024-05-20,25.09127720237672,26.015445774480884,25.051635601298383,25.834575653076172,923600
2024-05-21,25.202773071227504,25.884129983478203,25.083844487536506,25.851919174194336,661600
2024-05-22,26.025355574211805,26.243389096916648,25.287011645226965,25.968368530273438,1354800
2024-05-23,27.923242923573092,28.773080850306478,27.271618662844435,27.878644943237305,3468400
2024-05-24,28.267636840321977,29.110042059666927,27.873689601303553,29.095176696777344,1393200
2024-05-28,30.462847088501647,31.87263707311407,30.103586930636897,31.441524505615234,2652800
2024-05-29,30.6139842106717,31.42665686221331,30.044123212483704,31.064918518066406,1856400
2024-05-30,30.884048781042488,31.337461256997862,29.283479792610326,29.669994354248047,2151200
2024-05-31,30.301798463078327,30.35630542383597,27.70025409739526,29.07783317565918,2482400
2024-06-03,30.643716940767817,30.725480222428736,29.328079313502176,30.428159713745117,2111200
2024-06-04,30.675926208496094,30.777511236620565,29.8285664351942,30.675926208496094,1302400
2024-06-05,31.67442134919163,33.61443061285163,31.357281003264667,33.592132568359375,1954400
2024-06-06,33.91670911184082,34.44445223653408,31.99404509276464,32.92316818237305,2551200
2024-06-07,32.53417206737107,33.272514124810556,31.951923891903967,32.8265380859375,1442400
2024-06-10,32.36073911187994,33.958830127415425,31.741323696508687,33.416221618652344,1624000
2024-06-11,33.40383323257656,33.63921031243552,32.34091436137163,33.327022552490234,940000
2024-06-12,34.533640788029295,35.82698015345979,34.4122340360399,35.43302917480469,1885200
2024-06-13,37.41268936179108,37.89335630683379,36.64213646940655,37.61833572387695,1858800
2024-06-14,37.50435676878113,38.66390418848585,37.06581345381186,38.517723083496094,2041200
2024-06-17,39.23624553806301,39.56329487241436,37.82893191644145,39.109886169433594,2213600
2024-06-18,39.14704553903604,41.05484383766437,39.06032588793942,40.779823303222656,2142000
2024-06-20,42.06325272003854,42.15244866909609,37.519219479387246,38.18571090698242,3933600
2024-06-21,36.867598806777735,37.95776820463341,35.35126760645956,36.32003402709961,2807600
2024-06-24,34.9548437304728,35.51727386643493,32.707603267349114,32.81166458129883,3970000
2024-06-25,33.77052472772827,35.33145212377067,32.97519377630004,35.24225616455078,2470400
2024-06-26,35.202614769226535,36.02519641484884,33.88945342841653,35.28437805175781,2310000
2024-06-27,34.58319698283427,35.306673630931606,33.82998582823216,34.24623489379883,1603600
2024-06-28,34.75910894279378,36.401799605291046,34.16199543883184,34.46922302246094,1863600
2024-07-01,34.53612405927238,34.992012875344194,32.68531058620569,34.83344268798828,1678400
2024-07-02,33.74079358576609,34.835923331194714,33.71601923833006,34.83096694946289,1718800
2024-07-03,34.62779591370206,37.15253359808914,34.578243439608656,37.053428649902344,1499200
2024-07-05,37.14757578071769,37.687707935110154,36.17385665930782,36.3547248840332,1996000
2024-07-08,37.08068293471547,38.366589858750295,36.9790979058184,37.690185546875,1418800
2024-07-09,38.58461834990642,39.68717687181492,37.660451743970874,38.78778839111328,2556000
2024-07-10,39.84080012428265,40.631174796247876,39.17926491680563,40.39579391479492,1817600
2024-07-11,41.09449342043588,41.09449342043588,36.58515028713546,37.021217346191406,4273600
2024-07-12,37.35570342914771,39.17182975916469,36.90476722223794,37.742218017578125,2056000
2024-07-15,38.35915776596775,38.77292678935566,37.05094899506053,37.67036437988281,1729200
2024-07-16,37.786820877956856,37.93300580565124,36.01033772102466,37.11042022705078,1675200
2024-07-17,34.31560956755946,34.469223360882204,31.912278823282225,31.92218780517578,4108800
2024-07-18,33.72097509247089,33.72097509247089,31.22844629628358,33.131290435791016,3676000
2024-07-19,32.89838849997055,33.14367834505748,31.087218581102093,31.28790855407715,2288000
2024-07-22,32.48709143026312,33.89192483312682,32.20959459432288,33.844852447509766,4114800
2024-07-23,33.15111235122519,34.04802462404739,33.09412719404997,33.3195915222168,1704000
2024-07-24,31.92714396672994,32.16747741756499,28.978726613622143,29.231449127197266,4335200
2024-07-25,28.740872872351044,30.004479836091548,26.097208554059012,28.12393569946289,5134800
2024-07-26,29.640261447439634,29.640261447439634,28.173486411708456,28.78546905517578,1615200
2024-07-29,29.134820158493685,30.22746976811404,28.133846593575953,28.25277328491211,1444800
2024-07-30,28.493108149713734,28.62938029263902,24.863333559536873,25.289491653442383,4211200
2024-07-31,28.981206929447147,30.524788988651437,28.042172992117827,30.244813919067383,3676000
2024-08-01,29.746804889567596,30.730436857958786,25.06650222727838,26.14676284790039,9537600
2024-08-02,23.56999214151834,24.962438524328373,22.519464240598932,24.266216278076172,5771600
2024-08-05,19.003662137884817,23.54273773656476,18.83022659640857,22.3485050201416,5334000
2024-08-06,23.094280866082023,24.573444972036167,22.123038085292947,23.203298568725586,3454400
2024-08-07,24.776614028017537,25.118530621094152,21.186483184643375,21.290544509887695,4709200
2024-08-08,22.606183984783026,24.087826458277007,21.20135030655408,24.015974044799805,4720800
2024-08-09,23.812804076142438,24.3628452142309,23.260284747346596,23.96394157409668,2418800
2024-08-12,24.248872621309545,25.698304151429447,24.179496514770655,25.049156188964844,1950000
2024-08-13,26.4242583216621,27.786972045898438,25.86926271598595,27.786972045898438,3389200
2024-08-14,28.49310793398721,28.66158899564389,26.885106111172156,28.213132858276367,2548000
2024-08-15,28.998549733130083,30.889004732157115,28.624422326242797,30.661060333251953,3744000
2024-08-16,30.217557914620933,31.26065312707203,29.868208643566607,31.094650268554688,1848400
2024-08-19,30.916260189257798,32.99254175584544,30.40338432948108,32.97767639160156,2723600
2024-08-20,32.46727486453866,33.01483972342052,31.31516377105036,31.877593994140625,2176400
2024-08-21,32.00147734429535,32.90334599324504,31.743798427103165,32.58124923706055,1657600
2024-08-22,33.292337185547595,33.58965959735847,30.088722601850197,30.31914520263672,3745600
2024-08-23,31.322591768228182,32.72990526571047,31.01784050570337,32.41524124145508,2789200
2024-08-26,32.23437533891263,32.92068480365101,30.24728989840547,30.856794357299805,2374400
2024-08-27,30.346397250160003,31.904846476603932,29.707160163897353,31.602571487426758,1929200
2024-08-28,31.399404682994493,31.65955800350865,29.300825112651854,30.30675506591797,2163200
2024-08-29,29.456917951658024,30.53717853629629,27.876170566759814,28.153667449951172,2562000
2024-08-30,29.231450578440793,29.94749458527687,28.35435819951613,29.328079223632812,1614000
2024-09-03,28.052084021823173,28.052084021823173,24.087825591245643,24.466907501220703,3905200
2024-09-04,23.542737016067285,25.343997853143126,23.29001639332102,24.209228515625,2426800
2024-09-05,23.42133189289298,25.143307625168195,23.42133189289298,24.20179557800293,1289200
2024-09-06,23.830144227620877,23.911907496538113,21.49618795523967,22.009063720703125,2594400
2024-09-09,22.720154327454406,23.18347769069386,22.150293338494645,23.173566818237305,1936400
2024-09-10,23.537780922275136,23.98128249491045,22.705286624747075,23.906951904296875,2374400
2024-09-11,24.28356060893135,27.172512901440914,23.44858801261265,27.01394271850586,4130000
2024-09-12,27.113052007684907,28.27259775671485,26.352409942828682,27.707691192626953,3174800
2024-09-13,27.86130152241779,28.307281327907507,27.445054334062593,28.101634979248047,1322000
2024-09-16,27.145259754019406,27.658135627138087,26.325154373265413,27.197290420532227,1469200
2024-09-17,27.858826096667237,28.047127006847294,26.540710273878418,26.91979217529297,1514000
2024-09-18,27.19481077966973,27.992618015484478,26.1269374809679,26.188879013061523,2480800
2024-09-19,28.04712607007841,29.001027213779377,27.89846676531515,28.28250503540039,2763600
2024-09-20,27.905897811778285,28.255248953291016,27.013940145160014,27.687864303588867,1567600
2024-09-23,27.819182704007254,28.022350869090555,27.28400880903652,27.87369155883789,922800
2024-09-24,28.06199416924016,29.563456406105765,27.561505496747845,29.27604866027832,1823600
2024-09-25,29.439573878355585,30.609030409240184,29.439573878355585,30.133319854736328,1956400
2024-09-26,31.984132895861904,32.234379138687046,30.05403616033034,31.089698791503906,2351600
2024-09-27,31.253219380608208,31.253219380608208,29.258701284774137,29.878116607666016,1010800
2024-09-30,28.81024630240383,29.774056430615886,28.740872086024396,29.709638595581055,960000
2024-10-01,29.734414201490647,29.94253684622006,27.266663739425038,27.682910919189453,2154400
2024-10-02,27.682912147866183,29.02580419695335,27.266664949627078,28.614511489868164,977600
2024-10-03,28.849889526816845,30.467802095032077,28.849889526816845,29.70220375061035,1484000
2024-10-04,30.861747965997402,30.861747965997402,29.578319361184498,30.74034309387207,1369200
2024-10-07,30.46780419585312,32.271541490736745,30.46780419585312,31.334985733032227,1715200
2024-10-08,31.8998872190707,33.31215331458893,31.67441914769027,33.051998138427734,1976000
2024-10-09,33.41870168205604,33.53019570064098,32.343393648281015,33.43356704711914,1522400
2024-10-10,32.871132819690416,34.06784371061669,32.606025020005625,33.84733200073242,1188800
2024-10-11,33.30224839534964,34.04306674794148,33.200663368740365,33.80768966674805,909600
2024-10-14,34.513823773514254,35.64859313903007,34.46674760240465,35.17040252685547,1378000
2024-10-15,34.91024921490137,35.23977864988847,31.12686091531212,31.76609992980957,2387200
2024-10-16,32.79927928596735,33.16597207505256,31.691764457151294,32.829010009765625,1529600
2024-10-17,34.59063011219734,34.93502488716551,33.38896285028795,33.418697357177734,2790000
2024-10-18,34.22641423600328,34.22641423600328,33.391443558691904,33.656551361083984,1009600
2024-10-21,33.532667792856,35.12084962504604,33.532667792856,35.1035041809082,1698800
2024-10-22,34.78141533656732,35.207573441395844,34.303224673793096,34.947418212890625,1561600
2024-10-23,34.40975809172439,34.486564979866685,32.519301488718135,33.34931945800781,1804800
2024-10-24,33.8795451943733,34.02820261812293,33.10155962352135,33.733360290527344,1115600
2024-10-25,34.206589742087445,35.47515106000862,34.18924807969651,34.27101135253906,4774400
2024-10-28,34.72690667282399,34.72690667282399,33.94396468229435,34.01829528808594,1106000
2024-10-29,33.98855705393317,35.50736469225101,33.5673553747393,35.13571548461914,1375200
2024-10-30,33.94396039110702,34.19172652534867,32.97271759855306,33.69371795654297,1520400
2024-10-31,32.9330759701722,32.9330759701722,30.395951141496774,30.675926208496094,2693600
2024-11-01,31.327550621413494,32.321091458797675,31.203667554280802,31.61248016357422,1640000
2024-11-04,31.9791794516631,32.84388091332241,31.466301695941247,31.65212631225586,1360000
2024-11-05,31.98661202983781,33.138723134996845,31.98661202983781,33.11394500732422,1076800
2024-11-06,34.68726173074434,35.83442023920678,34.11987889876051,35.606475830078125,1980000
2024-11-07,36.23332155071125,37.13519014600264,36.173856316294554,37.13023376464844,1183800
2024-11-08,36.83786109993626,37.33834966918486,36.01032325200393,36.57522964477539,1192600
2024-11-11,36.59505390094871,36.619832024335274,34.4642676110836,35.15305709838867,1740200
2024-11-12,35.445428432795936,36.07475663518769,34.63771206235469,35.524715423583984,1500600
2024-11-13,35.45533224395573,35.589124281361336,34.22145428051883,34.42958068847656,1474600
2024-11-14,34.935026420228176,35.20757069177946,34.03315780429213,34.37507629394531,1487600
2024-11-15,33.294820369766526,33.36914719903496,31.44648300951667,32.0163459777832,2037000
2024-11-18,31.5108959936491,32.24923988117651,30.673447167924113,31.8924560546875,1424600
2024-11-19,32.02625133560034,33.64664408121171,31.942011751558795,33.631778717041016,1625000
2024-11-20,33.62681733835004,33.62681733835004,31.912276280909015,33.051998138427734,2076400
2024-11-21,34.266062791740296,35.32154533724017,31.461349763641795,33.616912841796875,2232000
2024-11-22,33.245260609593814,33.73584031479169,32.05102971752202,32.35826110839844,1209200
2024-11-25,32.705131005010465,32.705131005010465,30.995544233505605,31.099605560302734,1782400
2024-11-26,31.7190221284216,32.070849591629894,30.5148785433628,31.02527618408203,941600
2024-11-27,30.36622125731591,30.376132130974487,28.869713360376632,30.113500595092773,1732400
2024-11-29,30.604069854727033,31.709108396933026,30.514875791936888,31.218530654907227,713600
2024-12-02,31.47125181222194,32.42267469844636,31.41178847255338,31.981651306152344,1527400
2024-12-03,31.654609546758202,32.53170210235082,31.575324440110023,32.3681755065918,1167400
2024-12-04,33.384003956707545,34.06288061617418,32.541596991700786,33.9290885925293,1337000
2024-12-05,33.894409053315265,34.13226243299534,33.1610196079772,33.37905502319336,1359400
2024-12-06,33.31463758784066,33.7903481335336,32.655578733455194,33.17093276977539,847800
2024-12-09,32.169954804662474,32.62089099547924,31.555495834230374,32.05598449707031,1376200
2024-12-10,32.13526744925556,32.65557785302892,29.945015689404574,30.277021408081055,1429200
2024-12-11,31.456387487298976,32.675398277692594,30.722999972848296,32.303749084472656,1106000
2024-12-12,31.496033958427333,31.79335447534756,30.93608192498744,31.550540924072266,1122400
2024-12-13,33.696193412888114,34.12235145555882,31.951921534983956,32.95785140991211,2421200
2024-12-16,33.284897004246325,34.07774776901966,32.42267203384348,33.834938049316406,1714800
2024-12-17,32.41276729120071,32.99749173492635,31.500985957039923,32.61097717285156,1930400
2024-12-18,33.656552632460226,34.340389620439815,30.38108574419622,30.693269729614258,2281800
2024-12-19,31.560447287588577,31.852811381118492,30.43063439951624,30.564428329467773,2054400
2024-12-20,30.33648829315688,32.73486283277853,29.979704428939435,31.971742630004883,2081000
2024-12-23,32.793182812568084,34.405311736435586,32.66421143900363,34.34082794189453,2280600
2024-12-24,34.79718520181023,35.337866650332835,34.42515543226376,35.035282135009766,1141000
2024-12-26,34.688051495568,35.55612084852567,34.31106031691426,35.18905258178711,1164000
2024-12-27,34.66821327068276,34.693016768717726,32.976719913310525,34.0977668762207,1593600
2024-12-30,32.80310672256062,34.54916873086408,32.41619632994875,33.447959899902344,1796800
2024-12-31,33.65629416125202,33.68109766098332,32.15329441891384,32.31202697753906,1517800
2025-01-02,33.17018247189242,34.09777446697167,32.47076454401451,33.512447357177734,1414600
2025-01-03,34.122572673677304,35.828950515547874,34.10273063080872,35.66525650024414,2023000
2025-01-06,37.20297654721206,38.8647087427577,37.20297654721206,37.723819732666016,2316400
2025-01-07,39.182171487971466,39.236736153057414,34.380507451783664,34.55908203125,3680600
2025-01-08,35.15433416445878,35.456918677874185,33.413233794303075,34.345787048339844,1371200
2025-01-10,33.20489819262235,33.31898520246908,31.78622437078186,32.43603515625,1321000
2025-01-13,30.441954689145472,31.900310669887155,30.337786810287042,31.835826873779297,1262400
2025-01-14,32.753500591572525,32.98663985470948,30.82390647275489,31.572927474975586,1026000
2025-01-15,32.500515702649196,33.3636274051932,31.83582439843016,33.269378662109375,1195800
2025-01-16,34.51939814419238,34.564043681550764,32.57988504032393,32.58484649658203,1104600
2025-01-17,34.196976317633066,34.78230328400782,33.681094602821226,34.58884811401367,1017600
2025-01-21,35.342829643537286,36.3349090721278,34.51940190125546,35.794227600097656,1267400
2025-01-22,37.23273846774565,38.42323449814432,37.029364159786624,37.778385162353516,1752000
2025-01-23,36.76149873730164,37.81806182861328,36.28033967163732,37.81806182861328,994200
2025-01-24,38.289303461412395,38.343868128046374,35.838866272701296,36.12160873413086,1077600
2025-01-27,29.246498980808738,30.010400539590755,25.238499363784193,26.19585609436035,8570000
2025-01-28,27.163130272256396,28.65621067131199,25.24841882184315,28.522279739379883,3261800
2025-01-29,28.27426218438576,28.363549479505224,26.27522284949814,27.49051856994629,1971000
2025-01-30,28.011362647013208,28.462758701264434,26.741500325533103,28.40323257446289,1705200
2025-01-31,28.467715540177732,30.02032019247241,27.173051735936948,27.42603302001953,1798400
2025-02-03,25.417074927391674,26.88039052093035,25.09960793157263,26.205778121948242,2253000
2025-02-04,26.20081721552849,27.619491082644473,26.19089619430319,27.0589656829834,970000
2025-02-05,28.070888690364264,29.196899116325465,27.530205303312258,29.137374877929688,1423200
2025-02-06,29.643333349088365,30.015363145545127,28.993522515645054,30.0004825592041,1180600
2025-02-07,30.317945367081677,30.570926669004834,29.07784614027747,29.648292541503906,1300400
2025-02-10,29.98063949972152,31.682055862559867,29.98063949972152,31.290185928344727,1315600
2025-02-11,30.71477703654205,31.553085332956666,30.52628331466909,31.091768264770508,644800
2025-02-12,29.891350744276522,30.843747928500452,29.687974548035974,30.719738006591797,883000
2025-02-13,30.77926470278268,32.18801760410805,30.744542073248432,31.949920654296875,1102000
2025-02-14,32.18801547848647,32.84278772395172,31.905273003955617,32.748538970947266,1381600
2025-02-18,33.4578743276785,34.177134122017044,32.72373773319504,33.185054779052734,1145200
2025-02-19,33.2247440735799,33.89439697824422,32.485642122288645,33.46284103393555,720200
2025-02-20,33.760465136545164,33.924159166988325,32.604695362298855,33.661258697509766,689600
2025-02-21,33.63645038874245,33.97871898812439,31.076887539465748,31.156253814697266,1169600
2025-02-24,31.806066930756003,32.24754196105767,29.16713398553374,29.20185661315918,1382200
2025-02-25,29.0927289919369,29.0927289919369,27.143292830946198,27.778223037719727,1602400
2025-02-26,28.839745635329784,30.15425149604348,28.487557929577005,29.499479293823242,1586400
2025-02-27,30.585808026303212,30.6006886118833,25.134330855071216,25.154172897338867,3228000
2025-02-28,24.58372707968215,26.553003311157227,24.028161278884863,26.553003311157227,2180600
2025-03-03,26.632369636100368,26.632369636100368,22.42099382866775,23.070804595947266,2791800
2025-03-04,22.336663879121303,24.811902459394354,21.647169097854828,23.537080764770508,2318600
2025-03-05,24.07280856909518,24.50436451592926,22.98152262803266,24.226581573486328,1259200
2025-03-06,22.430913429003475,23.323784414603807,21.49835836339193,21.70173454284668,2364800
2025-03-07,22.053925695390976,23.16009405386968,21.131291505135195,23.02616310119629,1344600
2025-03-10,21.85054729103807,22.44579527909774,20.109448865510757,20.7443790435791,2742400
2025-03-11,20.853512289411068,22.292026480476512,20.04496693818726,21.14121437072754,1933000
2025-03-12,22.708696251399765,23.54700453294944,22.252340647915762,22.96167755126953,1588400
2025-03-13,23.21465541198405,23.755338710143164,22.46067491137971,22.85254669189453,1114000
2025-03-14,23.819825729992115,24.742459840235863,23.809904709294297,24.66309356689453,1115800
2025-03-17,24.58868864120244,25.084728358623902,23.859509651075665,24.454757690429688,987200
2025-03-18,23.78014156404945,24.082726071430624,22.907112560347493,23.17497444152832,953600
2025-03-19,23.522200798263455,24.881350358726383,23.03608213725968,23.928955078125,1012600
2025-03-20,23.35354936253516,24.429954574602245,23.35354936253516,23.88431167602539,582000
2025-03-21,23.18985264616581,23.661090671969255,22.763258262643557,23.537080764770508,836800
2025-03-24,24.439877518039975,25.15913549892194,24.42499693178273,24.722620010375977,917200
2025-03-25,24.539083865215897,24.66805335095443,24.077766805982954,24.429954528808594,551800
2025-03-26,23.89865290735652,23.93341082078057,21.75358390724621,22.165714263916016,1302600
2025-03-27,21.435795026307378,21.986958949675074,20.993871345528387,21.192489624023438,1094000
2025-03-28,21.058422021447946,21.455656673923084,20.055403340095577,20.273883819580078,1341600
2025-03-31,18.967973727369532,20.08519728847444,18.372120782614054,20.040508270263672,1626200
2025-04-01,19.881613478292504,20.32353714103759,19.13679780557673,20.30864143371582,870600
2025-04-02,19.494310546040612,21.09814883429345,19.34038316616025,20.57181167602539,1214400
2025-04-03,18.173501889917297,18.600529850822955,16.932142419453978,16.976831436157227,2408600
2025-04-04,15.839747178047183,16.127742546845052,13.734401560096861,14.49411392211914,3986800
2025-04-07,13.024343928874847,16.8874541704372,12.478145547624942,15.467339515686035,4070200
2025-04-08,17.264829458392782,17.801095817965116,14.32032435027689,15.010519981384277,3456400
2025-04-09,15.561682340542253,20.770427492975692,15.238929068819422,20.477466583251953,4908800
2025-04-10,18.51611919569812,18.774322205120964,16.24194762856865,17.73654556274414,2454400
2025-04-11,17.726614087712274,18.888526658682707,17.4833067916091,18.759424209594727,1329600
2025-04-14,19.851819499538863,19.881612807341163,18.20825895531272,18.729631423950195,1648800
2025-04-15,18.853768043965825,19.46948127406645,18.72963209823345,19.03252410888672,898800
2025-04-16,16.75835557368831,17.592549424889512,15.76526783598826,17.036420822143555,2771200
2025-04-17,17.135727323410123,17.135727323410123,15.958918936600954,16.27670669555664,1712000
2025-04-21,15.546785979896649,15.66099177270265,14.563629491602056,15.189274787902832,1945600
2025-04-22,15.636164124102587,16.03836433629588,15.338237655148165,15.809954643249512,1314800
2025-04-23,17.49323767483992,17.70675165827542,16.85269572453343,16.98179817199707,2395000
2025-04-24,17.56772020326764,18.675012651789597,17.379033028591223,18.63528823852539,2125000
2025-04-25,18.565771578046025,19.961060277755394,18.347292997369863,19.68796157836914,2027800
2025-04-28,19.345346432554308,19.489344592422597,18.362189913535637,19.221210479736328,1120400
2025-04-29,18.878595616713685,19.50423997503999,18.819010890721724,19.131832122802734,940600
2025-04-30,17.825923225748127,19.265899113133653,17.65213175878079,19.17155647277832,1152600
2025-05-01,20.263952375875704,20.715807140626623,19.707821977594417,19.77237319946289,1672600
2025-05-02,20.71580805071843,21.222282956672927,20.59663670466149,20.90449333190918,1469000
2025-05-05,20.353332700703636,20.974012496607248,20.33347049263526,20.64629364013672,896200
2025-05-06,19.82699508112616,20.815116232011697,19.63334329246841,20.388090133666992,871000
2025-05-07,20.29374447482807,21.654275313502133,20.040507971518267,21.435794830322266,1369200
2025-05-08,22.05150911858382,22.30474561208512,21.262004435318556,21.788341522216797,1338400
2025-05-09,22.03164691285237,22.25509199192069,21.410967189976038,21.788341522216797,978600
2025-05-12,24.127064401485892,24.46471435218531,23.565969351917097,24.429956436157227,2195600
2025-05-13,24.976154859361355,27.076535082510166,24.891743315468972,26.639577865600586,2402600
2025-05-14,27.443976510235064,28.054725167104163,26.977226012362923,27.920658111572266,2302800
2025-05-15,27.443976946338548,28.283135313745984,26.927570922935047,27.806453704833984,1523000
2025-05-16,28.134174695934796,28.134174695934796,27.021915629381862,27.687284469604492,1267400
2025-05-19,26.435995624208605,27.801491222905724,26.435995624208605,27.687284469604492,1298800
2025-05-20,27.136120196501928,27.473770141601562,26.823297063272847,27.473770141601562,1106200
2025-05-21,26.9027455523976,28.48671972891032,26.1033096624839,26.475717544555664,1600600
2025-05-22,26.500543988584027,27.131154887404588,26.301927590745407,26.550199508666992,894000
2025-05-23,25.343595461789242,26.326751937354658,25.204561912746335,25.919586181640625,1272000
2025-05-27,26.95736516559521,27.672387603678228,26.634610916270812,27.538320541381836,1470400
2025-05-28,27.781626006048494,28.228514289826855,27.304944412352533,27.49859619140625,1785200
2025-05-29,29.738007992738595,29.822421424027063,28.178860757838155,28.53140640258789,2391800
2025-05-30,28.387409056788353,28.46685788576086,26.33668446012617,27.270185470581055,2099400
2025-06-02,27.40425230619126,28.561200297511004,27.39432120265016,28.33775520324707,1344800
2025-06-03,28.66547272931417,30.035934648529675,28.476785559012047,29.916763305664062,1458400
2025-06-04,30.289170397275782,30.701302641388345,29.5493193361068,30.353721618652344,1196600
2025-06-05,30.785715720525648,31.336879643749732,29.50463180231137,29.891937255859375,1979200
2025-06-06,30.289171918581687,30.681441976716844,29.85717934125644,29.891937255859375,951000
2025-06-09,30.32392869604513,31.262396143460645,30.18489704284704,30.40337562561035,1258200
2025-06-10,30.433170201947128,31.326948670319783,30.229587318072443,31.173019409179688,1108600
2025-06-11,31.416327248967587,31.739079590643232,30.69633834189988,31.14322853088379,940400
2025-06-12,30.691376758335704,31.957563226209047,30.686410258989042,31.78873634338379,780000
2025-06-13,30.56227085495046,31.13826159366299,30.030969134507192,30.30903434753418,1590800
2025-06-16,30.91481738147824,32.17107453336679,30.91481738147824,31.68942642211914,1078400
2025-06-17,31.46598210845783,32.00721496119013,31.25246810913086,31.25246810913086,736600
2025-06-18,31.411361358494762,32.1512124869946,31.098540114311533,31.734115600585938,1098000
2025-06-20,32.05686772161012,32.20086588362629,30.46296251825201,31.192882537841797,945000
2025-06-23,30.86019921294471,31.70432219276969,30.388482204465582,31.52556800842285,1015200
2025-06-24,32.42927493412443,33.601118625729676,32.364725602791346,33.571327209472656,1417800
2025-06-25,34.13375275956171,35.33823827971179,34.108865157340155,35.313350677490234,1507600
2025-06-26,35.97532304137733,36.32373050175676,35.313352284240004,35.960391998291016,1714000
2025-06-27,36.14952371482289,36.99565283665339,35.67171136479255,36.557655334472656,1184200
2025-06-30,37.06533928412623,37.06533928412623,36.19432622270589,36.8314094543457,927800
2025-07-01,36.19930023453797,36.42825175657652,34.27311592454297,35.049560546875,1709000
2025-07-02,34.840517194809685,36.756744881061216,34.78576750686121,36.55268096923828,924600
2025-07-03,36.920991803546826,37.951275457517326,36.87619488086213,37.3788948059082,924600
2025-07-07,36.940907142942635,37.34406052620714,36.50788787391806,36.73186492919922,1091800
2025-07-08,37.284332414321774,37.74223544295124,37.00560569476534,37.458534240722656,818600
2025-07-09,37.85670962894752,39.21549148125919,37.85670962894752,38.52863693237305,994800
2025-07-10,39.24535140372467,39.25032968348052,38.12049940973708,38.991512298583984,890000
2025-07-11,38.67297151737813,39.83266389816214,38.65804047512755,39.1358528137207,987800
2025-07-14,39.021384094856295,39.15576729011603,37.64269278673926,38.71279525756836,685000
2025-07-15,41.161582042563936,41.684191333431514,40.64892931194409,40.843040466308594,1492200
2025-07-16,40.778340788562474,41.10186066695433,39.593764458595224,41.07199478149414,1196200
2025-07-17,41.17651560018567,42.216752072075906,40.71860877593281,41.80862045288086,809600
2025-07-18,42.16698133218594,42.26652414924815,41.02719822944286,41.41542053222656,1112000
2025-07-21,41.63442153777478,42.29141403892905,41.3308109928088,41.490081787109375,831200
2025-07-22,41.310904029237655,41.350722679416734,38.478866140285106,39.399654388427734,1239200
2025-07-23,39.80280117769014,40.434906005859375,39.15078702773327,40.434906005859375,703600
2025-07-24,41.21633342914854,41.5896247101921,40.444867060047685,41.485103607177734,837400
2025-07-25,41.21633364596347,41.808623696809164,41.00231315848006,41.47515106201172,940600
2025-07-28,41.87332395121105,42.988223258591454,41.87332395121105,42.8438835144043,1084000
2025-07-29,43.550650420024006,44.342026130659356,42.51041384984567,42.883705139160156,1015000
2025-07-30,43.222149419550014,44.566000251072495,43.08776623505533,44.28229904174805,968600
2025-07-31,44.86463186217191,45.078652336134205,41.69414339843174,42.68461227416992,1505600
2025-08-01,40.713637692759775,42.07739412482083,39.4494240844959,40.92267990112305,1840400
2025-08-04,41.62944137716378,43.42621696153514,41.45026126700433,43.38639831542969,961200
2025-08-05,43.39635893716568,43.724853304992386,41.644376317705074,42.65475082397461,1002000
2025-08-06,41.77875913878794,43.26196762239953,41.65930320122245,43.037994384765625,928000
2025-08-07,44.39179802961794,45.30760410172269,43.02803788696641,43.93886947631836,1072200
2025-08-08,44.10311964145642,44.994041930047366,43.77462150046433,44.789974212646484,760600
2025-08-11,44.71033855235059,45.506692465331014,44.17777651704666,44.531158447265625,1248200
2025-08-12,45.06870030766148,46.02432503600073,43.9587792740722,45.90487289428711,935200
2025-08-13,46.19354865382394,46.69624862201404,44.70536186976903,45.7207145690918,860400
2025-08-14,44.79495071876931,46.22838777473651,44.75513207344146,45.959617614746094,782200
2025-08-15,45.64107879957939,45.64107879957939,43.68503234832226,44.566001892089844,857800
2025-08-18,44.28727806643425,45.11349410505492,44.28727806643425,44.969154357910156,806600
2025-08-19,44.86463022724592,44.90444887148904,42.18191077773338,42.395931243896484,1062200
2025-08-20,42.17195640706143,42.17195640706143,39.175669995044295,41.928070068359375,1332200
2025-08-21,41.544828534803266,42.311320364722576,41.0222192607126,41.62944030761719,669600
2025-08-22,41.10683366650191,43.719872609695635,40.67381821476871,43.127586364746094,1201800
2025-08-25,43.197264334446686,44.446546793428375,42.59004328751578,43.62032699584961,797600
2025-08-26,43.749738600211494,44.834772068291045,43.57055848274403,44.566001892089844,718200
2025-08-27,44.501301352124365,44.93929510404712,43.52576342735684,44.65559387207031,992200
2025-08-28,44.61577629656245,45.97455831230484,43.36649367076532,44.785003662109375,1247000
2025-08-29,43.80448933724818,43.85923902985444,41.37063044707977,41.99278259277344,1273200
2025-09-02,39.76298665351671,40.88286048821354,39.26028666891565,40.77833938598633,1247000
2025-09-03,41.02719959780072,41.43533123707206,39.96705375120099,40.80820083618164,761600
2025-09-04,40.73354015128743,41.5099885482153,40.255727797886074,41.43035125732422,572400
2025-09-05,43.15246843266263,43.15246843266263,40.57924824079203,41.76382827758789,1053200
2025-09-08,42.42082313294696,43.719873306155755,42.42082313294696,42.7343864440918,1036600
2025-09-09,43.137537402856125,43.18730881174918,41.98780152897158,43.028038024902344,637800
2025-09-10,45.66596380048311,47.54735112932498,45.451943327781706,46.67633819580078,1727000
2025-09-11,47.8011922879619,47.96544135950761,46.49716007335883,46.58177185058594,757600
2025-09-12,47.00483742046307,47.139220605377545,46.372728750332975,46.805747985839844,672400
2025-09-15,46.218435063655065,47.25867154212981,45.690851303074766,47.22383117675781,629400
2025-09-16,47.13921975261459,47.23876636678293,46.00441493230086,46.30304718017578,545400
2025-09-17,45.56144451670067,45.700805984038325,43.252016150580424,44.421661376953125,1150200
2025-09-18,45.9695740140995,47.18401611114986,45.5863261994595,46.69126892089844,1293000
2025-09-19,46.6713605513703,46.945108995989024,45.95961839267669,46.64647674560547,657000
2025-09-22,46.3130057099508,49.15499616164268,46.13880007707596,48.736907958984375,1268800
2025-09-23,48.32379781360806,48.50297792858984,46.71615885631312,47.303470611572266,796800
2025-09-24,47.53799982926351,47.677421446024965,45.9595419840005,46.91059875488281,567800
2025-09-25,45.52135355552107,47.677419495089744,44.5702968235555,46.8558235168457,813000
2025-09-26,47.159569990631745,47.40853826455481,45.70061575348443,47.005210876464844,552200
2025-09-29,47.89651763262031,49.18119103562961,47.45335441006728,47.63758850097656,936200
2025-09-30,47.84174463296595,49.44012050249844,47.67742465972645,49.3056755065918,1027000
2025-10-01,48.78284166135975,50.590349868343814,48.299842627254534,50.416072845458984,779400
2025-10-02,52.31320472006684,52.437688838512805,51.187871024562064,51.75053787231445,772800
2025-10-03,52.02440569547446,52.59205298523431,50.21689382112249,51.07334518432617,633600
2025-10-06,51.99951077025816,52.69662265583296,51.038493137754955,51.43684387207031,724000
2025-10-07,52.06423836155142,52.71653774903055,50.04759784934261,50.73474884033203,844000
2025-10-08,50.859232681134024,53.54311005285332,50.859232681134024,53.45846176147461,874600
2025-10-09,54.2700998235598,55.19626204737994,53.76220624870075,54.29499816894531,1027400
2025-10-10,54.638580578811535,55.32573166623244,48.30482690709024,48.38449478149414,2351800
2025-10-13,52.11403802213129,53.21447727578268,51.47169945526657,52.641849517822266,1060000
2025-10-14,50.70487512345879,51.12812039214636,48.653375358975424,49.09653854370117,1177800
2025-10-15,51.76049762634967,51.76049762634967,48.877448636048314,50.421051025390625,1007600
2025-10-16,51.60116122241485,52.482511007692466,50.19200373009861,51.2824821472168,1052000
2025-10-17,50.216894401046254,51.69576638842956,49.484927150809746,51.367130279541016,737000
2025-10-20,51.78041544058379,52.79122592519956,51.68581008911133,51.68581008911133,528200
2025-10-21,51.680828772216714,51.68580920082567,50.097390581469,50.81939697265625,561000
2025-10-22,50.67499489328561,51.39202465423286,47.767047616473185,49.748836517333984,925600
2025-10-23,49.4301551189074,51.471697826055255,49.4301551189074,51.12812042236328,607400
2025-10-24,52.60699034285022,54.04602647901949,52.48250622173555,53.60286331176758,1129000
2025-10-27,55.60954837767422,56.465999764054786,55.002065240871545,56.381351470947266,1050200
2025-10-28,56.814555087630936,60.68352390158744,56.52077436993714,59.87686538696289,1454600
2025-10-29,62.69518894491182,64.62220084254527,61.365695551677156,63.237937927246094,1652400
2025-10-30,62.04787002821137,62.381486584685454,60.12583475811432,60.35488510131836,1101200
2025-10-31,62.15243353715064,62.61551463231398,59.458599058047525,60.200523376464844,1273000
2025-11-03,62.291859963480675,63.01387022086079,61.17150275622759,61.39557647705078,1067000
2025-11-04,58.79136434852262,60.180607685368926,56.36143551573664,56.76476287841797,1803400
2025-11-05,56.85439219804732,59.861929244904296,56.515795211342784,57.27763748168945,1213400
2025-11-06,57.65606813676466,57.97972762349716,53.149741265148705,54.095821380615234,1247800
2025-11-07,52.3430874306326,53.27920670416644,49.04176592968867,53.2592887878418,1837400
2025-11-10,56.6303213505291,58.28347042335107,55.748971594241056,57.895076751708984,1400400
2025-11-11,56.36641165772097,56.62534077146209,54.27507982620127,54.87758255004883,903800
2025-11-12,56.68011339304633,56.68011339304633,54.76803523443831,55.95810317993164,684400
2025-11-13,54.49417476685825,54.51906931385231,50.39117504639713,51.88996505737305,1476000
2025-11-14,49.23098142485644,53.53812896215805,48.37453006655916,52.83604049682617,1344000
2025-11-17,51.267543773859245,53.33398109691149,50.127268684281454,51.157997131347656,1018400
2025-11-18,49.90817991385783,50.575413038426305,47.80688715614406,48.89736557006836,1499600
2025-11-19,49.96295011736942,52.4128007577047,49.39530277117026,51.46672058105469,1194400
2025-11-20,55.46016898183112,55.89835555670212,47.29401298228865,47.692359924316406,1864200
2025-11-21,47.80190438517862,49.465010485081685,44.067380605086534,47.174503326416016,1690600
2025-11-24,48.00108241008278,51.70572762221061,47.80190703763512,51.30738067626953,869700
2025-11-25,48.92724723442204,50.67002518676787,46.467439423159924,50.391178131103516,1170500
2025-11-26,51.78539909423388,52.95056875035611,50.95882263134712,52.46259307861328,742000
2025-11-28,52.35304746586708,52.68168740547754,51.75552513797172,52.39288330078125,332500
2025-12-01,50.97873615262902,53.04019290413218,50.44096763407239,52.36300277709961,615200
2025-12-02,53.28916688097689,55.031944772341205,52.22358298845906,53.159706115722656,742000
2025-12-03,53.109909740626016,53.458463776472755,51.72564305794622,53.09994888305664,614900
2025-12-04,53.63771963202942,54.58379972848912,52.741432425077306,53.83689498901367,404300
2025-12-05,54.53400627423307,55.27095399909417,53.75722651477601,54.39458465576172,526500
2025-12-08,55.41037350135078,57.09340131450236,55.02198363645551,56.2369499206543,742000
2025-12-09,55.92823001230609,56.515795260363184,55.07177858643091,56.42616653442383,656900
2025-12-10,56.17719391559439,57.20294185592239,55.041899341065545,56.98385238647461,807500
2025-12-11,54.932353403925646,55.58962941851723,52.542256733254135,55.49004364013672,896800
2025-12-12,53.69747047618728,53.99623541612767,49.32558860264718,49.484928131103516,1335500
2025-12-15,50.55051469242422,50.789525897599844,48.60856527079702,48.89736557006836,739700
2025-12-16,48.52889157525883,49.3753859175589,47.93136928571507,49.03678894042969,440300
2025-12-17,49.036793106224124,49.046750165682305,45.03338278911015,45.302268981933594,1077200
2025-12-18,47.80190542921757,47.92140912908346,46.48735333383041,47.104793548583984,687800
2025-12-19,48.399430571307235,50.550516290055235,48.250051887436356,50.411094665527344,805000
2025-12-22,52.38292130573405,52.4128000807484,51.058412114694626,51.695770263671875,664300
2025-12-23,51.26754349417599,53.797061920166016,51.26754349417599,53.797061920166016,866300
2025-12-24,53.4689293951292,53.85790252685547,53.15974377020515,53.85790252685547,314200
2025-12-26,54.366557237953415,55.204346960605434,54.077323253976374,54.486244201660156,510700
2025-12-29,53.24950653479339,53.85790196199846,52.242165968443054,53.57863998413086,599800
2025-12-30,53.75816950942431,54.04740351429127,53.25948520527255,53.30935287475586,387300
2025-12-31,53.94766260718786,54.21695256019452,52.37181854248047,52.37181854248047,479500
2026-01-02,54.44634698877161,56.49095166867148,54.067345890532465,54.5261344909668,1050600
2026-01-05,56.5807181399336,57.17914156071419,53.79805893518462,54.546085357666016,826300
2026-01-06,55.70303274590976,57.09935025658063,55.21432428043635,55.62324523925781,713300
2026-01-07,55.473639066046466,56.90985224876558,54.54608598709343,55.802772521972656,481100
2026-01-08,55.74292684554212,55.74292684554212,52.760797054728386,53.40908432006836,656200
2026-01-09,53.91774555713672,55.67311254327777,53.20961099017781,55.044769287109375,483300
2026-01-12,54.15710965593577,56.36129316309897,54.08729416419098,55.59332275390625,595700
2026-01-13,56.002248959677864,57.548169543868205,55.40382551102852,56.241615295410156,609300
2026-01-14,55.224294328284905,55.224294328284905,53.15974177976382,54.59595489501953,673800
2026-01-15,57.298821466924686,58.2163986667896,56.23163746920145,56.39121627807617,1003700
2026-01-16,57.93713833432351,58.92453485775058,56.949741810896434,57.42848205566406,682600
2026-01-20,55.02482349245165,55.71301025713984,53.16972110393983,53.32929992675781,964400
2026-01-21,54.24687477535457,57.27887607765576,53.83795382242086,56.23163986206055,1051000
2026-01-22,57.627954125640294,57.847376426126864,56.131901287033564,56.510902404785156,633600
2026-01-23,56.61063813247985,57.21903356648929,55.71300870586947,56.50093078613281,748300
2026-01-26,56.072060862244584,57.059453591975355,55.70303176094486,55.94240188598633,514800
2026-01-27,57.0494835319043,58.77493071859314,56.5308514137909,58.046852111816406,775300
2026-01-28,60.021640182708545,60.64998344015918,59.193822452533674,60.33082580566406,774100
2026-01-29,60.4006430276148,61.51769478029057,56.55079967118704,60.580169677734375,874600
2026-01-30,59.652614716308065,61.118743906761466,57.308796326430475,58.375980377197266,765500
2026-02-02,56.4710078326861,59.353402414954274,56.35132466860602,57.65787887573242,762300
2026-02-03,58.44579678982882,58.4856924458219,52.042692384647715,54.436378479003906,1371600
2026-02-04,53.458952518663715,53.56866366741771,47.68419153157301,49.86842727661133,1410300
2026-02-05,49.83850942898221,51.87313845161856,48.35242856271439,49.2301139831543,1138100
2026-02-06,51.284690128048915,56.27153298630303,50.72616616290632,55.51353454589844,1585600
2026-02-09,54.77548094406904,59.313511056348666,54.74556110396514,58.0368766784668,1039000
2026-02-10,58.55550762729076,58.665218778353456,56.66050963369761,56.98963928222656,837300
2026-02-11,59.47308635828683,60.01166247157931,56.84003405451385,58.61534881591797,925200
2026-02-12,59.961794377428156,60.38069113439286,56.06208361509214,56.37126922607422,1066800
2026-02-13,56.550798669011776,56.85998049067021,54.326667214900354,55.12456130981445,706000
2026-02-17,53.987559701232435,57.08937644442709,52.531398753004815,55.96234893798828,692400
2026-02-18,57.079403240769025,58.545536267364845,56.351324635663794,57.169166564941406,816400
2026-02-19,56.650533753180454,57.39856017722243,55.80277199446321,57.089378356933594,358300
2026-02-20,56.351323702551795,58.625322804385085,56.261560379865784,57.97703552246094,734300
2026-02-23,58.33608951812151,59.473089082777335,57.079402985332,58.05682373046875,607700
2026-02-24,58.03687687802273,59.51298193455172,56.131903023453525,58.81482696533203,772800
2026-02-25,60.1014263210613,61.48777178237821,59.991718977986125,60.65995407104492,663600
2026-02-26,59.75234756443656,59.84211088294734,53.93769110206616,55.693058013916016,1097100
2026-02-27,52.98021601948712,54.476268836264,52.41171625348464,52.7109260559082,928700
2026-03-02,50.536662522906795,54.27679457953373,50.47682284498257,54.07732391357422,859800
2026-03-03,51.11513893298717,51.942956667796814,49.7686928927136,51.214874267578125,998800
2026-03-04,52.06264035255167,53.9775861894553,51.693615045271955,53.15974426269531,571800
2026-03-05,52.96026765710406,54.22692615240682,50.965530588216396,53.50882339477539,772700
2026-03-06,51.264742565658715,53.50882169695325,49.68889850500228,50.21750259399414,863300
2026-03-09,49.23011454515626,53.99753522021076,48.831165584585825,53.618534088134766,1278200
2026-03-10,53.69832092602099,56.02218758435605,53.69832092602099,54.61589813232422,792200
2026-03-11,55.16445379483056,56.321401117118576,54.60592605816571,55.30408477783203,532300
2026-03-12,54.0274529599078,54.25685107634477,52.11250715480954,52.79071807861328,899900
2026-03-13,53.84793221409536,54.546087188112566,51.304639248584,51.56395721435547,745600
2026-03-16,53.28940136681427,55.36392595043309,52.83061275178864,53.1098747253418,831700
2026-03-17,54.13716270326454,54.13716270326454,52.361847933670965,53.11984634399414,596100
2026-03-18,53.17969393273914,53.76814156429341,52.192301140341215,52.23219299316406,657600
2026-03-19,50.16763885891692,52.9004304446645,49.23011376253742,52.1723518371582,741700
2026-03-20,52.10253615835002,52.13245599818161,48.35242817665037,49.24008560180664,735200
2026-03-23,51.39439944730475,52.5413747856736,50.14768877719035,50.566585540771484,953000
2026-03-24,49.97813736501125,51.36447900514248,49.55924060635247,50.87576675415039,565000
2026-03-25,51.81338312576575,53.171375677399475,51.473884987857325,52.082984924316406,645200
2026-03-26,50.50531802200623,50.50531802200623,47.38992210976427,47.40989303588867,781300
2026-03-27,46.87068902302671,47.39990903775339,45.283036596976,45.64250564575195,926900
2026-03-30,46.17172803632472,46.70094426921848,42.49716127385651,43.12622833251953,1132000
2026-03-31,44.40433884784561,47.999021728631746,44.34442606984213,47.87919998168945,1164500
2026-04-01,49.067441679679995,50.70501952676554,48.60812180726618,49.80635070800781,1019500
2026-04-02,46.82076397635765,50.41545068297173,46.54117862916693,50.345550537109375,936800
2026-04-06,50.65509607719244,51.11441596738844,49.99607072763063,50.92469787597656,667000
2026-04-07,50.96463724431475,52.49237688719136,49.65657016786962,52.44245147705078,637000
2026-04-08,57.395127130481626,57.95430163064259,55.25828756878725,56.915836334228516,1419900
2026-04-09,57.14549726971099,59.00275151836885,56.8159865079846,58.90290069580078,1143900
2026-04-10,59.75164591965731,62.916963561264815,59.55194045942424,61.79861831665039,995300
2026-04-13,60.810080933641906,63.2265059061486,60.66030088930168,63.13663864135742,882600
2026-04-14,64.15513595095183,66.47171020507812,63.35631789936775,66.47171020507812,860000
2026-04-15,66.83117852718705,68.14922924970898,65.49315306840265,68.02940368652344,852000
2026-04-16,67.40033168197846,69.25758587555443,66.3818411329832,68.74833679199219,825800
2026-04-17,70.14627674078176,71.17475473957501,69.5671312752825,71.1048583984375,1194600
2026-04-20,70.84523701201636,71.0948678790328,68.60854657662523,70.7054443359375,653100
2026-04-21,71.08489066093982,71.29457968252572,69.64701437791679,70.34597778320312,707400
2026-04-22,71.93363044405118,74.06048265569777,70.78532694986232,73.97061920166016,749600
2026-04-23,74.50982575643863,76.23726713239358,72.13333496857203,73.91070556640625,1025500
2026-04-24,77.19584645569394,81.25983664374495,75.9676668628502,80.13150787353516,1123600
2026-04-27,80.74060608451504,82.39815103588286,78.24429748090805,82.32825469970703,1301300
2026-04-28,76.41700252744309,78.96324050940264,74.91921727173269,77.90480041503906,1149100
2026-04-29,79.08305263968772,79.13298185845893,76.78645332066674,78.79348754882812,877700
2026-04-30,80.24134688358129,80.24134688358129,74.82935148936157,77.64518737792969,1084700
2026-05-01,77.52536543502931,78.88335803083329,76.58675088901278,78.03461456298828,854100
2026-05-04,78.79348815997406,79.6821734104643,75.41847406347335,77.54533386230469,827900
2026-05-05,79.67218814170975,82.0386914949552,79.30273171734098,80.9003677368164,978400
2026-05-06,85.22397362236325,88.76873486256468,83.80607217353436,88.51910400390625,1021400
2026-05-07,87.83012647285078,90.73583352537216,85.87302131973928,87.16111755371094,1032900
2026-05-08,90.19662380315208,95.50876817800116,89.77724578837882,95.15928649902344,985500
2026-05-11,96.01802385075378,100.1718776681039,95.9581072601547,98.88378143310547,929800
2026-05-12,95.91816464998615,98.93370987600885,89.79721835807459,95.96809387207031,1433100
2026-05-13,99.36307548136529,100.57128800052737,95.29908514668202,99.51285552978516,1116100
2026-05-14,99.98215468827067,105.1644940587181,99.78245303676933,104.3057632446289,1130200
2026-05-15,98.4244615915819,99.77246679982177,94.60011473875215,95.48880004882812,1346400
2026-05-18,98.47438799657024,98.85382417511983,88.80868043916668,91.99396514892578,1416800
2026-05-19,88.6988409352729,94.10084890189295,86.47213026360174,91.09529876708984,1368900
2026-05-20,93.57163718514207,97.02652761472531,92.56312630721128,95.78836059570312,1477600
2026-05-21,94.48029761160464,97.23621702444437,92.53317218895437,95.00951385498047,1021700
2026-05-22,96.7968693370792,97.38599453812996,94.25063139614922,95.05943298339844,833300
2026-05-26,98.85382537235066,102.80797747306913,98.51433104292562,101.23030853271484,1057200
2026-05-27,103.46700789208148,103.53690423241004,96.1278540669347,99.66262817382812,1063200
2026-05-28,99.29318030057422,102.47846511805614,97.61566049856968,101.34014892578125,730500
2026-05-29,103.2672990074381,105.94334230423364,101.68963004197086,101.96922302246094,848500
2026-06-01,102.72809210611504,109.26842389810444,102.38859778217436,108.20999145507812,1117100
2026-06-02,112.8631039991402,115.62901821357158,110.95592817673608,113.36236572265625,869400
2026-06-03,115.4193242571145,116.32798427164668,109.35828709807234,112.07427215576172,1181400
2026-06-04,101.86936269713125,109.15858719271178,98.75397429618826,106.4825439453125,1039300
2026-06-05,100.0720267861477,100.11196864048183,88.26947927402138,88.54906463623047,2328000
2026-06-08,95.5686796194864,96.90670501979268,92.40336207377302,95.10935974121094,1126200
2026-06-09,98.47438802377182,99.50286598596705,82.9074030591543,93.69145965576172,2405000
2026-06-10,90.0668124729202,94.20069896162408,86.04276417356931,86.63189697265625,951600
2026-06-11,89.2180703986533,96.69700904563156,88.4192561946253,95.86824035644531,1331400
2026-06-12,95.54871362673136,99.34309825553943,94.07089553382411,97.86528778076172,945500
2026-06-15,104.65524242412316,106.96183681951702,103.76655714551787,106.6722640991211,1079600
2026-06-16,105.47403045656482,105.69370683691399,97.55573910508404,97.7354736328125,1114200
2026-06-17,101.8493933973214,104.1060585605736,98.35456127094272,98.96366119384766,740600
2026-06-18,106.10310482700136,109.47811137400485,105.43408832006763,108.54948425292969,821100
2026-06-22,111.92449458440777,112.49366028836835,108.54948792328602,110.32685852050781,1234800
2026-06-23,97.85529657627272,101.69961027528615,95.8582497073692,96.70699310302734,1438200
2026-06-24,98.63999938964844,98.63999938964844,92.0199966430664,96.0999984741211,876300
2026-06-25,104.1500015258789,104.52999877929688,93.7300033569336,100.6500015258789,1024800
2026-06-26,94.97000122070312,96.86000061035156,92.2300033569336,92.55999755859375,796800
2026-06-29,94.41999816894531,98.18000030517578,87.83999633789062,98.04000091552734,892300
2026-06-30,99.36000061035156,105.0999984741211,98.43000030517578,104.26000213623047,752500
2026-07-01,97.54000091552734,98.5,94.54000091552734,94.80000305175781,718300
2026-07-02,94.51000213623047,96.75,84.52999877929688,87.51000213623047,1301800
2026-07-06,91.01000213623047,93.80000305175781,90.0,90.36000061035156,528000
2026-07-07,83.66999816894531,86.9000015258789,80.69999694824219,85.68000030517578,1304300
2026-07-08,84.1500015258789,91.04000091552734,84.1500015258789,90.55000305175781,638900
2026-07-09,96.13999938964844,96.62999725341797,92.22000122070312,94.05000305175781,847500
2026-07-10,91.83999633789062,97.83999633789062,91.41999816894531,96.95999908447266,558000
2026-07-13,92.55999755859375,93.5,88.4800033569336,89.19999694824219,855200
2026-07-14,95.5199966430664,96.06999969482422,91.0,94.88999938964844,757300
2026-07-15,96.3499984741211,96.5,86.83000183105469,92.30000305175781,767200
2026-07-16,88.2699966430664,89.08999633789062,83.94000244140625,85.5,804900
2026-07-17,79.7300033569336,85.87000274658203,76.33999633789062,82.26000213623047,1010700
2026-07-20,85.37999725341797,87.41999816894531,82.93000030517578,83.23999786376953,566000
2026-07-21,89.02999877929688,90.55000305175781,86.5,90.1500015258789,610600
