Date,Open,High,Low,Close,Volume
2000-06-05,41.396929672656746,42.67068135489234,40.892736298438486,41.901123046875,296800
2000-06-06,41.821513026047256,42.564534831078554,40.17625045776367,40.17625045776367,445600
2000-06-07,40.65390520300317,41.184635035940545,39.56590904548154,40.83966064453125,431000
2000-06-08,41.95419456363495,41.98073105608507,40.680442926029336,41.02541732788086,390400
2000-06-09,41.71536144648215,42.03379932011942,41.211168146556474,41.87458038330078,195000
2000-06-12,42.13994236784541,42.13994236784541,40.17624228269392,40.25585174560547,112400
2000-06-13,40.33546713166113,41.954193115234375,39.618981860243466,41.954193115234375,389000
2000-06-14,41.954189043366505,41.980725532324996,40.14970779418945,40.14970779418945,195000
2000-06-15,40.22931742136944,41.0519485823605,39.59244168382797,40.49468231201172,217800
2000-06-16,40.547755996386215,41.15809525549412,40.14970865348975,40.760047912597656,173800
2000-06-19,40.91926800797625,43.51984405517578,40.6008301246457,43.51984405517578,436400
2000-06-20,43.944423492138206,44.899737046315124,43.73213159121,44.156715393066406,497000
2000-06-21,43.572913913509936,44.66090993692888,43.51984093675779,44.342472076416016,371600
2000-06-22,43.94441934196415,43.94441934196415,42.03379241405266,42.13993835449219,782800
2000-06-23,42.19301773951604,42.537992098392586,41.29077710860815,41.39692306518555,685800
2000-06-26,41.768433913206444,42.19301773951604,40.91926626058725,41.39692306518555,308000
2000-06-27,41.71536121494723,41.79497068291469,40.070098876953125,40.070098876953125,472200
2000-06-28,40.176248442357085,41.23770811058316,40.176248442357085,40.28239440917969,457000
2000-06-29,39.80473513870085,40.07010003962552,38.743275535002155,39.353614807128906,563600
2000-06-30,39.48629342748764,40.25585156552335,39.19439206478443,39.9108772277832,916000
2000-07-03,39.85780815154275,40.86619477588271,39.804735171314334,40.8131217956543,105200
2000-07-05,38.424844696087966,38.87596511033762,37.41645788776522,37.62874984741211,2724400
2000-07-06,38.186008021760436,39.380150037729315,37.4164498336916,39.1678581237793,2786800
2000-07-07,40.01702461342799,41.078484152245714,39.83126919413489,40.44160842895508,359800
2000-07-10,40.54775730288452,41.05195062013243,40.12317345678102,40.3885383605957,187200
2000-07-11,40.33546987617605,41.23771064972209,39.30054663593206,39.75166702270508,446400
2000-07-12,40.706968763519185,41.264234959108435,40.096629596921446,40.73350524902344,229200
2000-07-13,41.60922128757346,42.43185257578442,41.37039284906061,41.76844024658203,288200
2000-07-14,42.56452614517306,43.04218292236328,41.92765044225277,43.04218292236328,272800
2000-07-17,43.04218470579794,43.78520638999174,42.458381953931394,43.705596923828125,331000
2000-07-18,42.88295972067212,43.01564214555044,41.60920844184027,41.79496383666992,434800
2000-07-19,41.741895993341345,41.741895993341345,39.8047323522009,40.30892562866211,745000
2000-07-20,40.521218111682494,41.31731277006526,39.353612612721115,39.67205047607422,544400
2000-07-21,39.08824873569121,39.27400416077597,37.681814802906665,38.05332565307617,1251400
2000-07-24,37.787965662339154,39.380155226763556,37.5756737204159,37.89411163330078,2472800
2000-07-25,39.32708302507497,39.45976549142137,38.34523277411156,39.40669250488281,548600
2000-07-26,37.89410418658189,38.26561501194054,36.75303522298034,37.68181228637695,1001600
2000-07-27,36.248845723931396,36.248845723931396,34.81587524875402,35.1077766418457,1052800
2000-07-28,35.61196441417609,36.089621164887845,34.072848217438235,34.78933334350586,2704800
2000-07-31,35.1608427799963,36.24883866979241,34.364748226486945,35.93040084838867,429600
2000-08-01,35.824259298279415,35.824259298279415,34.55050785656281,34.736263275146484,1313600
2000-08-02,34.736266957388985,35.87733607821994,34.12592766020033,34.391292572021484,604000
2000-08-03,31.949934545219218,34.338218688964844,31.949934545219218,34.338218688964844,2842000
2000-08-04,35.18738381989519,35.18738381989519,32.905245804426876,33.40943908691406,1529600
2000-08-07,33.32983292473687,34.656657483842636,32.98485853936937,34.391292572021484,550800
2000-08-08,34.49742942933588,34.86894020780565,34.178991619218934,34.41781997680664,412600
2000-08-09,35.771186662881114,36.14269750359353,35.29352986767944,35.426212310791016,719800
2000-08-10,35.29353843683109,35.63851287267982,34.444370594741926,34.57705307006836,1133200
2000-08-11,34.550510345943394,35.26699558353208,33.46251424441983,35.1077766418457,632200
2000-08-14,35.82426584683932,37.363382453592415,35.24046299600194,37.25723648071289,1006000
2000-08-15,37.57566846124057,38.84941993450296,37.57566846124057,38.477909088134766,1997200
2000-08-16,39.273999907056385,39.910875581224865,39.088244502090575,39.592437744140625,1496800
2000-08-17,39.48629164836816,40.653897046572595,39.19439029881705,40.361995697021484,745200
2000-08-18,41.39692070393932,41.95418694418466,40.91926392658618,41.370384216308594,1050600
2000-08-21,41.68882151402925,41.92764989953292,40.01702281550357,40.3354606628418,1581200
2000-08-22,40.76004173452769,41.343844415621184,40.41506742297244,40.73350524902344,936600
2000-08-23,40.335468110584074,42.35224151611328,40.017030204447885,42.35224151611328,889400
2000-08-24,42.08686538427242,42.43183969070089,41.635745137404435,42.13993835449219,2990800
2000-08-25,42.03379860702826,42.4053094533025,41.264240425460194,41.609214782714844,602600
2000-08-28,41.50306863349101,42.272626811477735,41.370386189010546,41.82150650024414,424400
2000-08-29,41.66228977310688,41.84804520521627,41.29077890888809,41.50307083129883,1217200
2000-08-30,41.47652558683195,41.47652558683195,40.65389456111743,41.10501480102539,500200
2000-08-31,41.343856685896924,42.29917044757362,41.02541876533803,41.901123046875,1105800
2000-09-01,42.617604349460336,42.75028680384844,41.290779805579255,41.55614471435547,1638600
2000-09-05,41.025414129750956,41.18463307203977,40.20278292792542,40.3885383605957,708800
2000-09-06,39.380151838336076,39.43322481925028,37.81449890136719,37.81449890136719,952800
2000-09-07,38.31869243538898,39.380152059637986,38.05332752932673,39.06171417236328,685000
2000-09-08,38.84942513763819,38.84942513763819,37.20416259765625,37.20416259765625,649400
2000-09-11,36.9387838612432,37.97370668494183,36.19576234679291,36.62034606933594,681200
2000-09-12,37.04493188893432,37.54912508799575,35.66503471255568,35.74464416503906,853800
2000-09-13,34.975092858383334,36.06308891846962,34.975092858383334,36.03655242919922,1732800
2000-09-14,36.93879847010006,37.15109041533052,35.93041173025537,36.0100212097168,473200
2000-09-15,35.452745696929284,36.03654839553142,34.76279705312677,35.134307861328125,632200
2000-09-18,35.4527522193061,36.248846954769554,34.17900064256456,34.391292572021484,300000
2000-09-19,35.02816456988486,36.991864704863254,34.47089831536397,36.965328216552734,1573600
2000-09-20,36.832652589194794,37.60221089257134,35.82426584683932,37.25723648071289,1064800
2000-09-21,36.912251908276836,37.01839785193831,35.63850058433918,35.771183013916016,598600
2000-09-22,31.89685348510742,33.27675064086914,31.870317001342773,33.17060470581055,2000600
2000-09-25,34.07284648336053,34.07284648336053,31.29182158058063,31.423444747924805,599200
2000-09-26,31.546577606232972,32.162222819930456,30.761094985513488,31.10076332092285,665800
2000-09-27,31.92870467477398,32.03485063877165,30.383219698113226,30.782329559326172,1632600
2000-09-28,31.100768392301326,31.928705640806097,30.803560979842647,31.73764419555664,1122200
2000-09-29,31.334286400519538,31.334286400519538,30.06053497349545,30.187908172607422,711600
2000-10-02,30.778078162663896,30.86724037022988,29.300528381117193,29.508573532104492,714000
2000-10-03,29.93316140165972,30.45964446824024,28.8165070431848,29.062763214111328,1486000
2000-10-04,29.232599862256798,30.65495523049928,28.977850178877514,30.570039749145508,1545200
2000-10-05,29.933162588490656,30.570038388245777,29.40243275536139,29.8057861328125,1233000
2000-10-06,29.827013782721597,30.24735086354037,28.12867847836734,28.74432373046875,1237400
2000-10-09,28.532032524174276,28.765554930034437,26.876156533207425,28.234825134277344,1370000
2000-10-10,27.00353317539558,27.17336736931738,25.182069624861796,25.6193904876709,2466400
2000-10-11,24.519715478310538,26.621405700383185,24.519715478310538,25.453800201416016,3080800
2000-10-12,26.642634935805674,26.74878089172522,24.727762603666942,24.880611419677734,2130400
2000-10-13,25.003740782943883,27.576717683449424,24.944299307569114,27.491802215576172,1336000
2000-10-16,27.254033732442764,27.254033732442764,25.687318555843703,25.920839309692383,1334000
2000-10-17,25.68732217104315,25.72977990693342,23.78094002784809,24.5112247467041,2259400
2000-10-18,23.373339925506315,25.687322163324314,22.82138126080466,24.031444549560547,2096800
2000-10-19,27.173363979325096,28.01828485854836,25.94631702127909,27.916385650634766,2875600
2000-10-20,27.593702536253982,29.08399270447006,27.26252766316543,28.340970993041992,3007600
2000-10-23,28.786786821950884,29.869473714523515,28.256057000302217,28.99907875061035,985000
2000-10-24,28.553260152480185,28.553260152480185,26.753024152893342,27.067216873168945,1131800
2000-10-25,25.26273877869734,26.111906468737587,24.63010813696747,24.961284637451172,1765400
2000-10-26,24.965527307614263,26.32419580197027,24.33289834776932,26.260507583618164,1894800
2000-10-27,27.169120497542995,27.169120497542995,25.47503027181727,26.196823120117188,1690800
2000-10-30,26.218050322259945,26.961071991311847,25.585419731388786,26.379392623901367,1611400
2000-10-31,27.169118853853156,28.442868670725314,27.130906245970884,27.916385650634766,1395800
2000-11-01,26.914370502945633,27.623424768460815,26.387887425966706,26.918617248535156,956200
2000-11-02,27.958847535108085,28.141418731023666,27.25828349313815,27.597951889038086,865000
2000-11-03,27.563976017089516,27.81023536724315,27.08844267500133,27.381404876708984,309800
2000-11-06,27.767778574286233,27.852694030627998,27.385652542114258,27.385652542114258,340600
2000-11-07,26.57894698209536,26.689339684372467,25.797712673872518,26.1076602935791,692400
2000-11-08,25.942072044439968,26.069448492502392,23.908316676425944,24.052675247192383,1678400
2000-11-09,22.931772494347882,24.286195981037334,22.736464316592773,23.98898696899414,769800
2000-11-10,23.2671936106708,23.2671936106708,22.337355604025706,22.50294303894043,1135200
2000-11-13,21.738695102825247,24.24373903719141,21.738695102825247,23.479488372802734,2118000
2000-11-14,24.732006058548457,25.024968294018958,23.776692519806243,24.816923141479492,1358400
2000-11-15,25.050442817062223,26.511010425352833,25.050442817062223,25.942068099975586,1043800
2000-11-16,25.576928647143664,25.77223680507013,24.523959405151743,24.540943145751953,1256200
2000-11-17,24.540941460944254,25.305191919240514,23.48372878587101,24.47725486755371,528000
2000-11-20,23.60686081909604,25.0249709072573,23.437028255157802,24.15882110595703,2001400
2000-11-21,24.201280290248533,24.456029961229692,23.40306217103058,23.64507484436035,1045800
2000-11-22,23.988985831584404,24.456027385751756,22.96998401565361,23.13981819152832,3145000
2000-11-24,24.095137081262962,24.833913803100586,23.526194572619463,24.833913803100586,747800
2000-11-27,25.432575203639328,25.432575203639328,23.356358658188505,23.479488372802734,2604800
2000-11-28,23.35635646071426,23.742727692560543,21.76416705151383,21.86606788635254,2545200
2000-11-29,22.120822275120094,22.65579893804016,21.31411377371657,22.1165771484375,2353400
2000-11-30,20.50739878209394,20.872541137123033,19.649739246240642,20.380023956298828,4068600
2000-12-01,20.69846151221108,21.271649029301113,19.743147903955183,20.21868133544922,1524400
2000-12-04,20.59231851911477,21.04662314862355,19.641249899602602,20.3630428314209,994800
2000-12-05,21.016900821689653,22.498699188232422,21.016900821689653,22.498699188232422,3228200
2000-12-06,22.176012169991107,22.910541965873797,21.36505715884583,21.568857192993164,1331200
2000-12-07,20.90226146253766,21.441483113412225,20.63052807430516,21.13578224182129,847000
2000-12-08,23.139817906720605,23.555909850867728,22.290650277116182,23.458255767822266,1542800
2000-12-11,23.458257981786755,25.42408168335771,23.05490299572471,25.135364532470703,2652800
2000-12-12,24.613123570219276,24.74899025756252,24.05267308001371,24.28619384765625,1477200
2000-12-13,24.625861917822483,24.625861917822483,22.609088743518054,22.651546478271484,1555400
2000-12-14,23.054901511290694,23.352110514497877,22.320371684011903,22.38405990600586,980200
2000-12-15,21.547630028196785,22.435010324686218,21.335338106736717,21.781150817871094,1680600
2000-12-18,22.396797794249,22.56663197988883,21.496680497539103,21.75992202758789,1199200
2000-12-19,22.078356145877045,23.445516410124014,21.458464227422393,21.483938217163086,2960800
2000-12-20,20.80460783388179,21.39902584842764,20.048849128819345,20.210189819335938,1229400
2000-12-21,20.698460076984606,21.403269114306863,19.63700058585719,20.1677303314209,2863200
2000-12-22,20.97444276248215,21.64953114634226,20.579579653828564,21.547630310058594,1924800
2000-12-26,21.866070445451008,21.90852818680187,20.80461071508931,21.314111709594727,875600
2000-12-27,21.229189975685927,22.460483642139174,21.016898075929067,22.354337692260742,1077200
2000-12-28,21.86606763197033,22.396797428862815,21.335337835077848,21.768413543701172,1441600
2000-12-29,22.023162513632478,22.023162513632478,20.592315479200714,20.804607391357422,1852000
2001-01-02,21.123041551768324,21.38628302313021,20.06582730215572,20.507394790649414,4358800
2001-01-03,20.507399242718627,23.96351145712465,19.61577382246692,23.882841110229492,4023200
2001-01-04,23.77669261188082,24.32865122358204,22.863836801239792,23.144062042236328,3143200
2001-01-05,22.931772725594445,23.224736614840207,21.560367102409916,21.75992202758789,3702400
2001-01-08,21.441483231878333,22.188750053646416,20.808852617931475,22.074113845825195,1833800
2001-01-09,22.46048793775476,22.46048793775476,21.50517420614313,21.69623565673828,1824000
2001-01-10,21.05511385083766,22.914791626038156,21.038130107583488,22.630319595336914,3756200
2001-01-11,22.413779354496814,24.15032717397221,22.12506223881445,23.870101928710938,3164400
2001-01-12,23.988985517565666,24.45178194012452,22.953001593335543,23.54317283630371,2275400
2001-01-16,23.144061765959375,23.24171746332061,22.290649057548737,22.715232849121094,1289800
2001-01-17,24.519717736797276,25.0079898201122,23.6705500229688,23.90831756591797,3379200
2001-01-18,23.437028942752345,25.415589627308453,23.27993337109444,25.262739181518555,3050200
2001-01-19,25.390108889747438,25.869888998961816,24.880608046477686,25.351896286010742,1746000
2001-01-22,24.88061359108829,25.407098291047085,24.413571992145588,24.732009887695312,816000
2001-01-23,24.30742411126662,25.092903543854526,23.988986240813347,24.90184211730957,1693200
2001-01-24,25.007986021186802,25.530223891499883,24.583402228770446,24.8593807220459,1155200
2001-01-25,24.45602870420204,24.880612547119846,23.674794368446925,23.946529388427734,2980600
2001-01-26,23.144064466686675,24.08239598649793,23.054902248770034,24.052675247192383,2968200
2001-01-29,23.755465648432924,24.812678479726205,23.245964727729024,24.689550399780273,821600
2001-01-30,24.995251082926035,25.525980901518494,24.672568065871722,25.135364532470703,1775600
2001-01-31,25.305193914954824,26.2647542131041,25.012231675073142,25.054689407348633,3378000
2001-02-01,24.83815389535541,25.470784510639106,24.464519673852447,24.90184211730957,1296000
2001-02-02,25.186313318330292,25.47503045978051,23.691778003664112,23.81915283203125,1830200
2001-02-05,23.05914534797309,23.237469755608906,22.303385128919487,22.88081932067871,2121200
2001-02-06,22.76618290185706,23.645071238259717,22.76618290185706,22.93177032470703,1716200
2001-02-07,22.68551256899019,23.076128887647315,21.611316073024433,22.18450355529785,1684000
2001-02-08,22.243945589622918,22.90205017245947,21.878803253173828,21.878803253173828,1128800
2001-02-09,21.989199895880272,22.367079296155072,21.34383219329786,21.61132049560547,2994600
2001-02-12,21.48818936523932,22.456240045563263,21.35232265991873,22.052885055541992,1808400
2001-02-13,22.120818465202014,22.63031942129653,21.411764196211802,21.475452423095703,1668800
2001-02-14,21.653773799392685,23.139817099351006,21.343827819760417,22.93177032470703,2181600
2001-02-15,23.88283738068172,24.405075230380266,23.441269865280837,23.776691436767578,4371400
2001-02-16,22.507187850696127,23.254456289708216,21.97645806944386,22.34160041809082,2338800
2001-02-20,22.439256726153708,22.439256726153708,20.59231755231481,20.677234649658203,1800400
2001-02-21,20.486171801774088,21.653777448507327,20.329076222809025,20.464942932128906,3874800
2001-02-22,20.677231211093787,21.182485345793324,19.700688803188296,20.1677303314209,2580600
2001-02-23,19.955440474387366,20.125274658203125,18.82180239934244,20.125274658203125,2866000
2001-02-26,20.08281576685935,20.210190597837464,19.00437239990424,19.53085708618164,2520400
2001-02-27,19.31856651938659,19.82806749877473,18.681690700066152,18.71565818786621,3024800
2001-02-28,18.63923133323476,18.961914340878323,17.62022946339194,17.76883316040039,2909600
2001-03-01,17.429165379081915,19.02135469421715,17.17441573652377,18.936437606811523,5134000
2001-03-02,18.38447809025807,20.600806029381882,18.303807751887238,19.250629425048828,5401200
2001-03-05,19.74314545292695,20.33756338324409,19.636999509631647,19.95968246459961,2389800
2001-03-06,21.29288037389765,21.755676827544963,21.03812909630733,21.055112838745117,16730800
2001-03-07,21.05935894045928,21.1018182985214,20.605054336977446,20.8895263671875,2566800
2001-03-08,21.05935894045928,21.14427603692462,20.56684172455099,20.8895263671875,1757400
2001-03-09,19.849296269667484,20.146505307797504,19.2463879411588,19.526613235473633,2593600
2001-03-12,18.575544220064874,19.819575082547075,18.49487386824352,18.7666072845459,6071400
2001-03-13,18.766604615367363,19.91298121954517,18.702916396379106,19.7006893157959,4716200
2001-03-14,19.21241935323015,20.205945634294043,18.787835500120092,19.488399505615234,4647800
2001-03-15,20.273880601255776,20.273880601255776,18.855770354098855,18.95342445373535,5641800
2001-03-16,18.724148930778114,19.106275080246647,18.155206452491075,18.36749839782715,3460400
2001-03-19,18.554316810714308,19.212421533796523,18.04906093158627,19.10627555847168,5732800
2001-03-20,19.382250945003545,19.56057536197701,17.79855195982809,17.93866539001465,4161000
2001-03-21,17.917435184852412,19.16571086933712,17.836763233020367,18.550064086914062,3990600
2001-03-22,19.21242078034417,20.67723550631326,18.936440607459062,20.469188690185547,5041200
2001-03-23,21.22494397927956,21.437235870324066,19.955437758183628,20.93198013305664,5615600
2001-03-26,21.059356907058433,21.059356907058433,19.530855796903403,20.184715270996094,3329800
2001-03-27,19.743148229002827,20.80460781120728,19.615773403070047,20.295106887817383,2847800
2001-03-28,20.082812385020915,20.248399799374305,18.617998026292444,18.80906105041504,3430400
2001-03-29,18.448167745095045,19.318564273024847,17.91743795737458,18.384479522705078,4366200
2001-03-30,18.0023551866773,18.044812922160045,17.199890380919623,17.615983963012695,4833000
2001-04-02,17.40793706400204,17.99810832970939,16.04926848141647,16.431394577026367,5228000
2001-04-03,16.26155872159852,16.694634378788905,15.794517203663444,15.964349746704102,4251000
2001-04-04,15.628928701211212,16.16815026775253,14.7797611859635,14.98780632019043,4815000
2001-04-05,16.09173075488254,17.267826754290798,15.900667672424115,17.025814056396484,4108600
2001-04-06,16.558773726987756,16.622461966109082,15.586476111736165,15.862456321716309,3519400
2001-04-09,15.85820642668087,16.17664431974401,14.864680135537514,15.454853057861328,3448000
2001-04-10,15.56099944320718,17.19564669062527,15.56099944320718,16.855979919433594,3418000
2001-04-11,19.95544114643832,19.95544114643832,18.363251693265052,18.677444458007812,9280400
2001-04-12,18.320791744499672,19.900242390049193,17.8749774556912,19.679458618164062,6870400
2001-04-16,18.809064416221794,19.144486049741758,18.235876860942962,18.677444458007812,3574200
2001-04-17,18.150960457430365,19.233649002889162,17.853751424254106,18.66046142578125,4550400
2001-04-18,19.95544302711004,22.927530286466855,19.95544302711004,21.05936050415039,7028000
2001-04-19,20.9956707630941,22.60484387101191,20.762149980017984,22.50294303894043,4568400
2001-04-20,22.22271811870064,22.85959387492669,21.602826104692067,22.014671325683594,5971200
2001-04-23,21.123043259371155,21.314106286151457,20.401250502455895,20.740917205810547,4101400
2001-04-24,20.65600414007472,21.649530374887263,19.997897902663674,20.210189819335938,4200600
2001-04-25,20.273875924729808,20.88952274271092,19.798342534554696,20.592313766479492,2973400
2001-04-26,20.800363133554583,20.957458701600117,19.87052348293372,20.019128799438477,2565800
2001-04-27,20.6772304999904,21.101814281839655,20.464938609065776,21.016897201538086,2673200
2001-04-30,21.394779585600123,22.37556884582281,21.224947020227365,21.781150817871094,2824400
2001-05-01,21.52639915210375,22.069865902058737,21.16550194748909,22.05712890625,3393400
2001-05-02,22.46048532538757,22.863838669427043,22.1420474518877,22.418025970458984,3009400
2001-05-03,21.717464321319408,21.764167183759657,21.18673451502772,21.428747177124023,2748200
2001-05-04,20.71968966455927,21.611316639957586,20.5710859784889,21.462711334228516,3432400
2001-05-07,21.632547533844708,21.9127728107373,21.144275457298143,21.3565673828125,1783200
2001-05-08,21.35232076945496,21.8618216791271,21.305616289950027,21.65802001953125,2246200
2001-05-09,20.953212844278244,21.275897484904807,20.592317211122136,20.84706687927246,6997600
2001-05-10,21.73020241539541,21.73020241539541,20.681479746929057,20.76215171813965,3366400
2001-05-11,20.762150109678277,21.18673394325322,20.312090663011674,20.44371223449707,2026400
2001-05-14,20.316336058970297,20.397008025004357,19.637002564076578,19.976669311523438,2794000
2001-05-15,20.04035553112665,20.762148309554807,19.86202949426386,20.082813262939453,4454400
2001-05-16,19.70068987725339,21.271648714042406,19.70068987725339,21.18673324584961,6721000
2001-05-17,21.224949255619965,21.80238198229263,21.118803283710733,21.526403427124023,4303200
2001-05-18,21.386286083639224,21.798132898158503,21.16550230779686,21.632545471191406,2009600
2001-05-21,21.547630789065902,23.097362518310547,21.526401920102046,23.097362518310547,7223600
2001-05-22,23.20350878272349,23.309654748573717,22.587861856860382,22.630319595336914,3235800
2001-05-23,22.205736965594724,22.277917068605536,21.56886113511117,21.61132049560547,3432200
2001-05-24,21.5264012856106,21.74718507957662,20.97444261052496,21.590087890625,7104000
2001-05-25,21.781149347924906,21.86606643470989,21.314107800095556,21.42025375366211,3616400
2001-05-29,21.03812600669841,21.118797961601192,20.354545860725295,20.452199935913086,3124800
2001-05-30,20.167733215395256,20.167733215395256,18.91521051282314,19.12750244140625,5665000
2001-05-31,19.314320035484737,19.955440935881242,19.19119033035373,19.53085708618164,3288600
2001-06-01,20.06158612552887,20.4224817360082,19.250631068627175,20.210189819335938,8287600
2001-06-04,20.167731230689924,20.39700687971481,19.721918548469574,19.93845558166504,2569200
2001-06-05,20.401252207796368,21.437237764199324,20.380023340748167,21.18673324584961,3382400
2001-06-06,21.0168971267361,21.420252041989016,20.65600156131215,21.03812599182129,3234400
2001-06-07,20.974439308439838,22.66003580793209,20.974439308439838,22.64729881286621,9018200
2001-06-08,22.37556829962884,22.630317951298878,21.696233195744092,21.917016983032227,3701400
2001-06-11,21.611315404316457,21.611315404316457,20.95320923879581,21.1994686126709,3718800
2001-06-12,20.252649537031818,21.399026231516416,19.99789826066923,21.161258697509766,4293200
2001-06-13,21.207961105328057,21.52215220989545,20.46918458167465,20.541364669799805,4515400
2001-06-14,20.53287146510943,20.53287146510943,19.135990467052633,19.38224983215332,2861400
2001-06-15,19.08504086793677,19.76862099973727,18.68168596076135,19.38224983215332,4640600
2001-06-18,19.641247141794572,19.891751664733153,19.063814497075672,19.140239715576172,2341800
2001-06-19,19.891751562666865,20.03186500241844,18.350513443352117,18.68168830871582,5312600
2001-06-20,18.25710639626642,18.76660736381494,17.917439624453714,18.745378494262695,5687000
2001-06-21,18.68169204212569,18.957672231520725,18.23587926050678,18.70292091369629,4964400
2001-06-22,18.51185861791991,19.229406493014938,18.286829654310257,18.664709091186523,4388600
2001-06-25,19.148728187147732,19.208171277969207,18.681686668303588,19.195432662963867,1543800
2001-06-26,18.639234299378995,19.52661473618511,18.639234299378995,19.322813034057617,2418800
2001-06-27,19.212417775029273,19.36102146354722,18.851522177394976,19.08504295349121,1510000
2001-06-28,19.615770030001936,20.273874533871293,19.552081818157784,19.870519638061523,7251000
2001-06-29,19.89600047947981,20.965952030118064,19.89600047947981,20.464942932128906,3740800
2001-07-02,20.04035646005837,20.664493568862177,19.870522285617536,20.33331871032715,4513600
2001-07-03,19.959684554980072,20.486169201513366,19.959684554980072,20.39700698852539,1271600
2001-07-05,20.16773248984316,20.2611414533501,19.68370716923234,19.785606384277344,2664200
2001-07-06,19.10627320382165,19.191190297548182,18.261350631713867,18.261350631713867,4382200
2001-07-09,18.261348491044274,18.55855747441767,18.116989934529123,18.397216796875,1794200
2001-07-10,18.677443007676565,18.68168813323882,17.586261097080893,17.666933059692383,4706800
2001-07-11,17.7476059580652,18.312303299019597,17.577773376922817,18.214649200439453,4387400
2001-07-12,18.668952554241308,19.743149185164814,18.668952554241308,19.64974021911621,6630400
2001-07-13,19.462920165724984,19.900240932424797,19.021352654298024,19.38224983215332,3418800
2001-07-16,19.416217254433995,19.50962621004676,18.22313617647149,18.325037002563477,4740800
2001-07-17,17.874979960051334,19.06381607055664,17.74760512525688,19.06381607055664,8150000
2001-07-18,19.390739998937036,19.390739998937036,18.15944803770212,18.316543579101562,3527600
2001-07-19,18.893980221977838,19.607281177908355,18.893980221977838,19.24638557434082,3283000
2001-07-20,18.79207904411958,19.042583561153872,18.49911679321184,18.936437606811523,2143200
2001-07-23,19.102023420517824,19.127497408663512,18.26134617922419,18.342018127441406,2278800
2001-07-24,18.257100858818255,18.681684599721002,17.879221588560156,18.053300857543945,4098800
2001-07-25,18.214645498485364,18.35475730895996,17.50134459154566,18.35475730895996,3419800
2001-07-26,18.15095933967816,19.530856833337904,18.15095933967816,19.433202743530273,5015200
2001-07-27,19.513869376196908,19.91297915035495,19.339790097997714,19.658227920532227,3411200
2001-07-30,19.95119518636519,20.070078142274,19.539348346739967,19.687952041625977,3097200
2001-07-31,19.704935054260684,20.34181078532232,19.535100878114086,19.789852142333984,4367600
2001-08-01,20.71969217425682,21.178243523374316,20.59231733938826,20.8895263671875,8189400
2001-08-02,21.190979659028056,21.611318378621966,21.13153817981775,21.590087890625,9092000
2001-08-03,21.37779489194453,21.37779489194453,20.957457813165746,21.13578224182129,3333400
2001-08-06,20.55409875595493,20.825832089977816,20.507394285483787,20.728178024291992,2428400
2001-08-07,20.252651410857073,20.719693031245434,19.96393424272861,20.286617279052734,3733400
2001-08-08,20.282370829849114,20.64326645663842,19.233648195802356,19.339794158935547,6499600
2001-08-09,19.169961564101296,19.658232022066187,19.072305852849457,19.424711227416992,3651800
2001-08-10,19.526612918228007,19.73465810777768,18.84303262753266,19.611528396606445,5276200
2001-08-13,19.997900652925427,20.048851886088293,19.57756350711534,19.989410400390625,2668000
2001-08-14,20.125269947713388,20.210185400087273,19.658226861364845,19.68370246887207,2923000
2001-08-15,19.764377069693253,19.92996450514535,19.042584230849304,19.08928871154785,1397800
2001-08-16,18.792080575338648,19.467168964749987,18.520347169226213,19.424711227416992,5649600
2001-08-17,18.851521600718073,19.085042369670795,18.40570730948443,18.494871139526367,3267800
2001-08-20,18.44392403843378,18.893983555645512,18.44392403843378,18.732641220092773,2078200
2001-08-21,18.809061943553388,18.83029080953981,17.83251953125,17.83251953125,3732000
2001-08-22,18.257106425017678,18.745378523782886,17.947160394021797,18.66046142578125,5888600
2001-08-23,18.65621009384635,19.000123527362838,18.554310897021228,18.613752365112305,3618600
2001-08-24,18.97889530244938,19.6837043129279,18.809061142473933,19.62001609802246,4956600
2001-08-27,19.61577329284929,20.24415716762439,19.496888718942426,19.921472549438477,3547800
2001-08-28,20.167729820681657,20.167729820681657,19.38649559020996,19.38649559020996,4719000
2001-08-29,19.63700380702477,19.658232676397876,18.60951162850429,18.7878360748291,4114600
2001-08-30,18.490622860019467,18.779339953199194,18.087267954577914,18.316543579101562,4030400
2001-08-31,18.044812590800465,18.758113547491867,18.044812590800465,18.596771240234375,3470600
2001-09-04,18.29956177034695,18.868504146975575,17.891961696849684,17.900453567504883,5781800
2001-09-05,17.896210942967056,18.193418359139603,17.068272064457524,17.828277587890625,8726600
2001-09-06,17.49285437606073,17.700899548797995,16.881452615327017,16.945140838623047,7081600
2001-09-07,16.983352400424845,17.6159829899905,16.694635280044928,16.885698318481445,6735000
2001-09-10,16.855979512478083,17.272071499599505,16.56726235902095,16.800783157348633,4317600
2001-09-17,15.539767776645323,15.930385748664298,15.178872163283913,15.242560386657715,4544200
2001-09-18,15.36993642974123,15.599212108435536,14.159871427516123,14.236296653747559,3632400
2001-09-19,14.287245257145464,14.520766018952374,12.588909278307886,13.671598434448242,7587400
2001-09-20,13.412603564307961,13.794729667998313,12.695056648280909,12.76298999786377,4841800
2001-09-21,11.973264727731786,12.77572793394744,11.807676477846295,12.448798179626465,5362000
2001-09-24,13.0771807629337,13.544223106573334,12.741759980842886,13.225785255432129,4876200
2001-09-25,13.310702165425571,13.777744502951425,12.779972420471037,13.395618438720703,6075600
2001-09-26,13.459306868764457,13.459306868764457,12.444551029684604,12.516730308532715,4057800
2001-09-27,12.457287957236217,12.461533892143219,11.595382607017607,12.244996070861816,6456000
2001-09-28,12.503993657761056,12.813939647907796,12.194046857784958,12.550697326660156,7476600
2001-10-01,12.550697529610325,12.737514637715712,12.121867772961037,12.295947074890137,3761200
2001-10-02,12.143097461923722,12.487010130729743,11.833151466458672,11.96477222442627,4968400
2001-10-03,11.760972563120195,13.425341230084442,11.722759953152364,13.119640350341797,11575200
2001-10-04,13.480537053978146,14.316967745381946,13.123886560047174,13.735286712646484,11761200
2001-10-05,13.459308322758375,14.066463355748182,13.00924886022516,13.858416557312012,7429200
2001-10-08,13.58668102585496,14.558978275485767,13.501763945511648,14.427356719970703,6286400
2001-10-09,14.435849781706011,14.435849781706011,13.650370367917851,13.714056968688965,6777400
2001-10-10,13.582436513422183,14.605684280395508,13.518749101408995,14.605684280395508,6140200
2001-10-11,15.115182070160033,16.049266719362866,15.115182070160033,15.989825248718262,7765000
2001-10-12,15.560997742871594,16.0832356502004,15.115183433508621,16.023794174194336,7369000
2001-10-15,15.41239200124409,15.49730908729801,14.9623341985781,15.323229789733887,4522600
2001-10-16,15.280773145774498,15.773290336404221,15.08121822227199,15.692618370056152,6255800
2001-10-17,16.134186440993904,16.240332404421494,14.771272659301758,14.771272659301758,9193600
2001-10-18,14.64814251033005,14.716075860084358,14.032495617123544,14.2405424118042,5731800
2001-10-19,14.138642074117076,14.639651153530556,13.909366403268423,14.435851097106934,4140200
2001-10-22,14.435850448997288,15.310493735748997,14.18110079481968,15.242560386657715,7748200
2001-10-23,15.285019626712915,15.730832375226916,14.881664618187308,15.106695175170898,5015000
2001-10-24,15.157641061443956,15.832729327144708,15.115181712232818,15.667141914367676,4106000
2001-10-25,15.242560688750475,16.516312224200636,15.051497634501183,16.45686912536621,7949000
2001-10-26,16.346476445580763,16.707372030931413,16.193626017074102,16.371952056884766,6475200
2001-10-29,16.13418277485775,16.214853105654978,15.15764045715332,15.15764045715332,4840200
2001-10-30,15.072728463236665,15.0939573343235,14.3933948705037,14.529261589050293,5244200
2001-10-31,14.966579917104026,15.735077227839573,14.966579917104026,15.16613483428955,7504400
2001-11-01,15.518537069437452,16.17664161444478,15.106691897985385,16.134183883666992,7567200
2001-11-02,16.134181684006005,16.55876541253248,15.943118682237415,16.473848342895508,8044000
2001-11-05,16.834749554981048,17.064023592888887,16.59273690076921,16.911174774169922,4794800
2001-11-06,16.66491707083527,17.641459658060704,16.66491707083527,17.594755172729492,6826000
2001-11-07,17.365480059712596,18.40570919330166,17.284808091877846,17.620229721069336,8559600
2001-11-08,17.836765124756262,18.499116450664943,17.174415418506275,17.301790237426758,12440800
2001-11-09,17.216875640317976,17.577772902362714,17.068271933372984,17.2296142578125,7300400
2001-11-12,16.601229482010336,17.87498115437918,16.601229482010336,17.662689208984375,8589000
2001-11-13,18.68169204212569,18.70292091369629,18.087273920194423,18.70292091369629,8974200
2001-11-14,18.702914144985805,18.978894234501787,18.087267374290647,18.558555603027344,10263600
2001-11-15,18.426938262203706,18.68168790393939,17.832520271942144,18.295316696166992,8651800
2001-11-16,18.257103845341835,18.46090387995405,17.942911113027986,18.11274528503418,5440400
2001-11-19,18.11274450147856,18.392969739405174,17.671176969091583,18.150957107543945,7319800
2001-11-20,17.853747582856116,17.934419537446875,17.017318639601548,17.123464584350586,7511000
2001-11-21,17.11072675903291,17.471623959625127,16.877205993743043,17.416427612304688,6806400
2001-11-23,17.40369084594715,17.773078302078453,17.110726984482085,17.683916091918945,2067000
2001-11-26,17.908945544909315,18.503363537046663,17.832520328215693,18.359004974365234,10230000
2001-11-27,18.257107232748172,19.004374164973484,17.78157373042297,18.53733253479004,10838600
2001-11-28,18.25710510203858,18.48638076413113,17.6669338241646,17.713638305664062,9193200
2001-11-29,17.9386683391044,18.40146481784635,17.594754824555604,18.392972946166992,13647000
2001-11-30,18.053303533297345,18.299561297297416,17.8070441496386,18.100008010864258,6360800
2001-12-03,17.959896425236145,18.299563179302826,17.734867504353005,17.790063858032227,6093400
2001-12-04,18.044810315107675,18.74961931204083,17.976876976354788,18.711406707763672,6602400
2001-12-05,19.10627214052556,20.239910176760542,18.68168831518055,20.057340621948242,10550200
2001-12-06,19.60303750403776,20.282372702611564,19.60303750403776,19.989410400390625,8619400
2001-12-07,19.993646819158933,20.104037870283687,19.16995501099611,19.505374908447266,9596400
2001-12-10,19.29309092632292,19.696445936300712,19.000128632166742,19.025604248046875,5174200
2001-12-11,19.35677811299414,19.70069162037597,19.063815834626645,19.12750244140625,6054200
2001-12-12,19.106271848826733,19.61577275539386,19.02135476112242,19.564823150634766,7548000
2001-12-13,18.978894553730978,19.029844151850213,18.30380630493164,18.30380630493164,7962200
2001-12-14,18.299560203480148,18.995878960657006,18.257102473498232,18.724143981933594,5922800
2001-12-17,18.93644059729984,19.26337038266286,18.830294626194664,19.0595703125,7672800
2001-12-18,19.271861506220013,19.488400185873566,18.96191547698982,19.161470413208008,3443200
2001-12-19,18.533086308355873,18.826048591389544,18.23587727967393,18.25286102294922,7449200
2001-12-20,18.257108341882066,18.257108341882066,17.238106298192452,17.33576202392578,9744600
2001-12-21,17.3400043966071,17.89620981990674,17.3400043966071,17.790063858032227,6356600
2001-12-24,17.832520927112835,17.832520927112835,17.577771276017593,17.6372127532959,662000
2001-12-26,17.683914733435156,18.231626567810082,17.683914733435156,17.7943058013916,1541600
2001-12-27,18.10425567626953,18.24012238298511,17.96838896955395,18.10425567626953,1211800
2001-12-28,18.46515299480569,18.59677295632627,18.19766470644817,18.32928466796875,3294800
2001-12-31,18.32079345136623,18.325038577141264,17.70514655582198,17.76883316040039,4856400
2002-01-02,17.773077390051967,18.978895396830058,17.773077390051967,18.511852264404297,4525600
2002-01-03,19.000123910928597,20.163484165834106,18.830289753246817,20.02337074279785,9934200
2002-01-04,20.367285840399585,20.422480569427194,19.615772303948972,20.010635375976562,8863200
2002-01-07,20.278124494690765,20.29086311189257,19.467169384727942,19.64124870300293,10625600
2002-01-08,19.955440367516395,20.10404406281523,19.42471057050798,19.75164031982422,8912200
2002-01-09,19.755881276751364,20.57108291515861,19.577556880021994,19.760128021240234,9223800
2002-01-10,19.624262452526864,19.72191652569,19.297332753854512,19.38224983215332,8157000
2002-01-11,19.53085538566632,19.798343641191842,19.114763443548128,19.233646392822266,4332600
2002-01-14,19.44594235557937,19.467171226712527,18.851525865555676,19.10627555847168,6640000
2002-01-15,19.1062735994532,19.33979439729252,18.78783570612898,19.042585372924805,4381200
2002-01-16,18.47363911101159,18.779339943552753,18.044810216171165,18.401460647583008,7518200
2002-01-17,18.681690295366927,18.681690295366927,18.129731587844688,18.66046142578125,5847600
2002-01-18,17.93866666975501,18.45241271110563,17.93866666975501,18.180679321289062,7768200
2002-01-22,18.257103515067303,18.299561247471434,17.246593611194037,17.289052963256836,8345400
2002-01-23,17.726377019908053,18.01084744255171,17.33151388126912,17.841014862060547,5906200
2002-01-24,17.8325175337433,18.426935432731465,17.8325175337433,18.108497619628906,6281800
2002-01-25,17.93866509771865,18.507607440160452,17.90045249189575,18.426937103271484,4466600
2002-01-28,18.68169204212569,18.851526254008647,18.333533365458802,18.70292091369629,3987400
2002-01-29,18.898225807690377,19.106272599759855,18.180679708687673,18.32079315185547,10455000
2002-01-30,18.235877014965443,19.042585372924805,18.091518438538774,19.042585372924805,7876200
2002-01-31,19.318563479300384,19.36951308332377,18.898224792045994,19.233646392822266,6951200
2002-02-01,19.225156640852965,19.39499083252521,18.81755652443024,19.0213565826416,5182200
2002-02-04,19.233648972600047,19.276108331363464,18.651969524642105,18.745378494262695,6421600
2002-02-05,18.724146043372127,19.08079652132487,18.38447930714541,18.68168830871582,6846000
2002-02-06,18.787837501391635,18.787837501391635,18.21889501283432,18.592529296875,11288600
2002-02-07,18.72414478055517,18.72414478055517,17.832519455636792,17.853748321533203,9182400
2002-02-08,18.087268314969045,18.24861060429214,17.671176406427232,18.223134994506836,12888000
2002-02-11,18.392967614378836,19.012859490346155,18.308050541860112,18.970401763916016,5279000
2002-02-12,18.766605577531593,19.148730052076598,18.524592924422127,18.80057144165039,4519400
2002-02-13,19.10627368805653,19.41621971130371,18.872752889134283,19.41621971130371,6554000
2002-02-14,19.407725691255987,19.828064378510376,19.152976051480344,19.233646392822266,7275000
2002-02-15,19.169960157638037,19.467167536481192,18.787834071041495,18.893980026245117,8731000
2002-02-19,18.6010191126398,18.71565694687519,18.095763292899502,18.15520477294922,5210000
2002-02-20,18.257107298902355,18.409957758689767,17.556543231429707,18.36749839782715,11004200
2002-02-21,18.010846227663585,18.061797456067183,17.14044965483782,17.18290901184082,9152000
2002-02-22,17.284806437260116,17.603244293302456,16.940894589315953,17.238101959228516,8590800
2002-02-25,17.620226608510638,18.380231952149995,17.492851800332634,18.18916893005371,7747200
2002-02-26,18.214649658712936,18.354761501189092,17.620231560611824,17.951406478881836,7540600
2002-02-27,18.3844805860815,18.426939943350295,17.390954301215906,17.717884063720703,9612600
2002-02-28,17.83252297797419,17.938668948081176,17.0979930591929,17.136205673217773,8565000
2002-03-01,17.310282913573204,18.80906331259478,17.310282913573204,18.80057144165039,10518400
2002-03-04,18.932192729515002,19.99789741243521,18.830291899360446,19.929964065551758,13509600
2002-03-05,19.895996451148935,20.52438025943961,19.870520840937388,20.30359649658203,10701000
2002-03-06,20.082814993264336,20.341811390749903,19.69219864402359,20.210189819335938,13160000
2002-03-07,20.214436674674396,20.694216862468878,19.9936528857748,20.337566375732422,10481800
2002-03-08,20.341810603129616,21.3098611873821,20.341810603129616,21.14427375793457,14412800
2002-03-11,20.876787834875714,21.016901287562405,20.295108394158785,20.634775161743164,11168000
2002-03-12,19.95968486038224,20.150747905179006,19.69219821732552,19.99365234375,10002000
2002-03-13,19.50962963446004,19.692200832662294,19.114766495990885,19.33555030822754,16028000
2002-03-14,19.428955129096348,19.64973891256615,19.212418090887578,19.24638557434082,11523600
2002-03-15,19.25487774598201,19.845050682403887,19.25487774598201,19.80259132385254,10113400
2002-03-18,20.061585633739153,20.380023500941363,19.709180283265844,19.929964065551758,13614600
2002-03-19,20.019127077771728,20.363038923655193,19.815325425826153,20.138010025024414,5143400
2002-03-20,19.870522643906167,19.870522643906167,19.42470995253386,19.428955078125,8806600
2002-03-21,19.45867751298962,20.02337315905609,19.373760423901622,19.972423553466797,7488000
2002-03-22,19.98515962912399,20.065829969228346,19.61152542614743,19.637001037597656,9457600
2002-03-25,19.78560709608211,19.95119616089039,19.08504470355318,19.12750244140625,9542000
2002-03-26,19.085042561680197,19.81108048723463,19.0213543423893,19.59454345703125,7380400
2002-03-27,19.603035667806207,19.607282413334822,19.20392743003592,19.424711227416992,3586400
2002-03-28,19.764376041095364,20.078568773296645,19.700689441359884,19.755884170532227,4927000
2002-04-01,19.573315964180352,20.460696326562626,19.4247122559872,20.273880004882812,9501400
2002-04-02,19.891749099659396,20.03610764713854,19.598786879624612,19.628507614135742,8045400
2002-04-03,19.653985080076655,19.819572507896694,18.99588049427399,19.233646392822266,10371000
2002-04-04,19.148726127331468,19.69219441877126,19.106268400970468,19.492639541625977,6493200
2002-04-05,19.637005315959783,19.755888289311457,19.169963675227596,19.212421417236328,6820800
2002-04-08,18.68593486534981,19.382253752514476,18.51610229405948,19.276107788085938,8963800
2002-04-09,19.23365055552915,19.581809227747993,18.533088084695212,18.605266571044922,14191200
2002-04-10,18.651969769121653,18.936440188100057,18.172189536589368,18.843032836914062,12115600
2002-04-11,18.639231286406726,18.92794842814821,18.333530402290137,18.418447494506836,7984200
2002-04-12,18.575544436726787,18.673198533120793,18.235877662387,18.5543155670166,6233600
2002-04-15,18.541578377405614,18.91096754137815,18.36749904092142,18.83029556274414,10977000
2002-04-16,19.586051827597977,19.8875059473474,19.552084344982354,19.777114868164062,14709000
2002-04-17,20.16772956041872,20.42247918068689,19.84929172525421,20.12102508544922,14244600
2002-04-18,19.836558949354302,20.019130143254014,19.27610836983019,19.611528396606445,14039200
2002-04-19,19.65823134997322,19.87477001408132,19.199681647750502,19.271860122680664,7623400
2002-04-22,19.212420053098413,19.212420053098413,18.8005731822881,19.076553344726562,3895600
2002-04-23,19.169960355557123,19.2845965630609,18.613754961470477,18.68168830871582,7027400
2002-04-24,18.76660547688796,18.936438035888685,17.985371170440086,18.095762252807617,9241400
2002-04-25,17.959894502863314,18.23587462206051,17.645703396353767,18.12123680114746,12456200
2002-04-26,18.316547274077614,18.37174362881805,17.272071377869256,17.386709213256836,15445600
2002-04-29,17.424917152003786,17.81128829225132,17.025807398134653,17.361228942871094,14037800
2002-04-30,17.34424741985951,18.172186146044847,17.280560822250575,17.60749053955078,11723400
2002-05-01,17.628719743871244,17.934420601170903,17.051285511042412,17.683916091918945,9807400
2002-05-02,17.683914775207,18.04481033402406,16.85597609477301,16.940893173217773,18895200
2002-05-03,16.91966308355543,16.940893568405794,16.049266653424198,16.1766414642334,20783600
2002-05-06,16.176641194107415,16.55876723981267,15.786024898194098,15.828482627868652,9506800
2002-05-07,16.045022398256155,16.214854948657695,15.47608003411069,15.86669635772705,12207600
2002-05-08,16.681901577540646,17.849507285590068,16.58424747631741,17.705148696899414,19284000
2002-05-09,17.429168166837513,17.76883495113021,17.09374650874767,17.1701717376709,10616200
2002-05-10,17.297548194713595,17.36548155155537,16.329495835144574,16.465362548828125,9991000
2002-05-13,16.63944220484533,17.429168505979444,16.605476335584637,17.39520263671875,10636800
2002-05-14,18.257104752814207,18.60101823937461,18.12972992730772,18.44816780090332,14262600
2002-05-15,18.235872191078503,19.02135147230061,17.83251730896778,18.342018127441406,10379200
2002-05-16,18.150959022954165,18.630739212036133,17.811292277450526,18.630739212036133,13786800
2002-05-17,18.724143981933594,18.906715136241264,18.34201955312064,18.724143981933594,16441400
2002-05-20,18.469396846434528,18.596771673167833,18.214647192967913,18.32079315185547,4079600
2002-05-21,18.448168175057443,18.596771871219094,17.696654583771057,17.87497901916504,7961400
2002-05-22,17.78581890565762,18.150961310463856,17.348498016936155,17.896211624145508,18249000
2002-05-23,17.87497727845429,17.95564923679356,17.068269032672198,17.747602462768555,8973200
2002-05-24,17.403694612998965,17.403694612998965,17.004584714101306,17.140451431274414,6819600
2002-05-28,17.250839969782945,17.25933184000527,16.70737161316436,17.064022064208984,7169000
2002-05-29,16.690390738251384,16.72860334727497,16.452623213253663,16.495080947875977,9268400
2002-05-30,16.325250435173288,16.537542374201134,15.900666557117592,16.452625274658203,14878000
2002-05-31,16.626704793828264,16.868717477570414,16.30402175539172,16.32525062561035,8683400
2002-06-03,16.32524737099274,16.32524737099274,15.548258242552125,15.60345458984375,8570600
2002-06-04,15.50580008643741,16.176641627278567,15.412391135061846,16.049266815185547,14630800
2002-06-05,16.134186277428654,16.28278997685722,15.713847553866803,16.168153762817383,10995000
2002-06-06,16.00680944466576,16.00680944466576,15.437867092829451,15.624683380126953,15391200
2002-06-07,14.541997768457115,14.92412390512687,14.181102121337089,14.733060836791992,17149800
2002-06-10,14.775516724186014,14.966579768567563,14.440095115122713,14.478307723999023,4425000
2002-06-11,14.648141454223925,14.775516273372393,13.896627915691653,13.930595397949219,7987800
2002-06-12,13.84143198916636,14.52076707811645,13.756516520249004,14.478307723999023,12734000
2002-06-13,14.435850816792705,14.733059834011382,14.011266969239978,14.189591407775879,11993800
2002-06-14,13.862662923654508,14.312720754219535,13.268244904087851,14.19808292388916,7002600
2002-06-17,14.372162473107473,15.017530110417077,14.372162473107473,14.941104888916016,6433800
2002-06-18,14.796747397173036,15.369936600268243,14.652388814874126,14.66937255859375,7046800
2002-06-19,14.266013699656583,14.350930775656856,13.607909195056855,13.692826271057129,11260800
2002-06-20,13.86266112273882,13.94333145819852,12.975280144218445,13.09416389465332,13054000
2002-06-21,13.077182311207244,13.208803888339403,12.48276508066681,12.631369590759277,12900000
2002-06-24,12.440305705909218,13.438077853203634,12.440305705909218,13.1705904006958,21691800
2002-06-25,13.3361787199447,13.565454388629549,12.54645249646946,12.631369590759277,14393000
2002-06-26,12.015723315299544,12.877628871419057,11.994494445522443,12.741762161254883,12720400
2002-06-27,13.26824528028343,13.331932695662905,12.631369506829826,13.132378578186035,18381800
2002-06-28,13.132377468046508,13.501764931919121,12.79695586699753,12.88611888885498,7975600
2002-07-01,12.779974794491942,13.055954151168637,12.22801527130908,12.30444049835205,8136600
2002-07-02,12.185555858294538,12.185555858294538,11.586892741775955,11.676054954528809,15534400
2002-07-03,11.506221228232533,12.270471750030689,11.506221228232533,12.266225814819336,14631200
2002-07-05,12.716286149813712,13.412603378295898,12.712040214294992,13.412603378295898,6111600
2002-07-08,13.28947206026175,13.501763951383051,12.610138656537021,12.758742332458496,10951800
2002-07-09,12.495502315677479,12.605894209268397,12.13035996070978,12.291702270507812,8122800
2002-07-10,12.419076811466159,12.419076811466159,11.680301057296928,11.71426773071289,8584400
2002-07-11,11.65482666771492,12.559189885607037,11.484992484787162,12.495502471923828,26312800
2002-07-12,12.754497122150704,12.907346732053862,12.31292960284776,12.614383697509766,17762600
2002-07-15,12.525224517329734,13.289475180896025,12.206786605872198,13.23427963256836,22122600
2002-07-16,13.055951893176923,13.667351984121748,12.762988843455862,12.894610404968262,24519400
2002-07-17,13.582436355147019,13.760761592603563,12.652597559135804,12.983773231506348,16215400
2002-07-18,12.95405244724214,13.12813174868082,12.588910102844238,12.588910102844238,12875800
2002-07-19,12.270474239226242,12.864891522300791,12.249245368692312,12.317178726196289,12777800
2002-07-22,12.312931729349724,12.648353361729448,11.837397457960234,11.986001968383789,14204200
2002-07-23,12.015722854995612,12.249244462745223,11.506222711398124,11.548681259155273,14867600
2002-07-24,11.166553706185166,12.117622138510338,11.08163743139747,12.05817985534668,26470000
2002-07-25,11.548680921120381,11.718514297348447,10.487221307408191,10.911805152893066,25344800
2002-07-26,10.890574876901553,11.18778387635795,10.499957728104556,10.903312683105469,11728800
2002-07-29,11.242979359983519,11.67605505077117,10.975491909690774,11.56990909576416,17119600
2002-07-30,11.31515837528229,11.964771896163809,11.293929508712626,11.845888137817383,15428400
2002-07-31,11.642086544463057,11.680299147035184,11.17079831929299,11.378844261169434,16096000
2002-08-01,11.378845119709663,11.506220741170393,10.618840565294105,10.652807235717773,11770400
2002-08-02,10.614593744607198,10.614593744607198,10.024422591552392,10.253697395324707,12167200
2002-08-05,10.211241454093518,10.325879290035404,9.425761965185895,9.638053894042969,5834800
2002-08-06,9.769674081230278,10.563645394356627,9.769674081230278,10.190011978149414,9894800
2002-08-07,10.63582447511934,10.805658652708209,9.8758198507096,10.402303695678711,14855400
2002-08-08,10.389567330786692,10.954263863072411,10.105096096637975,10.86934757232666,11799800
2002-08-09,10.59336543623233,10.954260994599592,10.415040219583998,10.741969108581543,6638400
2002-08-12,10.529678335310917,10.635824289537155,10.330124232904163,10.572136878967285,4401800
2002-08-13,10.444762519076006,10.933033768113242,10.10509496465446,10.168783187866211,15139200
2002-08-14,10.18151963299168,10.88632869720459,9.977719597278652,10.88632869720459,8688600
2002-08-15,11.026443819264195,11.421306983994665,10.699514824980382,11.060410499572754,9990600
2002-08-16,10.826889014062514,11.82466130085378,10.784430463806174,11.616615295410156,18815200
2002-08-19,11.62085980419953,12.283210353431384,11.506221975535539,12.062426567077637,9277400
2002-08-20,11.90957572968764,12.14734325002064,11.552925259017503,11.676054954528809,24751400
2002-08-21,11.845888965533984,12.295947608858807,11.676055591621731,12.160080909729004,11271800
2002-08-22,12.16432622208027,12.397847807846139,11.867118035418297,12.11337661743164,12766400
2002-08-23,11.760972154402669,12.075164084463161,11.153817161379665,11.361863136291504,10901400
2002-08-26,11.378845561229555,11.506221187632692,11.051916649402305,11.412812232971191,9093000
2002-08-27,11.463763761339548,11.463763761339548,10.72074203606754,10.767446517944336,9680200
2002-08-28,10.512696630922598,10.699513758920684,10.308896569377117,10.381075859069824,8015600
2002-08-29,10.113586986525567,10.572137503476895,10.028670704026082,10.372583389282227,11363600
2002-08-30,10.287667013039604,10.529679690244325,10.173029173364906,10.232471466064453,11244200
2002-09-03,10.06688064518576,10.105093248692107,9.731459893088035,9.78665542602539,9138400
2002-09-04,9.829116032253092,9.998949411440016,9.46821959533748,9.867328643798828,18191200
2002-09-05,9.689003093315616,9.689003093315616,9.349336345454624,9.459728240966797,13915400
2002-09-06,9.926770032653497,10.083866413098292,9.84185374875664,9.931015968322754,8806600
2002-09-09,9.829116372047892,9.998949757105997,9.340845086319796,9.90129566192627,9488400
2002-09-10,9.914034063450279,10.402305378431146,9.914034063450279,10.262192726135254,8979600
2002-09-11,9.85034488011678,10.720741381192765,9.85034488011678,10.406549453735352,8831400
2002-09-12,10.190012406095352,10.190012406095352,9.70598707595124,9.722970008850098,4524200
2002-09-13,9.680510065131381,9.931014565424183,9.557381187434364,9.672019004821777,4781000
2002-09-16,9.595593555013767,9.739952104474282,9.294138651200589,9.362071990966797,7587800
2002-09-17,9.659280209024214,9.722967608876111,9.149779390550588,9.171009063720703,8717800
2002-09-18,9.06486486820151,9.234698237031617,8.886539628472553,9.047881126403809,12697600
2002-09-19,8.971456379603877,9.124306824501037,8.754919329105464,8.767656326293945,11969000
2002-09-20,8.810115336017855,8.873802754794259,8.521398173746723,8.572348594665527,17159800
2002-09-23,8.51290550682815,8.51290550682815,8.0670928072039,8.130780220031738,10635200
2002-09-24,7.9609470965635145,8.546872446545645,7.897259681756889,8.228434562683105,16041600
2002-09-25,8.470446441654111,8.979946474115795,8.338824891334237,8.805867195129395,14097800
2002-09-26,8.831342590839569,8.996930821175466,8.436480342695365,8.648772239685059,18902800
2002-09-27,8.453462772909733,8.916259145736694,8.364300570170416,8.49167537689209,9822200
2002-09-30,8.304858726103467,8.385529873154375,7.778374922386203,8.168992042541504,11033000
2002-10-01,8.27938565318365,8.810115502746704,8.101060391337285,8.61056137084961,13855000
2002-10-02,8.534133584715738,9.098829942982137,8.512903911199412,8.623295783996582,22960200
2002-10-03,8.534134440896162,8.631788519380606,8.126533576612125,8.1477632522583,14372800
2002-10-04,8.270893289950113,8.275139225673952,7.837817564071779,7.943963527679443,7535200
2002-10-07,7.973685052899495,8.04161840461036,7.66798416037118,7.748655319213867,7424600
2002-10-08,7.791113589625036,7.897259549129929,7.353791944926291,7.536363124847412,22586600
2002-10-09,7.387758750895054,7.829326339002565,7.3835128152598575,7.502396583557129,21641000
2002-10-10,7.523625723923448,8.092568162339553,7.430217566060151,7.952455520629883,23787200
2002-10-11,8.194467067714754,8.801622035114104,8.173238201512689,8.644526481628418,26844800
2002-10-14,8.534135635144965,8.699723079210482,8.394022995590426,8.661510467529297,9294800
2002-10-15,9.306875677532068,9.489446816566867,9.175254943974348,9.485200881958008,23119800
2002-10-16,8.780393436176713,8.80586823836048,8.512905178844392,8.576593399047852,18907000
2002-10-17,9.255925862294138,9.323859200709453,9.00117624815134,9.158271789550781,20851400
2002-10-18,9.030899155110443,9.362074057101017,8.77614866985114,9.319616317749023,8080200
2002-10-21,9.234697494264282,9.850344317813628,9.04788039866259,9.773919105529785,16711600
2002-10-22,9.128552626416466,9.43849863751248,9.005422923202499,9.08184814453125,15800400
2002-10-23,9.073356009310082,9.812131711671707,9.030897468060244,9.773919105529785,25692800
2002-10-24,9.807887683788973,10.223979687325423,9.46822009756841,9.50218677520752,23422600
2002-10-25,9.510679089335332,10.054146766662598,9.489450218509766,10.054146766662598,13448400
2002-10-28,10.253697993317399,10.402302476374317,9.986210571678372,10.011685371398926,12329400
2002-10-29,9.998948802264687,10.083865891599382,9.370564932641967,9.73570728302002,12932000
2002-10-30,9.824867710863067,10.393810000360352,9.744197381481102,10.253697395324707,18877600
2002-10-31,10.26643851704066,10.482976396586148,10.03291689329733,10.18152141571045,19697200
2002-11-01,10.126324096086579,10.784428681919495,9.99045740557883,10.720741271972656,15349200
2002-11-04,11.081638954367467,11.540189492694354,10.975492988923007,11.128342628479004,20404000
2002-11-05,10.996721988132975,11.119851698222877,10.474484026329048,10.856609344482422,23718600
2002-11-06,10.933032793127026,11.251470641470531,10.372582309615149,11.230241775512695,16721400
2002-11-07,11.017951732275804,11.017951732275804,10.38532105436836,10.482975959777832,18308800
2002-11-08,10.38107579420071,10.69951369206172,10.088112701416334,10.359846115112305,25388800
2002-11-11,10.211241618284644,10.232471297409377,9.722970336028128,9.799395561218262,15048200
2002-11-12,9.829116665336414,10.402305065611518,9.829116665336414,10.143308639526367,16933400
2002-11-13,9.986212008961907,10.355599492477193,9.892803046827018,10.168783187866211,11355400
2002-11-14,10.173029453166372,10.903314250590858,10.173029453166372,10.86934757232666,17709600
2002-11-15,10.635823737754396,10.89482011177517,10.465990381769185,10.877837181091309,9643000
2002-11-18,10.882084667203983,11.23024413479177,10.805660247802734,10.805660247802734,11275200
2002-11-19,10.741970156858706,10.924541326223494,10.52543312463885,10.635824203491211,10924000
2002-11-20,10.71224803705737,11.378844408607309,10.699511042587785,11.336386680603027,15402800
2002-11-21,11.548679777132485,12.206784348511821,11.548679777132485,12.05817985534668,28648600
2002-11-22,11.930805038250465,12.295946558513304,11.867117629702358,12.05817985534668,16340800
2002-11-25,12.070919914791332,12.559191217932765,12.062428042778214,12.44455337524414,12255800
2002-11-26,12.406339517912896,12.406339517912896,11.91382232811459,11.99449348449707,12537200
2002-11-27,12.27047400363626,12.767237176989804,12.18555771330141,12.652599334716797,15283600
2002-11-29,12.656843557094264,12.864889533517045,12.41907684258671,12.440305709838867,6670000
2002-12-02,13.05595091289649,13.162096855277762,12.334158180772128,12.43605899810791,20104600
2002-12-03,12.414831680325625,12.414831680325625,11.845889256378637,11.884101867675781,10736600
2002-12-04,11.349125595353183,11.480747165890529,11.064654396513797,11.293930053710938,29938400
2002-12-05,11.565663640469479,11.620859992868745,10.979738300834224,11.124096870422363,14107600
2002-12-06,10.805658246256666,11.247224985821944,10.784428569941916,11.077391624450684,10737800
2002-12-09,10.86934644753729,10.911804993431183,10.317386970575471,10.351353645324707,15084400
2002-12-10,10.427779397668402,10.907559614022865,10.372583852072566,10.775938034057617,17759200
2002-12-11,10.533924084171145,11.030687173548614,10.508449282360067,10.784428596496582,16463600
2002-12-12,10.9330343984921,11.039180363526004,10.623088374952168,10.737726211547852,9108600
2002-12-13,10.555152709950816,10.555152709950816,10.296156352857288,10.308894157409668,15506400
2002-12-16,10.32587768498308,10.771691152183447,10.240961412537283,10.733478546142578,11364400
2002-12-17,10.691021154534853,10.933033812262723,10.550908520596119,10.644316673278809,26729800
2002-12-18,10.35984575296457,10.35984575296457,9.854590745934985,9.931015968322754,17792000
2002-12-19,9.931014921626963,10.147552758960133,9.638052679790322,9.871573448181152,24743200
2002-12-20,9.99894915261153,10.126324791076607,9.786657231665812,9.892803192138672,10114800
2002-12-23,9.846098812565307,10.190011473027775,9.846098812565307,10.075373649597168,6007400
2002-12-24,10.041405933186404,10.134814880269248,9.935259991377183,9.973472595214844,3725600
2002-12-26,10.05414557245946,10.24945375231093,9.858836582778572,9.914032936096191,6701000
2002-12-27,9.85883513016728,9.977718880710032,9.693247714271084,9.756935119628906,4347000
2002-12-30,9.914034733065728,9.914034733065728,9.446992257257854,9.480958938598633,6787200
2002-12-31,9.48095573485656,9.650789084171484,9.345089055404618,9.40453052520752,7963400
2003-01-02,9.63805301178569,10.11358643539122,9.446989969372257,10.071127891540527,12366600
2003-01-03,9.998950721525262,10.317388652909244,9.943755169743701,10.21124267578125,12478600
2003-01-06,10.359843875714912,10.890573590760033,10.359843875714912,10.741969108581543,11513600
2003-01-07,10.6145950682188,11.081637413186295,10.6145950682188,10.7462158203125,16541800
2003-01-08,10.63582375835772,10.699511975576206,10.300402980865828,10.37682819366455,12760000
2003-01-09,10.614596023637347,10.860854618992557,10.51694193457894,10.580629348754883,12201800
2003-01-10,10.427778358906249,10.996720740662562,10.334370210345273,10.843871116638184,19328200
2003-01-13,11.094374670868966,11.225996235899032,10.665545732639892,10.720741271972656,10353400
2003-01-14,10.699514276055476,11.009460319198393,10.640071981192953,10.805660247802734,11224800
2003-01-15,10.848116721614538,10.848116721614538,10.423532884215465,10.521187782287598,12839600
2003-01-16,10.55090714946559,10.563644144640636,10.139060362447488,10.215485572814941,12530800
2003-01-17,9.926768630354728,9.93526050049364,9.595593793230169,9.672019004821777,11761400
2003-01-21,9.701740617522624,9.799394703460205,9.514923506724665,9.570119857788086,9794200
2003-01-22,9.510678356259612,9.744199966488711,9.468219808051645,9.53190803527832,16631000
2003-01-23,9.807884567588951,9.935259365808214,9.553134161321209,9.841851234436035,15228600
2003-01-24,9.786658805987317,9.786658805987317,9.383304577202908,9.425763130187988,12289600
2003-01-27,9.332352716274048,9.544644638717932,9.2134697579963,9.311123847961426,11609600
2003-01-28,9.379056247364424,9.544643670935447,9.238943625151407,9.43425178527832,10305200
2003-01-29,9.404532871464404,9.778167143001363,9.2601742860746,9.727216720581055,22504600
2003-01-30,9.748444903436846,9.76118271060108,9.18374840976007,9.22196102142334,16081200
2003-01-31,8.831342506282665,9.226205560475517,8.678492892597502,9.128551483154297,13051400
2003-02-03,9.111568705923194,9.277156952176153,9.043635357142788,9.08609390258789,6533200
2003-02-04,8.958718560494074,9.115814116821648,8.916260017492524,9.05637264251709,10003000
2003-02-05,9.086093913844874,9.42151553246441,9.009668693914882,9.043635368347168,14682000
2003-02-06,9.005422332659357,9.128552027798925,8.82709790769203,8.907768249511719,11522000
2003-02-07,8.97145656143653,9.030898852228765,8.682740218310494,8.763410568237305,6628600
2003-02-10,8.793130082874336,8.975701245898732,8.64452640118409,8.873801231384277,8252200
2003-02-11,9.018159525082122,9.107322541328717,8.835588367375136,8.941734313964844,11226400
2003-02-12,8.856818300546532,9.081847195579952,8.848326430212996,8.873801231384277,5877200
2003-02-13,8.890786963681322,8.933245515030839,8.665757208409538,8.852574348449707,9545600
2003-02-14,8.873802521823528,9.349336801873084,8.852573652731888,9.345090866088867,14278800
2003-02-18,9.514922493371605,9.76118105463,9.430005413008312,9.756935119628906,11033000
2003-02-19,9.78665637091637,9.867327520532843,9.510677059925566,9.663527488708496,10190400
2003-02-20,9.81637896137972,9.87157450551572,9.701741127601766,9.76542854309082,9377000
2003-02-21,9.80788637769693,9.863081917824173,9.531907057401972,9.782411575317383,11118000
2003-02-24,9.705986031129235,9.892802322053551,9.625314881512763,9.663527488708496,11132000
2003-02-25,9.53190631286442,9.735706335640696,9.340843285368347,9.69324779510498,12124400
2003-02-26,9.595594083480787,9.778165247843365,9.383302182562314,9.43425178527832,10582200
2003-02-27,9.561627648173541,9.731461011142208,9.434252018575025,9.659281730651855,16643400
2003-02-28,9.71023396033868,10.02018000694724,9.701742088144869,9.994705200195312,15909400
2003-03-03,10.020178501164468,10.143307390153511,9.582856866855783,9.650790214538574,16419400
2003-03-04,9.684756988040176,9.710232601055415,9.519169552588078,9.544644355773926,11740000
2003-03-05,9.544644421952938,9.782411952767413,9.536152550888978,9.689002990722656,10884600
2003-03-06,9.616824215259598,9.739953922714832,9.523416058101082,9.638053894042969,10382200
2003-03-07,9.298387119857159,9.574366489086918,9.25592856847654,9.514925003051758,11418000
2003-03-10,9.43000690686892,9.489449196471533,9.298386140301394,9.328106880187988,5565600
2003-03-11,9.36207439815851,9.45972930778225,9.27715810653158,9.353583335876465,5275000
2003-03-12,9.40028688682885,9.5955958936289,9.26866611018219,9.582858085632324,12952200
2003-03-13,9.761183006484744,10.36833806595045,9.374811752248286,10.338617324829102,23261800
2003-03-14,10.423534101723202,10.465992652388307,10.066883571863515,10.18152141571045,13681200
2003-03-17,10.151798159229326,10.903311647461537,10.045652213767012,10.508448600769043,18205000
2003-03-18,10.703757080148481,10.899066046903465,10.55090746467645,10.877837181091309,13591200
2003-03-19,10.82688895826512,10.93303492844419,10.555155533752137,10.84811782836914,13144800
2003-03-20,10.805659114372,11.102867318191766,10.635824929527093,10.93303394317627,12436000
2003-03-21,11.081638060663959,11.251471429712613,11.017950648499387,11.19202995300293,13357400
2003-03-24,10.678282823721384,10.890574731985545,10.576382804934111,10.614595413208008,16662800
2003-03-25,10.62308505359652,10.835376917290315,10.512693187296243,10.703755378723145,15853200
2003-03-26,10.699514405977734,10.826889249689335,10.606105431415019,10.657055854797363,7932200
2003-03-27,10.533924447381583,10.661300080487598,10.42777849137459,10.567891120910645,11060400
2003-03-28,10.470238196612534,10.606104905792765,10.29615887424668,10.355600357055664,9137400
2003-03-31,10.151799952312873,10.156045888060829,9.803641319274902,9.803641319274902,18818200
2003-04-01,9.884311001010893,10.041406551050494,9.833360589482528,9.897047996520996,8526200
2003-04-02,10.245206973850996,10.631578985800756,10.245206973850996,10.576382637023926,14498200
2003-04-03,10.682530320527027,10.822642968068402,10.499959123160798,10.623088836669922,8222000
2003-04-04,10.644317518978388,10.644317518978388,10.24520845338936,10.355600357055664,10264800
2003-04-07,10.924541941919076,11.255717626628936,10.491466233412964,10.521187782287598,10179800
2003-04-08,10.487222165589118,10.512696971650607,10.088113091421565,10.143308639526367,15988200
2003-04-09,10.156043744699385,10.300402290346268,9.943751861080944,9.973472595214844,12162000
2003-04-10,10.02442439871474,10.139061416352572,9.892802829476361,10.066882133483887,10778600
2003-04-11,10.168783392435104,10.359845636425828,9.884312184430351,9.956491470336914,8952800
2003-04-14,9.969229109385084,10.249454399814706,9.892803882935286,10.232471466064453,8965200
2003-04-15,10.14755451352729,10.427779807980492,9.9989499943889,10.313142776489258,12309400
2003-04-16,10.593367119108317,11.017950958594351,10.593367119108317,10.831133842468262,27909800
2003-04-17,10.818396234229894,11.31091343228354,10.775937687536423,11.22175121307373,14298000
2003-04-21,11.255718315937754,11.412813891891599,11.039180448423753,11.315159797668457,9449800
2003-04-22,11.238733331966069,11.69728382142348,11.145325183868408,11.676054954528809,11477000
2003-04-23,11.663319632001688,11.794941226229207,11.53594478385261,11.727007865905762,11394600
2003-04-24,11.510465971730866,11.654824514653653,11.425548895954197,11.544432640075684,13339800
2003-04-25,11.315157548428596,11.336387223276253,10.903311574335522,10.988227844238281,14709400
2003-04-28,10.996720646646208,11.357617051365757,10.937279171690998,11.238733291625977,12411600
2003-04-29,11.336387470775527,11.633595636667856,11.306665925339917,11.463762283325195,16091800
2003-04-30,11.323650993367334,11.400076213790257,11.183538359201775,11.204767227172852,12400600
2003-05-01,11.200521456958588,11.361863771306417,11.005213277287382,11.242980003356934,13130600
2003-05-02,11.234487489223909,11.591137962833814,11.234487489223909,11.56990909576416,11524400
2003-05-05,11.612369023064874,11.97326547504664,11.582648281695105,11.663318634033203,15696200
2003-05-06,11.718512118454463,12.070916612289029,11.59113650259507,11.956278800964355,23855400
2003-05-07,11.811922690418193,11.905331656602561,11.55292628029526,11.654827117919922,11365200
2003-05-08,11.463764104864122,11.59113893765306,11.378847009785206,11.404322624206543,13885800
2003-05-09,11.65482351210073,11.884098301248619,11.58264424684823,11.858623504638672,11745800
2003-05-12,11.84588693956028,12.283208511190999,11.782199536464166,12.121866226196289,11375000
2003-05-13,11.998738887881403,12.134605581133354,11.88834699715685,12.007230758666992,13909800
2003-05-14,12.011476442792617,12.100638654688018,11.676054842242824,11.867117881774902,18731200
2003-05-15,11.973264362095438,12.079410319880576,11.828905794721297,12.019968032836914,12913400
2003-05-16,11.901085278016025,11.973264562913702,11.718514097990758,11.807676315307617,10931200
2003-05-19,11.65482512228621,11.760971067626416,11.276945006191161,11.302420616149902,19790000
2003-05-20,11.29393015367779,11.42979685107305,11.170800453019964,11.3109130859375,13374000
2003-05-21,11.319402941537914,11.973262318618271,11.149569600033033,11.336386680603027,9388400
2003-05-22,11.357618304091805,11.544435430051541,11.255718274430889,11.442535400390625,11951000
2003-05-23,11.429796201393541,11.676054778882248,11.400075464256355,11.514713287353516,6677600
2003-05-27,11.459515776304013,12.14309590044784,11.4255491073308,12.121866226196289,18971600
2003-05-28,12.18555538228665,12.376617606363256,11.986000478022818,12.20678424835205,12572400
2003-05-29,12.261979931392133,12.767234886066207,11.97326362426486,12.537960052490234,17570800
2003-05-30,12.567682149449858,12.822432621972851,12.567682149449858,12.716286659240723,15945400
2003-06-02,12.843662182218594,12.928579280908853,12.334161209735987,12.389357566833496,19884200
2003-06-03,12.355390223985601,12.737515527855377,12.143098298521345,12.716286659240723,15771000
2003-06-04,12.695055584297206,13.162097930908203,12.618630369964398,13.162097930908203,25029600
2003-06-05,12.8436620162283,13.191820658665742,12.737516049152033,13.140871047973633,20033200
2003-06-06,13.416847578577826,13.78623582263855,12.94980525970459,12.94980525970459,25546000
2003-06-09,12.856399591283745,12.88187439616904,12.461536471329165,12.686565399169922,15043400
2003-06-10,12.695057405887072,12.839415984822928,12.47851953748329,12.80969524383545,18038400
2003-06-11,12.588910336390564,12.71628597066954,12.232259856136443,12.64835262298584,19649800
2003-06-12,12.72053209723239,12.75874470953996,12.380865332086719,12.520977973937988,11462000
2003-06-13,12.495502440877699,12.635615074564397,12.007231190747055,12.100639343261719,16403400
2003-06-16,12.16432840887479,12.427570779647285,11.973266142350914,12.397850036621094,17887400
2003-06-17,12.440307632986185,12.482766183883546,12.189803073504207,12.317178726196289,16361000
2003-06-18,12.194047675895591,12.669581936243036,12.10488545760949,12.576173782348633,14544800
2003-06-19,12.601646409077327,12.754496825251726,12.406337453984564,12.43605899810791,18349400
2003-06-20,12.525222013073853,12.533713883373958,12.155833753312534,12.270471572875977,14144200
2003-06-23,12.100639802981627,12.266227246403325,11.850135265080915,11.986001968383789,21036600
2003-06-24,11.799183593900622,11.973262878309129,11.671807974445843,11.824658393859863,17312200
2003-06-25,11.824659723005073,12.0879012417751,11.722759701884799,11.731250762939453,16238000
2003-06-26,11.82466001143391,12.143097888888166,11.794939272444218,12.100639343261719,12627400
2003-06-27,12.185555559166353,12.270471834489895,11.973263656113485,12.036951065063477,12705600
2003-06-30,12.249244313405182,12.503994787012786,11.986001968383789,11.986001968383789,6863800
2003-07-01,11.918068216645997,12.300193509314845,11.739742972089948,12.287456512451172,18541800
2003-07-02,12.419076911775985,12.584664344787598,12.29170208789465,12.584664344787598,10796400
2003-07-03,12.43181585849114,12.648353726816364,12.372373566708294,12.41483211517334,5573400
2003-07-07,12.77572833637905,13.234278870064971,12.631369760049274,13.18757438659668,13166000
2003-07-08,13.162097674872436,13.433831045143775,13.026230989736767,13.395618438720703,14615200
2003-07-09,13.438077839658131,13.71405716271771,13.280982278609631,13.501765251159668,14974800
2003-07-10,13.331931290631474,13.331931290631474,13.047460109408993,13.162097930908203,15438000
2003-07-11,13.268244220758167,13.310702764230465,13.068690119216534,13.238523483276367,9706400
2003-07-14,13.590926170349121,13.798972936503104,13.552714374952528,13.590926170349121,10402600
2003-07-15,13.735283999228011,13.892381156708995,13.506009189754081,13.692826271057129,13180600
2003-07-16,13.968808851774646,13.990037719642144,13.544224205960107,13.80321979522705,13354000
2003-07-17,13.58668437127319,13.65037260212713,13.191821227160343,13.314950942993164,15538400
2003-07-18,13.374390679451542,13.442324027640183,12.983773522452163,13.353161811828613,13590800
2003-07-21,13.395620669784494,13.395620669784494,12.992266482337303,13.07718276977539,12675600
2003-07-22,13.433831904247445,13.58243640430395,13.310703016655056,13.501765251159668,13914000
2003-07-23,13.501766985888509,13.798976024187414,13.44232550216052,13.77774715423584,9506200
2003-07-24,13.862662734189245,13.943333079026385,13.442324028722767,13.476290702819824,11485200
2003-07-25,13.480537369524438,13.756517522590848,13.200312090566348,13.73104190826416,14488800
2003-07-28,13.714058894070495,13.95607157422723,13.629141794795038,13.862664222717285,12584600
2003-07-29,13.82869398407709,13.926348061936029,13.556960616181149,13.671598434448242,13591600
2003-07-30,13.637631944984115,13.688583169912345,13.501765251159668,13.501765251159668,7124600
2003-07-31,13.773500328928865,14.091938235340843,13.71405884554406,13.798975944519043,15521800
2003-08-01,13.756517152515247,13.917857846600636,13.62914070396734,13.905120849609375,11394000
2003-08-04,13.854172034473047,14.01551273778746,13.59517561644344,13.947579383850098,7890000
2003-08-05,13.913612077873069,13.91785720345438,13.472044513114243,13.501765251159668,13377200
2003-08-06,13.472044688339613,13.62914025143139,13.230032035588387,13.374390602111816,14263800
2003-08-07,13.31070450760276,13.46780008624772,13.234279281308686,13.323441505432129,6964200
2003-08-08,13.340422368783932,13.429584573657282,12.81393857999513,12.94980525970459,27683000
2003-08-11,12.928577154540228,13.24276907229175,12.924331219321099,13.204556465148926,18491600
2003-08-12,13.247015942212792,13.450815988134984,13.128132177176816,13.412603378295898,10218600
2003-08-13,13.450814668118133,13.896627326051075,13.408356126927062,13.671598434448242,24452000
2003-08-14,13.714057984020894,13.888137297137344,13.607912021885037,13.858416557312012,9862600
2003-08-15,13.828696686211446,13.879646297732856,13.650372236057033,13.798975944519043,3880400
2003-08-18,13.841433100733724,14.516521498657186,13.841433100733724,14.499539375305176,20189800
2003-08-19,14.597191809446624,14.771271106380356,14.482553986637773,14.762779235839844,20323200
2003-08-20,14.601439764175176,14.873173195489903,14.541998278532455,14.682111740112305,11800400
2003-08-21,14.85618818984078,15.127921568460527,14.750042237588772,15.093954086303711,20723800
2003-08-22,15.81574798588941,16.074744386548712,15.386919021606445,15.386919021606445,29187800
2003-08-25,15.450607574849606,15.50580393432883,15.200103013716527,15.302003860473633,14524600
2003-08-26,15.140659674052454,15.497310164543366,14.881663272431114,15.297755241394043,13825600
2003-08-27,15.280774387698235,15.726587132919008,15.280774387698235,15.688374519348145,13870400
2003-08-28,15.743569816328414,15.858206029661345,15.51853927616286,15.794519424438477,9687400
2003-08-29,15.582227509817612,15.947369877406128,15.582227509817612,15.875189781188965,7860400
2003-09-02,16.11295712629993,16.11295712629993,15.628931805611357,15.921894073486328,24850400
2003-09-03,15.972841140935083,16.01954561526887,15.493062641971848,15.58222484588623,22336600
2003-09-04,15.667144603154753,15.960106874526106,15.522786030379267,15.875189781188965,20249800
2003-09-05,15.819995847968222,16.34648061148152,15.786029977232026,16.053518295288086,28927000
2003-09-08,16.091723959016715,16.495077205390153,16.091723959016715,16.473848342895508,20118200
2003-09-09,16.350724017949563,16.469608602168,16.185136568839113,16.236087799072266,20678200
2003-09-10,15.98133458227836,15.98133458227836,15.327475116626351,15.357195854187012,43798000
2003-09-11,15.391166181587895,15.760553716441478,15.026023773030987,15.590721130371094,41328400
2003-09-12,15.433621967976425,15.701110241232728,15.327476007757443,15.692618370056152,21607000
2003-09-15,15.773289537325349,15.853959879927821,15.399655322778468,15.484572410583496,14571600
2003-09-16,15.539768213630799,16.04926915597222,15.518539345128833,16.019548416137695,21657400
2003-09-17,15.985584293477528,16.19787624096244,15.887928572334527,15.900667190551758,21760600
2003-09-18,15.756304733299492,16.070495831434126,15.582225443884727,16.00680923461914,22193000
2003-09-19,16.04077787797026,16.10446610549076,15.836977817427123,15.947370529174805,14071000
2003-09-22,15.603456601704636,15.752060302428754,15.395409801032008,15.497310638427734,27526600
2003-09-23,15.582226745395014,15.769043045844938,15.41663931232323,15.747814178466797,24504400
2003-09-24,15.735077899779846,15.803011250284166,14.98356429876769,15.004793167114258,22759400
2003-09-25,15.136413380094487,15.369934150208389,14.864678382873535,14.864678382873535,26159600
2003-09-26,14.834956078211539,15.06847844330609,14.677860539595809,14.690597534179688,27385800
2003-09-29,14.88166335249011,15.11943088731611,14.720321038870367,15.030268669128418,22067200
2003-09-30,14.898646537622048,14.945351017685429,14.56322492594754,14.605684280395508,21652000
2003-10-01,14.762781232682759,14.992056909312742,14.648143394367768,14.90289306640625,26544800
2003-10-02,14.877417073460053,15.25954153021129,14.851941461813158,15.009037017822266,18323800
2003-10-03,15.454854096114518,15.909158724498626,15.412394735725028,15.675636291503906,26129600
2003-10-06,15.709603779815499,15.790274135067044,15.577982192096565,15.675636291503906,12099800
2003-10-07,15.54401569316677,15.985583305358887,15.497311208461596,15.985583305358887,19408800
2003-10-08,16.028038657318394,16.028038657318394,15.531276382329064,15.86669635772705,17558000
2003-10-09,16.129941839895537,16.295529289084563,15.836977934722109,16.002565383911133,33273400
2003-10-10,16.134185537731085,16.28278923034668,16.09597292825011,16.28278923034668,16340200
2003-10-13,16.37619562803667,16.537537911665286,16.17664074090808,16.36345863342285,16569400
2003-10-14,16.19787412099125,16.664915696468235,16.134185897217655,16.50782012939453,22708000
2003-10-15,17.093742881829563,17.16167622427413,16.524800531484292,16.62670135498047,32585400
2003-10-16,16.563014640108413,16.8135191667796,16.495081291502267,16.805028915405273,21001800
2003-10-17,16.8559757342789,16.868712728892717,16.30826229066544,16.36345863342285,17874400
2003-10-20,16.16815093791581,16.686142042319656,16.16815093791581,16.664913177490234,21832400
2003-10-21,16.792288569576616,17.068268680923765,16.792288569576616,17.008827209472656,21899400
2003-10-22,16.728601897949357,16.792288494365174,16.516310003912736,16.613964080810547,14832200
2003-10-23,16.104463323939548,16.495079634265537,16.028038111978617,16.337984085083008,20239000
2003-10-24,16.248823344891363,16.384690040721598,15.989826949821614,16.367706298828125,22425200
2003-10-27,16.444132665015193,16.639440851440675,16.329494828724005,16.55452537536621,13635000
2003-10-28,16.728603994573966,17.501346456143725,16.728603994573966,17.458887100219727,27956600
2003-10-29,17.361232691139868,17.67542544055205,17.344248949083255,17.615983963012695,17902000
2003-10-30,17.896209608874862,17.981125081646077,17.63721320580971,17.76883316040039,19736800
2003-10-31,17.81129090924091,17.832519775518126,17.5565396549383,17.683916091918945,13688800
2003-11-03,17.896207799186833,18.38447819688207,17.802798844993543,18.312299728393555,21821400
2003-11-04,18.244369190726662,18.507610733426734,18.176435837137646,18.32928466796875,16344800
2003-11-05,18.325039779487202,18.66046142578125,18.095764100780464,18.66046142578125,14844800
2003-11-06,18.681687019484897,18.809061834322385,18.375986168148014,18.770849227905273,16211600
2003-11-07,18.957669736979952,18.978898605757156,18.65621396957174,18.677444458007812,19648600
2003-11-10,18.72414732182436,18.72414732182436,18.027830060101568,18.44392204284668,24596800
2003-11-11,18.142464999403696,18.32079103192293,18.049056048100358,18.299560546875,19311800
2003-11-12,18.39296919308576,18.957666397094727,18.380232197995166,18.957666397094727,20809800
2003-11-13,18.81331311836908,18.830295243361675,18.320795861085063,18.592529296875,27369400
2003-11-14,18.511855703138348,18.66895289795951,17.87497991124608,17.964143753051758,32794800
2003-11-17,17.832521594918497,17.955651299411056,17.50134671216084,17.790063858032227,32381600
2003-11-18,17.976882365545052,18.100012085090334,17.484365107022956,17.492856979370117,28064000
2003-11-19,17.539557990908467,17.84525723651799,17.450394158766084,17.815536499023438,28189200
2003-11-20,17.57777011354038,17.998107172015104,17.41218106965478,17.450393676757812,29867400
2003-11-21,17.590508603467082,17.79855377785347,17.4334130363261,17.713638305664062,21063000
2003-11-24,17.93866400915032,18.342018908435698,17.91318840026144,18.30380630493164,20424800
2003-11-25,18.35051182972811,18.601016329353605,18.278331743568927,18.363248825073242,22045800
2003-11-26,18.49486959522804,18.61375253247914,18.095759815041845,18.401460647583008,19885400
2003-11-28,18.354758589177518,18.63923059459622,18.354758589177518,18.596771240234375,4894600
2003-12-01,18.809060780992287,18.847273385269446,18.452410347624994,18.711406707763672,21751000
2003-12-02,18.711409145155258,18.804818105480102,18.54157496632077,18.575542449951172,22886400
2003-12-03,18.681686833343917,18.82180026203014,18.223135560907515,18.23587417602539,22071000
2003-12-04,18.38447987979987,18.405708747789276,17.72637525417542,18.129730224609375,30830000
2003-12-05,17.790062230887695,17.930174045524314,17.403691029789748,17.47162437438965,26162800
2003-12-08,17.535307499313827,17.66268229274229,17.216869705913485,17.4631290435791,20424000
2003-12-09,17.61173486931059,17.632963734221292,16.677650236312502,16.728601455688477,31606000
2003-12-10,16.851729350038564,16.962122037914327,16.601224859438712,16.940893173217773,36794600
2003-12-11,16.898437131382938,17.429166950959406,16.85597939368037,17.386709213256836,32625600
2003-12-12,17.424922538029183,17.552297376007562,17.15318911843292,17.369726181030273,22836600
2003-12-15,17.768830696606987,17.785814436669828,16.817763928308427,16.826255798339844,38606200
2003-12-16,16.885699361507772,16.95787783623185,16.308265085079935,16.698883056640625,37120800
2003-12-17,16.70737412473496,16.851732700898282,16.367707363073883,16.575754165649414,29826400
2003-12-18,16.652179464891862,17.2635796386506,16.64793271929375,17.195646286010742,32755200
2003-12-19,17.178661445619102,17.280562277899243,16.949385787732876,17.0725154876709,30327800
2003-12-22,16.96212496517818,17.22536649609355,16.898436740438875,17.085254669189453,12843400
2003-12-23,17.11072675903291,17.42916460797146,17.093743018371445,17.416427612304688,11867600
2003-12-24,17.40793751652383,17.531067219383214,17.31452855302239,17.37397003173828,6416400
2003-12-26,17.437658255881775,17.518328602759222,17.356987909004328,17.37397003173828,3185000
2003-12-29,17.53106543806867,17.81129068044075,17.50134470173062,17.747602462768555,11514200
2003-12-30,17.802801158599422,17.874979636468066,17.620229971490783,17.717884063720703,12810800
2003-12-31,17.747603914804472,17.82827587974399,17.51408313033181,17.615983963012695,16994200
2004-01-02,17.794311123462307,17.87498148110964,17.548053304525755,17.577774047851562,19936200
2004-01-05,17.811294188280456,18.24861506880434,17.79855557044202,18.214649200439453,19671400
2004-01-06,18.189171579757733,18.431184236448654,18.061796753024428,18.32079315185547,17586800
2004-01-07,18.36325320503159,18.554316279073547,18.235878362223286,18.53733253479004,20000000
2004-01-08,18.681691342475556,19.0935382380892,18.550069752212686,19.029850006103516,24871800
2004-01-09,18.72414575501764,19.28884301127088,18.72414575501764,19.000125885009766,24481800
2004-01-12,19.09353571963035,19.424710595091916,18.919456410777627,19.42046546936035,23099000
2004-01-13,19.403480777713092,19.437446640880108,18.78358879307187,18.936437606811523,28372000
2004-01-14,19.004371107007042,19.08079632432635,18.707163728163884,18.893980026245117,22815600
2004-01-15,18.72414516471568,19.276105407298697,18.72414516471568,19.1572208404541,31844200
2004-01-16,19.254876813403232,19.29733616989813,19.02135602148722,19.24213981628418,28600800
2004-01-20,19.27610461924942,19.322807475406943,19.02560011959264,19.195432662963867,21688800
2004-01-21,18.99163629645481,19.000128168207496,18.571299172480003,18.745378494262695,31318200
2004-01-22,18.902470054127008,19.034091608824223,18.426936674681272,18.45665740966797,24163000
2004-01-23,18.533080279538062,18.554309141896965,18.07877582249236,18.231624603271484,32759000
2004-01-26,18.214646844501342,18.660459539368418,18.214646844501342,18.575542449951172,18997000
2004-01-27,18.422690503648177,18.490623845684762,17.930173368968276,17.981122970581055,27144800
2004-01-28,18.11698989871712,18.375986274863994,17.73061870699305,17.83251953125,39124200
2004-01-29,17.981124160432234,18.023583514301375,17.42916551740331,17.751850128173828,42138200
2004-01-30,17.79006250669023,17.934421068660374,17.641457199558737,17.815536499023438,25718000
2004-02-02,17.959901178391924,18.019342673627655,17.539563965133965,17.582021713256836,21882800
2004-02-03,17.531065162770094,17.781569664870332,17.463131820827247,17.734865188598633,17574800
2004-02-04,17.52682167170249,17.52682167170249,17.216875640317976,17.2296142578125,27431000
2004-02-05,17.3654823667943,17.454644598148874,17.153190414240132,17.28056526184082,25292000
2004-02-06,17.399441848272243,18.07028494946032,17.399441848272243,18.044809341430664,34102600
2004-02-09,18.193414313707276,18.193414313707276,17.86223948380607,17.870731353759766,18106400
2004-02-10,17.917434972060427,18.06179351505444,17.807042287598737,17.930171966552734,15611400
2004-02-11,17.998106669614817,18.291070522446507,17.972632678696325,18.23587417602539,25772200
2004-02-12,18.19766246585737,18.405707627007356,17.998107555659104,18.00659942626953,20491400
2004-02-13,18.16794236228601,18.265596448224237,17.577771101373937,17.76458740234375,29656600
2004-02-17,17.93866305314119,18.09151345901153,17.811288254802054,18.053300857543945,16401200
2004-02-18,18.12972986976134,18.299562430011317,18.01509204127175,18.138221740722656,20207800
2004-02-19,18.55431483022862,18.605264439441655,17.76883372487153,17.781572341918945,47438200
2004-02-20,17.841013437647785,17.841013437647785,17.458887327648128,17.64145851135254,37520800
2004-02-23,17.71788038392832,17.76882998241038,16.970613667443505,17.174413681030273,43648000
2004-02-24,17.02581527249047,17.403696337969656,17.008833145904916,17.2678279876709,32640400
2004-02-25,17.344246660081875,17.62022676327369,17.344246660081875,17.5607852935791,28548400
2004-02-26,17.531066795396416,17.811292059464698,17.382461482541874,17.6372127532959,24665800
2004-02-27,17.739109154717912,17.7476010243632,17.284804656475387,17.365476608276367,41812600
2004-03-01,17.348496063342875,17.76883316040039,17.24235010272003,17.76883316040039,27582200
2004-03-02,17.857997155240472,18.06604233288107,17.70089996598339,17.726375579833984,33033000
2004-03-03,17.641459159430863,17.726376255845736,17.29330052182289,17.399446487426758,34474200
2004-03-04,17.42916921985841,17.71364128240609,17.42916921985841,17.68816566467285,18824200
2004-03-05,17.289054939455607,17.7645883993034,17.272071196689186,17.514083862304688,25849200
2004-03-08,17.582017522057537,17.696655358253064,16.792291285816496,16.800783157348633,36017000
2004-03-09,16.82200967076336,16.974860097620418,16.579997034792576,16.91541862487793,52655400
2004-03-10,16.92815308830973,17.055527885083947,16.47384862069803,16.571502685546875,48344800
2004-03-11,16.473852867890333,16.92391232682657,16.4229032599768,16.45686912536621,49505400
2004-03-12,16.626701877079476,16.834748655906886,16.601226265490805,16.822010040283203,42677000
2004-03-15,16.70737267639448,16.728603163130693,16.376197814941406,16.376197814941406,35024400
2004-03-16,16.550275448818493,16.65217626804504,16.274296965301545,16.558767318725586,38373200
2004-03-17,16.703127092186794,16.889943384860967,16.681898225692247,16.822010040283203,24961200
2004-03-18,16.771062351147176,16.9026839298916,16.473853327321653,16.575754165649414,38167400
2004-03-19,16.575753013869416,16.579998139494446,15.977089881896973,15.977089881896973,27925400
2004-03-22,15.836975620915315,15.994071175442878,15.645912584512232,15.86669635772705,49540600
2004-03-23,16.00680933837371,16.100216671572873,15.650158887058684,15.815746307373047,46970400
2004-03-24,15.862451216266624,16.31675575811041,15.811501613163598,16.11720085144043,45560800
2004-03-25,16.304015952201517,16.838990741725418,16.291277338877293,16.783794403076172,48350600
2004-03-26,16.779557194873764,16.91117879693283,16.601231101127308,16.63519859313965,27938400
2004-03-29,16.792288534593208,17.008827174038135,16.72011006788398,16.775304794311523,29039200
2004-03-30,16.73709338385847,16.813518600925665,16.486590485276672,16.79228973388672,35680200
2004-03-31,16.809271640617503,16.940893193346202,16.596979754082632,16.771059036254883,34046400
2004-04-01,16.84323774646144,17.191397935554043,16.61396373659267,17.03854751586914,36526400
2004-04-02,17.535317218526114,17.62023433443113,17.348500859262494,17.582021713256836,41223000
2004-04-05,17.560789439236643,17.81978586375576,17.488609337811482,17.798555374145508,26102600
2004-04-06,17.55654206301599,17.57777255186388,17.216875297015395,17.399446487426758,29265800
2004-04-07,17.348497035175765,17.4928556144959,17.102237615299508,17.35698890686035,31646200
2004-04-08,17.64146065032052,17.645707396312552,17.284810110964436,17.429168701171875,19940000
2004-04-12,17.53531384831443,17.59051020599308,17.293301167277452,17.552297592163086,18534000
2004-04-13,17.6541999601214,17.66269021311994,17.216877426377895,17.33576202392578,24535800
2004-04-14,17.15743367392214,17.43765895601892,17.072516578207594,17.195646286010742,29399000
2004-04-15,17.199891457627587,17.23810406981767,16.503574186305098,16.630949020385742,63596800
2004-04-16,16.5672581394331,16.57999513365782,16.14691951377406,16.41440773010254,60131000
2004-04-19,16.410163212054897,16.68189656328683,16.3337380045636,16.673404693603516,31892400
2004-04-20,16.64368732798586,16.7753072855689,16.04926928712038,16.062007904052734,46790000
2004-04-21,16.261559037972734,16.34647612097446,15.887924844560326,16.210609436035156,55358000
2004-04-22,15.964353734822478,16.495083601268156,15.81999514636289,16.231842041015625,55585600
2004-04-23,16.325251267310048,16.52905134480588,16.24033416343869,16.47810173034668,26800800
2004-04-26,16.537540259045677,16.558769126301495,15.994071863276037,16.100217819213867,23752000
2004-04-27,16.13418671487347,16.2403326801029,15.824240690762599,15.904911041259766,27420600
2004-04-28,15.8157507609483,16.066255334431563,15.60770393090596,15.658655166625977,38139400
2004-04-29,15.6459140548853,15.752060016233663,14.983564292653163,15.25105094909668,59643000
2004-04-30,15.285015274458829,15.361440480403804,14.958085586729439,14.98780632019043,36670600
2004-05-03,15.085465108042595,15.369937156841226,14.648144219209259,14.928369522094727,45796800
2004-05-04,15.017531014550556,15.382673401559353,14.97507327545327,15.191610336303711,55561600
2004-05-05,15.208592902282673,15.369935213746519,15.055742461912589,15.242560386657715,34282000
2004-05-06,15.072727931870356,15.357198357655257,15.021778319126296,15.285019874572754,37750800
2004-05-07,15.293511603234018,15.760553224936295,15.293511603234018,15.476082801818848,61427400
2004-05-10,15.374177904691539,15.764795814849272,15.348703915103314,15.628929138183594,71094000
2004-05-11,15.790270446123198,16.08323429556161,15.769041580717463,16.049266815185547,50238600
2004-05-12,15.917651212376335,15.917651212376335,15.361445717198741,15.832734107971191,80798000
2004-05-13,15.760554398747827,15.875192249629228,15.569491313945493,15.658655166625977,49626400
2004-05-14,15.786026034187442,15.832730511985536,15.420883701939076,15.450604438781738,38920600
2004-05-17,15.140658805959344,15.471833663977629,15.072725460220754,15.276525497436523,41755000
2004-05-18,15.463341065592969,15.667142712876485,15.454850814976579,15.544013023376465,33750800
2004-05-19,15.807254618698996,16.070496120179694,15.60345458984375,15.60345458984375,47861000
2004-05-20,15.667143751697658,15.739322224333321,15.41239248553112,15.522785186767578,29665800
2004-05-21,15.633177349614108,15.688373704049994,15.416640297071577,15.577980995178223,30776200
2004-05-24,15.752057373472828,15.786024852841738,15.582224835603963,15.667141914367676,30143400
2004-05-25,15.633177230179518,16.142678174200988,15.450606045074668,16.083236694335938,47911000
2004-05-26,16.023794629165042,16.236086546447968,15.938877538320114,16.155414581298828,34870800
2004-05-27,16.210610910974292,16.414410956926208,16.15541455905228,16.240331649780273,47342800
2004-05-28,16.418659091025187,16.567264431942995,16.316759859207515,16.524805068969727,23976800
2004-06-01,16.397429108285493,16.550279565314007,16.22334978103835,16.32525062561035,25103800
2004-06-02,16.312511412844753,16.312511412844753,15.917649906133422,16.002565383911133,50641800
2004-06-03,15.926137563949894,15.926137563949894,15.573733853531026,15.60345458984375,49907000
2004-06-04,15.943122941652547,16.07474451573721,15.849715597789425,15.921894073486328,27557400
2004-06-07,16.02803720005745,16.4780965760368,16.02803720005745,16.41865348815918,27032000
2004-06-08,16.27005289383363,16.48659156289731,16.227595156980552,16.435640335083008,20093600
2004-06-09,16.282789249331564,16.363461213695896,15.93887738326056,15.951614379882812,35029400
2004-06-10,16.06200621573185,16.172397293035946,15.849714311974305,16.01105499267578,29246600
2004-06-14,15.836977186262752,15.88368166862858,15.599211268267764,15.709602355957031,23306600
2004-06-15,15.870944465955644,16.032285159745953,15.81574811299642,15.921894073486328,22463400
2004-06-16,15.938874402679577,15.938874402679577,15.709598788401095,15.726582527160645,20910000
2004-06-17,15.61194880181938,15.628932545019387,15.242561295343169,15.259543418884277,40211400
2004-06-18,15.140658010341713,15.514292202099432,15.127921014828386,15.2340669631958,40161600
2004-06-21,15.369934877099576,15.50580157230626,15.14490434719076,15.16613483428955,27370600
2004-06-22,15.166133722339032,15.662895986580834,15.16188697736713,15.624683380126953,50974200
2004-06-23,15.594962305440594,15.977088361684645,15.569486695138119,15.964349746704102,41903400
2004-06-24,15.887926357008858,16.045023542397416,15.6883730555658,15.739322662353516,36369600
2004-06-25,15.709600359001415,15.951612991716043,15.709600359001415,15.815746307373047,34061000
2004-06-28,15.943124674710242,16.006812905790788,15.586474143908987,15.654407501220703,29424400
2004-06-29,15.671388843692013,15.95586084735267,15.582226629571304,15.93887710571289,26940600
2004-06-30,16.0237952925734,16.15541525015644,15.879436718058002,16.062007904052734,35481000
2004-07-01,15.892171621379159,15.900663491662218,15.331721139966424,15.45909595489502,48334000
2004-07-02,15.31049290648041,15.36993438125838,15.085462383831185,15.132166862487793,30076000
2004-07-06,14.94535329924107,14.992057786434353,14.525014534160533,14.682111740112305,51508600
2004-07-07,14.720321627943212,14.94110542919,14.669372018319764,14.805238723754883,36959800
2004-07-08,14.69059732129381,14.953840416375021,14.69059732129381,14.741548538208008,45325000
2004-07-09,14.881664682814838,15.10669524077568,14.881664682814838,15.017531394958496,30628800
2004-07-12,14.682109711530304,14.745796314637118,14.4783080465439,14.720320701599121,39458600
2004-07-13,14.800991673986672,14.856188022038703,14.580207901437227,14.724566459655762,40991800
2004-07-14,14.198084257694594,14.202331003471782,13.811712994577174,13.943334579467773,59775200
2004-07-15,14.040987022846865,14.117412241244347,13.811711367654416,13.875399589538574,33790400
2004-07-16,14.032495009322588,14.036741754556374,13.569698578023463,13.586682319641113,33356000
2004-07-19,13.633387133279601,13.781990826927982,13.484782629801826,13.663107872009277,44998600
2004-07-20,13.773499328454314,14.011266864381604,13.68433710985364,13.968809127807617,49944800
2004-07-21,14.198083173360947,14.274508394924052,13.459308191129393,13.489028930664062,55537400
2004-07-22,13.463552953351613,14.007021360864313,13.450815956654656,13.9093656539917,53386200
2004-07-23,13.714057849900515,13.85841642177984,13.48053705941718,13.489028930664062,33322400
2004-07-26,13.506010322850765,13.603665211392684,13.247014757996892,13.395618438720703,46883800
2004-07-27,13.450817286026073,13.561209190676502,13.170591993386319,13.446571350097656,63418800
2004-07-28,13.353161745217509,13.459307702461434,13.060198676472048,13.331932067871094,66324600
2004-07-29,13.506011671965789,13.896628835664233,13.501765736402508,13.781991004943848,75355600
2004-07-30,13.718304594839895,14.036742478121296,13.697074106894071,13.968809127807617,39564800
2004-08-02,13.777746907275036,14.100429935868277,13.76500828980526,14.074955940246582,31470800
2004-08-03,13.934841630816074,14.011266852310474,13.518749658045913,13.531487464904785,37812200
2004-08-04,13.459307662165825,13.748024794577617,13.374390572693162,13.624895095825195,46278600
2004-08-05,13.680091917693664,13.820203743435165,13.336178422340998,13.467799186706543,53975600
2004-08-06,13.204555607533393,13.365897086234735,12.928576314849126,13.013492584228516,44506400
2004-08-09,13.098410956197313,13.157852431612447,12.903101978672867,12.966790199279785,27240800
2004-08-10,13.055953787712472,13.132379012627892,12.932824078719975,13.10265827178955,33815200
2004-08-11,12.695057278298775,12.72902395477587,12.346898641951185,12.563436508178711,53124600
2004-08-12,12.419076577527392,12.559189203957603,12.177063932768785,12.219522476196289,50991800
2004-08-13,12.249243725306783,12.304439267187545,12.01572213161582,12.291702270507812,40194000
2004-08-16,12.300194016241287,12.516731879971312,12.300194016241287,12.359636306762695,36431000
2004-08-17,12.53371404935784,12.678072607054066,12.508238438120152,12.516730308532715,49934800
2004-08-18,12.453044876556685,12.949808036923656,12.436061942865484,12.890366554260254,44776800
2004-08-19,12.87338126970343,13.038968700060595,12.73751457712018,12.839414596557617,50413600
2004-08-20,12.801201105561404,12.937067788778391,12.720529958715327,12.86064338684082,31503600
2004-08-23,12.903100779281282,13.157851208540853,12.87762597930411,12.992263793945312,37603400
2004-08-24,13.077182583338713,13.102658198053453,12.614386110470381,12.686565399169922,52414000
2004-08-25,12.631368796810646,12.91583999202275,12.512485034243264,12.835168838500977,47008000
2004-08-26,12.712041612900986,12.81818758305921,12.63561638481435,12.69505786895752,24032000
2004-08-27,12.818183474956802,12.928575345721377,12.733266402113522,12.805445671081543,22034400
2004-08-30,12.76723577824497,12.826677255950061,12.537960928647193,12.559189796447754,20431400
2004-08-31,12.52522418174711,12.550698987228921,12.160081793913461,12.453044891357422,35362000
2004-09-01,12.410586762345075,12.75450029222116,12.35963714965717,12.546453475952148,30815600
2004-09-02,12.457289241727267,12.746006366539223,12.44030550034804,12.73751449584961,30644400
2004-09-03,12.270472739192346,12.334160152838013,11.986001535734255,12.015722274780273,44172800
2004-09-07,12.13885233971359,12.206785690946417,11.79493964786873,11.884101867675781,46998200
2004-09-08,11.828906388618197,12.09214792363752,11.828906388618197,11.9053316116333,49419200
2004-09-09,12.08790106144461,12.601647904653165,12.028459585801892,12.465781211853027,79727800
2004-09-10,12.491257489648719,12.97528284237519,12.431816006985317,12.890366554260254,67943400
2004-09-13,13.077182578276588,13.357407861394696,12.94131587250168,13.123887062072754,76457600
2004-09-14,13.072935294291113,13.234276778307812,13.005001142788526,13.191818237304688,56298800
2004-09-15,12.97103633019643,13.030478620048296,12.779974083054556,12.796957015991211,43933000
2004-09-16,12.864889664599424,12.992265298898353,12.750252646508587,12.77148151397705,43689800
2004-09-17,12.864890324721944,13.064445252414336,12.76723623362918,13.04746150970459,41838200
2004-09-20,12.920084523427171,13.586680926826931,12.915838588458023,13.450814247131348,65961800
2004-09-21,13.484782218933105,13.663107455707154,13.42958586883458,13.484782218933105,59913000
2004-09-22,13.39561959111045,13.433832200820852,13.115394326453762,13.183327674865723,42384600
2004-09-23,13.132377186082405,13.302210545700884,13.00924749421567,13.204556465148926,46610000
2004-09-24,13.242770980643014,13.327687267774458,12.767236695354999,12.80969524383545,89542000
2004-09-27,12.601649722481785,12.869137211289315,12.588911914508289,12.652599334716797,42416600
2004-09-28,12.682319149152983,12.70354801637093,12.410584951752908,12.525222778320312,40451200
2004-09-29,12.59740091949404,12.860643222229534,12.542205383829613,12.779972076416016,40794400
2004-09-30,12.779973121009787,13.060198376920082,12.77572718563789,12.839414596557617,62161200
2004-10-01,13.05170787179996,13.455062866210938,13.043216000167645,13.455062866210938,55768400
2004-10-04,13.641878680115049,13.803219366625301,13.50601117656191,13.54422378540039,46458400
2004-10-05,13.501764114028042,13.658859661845804,13.36165149659333,13.548468589782715,49509600
2004-10-06,13.501765231211607,13.586682319641113,13.33617779958638,13.586682319641113,42421800
2004-10-07,13.522995593665538,13.71830458302116,13.480537047298714,13.531487464904785,43544800
2004-10-08,13.331931653594326,13.36165239112638,12.9115937731495,12.988018989562988,56435200
2004-10-11,12.958300316533833,13.077183285602361,12.771483181073945,13.026233673095703,46233600
2004-10-12,12.822432518005371,12.983774023725061,12.656844266801873,12.822432518005371,62679600
2004-10-13,13.217295673554263,13.314950580283007,12.9922667380759,13.051708221435547,64927000
2004-10-14,12.949807479601947,13.009248959707161,12.597402915009235,12.631369590759277,48712800
2004-10-15,12.716284586748207,12.80120085719665,12.576171971170446,12.635613441467285,40456600
2004-10-18,12.54645111355061,12.716285283410459,12.419076295985063,12.703547477722168,43134000
2004-10-19,12.97952600031964,13.15360528500192,12.881871925464562,12.907346725463867,59594600
2004-10-20,12.788465390907223,13.23427809108939,12.775727584393957,13.183327674865723,84996600
2004-10-21,13.310701895614875,13.658859661845804,13.187572208563212,13.548468589782715,80697200
2004-10-22,13.620652915724577,13.624898042269793,13.111151078535956,13.14511775970459,53245800
2004-10-25,13.157851315272536,13.374389141408185,13.153605380270351,13.217292785644531,74732800
2004-10-26,13.230032478119773,13.310703635011679,13.072936909773304,13.179082870483398,41143400
2004-10-27,13.247016178908362,13.69282888855754,13.183327954818985,13.6758451461792,60295600
2004-10-28,13.654617520072401,13.917859072246138,13.599421162151485,13.756518363952637,62335800
2004-10-29,13.731041586854172,13.85841641618834,13.633387497042682,13.735286712646484,38340800
2004-11-01,13.726794191139271,13.879642989269232,13.68858158669214,13.828693389892578,28937000
2004-11-02,13.65886000689991,13.964560859810573,13.365897769299629,13.790481567382812,45903000
2004-11-03,14.253277855056988,14.257524600011799,13.595173297362978,13.650369644165039,62968800
2004-11-04,13.544223769129786,13.841431958836143,13.497520099361706,13.752269744873047,43808600
2004-11-05,13.977297825291798,14.096182389866357,13.858414880375888,13.960315704345703,60321800
2004-11-08,13.947577046759116,14.070706736282078,13.89238231944908,13.97729778289795,27273400
2004-11-09,13.9560717373655,14.011268095488603,13.807468026640572,13.900876998901367,35045600
2004-11-10,13.807466801545017,13.820203798574473,13.506011851187042,13.531487464904785,57794600
2004-11-11,13.629140563983333,13.832942231703223,13.612158441389015,13.781991004943848,36186800
2004-11-12,13.824448762425135,14.045232527216019,13.658859724088009,14.02824878692627,31933200
2004-11-15,13.990037108875955,14.346687580319456,13.930595633578493,14.278754234313965,40193400
2004-11-16,14.181101916759578,14.304230008213398,14.053725459934567,14.236296653747559,36067800
2004-11-17,14.414620158478407,14.741549874858089,14.355178686347308,14.563223838806152,50284600
2004-11-18,14.389144372528602,14.796744421886867,14.359423636824891,14.77551555633545,50409600
2004-11-19,14.669371637908155,14.733059863030043,14.316967885967886,14.338196754455566,43113200
2004-11-22,14.257524862021846,14.333948456367835,14.130148425574966,14.329703330993652,32856400
2004-11-23,14.25327794482732,14.38489950505856,14.036740920868725,14.125903129577637,31643400
2004-11-24,14.206574363016356,14.316967064270655,14.142887761208495,14.227803230285645,24994400
2004-11-26,14.2490341395636,14.283000004269477,14.113167441422487,14.117412567138672,8707000
2004-11-29,14.257527364248787,14.355181461580209,13.977300450612157,14.024004936218262,30053200
2004-11-30,14.053724006386277,14.087691489935473,13.781990616627755,13.794729232788086,34995000
2004-12-01,13.968810883014312,14.338198420530485,13.879647033551208,14.32121467590332,38818000
2004-12-02,14.27026194993992,14.575962807932337,14.206573731305273,14.223557472229004,63766000
2004-12-03,14.703336986994325,14.839203669166272,14.54623981976039,14.55048656463623,67866200
2004-12-06,14.520766167852923,14.720319450889807,14.397636478119141,14.626912117004395,44141600
2004-12-07,14.669373342465052,14.78401118920987,14.308477677262461,14.32121467590332,60974000
2004-12-08,14.283001360281968,14.283001360281968,13.968810198373733,14.024004936218262,62244600
2004-12-09,13.701321382717989,14.024004404284153,13.539979062105461,13.832942962646484,106899600
2004-12-10,13.781990482860746,13.930595792457982,13.722549006885348,13.752269744873047,52463400
2004-12-13,13.90087631558983,13.956071051340809,13.739533994977302,13.832942962646484,39284000
2004-12-14,13.926350302010315,14.189591842044974,13.926350302010315,14.159871101379395,53823200
2004-12-15,14.18110000150457,14.261770342894254,14.04523331092262,14.155624389648438,40861800
2004-12-16,14.100428343180127,14.249033652709922,13.849923823355537,13.91785717010498,50189800
2004-12-17,13.820203615183976,14.138641493965444,13.7267962721094,13.781991004943848,51246600
2004-12-20,13.83718745945582,13.934841548643062,13.612158541748641,13.6758451461792,43598400
2004-12-21,13.77774602072029,13.926349717814418,13.714057796446337,13.905120849609375,32725800
2004-12-22,13.913613482855586,14.045235064389736,13.84143338341463,13.951826095581055,23734200
2004-12-23,13.905121101024822,14.05372480080582,13.892384103803264,14.002775192260742,16152200
2004-12-27,14.070707761150468,14.074954506427417,13.837186980339832,13.875399589538574,20602800
2004-12-28,13.84568024145128,14.002775819638076,13.798975756667899,13.926350593566895,23040600
2004-12-29,13.922105487880705,14.164118164240369,13.90512174436029,14.074955940246582,32529400
2004-12-30,14.087691230353375,14.193837185000607,14.087691230353375,14.108920097351074,26362200
2004-12-31,14.121657184328175,14.215066143308544,14.096183191630795,14.16836166381836,21830600
2005-01-03,14.266017197596295,14.338197296775123,13.866908948092185,13.888137817382812,56177200
2005-01-04,13.947577931164146,13.98154541442446,13.319194877606423,13.54422378540039,83162200
2005-01-05,13.450815909569682,13.582436670563636,13.255506925996322,13.31070327758789,71996200
2005-01-06,13.374388853723847,13.463551057363953,13.230030306071914,13.247014045715332,58229400
2005-01-07,13.357409120978103,13.552718136318962,13.213051339851628,13.365900993347168,86079000
2005-01-10,13.361652450936766,13.510256949091593,13.280982108654191,13.340423583984375,56861800
2005-01-11,13.162097845371942,13.230031188819773,12.99651042194652,13.060197830200195,64608800
2005-01-12,13.302211749511006,13.399865838900366,13.098411699525538,13.344670295715332,76603200
2005-01-13,13.293720264322173,13.302212135775505,13.060199468161615,13.128132820129395,58375600
2005-01-14,13.179082516593937,13.395619557978115,13.166344710112178,13.31070327758789,37254600
2005-01-18,13.26399870948629,13.382882473043638,13.200311297156395,13.374390602111816,40783400
2005-01-19,13.374389746103747,13.391373486880372,13.060197830200195,13.060197830200195,46660000
2005-01-20,12.966788919510101,13.217292602534195,12.958297049623377,13.013492584228516,51685600
2005-01-21,13.085672568384632,13.128131110291957,12.822431066252019,12.83092212677002,54640400
2005-01-24,12.87762942817022,12.937070913979571,12.597404123883985,12.60589599609375,64025200
2005-01-25,12.750252559378028,12.903102185731086,12.720531011364148,12.835168838500977,64726600
2005-01-26,13.00500509865528,13.213051931871416,12.962547354566658,13.14511775970459,51731600
2005-01-27,13.089922167553516,13.280985254702205,13.05595548648592,13.230034828186035,67564200
2005-01-28,13.310703735501384,13.395620018812892,13.089919941198515,13.196065902709961,58163000
2005-01-31,13.340424741682924,13.404112157896332,13.22154097087631,13.251261711120605,35747200
2005-02-01,13.310704111982524,13.518750105249822,13.306458176222444,13.459308624267578,41978400
2005-02-02,13.497520122149332,13.518748989367994,13.33617781590176,13.378636360168457,37896600
2005-02-03,13.30645830941526,13.408358339188853,13.145115988234988,13.268245697021484,44371200
2005-02-04,13.3489168924085,13.89238452911377,13.319196151542409,13.89238452911377,60231000
2005-02-07,13.832943480919718,13.981547189907555,13.743779635868062,13.862664222717285,45027400
2005-02-08,13.80321899024512,14.202328809377331,13.80321899024512,14.091936111450195,63758800
2005-02-09,14.070708675337945,14.074955420890811,13.765007781886334,13.811712265014648,55522400
2005-02-10,13.934840911707028,14.053723863603869,13.748024613060743,13.91785717010498,77300000
2005-02-11,13.854170251209682,14.503782965848378,13.824449513916324,14.406128883361816,89435400
2005-02-14,14.389144222690051,14.440093823414625,14.261769411049313,14.401881217956543,45037200
2005-02-15,14.393392255081666,14.665125642798204,14.338195904558386,14.478307723999023,76605200
2005-02-16,14.410375265187348,14.550488712921982,14.266016691608714,14.33395004272461,55852400
2005-02-17,14.431605318876743,14.516520790470837,14.117412567138672,14.117412567138672,58998800
2005-02-18,14.05372513624264,14.244788197420576,14.05372513624264,14.159871101379395,38963000
2005-02-22,14.028249326932016,14.503782735739922,14.011265585988491,14.138640403747559,79927400
2005-02-23,14.253280222625602,14.287247709271764,13.866908970149506,14.0367431640625,73487600
2005-02-24,14.011267029838821,14.342441914071452,13.956070675913766,14.33395004272461,71478600
2005-02-25,14.338198778822793,14.63965296502227,14.278757290801384,14.622669219970703,56530400
2005-02-28,14.635405386546847,14.839205434043402,14.359425244503853,14.431605339050293,70426800
2005-03-01,14.584454727087522,14.800993399488773,14.563225858333777,14.771272659301758,63819200
2005-03-02,14.588699449573184,14.80099134698919,14.478306755908022,14.563223838806152,83406400
2005-03-03,14.6354045307609,14.648141526841279,14.278754063581895,14.406128883361816,70188000
2005-03-04,14.554732773115639,14.63115798998277,14.338195738431253,14.440094947814941,76921600
2005-03-07,14.469815961252637,14.822219655490496,14.427356611570703,14.703336715698242,50965000
2005-03-08,14.580207140656947,14.779762036514942,14.414619724799715,14.427356719970703,51603600
2005-03-09,14.478306812691777,14.648140979154125,14.41886534032755,14.461324691772461,50904200
2005-03-10,14.512274297561769,14.648140982902959,14.312719394866235,14.626912117004395,74234200
2005-03-11,14.686356755930383,14.716077498528236,14.185347638339453,14.244789123535156,96152600
2005-03-14,14.291491230546642,14.3297038389034,14.176853405476368,14.278754234313965,35310200
2005-03-15,14.287246411611584,14.355179759074852,14.007021150868255,14.040987014770508,53277800
2005-03-16,13.947577739850967,14.172608264217033,13.837186660086628,13.879644393920898,61153000
2005-03-17,13.866908914231876,13.998530494966634,13.82869630173849,13.89238452911377,48773400
2005-03-18,13.913612936542076,13.973054416301318,13.735286877605503,13.773499488830566,57227400
2005-03-21,13.820202303675943,13.917856382876037,13.637631140927482,13.790481567382812,64334200
2005-03-22,13.913612307165506,13.951824916662037,13.595174434580677,13.603666305541992,54908400
2005-03-23,13.620650235839536,13.900875502803377,13.612158364760777,13.80321979522705,71579200
2005-03-24,13.94757970233379,13.96881019189687,13.82020486325008,13.862664222717285,45829000
2005-03-28,13.896628968637113,14.053724536834709,13.815958621651069,13.824450492858887,37012800
2005-03-29,13.798975566370519,13.892384534649105,13.612159249472246,13.658862113952637,57694200
2005-03-30,13.726796499234041,13.968809161539612,13.680092017094573,13.96456241607666,51779600
2005-03-31,13.947578968846727,13.947578968846727,13.773499653333198,13.811712265014648,54897000
2005-04-01,13.896627841167108,13.947577444621523,13.569698114655449,13.620649337768555,61409600
2005-04-04,13.68009212634986,13.692829123522772,13.476291263459624,13.61215877532959,48371000
2005-04-05,13.612158099284864,13.765006916745136,13.565453619091961,13.624895095825195,60899000
2005-04-06,13.71405887266043,13.811712969794119,13.60791290364656,13.63338851928711,49071000
2005-04-07,13.578190619681276,13.883891494010513,13.569698748765601,13.871152877807617,44553200
2005-04-08,13.841432093180087,13.951824795056213,13.781990616627755,13.794729232788086,40046800
2005-04-11,13.76500736417727,13.845679330644991,13.658861403800856,13.6758451461792,29716400
2005-04-12,13.641878204236338,13.654615200185269,13.272489934959768,13.620649337768555,76172000
2005-04-13,13.518749179372628,13.55271585329751,13.255506849082765,13.331932067871094,54980000
2005-04-14,13.297965593581875,13.327686332483653,13.102657418039094,13.119640350341797,55621800
2005-04-15,12.966790947807855,12.983773880408531,12.686564866517276,12.699302673339844,66713200
2005-04-18,12.70354702822786,12.979526329741027,12.699301093148666,12.86064338684082,78276800
2005-04-19,13.119641368660702,13.200312530390914,13.000758403826138,13.140871047973633,55329200
2005-04-20,13.374390653214236,13.374390653214236,12.894611281344497,12.915840148925781,78222600
2005-04-21,13.098411613079605,13.306457597295399,13.038969324854088,13.285228729248047,53631600
2005-04-22,13.263997077081896,13.263997077081896,12.779971831148586,13.013492584228516,47233600
2005-04-25,13.09841286958494,13.179084033596437,13.021987641556098,13.089920997619629,33460800
2005-04-26,13.055953624092522,13.399866322072471,12.9922662074043,13.064445495605469,59960400
2005-04-27,12.928577411669346,13.204556727766839,12.907347735151475,13.13662338256836,54239200
2005-04-28,13.085673231714011,13.255506598123047,13.009248014372604,13.068690299987793,70954800
2005-04-29,13.12388594117854,13.187573352842387,12.843660681994109,13.085673332214355,60446800
2005-05-02,13.123887304523288,13.217295464011798,13.085674691589475,13.140871047973633,28843800
2005-05-03,13.077182211787068,13.27673713890218,13.077182211787068,13.174837112426758,40153800
2005-05-04,13.230032123832348,13.49752039116318,13.20455732069635,13.433832168579102,46965600
2005-05-05,13.408357101612705,13.61215795217875,13.408357101612705,13.501765251159668,54973600
2005-05-06,13.569698223992573,13.641878314155049,13.476290077020614,13.595173835754395,35180600
2005-05-09,13.586680330971415,13.701318140623007,13.493272195234518,13.692826271057129,33452200
2005-05-10,13.633386987874367,13.658860980994522,13.484782485981517,13.53997802734375,37481600
2005-05-11,13.603666238883735,13.624895106353613,13.348915780098277,13.582436561584473,47570400
2005-05-12,13.586682563619362,13.765006994830655,13.522995151068274,13.603666305541992,58343000
2005-05-13,13.752269005713806,14.040986118926643,13.692827532933281,13.9390869140625,73257000
2005-05-16,13.926350323143206,14.05372515756882,13.84567997259406,13.994283676147461,39651000
2005-05-17,13.926349516734359,14.138641435037195,13.913612519927003,14.117412567138672,50683800
2005-05-18,14.117409945982569,14.270260357926537,13.985788397995595,14.219310760498047,47226000
2005-05-19,14.227802597630596,14.393391642148941,14.121656646345304,14.223557472229004,57899200
2005-05-20,14.223558491968111,14.384900802993407,14.138641400920125,14.36791706085205,38995800
2005-05-23,14.418867102572293,14.452834587879657,14.227804046865474,14.338196754455566,49301400
2005-05-24,14.287245343960532,14.57171570906183,14.270261603449178,14.563223838806152,57639000
2005-05-25,14.541996512787842,14.541996512787842,14.350933460950838,14.491046905517578,49193400
2005-05-26,14.575964586305536,14.771272771781401,14.563225969229196,14.745797157287598,44039800
2005-05-27,14.682109622363956,14.707583615588462,14.503783571498547,14.660879135131836,42283400
2005-05-31,14.694846495248093,14.733059104421883,14.567471671221718,14.605684280395508,47677800
2005-06-01,14.550488535118983,14.805238193775905,14.512275924354562,14.694847106933594,71504000
2005-06-02,14.639651489344622,14.919876775812455,14.63115961767482,14.907139778137207,52112200
2005-06-03,14.911383806147368,14.958088287062756,14.767025237708351,14.784008979797363,49386200
2005-06-06,14.733058330099048,14.762779066821217,14.584453026829532,14.724566459655762,32492400
2005-06-07,14.745796403706581,14.915630585668179,14.495291876125565,14.533504486083984,55253800
2005-06-08,14.656635205401498,14.767026297585618,14.575964854176908,14.677864074707031,54727000
2005-06-09,14.66087663246104,14.992053064775428,14.563222562566573,14.98780632019043,68773200
2005-06-10,14.932610149224478,14.945348763466875,14.61841907199302,14.690597534179688,49350200
2005-06-13,14.618420415875988,14.813728575856702,14.597191549731765,14.665124893188477,37391000
2005-06-14,14.648141431629755,14.733058517483986,14.478307259921294,14.512274742126465,44885400
2005-06-15,14.592944650662988,14.626912131862113,14.28724541816411,14.54199504852295,71048600
2005-06-16,14.592944635839773,14.733058066155865,14.529258038144079,14.626912117004395,51763600
2005-06-17,14.733061943146813,14.737307069580169,14.571719604475078,14.622669219970703,30409800
2005-06-20,14.48255571743306,14.656635035170831,14.448588231211598,14.558980941772461,37645000
2005-06-21,14.605685077529811,14.690600551742651,14.554733849411486,14.64814281463623,33709800
2005-06-22,14.733058220909216,14.775515953152315,14.631157396003653,14.750041961669922,37761400
2005-06-23,14.7840070838636,15.123673783790268,14.699090003967285,14.699090003967285,99079600
2005-06-24,14.660878897557085,14.724567118903853,14.4613256020108,14.478307723999023,46093000
2005-06-27,14.46132350696886,14.474060501529479,14.223556017333387,14.274505615234375,48713400
2005-06-28,14.232050613751829,14.499538888384507,14.232050613751829,14.465571403503418,41782200
2005-06-29,14.49104643790713,14.541996043533306,14.338196001369846,14.372161865234375,32177400
2005-06-30,14.406129973116862,14.469818197653886,14.278755143701641,14.295737266540527,31051800
2005-07-01,14.308473758105219,14.410372958639483,14.274506278154737,14.346686363220215,20931200
2005-07-05,14.28724900693293,14.62691580595076,14.27451038845416,14.584456443786621,42808400
2005-07-06,14.626913270946236,14.830713315036151,14.58020879048961,14.660879135131836,42403800
2005-07-07,14.575962337349317,14.839203834533691,14.529257861146249,14.839203834533691,50448000
2005-07-08,14.8476966681413,15.119430053145296,14.796745443709,15.08546257019043,47264800
2005-07-11,15.251051381001103,15.459098183785596,15.208593643122903,15.454853057861328,50795400
2005-07-12,15.44635980205417,15.58222649467872,15.36993458499552,15.484572410583496,34481800
2005-07-13,15.463342798407872,15.535522894004803,15.365688708789882,15.505802154541016,35082400
2005-07-14,15.658651984367621,15.794518679357724,15.531277160271744,15.662897109985352,56267800
2005-07-15,15.658652150905503,15.730830624785941,15.505801712501302,15.701109886169434,28421400
2005-07-18,15.60345370038025,15.688370779143964,15.548257356235052,15.667141914367676,23908600
2005-07-19,15.794519244830203,15.947369687081082,15.70960215250651,15.921894073486328,41053000
2005-07-20,15.573734189226023,16.02803873369447,15.51853784074463,16.01105499267578,62996600
2005-07-21,15.943123920786952,15.989828405416244,15.684127502140102,15.756307601928711,45406600
2005-07-22,15.892171239545016,15.994070441176147,15.709600081992416,15.803009033203125,35495800
2005-07-25,15.858205450236515,15.91764854712831,15.675634273215806,15.701109886169434,26635600
2005-07-26,15.85820610013683,16.019548416137695,15.798764620467786,16.019548416137695,35231200
2005-07-27,15.909159339969914,15.913404466343598,15.65865477278722,15.832734107971191,56265000
2005-07-28,15.87094310279083,15.904908965007667,15.739321540011224,15.86669635772705,34971800
2005-07-29,15.917652687644177,15.943126687565346,15.75206358986057,15.862456321716309,43803400
2005-08-01,15.892171519773312,15.955859736659745,15.773288575887848,15.815746307373047,23169200
2005-08-02,15.947369311423401,16.270052311061693,15.921893698428752,16.261560440063477,40794200
2005-08-03,16.095976150866907,16.197877003104267,16.07050053289279,16.108713150024414,30753000
2005-08-04,16.006813036051195,16.0280419066978,15.76480034743007,15.77753734588623,36713400
2005-08-05,15.713844769012084,15.811500462368421,15.586469960695796,15.667141914367676,36640000
2005-08-08,15.709602572784146,15.781781050412034,15.539768383593204,15.577980995178223,36517400
2005-08-09,15.6544024472618,15.875186192160507,15.641665453021375,15.726582527160645,29624000
2005-08-10,15.709600463319871,15.943121227356409,15.565241907789504,15.624683380126953,47256800
2005-08-11,15.539766875090391,15.747813655670479,15.476080275070231,15.718092918395996,49307400
2005-08-12,15.586475057501147,15.594966930120233,15.229824505795028,15.4293794631958,39641200
2005-08-15,15.450603292732692,15.688370789496274,15.391161823456438,15.58222484588623,31517600
2005-08-16,15.476080424088384,15.480325549600453,15.297754379065688,15.357195854187012,32834800
2005-08-17,15.4590975614772,15.611948003139911,15.442113819146053,15.531277656555176,31861200
2005-08-18,15.488818548703392,15.51429416260798,15.391164458224067,15.39540958404541,27252400
2005-08-19,15.450605625593266,15.522785720368898,15.352951537086428,15.386919021606445,21537200
2005-08-22,15.437867760404597,15.650159667737645,15.425130764255403,15.611947059631348,36902800
2005-08-23,15.590720726667799,15.679882953520426,15.463344265839496,15.535524368286133,34979600
2005-08-24,15.442112922668457,15.760550784426217,15.412392185143764,15.442112922668457,55701800
2005-08-25,15.51854169256338,15.61195067169229,15.454855077423833,15.510049819946289,28753800
2005-08-26,15.488819116396948,15.510047985599428,15.327476795072082,15.408148765563965,33775800
2005-08-29,15.352950325071763,15.667143053443237,15.34870519967129,15.620438575744629,31592000
2005-08-30,15.569489168416903,15.599211528320616,15.391164726947833,15.560998916625977,38724800
2005-08-31,15.488817970532217,15.722338753801399,15.45485210625283,15.701109886169434,41803400
2005-09-01,15.637417887829342,15.688367476498465,15.49730449441648,15.52702522277832,36390600
2005-09-02,15.599211230898392,15.628931970576566,15.416640047355983,15.480326652526855,17316800
2005-09-06,15.552506785901937,15.756306838322859,15.539768169110175,15.709602355957031,30109000
2005-09-07,15.662898548764296,15.747815645848206,15.527031841293608,15.696866035461426,26060400
2005-09-08,15.641668378024072,15.989826989408344,15.641668378024072,15.951614379882812,47748200
2005-09-09,16.011059125617212,16.019550998318568,15.74357242399051,15.858208656311035,42435000
2005-09-12,15.879436551664234,15.90915729143019,15.739323104488571,15.79027271270752,20733400
2005-09-13,15.786027528481704,16.015303194107055,15.786027528481704,15.879436492919922,30984800
2005-09-14,15.943121274031027,15.998317621216811,15.764796856496623,15.77328872680664,38184000
2005-09-15,15.841221196986936,15.866695186855058,15.599208575288417,15.667141914367676,34650600
2005-09-16,15.722338586586178,15.773289811951537,15.556751153295663,15.662897109985352,37074200
2005-09-19,15.628929578659184,15.675632434106687,15.391162077963891,15.514291763305664,30709000
2005-09-20,15.539769085148638,15.696866284123143,15.395410503716812,15.399657249450684,38331800
2005-09-21,15.357195252195595,15.43362046568683,15.157641967776176,15.18311595916748,34533200
2005-09-22,15.15764451853167,15.454853552161493,15.08121929217946,15.255298614501953,46656800
2005-09-23,15.208594613437349,15.420886555690421,15.132169384653524,15.3699369430542,25472800
2005-09-26,15.527030958680916,15.527030958680916,15.289263424293322,15.361443519592285,31498400
2005-09-27,15.33596665051658,15.39116299891367,15.030267410940548,15.115182876586914,41896200
2005-09-28,15.157644305778996,15.33596875165857,15.043006467859739,15.153397560119629,32517200
2005-09-29,15.136412815823565,15.471832780189837,15.026020123017549,15.420883178710938,31338600
2005-09-30,15.433622317368703,15.743569953524602,15.433622317368703,15.684126853942871,40908400
2005-10-03,15.773290424412744,15.964351858145903,15.747814810740872,15.752059936523438,33096200
2005-10-04,15.739322978696263,15.8157482002433,15.476081448733598,15.501555442810059,36712800
2005-10-05,15.476081488523217,15.544014838999818,15.225576954954725,15.25105094909668,44578800
2005-10-06,15.26803092358978,15.26803092358978,14.839202058224172,14.979313850402832,48615200
2005-10-07,15.136414551385585,15.157643419464371,14.996301106679724,15.051497459411621,23812800
2005-10-10,14.94535013740475,14.979315999303772,14.63964928202021,14.665124893188477,47434400
2005-10-11,14.669370734438152,14.758532948390318,14.389145476546524,14.48255443572998,52258400
2005-10-12,14.363671165333438,14.567471201130783,14.287245949452094,14.486799240112305,81817800
2005-10-13,14.554730648839602,14.796743260377315,14.435847715356793,14.741548538208008,60904400
2005-10-14,14.76277944077809,14.830712786386536,14.495291183844142,14.631157875061035,47324800
2005-10-17,14.592945864145431,14.724567435249112,14.537751132095085,14.639650344848633,30458000
2005-10-18,14.592947925698564,14.677865028095324,14.53775318585083,14.59719467163086,30864800
2005-10-19,14.329705268754259,14.558980941772461,14.15138082506825,14.558980941772461,76170200
2005-10-20,14.639650856325785,14.788256174633261,14.525013023228762,14.588701248168945,49886000
2005-10-21,14.834959378527595,14.851943121523465,14.665126807545535,14.745797157287598,43888600
2005-10-24,14.784007488142917,14.839203834533691,14.563223722238444,14.839203834533691,43270800
2005-10-25,14.61842069452958,14.656633302181048,14.435849526823526,14.512274742126465,26576000
2005-10-26,14.478306320313255,14.648140480999878,14.397635984799333,14.427356719970703,31369200
2005-10-27,14.423113864851038,14.427358990689976,14.14288858937452,14.172609329223633,38158200
2005-10-28,13.990037630031825,14.151379940177197,13.828695319886453,14.142888069152832,53044200
2005-10-31,14.202331382583653,14.410376580768617,14.185347638339453,14.244789123535156,33345000
2005-11-01,14.219313288713336,14.240542156444855,14.062216104250751,14.142888069152832,31386600
2005-11-02,14.096184125845033,14.61842206631589,14.096184125845033,14.567472457885742,42339400
2005-11-03,14.843451550443145,15.004793872851568,14.694847845368882,14.907139778137207,47851200
2005-11-04,14.958088762887146,15.021776987917498,14.813730189856008,14.983564376831055,24318000
2005-11-07,15.030266719778886,15.14065779183808,14.864677682202176,15.047248840332031,28131000
2005-11-08,15.004792977843001,15.195856029869713,14.915630760116807,15.051497459411621,32170200
2005-11-09,15.009037685198136,15.221329599385712,14.932612466517908,15.161888122558594,40355000
2005-11-10,15.246803199375009,15.429374351047091,15.098199526924967,15.352949142456055,41163800
2005-11-11,15.416638934080394,15.505801146676284,15.26803362676186,15.276525497436523,32270600
2005-11-14,15.297757240727357,15.46334470087187,15.276528369878399,15.42513370513916,23664600
2005-11-15,15.352950001970855,15.692616714914285,15.229820312385534,15.293508529663086,26676400
2005-11-16,15.259542431586235,15.331722525686736,15.153396472942221,15.263789176940918,25993600
2005-11-17,15.238313299245558,15.361442997853139,15.136414087725242,15.331722259521484,30224400
2005-11-18,15.497311948127646,15.637425408930598,15.348708234844816,15.48882007598877,41478400
2005-11-21,15.501553516024082,15.55250473716161,15.36568683230793,15.420883178710938,28961200
2005-11-22,15.412393338804455,15.8582060547039,15.399656341671534,15.709602355957031,45127000
2005-11-23,15.83697883156033,15.964353675098975,15.730832858668292,15.77753734588623,28110400
2005-11-25,15.777536206916226,15.96859926826098,15.777536206916226,15.904911041259766,10952600
2005-11-28,15.943125326131854,15.981337942409713,15.747817118337931,15.807258605957031,22045600
2005-11-29,15.849715645769539,16.03228520827874,15.722339197069,15.752059936523438,29834800
2005-11-30,15.713847465814283,15.955861748705727,15.709602339993904,15.875189781188965,30163800
2005-12-01,16.06625427984007,16.465362548828125,16.019549793325293,16.465362548828125,46535600
2005-12-02,16.4271480860511,16.622457882197246,16.393182221281428,16.529048919677734,32200400
2005-12-05,16.516311428963377,16.516311428963377,16.15116908057001,16.248823165893555,25275400
2005-12-06,16.397426268133305,16.613964917970637,16.3167559274116,16.321001052856445,33236800
2005-12-07,16.36346263533731,16.397428502500492,16.16815444508698,16.236087799072266,30139800
2005-12-08,16.304020658000734,16.325249526790493,15.709602613934267,15.887927055358887,63654400
2005-12-09,15.82848783094554,16.12145176884102,15.743572343683354,16.108713150024414,41907200
2005-12-12,16.17664348162558,16.31675692475029,16.163906484853804,16.304019927978516,23033600
2005-12-13,16.26156034148208,16.47385225617417,16.14267738754532,16.367706298828125,30970200
2005-12-14,16.28278923034668,16.431394542621046,16.21061075669304,16.28278923034668,22335200
2005-12-15,16.337989133646936,16.40167736984741,16.214859407477554,16.270055770874023,20894200
2005-12-16,16.3761977284608,16.3761977284608,16.151168823242188,16.151168823242188,16636400
2005-12-19,16.261559521959423,16.261559521959423,15.760550498962404,15.760550498962402,28510200
2005-12-20,15.811500507793971,15.99407004112141,15.671387084482522,15.828482627868652,33392400
2005-12-21,15.836979349766583,15.9855846884734,15.773292735742858,15.807258605957031,18636600
2005-12-22,15.836975070461925,16.03652997039786,15.832729945204376,16.00680923461914,18653400
2005-12-23,16.062010799640714,16.197877527247613,15.998322562474103,16.057764053344727,13849600
2005-12-27,16.083238675153886,16.176646032306397,15.803013364378248,15.832734107971191,17508000
2005-12-28,15.83697646226481,15.930385422726212,15.73507725054216,15.892172813415527,17776600
2005-12-29,15.89217498034283,15.93463272107333,15.667146039084997,15.675636291503906,15162200
2005-12-30,15.684126076118366,15.684126076118366,15.501554899890166,15.556751251220703,16847800
2006-01-03,15.684125866296624,16.112956435294358,15.48032582525504,16.100217819213867,44154200
2006-01-04,16.125695793647992,16.270054379654006,16.091729924995455,16.219104766845703,25861400
2006-01-05,16.304016517631027,16.61396245829624,16.26580391564992,16.54178237915039,37796800
2006-01-06,16.707372779235378,16.872961830639923,16.537540221911453,16.834749221801758,39329800
2006-01-09,16.877205664911486,16.966367872158987,16.75832272191482,16.92391014099121,25613000
2006-01-10,16.834747091736425,16.936646289305937,16.775304003552574,16.898433685302734,23982400
2006-01-11,16.97910561957447,17.13195441576279,16.834747073458935,17.068267822265625,44112200
2006-01-12,17.051285295713015,17.25508532478624,16.919663735002562,17.000335693359375,51951000
2006-01-13,16.855977752367757,16.92391109787233,16.630947229411134,16.758323669433594,42613000
2006-01-17,16.56725593585633,16.58848479662675,16.393176686085667,16.48658561706543,43907600
2006-01-18,16.011054900174898,16.227593547765444,15.97708903799244,16.11720085144043,76083600
2006-01-19,16.50357360747813,16.563015086653724,16.36770690660282,16.45686912536621,39940600
2006-01-20,16.29977359357423,16.36346181835644,15.811503142326355,15.879436492919922,65155600
2006-01-23,15.900666429938077,15.964353039341667,15.709603362409418,15.853961944580078,47815600
2006-01-24,15.900666429938077,16.1893835942794,15.803012333125418,15.853961944580078,48484600
2006-01-25,15.968600943536782,15.972846069941404,15.637426015568037,15.807258605957031,52651200
2006-01-26,15.98982518302381,16.21485406944202,15.83697476218933,16.1766414642334,47252400
2006-01-27,16.410168118364062,16.512067345712584,16.15966355661534,16.231842041015625,41603400
2006-01-30,16.304022904841105,16.431397754791924,16.21910579832086,16.278547286987305,19334600
2006-01-31,16.26155693063575,16.274295544213327,15.836973190307617,15.836973190307617,35964400
2006-02-01,15.921895722755798,16.24457876342036,15.849717239582287,16.219104766845703,32457400
2006-02-02,16.28279408113445,16.33799044897463,15.909161365632835,15.955865859985352,34029400
2006-02-03,15.896418508013067,15.972843729369862,15.752059936523438,15.752059936523438,35198000
2006-02-06,15.79451941761298,16.062007694478186,15.79451941761298,16.0407772064209,21951000
2006-02-07,16.02803975486083,16.155414581298828,15.92613892191516,16.155414581298828,26943000
2006-02-08,16.240335177499055,16.388938903808594,16.104468450684866,16.388938903808594,30821600
2006-02-09,16.410168926650307,16.584248266632443,16.295531075492445,16.342235565185547,34723400
2006-02-10,16.257318177118695,16.299775919927306,15.989829862379045,16.180892944335938,52256800
2006-02-13,16.117200231819496,16.15965958248858,15.964349808728027,16.028038024902344,29417800
2006-02-14,16.06625234263434,16.240331649780273,15.960106384139044,16.240331649780273,37462000
2006-02-15,16.189384024402614,16.30402186796553,16.08748317912702,16.219104766845703,30491200
2006-02-16,16.397427093123806,16.456868570294507,16.22334778727014,16.431394577026367,27719200
2006-02-17,16.295527327740043,16.346476932206112,16.083235419529576,16.087480545043945,22479600
2006-02-21,16.15116919490332,16.15541432053059,15.752059360271918,15.811502456665039,32639000
2006-02-22,15.75206169638017,16.01955000101336,15.628933599023693,15.943124771118164,40459000
2006-02-23,15.904910537069727,15.96010689074378,15.709602355957031,15.709602355957031,27567800
2006-02-24,15.709603389185524,15.841224973631597,15.654407031881178,15.688374519348145,41133400
2006-02-27,15.701109754450869,15.86245206248609,15.688372757910297,15.811502456665039,28188400
2006-02-28,15.811501875349347,15.913401083245086,15.667143314448126,15.718092918395996,34929400
2006-03-01,15.866695744807576,16.3974254811707,15.803009148239171,16.35921287536621,42372800
2006-03-02,16.265807163657836,16.51206494364192,16.210610812072577,16.346477508544922,43393800
2006-03-03,16.18513838428766,16.397430341761325,16.108713150024414,16.108713150024414,40658000
2006-03-06,16.240333982595814,16.282791724229188,15.900667190551758,15.900667190551758,34458200
2006-03-07,15.730832973387685,15.786029333198595,15.561000387317302,15.590721130371094,35890200
2006-03-08,15.573736184732667,15.628932540286526,15.327476767383835,15.49306583404541,43455200
2006-03-09,15.590719321138511,15.66714454288204,15.25105094909668,15.25105094909668,41558400
2006-03-10,15.32747709513519,15.484574293558582,15.183118514209786,15.255298614501953,71899600
2006-03-13,15.331722603653997,15.450605559649041,15.234068515563955,15.242560386657715,27568600
2006-03-14,15.242560625150832,15.539768019788704,15.204348014460416,15.505802154541016,33642600
2006-03-15,15.539767488127756,15.696864670957392,15.442113401850799,15.641668319702148,44002000
2006-03-16,15.603454536721497,15.667142754122596,15.123674392700195,15.123674392700195,44255200
2006-03-17,15.178871172037057,15.234067520712536,14.94110365591543,15.093954086303711,39710200
2006-03-20,15.170381785153491,15.263790756718716,15.085464685517739,15.106695175170898,28762400
2006-03-21,15.166134867851255,15.544014215959738,15.09395477480492,15.161888122558594,57577200
2006-03-22,15.093955182371907,15.259542620764005,15.03875882968827,15.217084884643555,51907800
2006-03-23,15.204346302642048,15.395407714924186,14.788254377336923,15.212838172912598,48923600
2006-03-24,15.246807227829262,15.39116581334771,15.127924258458416,15.3699369430542,33064000
2006-03-27,15.425129923635046,15.535520996782434,15.378425447421625,15.420883178710938,44594000
2006-03-28,15.391163935781968,15.48457289726925,15.119430541992188,15.119430541992188,38155400
2006-03-29,15.183115406193219,15.603454065086138,15.166133285770394,15.57373332977295,40051600
2006-03-30,15.650163215965554,15.832734427237485,15.208595559881859,15.599213600158691,49822800
2006-03-31,15.616191334095578,15.709600286522418,15.348704711587382,15.420883178710938,32221000
2006-04-03,15.476083949137015,15.739325521630473,15.403903841721288,15.510049819946289,35692400
2006-04-04,15.560997458743113,15.624684059161577,15.391163284976438,15.446359634399414,34783000
2006-04-05,15.488821999500214,15.917652687644177,15.463346379919843,15.862456321716309,45240200
2006-04-06,15.875190547585646,16.091729227032,15.8497165521159,16.002565383911133,35896400
2006-04-07,16.07049719495566,16.1087098041503,15.662897109985353,15.662897109985352,53567000
2006-04-10,15.645910340445509,15.688369686700034,15.484569683653667,15.539764404296875,32056200
2006-04-11,15.624686790892785,15.752061633657924,15.369937105362505,15.48882007598877,35610800
2006-04-12,15.493064051887163,15.637422613120227,15.459096569404695,15.548258781433105,23339400
2006-04-13,15.548258167219192,15.747813069773752,15.505800435452056,15.624683380126953,24076400
2006-04-17,15.603454928430374,15.739321617282105,15.255296335790472,15.348705291748047,46220800
2006-04-18,15.454852063980535,15.92189362924144,15.41239270917396,15.870944023132324,53318600
2006-04-19,15.921895355608466,16.129942167571688,15.832733130335209,16.078990936279297,43018200
2006-04-20,16.00681086502238,16.4780991798869,15.921893774294386,16.240331649780273,46905400
2006-04-21,16.16815395415563,16.240332431972586,15.777535965856817,15.887927055358887,46077600
2006-04-24,15.786029218076674,15.819995087179441,15.633178757966698,15.77753734588623,32718800
2006-04-25,15.79451675761313,15.913399696350098,15.620437474608897,15.913399696350098,29217000
2006-04-26,15.896417137391518,15.989826093142316,15.71809271604038,15.849714279174805,35105000
2006-04-27,15.726583837429262,16.21910096488117,15.624683016040523,16.134183883666992,48275800
2006-04-28,16.00681217486335,16.197875239721373,15.943123946691035,15.985583305358887,22968200
2006-05-01,15.981337419479862,16.036533778888245,15.705358861755968,15.77753734588623,22657200
2006-05-02,15.866699413196072,15.87519128530024,15.709603828416425,15.819994926452637,25331800
2006-05-03,15.769040480216429,15.926136016845701,15.671386410438313,15.926136016845703,29466200
2006-05-04,15.955859558252827,16.138429097324728,15.926137202955159,16.028038024902344,24628400
2006-05-05,16.129937698483744,16.19787103505917,16.032282008726725,16.159658432006836,27113600
2006-05-08,16.236086903345033,16.337986118871832,16.12144907113326,16.146923065185547,16521200
2006-05-09,16.10870819000747,16.117200060050784,15.943120773309332,15.989825248718262,18957800
2006-05-10,15.964350093239977,15.985580578782193,15.565241907789504,15.624683380126953,31184400
2006-05-11,15.701111854678116,15.701111854678116,15.293511714270375,15.3699369430542,36970600
2006-05-12,15.361444258425422,15.522786579507692,15.242561295343169,15.259543418884277,31000400
2006-05-15,15.255294526957913,15.403898194126098,14.975069311970408,15.15764045715332,35749600
2006-05-16,15.217085186760423,15.306247406178867,14.975072522819593,15.144905090332031,43219200
2006-05-17,15.055741420115343,15.217083720414944,14.839204391013753,14.864678382873535,46306000
2006-05-18,14.945350874170787,15.013284220976432,14.724567092137752,14.728812217712402,28608000
2006-05-19,14.796743801361744,14.949594218375724,14.690597858397432,14.936857223510742,40356400
2006-05-22,14.77976388796242,14.817976497920839,14.401882914080808,14.533504486083984,47849400
2006-05-23,14.711831306121384,14.788256530022707,14.240542965282856,14.266016960144043,45848200
2006-05-24,14.338197004632628,14.55898080400627,14.185346557400194,14.435851097106934,52915000
2006-05-25,14.605685287289388,14.605685287289388,14.333950259065686,14.435851097106934,32045400
2006-05-26,14.529260037047829,14.652388124062654,14.448588068012503,14.520768165588379,20683000
2006-05-30,14.435849793265648,14.554732743860573,14.26601561842256,14.278754234313965,20700400
2006-05-31,14.37640989184488,14.554734337259573,14.291492795126924,14.448588371276855,31448600
2006-06-01,14.435848513981439,14.707581873922775,14.435848513981439,14.699090003967285,33951200
2006-06-02,14.796743474801385,14.81797395865254,14.5250101259552,14.690597534179688,29645000
2006-06-05,14.682109184822252,14.711829922470983,14.278754234313965,14.278754234313965,27324200
2006-06-06,14.270263948397732,14.372163168893074,14.193838723196771,14.283000946044922,37132600
2006-06-07,14.350931326916497,14.355178071691821,13.95606828505716,13.973052024841309,36002600
2006-06-08,13.926349717814418,14.062216417917284,13.641879320617424,13.905120849609375,61628000
2006-06-09,14.130147480720742,14.202327564524683,13.752268180998318,13.828693389892578,40853600
2006-06-12,13.871152895175914,13.909365504514914,13.522995095320518,13.53997802734375,35042000
2006-06-13,13.578190892492302,13.743778329528007,13.47629086894499,13.514503479003906,41006000
2006-06-14,13.68008990885558,13.786235853847547,13.518747618963385,13.69707202911377,37018800
2006-06-15,13.815957424114009,14.198081877391212,13.781989942226959,14.138640403747559,34060200
2006-06-16,14.019758579526036,14.223558628197873,13.943333358816744,14.011266708374023,21210600
2006-06-19,14.130147394795536,14.189588863649929,13.883889649590397,13.934839248657227,21105200
2006-06-20,13.990037339491124,14.049478815768433,13.80321942015243,13.896628379821777,25058600
2006-06-21,13.866908310950338,14.287247030090711,13.866908310950338,14.130149841308594,30490600
2006-06-22,14.074955805436332,14.151381030887269,13.854172000762395,13.951826095581055,30365400
2006-06-23,13.973055349244651,13.973055349244651,13.701321926683008,13.77774715423584,23239200
2006-06-26,13.815959304126993,13.934842267591353,13.760762948379012,13.89238452911377,13625600
2006-06-27,13.866907748044083,13.968808579343031,13.620649970198006,13.624895095825195,20803000
2006-06-28,13.629140387941769,13.667352997688322,13.374390736070605,13.663107872009277,23634800
2006-06-29,13.69282840656391,14.134395974904539,13.624895059100641,14.040987014770508,45742200
2006-06-30,14.06646097399556,14.13863943859034,13.909363810480034,13.973052024841309,19377400
2006-07-03,14.087691044357463,14.193836997603281,13.998528832349068,14.155624389648438,6463200
2006-07-05,14.011267389113733,14.024004386631173,13.739533977682404,13.765007972717285,14758400
2006-07-06,13.773498088034355,13.862661918263901,13.65461514060654,13.722548484802246,20817200
2006-07-07,13.646123815805487,13.66310755744823,13.40411116620202,13.501765251159668,27342800
2006-07-10,13.561209066764045,13.629141611509583,13.119641452197051,13.200312614440918,24089000
2006-07-11,13.145113522486124,13.63338552041044,13.12388465728476,13.590926170349121,46025600
2006-07-12,13.535731236183862,13.607910514835707,13.217293385042657,13.225785255432129,34087600
2006-07-13,13.08992031387984,13.39137527426633,13.009249154082125,13.021986961364746,51488000
2006-07-14,13.055952604248061,13.174836366654587,12.920085909971675,13.043214797973633,38259600
2006-07-17,13.106904070594767,13.225787032705465,12.954053622361652,12.979528427124023,30559400
2006-07-18,13.009248898437086,13.094165992326966,12.686565075416736,13.04746150970459,52982200
2006-07-19,13.077180846131899,13.378635768241374,13.021985307907837,13.162097930908203,51030000
2006-07-20,13.247015757666828,13.26824462513529,12.73751484012988,12.77148151397705,36665600
2006-07-21,12.652599115080248,12.652599115080248,12.321424211813078,12.389357566833496,46972000
2006-07-24,12.482763020899075,12.724775646912544,12.448796350753838,12.635613441467285,35154800
2006-07-25,12.771482440440176,12.97952843407475,12.673828347274254,12.856399536132812,36243600
2006-07-26,12.75874224078089,13.072934950032574,12.627121495983644,12.907346725463867,43743000
2006-07-27,12.96254376595016,13.234277140071182,12.96254376595016,12.97528076171875,44325200
2006-07-28,13.055952393743775,13.357406515580415,13.034723526791385,13.340423583984375,38393000
2006-07-31,13.365897424347699,13.438076700552186,13.230030742040269,13.382881164550781,21784400
2006-08-01,13.24701493760654,13.268243803760825,12.962543758060734,13.017739295959473,30157800
2006-08-02,13.119641452197051,13.297966710413803,13.077182903130307,13.200312614440918,21456000
2006-08-03,13.055954513020332,13.459309529224303,13.013495962394202,13.314950942993164,23515800
2006-08-04,13.472043280871564,13.654614437685007,13.132376577378624,13.280981063842773,31246800
2006-08-07,13.162097922786971,13.353160958501098,13.111147509986758,13.204556465148926,17639400
2006-08-08,13.323440811560026,13.353162361216102,13.047461471960414,13.174837112426758,26814000
2006-08-09,13.404111462119292,13.561207836465323,13.170590678181851,13.183327674865723,39281600
2006-08-10,13.119640219886042,13.476290702819824,13.119640219886042,13.476290702819824,27856800
2006-08-11,13.285228087418776,13.353161433683628,12.962544287746043,13.00500202178955,38155400
2006-08-14,13.128132363859908,13.374390958641722,13.094165689056535,13.242770195007324,27774000
2006-08-15,13.450815383874318,13.620649557675957,13.34891536549095,13.569698333740234,41708200
2006-08-16,13.714057772922182,14.057971268025724,13.565454076082958,13.99003791809082,53691000
2006-08-17,13.968809326450309,14.202330120245673,13.93484184098102,14.002775192260742,45759800
2006-08-18,13.968809972732382,14.074955940246582,13.777746907275036,14.074955940246582,29459200
2006-08-21,13.926348704034204,13.93908731975697,13.726795413842856,13.841431617736816,23915200
2006-08-22,13.83718732365097,13.977299147750127,13.735286490039835,13.786237716674805,23080800
2006-08-23,13.858417588173904,14.011268044164773,13.67584639014692,13.756518363952637,27750600
2006-08-24,13.777746691633606,13.89238452911377,13.67584585176494,13.89238452911377,23980600
2006-08-25,13.88389257869954,14.053725151305033,13.815959225725564,13.913613319396973,23013200
2006-08-28,13.964561501133026,14.117411934608013,13.922103767238298,14.113166809082031,19301200
2006-08-29,14.121658485349972,14.393393516540527,14.040988134944913,14.393393516540527,43501600
2006-08-30,14.393394982854693,14.622669059904819,14.28724900693293,14.584456443786621,43982600
2006-08-31,14.609929616490042,14.648142226214345,14.41462144219196,14.4740629196167,24590400
2006-09-01,14.49953863295937,14.58445410434856,14.257525976250825,14.36791706085205,25397400
2006-09-05,14.372162010372682,14.512275451833059,14.232050188571083,14.495291709899902,31156800
2006-09-06,14.308475279007837,14.338196017294345,14.040987014770508,14.040987014770508,41013800
2006-09-07,13.998528742805648,14.198082032263391,13.862662053092789,13.930595397949219,53504400
2006-09-08,13.977299013665883,14.155625065859986,13.93908802354442,14.142888069152832,26628600
2006-09-11,14.053723709698067,14.380653443492836,13.990037108875955,14.278754234313965,37802000
2006-09-12,14.393393662763284,14.800993784201598,14.312721691879785,14.677864074707031,58369800
2006-09-13,14.677865581558759,14.809487176219791,14.525015115412806,14.622669219970703,49014600
2006-09-14,14.575965124539376,14.673619220883296,14.482556154271743,14.609930992126465,30184200
2006-09-15,14.720323163393754,14.907141117597853,14.558982446147194,14.584456443786621,39464800
2006-09-18,14.554734845217288,14.873172754278873,14.550489719079744,14.711832046508789,37117400
2006-09-19,14.631158641165925,14.677863122403245,14.240542288378897,14.431605339050293,60233000
2006-09-20,14.512275783801073,14.626913614984051,14.448587559924256,14.571717262268066,35864200
2006-09-21,14.508028930489596,14.605684638283428,14.19808292388916,14.19808292388916,76835400
2006-09-22,14.223559328325003,14.355180908171778,14.08769262252267,14.159871101379395,39943000
2006-09-25,14.202331791404104,14.529261589050293,14.036744329404133,14.529261589050293,52144200
2006-09-26,14.486801952617366,14.59719467163086,14.312722621550561,14.59719467163086,60477000
2006-09-27,14.605685015834867,14.809485068470755,14.491047182541147,14.5037841796875,51654800
2006-09-28,14.520768977140046,14.720322298783879,14.51652223134354,14.711832046508789,26567600
2006-09-29,14.690600901733402,14.69484764734053,14.495292714936664,14.558980941772461,20081800
2006-10-02,14.478307723999022,14.699091506433396,14.435849989540344,14.478307723999023,25189600
2006-10-03,14.291491521354702,14.45707895438384,14.181100439221531,14.372161865234375,31071200
2006-10-04,14.321211265157391,14.68210846406758,14.291490528967671,14.626912117004395,49259400
2006-10-05,14.631159289338813,14.639651160818051,14.44009623020316,14.516521453857422,24401800
2006-10-06,14.372162595064731,14.47406343115045,14.321212986851293,14.423113822937012,20958400
2006-10-09,14.410375267432938,14.677863546094205,14.372162656195615,14.567472457885742,24889600
2006-10-10,14.533503608675348,14.61842069452958,14.486799130472587,14.512274742126465,21354800
2006-10-11,14.444340351443477,14.860432260374946,14.350931401801803,14.703336715698242,48480400
2006-10-12,14.737304411774623,14.9708251953125,14.635405199160427,14.9708251953125,46661000
2006-10-13,14.924122554251495,15.161888466960821,14.84345058844614,15.072726249694824,40994200
2006-10-16,15.20010069826184,15.263788920240682,15.110938483218472,15.16613483428955,24787600
2006-10-17,15.026022130230007,15.030268875721408,14.711830989537978,14.817976951599121,44253200
2006-10-18,14.82222027093164,14.843449136824772,14.363670612937137,14.461324691772461,53433800
2006-10-19,14.346688469742876,14.51652103545601,14.249034380034587,14.380654335021973,33841000
2006-10-20,14.414619034035239,14.414619034035239,14.198080408553635,14.274505615234375,19537200
2006-10-23,14.223558173966882,14.465570825264663,14.181100439221531,14.372161865234375,33554200
2006-10-24,14.372163031652901,14.461326873308533,14.138642232283821,14.159871101379395,26646000
2006-10-25,14.168360247909032,14.512273691883479,14.121655773086239,14.452832221984863,38717000
2006-10-26,14.491046486163766,14.622666436107922,14.308475310765003,14.60143756866455,26908800
2006-10-27,14.550490041294774,14.550490041294774,14.125906153143747,14.244789123535156,57508800
2006-10-30,14.215067049704635,14.457079713713656,14.202330052543795,14.338196754455566,33856200
2006-10-31,14.372162870873796,14.474063708915043,14.312721390207598,14.435851097106934,22920400
2006-11-01,14.465571467529225,14.491047081302797,14.113167718451711,14.130149841308594,39316400
2006-11-02,14.05372341147313,14.17260797920401,14.015510803927256,14.03249454498291,25384000
2006-11-03,14.0792007723175,14.134397127776863,13.90512145401542,13.994283676147461,30959000
2006-11-06,14.032492725517296,14.321209807393313,13.95606752033491,14.261768341064453,27944400
2006-11-07,14.266015097004193,14.614173685014578,14.266015097004193,14.414620399475098,29061400
2006-11-08,14.321212226198133,14.491046404100857,14.240541882506657,14.376408576965332,29742800
2006-11-09,14.5207685981984,14.533505595937605,14.096184730529785,14.096184730529785,48357400
2006-11-10,14.125901669553208,14.266013465948593,14.01550898666377,14.261768341064453,15571000
2006-11-13,14.249036279590566,14.533506715404043,14.168364301937933,14.529261589050293,28775800
2006-11-14,14.550488076233012,14.975071907043457,14.423113250921634,14.975071907043457,44347000
2006-11-15,15.013284174874132,15.161887864411797,14.890154478023645,15.064233779907227,44825600
2006-11-16,15.055742585163854,15.119430809059029,14.839205539306123,15.051497459411621,24408200
2006-11-17,14.953839862547676,15.030265065430012,14.860430921322946,14.979313850402832,23250800
2006-11-20,14.94110323045294,15.144903258614345,14.86043289211571,15.123674392700195,26544600
2006-11-21,15.081217279806198,15.132166884022864,14.839204635203647,14.881662368774414,28548600
2006-11-22,14.94959595383871,15.08121752147117,14.890154478023645,15.064233779907227,14467800
2006-11-24,15.030268780925443,15.085463514694755,14.902892331528358,15.004793167114258,5114200
2006-11-27,14.95384476245881,15.043006988484418,14.584455620937344,14.707585334777832,22781800
2006-11-28,14.563224529452588,14.631157875061035,14.45707857571072,14.631157875061035,21850000
2006-11-29,14.758534649517513,14.784010264865442,14.457080489698864,14.546242713928223,24558800
2006-11-30,14.541997720014463,14.767026655493167,14.448588749215478,14.66937255859375,21769000
2006-12-01,14.626912830565697,14.703338047255786,14.219312754657707,14.444341659545898,51601200
2006-12-04,14.435851877458498,14.856190630069731,14.414623007452851,14.711832046508789,36364000
2006-12-05,14.767023686183158,14.915628984360328,14.703337089528903,14.77551555633545,21227800
2006-12-06,14.750041565537197,14.89440011880891,14.652385868615154,14.77551555633545,20257600
2006-12-07,14.826468742545396,14.966582204448905,14.584456053492985,14.59719467163086,26279800
2006-12-08,14.46132671873069,14.622667417859576,14.38490149507643,14.516521453857422,36861000
2006-12-11,14.546241750607763,14.6481425855922,14.448587661062874,14.465571403503418,11723600
2006-12-12,14.478307354028912,14.558979314961205,14.295736185136164,14.406128883361816,29013000
2006-12-13,14.537750261291235,14.55897912770506,14.244786397940908,14.287245750427246,22271400
2006-12-14,14.329704866832335,14.609930141664037,14.283000384417246,14.5037841796875,40237000
2006-12-15,14.648143555661012,14.66088055350551,14.48680123110865,14.546242713928223,20040200
2006-12-18,14.56322558086293,14.724567895703323,14.457079619457723,14.525012969970703,21250000
2006-12-19,14.350931951440762,14.414620168573624,14.215065266572056,14.312719345092773,25336800
2006-12-20,14.338195891198273,14.529258935401792,14.316967023988715,14.397637367248535,15932600
2006-12-21,14.406129278596913,14.44434188754513,14.155624757638316,14.227803230285645,19373400
2006-12-22,14.266016508075193,14.321212861290142,14.117412810564362,14.13439655303955,17532600
2006-12-26,14.125904019529564,14.291491451752258,14.100428407011167,14.227803230285645,7199200
2006-12-27,14.316967919689773,14.397638267996507,14.266016691608714,14.33395004272461,10658600
2006-12-28,14.329704916880612,14.431605753383879,14.283000434302402,14.33395004272461,10767400
2006-12-29,14.329703483254896,14.440094560402,14.249033143018885,14.287245750427246,6917600
2007-01-03,14.372160722184459,14.529257891497247,14.06646149308159,14.253277778625488,26994000
2007-01-04,14.227804302198852,14.5887015516015,14.22355917628867,14.516521453857422,28808200
2007-01-05,14.393392352265812,14.45707895438384,14.274507779593057,14.372161865234375,33599800
2007-01-08,14.435849080905514,14.592944632105064,14.333948257096376,14.461324691772461,23105400
2007-01-09,14.50378293017643,14.61842075359402,14.39763697734444,14.575963020324707,21958200
2007-01-10,14.533502999942213,14.860432714009455,14.435848922180615,14.754286766052246,35479400
2007-01-11,14.754287976604063,15.038758363033317,14.733059109202571,14.85194206237793,50899000
2007-01-12,14.796745524910218,14.928367092594534,14.711830056374522,14.898646354675293,21841800
2007-01-16,14.93685667740362,14.93685667740362,14.686352196380208,14.741548538208008,21065000
2007-01-17,14.567474478041722,14.741553815672598,14.499541117494529,14.622669219970703,29655800
2007-01-18,14.397637664651986,14.397637664651986,14.049479052315535,14.07919979095459,49867200
2007-01-19,14.117412621736236,14.28724680489884,14.028250404422332,14.181100845336914,28899800
2007-01-22,14.236295994394847,14.236295994394847,13.98579145771811,14.08344554901123,29533200
2007-01-23,14.181101304859633,14.28300052233208,14.053724853530783,14.066463470458984,25254000
2007-01-24,14.130146794437348,14.287243949344743,14.100426061272918,14.261768341064453,18385600
2007-01-25,14.34668996934136,14.550490041294774,14.206576508815203,14.244789123535156,31495200
2007-01-26,14.2702633257808,14.495292245910584,14.168362490072521,14.35942554473877,32778000
2007-01-29,14.410373670372495,14.486798884377155,14.299982594398358,14.329703330993652,25664800
2007-01-30,14.367915228359971,14.427356698614725,14.274506278154737,14.346686363220215,13228000
2007-01-31,14.338195690704922,14.414620907317664,14.151379394350846,14.36367130279541,34284600
2007-02-01,14.478307723999022,14.57596342863973,14.363671517028843,14.478307723999023,23636600
2007-02-02,14.558980265356228,14.64814248305672,14.491046915728406,14.571717262268066,18756400
2007-02-05,14.614173501738337,14.762778802345585,14.499537301954359,14.626912117004395,23336800
2007-02-06,14.61417707339763,14.63965269049726,14.3933948705037,14.529261589050293,23701600
2007-02-07,14.571717592117594,14.737305034355023,14.508029366799114,14.64814281463623,26142000
2007-02-08,14.575964251044445,14.6354057305039,14.469818289250036,14.588701248168945,16277800
2007-02-09,14.69059893287948,14.809483499062639,14.363670829937144,14.41037368774414,40220600
2007-02-12,14.40188013745984,14.40188013745984,14.210818744162358,14.261768341064453,22983800
2007-02-13,14.32121467590332,14.376411036112092,14.2065768291585,14.32121467590332,21963800
2007-02-14,14.43585061659317,14.690600273728345,14.410375003016123,14.635405540466309,33972800
2007-02-15,14.597193206176756,14.745796905708076,14.584454589317751,14.64814281463623,18218800
2007-02-16,14.631157875061035,14.686354224511247,14.605683882744566,14.631157875061035,15610800
2007-02-20,14.563225401255929,14.66937136135205,14.410374959572106,14.652387619018555,18024000
2007-02-21,14.584453993139505,14.639650344848633,14.495291777065454,14.639650344848633,15662000
2007-02-22,14.885910097923137,15.11943088731611,14.860434484301445,15.030268669128418,66851800
2007-02-23,15.085463135294352,15.225576578243748,15.072726138538513,15.098201751708984,27545600
2007-02-26,15.178872845799747,15.204348460226536,14.97507278936206,15.076972007751465,21236800
2007-02-27,14.856187755889646,14.983562570939682,14.457077950498581,14.626912117004395,60876400
2007-02-28,14.622666680261478,14.771271994163854,14.503783724866611,14.61842155456543,34864600
2007-03-01,14.384900032042987,14.626912675781004,14.249033341511423,14.486799240112305,42702400
2007-03-02,14.427357240396436,14.495290583189869,14.244786077953089,14.29149055480957,37727400
2007-03-05,14.151380849468278,14.427359387028503,14.108921491618242,14.159871101379395,39323400
2007-03-06,14.372160203988088,14.435848418403296,14.32970247415033,14.389143943786621,18403600
2007-03-07,14.410375231245451,14.4613264592065,14.261771532172839,14.338196754455566,16239600
2007-03-08,14.499539601102972,14.61417581906447,14.359426148569508,14.448588371276855,23476800
2007-03-09,14.741551588941089,14.826467062054178,14.54624178966803,14.694847106933594,25699200
2007-03-12,14.648141136764357,14.864678162658018,14.63540414102316,14.750041961669922,18435800
2007-03-13,14.66937099391062,14.745796212838217,14.499538433806118,14.580208778381348,27649000
2007-03-14,14.580207300132681,14.597191040318826,14.338194671285235,14.55048656463623,27355800
2007-03-15,14.520767301361833,14.584453904028981,14.491046562852077,14.580208778381348,22234400
2007-03-16,14.5759637521011,14.584454003454246,14.406129571180028,14.4740629196167,14862800
2007-03-19,14.525011508889326,14.58445298215157,14.363670829937144,14.41037368774414,23122600
2007-03-20,14.440095954638043,14.558980533419776,14.359425606613058,14.5037841796875,13455000
2007-03-21,14.5250101259552,14.924119899274238,14.448584919134897,14.690597534179688,20829400
2007-03-22,14.699094292141213,14.762782525557894,14.503786085163343,14.584456443786621,22190200
2007-03-23,14.571717505563717,14.711830952568581,14.537751640012104,14.588701248168945,14385400
2007-03-26,14.635406557816513,14.677864297070798,14.406130878661935,14.546242713928223,15808400
2007-03-27,14.605682630249202,14.614172880520806,14.512273680675758,14.537749290466309,11157000
2007-03-28,14.41886713653419,14.461326493268405,14.299984176996087,14.33395004272461,18213600
2007-03-29,14.4146219680094,14.461326450449324,14.074955213435658,14.257526397705078,35443000
2007-03-30,14.274508222275735,14.329704574883456,14.147133394430755,14.176854133605957,18326400
2007-04-02,14.249034116717267,14.304228849233171,14.08344506019316,14.202329635620117,21261000
2007-04-03,14.261769648830935,14.397636332800793,14.21931191746234,14.253277778625488,22528600
2007-04-04,14.295735057643004,14.461324091921606,14.223556592668565,14.452832221984863,20261800
2007-04-05,14.482552945749402,14.571715150528465,14.444340340892865,14.537749290466309,13894200
2007-04-09,14.6014386798904,14.635406166111862,14.44434310526336,14.558980941772461,13346800
2007-04-10,14.533504419748688,14.78825569152832,14.525012548723488,14.78825569152832,18244000
2007-04-11,14.758533623608312,14.775517365993009,14.558980319393992,14.635405540466309,22787600
2007-04-12,14.571718622836247,14.72032233287893,14.520769010772893,14.707585334777832,19830200
2007-04-13,14.643897411658656,14.643897411658656,14.469818101362563,14.635405540466309,23910000
2007-04-16,14.665125616140156,14.792500438943398,14.584453653293062,14.728812217712402,25346400
2007-04-17,14.76702334395262,14.77551521390811,14.614172924070973,14.699090003967285,13597000
2007-04-18,14.864680874328366,15.242561886724518,14.864680874328366,15.106695175170898,47209200
2007-04-19,15.11518249308113,15.386917483094521,15.004791418746509,15.293508529663086,39158800
2007-04-20,15.412394004583044,15.505802973349743,15.217085815033501,15.382673263549805,26905600
2007-04-23,15.310494258124807,15.369935738150401,15.234069035332226,15.272281646728516,18007200
2007-04-24,15.67988265096645,15.887927842941542,15.582228553965638,15.769044876098633,72541200
2007-04-25,15.8412218153781,16.00680923461914,15.73082912277832,16.00680923461914,36923000
2007-04-26,15.989828981469184,15.989828981469184,15.773291913620188,15.930387496948242,26863400
2007-04-27,15.781780398066815,15.926138967014346,15.66714418770915,15.739322662353516,27279400
2007-04-30,15.69261670404294,15.739321180726304,15.518537412551364,15.544013023376465,20226400
2007-05-01,15.544016402961288,15.675636371694551,15.416641560459198,15.654407501220703,27019800
2007-05-02,15.662898632670132,15.832732827747748,15.637424637169733,15.756307601928711,22080600
2007-05-03,15.739322662353516,15.892173102375466,15.730830791279097,15.739322662353516,15535600
2007-05-04,15.845470396350194,15.947371240999649,15.769045167777847,15.930387496948242,21741800
2007-05-07,15.913403832869735,15.943124575279567,15.858207474254765,15.909158706665039,9571200
2007-05-08,15.811505236784667,15.858208105531398,15.69686738878658,15.832734107971191,12783200
2007-05-09,15.790270286972284,16.23608455429238,15.773288166614027,16.1766414642334,32806200
2007-05-10,16.1044668243277,16.231841665395287,15.853962268375897,15.930387496948242,28972600
2007-05-11,16.019548313414315,16.168153631292856,15.951614962848328,16.125694274902344,25374200
2007-05-14,16.20211615999454,16.282786491034575,16.08323322590217,16.159658432006836,21862000
2007-05-15,16.15541571571182,16.176644584999018,15.909157916594285,15.947370529174805,32079000
2007-05-16,15.858207829259362,15.926141187668172,15.735079730658969,15.900667190551758,34105400
2007-05-17,15.862452642776063,15.913402250460983,15.654405846936163,15.752059936523438,30323400
2007-05-18,15.862450935573843,15.879434676193876,15.628930170853655,15.77328872680664,25530200
2007-05-21,15.773290424412744,15.977090474811254,15.696865203055951,15.752059936523438,33222400
2007-05-22,15.828487361938455,15.951617082342961,15.679883643973742,15.832734107971191,25403600
2007-05-23,15.701109213286788,15.849714519659518,15.548258781433105,15.548258781433105,31356600
2007-05-24,15.501557467459152,15.6119501884049,15.238315903114666,15.314741134643555,50677600
2007-05-25,15.365688844319479,15.476081551580519,15.297755493566084,15.39540958404541,21357200
2007-05-29,15.44211284620467,15.535521803481878,15.399655112710693,15.46334171295166,19112800
2007-05-30,15.37417959555274,15.425130819649922,15.238312903944365,15.357195854187012,30480000
2007-05-31,15.425131816862812,15.607701379541718,15.416639945630962,15.586472511291504,22519400
2007-06-01,15.696864760506552,15.815747714972584,15.65440540558384,15.701109886169434,29855200
2007-06-04,15.658651984367621,15.798763804975456,15.624684500790714,15.662897109985352,14813000
2007-06-05,15.633177751640554,15.675635490200712,15.403902076234335,15.552507400512695,34272200
2007-06-06,15.497311784474245,15.611949627649983,15.365690197200106,15.3699369430542,32267000
2007-06-07,15.34870736897776,15.459098461237652,15.089710952159315,15.153397560119629,45551000
2007-06-08,15.276528335669399,15.590721130371094,15.217086849561813,15.590721130371094,40105800
2007-06-11,15.594965852854552,15.645915465390484,15.493066627782685,15.535524368286133,20090000
2007-06-12,15.357193381769918,15.599207608121874,15.33596451830984,15.41663646697998,23537400
2007-06-13,15.484573281433486,15.752059936523438,15.463342793544179,15.752059936523438,21668200
2007-06-14,15.72234111244174,16.03228716141063,15.684128497108095,15.900667190551758,22932000
2007-06-15,16.134187665725875,16.24457876342036,16.08748317912702,16.219104766845703,23084000
2007-06-18,16.244576775470218,16.371953221391603,16.134185691284976,16.240331649780273,12113200
2007-06-19,16.134188330036665,16.18513794494277,16.036534226608687,16.1384334564209,20167600
2007-06-20,16.172398781945425,16.27005287230536,16.023795083497443,16.0407772064209,28654800
2007-06-21,16.09172760998773,16.495080947875977,16.006810521084347,16.495080947875977,36080000
2007-06-22,16.388931776984695,16.456865110850575,16.180886650620995,16.25306510925293,25784800
2007-06-25,16.261561853062705,16.304021211743166,15.989828436143474,16.066253662109375,31991400
2007-06-26,16.104463236448076,16.129938846849527,15.917646952479961,16.028038024902344,22195800
2007-06-27,15.972842516099474,16.401673072212546,15.926138037744714,16.384689331054688,48905400
2007-06-28,16.363464393507545,16.4016770104587,16.253071669133504,16.278547286987305,22773800
2007-06-29,16.304019895192152,16.39318211173287,16.091727977909226,16.155414581298828,18684200
2007-07-02,16.21910630512043,16.388938903808594,16.21910630512043,16.388938903808594,15304600
2007-07-03,16.414411388714736,16.45686912536621,16.371953652063265,16.45686912536621,9486000
2007-07-05,16.43139553795307,16.520557758923427,16.265808093391296,16.512065887451172,11887200
2007-07-06,16.495081258734455,16.656423568725586,16.444131652295756,16.656423568725586,12907000
2007-07-09,16.64793202890073,16.82625808447195,16.635195031952364,16.73284912109375,20077600
2007-07-10,16.660667633304534,16.754074960136126,16.55876681716454,16.609716415405273,17421600
2007-07-11,16.622459282819314,16.652180024369123,16.427149470216204,16.579999923706055,23483200
2007-07-12,16.618206244201964,17.089494424111617,16.579993645299606,17.076757431030273,35419800
2007-07-13,17.178659882722467,17.178659882722467,17.0088273372518,17.064022064208984,29776600
2007-07-16,17.07676335098475,17.13620483218187,17.00882999823677,17.110729217529297,13311200
2007-07-17,17.12771452209897,17.582019163704345,17.12771452209897,17.429168701171875,41295600
2007-07-18,17.110729217529297,17.2381040514744,16.919666156782196,17.110729217529297,31028400
2007-07-19,17.225364624680385,17.267822356787963,17.0385483358849,17.16167640686035,20256200
2007-07-20,17.131960722492646,17.25084532283731,16.877211015406765,16.93240737915039,31002200
2007-07-23,16.979109391608237,17.0979923549405,16.881453677832273,16.919666290283203,20891200
2007-07-24,16.656419756615826,16.81351528531541,16.49932422791624,16.571502685546875,32540800
2007-07-25,16.720112583579226,16.76681706655167,16.546033268646674,16.61821174621582,27098000
2007-07-26,16.439885978078003,16.601226663027,16.04926802265804,16.312509536743164,34758000
2007-07-27,16.282789948811537,16.350723299813136,15.994072802140028,16.019548416137695,32520600
2007-07-30,16.08323600807729,16.376198269051216,16.032284782087995,16.261560440063477,24711200
2007-07-31,16.38893128640427,16.410161768574334,15.985578039707297,16.036527633666992,29506000
2007-08-01,16.028039346612342,16.163906040640065,15.760551084144561,16.100217819213867,42847800
2007-08-02,16.155415449393697,16.155415449393697,15.921894651766236,16.09597396850586,23504600
2007-08-03,16.083235789881247,16.129940269908417,15.730830436700778,15.747814178466797,25491200
2007-08-06,15.841223726591174,16.02804003397624,15.69261841011001,15.921894073486328,40598800
2007-08-07,15.900665316930514,16.11295723940046,15.68837339446057,15.896418571472168,23738400
2007-08-08,16.006812823875627,16.32525073833074,16.006812823875627,16.219104766845703,36286200
2007-08-09,15.917646890637483,16.30401807210264,15.87518754013336,15.964349746704102,37280000
2007-08-10,15.8412218153781,16.197872264381353,15.764796603473215,16.00680923461914,37286800
2007-08-13,16.146923712410157,16.17239932714242,15.896419169682343,15.904911041259766,17864000
2007-08-14,15.960106282392243,16.053515243563428,15.675634273215806,15.701109886169434,20952400
2007-08-15,15.548258365368033,15.645912445403878,15.246804254867122,15.327474594116211,30875400
2007-08-16,15.24256213389587,15.429378460396746,14.856190862963862,15.285019874572754,46285400
2007-08-17,15.688371688736508,15.84122211544156,15.369933839653868,15.518537521362305,36573000
2007-08-20,15.590719396959537,15.819993443646299,15.53127791746079,15.709602355957031,23055400
2007-08-21,15.692620243640798,15.845470703750774,15.679883245184635,15.77753734588623,18159400
2007-08-22,15.836975663607804,15.896417137391518,15.730829711948692,15.849714279174805,20066800
2007-08-23,15.87943871210813,15.87943871210813,15.64167114197266,15.807258605957031,26994200
2007-08-24,15.77753394807874,16.011054714219014,15.718092475205797,15.99831771850586,14509400
2007-08-27,15.943125326131854,15.943125326131854,15.786029734615791,15.807258605957031,14320800
2007-08-28,15.709603563620902,15.74781617761607,15.391165653547507,15.412394523620605,25098800
2007-08-29,15.518541846552369,15.900668019817811,15.518541846552369,15.858208656311035,18946200
2007-08-30,15.773290531388797,16.066252802137523,15.752060043355502,15.879436492919922,26827200
2007-08-31,16.023793944376038,16.151168765370574,15.96010572404941,16.087480545043945,20448200
2007-09-04,16.142677768364724,16.601227472694642,16.142677768364724,16.50782012939453,23563600
2007-09-05,16.376196842484106,16.444130184893226,16.180888685515217,16.2955265045166,19393400
2007-09-06,16.33374203275715,16.456870124384473,16.21485744753021,16.43988800048828,14352400
2007-09-07,16.176646398823273,16.19787689014987,15.87094708356115,16.053518295288086,25443600
2007-09-10,16.19787532451272,16.261561933359495,15.921895160533238,16.045024871826172,21717400
2007-09-11,16.134187939948703,16.346479886526975,16.062009455548417,16.231842041015625,20132400
2007-09-12,16.104469596871304,16.210615585978204,15.913406492547038,15.955865859985352,19320400
2007-09-13,16.036531379738253,16.036531379738253,15.841223207554203,15.892172813415527,19669400
2007-09-14,15.730832262519275,15.824241233415247,15.69261964893992,15.769044876098633,12131800
2007-09-17,15.718092243366314,15.777533715362505,15.624683290424509,15.730829238891602,10125800
2007-09-18,15.824235769233473,16.095969096563035,15.743565443825757,16.036527633666992,17530800
2007-09-19,16.146920941145364,16.6776506762044,16.083234344733448,16.197872161865234,18245600
2007-09-20,16.112958010382204,16.321003197348464,16.091729141051207,16.25731658935547,14040000
2007-09-21,16.401674348616716,16.47809957011591,16.34647799538756,16.38044548034668,8601600
2007-09-24,16.410165317621754,16.439886055497517,16.176642920513984,16.29128074645996,13718600
2007-09-25,16.12144861773987,16.325248662720703,16.11720187241137,16.261560440063477,13339800
2007-09-26,16.354967991240496,16.439885074242223,16.176641954971007,16.210609436035156,14736600
2007-09-27,16.282786336501122,16.37195015588268,16.270049342157392,16.287033081054688,12898400
2007-09-28,16.278544182059907,16.418656004383514,16.244576698067043,16.261560440063477,16506600
2007-10-01,16.325248872083275,16.609719265707167,16.325248872083275,16.529048919677734,18960200
2007-10-02,16.529045385042842,16.5799949811315,16.41016245428316,16.54178237915039,11891400
2007-10-03,16.35496834873432,16.35496834873432,16.049267491109426,16.202117919921875,26509800
2007-10-04,16.227594474170928,16.227594474170928,16.04926842364199,16.121448516845703,13697600
2007-10-05,16.240333525076846,16.418657978504125,16.151171298363206,16.32525062561035,16470400
2007-10-08,16.350722634208967,16.397427114807357,16.244576676361273,16.346477508544922,7356200
2007-10-09,16.316756714178116,16.38044493653267,16.078989186334393,16.28278923034668,14250000
2007-10-10,16.22334721793244,16.24457608479715,16.03653092200078,16.17239761352539,18766200
2007-10-11,16.231841863662456,16.31251221940353,15.752061616133235,15.883683204650879,31375000
2007-10-12,15.399658718858548,15.535525441445728,15.314741612326788,15.4293794631958,13912400
2007-10-15,15.446362011464739,15.518540493645071,15.302003427445108,15.412394523620605,15376800
2007-10-16,15.323228407966045,15.488815820027108,15.289260928744005,15.352949142456055,23271400
2007-10-17,15.752058195087006,15.781778931255731,15.4973085651669,15.624683380126953,27334000
2007-10-18,15.531279644263508,15.620441873424886,15.399658053840268,15.590721130371094,16024400
2007-10-19,15.573732784504472,15.573732784504472,15.076968932296474,15.127920150756836,17556400
2007-10-22,14.996302702924773,15.285019874572754,14.953844962247887,15.285019874572754,15290400
2007-10-23,15.123674374188191,15.157641855336173,14.767023920427624,15.043004035949707,33628800
2007-10-24,14.750041806738176,14.754286932054429,14.308474269549983,14.626912117004395,39520400
2007-10-25,14.652387125666477,14.673617612697914,14.168361823070915,14.372161865234375,36550400
2007-10-26,14.499536783680202,14.533502643972094,14.215064807899983,14.346686363220215,23933200
2007-10-29,14.380654793887837,14.529260115744792,14.380654793887837,14.499539375305176,15071200
2007-10-30,14.414623741590535,14.588703075957048,14.414623741590535,14.529261589050293,16643000
2007-10-31,14.563223323996617,14.733057483789244,14.495289984011283,14.699090003967285,20678600
2007-11-01,14.592946232489846,14.6481425855922,14.414621795840612,14.465571403503418,22910200
2007-11-02,14.495290571703478,14.558978789122513,14.342440145624714,14.54199504852295,16528800
2007-11-05,14.359422953749156,14.588698577978557,14.333947344504153,14.457077026367188,16576800
2007-11-06,14.499539897894755,14.639651733637269,14.389147184004107,14.609930992126465,16282000
2007-11-07,14.457078301396535,14.56322425312435,14.227802656946373,14.287245750427246,20108600
2007-11-08,14.223557582712276,14.278753931313803,13.78623677831071,14.03249454498291,30099600
2007-11-09,13.84992356175296,14.155624426180637,13.798973957567918,13.985790252685547,25290600
2007-11-12,13.998529399888659,14.079199744548946,13.828695219946315,13.849924087524414,21190200
2007-11-13,13.92210540957201,14.223559566898587,13.905121666147124,14.096184730529785,15277400
2007-11-14,14.223556517852517,14.244785382753419,13.905118685363282,13.973052024841309,19020400
2007-11-15,13.84143175226115,14.057970405406952,13.752269539628745,13.883891105651855,21651600
2007-11-16,13.883890322095924,13.956068789298556,13.701319161966335,13.922102928161621,19621000
2007-11-19,13.875400035803613,13.875400035803613,13.607911762809382,13.680091857910156,18388600
2007-11-20,13.735287857221389,13.828696829024427,13.31919665940119,13.60791301727295,21221800
2007-11-21,13.41684958131386,13.595174827508497,13.20880359572502,13.344670295715332,20491600
2007-11-23,13.387128552960654,13.539978182235814,13.340424072161063,13.497520446777344,8111200
2007-11-26,13.51450244768132,13.60791059301415,13.162097922786971,13.204556465148926,16513000
2007-11-27,13.327686463974668,13.467799098629266,13.17483683242473,13.408357620239258,22698400
2007-11-28,13.586682868726326,14.024003705272635,13.586682868726326,14.011266708374023,29250400
2007-11-29,13.871154474951773,13.990039061800996,13.803221119463197,13.862664222717285,15292800
2007-11-30,14.138640420458286,14.138640420458286,13.641878144713184,13.722548484802246,17042200
2007-12-03,13.748023462231933,13.86690640417724,13.709810856655425,13.718302726745605,9633000
2007-12-04,13.612157668657902,13.786236967723335,13.603665798013404,13.65461540222168,11894000
2007-12-05,13.91785731634997,14.108920362233777,13.841432097996448,14.040987014770508,18378600
2007-12-06,14.015511874770263,14.2405424118042,14.015511874770263,14.2405424118042,11343800
2007-12-07,14.202330024570474,14.261771504082441,14.142888545058506,14.189591407775879,12063800
2007-12-10,14.223556540688804,14.316965489993027,14.087689861514612,14.304226875305176,15719200
2007-12-11,14.427357616404036,14.474062094477736,14.028249419548343,14.03249454498291,20939600
2007-12-12,14.270263507109727,14.427359078649781,14.019758969955062,14.232050895690918,19764800
2007-12-13,14.087692294526805,14.278755351256327,13.956070717744502,14.08344554901123,13145400
2007-12-14,13.985790705681081,14.002774447512431,13.854170755635034,13.871152877807617,11258600
2007-12-17,13.82444957579422,13.828694701287112,13.64187840608429,13.65461540222168,15038600
2007-12-18,13.79897405604251,13.79897405604251,13.569698406085557,13.714056968688965,14592600
2007-12-19,13.692827992049963,13.798973945476707,13.624894646643197,13.739532470703125,12649200
2007-12-20,13.824448180736002,13.934839248657227,13.756514842094045,13.934839248657227,12838000
2007-12-21,14.032495066930183,14.100428414020925,13.939087726967132,14.062215805053711,9565600
2007-12-24,14.028250437729948,14.176854133605957,14.019758566585775,14.176854133605957,4666800
2007-12-26,14.096182914976174,14.18110000150457,14.091936169837464,14.155624389648438,6775200
2007-12-27,14.13864293606125,14.172610424032076,13.879646509090117,13.900876998901367,10122200
2007-12-28,13.964560920915918,13.99852840234736,13.811710493791754,13.854169845581055,8220000
2007-12-31,13.786237750336532,13.900875581056917,13.77774587920997,13.781991004943848,5733800
2008-01-02,13.718305959197135,13.765008826209835,13.196067163205907,13.314950942993164,31793200
2008-01-03,13.314951107927978,13.331934042491104,13.030479867987468,13.081429481506348,18172200
2008-01-04,12.924333884563092,12.924333884563092,12.393604020165473,12.419078826904297,41385800
2008-01-07,12.503992788575081,12.63136760010662,12.304437891391887,12.487009048461914,29755600
2008-01-08,12.482764158921906,12.682319072818732,12.172818164360951,12.257735252380371,27070000
2008-01-09,12.253490192044602,12.39784876608895,12.041198266665198,12.27896499633789,40027200
2008-01-10,12.198291949310251,12.329913505744031,12.100637873114326,12.236504554748535,36409000
2008-01-11,12.172818808846648,12.172818808846648,11.930806147956204,11.973264694213867,31661000
2008-01-14,12.228012766916287,12.380863189697266,12.138850560180254,12.380863189697266,25345400
2008-01-15,12.215277611270984,12.34265244288574,12.028460489717173,12.070919036865234,35274800
2008-01-16,11.633596995066386,12.10063937866495,11.552925839123054,11.85013484954834,55250800
2008-01-17,11.969017470070238,12.075163419372455,11.68879222869873,11.68879222869873,27817200
2008-01-18,11.820414110471692,12.007231225876998,11.78220150027903,11.85013484954834,23749600
2008-01-22,11.417059338158385,11.81616837939428,11.268455640203534,11.637843132019043,24449800
2008-01-23,11.446779119894073,12.070917838394791,11.340633167477415,12.053934097290039,31050000
2008-01-24,12.079409524495818,12.2874554908761,11.994492439927429,12.266225814819336,29089800
2008-01-25,12.495502278913605,12.499748214404155,11.888347270864603,11.896839141845703,26436800
2008-01-28,11.871361562032433,12.168570518493652,11.760970496885498,12.168570518493652,14640400
2008-01-29,12.253487777068097,12.253487777068097,11.99024548515375,12.121866226196289,12424000
2008-01-30,12.058181387305709,12.380865216085466,12.045444389875488,12.232260704040527,39771800
2008-01-31,12.117622231878194,12.380863738526504,11.952033996582031,11.952033996582031,17865600
2008-02-01,12.342651495656757,12.839414596557617,12.31293075788284,12.839414596557617,41618400
2008-02-04,12.779973234082533,12.813939907528871,12.525222778320312,12.525222778320312,21083400
2008-02-05,12.22801575497686,12.402095085758297,12.06242829638708,12.06667423248291,20418600
2008-02-06,12.181309736457647,12.206784538307115,11.79493853411845,11.845888137817383,25977200
2008-02-07,11.616614051420912,12.028460082196188,11.552925827941845,11.892593383789062,22637200
2008-02-08,11.888346587543204,12.045442952346365,11.824659178504376,11.952033996582031,20816600
2008-02-11,11.973265430896824,12.329915945677884,11.973265430896824,12.18555736541748,23200600
2008-02-12,12.308686266328142,12.372373684718447,12.126115073067663,12.18555736541748,17059000
2008-02-13,12.402093661725907,12.610140457385635,12.359635925301713,12.576173782348633,17580200
2008-02-14,12.567681781063621,12.576173652192338,12.24075203107263,12.287456512451172,16798800
2008-02-15,12.189801905385828,12.295947867542775,12.049689267731832,12.13460636138916,15277000
2008-02-19,12.228014520620333,12.266227131795912,11.930806312379568,12.01147747039795,15121400
2008-02-20,11.986000470469302,12.363880602864093,11.947787863712195,12.249242782592773,17215000
2008-02-21,12.419077828035007,12.588911209016606,12.168573287401108,12.232260704040527,26152000
2008-02-22,12.31717541961351,12.31717541961351,12.007229457978854,12.223767280578613,15390400
2008-02-25,12.21103121485886,12.40633939060989,12.062426710362113,12.308685302734375,22593000
2008-02-26,12.257734979263676,12.686563915701763,12.257734979263676,12.533714294433594,32365600
2008-02-27,12.44879523516799,12.762987108312771,12.44879523516799,12.682316780090332,22100600
2008-02-28,12.644107582454659,12.661090515662915,12.363882300968193,12.503994941711426,24024600
2008-02-29,12.376616648410018,12.40209144768261,12.066670692800795,12.121866226196289,31810200
2008-03-03,12.134605069536144,12.16857174141709,11.93505097346425,12.05817985534668,20387600
2008-03-04,12.011476446761982,12.198292741222469,11.816167471861386,12.155834197998047,24717200
2008-03-05,12.185556312419935,12.397848228595688,12.168572570407767,12.291702270507812,20113400
2008-03-06,12.236507266332426,12.295948750262173,12.0072323927252,12.075165748596191,14098200
2008-03-07,12.015721572238006,12.419076518125975,11.998738640845849,12.155834197998047,26662600
2008-03-10,12.121865518061002,12.355387062210582,12.121865518061002,12.181307792663574,23712400
2008-03-11,12.249244141306308,12.491256804393013,12.100639632970609,12.427569389343262,23767000
2008-03-12,12.38935704710868,12.525223751450003,12.312931823459326,12.359636306762695,17740400
2008-03-13,12.181311821473397,12.571929025952441,12.147345143250416,12.44455337524414,26049600
2008-03-14,12.576170984885346,12.576170984885346,12.036949430017492,12.177062034606934,26668800
2008-03-17,11.850135062202703,12.312931518548286,11.850135062202703,12.198293685913086,33877200
2008-03-18,12.342652789363623,12.65684475135206,12.3129320484745,12.622878074645996,23404200
2008-03-19,12.669581391450674,12.669581391450674,12.151589416952705,12.189801216125488,38428000
2008-03-20,12.19404746154704,12.406339379253962,12.126114112667176,12.351143836975098,22025800
2008-03-24,12.4318163319826,12.86064614913647,12.4318163319826,12.652599334716797,37871600
2008-03-25,12.716286493929799,12.80120277711394,12.567681986070784,12.67807388305664,15388000
2008-03-26,12.580417189596423,12.605892799766172,12.338404561788918,12.487009048461914,13282000
2008-03-27,12.550696814144843,12.550696814144843,12.24924270695504,12.270471572875977,12400400
2008-03-28,12.312930720325939,12.495501891613815,12.066672138312594,12.11337661743164,12505600
2008-03-31,12.143098319162895,12.27471908642223,12.062427160597109,12.194047927856445,9593800
2008-04-01,12.355390596814441,12.678074430436755,12.287457243402317,12.622878074645996,24901600
2008-04-02,12.750249968062493,12.907345497918568,12.652595092665532,12.724774360656738,17264200
2008-04-03,12.644106498174537,13.064444384358666,12.63136869198858,12.983773231506348,25494000
2008-04-04,12.983771224377245,13.038966756325108,12.779971215883098,12.92432975769043,16289200
2008-04-07,12.971034459582636,13.03896780119113,12.788464110153132,12.86064338684082,19461000
2008-04-08,12.631370413525628,12.690811897502668,12.457291087739028,12.508240699768066,24032400
2008-04-09,12.436062267973766,12.673829014672624,12.42332446000027,12.652599334716797,23277800
2008-04-10,12.716286552530475,13.106903724499972,12.716286552530475,12.945561408996582,32350200
2008-04-11,12.852154391397557,12.852154391397557,12.453045312804658,12.546453475952148,32370200
2008-04-14,12.444550864881505,12.499747212002863,12.232258966354829,12.270471572875977,23211000
2008-04-15,12.300193164563854,12.312930970899915,12.028459774696293,12.25348949432373,23663800
2008-04-16,12.644105326723258,12.87338014802303,12.610138656537021,12.758742332458496,26748600
2008-04-17,12.771480206366318,12.822430616835199,12.542205383829613,12.779972076416016,19876800
2008-04-18,13.009246735290375,13.064443080089708,12.784217850609485,12.907346725463867,34252400
2008-04-21,12.881872933159384,13.13662338256836,12.873381062552236,13.13662338256836,25566000
2008-04-22,12.903100883207324,12.903100883207324,12.576171986350785,12.758742332458496,29701600
2008-04-23,12.779971904533882,13.179080883379571,12.741759299653483,12.992263793945312,41160600
2008-04-24,12.958298849233822,13.323440396950629,12.856398825929407,13.119640350341797,18321600
2008-04-25,13.208805995496641,13.230034867540953,12.907350991524154,13.14511775970459,15077200
2008-04-28,13.123886884402728,13.196066172097172,13.043215725254953,13.128132820129395,9459200
2008-04-29,13.140870791464689,13.259753753978664,13.106904115056489,13.166345596313477,10547000
2008-04-30,13.225787032705465,13.238524840001372,12.860645465013326,12.979528427124023,24176800
2008-05-01,12.99226557662065,13.548470176443507,12.949807030946747,13.429586410522461,29443200
2008-05-02,13.586682663035404,13.680091624634585,13.285228530167416,13.497520446777344,17311800
2008-05-05,13.429584755166493,13.578189241793181,13.280981078369107,13.404109954833984,13419000
2008-05-06,13.327685948468424,13.599419336117318,13.255506666145516,13.501765251159668,11527400
2008-05-07,13.506011630769605,13.705565742658726,13.370144932476638,13.429586410522461,15872400
2008-05-08,13.421094807905812,13.616402976366764,13.336177719983173,13.484782218933105,12098200
2008-05-09,13.387128487001073,13.565453728467963,13.28947359037132,13.476290702819824,9586000
2008-05-12,13.53573144240939,13.646123329666418,13.399864753425152,13.620649337768555,8662200
2008-05-13,13.607909727831544,13.709810546953177,13.578188993016603,13.637630462646484,10290800
2008-05-14,13.663106751889588,14.015510462076133,13.663106751889588,13.790481567382812,34613400
2008-05-15,13.820204646417144,14.176855162051215,13.773500161565467,14.074955940246582,24292400
2008-05-16,14.125904715509082,14.155625455082166,13.879645308007708,14.130149841308594,19141000
2008-05-19,14.23204935927826,14.448586387502809,14.117411537397494,14.138640403747559,20853200
2008-05-20,13.998529288029935,14.05797076463714,13.748024765429024,13.875399589538574,25717600
2008-05-21,13.803219504890663,13.896628465133448,13.616403204063856,13.70981216430664,20957000
2008-05-22,13.697073227286511,13.858415531292374,13.654615493439103,13.714056968688965,12669800
2008-05-23,13.646123329666418,13.701319678209604,13.408356623944004,13.620649337768555,17713800
2008-05-27,13.573945738577134,13.89238444401455,13.573945738577134,13.832942962646484,17921400
2008-05-28,13.922104069632454,13.93908781142273,13.709812156230281,13.875399589538574,14327400
2008-05-29,13.841432139432138,13.947578096389925,13.7862374079684,13.871152877807617,18103800
2008-05-30,13.9857923160248,14.028251675492005,13.862664222717285,13.862664222717285,13826600
2008-06-02,13.917858831180771,13.94333444662432,13.629141668122983,13.820204734802246,14397200
2008-06-03,13.81595698860029,13.896627326051075,13.531485815398232,13.671598434448242,33783600
2008-06-04,13.650372050228892,13.977300204394707,13.616404563237733,13.926350593566895,25808200
2008-06-05,13.981546124848046,14.091937211735713,13.820203810480999,13.968809127807617,29999200
2008-06-06,13.930597556457741,14.057972395342597,13.49752180852207,13.63338851928711,27998400
2008-06-09,13.641880505077314,13.726797604929262,13.280984045450761,13.60791301727295,38346200
2008-06-10,13.421095071815099,13.548469896374357,13.28098244086816,13.416849136352539,33508800
2008-06-11,13.32344251659676,13.38288481368648,12.95405497458052,13.0347261428833,54197200
2008-06-12,13.034723205714084,13.297964712688643,12.97103498676698,13.055952072143555,35066800
2008-06-13,13.08567395456076,13.489028930664062,13.08567395456076,13.489028930664062,23373600
2008-06-16,13.382882279205546,13.718303887689785,13.353161541204031,13.586682319641113,30811600
2008-06-17,13.663108681774794,13.688584296335279,13.416850076496214,13.459308624267578,18398200
2008-06-18,13.37439193676805,13.387129744436914,13.123887388086672,13.200312614440918,26034600
2008-06-19,13.128130477939694,13.633385401658272,13.072934942999346,13.450814247131348,38100600
2008-06-20,13.33617721762458,13.395618691033714,13.123885315644145,13.204556465148926,32380400
2008-06-23,13.268243012025259,13.336176351460486,12.99226371934099,13.013492584228516,21071000
2008-06-24,12.988020963524335,13.323441807859325,12.958300221475225,13.089920997619629,21132200
2008-06-25,13.17908105279489,13.480535150916213,13.17908105279489,13.280981063842773,26970200
2008-06-26,13.094164966519749,13.132377574793646,12.648352283096756,12.73751449584961,41437000
2008-06-27,12.682319142567103,12.775727292038681,12.444551618736837,12.690810203552246,22515800
2008-06-30,12.567681235772934,12.775727210423323,12.52097675642082,12.588910102844238,24839400
2008-07-01,12.397849859683785,12.55494544481722,12.20254084999553,12.482766151428223,34337600
2008-07-02,12.525223349012382,12.644107116406003,12.1813106634697,12.261981010437012,36841800
2008-07-03,12.23650697619794,12.261981781588169,11.960527623286978,12.18555736541748,17383000
2008-07-07,12.287456368218516,12.516731217196789,12.036951841667648,12.164326667785645,26167200
2008-07-08,12.151588627991806,12.346896785918272,12.036950808428363,12.270471572875977,41041200
2008-07-09,12.228015472626483,12.27471995877266,11.646336008030827,11.78220272064209,36954800
2008-07-10,11.828906045980396,12.049689027392825,11.701530408034996,11.99449348449707,36796200
2008-07-11,11.816168491293976,12.194047857950988,11.701530657646536,11.969018936157227,32570200
2008-07-14,12.134604275871425,12.189799810381894,11.760970909618534,11.888345718383789,16007000
2008-07-15,11.752480987101572,12.219523379677346,11.72700618309327,12.032706260681152,35979000
2008-07-16,12.15583476389864,12.419077096281507,11.952034718728973,12.291702270507812,25862800
2008-07-17,12.503995624173438,12.746008306863462,12.26198213165393,12.652599334716797,32808000
2008-07-18,12.563434870844862,12.656843016526066,12.334159227132808,12.618630409240723,18688800
2008-07-21,12.665335845022184,12.699302519641854,12.410585380459949,12.495502471923828,17461600
2008-07-22,11.952035028208652,11.977509832057144,11.671809756387006,11.930806159973145,30449400
2008-07-23,11.930806234818524,12.172818897470943,11.86711881988306,12.032706260681152,23545600
2008-07-24,11.90957572968764,11.918067600377254,11.60387567332582,11.676054954528809,20686600
2008-07-25,11.693039473140864,11.73549720975236,11.548680901139415,11.680301666259766,21742600
2008-07-28,11.663317781487082,11.714268198560585,11.5019762787749,11.557171821594238,16948000
2008-07-29,11.540189180179969,11.82041445657834,11.535943244497638,11.76097297668457,21598800
2008-07-30,11.879854810226455,11.994492633293078,11.735496250030561,11.845888137817383,21233400
2008-07-31,11.824660046029699,12.096393443106942,11.743988890086367,11.85013484954834,20445200
2008-08-01,11.824659170347248,11.986000660456266,11.629350198289655,11.82890510559082,19336600
2008-08-04,11.86711814964668,11.998738907723494,11.790692932108731,11.922313690185547,13833800
2008-08-05,11.994494300417106,12.228015104458043,11.939298753766698,12.18555736541748,16833600
2008-08-06,12.244998689243573,12.325669850068179,11.964773404094363,12.228014945983887,17593800
2008-08-07,12.16008051625582,12.712039975897218,12.126113842572455,12.461535453796387,32653800
2008-08-08,12.508240131765378,12.775728417174301,12.406340102505128,12.729023933410645,16904400
2008-08-11,12.707793238483056,13.094164430933876,12.699301368140782,12.873380661010742,20704000
2008-08-12,12.86064306043669,12.992263805233936,12.835167450608095,12.907346725463867,14667400
2008-08-13,12.983771935291072,13.11963861505975,12.813938585580223,12.907346725463867,20552000
2008-08-14,12.805446784079614,13.009246804821897,12.762988243967646,12.928576469421387,20554200
2008-08-15,12.966789005234633,13.026230475176106,12.805446715637357,12.907346725463867,15114400
2008-08-18,12.941313488395503,12.988017963587563,12.597400851531196,12.758742332458496,25615000
2008-08-19,12.656843625018388,12.690810298701752,12.436060650991209,12.461535453796387,20515000
2008-08-20,12.554943635485014,12.554943635485014,12.278964309886211,12.334159851074219,20803400
2008-08-21,12.236505407669675,12.334159490672384,12.181309868094472,12.219522476196289,11527000
2008-08-22,12.312932870814915,12.431816652140716,12.291704000141864,12.376620292663574,9603600
2008-08-25,12.325668429850369,12.389355840076945,12.181309868094472,12.219522476196289,16520600
2008-08-26,12.14734130178936,12.198290898096849,12.04544129934515,12.177062034606934,8501400
2008-08-27,12.126114915914124,12.338406847683492,12.113377918298811,12.228014945983887,8856400
2008-08-28,12.29594610819021,12.40633799021766,12.266225372611531,12.380863189697266,11113800
2008-08-29,12.261980844846939,12.287456458120447,12.019968187554408,12.100639343261719,18377000
2008-09-02,12.291701527838015,12.385109673773005,11.888346587543204,11.952033996582031,23561200
2008-09-03,11.884100574202947,11.960525788479066,11.425550098375576,11.476500511169434,34133800
2008-09-04,11.353372629164216,11.442535663309652,11.047672533157293,11.10286808013916,28942600
2008-09-05,11.000966994439056,11.336388609586653,10.983984062313402,11.251471519470215,41342600
2008-09-08,11.552925571454155,11.552925571454155,11.073146202126948,11.272700309753418,33904800
2008-09-09,11.21750551463067,11.238734383511607,10.877838753559038,10.924542427062988,29275400
2008-09-10,11.14107992879893,11.14107992879893,10.890575396965042,10.93303394317627,23295000
2008-09-11,10.805660804967193,11.017952759407967,10.720743699259069,10.979740142822266,39337200
2008-09-12,10.894821332569107,10.988229486370278,10.69951315375864,10.93303394317627,24720200
2008-09-15,10.614595143358844,10.996720406553894,10.614595143358844,10.724987030029297,28372800
2008-09-16,10.499958241055847,11.00096730527431,10.470237501624144,10.890575408935547,53559200
2008-09-17,10.746216183465158,10.966999962704215,10.406549453735352,10.406549453735352,44182200
2008-09-18,10.631580715948338,11.056164594831333,10.253700513058426,10.975493431091309,58368000
2008-09-19,11.455271563954396,11.705776088985555,10.92454177530014,11.251471519470215,42444000
2008-09-22,11.102868009775507,11.107113945644045,10.606104850769043,10.606104850769043,17642000
2008-09-23,10.635824366784194,10.848116276778523,10.461745065375192,10.550908088684082,23533400
2008-09-24,10.614594546231357,10.729232361689686,10.508448600769043,10.508448600769043,14432200
2008-09-25,10.665545648158645,10.907558289937272,10.559399695811573,10.784428596496582,20242800
2008-09-26,10.499959130417384,10.975493431091309,10.499959130417384,10.975493431091309,21762800
2008-09-29,10.758954676722663,10.76744654796565,9.956491470336914,9.956491470336914,26120400
2008-09-30,10.270682917000206,10.487220764160156,10.151799154884143,10.487220764160156,13085200
2008-10-01,10.385319090211588,10.43202356614692,10.164536135402084,10.296156883239746,22982600
2008-10-02,10.223978061006301,10.223978061006301,9.807886123657227,9.807886123657227,21980600
2008-10-03,9.943753805341226,10.228225017404565,9.722970008850098,9.722970008850098,23978400
2008-10-06,9.548889235208529,9.693247787011856,9.073355849127584,9.527660369873047,36145600
2008-10-07,9.616823983865162,9.689003270333009,8.895031929016113,8.895031929016113,28852400
2008-10-08,8.67849340142093,9.370564663232509,8.674247466093329,8.950226783752441,43463200
2008-10-09,9.141290289856176,9.306877726918101,8.670001972274516,8.7124605178833,36364400
2008-10-10,8.364301342643863,9.111568132173396,8.181730175606893,8.619050979614258,62730600
2008-10-13,9.060618800967717,9.446990013122559,8.810114281900812,9.446990013122559,28986400
2008-10-14,9.667772425577313,9.667772425577313,8.703967094421387,8.703967094421387,38196400
2008-10-15,8.754920084410966,8.920507540782188,8.109552383422852,8.109552383422852,45473800
2008-10-16,8.1944676775735,8.538381166413322,7.8123423886919845,8.483184814453125,35877600
2008-10-17,8.326090909264039,8.712462210699394,8.292124228143225,8.343073844909668,28701200
2008-10-20,8.44072589779925,8.623297068079864,8.44072589779925,8.576593399047852,25435200
2008-10-21,8.300613568781413,8.461955878001012,8.215697288513184,8.215697288513184,21279400
2008-10-22,8.168991717659017,8.283629531041246,7.7274250136438365,7.833570957183838,24581000
2008-10-23,7.837816087447623,8.037370979725246,7.51088719659894,7.791112422943115,39992200
2008-10-24,7.22641603533085,7.999158375239288,7.22641603533085,7.791112422943115,37358200
2008-10-27,7.655246637395753,8.109551199451849,7.553346616826763,7.761392593383789,46195800
2008-10-28,8.003406399505522,8.597823676932485,7.808097391165101,8.58508586883545,49783400
2008-10-29,8.470448012450774,8.48743094510092,8.152010129423743,8.19022274017334,29904000
2008-10-30,8.444972951402564,8.665756759109296,8.300614370196582,8.653018951416016,26029200
2008-10-31,8.546872518015434,8.924752694042855,8.440726555840318,8.810114860534668,24088600
2008-11-03,8.801622303024958,8.865309713399057,8.576593399047852,8.576593399047852,13615600
2008-11-04,8.822852488233446,8.95871918748376,8.703968721474716,8.93748950958252,19855800
2008-11-05,8.831340780424137,8.831340780424137,8.394020080566406,8.394020080566406,26675200
2008-11-06,8.241172206244158,8.389776711067363,7.621280193328857,7.621280193328857,27506200
2008-11-07,7.867537933847248,8.011896487483293,7.808095652460497,8.00340461730957,17009400
2008-11-10,8.130781226326754,8.139273098375954,7.680722535502499,7.6849684715271,16324200
2008-11-11,7.604296384881222,7.795359433678998,7.498150426622321,7.600050449371338,19222400
2008-11-12,7.476920886137047,7.617033506038437,7.281611919403076,7.281611919403076,18613800
2008-11-13,7.205187506516426,7.960947036743165,7.056583809694081,7.960947036743164,47844200
2008-11-14,7.697704935173126,7.718934613821747,6.895241708332259,7.2603840827941895,28392200
2008-11-17,7.192449885843538,7.375021051626933,7.111778736114502,7.111778736114502,29528200
2008-11-18,7.196696486091408,7.239154222665396,6.780604108048064,6.984404563903809,25064800
2008-11-19,6.997140862250956,7.0735660761798265,6.402723701446556,6.487640380859375,22805400
2008-11-20,6.449429083757807,6.806080019555891,6.241383075714111,6.241383075714111,47475000
2008-11-21,6.364510750131036,6.572556704664808,6.135235525663999,6.474902629852295,34344400
2008-11-24,6.657474809375844,6.984404563903809,6.585295523438884,6.984404563903809,23310400
2008-11-25,6.963175197809092,7.026862615353339,6.589541754341247,6.789095878601074,20999800
2008-11-26,6.610770577368305,7.196696758270264,6.606525046499164,7.196696758270264,21043200
2008-11-28,7.0523376246919405,7.209433187156916,7.005633144582654,7.060828685760498,4973000
2008-12-01,6.899487684060528,6.9292084245114625,6.538591243236089,6.59378719329834,15443400
2008-12-02,6.623507883498533,6.725407905111816,6.453674109228367,6.7084245681762695,1077400
2008-12-03,6.576803578963308,7.052337835693669,6.4961328275927155,7.005633354187012,19802000
2008-12-04,6.9207158945090095,7.060828521752979,6.6065243719623465,6.71267032623291,19693600
2008-12-05,6.606525044059741,6.920716598569854,6.398478644789227,6.882503986358643,24748600
2008-12-08,7.0013875489649315,7.11177944650817,6.895241587076749,7.0947957038879395,15516000
2008-12-09,6.874011288115633,7.612786931935035,6.852781614258342,7.4004950523376465,62488200
2008-12-10,7.408988968007021,7.689214261678523,7.239154769562919,7.366530418395996,32148400
2008-12-11,7.362284110819266,7.532117490861058,7.20518772813721,7.2603840827941895,19999400
2008-12-12,7.082058871296966,7.727426528930664,7.0438462593430335,7.727426528930664,19642800
2008-12-15,7.612787903642528,7.646754576320496,7.3070870397114565,7.4429545402526855,15436000
2008-12-16,7.897259712219238,7.986421931326558,7.485412862544229,7.897259712219238,31328800
2008-12-17,7.731670138735669,7.93971690072384,7.608541265340493,7.833570957183838,20624400
2008-12-18,7.757146564982701,7.795359173466704,7.260383464520031,7.336808681488037,32024600
2008-12-19,7.366528603689145,7.617033093871265,7.366528603689145,7.468428611755371,21068600
2008-12-22,7.421726243478275,7.442955923992219,7.141500939330274,7.29859733581543,11652600
2008-12-23,7.294351160242284,7.349546708107479,7.043846607208252,7.043846607208252,10857800
2008-12-24,7.111778078184548,7.192449220450477,7.090549213823166,7.158482551574707,2861000
2008-12-26,7.154237993229327,7.188204668640369,7.082058706752187,7.0947957038879395,2205000
2008-12-29,7.111779675938645,7.166975221576197,7.0183715180022315,7.154238224029541,6285600
2008-12-30,7.166974295763701,7.47692108990845,7.166974295763701,7.434462547302246,17290000
2008-12-31,7.417479744121561,7.60854280509095,7.413233808341192,7.476922035217285,14382600
2009-01-02,7.438708643239351,7.8505546528088805,7.430216772568797,7.803850173950195,15632600
2009-01-05,7.752900722545696,7.884521481218636,7.684967375499703,7.761392593383789,14448200
2009-01-06,7.850556625139358,8.224190930219935,7.842064752335354,8.135027885437012,23516400
2009-01-07,7.909996979245122,7.918488850829707,7.625525759797089,7.672230243682861,29285400
2009-01-08,7.64675466496808,7.706196140386281,7.506642037318488,7.667983531951904,15354800
2009-01-09,7.689213302851335,7.697704363851143,7.4174791051230855,7.438708782196045,17703000
2009-01-12,7.451445591161278,7.459937461776839,7.179712210098151,7.243399620056152,13634000
2009-01-13,7.18820569767964,7.5363643729413905,7.183959761416749,7.311334609985352,36611800
2009-01-14,7.1754662959694455,7.2264167099838446,6.950437392798357,6.992895126342773,19421400
2009-01-15,6.933454131776985,7.24764607877908,6.882503714233401,7.149991989135742,31179600
2009-01-16,7.375022005976759,7.515134647411163,7.133008525472384,7.476922035217285,40424600
2009-01-20,7.408988785459528,7.42172578314838,6.96317524027222,6.975913047790527,29407600
2009-01-21,7.090549144512823,7.1414987424138126,6.79334018738311,7.1372528076171875,25032800
2009-01-22,6.988650003034469,7.094795968887333,6.780604412057114,6.946192264556885,22711400
2009-01-23,6.80183315698664,7.383512551097651,6.80183315698664,7.247645854949951,45337800
2009-01-26,7.226417978727635,7.464184729604422,7.179713491833631,7.27736759185791,27910600
2009-01-27,7.3665296972797725,7.608542353593462,7.3665296972797725,7.549100875854492,36047000
2009-01-28,7.672228983331637,7.782620866308339,7.587312710923698,7.710441589355469,30989400
2009-01-29,7.570331053214987,7.625526604973505,7.29010573850043,7.311334609985352,23167000
2009-01-30,7.379266706075237,7.447200864811266,7.1499918559727105,7.183958530426025,15277400
2009-02-02,7.086304420761031,7.4472008418585744,7.039599939845644,7.392004489898682,35252400
2009-02-03,7.379266123640274,7.502395814958464,7.209432764778404,7.455691337585449,22515600
2009-02-04,7.502396087767975,7.880275426205124,7.447200547816793,7.587313175201416,56850000
2009-02-05,7.489657109162626,7.965191266649902,7.46418231085254,7.863291263580322,44036200
2009-02-06,7.8930137731609165,8.139272371798253,7.842063355243452,8.02038860321045,28463000
2009-02-09,8.050108909606934,8.13078006287191,7.935471892664403,8.050108909606934,26076600
2009-02-10,7.969439706539395,8.160501968669465,7.625526177012185,7.6849684715271,29443800
2009-02-11,7.689213430227517,7.701950426852913,7.430217034452622,7.570329666137695,27585800
2009-02-12,7.434462320833257,7.655246087796516,7.370774913778671,7.6170334815979,44014400
2009-02-13,7.59155979371836,7.85055623247938,7.570330922599712,7.689214706420898,30826400
2009-02-17,7.455691741969511,7.47692141912204,7.1754664821911485,7.188204288482666,28040400
2009-02-18,7.251891521441739,7.404741953852975,7.103287024356299,7.192450046539307,21584600
2009-02-19,7.2731197945247565,7.294349469420726,6.848536014556885,6.848536014556885,34996000
2009-02-20,6.789095053953876,7.0650743696763545,6.7381450451242495,6.920715808868408,40437200
2009-02-23,7.018370802844423,7.018370802844423,6.644736589512444,6.648982524871826,24879600
2009-02-24,6.721161069294199,7.031107028076789,6.716915134400417,6.967419624328613,25764200
2009-02-25,6.9631749557831295,7.404742547090215,6.895241604786566,7.209433555603027,46581200
2009-02-26,7.277366705848697,7.519379363326555,7.0565837261150195,7.09904146194458,47904800
2009-02-27,6.954682518289314,7.149991493876925,6.916470720065211,6.992895126342773,39081600
2009-03-02,6.8612757672763145,7.018372166785907,6.644737880842318,6.682950496673584,48440800
2009-03-03,6.789094700380513,6.895240647809532,6.64049061692868,6.763619899749756,39496600
2009-03-04,6.861274599837237,7.1669746646432735,6.8527827289130565,7.052337646484375,37401600
2009-03-05,6.980157429009959,7.188203379829613,6.933452955007635,6.967419624328613,57472400
2009-03-06,7.0438457953132625,7.149991752675031,6.6489827043547844,6.844291687011719,63099600
2009-03-09,6.8230617287651265,7.069320307313828,6.746636917952732,6.755128383636475,27059000
2009-03-10,6.8740124723952825,7.319825172424316,6.848536859377504,7.319825172424316,35240400
2009-03-11,7.375021073551166,7.464183284177786,7.281612117851649,7.434462547302246,33650400
2009-03-12,7.438709850906716,7.7019514057960095,7.33256387978018,7.6849684715271,36225400
2009-03-13,7.676477077191936,7.799606800079346,7.566085163171012,7.799606800079346,26095800
2009-03-16,7.820834455001086,7.85904706582624,7.506642506972698,7.544855117797852,31116600
2009-03-17,7.5830678288578754,7.850555298340255,7.493904799144132,7.8420634269714355,34333600
2009-03-18,7.837816890496278,8.139271822346561,7.7868672858476495,8.075584411621094,43894600
2009-03-19,8.168991966423665,8.17748383652449,7.897258601831722,7.982174873352051,46637600
2009-03-20,7.9906666996146685,8.10530451585896,7.600049585242093,7.701949596405029,52250800
2009-03-23,7.850553689654736,8.207204115768322,7.842061820026017,8.181729316711426,28243000
2009-03-24,8.088322292499509,8.13502677672669,7.914242972890231,7.973685264587402,27216400
2009-03-25,7.982174996071111,8.27938397553486,7.808095705474416,7.99066686630249,47303600
2009-03-26,8.130778678647168,8.415249824523926,8.105303880311272,8.415249824523926,44200000
2009-03-27,8.321843852142768,8.377039397844495,8.18173121016052,8.224189758300781,22140000
2009-03-30,8.092567231922667,8.092567231922667,7.799604984649032,7.859046459197998,23418600
2009-03-31,7.97793085739752,8.105305687303103,7.905751571163178,7.939718246459961,24355800
2009-04-01,7.8038494299940515,7.999158387650802,7.748653895556071,7.956699848175049,29480200
2009-04-02,8.139271045212903,8.427988143419778,8.079829575521824,8.279383659362793,25596800
2009-04-03,8.309104226716226,8.49167537689209,8.156253810786803,8.49167537689209,35069000
2009-04-06,8.351565978752582,8.372794851430712,8.177486631337253,8.317599296569824,28150200
2009-04-07,8.16899231221589,8.27089232825128,7.999158952156906,8.058600425720215,30129800
2009-04-08,8.109550570940474,8.236925384322486,7.99915868808905,8.168992042541504,27715800
2009-04-09,8.377039084033724,8.563856202954883,8.313351669123838,8.542627334594727,34734800
2009-04-13,8.47044928527818,8.551119644689928,8.292124011593497,8.512907028198242,24057800
2009-04-14,8.44072712333969,8.703969483557621,8.402515319430604,8.546873092651367,38555600
2009-04-15,8.338826522158195,8.39402287594625,8.207205755926518,8.372793197631836,43175800
2009-04-16,8.5171531615204,8.712462184755667,8.394024246510178,8.695478439331055,29979200
2009-04-17,8.623298274051205,8.716707244837231,8.504415307348225,8.674248695373535,28793600
2009-04-20,8.54262712479385,8.54262712479385,8.219943312701977,8.275138854980469,44780800
2009-04-21,8.249664470909156,8.46195639940469,8.101059958996395,8.287877082824707,59533800
2009-04-22,8.177485232875322,8.797377279158011,8.130780749175043,8.555364608764648,49759000
2009-04-23,8.619051692246602,8.623297627857745,8.194467849085106,8.478939056396484,41775800
2009-04-24,8.517151983059497,8.644527626631316,8.313351925139917,8.597823143005371,35295000
2009-04-27,8.444970628111529,8.640279576529833,8.385529161554725,8.436479568481445,20187800
2009-04-28,8.377037050341196,8.466200057432474,8.249662251444192,8.334578514099121,27508200
2009-04-29,8.377037569515235,8.585083519183081,8.296367236467825,8.449216842651367,22311600
2009-04-30,8.56810376373822,8.920508390232914,8.512907399805439,8.691232681274414,31923800
2009-05-01,8.682741280816568,8.750674641609743,8.504416006277099,8.657265663146973,17987400
2009-05-04,8.822850254074332,9.086091714755359,8.77614578434771,9.073354721069336,26991600
2009-05-05,9.064865306049454,9.077602303183566,8.763410353214532,8.895031929016113,32847400
2009-05-06,9.001177543843106,9.052127150073995,8.76765595082513,8.984193801879883,38355200
2009-05-07,9.090340557952572,9.098832429679918,8.427989949979333,8.551118850708008,50045000
2009-05-08,8.619051614535797,8.644527227972972,8.241172256674501,8.377038955688477,60841600
2009-05-11,8.258155573831994,8.538380828579536,8.177484421759411,8.406759262084961,37787400
2009-05-12,8.483185831454167,8.483185831454167,8.075585690403518,8.232681274414062,46850800
2009-05-13,8.156254072525513,8.249663022959604,8.024633326712099,8.0883207321167,35392000
2009-05-14,8.147765029982999,8.372793972125278,8.13078128576045,8.296369552612305,28459400
2009-05-15,8.292121016561708,8.34307061359511,8.118041742010643,8.143516540527344,37957400
2009-05-18,8.26664584369886,8.385529592754942,8.190221444122757,8.364300727844238,24711600
2009-05-19,8.351565499545213,8.631790813931211,8.266648394046015,8.512907028198242,25944000
2009-05-20,8.661509522385773,8.890785167454343,8.58083837210283,8.619050979614258,34605400
2009-05-21,8.512905037008245,8.580838381586007,8.283630201515635,8.411005020141602,27575200
2009-05-22,8.48318499200763,8.542627280734239,8.313351616708912,8.478939056396484,13989000
2009-05-26,8.33882480107103,8.73368782809795,8.33882480107103,8.703967094421387,29428000
2009-05-27,8.674247578343559,8.975701702039917,8.644526840495114,8.759163856506348,24795000
2009-05-28,8.814360856841487,8.975702364132701,8.597822995335001,8.954473495483398,43824200
2009-05-29,8.96721112476315,8.971456250545291,8.720952528098836,8.958719253540039,37974800
2009-06-01,9.098831998124814,9.463974366787484,9.086094191137944,9.413023948669434,43256200
2009-06-02,9.319614874338221,9.374810412844875,9.094585165409432,9.120059967041016,37826800
2009-06-03,8.954473217135085,9.064865112304688,8.91626060689063,9.064865112304688,32028400
2009-06-04,9.111568507431048,9.247436011861433,9.018160357350203,9.175256729125977,17148200
2009-06-05,9.234697424130715,9.255926289679751,8.907767711767972,8.962964057922363,25841600
2009-06-08,8.962965177157313,9.077602199198246,8.835589538469351,9.001177787780762,16279000
2009-06-09,9.238943782928855,9.455481622743127,9.175256373531564,9.349335670471191,34393800
2009-06-10,9.42576124332928,9.434252304362914,9.171010786244551,9.34084415435791,34757800
2009-06-11,9.362071286992082,9.455480229518763,9.251680225544742,9.336596488952637,33347800
2009-06-12,9.28989517158161,9.28989517158161,9.043636547384946,9.183749198913574,26090000
2009-06-15,9.111569726393222,9.158274212596545,8.91626152923294,9.107324600219727,32610600
2009-06-16,9.137043785976138,9.162518587825083,8.907768139847585,8.933243751525879,20866600
2009-06-17,8.988439213810269,9.19223924652162,8.869555456480644,9.120059967041016,38541000
2009-06-18,9.098830671242506,9.137043276801146,8.928997318664834,8.941734313964844,24288800
2009-06-19,9.035144472475444,9.124306690806046,8.988439990590228,9.08184814453125,23479200
2009-06-22,9.047881589054692,9.120060875726947,8.776148185031808,8.810114860534668,29491400
2009-06-23,8.784641105417766,8.831344783668115,8.631790642486935,8.746428489685059,27945600
2009-06-24,8.801624417932834,9.013916376743541,8.801624417932834,8.92475414276123,17367600
2009-06-25,8.865310711486117,9.086094514813661,8.82709890882313,9.052127838134766,17863000
2009-06-26,9.00966858346151,9.196485695463505,8.992685651368268,9.069110870361328,20186400
2009-06-29,9.107321387280733,9.179500654208603,9.026650251342714,9.073354721069336,13662400
2009-06-30,9.107324600219727,9.230453504988278,8.975703013615725,9.107324600219727,13931200
2009-07-01,9.162518836201988,9.396039614111173,9.128552162872845,9.238944053649902,23690800
2009-07-02,9.132796990102356,9.213468133156521,9.077600646496617,9.158271789550781,15612600
2009-07-06,9.120060999222845,9.234698834283359,8.950227619408809,9.098832130432129,23740400
2009-07-07,9.128552037323379,9.234697991245744,8.831343042409014,8.865309715270996,25648600
2009-07-08,8.878048564429916,8.895032307771135,8.61056108544133,8.720952987670898,32130200
2009-07-09,8.797376864606514,8.975702109624255,8.797376864606514,8.856819152832031,19194200
2009-07-10,8.844081015282447,9.001177386376455,8.776147668276762,8.903522491455078,20050000
2009-07-13,8.933245273244871,9.12430753440217,8.784640752458426,9.107324600219727,26699800
2009-07-14,9.132799552444963,9.26866626739502,9.107324745849201,9.26866626739502,26494600
2009-07-15,9.616824046286604,9.739953751578382,9.578611434977393,9.722970008850098,36004800
2009-07-16,9.616821999127025,9.96073461787087,9.612576064348797,9.935259819030762,26977800
2009-07-17,9.948000969144559,10.079621752220174,9.78241350624848,10.049901008605957,21501600
2009-07-20,10.134816016684125,10.181519685633154,10.00319445100492,10.177273750305176,23668000
2009-07-21,10.130570344916814,10.139061405964314,9.909786561094178,10.10934066772461,30495000
2009-07-22,10.109340986507735,10.40230406236326,10.096603989620151,10.351353645324707,30900800
2009-07-23,10.317387685701133,10.580630040625785,10.24096326959023,10.525434494018555,25524600
2009-07-24,10.347109857828636,10.529680252075195,10.257946818936587,10.529680252075195,19405800
2009-07-27,10.453255831377096,10.555155868804073,10.342863921707158,10.529680252075195,24411400
2009-07-28,10.482973540344485,10.618840217590332,10.376827597517508,10.618840217590332,23191600
2009-07-29,10.50844894762058,10.576382290172388,10.40654893379287,10.542415618896484,24381800
2009-07-30,10.682527631169519,10.852360977883405,10.533923149108887,10.533923149108887,43065000
2009-07-31,10.521187341199814,10.70375770337068,10.521187341199814,10.593366622924805,19922000
2009-08-03,10.712249999583651,10.78018334863126,10.580629237032584,10.729233741760254,17454000
2009-08-04,10.648561815424419,10.784428503686717,10.601857337648251,10.724987030029297,16209000
2009-08-05,10.72498887035188,10.79292222613985,10.538171737020217,10.623088836669922,18188200
2009-08-06,10.614596732508689,10.741971569367008,10.415042605476133,10.482975959777832,30449600
2009-08-07,10.606103041140912,10.627332716861364,10.36409040673302,10.457498550415039,29376400
2009-08-10,10.449007751510344,10.495711419605753,10.287665451313563,10.389565467834473,26667200
2009-08-11,10.36833729884624,10.444762518835061,10.240962472084474,10.291912078857422,16927400
2009-08-12,10.291912826000265,10.525434438455237,10.291912826000265,10.381075859069824,34986200
2009-08-13,10.51694286702253,10.66130145052934,10.402305025444274,10.623088836669922,16304800
2009-08-14,10.567892016830452,10.59761275745936,10.321633410410211,10.42353343963623,32636800
2009-08-17,10.228224342644706,10.266436951433018,10.122078387083702,10.173027992248535,21503800
2009-08-18,10.185766458951889,10.385320576808118,10.185766458951889,10.325879096984863,18305600
2009-08-19,10.190012640555283,10.44051718275529,10.17727483321599,10.42353343963623,17137600
2009-08-20,10.368338311925907,10.474484281208593,10.342863506050318,10.436271667480469,12367200
2009-08-21,10.499957062896565,10.648561553210163,10.368336313112211,10.62733268737793,24348800
2009-08-24,10.669791578602656,10.767446477600002,10.478729335860532,10.53817081451416,23736000
2009-08-25,10.555153770466283,10.665545658190593,10.470236684577014,10.576382637023926,22255400
2009-08-26,10.6103499873023,10.708004075433472,10.572137377193684,10.686775207519531,18417600
2009-08-27,10.678282805002636,10.70800354253482,10.499957569980166,10.699512481689453,18558200
2009-08-28,10.979737722152,11.111358478134973,10.81414948351086,10.90755844116211,30906200
2009-08-31,10.797168375703874,10.839626926368677,10.695268340006047,10.805660247802734,13561800
2009-09-01,10.775936201758553,11.005211836393292,10.516940641314394,10.546661376953125,31047200
2009-09-02,10.482974330790215,10.635823949302445,10.444761723704824,10.495711326599121,12435600
2009-09-03,10.533925639511473,10.60610493015797,10.444763415093165,10.58487606048584,16278200
2009-09-04,10.631580316597498,10.83962631225586,10.614596573361982,10.83962631225586,14343800
2009-09-08,10.962754416078594,11.022195893431684,10.814149912866474,11.000967025756836,19417000
2009-09-09,10.996719628948433,11.136832242539883,10.899065554893937,11.09437370300293,21590000
2009-09-10,11.094376208348267,11.17504737070281,11.017951791718637,11.10286808013916,24393600
2009-09-11,11.124096996212085,11.136833993194866,10.865100593170071,10.93303394317627,26933200
2009-09-14,10.818395343067559,10.96275390403621,10.818395343067559,10.928787231445312,16038200
2009-09-15,11.030688899045705,11.073147448592064,10.928788866032125,10.996722221374512,19644000
2009-09-16,11.043426722288674,11.060409656233261,10.882084395752969,10.954263687133789,26905800
2009-09-17,10.882083293644348,10.967000384255536,10.682529183486261,10.750462532043457,38522000
2009-09-18,10.780184118885856,10.916050826688881,10.72923450837445,10.856609344482422,20022200
2009-09-21,10.797168054245477,10.886330279140436,10.73772657098217,10.809905052185059,16666800
2009-09-22,10.869346540721304,10.958508759016414,10.767446515600001,10.890575408935547,22352800
2009-09-23,10.988228865050212,11.221750451092976,10.988228865050212,11.009458541870117,33952600
2009-09-24,11.085885548429138,11.085885548429138,10.71225127437427,10.805660247802734,32058200
2009-09-25,10.720742311709603,10.865100886831849,10.669791892913162,10.780183792114258,21955000
2009-09-28,10.835380704893714,11.085885256404815,10.826888833018547,10.996722221374512,12311800
2009-09-29,11.017949808342218,11.081637215650403,10.809903036063854,10.835378646850586,21381800
2009-09-30,10.911803852288351,11.030686796563339,10.724986755789958,10.877837181091309,35737600
2009-10-01,10.87359298206776,10.920296656277193,10.42353350456269,10.44476318359375,52995000
2009-10-02,10.38107543824186,10.516942140431084,10.321633148662007,10.368337631225586,42066400
2009-10-05,10.427779603264288,10.542417442334452,10.342863315301894,10.482975959777832,19721000
2009-10-06,10.580628646157871,10.797166487840604,10.580628646157871,10.720741271972656,28985000
2009-10-07,10.69526654635209,10.758953956753823,10.614595394600903,10.699512481689453,22741800
2009-10-08,10.708002771470246,10.741969441893914,10.508448683959859,10.652807235717773,41665800
2009-10-09,10.606103354561908,11.022195293026826,10.606103354561908,10.992474555969238,55574600
2009-10-12,11.039181062322033,11.306668554814859,11.039181062322033,11.158064842224121,40653000
2009-10-13,11.175046655816638,11.255717813010516,11.098621434246589,11.119851112365723,39016600
2009-10-14,11.42130445231037,11.42979632296256,11.158062940727403,11.2811918258667,49173400
2009-10-15,11.238732500507174,11.242978435537859,11.077391018487624,11.111357688903809,26289000
2009-10-16,10.988230281224528,11.043426638240678,10.788676152374874,10.894822120666504,40016000
2009-10-19,10.958509577494587,11.124097839285032,10.882084350488146,11.081639289855957,28961200
2009-10-20,11.187784060092884,11.22599666950282,10.996721013043212,11.022195816040039,32623600
2009-10-21,11.039181061714906,11.158064841610454,10.758955761088503,10.805660247802734,37519600
2009-10-22,10.826887544800066,11.02644165114604,10.686774914848769,11.005212783813477,32351000
2009-10-23,11.068899685921908,11.073145621158773,10.708003289081839,10.724987030029297,36106400
2009-10-26,10.733480295828256,10.954263288041052,10.657055071288292,10.775938034057617,36108400
2009-10-27,10.826887321472169,10.95426214249892,10.606103542518396,10.614595413208008,35075400
2009-10-28,10.576384245586437,10.71225095580976,10.330125630849299,10.334371566772461,39977200
2009-10-29,10.415040629197614,10.589119917792445,10.415040629197614,10.546661376953125,22196200
2009-10-30,10.567890508601453,10.576382378949038,10.215485987469922,10.270682334899902,33922800
2009-11-02,10.262192726135254,10.372584635494064,10.139063008447906,10.262192726135254,28154400
2009-11-03,10.092357901958993,10.164537185942072,9.994703814755239,10.147553443908691,41797600
2009-11-04,10.266437197558238,10.36409128465645,10.17302823613439,10.190011978149414,36448400
2009-11-05,10.330124929995492,10.51694204879257,10.26219157949281,10.432024955749512,32918600
2009-11-06,10.389565712334178,10.576382818600255,10.351353104010906,10.406549453735352,23773200
2009-11-09,10.533924755876328,10.767446351828209,10.499958081352524,10.729233741760254,25257000
2009-11-10,10.737726217902036,10.886329921173884,10.708004667418221,10.81839656829834,24358000
2009-11-11,10.911804367274039,11.068899925288534,10.882082819973254,10.950016975402832,43789400
2009-11-12,10.9245434788171,11.115606556457777,10.856610120062529,10.860856056213379,20168400
2009-11-13,10.894820635165296,11.000966588983998,10.818395418843131,10.90755844116211,18497600
2009-11-16,10.992474621333825,11.19627546633793,10.983983560573558,11.179291725158691,19216200
2009-11-17,11.13683240825879,11.187782818427149,11.030686462751568,11.175045013427734,16100200
2009-11-18,11.14107939045995,11.162309067454446,11.013704567810453,11.068900108337402,18121200
2009-11-19,10.81414949648083,10.82688730249292,10.589120592406081,10.699512481689453,43611600
2009-11-20,10.60185700136639,10.678282213547126,10.572136265480397,10.648561477661133,20278400
2009-11-23,10.763201713562012,10.860855813359425,10.72074316283242,10.763201713562012,15615400
2009-11-24,10.805657910762054,10.903311989289891,10.7759363648442,10.835378646850586,23344600
2009-11-25,10.865100605112573,10.928788019584712,10.848116862677651,10.890575408935547,12492600
2009-11-27,10.589120432896058,10.839624945221495,10.56364482125563,10.784428596496582,10993000
2009-11-30,10.792922118322458,10.822642859954112,10.665547279949811,10.809905052185059,26368800
2009-12-01,10.937279755103113,11.145325738373218,10.805658992183128,11.124096870422363,23635000
2009-12-02,11.145325572495397,11.298176010920738,11.107112962889062,11.209012985229492,26485600
2009-12-03,11.272700112855363,11.455271285283747,11.234487504215497,11.361863136291504,23884600
2009-12-04,11.493484242154864,11.633596874803064,11.323650870737254,11.518959045410156,30973400
2009-12-07,11.49348283564448,11.633595451146457,11.455270230523096,11.510466575622559,22073400
2009-12-08,11.493483450372622,11.527450122316191,11.349124892155118,11.434041976928711,20797600
2009-12-09,11.391583426456116,11.493483442214494,11.315158212179998,11.476500511169434,26758800
2009-12-10,11.50197688190213,11.574156170807294,11.438289464592739,11.442535400390625,22768400
2009-12-11,11.463762372453635,11.514712783767216,11.298174952885796,11.357616424560547,25238200
2009-12-14,11.468008035506655,11.514712510617079,11.370353960120582,11.510466575622559,31644800
2009-12-15,11.455272233390343,11.55292632585049,11.366110012403974,11.404322624206543,22172600
2009-12-16,11.421304935648893,11.60812204875616,11.378846390420506,11.48074722290039,21628400
2009-12-17,11.38733856294626,11.455271913178663,11.276946666361251,11.285438537597656,25048400
2009-12-18,11.344879990097963,11.50622230389517,11.298176318065646,11.493484497070312,30130000
2009-12-21,11.557173655267611,11.748236737320763,11.557173655267611,11.727007865905762,20616600
2009-12-22,11.765217503465983,11.828905725628575,11.727005703929567,11.752480506896973,8122200
2009-12-23,11.756727930415531,11.81192347880259,11.697285636195444,11.739744186401367,18635000
2009-12-24,11.777955301167555,11.918067932128906,11.77370936570456,11.918067932128906,7530600
2009-12-28,11.947788488994266,11.947788488994266,11.722759581680444,11.799184799194336,19352800
2009-12-29,11.828905904256278,11.828905904256278,11.693039206605883,11.748234748840332,15658200
2009-12-30,11.722759162076384,11.952033996582031,11.722759162076384,11.952033996582031,8442800
2009-12-31,11.97326533519928,12.028460881408531,11.854381561279297,11.854381561279297,10967000
2010-01-04,12.036951763984323,12.168572524767393,12.015722086548738,12.062426567077637,18905400
2010-01-05,12.07941057646067,12.11762318686135,11.922314199276832,11.99449348449707,29157800
2010-01-06,11.977509220785777,12.079410050638067,11.92231368029271,11.96477222442627,21329000
2010-01-07,11.926560950003532,11.956281691273295,11.786448305567886,11.87136459350586,28677800
2010-01-08,11.86287227375593,12.12186785580897,11.833151535637496,12.109130859375,41759000
2010-01-11,12.14309946254881,12.19404907603974,11.930807516734424,12.06667423248291,31523400
2010-01-12,11.947789144652612,11.964772887178546,11.557171974679685,11.637843132019043,37312800
2010-01-13,11.727006995286068,11.828907028206121,11.50197724977753,11.78644847869873,32893600
2010-01-14,11.799183524791742,11.811920519782117,11.650579041212866,11.803428649902344,52052200
2010-01-15,11.752479830085674,11.769462761142789,11.425550106485483,11.434041976928711,44643800
2010-01-19,11.468009592452628,11.633597030573286,11.463763656881662,11.599630355834961,30379200
2010-01-20,11.531699002353783,11.54443681127144,11.37884853466008,11.535944938659668,43078800
2010-01-21,11.557171207913553,11.710021641188368,11.37884597236939,11.468008995056152,48359000
2010-01-22,11.366109299010079,11.38733816653266,10.839625448122094,10.899066925048828,73004400
2010-01-25,10.971245152923881,11.124095575835883,10.962753282800035,11.047670364379883,40163600
2010-01-26,10.996722236739474,11.141080819501115,10.941526689132717,10.954263687133789,29294600
2010-01-27,10.979736942269758,11.15806216441205,10.907557666406705,11.111357688903809,45973000
2010-01-28,11.102866695321138,11.13258743305284,10.657054009686867,10.843871116638184,60518400
2010-01-29,10.903313442165038,10.975492729353412,10.415042174633992,10.512696266174316,55877600
2010-02-01,10.559398766862614,10.784427647751007,10.55515283196274,10.741969108581543,26750800
2010-02-02,10.797166561205914,10.920295446629197,10.733479150826328,10.865099906921387,29452600
2010-02-03,10.792921409088997,10.873592566666263,10.716496187155737,10.826888084411621,26919600
2010-02-04,10.724987316543057,10.733479187243644,10.376828716112664,10.406549453735352,47878800
2010-02-05,10.423532189335386,10.682528572028351,10.36833665047803,10.661299705505371,58818200
2010-02-08,10.648560952009202,10.826886168351695,10.525432079441131,10.618840217590332,37975800
2010-02-09,10.792921155263713,10.877838246487924,10.665546328256795,10.729233741760254,27880400
2010-02-10,10.69101880653511,10.831131409701815,10.627331406882831,10.758952140808105,24377000
2010-02-11,10.741970193444136,11.034933252488425,10.6782827831726,10.950016975402832,31574000
2010-02-12,10.886330048119955,11.192030949454141,10.771693019949092,11.064655303955078,41159600
2010-02-16,11.204767127368779,11.366109437897697,11.06890042997352,11.3109130859375,53848400
2010-02-17,11.378847036522348,11.421305584161571,11.192030722636863,11.319405555725098,35746600
2010-02-18,11.276945027360922,11.395828777903674,11.200519816999817,11.38309097290039,39493400
2010-02-19,11.323650870340318,11.472255374011539,11.25996345728962,11.395830154418945,22433800
2010-02-22,11.455271285283747,11.459517220669218,11.285437919011773,11.361863136291504,21475000
2010-02-23,11.293931045964618,11.33214365885473,11.009459822132374,11.085885047912598,35881600
2010-02-24,11.149571070075215,11.378845908878787,11.11560439729582,11.2811918258667,30822400
2010-02-25,11.090131373846196,11.276947699180502,11.005214273363702,11.26421070098877,28511200
2010-02-26,11.310913365939967,11.310913365939967,11.115605186056763,11.200521469116211,27008800
2010-03-01,11.310912451631806,11.489237684420116,11.293929520324484,11.472254753112793,22606400
2010-03-02,11.523204118588843,11.586892336705079,11.34487888948792,11.412812232971191,24307400
2010-03-03,11.421303124540845,11.50622020153208,11.298174253715747,11.332140922546387,19777800
2010-03-04,11.323653913044962,11.387341343208691,11.179295306098053,11.349128723144531,37219800
2010-03-05,11.412812292719776,11.523204178915353,11.315158212179998,11.476500511169434,29943800
2010-03-08,11.489239253041433,11.527451865986748,11.43404370647012,11.438289642333984,11412400
2010-03-09,11.357615397442359,11.493482068885813,11.302419865854421,11.378844261169434,40839000
2010-03-10,11.417060352154211,11.659073035837007,11.40432335395795,11.616615295410156,28505400
2010-03-11,11.557170418625049,11.59113708927424,11.391583000438914,11.506220817565918,33573600
2010-03-12,11.548680147043346,11.565663078613124,11.442534192786805,11.468008995056152,23718200
2010-03-15,11.434043899562822,11.455272769411184,11.315160122855357,11.391585350036621,11841000
2010-03-16,11.42979611710152,11.777954709277,11.42979611710152,11.743988037109375,44997400
2010-03-17,11.760972719530432,11.947789026491648,11.760972719530432,11.909576416015625,36218000
2010-03-18,11.884099863707855,12.113375492828885,11.739741314223343,11.824658393859863,25713800
2010-03-19,11.671808242797852,11.850133466271071,11.586891971038272,11.671808242797852,28400800
2010-03-22,11.608122527063747,11.918068543292193,11.586893658489524,11.884101867675781,22261800
2010-03-23,11.930803911729182,12.155832788006945,11.922312042103425,12.14734172821045,31856000
2010-03-24,12.07941140205313,12.07941140205313,11.824660918580285,11.87136459350586,33556400
2010-03-25,11.994493419202975,12.04544383606966,11.837397042874318,11.85013484954834,23512200
2010-03-26,11.879853859161726,11.964770938300878,11.697282705893045,11.803428649902344,21642400
2010-03-29,11.888346748465421,11.94354228775838,11.841642269951057,11.867117881774902,7788000
2010-03-30,11.9053316116333,11.973264963240185,11.786447841406538,11.9053316116333,12877000
2010-03-31,11.879854530968736,11.994492351340588,11.816167122927483,11.833150863647461,21651000
2010-04-01,11.935052722504624,12.092148299289807,11.756727466539376,11.854381561279297,23391600
2010-04-05,11.913822565743645,12.147344168386587,11.888347761578217,12.13460636138916,15572600
2010-04-06,12.079409607639919,12.087900668291734,11.973263656113485,12.036951065063477,13436400
2010-04-07,11.9944933841103,12.189801560230798,11.939297841676499,12.100639343261719,31919400
2010-04-08,12.002985021730069,12.024213889215668,11.867118326231715,11.918067932128906,24015200
2010-04-09,11.986000928812599,12.053934274572034,11.91382164771453,12.049688339233398,12488200
2010-04-12,12.06667162676414,12.295946457621936,12.06667162676414,12.20678424835205,25507000
2010-04-13,12.211032337427016,12.321424242063589,12.147344918167697,12.30444049835205,29828800
2010-04-14,12.614382662098773,12.843658272878097,12.28745379425936,12.805445671081543,45824000
2010-04-15,12.839413454203328,12.966789074539227,12.788463853932404,12.928576469421387,28930000
2010-04-16,12.835168825360293,12.852152567065122,12.622876913026198,12.754498481750488,35223600
2010-04-19,12.720531541548041,12.792710827217094,12.440306270086877,12.699302673339844,48883600
2010-04-20,12.779973121009787,12.860644273417105,12.67807310157235,12.839414596557617,18165800
2010-04-21,12.894610161630883,12.941313828220034,12.516730034828331,12.669580459594727,31515200
2010-04-22,12.550697469903529,12.864889398959635,12.359635237144346,12.839414596557617,50699000
2010-04-23,12.835169778829261,12.898857195294674,12.665336398311677,12.877628326416016,17335000
2010-04-26,12.915838595406731,13.021984540204674,12.843659320550959,12.907346725463867,22065800
2010-04-27,12.813939294337727,12.881872637979559,12.499747377536925,12.516730308532715,28606600
2010-04-28,12.593155937519217,12.673827089437927,12.36388109763099,12.571927070617676,23470800
2010-04-29,12.588908981527313,12.762988267460436,12.537959381162608,12.758742332458496,31349400
2010-04-30,12.716286206216044,12.729023202999302,12.278964563800905,12.308685302734375,39849000
2010-05-03,12.40633994787876,12.644107489685375,12.359636274526638,12.567682266235352,23741200
2010-05-04,12.385108518110638,12.385108518110638,11.969016620731468,12.121866226196289,40046400
2010-05-05,11.973264428223104,12.168572602908329,11.794939185766014,12.041197776794434,36719200
2010-05-06,11.98600310446974,12.130361692869343,10.848118141710295,11.629352569580078,47236800
2010-05-07,11.54018749478672,11.705774913067149,11.043424430116122,11.463762283325195,58108800
2010-05-10,12.019967424909883,12.083654834394007,11.854379998285292,12.053934097290039,37209200
2010-05-11,11.88410134719932,12.223768898316784,11.799185066791996,11.977509498596191,47203400
2010-05-12,12.087900643771583,12.329914093017578,12.028459170182746,12.329914093017578,28938200
2010-05-13,12.223767027388593,12.312929229643828,11.909574327499652,11.956278800964355,32558200
2010-05-14,11.837397494909641,11.841643430629789,11.451026252500032,11.654827117919922,53452200
2010-05-17,11.625105123950371,11.879855588624988,11.476501428567131,11.85013484954834,48438000
2010-05-18,11.952034381909783,11.981755119764129,11.45951721504797,11.527450561523438,56795000
2010-05-19,11.51895831985671,11.71426729205693,11.332142027979177,11.620859146118164,54490800
2010-05-20,11.315159264997392,11.544434929158669,11.115605150131751,11.327897071838379,78553600
2010-05-21,11.056164322710288,11.608123027741245,11.03918057925483,11.438289642333984,48432400
2010-05-24,11.434042943870546,11.49773035792192,11.268455505371094,11.268455505371094,33303600
2010-05-25,10.996721124229508,11.395830154418945,10.886329230354583,11.395830154418945,39770400
2010-05-26,11.489239116876476,11.654827374286858,11.281193120989562,11.315159797668457,36317600
2010-05-27,11.548679685222494,11.845887859358113,11.548679685222494,11.833150863647461,48504200
2010-05-28,11.837398036841632,11.837398036841632,11.514715005631933,11.64208984375,42030200
2010-06-01,11.578400816681082,11.782200853298002,11.43828819027828,11.446779251098633,51194200
2010-06-02,11.535943927417547,11.78644847869873,11.43828983043118,11.78644847869873,42011200
2010-06-03,11.858625750224332,11.960525765789402,11.727004998014785,11.935050964355469,36640000
2010-06-04,11.67605356624007,11.845886910692254,11.387336475756724,11.455269813537598,33887600
2010-06-07,11.51895880239123,11.57415515308083,11.068900175172239,11.090129852294922,31633800
2010-06-08,11.119851112365723,11.136834045031614,10.801413229043458,11.119851112365723,64355200
2010-06-09,11.247225072380752,11.4000755037059,10.966999821504217,11.013704299926758,41651200
2010-06-10,11.2132576220031,11.408566582906957,11.175045016822548,11.38309097290039,37514600
2010-06-11,11.255718531598474,11.531697886130969,11.251472595703577,11.49773120880127,26172800
2010-06-14,11.633597544840136,11.748235380835611,11.531697516120637,11.548681259155273,25988600
2010-06-15,11.659071839388172,12.113377227732045,11.591138489881116,12.079410552978516,41270200
2010-06-16,12.007230662946073,12.177064028157108,11.892592837742612,12.11337661743164,37272800
2010-06-17,12.189799564142715,12.211029238394264,11.930804016907945,12.121866226196289,23117800
2010-06-18,12.11337499354043,12.202537194637333,12.019966047824527,12.083653450012207,19586600
2010-06-21,12.253489965753266,12.270472898358683,11.913822405521374,11.973264694213867,23204000
2010-06-22,12.045443847811379,12.155834933109563,11.765217769515559,11.807676315307617,29163400
2010-06-23,11.81192118774749,11.981754545800605,11.65907076058502,11.833150863647461,39758600
2010-06-24,11.773710467362733,11.794940146664162,11.506222986800399,11.561418533325195,29677600
2010-06-25,11.603878299894749,11.61237017250652,11.344881854042539,11.535944938659668,27765400
2010-06-28,11.544433931336744,11.722759162550275,11.47650058704867,11.620859146118164,24580200
2010-06-29,11.400075931316204,11.404321866771092,11.11985066992858,11.19202995300293,37537200
2010-06-30,11.1792920873945,11.327896588210573,10.967000174751362,11.005212783813477,22933400
2010-07-01,10.988229052361532,11.102866879655101,10.703757856760477,10.962754249572754,51407800
2010-07-02,10.98822896164346,11.03068750582714,10.729233380798812,10.903312683105469,31987600
2010-07-06,11.111358648699822,11.170800124605355,10.835379326500647,10.945771217346191,22603800
2010-07-07,10.962753856623522,11.484991749135947,10.928787184179527,11.472254753112793,35105800
2010-07-08,11.569910235009408,11.569910235009408,11.26421014602666,11.442535400390625,29529400
2010-07-09,11.446779323407796,11.591137886047363,11.395829718846397,11.591137886047363,10880400
2010-07-12,11.582646972454706,11.748234404128855,11.56141729542637,11.71426773071289,23955000
2010-07-13,11.888347778053909,12.036952287245468,11.80767661995059,11.969018936157227,26561400
2010-07-14,12.202539560568823,12.270472910717743,11.862872809824225,11.930806159973145,33569800
2010-07-15,11.913822063166247,11.994493217754702,11.727005760727934,11.939297676086426,25489000
2010-07-16,11.875610106561531,11.93080646109401,11.633597439319185,11.654827117919922,22169000
2010-07-19,11.69728244422993,11.973262540343981,11.69728244422993,11.956278800964355,29684000
2010-07-20,11.582647722808794,11.913822607611463,11.501976564533777,11.884101867675781,33948800
2010-07-21,11.952033659601529,11.952033659601529,11.642087683809795,11.667562484741211,37267000
2010-07-22,11.777955791109875,12.104885546895858,11.760972858380812,12.032706260681152,37345400
2010-07-23,11.973265714789704,12.100640554590443,11.85862787307135,12.075165748596191,35739400
2010-07-26,12.092147978488102,12.185556944743348,11.926560534423885,12.172819137573242,27281000
2010-07-27,12.228013913063666,12.240751719432447,12.070918350328943,12.126113891601562,33636400
2010-07-28,12.066672254461809,12.18131008076873,11.892592952216205,11.922313690185547,36438800
2010-07-29,11.998738845616518,12.04119738956554,11.591137957467048,11.735496520996094,46972200
2010-07-30,11.629352569580078,11.701531863779879,11.44253623974607,11.629352569580078,43101800
2010-08-02,11.735496601425702,11.901084842978804,11.629350645740361,11.837396621704102,18216600
2010-08-03,11.760972041766218,11.777954973316083,11.60387567332582,11.676054954528809,28439000
2010-08-04,11.69728407894981,11.78644710349503,11.574155190557072,11.773709297180176,28540600
2010-08-05,11.739742866595996,11.89683924174798,11.714268063268166,11.790693283081055,30183000
2010-08-06,11.654827880026403,11.858627948943298,11.637844136035252,11.78220272064209,35051600
2010-08-09,11.820413058107478,11.888346401328725,11.697283367375638,11.833150863647461,14345800
2010-08-10,11.642086710338377,11.654824514653653,11.434040765497715,11.544432640075684,48453800
2010-08-11,11.353370400792441,11.357616335854521,11.14107850666432,11.255716323852539,38117600
2010-08-12,10.983983730004697,11.119850422216983,10.87783777548518,11.05191707611084,42101000
2010-08-13,11.026442175703627,11.141080008343602,10.911805152893066,10.911805152893066,13724200
2010-08-16,10.899068187874649,11.090131257033034,10.818397024248943,11.017951965332031,16104200
2010-08-17,11.136834564970362,11.259964274321574,11.077393083120509,11.149572372436523,17275600
2010-08-18,11.149571738600297,11.357617723077135,11.094375385880875,11.268455505371094,17016800
2010-08-19,11.17079845623129,11.268453336128971,11.017948853898304,11.043423652648926,20031600
2010-08-20,11.017952241125558,11.14957301993515,10.954264009925577,11.030689239501953,25147800
2010-08-23,11.085883598321557,11.124096206214984,10.90755836476201,10.928787231445312,15321200
2010-08-24,10.805656789207296,10.890573053528028,10.682527112672762,10.754706382751465,27160600
2010-08-25,10.665547279949811,10.852363601585765,10.567892373379344,10.809905052185059,28785200
2010-08-26,10.843871141274517,10.865100008322717,10.555154014374553,10.593366622924805,24078400
2010-08-27,10.657053610457544,10.797166232964857,10.351352754202066,10.7462158203125,49486200
2010-08-30,10.682528254075892,10.682528254075892,10.449007489956182,10.457498550415039,24262400
2010-08-31,10.406552260452361,10.521190116340783,10.249455849439018,10.304652214050293,31162800
2010-09-01,10.453252805925615,10.729232095309902,10.449006871033022,10.618840217590332,34132000
2010-09-02,10.652809472180756,10.82688879587713,10.618842794626087,10.809905052185059,16808000
2010-09-03,10.937281589968203,11.05616537599367,10.792922996162114,10.979740142822266,24213800
2010-09-07,10.924541049851749,10.933032920265365,10.686774347075861,10.7462158203125,20065200
2010-09-08,10.746215896384278,10.750461831621143,10.576382536056405,10.724987030029297,34937000
2010-09-09,10.848115827745795,10.886328434749402,10.746215812345957,10.788674354553223,21508800
2010-09-10,10.720743276653165,10.788676634609953,10.495713522277862,10.657055854797363,25902800
2010-09-13,10.76744565548788,11.000966426508363,10.76744565548788,10.992474555969238,26229400
2010-09-14,10.954263960987758,11.230244135409405,10.865101733433315,11.158064842224121,33093400
2010-09-15,11.119851566713828,11.158064179060188,10.983984860517632,11.128342628479004,28011800
2010-09-16,11.102866940514998,11.27694624521305,11.051917334658164,11.272700309753418,28241200
2010-09-17,11.34063495930208,11.366110574984365,11.204768248314464,11.306668281555176,33939600
2010-09-20,11.32789646303711,11.378846068004016,11.19202977001953,11.361863136291504,34216000
2010-09-21,11.370355717970575,11.42979719742488,11.285438624610638,11.344880104064941,30589600
2010-09-22,11.247225929502164,11.353371890493877,11.111359229005481,11.162309646606445,32161800
2010-09-23,11.073147629817901,11.438290028131343,11.005214273363702,11.26421070098877,46574800
2010-09-24,11.404323669833742,11.705777846327369,11.400077733707557,11.69304084777832,27875600
2010-09-27,11.671809462329017,11.71426800755975,11.578401310684919,11.603876113891602,14757200
2010-09-28,11.625104263046083,11.845888036735765,11.514713186030585,11.82890510559082,40465800
2010-09-29,11.773710670897671,11.896840383486156,11.735498057323966,11.78644847869873,25762400
2010-09-30,11.867118614999644,11.956280832404042,11.637842953395065,11.765217781066895,37816200
2010-10-01,11.850134872734383,11.905331225267073,11.625105146696121,11.765217781066895,25358000
2010-10-04,11.710020072789655,11.777953409628742,11.501974127491298,11.625102996826172,20708400
2010-10-05,11.718514238300418,11.977509832057144,11.718514238300418,11.930806159973145,21544600
2010-10-06,11.896838907571865,11.947788512796379,11.710021798813445,11.837396621704102,20001600
2010-10-07,11.884101335374053,11.918068009469062,11.752480574484567,11.896839141845703,22350200
2010-10-08,11.854380248104679,12.0581802866805,11.718513555720799,12.028459548950195,40063600
2010-10-11,12.036952106353514,12.18980173909031,12.01572242831409,12.096393585205078,21805400
2010-10-12,12.066673173977323,12.223769556424234,11.981756079168813,12.172819137573242,30984800
2010-10-13,12.138850731400296,12.151588536754815,11.977508436226998,12.002984046936035,34055800
2010-10-14,12.01147698255439,12.100639198456488,11.9223139568229,11.977509498596191,22450200
2010-10-15,12.062426810687048,12.100639421013444,11.913822304954337,12.079410552978516,27467600
2010-10-18,12.028459625801595,12.062426299114584,11.862872194629453,12.007230758666992,18450000
2010-10-19,11.845889334557572,12.062427196727317,11.69728482406899,11.862873077392578,33418000
2010-10-20,11.884101842382215,12.028460415902082,11.845889231166403,11.969018936157227,21394000
2010-10-21,12.01147837585392,12.015723502011728,11.828907177547785,11.947790145874023,17738600
2010-10-22,11.960526709575023,12.126114146705827,11.947788902938267,12.100639343261719,13103800
2010-10-25,12.164327010668888,12.28745671457249,12.164327010668888,12.198293685913086,15741000
2010-10-26,12.117620568971786,12.211028702088337,12.024211626026004,12.177062034606934,19946600
2010-10-27,12.155836205434044,12.465783055276935,12.117624401033991,12.44455337524414,23145800
2010-10-28,12.414831250154576,12.499748341167964,12.30868529130254,12.474272727966309,32394200
2010-10-29,12.431816345312532,12.644108286121511,12.431816345312532,12.529470443725586,19630000
2010-11-01,12.610138475445762,12.66533401001976,12.461533991829066,12.55494213104248,22715400
2010-11-02,12.648354547313076,12.682321226322633,12.576175253189074,12.60589599609375,17152200
2010-11-03,12.610141739301518,12.733270645141602,12.525224638161843,12.733270645141602,24184400
2010-11-04,12.83517034798751,13.072937901085046,12.809695542237586,13.051708221435547,18423200
2010-11-05,13.081427882319241,13.247016130586422,13.051707143094966,13.242770195007324,16477600
2010-11-08,13.196068147118442,13.302214126683367,13.179085211499423,13.230034828186035,14859600
2010-11-09,13.251262760448425,13.272492440753632,13.05595456061751,13.106904983520508,19269400
2010-11-10,13.106904983520508,13.128133853996216,12.945562652518927,13.106904983520508,22285600
2010-11-11,12.729021915578338,12.966789422656944,12.6271219024715,12.962543487548828,33374200
2010-11-12,12.979526595493505,13.153605888158161,12.843659909494685,12.958297729492188,37645000
2010-11-15,12.98377254597231,13.055951824222976,12.860643665326661,12.873380661010742,11667600
2010-11-16,12.779973039468315,12.898855989805453,12.661089279301814,12.73751449584961,28323800
2010-11-17,12.729021665947135,12.877626152499626,12.669580195257861,12.779972076416016,15300200
2010-11-18,12.8648881058477,12.996509659658502,12.843659240951395,12.971034049987793,18641800
2010-11-19,12.937067539072569,13.111146824812991,12.937067539072569,13.09416389465332,9613200
2010-11-22,13.034724483251956,13.276737147516789,13.02623261191614,13.255507469177246,18459600
2010-11-23,13.11963998554559,13.225785941431605,13.085673312055238,13.1705904006958,17384400
2010-11-24,13.268243092604425,13.497518721962688,13.25550528769698,13.450814247131348,8700200
2010-11-26,13.378637669379707,13.45506289457273,13.340425056783195,13.370145797729492,3303600
2010-11-29,13.268243950128658,13.391373642703938,13.217293537035253,13.348915100097656,12717400
2010-11-30,13.200312193859697,13.255507739007228,13.119641034186131,13.18757438659668,22712000
2010-12-01,13.425341503902432,13.620650493258056,13.416849632663185,13.531487464904785,22004600
2010-12-02,13.582437242534679,13.794729977023595,13.55271650265506,13.773499488830566,20553000
2010-12-03,13.722550765963936,13.888138218738655,13.714058894070495,13.862664222717285,8924600
2010-12-06,13.862663025462163,13.88813701928346,13.735286577720423,13.84567928314209,9273800
2010-12-07,13.960317996101269,14.03249647603243,13.862663901080861,13.86690902709961,18136400
2010-12-08,13.86266273778068,14.028250172818051,13.849924121475572,13.998529434204102,17206400
2010-12-09,14.117412668285949,14.121657794032547,13.998529711475413,14.011266708374023,15579200
2010-12-10,14.011267577674248,14.053725316409695,13.939089097892204,13.951826095581055,14069600
2010-12-13,14.028251149901239,14.028251149901239,13.828696217029398,13.832942962646484,12032600
2010-12-14,13.832942641169272,13.900875992533846,13.781991412901698,13.837187767028809,11290200
2010-12-15,13.790481795503988,13.837186273211104,13.680090718826087,13.726795196533203,14849800
2010-12-16,13.756516900268378,13.807466506958008,13.671599809346466,13.807466506958008,6977600
2010-12-17,13.807467865239394,13.905121962525538,13.790484121452513,13.862664222717285,5412800
2010-12-20,13.879643929089912,13.888135799504118,13.743777241779968,13.748023986816406,9582600
2010-12-21,13.824451609026276,13.883893092621411,13.811712991356638,13.862664222717285,5500000
2010-12-22,13.722549449467042,13.824450282753347,13.66735309728451,13.80321979522705,10002600
2010-12-23,13.794730818416822,13.841433684177062,13.752271459099855,13.798975944519043,4998800
2010-12-27,13.726796326219201,13.8499244088927,13.641879234277646,13.84567928314209,6186400
2010-12-28,13.82869584274651,13.866908453971574,13.726796625918912,13.773499488830566,4851400
2010-12-29,13.820201520053375,13.845677129570984,13.756514925747199,13.828693389892578,8440400
2010-12-30,13.815957625608695,13.888136096183315,13.781990143226256,13.841431617736816,5702200
2010-12-31,13.832942753461243,13.871153745483825,13.760762655992337,13.811712265014648,4669600
2011-01-03,13.866907397702363,14.011265960261099,13.76925331415656,13.879644393920898,10818800
2011-01-04,13.934842301617541,13.973054914204237,13.78623859692423,13.888137817382812,9662800
2011-01-05,13.824451609026276,13.913613834418978,13.705567022177053,13.862664222717285,9751400
2011-01-06,13.84567945765535,13.985791284414917,13.82869571512121,13.96456241607666,8518200
2011-01-07,14.01126538253638,14.0452328639302,13.752269005713806,13.9390869140625,10859000
2011-01-10,13.888135574481451,14.011265264004413,13.8244489768948,13.97729778289795,8858000
2011-01-11,14.02825081457959,14.108921163128118,13.98154633186139,14.08344554901123,10941400
2011-01-12,14.15987079871812,14.236296021555738,14.083445575880503,14.232050895690918,5653400
2011-01-13,14.223559655928629,14.26601739509768,14.15562630146279,14.236296653747559,10056200
2011-01-14,14.312721957359486,14.61417611820275,14.27026421796089,14.609930992126465,20137800
2011-01-18,14.597191474331304,14.707582549506247,14.580207733640187,14.68635368347168,9064200
2011-01-19,14.580208799906908,14.660879144601237,14.452833974725788,14.495291709899902,14848200
2011-01-20,14.410375074513242,14.440095814004511,14.164117287348606,14.380654335021973,15183400
2011-01-21,14.503782950178818,14.503782950178818,14.299982914819383,14.325458526611328,12410800
2011-01-24,14.393391352802889,14.626912117004395,14.342440131055955,14.626912117004395,9270200
2011-01-25,14.567470659422293,14.622665386882897,14.42311210364331,14.54199504852295,13042400
2011-01-26,14.601437137586009,14.660878612536061,14.478307442527349,14.631157875061035,12768800
2011-01-27,14.682110497703745,14.975072774863236,14.665126754768997,14.915631294250488,26684200
2011-01-28,14.983563626859217,14.996300623364228,14.508028574994565,14.605684280395508,21423000
2011-01-31,14.635406607560986,14.694848090582594,14.401884181891898,14.609930992126465,16680000
2011-02-01,14.716072384729472,15.021773196258815,14.716072384729472,14.979313850402832,18583600
2011-02-02,14.919874773380945,15.106692685725502,14.915629647945247,15.013283729553223,13972000
2011-02-03,14.983563500088529,15.013284238121267,14.839204935504334,14.962334632873535,6702400
2011-02-04,14.996300820096199,15.217084607145734,14.95808821042111,15.204347610473633,15109200
2011-02-07,15.259540968469734,15.357195046699896,15.106692163191202,15.149149894714355,14203000
2011-02-08,15.195856006284938,15.195856006284938,15.00903808030041,15.136414527893066,13233400
2011-02-09,15.127924045165097,15.178873657082963,15.051498817458814,15.106695175170898,11405800
2011-02-10,14.983562674748061,15.208591570217447,14.911382586602489,15.18311595916748,12395200
2011-02-11,15.149153160815938,15.335969487316815,15.068482805666262,15.285019874572754,8554600
2011-02-14,15.306248746505815,15.459099204412905,15.29351174823322,15.365690231323242,9649600
2011-02-15,15.34870487665972,15.34870487665972,15.174625585047547,15.293508529663086,15023800
2011-02-16,15.335968666684852,15.459098375581696,15.310494671505438,15.408148765563965,18447800
2011-02-17,15.369936912800116,15.569490236757096,15.348708042548392,15.535524368286133,9784400
2011-02-18,15.569488046888962,15.569488046888962,15.463342090900927,15.522785186767578,8839000
2011-02-22,15.327475904643045,15.386919002479182,15.03875876521703,15.072726249694824,14818200
2011-02-23,15.043005108308872,15.068480720985917,14.631158278153148,14.85194206237793,24327000
2011-02-24,14.885909724686933,15.026021546946145,14.74155115710117,14.9708251953125,19943000
2011-02-25,15.10669224245886,15.306245525255138,15.072724761335195,15.293508529663086,11401800
2011-02-28,15.340215662462066,15.395410399356754,15.017531014550556,15.191610336303711,32202000
2011-03-01,15.251049893121472,15.314738113384282,14.928366905614745,14.945350646972656,27735200
2011-03-02,15.00903790440001,15.412392871179021,14.987809036602966,15.263789176940918,30945600
2011-03-03,15.378427685486558,15.616193606763241,15.378427685486558,15.577980995178223,16535200
2011-03-04,15.556750670228865,15.603455148867468,15.348705508586178,15.46334171295166,12435200
2011-03-07,15.46334276308544,15.497310247914363,14.85618935852724,15.030268669128418,38667000
2011-03-08,15.030267040348537,15.140658114762182,14.864677999240099,15.043004035949707,19709800
2011-03-09,14.885911847984438,14.915632590874452,14.525014567712958,14.59719467163086,40352600
2011-03-10,14.380653256005814,14.503782950178818,14.240541440296886,14.325458526611328,52298400
2011-03-11,14.244786230839397,14.512274479560093,14.227802490044093,14.414620399475098,35367200
2011-03-14,14.367915078867743,14.533502492756996,14.278752874413309,14.389143943786621,35196000
2011-03-15,13.905121432914742,14.253280068990582,13.798975467777987,14.159871101379395,35992000
2011-03-16,14.057972286631877,14.291493092724782,13.72255063842372,13.820204734802246,47055800
2011-03-17,14.032495932216943,14.168362634776384,13.939088586494108,14.002775192260742,28283000
2011-03-18,14.176853104638576,14.185344975166403,13.960316074984423,14.03249454498291,23505000
2011-03-21,14.155625998863634,14.418867539334187,14.13439712973291,14.308476448059082,13171800
2011-03-22,14.282999580912792,14.363671544058338,14.189590621337425,14.227803230285645,17491400
2011-03-23,14.18534420013315,14.440093823414625,14.134394599408575,14.401881217956543,21799800
2011-03-24,14.550487072419275,14.716074495866344,14.465569988183718,14.665124893188477,22674200
2011-03-25,14.682110820363484,14.830714525161127,14.648143333747504,14.677864074707031,18218600
2011-03-28,14.68635514796158,14.822221847721515,14.614175052656028,14.635405540466309,16525800
2011-03-29,14.614173655242947,14.788254568552174,14.46556997273344,14.750041961669922,15213000
2011-03-30,14.860432714009455,14.898645320060396,14.643895692826543,14.754286766052246,18875800
2011-03-31,14.720319545195256,14.80948337399429,14.584452858983637,14.68635368347168,20311600
2011-04-01,14.813729990730678,14.830713733131658,14.40188314563046,14.469818115234375,26017600
2011-04-04,14.529259731032955,14.533504856843834,14.236295840658428,14.35942554473877,25229200
2011-04-05,14.639648533937441,14.864677418952876,14.605682673774066,14.699090003967285,39703400
2011-04-06,14.834957856744385,14.915629817869926,14.767024511388449,14.885909080505371,21918600
2011-04-07,14.873170253379692,14.919874731334211,14.690599086644042,14.864678382873535,23701200
2011-04-08,14.915632360602642,14.970827099598262,14.724569288074369,14.809486389160156,12701200
2011-04-11,14.813727785554109,14.830711525426882,14.635403375865728,14.703336715698242,18038000
2011-04-12,14.563224082287334,14.592944818849782,14.333948440526738,14.414620399475098,20798400
2011-04-13,14.499536696807656,14.546239551971867,14.363670017136942,14.452832221984863,22294600
2011-04-14,14.363672188177805,14.478308400504414,14.278755095633912,14.465571403503418,17417000
2011-04-15,14.461326417947422,14.614175242417945,14.355180456153013,14.588701248168945,17889400
2011-04-18,14.461326869423443,14.461326869423443,14.291492677386707,14.393393516540527,17981600
2011-04-19,14.384898562994161,14.50802662519865,14.350931084000822,14.457077026367188,19231600
2011-04-20,14.902892120412405,15.144904779384351,14.89864699466676,15.136414527893066,41975000
2011-04-21,15.187361717224121,15.234066191284647,15.072723904436984,15.187361717224121,14670400
2011-04-25,15.212839647658953,15.272281125656475,15.14915142428515,15.242560386657715,11137800
2011-04-26,15.246805784092489,15.531277801997309,15.225576915809164,15.501555442810059,16800000
2011-04-27,15.459096033613951,15.628930200822651,15.437867167627527,15.60345458984375,26249600
2011-04-28,15.493066627782685,15.611949596919523,15.420886525336048,15.535524368286133,20235600
2011-04-29,15.539768383593204,15.616193606763241,15.488818774699466,15.577980995178223,6827400
2011-05-02,15.573736212865768,15.594965082068247,15.357197535887334,15.408148765563965,17345400
2011-05-03,15.403900410047287,15.403900410047287,15.212838987534134,15.335967063903809,15023200
2011-05-04,15.386919021606445,15.497310106978885,15.144904743548341,15.386919021606445,26745400
2011-05-05,15.297754327438895,15.624684059161577,15.276525460632739,15.446359634399414,28786200
2011-05-06,15.594962098706175,15.705354788894864,15.442111678234815,15.514291763305664,29313000
2011-05-09,15.48032907925122,15.522788442346647,15.340217230184043,15.4293794631958,12043000
2011-05-10,15.510047314055154,15.56099854152573,15.45060583499831,15.501555442810059,14483800
2011-05-11,15.497309238665931,15.62893080431804,15.32322993940151,15.446359634399414,19951600
2011-05-12,15.327474473044276,15.6968635437744,15.306245607057852,15.60345458984375,23765400
2011-05-13,15.586474176097342,15.679883149965978,15.471836331711017,15.48882007598877,16083800
2011-05-16,15.416638992336816,15.645913022784237,15.314738163514507,15.340213775634766,21736000
2011-05-17,15.251050415565969,15.251050415565969,14.962334900884741,15.14065933227539,26705600
2011-05-18,15.217083594620915,15.518537706633373,15.204346598796315,15.471833229064941,18837200
2011-05-19,15.340213775634767,15.47183372244262,15.170379600817162,15.340213775634766,25019600
2011-05-20,15.293509993561477,15.352951471558997,15.161888421096391,15.242560386657715,15254600
2011-05-23,15.047249855802688,15.059988471650483,14.919875034935787,14.945350646972656,20904000
2011-05-24,15.00479321680401,15.017530213922365,14.813730161734497,14.834959030151367,17544600
2011-05-25,14.745792041717683,14.983559502197584,14.724563180166944,14.924118041992188,18439000
2011-05-26,14.890155843558476,14.987809937018634,14.809485493219796,14.95384407043457,11808200
2011-05-27,14.966578973892917,15.064233053689774,14.958087103520322,15.0005464553833,10818200
2011-05-31,15.149150509639421,15.242559466372322,15.1151830273152,15.238312721252441,11181600
2011-06-01,15.170379303832185,15.200100040894625,14.741550369317915,14.762779235839844,20447400
2011-06-02,14.800994517085678,14.936861230959341,14.720322542207636,14.809486389160156,16506200
2011-06-03,14.639650881444759,14.745796843421296,14.478308565735949,14.5037841796875,16711800
2011-06-06,14.474061086997429,14.571715161782095,14.44009360725046,14.452832221984863,17116000
2011-06-07,14.57596217491545,14.699090242118482,14.525010954357011,14.55048656463623,13511600
2011-06-08,14.49104855609907,14.49104855609907,14.215068380937304,14.244789123535156,17654400
2011-06-09,14.282999005349268,14.40188195299364,14.189590049538012,14.287245750427246,11535000
2011-06-10,14.23204934231399,14.25327820863875,13.943332225252949,14.05797004699707,19834800
2011-06-13,14.113168452502654,14.151381065321104,13.883892775591962,13.947579383850098,13839400
2011-06-14,14.10042883575413,14.261771147292302,14.07919996783935,14.19808292388916,16109600
2011-06-15,14.040988676776687,14.189592385799173,13.922105709558696,13.943334579467773,21409800
2011-06-16,13.94333320456955,13.994282811259179,13.709812419278386,13.807466506958008,20231800
2011-06-17,13.956069254246321,13.96456112472812,13.650370015194982,13.722548484802246,33523600
2011-06-20,13.701320382788394,13.828695207803921,13.663107773317858,13.769253730773926,14359200
2011-06-21,13.858415414403076,14.108919929170845,13.743777590391515,14.070707321166992,19488000
2011-06-22,13.994283399270431,14.104676108005032,13.956070787732894,13.981546401977539,13990200
2011-06-23,13.786237746193843,14.202329713317539,13.74377839057379,14.181100845336914,38595400
2011-06-24,14.125905445034089,14.125905445034089,13.841433412010362,13.86690902709961,15990200
2011-06-27,13.84143252465142,14.074954932184703,13.748025181296919,14.011266708374023,15355200
2011-06-28,14.040987027478716,14.134395987697289,13.960316683436433,14.121657371520996,24851600
2011-06-29,14.164118084570406,14.2065758234737,14.024004630803482,14.096184730529785,30545800
2011-06-30,14.108920877678273,14.52076772277849,14.108920877678273,14.469818115234375,27329200
2011-07-01,14.474062116097263,14.792499972902284,14.350932422747901,14.762779235839844,21799600
2011-07-05,14.750044447527918,14.796747313002797,14.554734635181141,14.609930992126465,20287200
2011-07-06,14.567473928740844,14.665128029616465,14.461327955659646,14.59719467163086,18643200
2011-07-07,14.728813317172753,15.01328534167174,14.703339322505798,14.932613372802734,22846000
2011-07-08,14.758534912657627,14.78401052845978,14.554734845217288,14.711832046508789,22177800
2011-07-11,14.529259793639053,14.771272457372847,14.448587825955226,14.5037841796875,16598800
2011-07-12,14.28299994853087,14.28299994853087,13.951825075561652,14.05372428894043,40332000
2011-07-13,14.117411255792963,14.172607602929055,13.896627486907237,13.960315704345703,20363200
2011-07-14,13.990037798397616,14.138641493965444,13.73953326896984,13.781991004943848,33734800
2011-07-15,13.837188088604679,13.87540070086399,13.671600642033956,13.832942962646484,21437000
2011-07-18,13.760761770048722,13.854170730291507,13.599419462263572,13.70981216430664,14041200
2011-07-19,13.83294190203005,14.134396031373997,13.83294190203005,14.10467529296875,23746600
2011-07-20,14.117413026231308,14.147133766187507,13.922104843759465,14.002775192260742,19838400
2011-07-21,13.883891191789736,14.147132705810428,13.748024499413978,14.108920097351074,21743800
2011-07-22,14.155623337645231,14.406127833474969,14.12165585769475,14.346686363220215,20856200
2011-07-25,14.223559102731263,14.316968068860934,14.117413139278046,14.210822105407715,17331400
2011-07-26,14.278755266179903,14.431605710652798,14.23205078373998,14.257526397705078,23342000
2011-07-27,14.07070680933137,14.07070680933137,13.70131935850342,13.790481567382812,45204400
2011-07-28,13.73528583561267,13.968808230749602,13.633386626515398,13.714056968688965,25434000
2011-07-29,13.573945354322586,13.7947299598826,13.51025793896976,13.61215877532959,21546600
2011-08-01,13.781990052414129,13.832941275652056,13.425340397871452,13.616402626037598,22425600
2011-08-02,13.472044257629966,13.548469473914231,13.221539741955704,13.238523483276367,27557000
2011-08-03,13.183329786559904,13.404113609178433,13.009250452141705,13.365900993347168,26631800
2011-08-04,13.140870167475358,13.238524256283183,12.639861106872559,12.639861106872559,32301400
2011-08-05,12.788467069230794,12.890367105221818,12.155836363146916,12.482766151428223,41106800
2011-08-08,12.12186777495497,12.38511010050265,11.947788472997235,12.007230758666992,40542600
2011-08-09,12.17281969401986,12.389357566833496,11.70577727088238,12.389357566833496,31683000
2011-08-10,12.143096329976489,12.448796361548698,11.930804438927352,12.092145919799805,37206600
2011-08-11,12.236507434307326,12.712041741761576,12.143099271159835,12.546453475952148,36179000
2011-08-12,12.665334801435222,12.71203927887498,12.414830293069969,12.516730308532715,29320800
2011-08-15,12.59315618496878,12.724776943969221,12.5422065794722,12.712039947509766,13063600
2011-08-16,12.584665291652161,12.703549063427715,12.372373362657601,12.503994941711426,24753600
2011-08-17,12.457289341095677,12.724776791317275,12.338405579980874,12.465781211853027,26661600
2011-08-18,12.121868246625583,12.121868246625583,11.743988890086367,11.85013484954834,24096400
2011-08-19,11.748234322727338,12.036951449677241,11.586892827576763,11.612367630004883,21710000
2011-08-22,11.86287179461073,11.901084402027974,11.671808757524508,11.743988037109375,20562200
2011-08-23,11.756726907738514,12.211031492815692,11.727006168128517,12.198293685913086,20065200
2011-08-24,12.172817939219557,12.2110305471386,11.947788227010673,12.155834197998047,13715600
2011-08-25,12.087900779960687,12.194046732467706,11.828905206527521,11.845888137817383,23832600
2011-08-26,11.824659599399176,12.155834462120874,11.667563229004223,12.08790111541748,23547000
2011-08-29,12.232259451061081,12.470026969909668,12.177063911581913,12.470026969909668,11312000
2011-08-30,12.35114485960071,12.520978245861897,12.257736699614425,12.453044891357422,16491000
2011-08-31,12.503992876899567,12.5931550836356,12.29594610819021,12.380863189697266,27338400
2011-09-01,12.440305014388793,12.49125542670682,12.194046442815212,12.20678424835205,13688600
2011-09-02,11.994493150804075,12.058180563090255,11.867118326231715,11.918067932128906,13875200
2011-09-06,11.612368810118022,11.879856287370243,11.58264806929327,11.8756103515625,18093600
2011-09-07,12.104883458247881,12.25773387558282,12.066670853914147,12.244996070861816,19520200
2011-09-08,12.202536655845709,12.478515926359558,12.121865518061002,12.181307792663574,17474000
2011-09-09,12.070918250414335,12.372372376849157,12.041197512295902,12.109130859375,29163200
2011-09-12,11.990246587238868,12.37237185076792,11.990246587238868,12.368125915527344,22675400
2011-09-13,12.431813008565431,12.635613022682257,12.36387967052649,12.580416679382324,25765800
2011-09-14,12.665334696601018,13.030477023025485,12.584663548008079,12.873380661010742,50249800
2011-09-15,13.038968154229414,13.102656372312422,12.88611853638646,13.060197830200195,31016200
2011-09-16,13.094165966992465,13.263999344614207,13.06869116280656,13.132378578186035,26303000
2011-09-19,12.958298695236396,13.098411326843532,12.847906802177835,13.038969039916992,25131800
2011-09-20,13.038967999497176,13.20031029564314,12.932822050390897,12.937067985534668,23456800
2011-09-21,12.971036073585966,13.077182034285784,12.678073805131644,12.699302673339844,34420400
2011-09-22,12.397849696710827,12.48701192334485,12.164328075366953,12.363883018493652,52712000
2011-09-23,12.266225883032053,12.695055623811408,12.232259210981676,12.618630409240723,35505000
2011-09-26,12.682320886654955,12.712041628763625,12.3426532958271,12.652599334716797,37136400
2011-09-27,12.864889732969557,13.119640193091897,12.78421938829717,12.915840148925781,20794800
2011-09-28,12.949806408304779,12.966790149689503,12.554943329232952,12.571927070617676,30627000
2011-09-29,12.69081058120399,12.779973607750987,12.249243813490807,12.474272727966309,22067400
2011-09-30,12.266228008297299,12.423324399892392,12.075165748596191,12.075165748596191,17557400
2011-10-03,12.075164313858524,12.20678507399107,11.739742700498578,11.752480506896973,20802600
2011-10-04,11.005215047867136,11.565665682971323,11.005215047867136,11.535944938659668,33400000
2011-10-05,11.574155333028422,11.94354281258297,11.425550830176737,11.896839141845703,25274000
2011-10-06,11.888346845512082,12.053934274572034,11.735496412638675,12.049688339233398,27017400
2011-10-07,12.04968796890764,12.291701416795803,11.964771694232779,12.143096923828125,23563400
2011-10-10,12.291700896136314,12.571926129369142,12.291700896136314,12.487009048461914,11931000
2011-10-11,12.410583661782539,12.554942211382023,12.402091791846265,12.491254806518555,12086400
2011-10-12,12.567680881962655,12.758743109713647,12.567680881962655,12.59740161895752,18552600
2011-10-13,12.51673020492855,12.937068068919135,12.48700946855992,12.873380661010742,26121800
2011-10-14,13.005004429182105,13.005004429182105,12.78846735402246,12.996513366699219,19097600
2011-10-17,12.915839731184679,12.958298274803383,12.682318956025847,12.73751449584961,15474000
2011-10-18,12.70354670027387,13.009246729620155,12.571925955533992,12.94980525970459,20185600
2011-10-19,12.954052422110747,13.068690247663877,12.805447923411805,12.839414596557617,18126000
2011-10-20,12.779973484021792,12.788465355006796,12.431814871930511,12.665335655212402,17688800
2011-10-21,12.835167365753726,13.204555607533393,12.835167365753726,13.013492584228516,22345200
2011-10-24,13.098410918953435,13.497519933762977,13.081427177552051,13.42534065246582,17508000
2011-10-25,13.293719291687012,13.506011203511337,13.213048948270918,13.293719291687012,15232600
2011-10-26,13.429585440237313,13.463552112356469,13.07293578790085,13.348915100097656,14314600
2011-10-27,13.680091713732047,13.900875502803377,13.586682751524501,13.80321979522705,14771000
2011-10-28,13.697073450971349,13.828695019501772,13.692828325380772,13.815958023071289,15047800
2011-10-31,13.637632202323491,13.697073679535992,13.463552896347407,13.476290702819824,7824800
2011-11-01,13.157854353683158,13.238525517694654,13.005003897625475,13.089920997619629,18059200
2011-11-02,13.183329518373611,13.234279941721997,12.979529444639082,13.081429481506348,15587800
2011-11-03,13.196066037537236,13.4805372496876,12.966791179441254,13.4423246383667,14215200
2011-11-04,13.35740820688708,13.6121595015484,13.314950467606325,13.552717208862305,17270000
2011-11-07,13.51025545513984,13.57818879367072,13.310701374434037,13.561205863952637,10252600
2011-11-08,13.646122899210228,13.726794856765236,13.450814742413566,13.650369644165039,17538400
2011-11-09,13.323439514369877,13.35316106113222,13.034723205714084,13.055952072143555,13070400
2011-11-10,13.225786720749758,13.268245267571873,12.992265927972262,13.174837112426758,9346000
2011-11-11,13.361651348823074,13.663106255624067,13.331930613609446,13.590926170349121,9815800
2011-11-14,13.548470845740944,13.684337550745756,13.365899657204688,13.459308624267578,11016600
2011-11-15,13.395619364392997,13.739532845965966,13.395619364392997,13.646123886108398,12799800
2011-11-16,13.493273650615428,13.849923302728651,13.489027715374524,13.556961059570312,26273200
2011-11-17,13.506013373368035,13.506013373368035,12.881875343869975,13.081429481506348,21296400
2011-11-18,13.077184281762015,13.111150962630376,12.881876069226331,12.941317558288574,9298400
2011-11-21,12.762988252054598,12.805446792193466,12.49974676088634,12.635613441467285,12416000
2011-11-22,12.554945281926207,12.661091252601713,12.346899276581752,12.44455337524414,15171000
2011-11-23,12.27896415916413,12.312930832515827,12.08790111541748,12.08790111541748,9508600
2011-11-25,12.028460159316628,12.236506143815102,11.99449348449707,11.99449348449707,3578400
2011-11-28,12.359636306762695,12.47427333240729,12.257736278506702,12.359636306762695,12677400
2011-11-29,12.372372460292603,12.537960703515388,12.30443911275534,12.334159851074219,10363800
2011-11-30,12.678074263028401,13.043215830339673,12.66533645574578,13.021986961364746,11655200
2011-12-01,12.941316062010886,13.102658384853328,12.88187457982128,13.07718276977539,10656800
2011-12-02,13.162097143508596,13.238522353269397,12.98801785897757,12.992263793945312,7953200
2011-12-05,13.187573610370144,13.293719568492508,13.064444720059488,13.183327674865723,13146400
2011-12-06,13.213048335587184,13.302210545700884,13.140869056520662,13.204556465148926,10511600
2011-12-07,13.162098774618258,13.370144754843986,13.047460945770593,13.31070327758789,16233000
2011-12-08,13.208801624044055,13.357405298832969,12.90734671983806,12.94980525970459,10239400
2011-12-09,12.716287774029178,13.128133853996216,12.656845479004097,13.106904983520508,19113800
2011-12-12,12.81818758305921,12.856400197102529,12.571928964685313,12.69505786895752,14737200
2011-12-13,12.746006286964228,12.822431503034892,12.414830620601142,12.470026969909668,15853600
2011-12-14,12.389356189257512,12.512485077855233,12.25348949432373,12.25348949432373,16297200
2011-12-15,12.499749731362348,12.550699343773365,12.291703726053472,12.363883018493652,5654600
2011-12-16,12.397849696710827,12.631370508225212,12.363883018493652,12.363883018493652,5694800
2011-12-19,12.385109571249213,12.56343480097936,12.181309540080283,12.266225814819336,3109600
2011-12-20,12.427568915277623,13.021986116116187,12.427568915277623,12.750252723693848,1939600
2011-12-21,12.779974540644512,12.779974540644512,12.402094348863338,12.601649284362793,1304800
2011-12-22,12.665336385228793,12.971036469844664,12.644107516372063,12.920086860656738,2530200
2011-12-23,12.971034044624178,13.013492584228516,12.856397040470537,13.013492584228516,621400
2011-12-27,13.000755589227715,13.106901533323917,12.954051114680015,13.013492584228516,912400
2011-12-28,12.983774369842326,13.021986981921069,12.839415793062509,12.856399536132812,1074800
2011-12-29,12.894609650463526,13.005000719719451,12.856397045786748,12.971034049987793,963200
2011-12-30,12.954053536725167,13.038969821981524,12.911594989182271,12.920086860656738,1264400
2012-01-03,13.179082716004915,13.297965672315911,13.047461143190022,13.098411560058594,1443200
2012-01-04,13.026233818019717,13.132379790057259,12.958300460702052,13.106904983520508,2378200
2012-01-05,13.094166378262917,13.280983504429226,13.068691573276883,13.268245697021484,2825800
2012-01-06,13.21729503515149,13.289474322814536,13.132378750143424,13.251261711120605,2795400
2012-01-09,13.348916229149049,13.497520735925328,13.306457682951624,13.467799186706543,4355600
2012-01-10,13.624895005697944,13.624895005697944,13.506011243188498,13.56545352935791,2083000
2012-01-11,13.535730784623448,13.578189325325031,13.463551508379547,13.548468589782715,1687400
2012-01-12,13.612157945567617,13.692828288843344,13.522994921645271,13.667352676391602,2576600
2012-01-13,13.56120788213352,13.56120788213352,13.387128575012973,13.412603378295898,3208000
2012-01-17,13.527241308521257,13.56545391864483,13.404111607049881,13.429586410522461,2917600
2012-01-18,13.658861529097482,14.002775026949058,13.650371277489246,13.96456241607666,7090600
2012-01-19,14.070707469889916,14.223557903520911,14.0537237284512,14.19383716583252,6564600
2012-01-20,14.236295787457347,14.299984011994372,14.147133568832576,14.295737266540527,3256400
2012-01-23,14.304229137789386,14.393392976072988,14.223558790413474,14.295737266540527,4182200
2012-01-24,14.257524786610844,14.393391473087464,14.244786171238331,14.350932121276855,2353800
2012-01-25,14.350934158701898,14.431606128765848,14.193838583846196,14.393393516540527,3164400
2012-01-26,14.427360650334556,14.588702984974564,14.257528063039999,14.32121467590332,3280000
2012-01-27,14.266016691608714,14.389146396649664,14.240542697227035,14.33395004272461,3316000
2012-01-30,14.227804781981963,14.283001138628872,14.083446201284689,14.236296653747559,2951400
2012-01-31,14.376409469977656,14.389146467230972,14.1641175442418,14.232050895690918,2584600
2012-02-01,14.355180316957535,14.563225493048307,14.350933571517986,14.465571403503418,3986400
2012-02-02,14.486800237976533,14.588701072723584,14.427358759231929,14.469818115234375,1344400
2012-02-03,14.618419668878008,14.754286348848677,14.580207063907597,14.699090003967285,1839200
2012-02-06,14.639651683878368,14.639651683878368,14.478309359326007,14.546242713928223,1286600
2012-02-07,14.512276026104264,14.618421987898671,14.431605678217695,14.588701248168945,4194800
2012-02-08,14.609929617752039,14.834958530781929,14.609929617752039,14.720320701599121,1477800
2012-02-09,14.800993399488773,14.809485270922044,14.669371821761368,14.771272659301758,1938200
2012-02-10,14.643896339870045,14.656633335896936,14.452833301173182,14.508028030395508,2451200
2012-02-13,14.648143163615465,14.665126906726195,14.38914674998293,14.558980941772461,4599400
2012-02-14,14.499538323763733,14.614174531626338,14.47830783671037,14.605684280395508,3046400
2012-02-15,14.665125924216303,14.8009926206818,14.622666569284096,14.64389705657959,5356800
2012-02-16,14.61417513464122,14.992056116355942,14.61417513464122,14.941104888916016,4707400
2012-02-17,15.059989869878107,15.068481741345481,14.868926811009365,14.915631294250488,5350400
2012-02-21,14.928364807917921,14.941101802317224,14.682107071466605,14.741548538208008,2769000
2012-02-22,14.703338812229886,14.809484772082076,14.614174975013349,14.656634330749512,5228000
2012-02-23,14.605687094578212,14.673620455125404,14.486802498876317,14.622669219970703,3498200
2012-02-24,14.682109498743085,14.716075362642696,14.592945664231737,14.605684280395508,1231200
2012-02-27,14.53350333164043,14.750041977424035,14.435849251650072,14.665124893188477,4542800
2012-02-28,14.673617523467934,14.936859040537625,14.673617523467934,14.87741756439209,2212400
2012-02-29,14.894402224898247,14.894402224898247,14.631159071930123,14.64814281463623,3979000
2012-03-01,14.690600551742651,14.775517645614341,14.597193206176756,14.64814281463623,3732200
2012-03-02,14.669371183789744,14.716075664812122,14.503783747189525,14.533504486083984,3175800
2012-03-05,14.469816856647045,14.482553852510502,14.172607869116494,14.223557472229004,8525000
2012-03-06,14.09618410685196,14.185346326399296,14.007021887304624,14.172609329223633,4924200
2012-03-07,14.202329624120814,14.410374796546645,14.189591007685399,14.36791706085205,4833800
2012-03-08,14.495292629723014,14.537751987250235,14.410375534327452,14.499539375305176,2986600
2012-03-09,14.491046761460268,14.626913459269511,14.48255489038984,14.614174842834473,2328800
2012-03-12,14.575963394913439,14.605684132897494,14.452833697745925,14.48255443572998,2328000
2012-03-13,14.580209413504976,14.817976951599121,14.580209413504976,14.817976951599121,2471600
2012-03-14,14.817975694731178,14.97507125175227,14.716074867145867,14.737303733825684,3301600
2012-03-15,14.809485064028111,15.009038371116121,14.779764324256305,14.983564376831055,3369200
2012-03-16,15.043002059357589,15.051493928528785,14.958084987304057,14.979313850402832,1858000
2012-03-19,14.992055046176683,15.17462621565685,14.953842438153886,15.132166862487793,2747000
2012-03-20,15.013282380901206,15.098199458915245,14.924120177832812,15.038756370544434,2724400
2012-03-21,15.110936164855957,15.183114627009974,15.04300282767514,15.110936164855957,1639400
2012-03-22,15.026021003723145,15.081217353361323,14.941103916508728,15.026021003723145,2416600
2012-03-23,15.021775170061542,15.055741031550877,14.915629220962071,15.043004035949707,2213400
2012-03-26,15.119429939102044,15.276525497436523,15.098201072244745,15.276525497436523,3000400
2012-03-27,15.302003376402704,15.357198114476859,15.259544016739168,15.268035888671875,1810400
2012-03-28,15.25105000044857,15.289262608943428,15.00054710212073,15.08546257019043,2706200
2012-03-29,14.987808058458677,15.140658488076037,14.93261171006159,15.115182876586914,1434400
2012-03-30,15.204347644081952,15.285017989281554,15.089709814803287,15.200100898742676,2013800
2012-04-02,15.14915300014039,15.297756710592347,15.051498901892106,15.246807098388672,2229000
2012-04-03,15.217082720905873,15.229819715999156,14.975070096182016,15.03451156616211,3063000
2012-04-04,14.8774205784045,14.8774205784045,14.63540787954911,14.767027854919434,4719800
2012-04-05,14.741549756863014,14.856187574909104,14.70758227611219,14.839203834533691,2054600
2012-04-09,14.639650422363257,14.677863032262863,14.554733331513155,14.61842155456543,1822200
2012-04-10,14.56322451778591,14.699091208893961,14.359424481123835,14.384900093078613,6636600
2012-04-11,14.512275320268742,14.69909162086351,14.508028574994565,14.605684280395508,2729000
2012-04-12,14.665125061889924,14.919874697868464,14.643896195501494,14.868925094604492,4787800
2012-04-13,14.856187927803814,14.881661919313416,14.665124893188477,14.665124893188477,6673600
2012-04-16,14.758533311326724,14.85194227280726,14.605684492075099,14.720320701599121,3849200
2012-04-17,14.813729266480856,14.962334575735808,14.792500399346931,14.898646354675293,3705600
2012-04-18,14.686352295333682,14.868923441360117,14.622664083591063,14.800990104675293,4244400
2012-04-19,14.800994306609784,15.000549248374785,14.601439364844783,14.707585334777832,11568200
2012-04-20,14.741549321199779,14.741549321199779,14.431603356972298,14.452832221984863,5839000
2012-04-23,14.232049233449796,14.261769970008856,14.14288702377262,14.249032974243164,3330000
2012-04-24,14.278755351256327,14.29998421985764,14.04523455732418,14.08344554901123,2696800
2012-04-25,14.304229113570472,14.40188320327876,14.244787634587933,14.380654335021973,4502000
2012-04-26,14.444343782848382,14.754289820693808,14.431606784747284,14.707585334777832,4001200
2012-04-27,14.71183050540725,14.805237847579232,14.656634153447358,14.784008979797363,3040600
2012-04-30,14.74579515623193,14.784007762957614,14.68635368347168,14.68635368347168,1161000
2012-05-01,14.656633007144709,14.839204171175625,14.656633007144709,14.750041961669922,2866600
2012-05-02,14.67361865248874,14.864680092040436,14.635406040646625,14.830714225769043,1903400
2012-05-03,14.851942192202307,14.864679188822786,14.482554713279423,14.495291709899902,4111600
2012-05-04,14.401880828816703,14.4570771729111,14.164114952087404,14.164114952087402,4112400
2012-05-07,14.125903407869258,14.23204935927826,14.108919666925733,14.138640403747559,2402000
2012-05-08,13.994282123326172,14.028249605888677,13.748024353382876,13.985790252685547,8079800
2012-05-09,13.777744967107576,13.990036872241257,13.675844139993583,13.930595397949219,7507800
2012-05-10,14.02400425216987,14.036742869224064,13.82445094112142,13.956070899963379,6998800
2012-05-11,13.939087208494204,14.210820586749882,13.913611596910723,14.03249454498291,4738400
2012-05-14,13.88389257243927,13.926350310656776,13.80322060230356,13.832942962646484,1681800
2012-05-15,13.837185668690914,13.94757674054604,13.70556411178103,13.718302726745605,3744600
2012-05-16,13.748024267007917,13.832941353221953,13.582436029873483,13.595173835754395,7378000
2012-05-17,13.569698424421777,13.624894774224975,13.340423583984375,13.340423583984375,3182600
2012-05-18,13.404113219327924,13.429588025864673,13.098413111398425,13.106904983520508,3914200
2012-05-21,13.145113660683473,13.391373034652322,13.094164059732838,13.382881164550781,4805400
2012-05-22,13.387128496819667,13.387128496819667,13.234278058356114,13.31070327758789,5573600
2012-05-23,13.102657834279649,13.268245276180972,12.983774065066475,13.255507469177246,6043800
2012-05-24,13.29796522382727,13.29796522382727,13.081427376640274,13.1705904006958,2448400
2012-05-25,13.140869324318587,13.319194558009418,13.132377453707273,13.25975227355957,1486000
2012-05-29,13.450815965977753,13.556961924282717,13.365898875402024,13.497520446777344,2183000
2012-05-30,13.34466952886749,13.37014433119442,13.251260570619813,13.297965049743652,3378800
2012-05-31,13.259751578977962,13.297964184897843,13.055951553958138,13.191818237304688,1360200
2012-06-01,12.907348659131957,12.996511687231099,12.686564866517276,12.699302673339844,4593000
2012-06-04,12.74600655401724,12.830922832674302,12.55494350983745,12.690810203552246,3403400
2012-06-05,12.690809416001274,12.958297661253518,12.673826485255518,12.937067985534668,4357000
2012-06-06,13.030478111472782,13.348915987443469,13.009248433843764,13.327686309814453,3027200
2012-06-07,13.518747692165283,13.522993627167468,13.187572050458535,13.217292785644531,5466200
2012-06-08,13.12813177404625,13.387128163929306,13.12813177404625,13.357406616210938,3694000
2012-06-11,13.539977518455665,13.539977518455665,13.123885576657637,13.13662338256836,3430800
2012-06-12,13.191818403829865,13.438076972961426,13.183326533556182,13.438076972961426,5289400
2012-06-13,13.429585015167227,13.5017642923645,13.289472395881855,13.336176872253418,2370200
2012-06-14,13.336177836017752,13.37439044493248,13.17483633935619,13.293719291687012,2658000
2012-06-15,13.314946896854224,13.518746906133606,13.310700962098915,13.506009101867676,2004800
2012-06-18,13.455060118807666,13.697071932276366,13.433830444061789,13.637630462646484,1862600
2012-06-19,13.731041751762207,13.832942588248656,13.663108400657524,13.773499488830566,1726200
2012-06-20,13.820203238549555,13.943332937040918,13.76076176194235,13.875399589538574,2357800
2012-06-21,13.845679266502714,13.871153260293397,13.37014500989442,13.408357620239258,6024400
2012-06-22,13.459306383155765,13.56545232999507,13.429584837784141,13.548468589782715,3750400
2012-06-25,13.378636397663307,13.378636397663307,13.060198529514693,13.085673332214355,5522200
2012-06-26,13.11114813491402,13.166344485564231,12.937068831779127,13.085673332214355,8068000
2012-06-27,13.132378574125587,13.306457887362727,13.11964076712186,13.255507469177246,2596600
2012-06-28,13.128132984125571,13.196066336941971,12.992266278492773,13.166345596313477,2727800
2012-06-29,13.489026608859565,13.922102249954207,13.41684733534379,13.684334754943848,6599600
2012-07-02,13.765006761301823,13.765006761301823,13.573944526890005,13.667352676391602,2686200
2012-07-03,13.684338025087866,13.828696606616761,13.684338025087866,13.820204734802246,2606200
2012-07-05,13.769251833137444,13.77774370292266,13.565451817267945,13.684334754943848,2610400
2012-07-06,13.590929942320704,13.603668560703822,13.24277208331383,13.365900993347168,5125000
2012-07-09,13.302212566483924,13.344671115295895,13.136625116929636,13.221541404724121,2345400
2012-07-10,13.132377822235872,13.344669734500068,12.983773321685058,13.043214797973633,5388600
2012-07-11,13.064443074395431,13.094163809353214,12.894609724758606,12.94980525970459,3663000
2012-07-12,12.83092160783291,12.839413477836793,12.6483512617252,12.758742332458496,4513800
2012-07-13,12.75449864975162,12.941314951989199,12.75449864975162,12.915840148925781,2723000
2012-07-16,12.826678434999515,12.856399986413512,12.707795468661415,12.784220695495605,1760600
2012-07-17,12.856398960912259,12.856398960912259,12.550698077959977,12.76298999786377,4475200
2012-07-18,12.7077939585523,13.289473342859479,12.695056152317118,13.213048934936523,8982200
2012-07-19,13.374391926238,13.43807934487324,13.302212635830204,13.323441505432129,4929000
2012-07-20,13.272491655029677,13.306458331677701,13.081428592741128,13.10265827178955,3560200
2012-07-23,12.796956024100488,13.009247933245245,12.68231900863264,12.966790199279785,3742600
2012-07-24,12.932822133747997,12.949805874432545,12.762988776049175,12.873380661010742,2696800
2012-07-25,13.009251035030054,13.306460102627767,13.009251035030054,13.14511775970459,5934000
2012-07-26,13.395619636221019,13.510257465738274,13.297965548778642,13.412603378295898,5888000
2012-07-27,13.518749664744279,13.79472981135067,13.463553311491236,13.735286712646484,4051200
2012-07-30,13.752271486291782,13.811712969794119,13.552717356084315,13.63338851928711,5474600
2012-07-31,13.671599632127448,13.85417080836239,13.667352886824064,13.688583374023438,4774400
2012-08-01,13.79048258608182,13.81171145362242,13.620650026098257,13.688583374023438,1020200
2012-08-02,13.590927445216153,13.832941714120807,13.489028234827742,13.586682319641113,7191400
2012-08-03,13.849925608277093,13.985792319285926,13.773500380877255,13.943334579467773,3702800
2012-08-06,14.028249123233289,14.0452328639302,13.9390869140625,13.9390869140625,4985200
2012-08-07,14.087690523036867,14.282998681063622,14.053723041819005,14.125903129577637,6421400
2012-08-08,14.14713304035625,14.227803384718664,14.104675305356825,14.185345649719238,1862200
2012-08-09,14.215065341709629,14.338195031666054,14.206573471403118,14.29149055480957,1477200
2012-08-10,14.270263808296837,14.393393516540527,14.249034939206968,14.393393516540527,3183800
2012-08-13,14.30422981534321,14.325460304300405,14.147134238945194,14.283000946044922,5276400
2012-08-14,14.333949622134314,14.376408977622678,14.151380062340165,14.19808292388916,1407200
2012-08-15,14.18109973957836,14.316966427650838,14.176852994518086,14.223557472229004,3765200
2012-08-16,14.270263808296837,14.418867511584814,14.22355932450379,14.393393516540527,1925400
2012-08-17,14.359422691508367,14.359422691508367,14.244784881487256,14.274505615234375,1629600
2012-08-20,14.2405424118042,14.270263151093033,14.138641577343328,14.2405424118042,2552600
2012-08-21,14.270263705726828,14.393393413085501,14.215067350762789,14.266016960144043,3928000
2012-08-22,14.18959093029866,14.227803540078913,14.070707975275118,14.142888069152832,2326200
2012-08-23,14.05372515756882,14.091937769862394,13.9348421947261,13.994283676147461,5525400
2012-08-24,13.99003867975348,14.083446028712608,13.888137839473904,14.0367431640625,3838400
2012-08-27,14.057971346408289,14.057971346408289,13.917857900328235,13.968809127807617,4490600
2012-08-28,13.90087651899103,13.998530614047308,13.854172034473047,13.947579383850098,3666800
2012-08-29,13.943331290048333,14.024001624535186,13.862660955561479,13.973052024841309,967200
2012-08-30,13.879645451160311,13.892384068007898,13.743778748950945,13.773499488830566,4521800
2012-08-31,13.879644860089522,14.053724166110706,13.790482644247671,13.998529434204102,5788200
2012-09-04,13.981545927271052,13.981545927271052,13.66735317422346,13.781991004943848,5802200
2012-09-05,13.752268093567015,13.849922166609158,13.654614020524873,13.684334754943848,3733400
2012-09-06,13.76076176648176,14.130149242418936,13.76076176648176,14.121657371520996,6081400
2012-09-07,13.951824389781757,14.01551099009838,13.900874785596715,13.985790252685547,3364600
2012-09-10,13.905119821630828,13.947577554902098,13.760761260986328,13.760761260986328,4159200
2012-09-11,13.815956394963056,13.934839333394768,13.76500517592784,13.828693389892578,2915600
2012-09-12,13.87115111943003,13.960314942912376,13.773497045767042,13.828693389892578,2059400
2012-09-13,13.798972571373312,13.985788847724058,13.73528435779586,13.934839248657227,3676600
2012-09-14,14.028249921211605,14.253278829440827,14.028249921211605,14.147132873535156,4352400
2012-09-17,14.08344550679557,14.138641860720613,13.956070675910652,14.0070219039917,1594800
2012-09-18,13.956071063853887,14.011267419313247,13.913613325598313,13.994283676147461,1785600
2012-09-19,13.951823925208458,13.951823925208458,13.841431230214933,13.854169845581055,2572800
2012-09-20,13.74377650405561,13.790480978997449,13.624893563955352,13.69707202911377,5383400
2012-09-21,13.760761770048722,13.820203246690944,13.697073548127047,13.70981216430664,3387800
2012-09-24,13.569699800519125,13.612159158388419,13.467799771121156,13.518750190734863,2814400
2012-09-25,13.612157969252875,13.624894965671533,13.289473356271,13.293719291687012,4760200
2012-09-26,13.26399951829506,13.268245454019878,13.10265800989913,13.251261711120605,3571200
2012-09-27,13.36589872250136,13.569698765756442,13.289473503823357,13.53997802734375,6098800
2012-09-28,13.472044778197793,13.514503323310713,13.395619558960412,13.433832168579102,4141200
2012-10-01,13.442324217173452,13.59092791228801,13.382882739127629,13.429586410522461,4067800
2012-10-02,13.53148634262429,13.544223338597362,13.404110714088157,13.493273735046387,6739800
2012-10-03,13.54847138289125,13.54847138289125,13.412604672499791,13.446571350097656,5290800
2012-10-04,13.501766447587146,13.544224995626994,13.387129420657836,13.518750190734863,4790600
2012-10-05,13.578190204396188,13.73104063688592,13.539977596273756,13.569698333740234,4601800
2012-10-08,13.476290869390228,13.476290869390228,13.353161977952517,13.391374588012695,2944000
2012-10-09,13.319195506227546,13.319195506227546,13.119640581801745,13.179082870483398,5121600
2012-10-10,13.149359338605366,13.166343078476341,12.975280054074338,12.992263793945312,3169800
2012-10-11,13.064443068738369,13.098409738651027,12.971034119106594,12.992263793945312,4894800
2012-10-12,12.992263799571118,13.06019713942585,12.932821519826263,12.94980525970459,4464000
2012-10-15,12.996509819204654,13.115392759810232,12.975280144218445,13.09416389465332,4240600
2012-10-16,13.15785275232667,13.408357276009719,13.15785275232667,13.374390602111816,6906600
2012-10-17,13.221540505447178,13.378636882417565,13.16634496262642,13.285228729248047,3449200
2012-10-18,13.289474322814536,13.340424741682924,13.179083233286994,13.251261711120605,3364200
2012-10-19,13.200311879381806,13.204557815034992,12.915840669253699,12.945561408996582,6849800
2012-10-22,12.979527993984643,13.094165826333905,12.941315383201555,13.009248733520508,2919400
2012-10-23,12.881874993446385,13.128133611634048,12.881874993446385,13.089920997619629,3202800
2012-10-24,13.191818314581885,13.259751656653112,12.945559747116363,12.962543487548828,2811800
2012-10-25,13.106901699645045,13.149359429958867,13.009246814367081,13.09416389465332,3091000
2012-10-26,13.123886878693787,13.25975358257024,13.081428331275037,13.251261711120605,3628600
2012-10-31,13.323441515922063,13.353163067149412,13.153608129484553,13.200312614440918,2395000
2012-11-01,13.297964529869986,13.620649125933005,13.238523056821185,13.599418640136719,6386200
2012-11-02,13.58668386157511,13.650372090039816,13.323441505432129,13.323441505432129,4326000
2012-11-05,13.340423221260233,13.590926921838866,13.327685415537518,13.556961059570312,3447400
2012-11-06,13.578189925929035,13.769252962622797,13.531486257937825,13.722548484802246,2566800
2012-11-07,13.539978036135418,13.55696177799906,13.314949125247834,13.374390602111816,3717200
2012-11-08,13.408356232749762,13.455060709411477,13.263997677458395,13.272489547729492,2291400
2012-11-09,13.255505202708799,13.472043025771278,13.255505202708799,13.306455612182617,4467000
2012-11-12,13.306457442014832,13.378636726294697,13.259752961060391,13.327686309814453,1131400
2012-11-13,13.187574031429985,13.340424475151883,13.162099227419475,13.196065902709961,2455600
2012-11-14,13.314947486572958,13.31919342151632,12.996509654284353,13.013492584228516,4286000
2012-11-15,13.055951740072256,13.089918411393093,12.898855379070062,12.937067985534668,3171200
2012-11-16,12.992266491598869,13.000758363297567,12.737516009444095,12.95405387878418,4139000
2012-11-19,13.055953167341572,13.18332799626192,12.992265752881398,13.179082870483398,2602000
2012-11-20,13.085672809076552,13.106902485335368,12.94980612033751,13.055952072143555,2159800
2012-11-21,13.055953900373233,13.22154134923254,13.021987223432108,13.07718276977539,1253200
2012-11-23,13.208802476377471,13.395618768118156,13.208802476377471,13.348915100097656,1732800
2012-11-26,13.336177992748004,13.425341017873363,13.234277971054297,13.374390602111816,1875800
2012-11-27,13.276736681014437,13.522995272294434,13.191819590298826,13.412603378295898,3444600
2012-11-28,13.259752236021242,13.595173835754395,13.191818890981754,13.595173835754395,2366400
2012-11-29,13.556962113017253,13.688583686224954,13.51025763156746,13.573945045471191,2143800
2012-11-30,13.578190692658048,13.667352908263693,13.578190692658048,13.603666305541992,1912600
2012-12-03,13.697073590333524,13.71405733218614,13.518749159857364,13.53997802734375,2084400
2012-12-04,13.552714374952528,13.63338552041044,13.489026969519141,13.590926170349121,2423200
2012-12-05,13.624894683174574,13.637631679329147,13.5060109234793,13.569698333740234,1619600
2012-12-06,13.60366553737443,13.735285480695602,13.599418792304188,13.722548484802246,1529200
2012-12-07,13.815959202104827,13.87540068339807,13.675845750777421,13.765007972717285,1685800
2012-12-10,13.743777090448278,13.832940918986324,13.72254822447585,13.790481567382812,2785200
2012-12-11,13.905120286635045,14.083444715928206,13.866907677549545,14.045233726501465,3139400
2012-12-12,14.049477084614333,14.138639288043873,13.977297001129546,14.015509605407715,2025000
2012-12-13,14.002774447512431,14.117412275385895,13.837187013803684,13.871152877807617,2503000
2012-12-14,13.807466152231383,13.900875111811603,13.74802467601079,13.815958023071289,1412000
2012-12-17,13.781990629350814,13.913612198737315,13.748024765429024,13.875399589538574,1980600
2012-12-18,13.939087726967132,14.100428414020925,13.892383247156232,14.062215805053711,2801800
2012-12-19,14.134396198128465,14.236295411103278,14.1259043271041,14.142888069152832,2140200
2012-12-20,14.15138029551474,14.172609163779311,14.01975872082027,14.13439655303955,2132000
2012-12-21,13.888137083359052,13.998529789290036,13.786237868286104,13.99003791809082,2988200
2012-12-24,13.977021766627574,13.977021766627574,13.842543312933762,13.942317008972168,1713600
2012-12-26,13.977025049527482,14.05944638609717,13.872912406921387,13.872912406921387,1029200
2012-12-27,13.89026423975972,13.920630081231005,13.699392172416765,13.855560302734375,2325800
2012-12-28,13.777474679448149,13.894599936533258,13.747108841411007,13.760122299194336,1812800
2012-12-31,13.747108879803388,14.024741172790527,13.725418404425545,14.024741172790527,1636600
2013-01-02,14.380454453128452,14.580001831054686,14.311046597553508,14.580001831054688,6109400
2013-01-03,14.532286582566126,14.593018261723005,14.454202522274668,14.506258010864258,3236200
2013-01-04,14.523611334890347,14.523611334890347,14.384795586429915,14.419500350952148,2777800
2013-01-07,14.354429305517803,14.45420301824396,14.31538727403242,14.380457878112793,2463600
2013-01-08,14.384792783655982,14.415158619289246,14.232963605489667,14.237300872802734,2440400
2013-01-09,14.302373134180028,14.380457193433072,14.068120956420898,14.068120956420898,4923000
2013-01-10,14.480231799350436,14.632061004638674,14.480231799350436,14.632061004638672,5043600
2013-01-11,14.623383457185993,14.714480971908744,14.593017618945076,14.701467514038086,3502000
2013-01-14,14.610370697305138,14.701468216379943,14.536623904615425,14.636399269104004,2327800
2013-01-15,14.358764422066308,14.532284903738015,14.358764422066308,14.484566688537598,1673200
2013-01-16,14.506257205272389,14.684114964989282,14.445525529488188,14.645072937011719,2524400
2013-01-17,14.723156532720099,15.048506204091339,14.714480342905853,15.000789642333984,9574000
2013-01-18,14.883665580282312,14.883665580282312,14.740510911156525,14.822932243347168,4436800
2013-01-22,14.770876649519552,14.792566299438477,14.697131508832372,14.792566299438477,2981800
2013-01-23,14.922708631188392,14.922708631188392,14.74918810915495,14.84896183013916,5578200
2013-01-24,14.744846003800404,14.844619692054374,14.675438148718783,14.736169815063477,5934800
2013-01-25,14.853299226635057,14.927044365290023,14.818594463869777,14.861973762512207,1893600
2013-01-28,14.901015195624481,14.966085795792699,14.888001737516479,14.892340660095215,2331800
2013-01-29,14.922706308387603,14.927043576096867,14.82726987064298,14.918367385864258,1145800
2013-01-30,14.874990050135363,15.009466879430525,14.757863948778278,14.944397926330566,1875600
2013-01-31,14.966086117181941,15.01814160554592,14.857636217782073,14.879325866699219,2845600
2013-02-01,15.061524456406147,15.196001289529121,15.005130038262838,15.174311637878418,3446400
2013-02-04,15.091890355006075,15.191664076816558,14.97910151830598,14.987777709960938,2991600
2013-02-05,15.044169969266594,15.256730842457422,15.044169969266594,15.217690467834473,2673400
2013-02-06,15.122252679473604,15.21768911065592,15.100563032790523,15.182984352111816,2776000
2013-02-07,15.126591874075086,15.156957714262926,14.974762673135887,15.100564956665039,2370200
2013-02-08,15.135268406128432,15.334815833238236,15.135268406128432,15.3001127243042,2498400
2013-02-11,15.321801481124837,15.339153861987484,15.24371742205704,15.326140403747559,1652600
2013-02-12,15.282762501449195,15.391212421262047,15.274086309286433,15.38687515258789,2694600
2013-02-13,15.451944111586931,15.460620303749693,15.308791077937482,15.38687515258789,4159400
2013-02-14,15.304447275419973,15.538699424692055,15.304447275419973,15.521347045898438,1792000
2013-02-15,15.564732033054032,15.564732033054032,15.339156014625498,15.39121150970459,2686800
2013-02-19,15.417240087292166,15.608111339157766,15.417240087292166,15.603774070739746,2017400
2013-02-20,15.582082394477105,15.612449891940104,15.265408853416314,15.27408504486084,4074200
2013-02-21,15.19600134523686,15.23070611185669,14.888003988150455,14.987777709960938,3666000
2013-02-22,15.091886383837155,15.274081396206737,15.048505436977313,15.226363182067871,5392000
2013-02-25,15.3087866491222,15.34782867515259,14.914029121398926,14.914029121398926,2968800
2013-02-26,15.044170318354386,15.061522699576644,14.91836803671424,15.018141746520996,4776600
2013-02-27,14.987778515705267,15.326143389181727,14.987778515705267,15.252396583557129,2481600
2013-02-28,15.217690891858215,15.36518116849221,15.217690891858215,15.235041618347168,2916800
2013-03-01,15.200338510555099,15.29577329809391,15.005128357930456,15.235041618347168,3763000
2013-03-04,15.161295763061313,15.22636470764968,15.096225163658861,15.213351249694824,1773000
2013-03-05,15.291433561155227,15.460615114508423,15.291433561155227,15.456277847290039,3365000
2013-03-06,15.417237768516385,15.547377314070397,15.417237768516385,15.460617065429688,1671600
2013-03-07,15.460615114508423,15.569064997920872,15.43024927953805,15.456277847290039,2591200
2013-03-08,15.499660802708322,15.543041759216502,15.330479209362135,15.399887084960938,3575000
2013-03-11,15.37819535947288,15.469292873628847,15.313124760896295,15.447603225708008,948400
2013-03-12,15.417235823069001,15.49965713872946,15.365178687565022,15.456277847290039,2123200
2013-03-13,15.447603099048713,15.560390260200748,15.395547613502702,15.499658584594727,4089600
2013-03-14,15.616786999307719,15.6948710666894,15.577744965616876,15.621124267578125,1287000
2013-03-15,15.629797629692899,15.629797629692899,15.265405932810468,15.352166175842285,3453200
2013-03-18,15.222029525836762,15.295774670771818,15.117916883488924,15.165635108947754,2501400
2013-03-19,15.169972018805344,15.235040963674674,14.974761874569172,15.13526725769043,4890000
2013-03-20,15.248056731731586,15.278422571604956,15.169972670681728,15.235041618347168,2215800
2013-03-21,15.044169659156688,15.148280632300052,14.979099059831524,15.022480010986328,5907000
2013-03-22,15.091886354435543,15.213349695778632,15.052844329744705,15.139604568481445,2657800
2013-03-25,15.248054431481497,15.269744077431312,15.04416811896263,15.117913246154785,3810200
2013-03-26,15.15262139809412,15.313126799856693,15.15262139809412,15.291437149047852,3083600
2013-03-27,15.143943422231473,15.339153566135877,15.122253773978558,15.32180118560791,2050000
2013-03-28,15.269746956893597,15.447604734923516,15.269746956893597,15.4128999710083,1354400
2013-04-01,15.443263032368069,15.443263032368069,15.104899919168385,15.169970512390137,4961600
2013-04-02,15.178647933761608,15.20033758165796,15.00079017330902,15.048506736755371,4374200
2013-04-03,15.104902750288717,15.113578941332063,14.718821350338153,14.766539573669434,8800800
2013-04-04,14.718820753140852,14.888002334586167,14.718820753140852,14.861973762512207,3558800
2013-04-05,14.666766771336953,14.84896183013916,14.545301743987809,14.84896183013916,5900400
2013-04-08,14.766540457685224,14.953074439248628,14.701469848371728,14.93138313293457,2200400
2013-04-09,14.983440699174091,15.196001606525204,14.901017704441944,15.074538230895996,7251200
2013-04-10,15.109242123020419,15.438929118411156,15.109242123020419,15.399887084960938,6352200
2013-04-11,15.304451248029869,15.45194319643259,15.269748136248591,15.39121150970459,4625800
2013-04-12,15.256731914642321,15.352168361042976,15.139607472914179,15.334815979003906,2900000
2013-04-15,15.182984663991158,15.261068717505376,14.979098340391367,15.000789642333984,5953600
2013-04-16,15.06152347998398,15.282760560181561,15.05718455704652,15.256731986999512,3709800
2013-04-17,15.139606786403787,15.139606786403787,14.818594352494332,14.935720443725586,11366200
2013-04-18,15.130928816564797,15.239378704417556,14.9487321444689,14.97042179107666,8411200
2013-04-19,15.065859727180493,15.187323084170703,14.935720179717537,15.143943786621094,6675200
2013-04-22,15.143943255848443,15.317463749593504,14.996451332609363,15.265406608581543,3695400
2013-04-23,15.391208355851573,15.634136707798834,15.37819489845201,15.595094680786133,7362400
2013-04-24,15.651489954667747,15.803319148787697,15.560390783381672,15.755600929260254,3719200
2013-04-25,15.82934368064989,15.98117283602741,15.803315116236453,15.881399154663086,4474000
2013-04-26,15.83802441038928,15.868391908159346,15.660166621013843,15.73391342163086,4070600
2013-04-29,15.768615243376669,15.93779848219825,15.759940707368152,15.916107177734375,1984000
2013-04-30,15.898754424499037,16.07661217665996,15.864049665631548,16.07227325439453,4710600
2013-05-01,16.041905247796702,16.141678933823325,15.99852595989426,16.0072021484375,5560200
2013-05-02,16.041906626443684,16.241454015646106,16.0375693592062,16.211088180541992,3644800
2013-05-03,16.375933200457077,16.445341063061154,16.319538794961893,16.336891174316406,8124600
2013-05-06,16.38027326271335,16.50607555227717,16.362922535212405,16.41497802734375,4342200
2013-05-07,16.467030800470518,16.49739663710104,16.358580911128936,16.449678421020508,4350400
2013-05-08,16.50173712003633,16.6665797759596,16.445342708897243,16.649229049682617,3623800
2013-05-09,16.62320224751035,16.78370765265298,16.618864979182955,16.70128631591797,2292600
2013-05-10,16.714297946519345,16.818410577940302,16.701284488147028,16.814071655273438,1678600
2013-05-13,16.783708309597177,16.783708309597177,16.601513246057507,16.61018943786621,2939600
2013-05-14,16.657904605556837,16.67959425368729,16.57982054843594,16.636213302612305,3127000
2013-05-15,16.653567067890457,16.80973519511861,16.60584884514694,16.779369354248047,2476200
2013-05-16,16.7229715888259,16.86178730635862,16.631874084472656,16.631874084472656,3117600
2013-05-17,16.718639058939587,16.81841278076172,16.688273215550865,16.81841278076172,1526800
2013-05-20,16.81407399414903,16.866131144507843,16.749005038422062,16.766357421875,3004800
2013-05-21,16.770697120161604,16.8270915471472,16.709965424091546,16.727317810058594,1574000
2013-05-22,16.718638691679583,16.861791713822555,16.40630241818318,16.488723754882812,4833400
2013-05-23,16.341230719795114,16.475709196318586,16.245795929669164,16.45401954650879,3223000
2013-05-24,16.427988774114986,16.458354610745513,16.280496858417877,16.449678421020508,1608600
2013-05-28,16.610188805420588,16.7490045594456,16.562470579696804,16.5971736907959,1940800
2013-05-29,16.519091728146762,16.709962981439006,16.488724229736228,16.657907485961914,2303400
2013-05-30,16.688273215550865,16.91818650258385,16.657907372162146,16.81841278076172,6741400
2013-05-31,16.727315545062165,16.874807496181397,16.471373678555686,16.61018943786621,4706200
2013-06-03,16.701281996279803,16.86178735990915,16.618860680862333,16.740324020385742,4004400
2013-06-04,16.853115892571246,17.03964987613873,16.775031822481864,16.81841278076172,10307000
2013-06-05,16.735986257568324,16.766352091549937,16.49305793090159,16.51041030883789,4897800
2013-06-06,16.527765026204964,16.627540396044385,16.310865214024773,16.462696075439453,3816200
2013-06-07,16.553791554557836,16.64922798966869,16.406299634301988,16.61886215209961,2858800
2013-06-10,16.64922735731983,16.76201451331926,16.59717021933796,16.709959030151367,3146200
2013-06-11,16.519086441373975,16.614521210069945,16.380269073171604,16.401960372924805,5023800
2013-06-12,16.588496875641606,16.675255468879893,16.17638693850339,16.20675277709961,4313400
2013-06-13,16.202418219320414,16.532106919771497,16.124334140519604,16.493064880371094,3889600
2013-06-14,16.506072399038125,16.584156449725477,16.388946323007094,16.432327270507812,1603000
2013-06-17,16.579820294085803,16.688270187888428,16.488721125632917,16.571144104003906,1986600
2013-06-18,16.623200385823033,16.848776374313786,16.623200385823033,16.809734344482422,3791400
2013-06-19,16.80973551747802,16.896495773692372,16.575483322143555,16.575483322143555,3071000
2013-06-20,16.323879685442233,16.375935174968337,16.02455689733525,16.06793785095215,5170800
2013-06-21,16.172046226688433,16.211088251251716,15.929119544795942,16.050582885742188,4243000
2013-06-24,15.88574047490794,15.9377976170183,15.651489954667747,15.755600929260254,5695400
2013-06-25,16.00286602330728,16.124329374511206,15.864050291984494,16.085289001464844,2286800
2013-06-26,16.23711568222668,16.276157704056043,16.085286516675723,16.180721282958984,2582200
2013-06-27,16.289178133290843,16.410643172545825,16.258812287180724,16.267488479614258,2283600
2013-06-28,16.237117855222305,16.427989068146708,16.146020343700247,16.349905014038086,1667400
2013-07-01,16.367255945708212,16.51041058384644,16.284834631358663,16.3065242767334,1784000
2013-07-02,16.31086531694506,16.48438582970981,16.21976779240998,16.30219078063965,2210000
2013-07-03,16.306525888626975,16.475707456012874,16.232779101286386,16.406299591064453,2929000
2013-07-05,16.540776536747714,16.62753677368164,16.436663921464227,16.62753677368164,5768000
2013-07-08,16.592838292016257,16.610190676928095,16.219770290484263,16.271825790405273,3450000
2013-07-09,16.375931806109264,16.449676929865873,16.336889783292875,16.401960372924805,3129800
2013-07-10,16.397621931090715,16.575479672502443,16.384608474708894,16.527761459350586,1813400
2013-07-11,16.801058019983095,16.97457851891944,16.775029448698408,16.96590232849121,3069600
2013-07-12,17.004942662459108,17.07435052415021,16.931195878579466,17.02663230895996,1988400
2013-07-15,17.052662830898985,17.052662830898985,16.983254961257757,17.03097152709961,1033000
2013-07-16,17.035308546835005,17.16111081363626,17.035308546835005,17.135082244873047,1659600
2013-07-17,17.213169230599803,17.23052161273326,17.109056592613303,17.161113739013672,3174800
2013-07-18,17.017959541148237,17.017959541148237,16.766356612484163,16.80105972290039,5689000
2013-07-19,16.70562302775456,16.735990524291992,16.57548346968179,16.735990524291992,5896200
2013-07-22,16.709962549861725,16.818412461279717,16.636215749594044,16.705623626708984,6192800
2013-07-23,16.809734987919466,16.900832509408268,16.688271625934398,16.718637466430664,2134200
2013-07-24,16.848771503198137,16.848771503198137,16.484379881725346,16.514745712280273,3823600
2013-07-25,16.51474801252682,16.631874084472656,16.458353610149814,16.631874084472656,5375400
2013-07-26,16.52776370525839,16.54511608600137,16.436666188578904,16.536439895629883,5354200
2013-07-29,16.558131589136075,16.59283635490819,16.423654758804904,16.484386444091797,1376200
2013-07-30,16.571144989586692,16.705621806007564,16.571144989586692,16.649229049682617,1298000
2013-07-31,16.649233728021493,16.8270915471472,16.636218611138904,16.727317810058594,5623000
2013-08-01,16.753344413417853,16.987596655043927,16.753344413417853,16.9355411529541,2659800
2013-08-02,16.883477014821263,16.883477014821263,16.73598676235563,16.844436645507812,2077000
2013-08-05,16.766356057923396,16.835763931274414,16.749003675882086,16.835763931274414,564000
2013-08-06,16.822752623248135,16.831428816231657,16.679599576056518,16.727317810058594,918400
2013-08-07,16.653567387255045,16.662243578357902,16.51041437109348,16.575483322143555,2107000
2013-08-08,16.692607796676196,16.692607796676196,16.488721462619853,16.57982063293457,1321600
2013-08-09,16.553792276372864,16.588497037858826,16.48004714043636,16.536439895629883,3587400
2013-08-12,16.493063551422058,16.62754204403535,16.471373899017177,16.566808700561523,1981400
2013-08-13,16.688272385137864,16.753341337098266,16.51475187028159,16.744665145874023,2291600
2013-08-14,16.601510281175564,16.70128398693541,16.540778604175145,16.57982063293457,2213200
2013-08-15,16.345570776076,16.358584235901414,16.19807883040214,16.215431213378906,4745000
2013-08-16,16.206755443563598,16.38027431340296,16.206755443563598,16.2327823638916,3545400
2013-08-19,16.237116748408617,16.388945923929175,16.20241199125312,16.211088180541992,1254800
2013-08-20,16.25880728944463,16.36291991182974,16.22844145266855,16.289173126220703,2219200
2013-08-21,16.21109400131544,16.27616461693938,16.08095442488206,16.154701232910156,3164400
2013-08-22,16.18940212585041,16.33255679865048,16.18940212585041,16.254472732543945,806000
2013-08-23,16.3065242767334,16.354242489446143,16.245792607758588,16.3065242767334,810400
2013-08-26,16.29351739377074,16.397628395496564,16.25447535441992,16.276165008544922,937200
2013-08-27,16.08963001073578,16.111319663521268,15.911772210191698,15.950814247131348,2103000
2013-08-28,15.998528124022092,16.163370764200714,15.972499554871476,16.07227325439453,2614400
2013-08-29,16.080950500164366,16.30218921543863,16.080950500164366,16.20675277709961,3225600
2013-08-30,16.24579707425489,16.263149457250965,16.050586902584914,16.111318588256836,1665200
2013-09-03,16.332559095458514,16.436670095031925,16.193743326150965,16.267488479614258,1464000
2013-09-04,16.384608982673587,16.649226969400356,16.328214578580848,16.592832565307617,1260600
2013-09-05,16.657905785438132,16.744664384105068,16.6362144809572,16.718637466430664,3082200
2013-09-06,16.78804483205527,16.79238209993216,16.532103002150958,16.653566360473633,1090800
2013-09-09,16.70128272135472,16.918182496956728,16.70128272135472,16.866127014160156,923800
2013-09-10,17.0309728629593,17.169790267944336,16.996269752823746,17.169790267944336,2283800
2013-09-11,17.087369063960896,17.16545313844231,17.013623912958696,17.117734909057617,2985600
2013-09-12,17.087365765664572,17.20449185477838,17.026634087193887,17.078689575195312,1586400
2013-09-13,17.126403987515626,17.191474574160328,17.04398267860426,17.182798385620117,1623000
2013-09-16,17.404038577456483,17.421390957703387,17.256546654985918,17.269561767578125,2542400
2013-09-17,17.391024314282287,17.447418720066015,17.347645020488027,17.408376693725586,2005400
2013-09-18,17.399700383789916,17.581895402243813,17.334629788734112,17.564544677734375,3043600
2013-09-19,17.625277967970497,17.659981074987943,17.49079949809434,17.56020736694336,1754000
2013-09-20,17.599249017348146,17.612262475347496,17.4127150635584,17.44308090209961,1702200
2013-09-23,17.568883693281215,17.573220961136645,17.338970436218307,17.40403938293457,2047000
2013-09-24,17.4864643065464,17.590575294774595,17.395365123328826,17.51249122619629,2912800
2013-09-25,17.46043463593549,17.568884540506517,17.386689495138015,17.477787017822266,2018000
2013-09-26,17.555872701190616,17.555872701190616,17.382352175942408,17.47344970703125,1319000
2013-09-27,17.40403815262786,17.40403815262786,17.26956134603205,17.317277908325195,2092200
2013-09-30,17.165446407188124,17.391022350031083,17.078686174584863,17.299924850463867,3345000
2013-10-01,17.36066058641883,17.525504901525416,17.33029474611159,17.4691104888916,2296200
2013-10-02,17.343307826363823,17.473447375528117,17.31294198671929,17.456096649169922,1505400
2013-10-03,17.495136979670413,17.551529730780505,17.252208631301585,17.4127140045166,2886400
2013-10-04,17.382351663503883,17.551533260485442,17.382351663503883,17.51249122619629,1484000
2013-10-07,17.39970380247983,17.57322266536497,17.325957003272567,17.44742202758789,1572000
2013-10-08,17.499473417318818,17.516825795982463,17.1394190067108,17.174123764038086,4612600
2013-10-09,17.21750863649177,17.23052375211497,16.96156676009479,17.117734909057617,2482400
2013-10-10,17.304267552965822,17.538519758132725,17.304267552965822,17.508153915405273,2315400
2013-10-11,17.460432056607882,17.60792397122893,17.399700383789916,17.564544677734375,1445800
2013-10-14,17.443079766812033,17.703360493557184,17.399700473094832,17.677331924438477,1660600
2013-10-15,17.69468809872216,17.73373013336634,17.542857228521758,17.568885803222656,2476000
2013-10-16,17.577561548904022,17.74240587486614,17.564548089290852,17.720714569091797,2076400
2013-10-17,17.568884966627902,17.8378402731394,17.54285639316643,17.811813354492188,4278800
2013-10-18,17.8421740714899,17.902905737309045,17.725048006775648,17.88555335998535,1776000
2013-10-21,17.833502187652357,17.967979007337846,17.833502187652357,17.95062828063965,814000
2013-10-22,17.89857232226968,17.976656389435963,17.850855752169654,17.928939819335938,2707200
2013-10-23,17.62093840827303,17.62093840827303,17.304264914672398,17.37801170349121,4109400
2013-10-24,17.438744310849284,17.525504562110058,17.412715739026805,17.460433959960938,1759800
2013-10-25,17.460428849097667,17.555865263030626,17.460428849097667,17.5341739654541,3313400
2013-10-28,17.525504425522268,17.65564397399209,17.503813121765514,17.616601943969727,2946800
2013-10-29,17.668653607880536,17.89856681557123,17.668653607880536,17.88555335998535,2318800
2013-10-30,17.94195184668765,17.95062803732624,17.71203858661464,17.78144645690918,2016600
2013-10-31,17.785784354421992,17.97231832271936,17.785784354421992,17.859529495239258,1673000
2013-11-01,17.902906913665706,17.92893548136152,17.71203571500475,17.75975227355957,1324600
2013-11-04,17.842179593133814,17.842179593133814,17.677335267171692,17.720714569091797,1422800
2013-11-05,17.638293746744438,17.73806746791525,17.521167642374955,17.681673049926758,1693600
2013-11-06,17.76409153519829,17.790118448577797,17.655641649946546,17.768428802490234,1092800
2013-11-07,17.772771277491817,17.816150578338757,17.46477228414723,17.490800857543945,4300600
2013-11-08,17.50815175072644,17.629615106618722,17.38668839483416,17.612262725830078,1434600
2013-11-11,17.521164110834334,17.62093781189491,17.512487920983762,17.577558517456055,3077600
2013-11-12,17.456098312439916,17.69468778444368,17.456098312439916,17.668659210205078,1058800
2013-11-13,17.51682664067414,17.81181047292508,17.51682664067414,17.790119171142578,2476800
2013-11-14,17.712040547931597,17.772772234312583,17.651307206736263,17.681673049926758,3754600
2013-11-15,17.72071194005293,17.833500756014757,17.59924858884547,17.80313491821289,3850600
2013-11-18,17.850851169189557,17.868201892583038,17.66431724049525,17.694683074951172,2315400
2013-11-19,17.772769509780943,17.772769509780943,17.521164956413813,17.54719352722168,2364800
2013-11-20,17.59925076447555,17.633955529004506,17.43440644259152,17.490800857543945,2278200
2013-11-21,17.56020488566667,17.78144357404636,17.508149405088936,17.75975227355957,2029200
2013-11-22,17.659979545026,17.690345381590838,17.60358679415644,17.677331924438477,1954000
2013-11-25,17.764096042713252,17.764096042713252,17.57322313715661,17.681673049926758,1886000
2013-11-26,17.720710249422794,17.8118094089512,17.686007147308935,17.75975227355957,1266800
2013-11-27,17.625280757837086,17.868207509853928,17.625280757837086,17.85085678100586,1688400
2013-11-29,17.907246102029962,17.95930324300647,17.85085334819318,17.863866806030273,705200
2013-12-02,17.907247467720165,17.907247467720165,17.78578410580642,17.79446029663086,2097000
2013-12-03,17.82482638627061,17.959304863707892,17.772770895410524,17.859529495239258,1926000
2013-12-04,17.764092595225105,17.915921781711994,17.66865616096819,17.798795700073242,5985800
2013-12-05,17.842176819509422,17.92893706467676,17.798795869518734,17.85519027709961,3379000
2013-12-06,18.09811646848915,18.150171947439304,18.037384800578327,18.063411712646484,3880000
2013-12-09,18.176203622962298,18.219582920370865,18.11980921247986,18.145837783813477,3563000
2013-12-10,18.171865812984738,18.171865812984738,18.037388989895774,18.07642936706543,2066400
2013-12-11,18.102457525009275,18.15017574687503,17.90724736956491,17.954965591430664,4757200
2013-12-12,17.941948937802483,17.994004418380218,17.751076084327632,17.75975227355957,2228600
2013-12-13,17.82916290010751,17.85519147184357,17.67733370201585,17.729389190673828,1072400
2013-12-16,17.87688081762247,17.959303799314714,17.82916259765625,17.82916259765625,1412000
2013-12-17,17.889895460328553,18.046061919547476,17.842177241616906,17.976654052734375,1591600
2013-12-18,17.967978446990113,18.18921716733797,17.56020742305099,18.154512405395508,3392800
2013-12-19,18.1675279446581,18.1675279446581,18.00702089913066,18.106796264648438,3010600
2013-12-20,18.132823973875468,18.30634448560823,18.10245813254437,18.241273880004883,2852200
2013-12-23,18.373043560661714,18.4215215187395,18.311344952621248,18.399486541748047,2389800
2013-12-24,18.346601479824557,18.505255997267565,18.346601479824557,18.44796371459961,1823200
2013-12-26,18.540511114371707,18.558139767195563,18.46999818423715,18.52288246154785,749000
2013-12-27,18.544919118158102,18.597803395468805,18.50525548988486,18.52288246154785,1093800
2013-12-30,18.52729115302777,18.641874038314175,18.52729115302777,18.615432739257812,1012200
2013-12-31,18.67272617470582,18.752053446233823,18.641876867018393,18.699169158935547,1698400
2014-01-02,18.540512279534486,18.562547256368646,18.41270706027102,18.50525665283203,1548400
2014-01-03,18.483219340053108,18.514068642760257,18.368636455878107,18.44796371459961,1441000
2014-01-06,18.465597161695655,18.465597161695655,18.298128274123037,18.328977584838867,1171200
2014-01-07,18.32015974684837,18.443556966076155,18.3157534238021,18.39067268371582,1500200
2014-01-08,18.483219020956223,18.61543223731679,18.465592049114246,18.5889892578125,2913400
2014-01-09,18.544920919571606,18.58899087475124,18.32897410440493,18.42593002319336,2149800
2014-01-10,18.49203444311792,18.549326728191364,18.425929512181774,18.5008487701416,798000
2014-01-13,18.470000465122265,18.59339768780601,18.280496626765895,18.315753936767578,1596600
2014-01-14,18.434743807921716,18.831378436348437,18.403892822810693,18.804935455322266,5084800
2014-01-15,18.857820351547215,19.007660539904737,18.857820351547215,18.928333282470703,2163400
2014-01-16,18.959182273999343,18.96358859660197,18.79612143912847,18.866634368896484,2281400
2014-01-17,18.650688987982445,18.752051227126145,18.575769729939225,18.637468338012695,2675000
2014-01-21,18.7167965271873,18.747645832751985,18.588991300612985,18.721202850341797,1396800
2014-01-22,18.756459663907656,18.950369819634787,18.69035305021196,18.932741165161133,1606000
2014-01-23,18.835785351702285,18.835785351702285,18.580174926706807,18.690351486206055,2355000
2014-01-24,18.544923964782296,18.62424956089927,18.302534128009057,18.337791442871094,3948400
2014-01-27,18.351007977475504,18.36863663095073,18.077770573253254,18.174726486206055,3689600
2014-01-28,18.161505080643543,18.302530953307155,18.073363489938533,18.258460998535156,4592600
2014-01-29,18.090994647491584,18.284906510105635,18.090994647491584,18.143878936767578,3849000
2014-01-30,18.218797172119924,18.35541672031105,18.183539863750216,18.293716430664062,1657200
2014-01-31,18.055739015028006,18.258463524887016,18.024889706186904,18.143878936767578,2135800
2014-02-03,18.073364614860797,18.15269188331669,17.747242894463103,17.830976486206055,4971600
2014-02-04,17.747241036316687,17.79571899320419,17.637064472903617,17.764869689941406,3396200
2014-02-05,17.672320219686362,17.85300971767139,17.5841803132827,17.760461807250977,1858800
2014-02-06,17.77809096896063,18.060142712297555,17.77809096896063,18.024887084960938,2766600
2014-02-07,18.0909916796848,18.293716156287093,18.042513721984044,18.267274856567383,2483400
2014-02-10,18.24964808779647,18.386267648051025,18.24964808779647,18.36863899230957,2218400
2014-02-11,18.38626633440376,18.655097431189706,18.38626633440376,18.59339714050293,2457000
2014-02-12,18.628654436377207,18.76527398677468,18.62424643217931,18.694759368896484,2764600
2014-02-13,18.641877285927276,18.915114737796436,18.615435982264557,18.89307975769043,3227600
2014-02-14,18.937145361072005,19.064948877401967,18.840189462125903,19.034099578857422,2418000
2014-02-18,19.007663677722167,19.08699094825168,18.93274273059489,19.073768615722656,2022000
2014-02-19,19.012064952265842,19.126649504228716,18.972401327534186,19.029693603515625,2780000
2014-02-20,18.994438697807844,19.170721870228338,18.976811725494535,19.157501220703125,3122400
2014-02-21,19.192760818977746,19.24564510918543,19.025291938631927,19.051734924316406,2512400
2014-02-24,19.17953763660155,19.29852853474283,19.122245349090335,19.166316986083984,1941200
2014-02-25,19.131059813533902,19.197166428917406,18.96799895839195,19.060546875,4097000
2014-02-26,19.11783801763666,19.333783143452234,19.11783801763666,19.214792251586914,1398800
2014-02-27,19.21479559584847,19.236832257598937,19.07376970268403,19.223609924316406,2505600
2014-02-28,19.232423660360247,19.307344609449245,19.10902642793273,19.236831665039062,4448600
2014-03-03,19.082582623760068,19.148689241813408,18.937150417668303,19.113431930541992,3193000
2014-03-04,19.31615537842581,19.40429528182686,19.280898072136672,19.36463165283203,3212400
2014-03-05,19.426328967165716,19.465990908932508,19.351408043342502,19.38666534423828,3634000
2014-03-06,19.474810596864693,19.59820950281919,19.443961290666344,19.593801498413086,2289000
2014-03-07,19.655500110809783,19.686349417008135,19.532102886016386,19.593801498413086,2186800
2014-03-10,19.523288558365273,19.642279459913663,19.474810596864693,19.593801498413086,3817800
2014-03-11,19.60702224755161,19.664312850917003,19.40429609026472,19.452774047851562,3758200
2014-03-12,19.37785606915851,19.66872215270996,19.33819243589417,19.66872215270996,1355600
2014-03-13,19.673132194512196,19.761273805222512,19.272089462883578,19.39989471435547,4712800
2014-03-14,19.28089936468602,19.430739564138023,19.23242140586905,19.241235733032227,1934600
2014-03-17,19.324968828970057,19.501252005438406,19.324968828970057,19.452774047851562,1747600
2014-03-18,19.488033720712913,19.690758221441854,19.404298445205747,19.681943893432617,1424800
2014-03-19,19.60261600500306,19.796526171614342,19.527696741026354,19.659908294677734,1958200
2014-03-20,19.607022572124528,19.990436553955078,19.54973028664976,19.990436553955078,2511800
2014-03-21,19.986028695436257,20.04772898548374,19.748048587039982,19.78330421447754,2460200
2014-03-24,19.80975107169547,19.89789267927574,19.571769235577147,19.71720314025879,4688400
2014-03-25,19.726011482842083,20.008064901774084,19.726011482842083,19.92873764038086,3284600
2014-03-26,20.096206541626074,20.140278180178203,19.717200537044437,19.72601318359375,4402400
2014-03-27,19.695162452313014,19.831782000199006,19.571765235616624,19.615835189819336,3715000
2014-03-28,19.65109584498742,19.924333306134866,19.65109584498742,19.761272430419922,1869600
2014-03-31,19.880261398433902,20.157906837271458,19.862632743011588,20.100614547729492,3114600
2014-04-01,20.10061483573952,20.40029525756836,20.10061483573952,20.40029525756836,5397000
2014-04-02,20.413515928852284,20.41792393335592,20.201977104028458,20.298933029174805,4034200
2014-04-03,20.32978310484875,20.519286957804105,20.259270160574285,20.351818084716797,3454400
2014-04-04,20.532503427127374,20.532503427127374,19.82296612424148,19.849409103393555,8198000
2014-04-07,19.800935448590074,19.986031299365177,19.624652244951783,19.73923683166504,7552200
2014-04-08,19.752456798389765,20.04773090206772,19.752456798389765,20.02128791809082,4932600
2014-04-09,20.127056475736843,20.26808404234079,20.030102230220663,20.25926971435547,2779800
2014-04-10,20.193162996385443,20.285710918037374,19.633465780761,19.651094436645508,6204400
2014-04-11,19.483622417923513,19.686346884335084,19.329375906775773,19.36903953552246,4861400
2014-04-14,19.6378704452355,19.651091094319685,19.360225046341444,19.54091453552246,3061200
2014-04-15,19.54091645916663,19.695162984202714,19.307342669494552,19.677536010742188,4984000
2014-04-16,19.677534539141764,19.677534539141764,19.329376201627866,19.63346290588379,7136200
2014-04-17,19.615835812009077,19.968402181457705,19.615835812009077,19.875852584838867,5449800
2014-04-21,19.990438583183945,20.012473562553783,19.73923611981324,19.98603057861328,3166000
2014-04-22,19.906702969551336,20.157907109812893,19.906702969551336,20.127056121826172,2773000
2014-04-23,20.08298239307088,20.153495321312928,20.016875787336097,20.06094741821289,2282600
2014-04-24,20.268084835068723,20.27689748223756,19.994845700320354,20.210792541503906,3656600
2014-04-25,19.99484352653822,19.99484352653822,19.540916594437434,19.571765899658203,4586400
2014-04-28,19.659904793032275,19.730417721164624,19.25445419540066,19.518878936767578,6263600
2014-04-29,19.611431592091535,19.690758865608625,19.48803435824772,19.602617263793945,2077200
2014-04-30,19.501252137921423,19.69957029250536,19.47480915692324,19.68634796142578,2303800
2014-05-01,19.65549741696079,19.792116955087266,19.518879559995188,19.54091453552246,3033600
2014-05-02,19.53651027133206,19.67753614695873,19.50565928495024,19.571765899658203,2125400
2014-05-05,19.34700609204849,19.620243511076072,19.34700609204849,19.576171875,2139000
2014-05-06,19.580579726799353,19.726011921816006,19.540916095220087,19.54532241821289,2477400
2014-05-07,19.57176511449021,19.64227804947475,19.457182225575696,19.620243072509766,4673800
2014-05-08,19.593804362347313,19.986032753766022,19.5541407227004,19.7480525970459,3539000
2014-05-09,19.721606907637636,19.743641886386015,19.576173021808337,19.659908294677734,2723000
2014-05-12,19.80093473451325,19.999252911164113,19.752456771202908,19.98603057861328,1849000
2014-05-13,19.98602935255819,20.03010098975543,19.836189148409705,19.84059715270996,1380800
2014-05-14,19.79211890346027,19.845003186163925,19.67312800650628,19.677536010742188,1023000
2014-05-15,19.677535336509578,19.68634798235737,19.36463261176179,19.483623504638672,2128200
2014-05-16,19.501251248059155,19.67312641380207,19.435144639160697,19.63787078857422,1545600
2014-05-19,19.629058187697144,19.849411328516837,19.62465018343056,19.80974769592285,1553000
2014-05-20,19.77448622563542,19.849407151953564,19.611425406463972,19.712787628173828,3525600
2014-05-21,19.81415308097459,19.87144536560044,19.717198846793504,19.827375411987305,4119200
2014-05-22,19.893482086498032,19.9639950271576,19.84500412457687,19.897890090942383,1254200
2014-05-23,19.91992202678527,20.060947886561802,19.867037749659286,20.052133560180664,2154000
2014-05-27,20.193162458562163,20.33859634399414,20.118243194790136,20.33859634399414,1778800
2014-05-28,20.31655793174931,20.409107524114614,20.26367365122697,20.369443893432617,2758200
2014-05-29,20.444364715938207,20.444364715938207,20.33418814240445,20.373851776123047,1320800
2014-05-30,20.373850989505677,20.45758457694045,20.338595361539834,20.42232894897461,1689000
2014-06-02,20.633870758465545,20.633870758465545,20.382668278499104,20.536914825439453,2676000
2014-06-03,20.461994597360402,20.8057449894133,20.461994597360402,20.792524337768555,3596800
2014-06-04,20.77489205709776,20.89828926735078,20.71759977469704,20.858627319335938,2212600
2014-06-05,20.885069546716682,20.964396808595644,20.779300984985387,20.94236183166504,2657600
2014-06-06,21.02168861485825,21.078980898502,20.986431307643343,21.05253791809082,2241000
2014-06-09,21.074576043228173,21.237636910557345,21.074576043228173,21.09661102294922,5460600
2014-06-10,21.1274582854925,21.24204285880719,21.043724698194097,21.20237922668457,2922800
2014-06-11,21.211193358416168,21.308147595141328,21.171529726659188,21.237634658813477,2735200
2014-06-12,21.114236548625307,21.316961021859285,21.109830225798888,21.189157485961914,3768200
2014-06-13,21.54172562889532,21.58579558891482,21.391885411203337,21.53291130065918,2248600
2014-06-16,21.493246557230076,21.673936073862063,21.48002590613736,21.621051788330078,1812400
2014-06-17,21.621052236800487,21.748855789390305,21.58579492494043,21.713600158691406,2244200
2014-06-18,21.695968004954302,21.744445960365724,21.510872191013473,21.673933029174805,5132600
2014-06-19,21.616642018437574,21.757667889112778,21.61223569548691,21.75326156616211,3119800
2014-06-20,21.76207589322443,21.775296543237424,21.673934303762184,21.75326156616211,3325200
2014-06-23,21.76648046582419,21.76648046582419,21.638675255439434,21.68274688720703,1236200
2014-06-24,21.691563452496947,21.82818132217565,21.502059619238402,21.541723251342773,5262600
2014-06-25,21.506467161011596,21.70919165607252,21.46239720335874,21.687156677246094,2965400
2014-06-26,21.634270847803432,21.678340802311038,21.43595269019721,21.58138656616211,2352400
2014-06-27,21.612237610402897,21.66071557296049,21.532910340974315,21.651901245117188,2106200
2014-06-30,21.634273212125468,21.841405719502085,21.634273212125468,21.810556411743164,2116600
2014-07-01,22.030908715773194,22.22041087844097,21.889881152854915,22.16312026977539,4388000
2014-07-02,22.16311832073555,22.260072555191673,22.12786101281625,22.229223251342773,4776400
2014-07-03,22.405509627058997,22.476022571802517,22.339403005853917,22.445173263549805,1517000
2014-07-07,22.427540615249775,22.453983595257526,22.268886097525087,22.277700424194336,2632200
2014-07-08,22.224816621766387,22.30855020517787,22.02649847035924,22.167524337768555,3786000
2014-07-09,22.211595810154083,22.26007208577941,22.05734761300134,22.238037109375,2231800
2014-07-10,21.88547561506038,22.304146952061675,21.876661286989055,22.251262664794922,4436800
2014-07-11,22.29532958764935,22.308550237375258,22.11464008969782,22.202781677246094,2049200
2014-07-14,22.330585358382315,22.379063315905416,22.24685177430848,22.334993362426758,3938800
2014-07-15,22.343806912072942,22.387876864018523,22.05294085821376,22.282108306884766,3973000
2014-07-16,22.480426002690603,22.54212629241801,22.38347176686953,22.52890396118164,4134800
2014-07-17,22.387880892488926,22.414323877110963,21.938360240881558,21.973617553710938,7024400
2014-07-18,22.044129198995698,22.24244736906969,22.026500543619985,22.233633041381836,3812200
2014-07-21,22.207190853517282,22.343810415829484,22.180749550668004,22.321775436401367,1648600
2014-07-22,22.41431905307544,22.550936907983225,22.40991104933986,22.533309936523438,4009600
2014-07-23,22.379063147740712,22.427541104899532,22.066162109375,22.066162109375,6675800
2014-07-24,22.09701270106108,22.1763399662801,22.008871108466497,22.04412841796875,3406800
2014-07-25,21.90750940024631,21.90750940024631,21.563759030012157,21.629865646362305,8413000
2014-07-28,21.66512174607988,21.66512174607988,21.361035002819545,21.621051788330078,6873600
2014-07-29,21.647493561031762,21.801741778830962,21.607829925730385,21.61223793029785,6010800
2014-07-30,21.801740630139847,21.96920780933444,21.757668992593057,21.90310287475586,7673200
2014-07-31,21.62104951009233,21.70478309345829,21.396288378232782,21.48883628845215,6727400
2014-08-01,21.440359730744806,21.67393350522734,21.391881774268597,21.563756942749023,6201800
2014-08-04,21.704785182237575,21.71359950993924,21.462397054505725,21.656307220458984,3195600
2014-08-05,21.510874293989843,21.532909271923554,21.22441453736845,21.299335479736328,5683000
2014-08-06,21.211192718286686,21.559349385245405,21.211192718286686,21.418323516845703,5377200
2014-08-07,21.559349602344813,21.581386260447452,21.127457665876523,21.180343627929688,5383600
2014-08-08,21.25085875584395,21.369849661001485,21.189160141575854,21.343406677246094,2408600
2014-08-11,21.45798670305903,21.660712855701437,21.453580380270708,21.563756942749023,4201000
2014-08-12,21.506463691382837,21.603419599970607,21.361031509662034,21.546127319335938,2876000
2014-08-13,21.634273212125468,21.832591391405078,21.612238232463554,21.810556411743164,5289800
2014-08-14,21.863438274124924,21.903101905581455,21.819366638528226,21.885473251342773,3519200
2014-08-15,22.0220921562275,22.119046389384188,21.810553355029796,22.066162109375,8560600
2014-08-18,22.105827979948696,22.167526593072314,21.995651404753346,22.16312026977539,3421600
2014-08-19,22.2468535240312,22.339401442311882,22.22922486878885,22.30414581298828,1638800
2014-08-20,22.299736511456935,22.453984714113464,22.299736511456935,22.427541732788086,3172800
2014-08-21,22.43195197107368,22.542128549161152,22.387880331141993,22.524499893188477,2690600
2014-08-22,22.555347442626953,22.643489034459527,22.498055155761627,22.555347442626953,1894000
2014-08-25,22.727223615860883,22.727223615860883,22.42754319922255,22.471614837646484,2058800
2014-08-26,22.49364946808497,22.56856873050428,22.45398583469796,22.47602081298828,3628200
2014-08-27,22.537718757724434,22.5685680626502,22.3834722330956,22.520090103149414,2613200
2014-08-28,22.44076220839138,22.621453390968394,22.370249273232954,22.599416732788086,618400
2014-08-29,22.771289704455825,22.815361335392325,22.6699274750431,22.775697708129883,5463000
2014-09-02,22.877061975296257,22.894690629241115,22.69196615235817,22.771291732788086,2620600
2014-09-03,22.868245923199922,22.951981182540727,22.78451234501996,22.8373966217041,2708200
2014-09-04,22.87265886486656,23.03131172917023,22.819772895604125,22.885879516601562,3002400
2014-09-05,22.86824657497004,22.996051788330078,22.832990949896068,22.996051788330078,1806600
2014-09-08,22.95198470662685,23.159115522593304,22.943170378965984,23.013683319091797,2863600
2014-09-09,22.97842619604781,23.0489391367493,22.802144684874637,22.841808319091797,2074400
2014-09-10,22.78010434128579,22.890280898388244,22.687556436798328,22.8373966217041,2678200
2014-09-11,22.731629997960706,22.88146851442501,22.639080404456124,22.872655868530273,1919200
2014-09-12,22.81977006238061,22.82858438949666,22.50686901498536,22.56416130065918,8679000
2014-09-15,22.608234431337625,22.669933048657086,22.348217628947584,22.37025260925293,3602200
2014-09-16,22.308552528870457,22.753666835188163,22.308552528870457,22.700780868530273,4435800
2014-09-17,22.771293003756888,22.982833500580266,22.73603737506037,22.85062026977539,3271600
2014-09-18,22.903506067685633,23.163522841927097,22.88146940860467,23.159114837646484,3235000
2014-09-19,23.203188607531327,23.21640925926633,22.84621588023534,22.885879516601562,3728800
2014-09-22,22.828586270472993,22.859435577340513,22.590604462213996,22.630268096923828,4460000
2014-09-23,22.533311965314095,22.69637281383404,22.453984702539856,22.52890396118164,4588000
2014-09-24,22.66111411426175,22.828582956633305,22.595009186782036,22.79332733154297,3200000
2014-09-25,22.76688548283394,22.76688548283394,22.308550565764833,22.401100158691406,4351200
2014-09-26,22.550942111860124,22.661118694422257,22.42313855377059,22.608234405517578,1956400
2014-09-29,22.418726798026736,22.70959286007804,22.33499321450745,22.64348793029785,3627600
2014-09-30,22.674338659110905,22.674338659110905,22.401101233622498,22.515684127807617,3749800
2014-10-01,22.44076437381212,22.476021685373976,21.964802435855052,22.0220947265625,6784400
2014-10-02,22.022092953136696,22.026499276146517,21.550537376518378,21.916322708129883,13885800
2014-10-03,22.09260368347168,22.211594566787713,21.942763498684176,22.09260368347168,5266200
2014-10-06,22.189559837347325,22.242445799743066,21.872252468777823,21.991243362426758,9177800
2014-10-07,21.889878626234722,21.951578913397757,21.563756942749023,21.563756942749023,7972600
2014-10-08,21.572574091115683,22.052944033598553,21.374255916483097,22.0220947265625,15607000
2014-10-09,21.991243823695193,22.017685124286682,21.497651584614395,21.506465911865234,7601200
2014-10-10,20.90269886917194,20.95999115595244,19.94636537312014,20.082984924316406,33935000
2014-10-13,20.201974674201825,20.42673412318096,19.796524047851562,19.796524047851562,12968000
2014-10-14,20.122648573119157,20.567761173898212,20.025692654050815,20.2196044921875,19158200
2014-10-15,19.651093108604766,20.35622248472015,19.580580170993226,20.21519660949707,9758400
2014-10-16,19.871447765049435,20.66912679858911,19.867041441620454,20.45758628845215,8788400
2014-10-17,20.752857839864948,20.9247330121899,20.603017644296354,20.67353057861328,7657000
2014-10-20,20.56335433713402,20.91151269130834,20.47962075167833,20.871849060058594,7086600
2014-10-21,21.004060568625,21.532908424014682,20.9247333062585,21.51527976989746,8816400
2014-10-22,21.625457511337633,21.75766906207809,21.250857837379485,21.259672164916992,9969200
2014-10-23,21.524096972423038,21.6474942054066,21.444769699458977,21.53291130065918,7180600
2014-10-24,21.56375994560847,21.77529877328535,21.475618347119482,21.713600158691406,4837200
2014-10-27,21.5681627717989,22.079381942749023,21.493243517985942,22.079381942749023,4476000
2014-10-28,21.876660009474218,22.14108479268892,21.863439358719862,22.136676788330078,5966400
2014-10-29,22.097014242271857,22.211598824985114,21.92513904936314,22.149898529052734,6005800
2014-10-30,22.008875785555308,22.061761761047443,21.576983739337972,21.792930603027344,16089000
2014-10-31,22.48924236255163,22.718409844484423,22.462801060010904,22.661117553710938,10286600
2014-11-03,22.674340360765513,22.877064863239895,22.630268720339874,22.788923263549805,4579800
2014-11-04,22.77569926800529,22.894690157942133,22.61263842527448,22.780105590820312,2231600
2014-11-05,22.86384374736529,22.982834652356225,22.696374879471254,22.934356689453125,5689200
2014-11-06,22.947576842143008,23.031310433690148,22.766887326896256,22.907913208007812,5161600
2014-11-07,22.916726152670126,22.943169134218095,22.542126493792807,22.731630325317383,6357000
2014-11-10,22.771290203422993,22.947573368710096,22.722813930071855,22.90350341796875,3241400
2014-11-11,23.026900434413193,23.026900434413193,22.77129001497829,22.8373966217041,1553600
2014-11-12,22.740445299662195,22.815366247805187,22.669932356142358,22.788923263549805,1404400
2014-11-13,22.868248924704183,23.044532111669977,22.771293003756888,22.85062026977539,3285600
2014-11-14,22.850620583452084,23.057753078806098,22.70518838119582,23.048938751220703,3680200
2014-11-17,22.974020324450102,23.018090282819568,22.758073493652965,22.934356689453125,3198800
2014-11-18,22.978425164211437,23.30895487412509,22.92113287710131,23.22962760925293,4960600
2014-11-19,23.29132653845608,23.357433153808643,23.08860205041111,23.189964294433594,2541200
2014-11-20,23.09301144853788,23.555752740452157,23.01809050120559,23.538124084472656,3801600
2014-11-21,23.79373264155753,23.811359614960047,23.520493539305605,23.674741744995117,4203600
2014-11-24,23.73643970969886,23.89509423413684,23.65270444337827,23.855430603027344,3578000
2014-11-25,23.89509517441128,23.95679378497368,23.815767909070757,23.83780288696289,4766000
2014-11-26,23.86424552832651,24.33139310514825,23.86424552832651,24.318172454833984,3226800
2014-11-28,24.40190633165278,24.569375189318517,24.304952092929284,24.481233596801758,3432000
2014-12-01,24.450384963194047,24.512083575302192,24.119855243048047,24.199182510375977,6547000
2014-12-02,24.15070329658767,24.265287868412525,24.053749060229336,24.256473541259766,3597200
2014-12-03,24.397498901507408,24.75446989731913,24.340206616797005,24.67073631286621,6918200
2014-12-04,24.772098582945578,24.789727236903786,24.56055977892998,24.70599365234375,6425200
2014-12-05,24.736844484828616,24.917533996163723,24.719215829781028,24.91312599182129,3575800
2014-12-08,24.873460447960078,24.961602035266605,24.41953354289874,24.573780059814453,5439800
2014-12-09,24.296136985965536,24.61785235934186,24.19477474623006,24.52971076965332,10729800
2014-12-10,24.494453531893672,24.54292980593197,24.097817244955717,24.15070152282715,6291200
2014-12-11,24.291731200842957,24.52971301039287,24.185962628483757,24.25206756591797,3525600
2014-12-12,24.044932315732126,24.221213797581918,23.8686491527215,23.890684127807617,7613600
2014-12-15,24.027307889433047,24.247661041374478,23.621857215657023,23.683557510375977,9540400
2014-12-16,23.613046176585023,23.987645887923872,23.476426607862223,23.485240936279297,12206000
2014-12-17,23.54693786494518,23.98764416721829,23.326584713808625,23.9523868560791,9739800
2014-12-18,24.35783685964231,24.37987183791878,24.1507043652891,24.371057510375977,9203200
2014-12-19,24.41513217844473,24.53412141213858,24.177150348734443,24.28291893005371,5271000
2014-12-22,24.44430380973153,24.729628248837212,24.3863467515795,24.68504524230957,4902400
2014-12-23,24.76975461846661,24.85891723923614,24.627092384433794,24.631549835205078,2968600
2014-12-24,24.70287869856505,24.783126410470967,24.60925693489742,24.69396209716797,1261800
2014-12-26,24.930245545982366,24.930245545982366,24.649380261016628,24.67167091369629,1292800
2014-12-29,24.711794877549444,24.711794877549444,24.53792540494795,24.60479736328125,2120400
2014-12-30,24.564675317058093,24.564675317058093,24.444305443060056,24.448762893676758,4968600
2014-12-31,24.511176733413503,24.689505365208436,24.319474049467708,24.35068130493164,6521000
2015-01-02,24.368516994884697,24.59142695704086,24.105483171513708,24.292728424072266,3612000
2015-01-05,24.212477180398505,24.23476783323876,23.84690503168136,23.860279083251953,5594600
2015-01-06,23.824611473693235,23.824611473693235,23.213838773275985,23.29854393005371,12135800
2015-01-07,23.410002852754452,23.695329025262836,23.35204748862112,23.60170555114746,8044600
2015-01-08,23.90040364999116,24.26151665848756,23.797865283339846,24.190185546875,6162000
2015-01-09,24.252598009696825,24.283805259912906,23.837985456063095,24.118850708007812,3346600
2015-01-12,24.083187706843297,24.12776901010595,23.66411767390416,23.811237335205078,6240800
2015-01-13,23.85581905858239,24.29272400145553,23.55266312985573,23.677492141723633,7038800
2015-01-14,23.49470945018008,23.775576467910366,23.352047215925836,23.58833122253418,7464200
2015-01-15,23.895945881274464,24.087648573698477,23.655204428572542,23.717618942260742,7772800
2015-01-16,23.57049488710301,23.940526177256153,23.427832671799276,23.909318923950195,7306000
2015-01-20,23.98065409908068,24.2169381143796,23.846908462131633,24.145606994628906,5092000
2015-01-21,24.114400105367086,24.515638723027664,24.038609832845392,24.45768165588379,5385000
2015-01-22,24.422013092898617,24.676130294799805,24.0430668656896,24.676130294799805,6108000
2015-01-23,24.578050360188644,24.76083644221527,24.51563584935046,24.569133758544922,3743000
2015-01-26,24.529006116930198,24.6047946682067,24.332846013037237,24.57358741760254,3602400
2015-01-27,24.22584931093783,24.31501361589621,23.90931764396986,24.083187103271484,10021800
2015-01-28,24.386347171459924,24.49334298763289,23.873653641905307,23.87811279296875,7021000
2015-01-29,23.94944538040557,24.1277723185766,23.58387320138683,24.011859893798828,6044600
2015-01-30,23.83353166947952,24.01631776216796,23.47241863551854,23.50808334350586,7182600
2015-02-02,23.512541852142895,23.61953767384781,23.11130326907967,23.55266571044922,13757400
2015-02-03,23.735450822750934,23.91823690293097,23.579412846563972,23.88702964782715,6067600
2015-02-04,23.87811342152183,24.216935782545622,23.87811342152183,24.056440353393555,7655800
2015-02-05,24.21247882366959,24.297183990478516,24.00740038188454,24.297183990478516,5047200
2015-02-06,24.297179129615095,24.448757929826552,23.985104929101205,24.038602828979492,5105800
2015-02-09,23.953897189594795,23.953897189594795,23.597241696582206,23.722070693969727,5815400
2015-02-10,24.145606523681423,24.511178717856943,23.998486836107375,24.502262115478516,7357600
2015-02-11,24.51563957933214,24.72071634633596,24.43093270116282,24.644926071166992,5740400
2015-02-12,24.743002691314448,24.99266242980957,24.734086089868068,24.99266242980957,5937400
2015-02-13,25.023869535129105,25.188822409232664,24.90349796732343,25.139781951904297,5912200
2015-02-17,25.095199671694,25.25569508920628,25.02832601417463,25.24677848815918,3562600
2015-02-18,25.228946796900072,25.242320848937748,25.06399391931992,25.162073135375977,5212800
2015-02-19,25.09519785369795,25.242317508647766,25.041698251291077,25.175445556640625,4734000
2015-02-20,25.188818690523956,25.30919024055878,25.028323290477523,25.291357040405273,4190800
2015-02-23,25.24677867985198,25.273526782528617,25.037242805323576,25.10857391357422,2701400
2015-02-24,25.12640703630579,25.630183943357647,25.03278527589824,25.62572479248047,5209600
2015-02-25,25.55885221558741,25.603433519271597,25.393897650486927,25.451854705810547,3616600
2015-02-26,25.474145805901657,25.639098673236965,25.429564501433006,25.54547691345215,4028800
2015-02-27,25.536562374117338,25.581145382853148,25.38052609521173,25.398359298706055,7039000
2015-03-02,25.612350722386175,26.067087173461914,25.612350722386175,26.067087173461914,9773800
2015-03-03,25.924423328372804,25.977921230823398,25.59005846188821,25.639097213745117,9878000
2015-03-04,25.63909999160597,25.63909999160597,25.340401494837803,25.598976135253906,4061800
2015-03-05,25.732721491938626,25.750552992880735,25.483061771404316,25.590059280395508,2515600
2015-03-06,25.460770424685293,25.527642377895038,25.211110710966313,25.269067764282227,3590600
2015-03-09,25.237861994462932,25.295819051181727,25.077366576267977,25.17990493774414,3771200
2015-03-10,24.97483045936495,25.019411768128997,24.662756196012886,24.66721534729004,9557800
2015-03-11,24.836626535194856,25.099660347550774,24.836626535194856,24.85000228881836,7273200
2015-03-12,24.42646947367023,24.783125006002606,24.42646947367023,24.711793899536133,9198600
2015-03-13,24.685045490267154,24.92578862593123,24.595881176984037,24.916872024536133,6343000
2015-03-16,24.97482810855979,25.273526590632724,24.97482810855979,25.24677848815918,5882000
2015-03-17,25.050616072736833,25.113032278587212,24.91687046153574,25.07736587524414,2674200
2015-03-18,25.032788604401958,25.438484654112774,24.76083818743805,25.30919647216797,10024200
2015-03-19,25.282443638304677,25.393898602360686,25.26015298562703,25.34040069580078,4733200
2015-03-20,25.478608186975443,25.804056512727257,25.478608186975443,25.741641998291016,6201400
2015-03-23,25.683684728118575,25.781765650397283,25.514272689819336,25.514272689819336,5507200
2015-03-24,25.48306135606687,25.55439246067583,25.282442092895508,25.282442092895508,5225800
2015-03-25,25.291362955302,25.291362955302,24.060900768290164,24.101024627685547,20870600
2015-03-26,23.610620920539958,24.127771923912263,23.45904209020663,23.927152633666992,23673400
2015-03-27,23.891486678776623,24.845540919582717,23.855820273188296,24.69396209716797,15603400
2015-03-30,24.76529292683706,25.023869262416707,24.62263070743719,24.90349769592285,10097400
2015-03-31,24.792043886858853,24.94362271462331,24.6404650590944,24.653839111328125,5471600
2015-04-01,24.67612733919372,24.67612733919372,24.32393095987871,24.41309356689453,6369800
2015-04-02,24.533468844455825,24.70288088465693,24.453221125448355,24.479970932006836,5737000
2015-04-06,24.181268312965376,24.600338340673225,24.11885210824202,24.542381286621094,6550400
2015-04-07,24.52900962530166,24.769752764967937,24.511176422215005,24.55575942993164,3759000
2015-04-08,24.471053553031815,24.74300395873924,24.462136951128695,24.676130294799805,3848800
2015-04-09,24.46659306175321,24.943620149944614,24.46659306175321,24.921329498291016,5220800
2015-04-10,24.89012778882209,25.06845474243164,24.89012778882209,25.06845474243164,3024400
2015-04-13,25.077368835453676,25.166533153668873,24.876749544636464,24.894582748413086,6005200
2015-04-14,24.907956795550966,24.93024744993299,24.56021782532125,24.66721534729004,5845200
2015-04-15,24.823248097599965,25.215570021455036,24.823248097599965,25.126405715942383,6375200
2015-04-16,24.845541583545035,25.08182557454469,24.845541583545035,25.01495361328125,10816800
2015-04-17,24.783126410470967,24.818791115391473,24.573590529309094,24.69396209716797,5640800
2015-04-20,24.827707205778655,25.00603582871425,24.827707205778655,24.899038314819336,3556400
2015-04-21,25.144242849007775,25.25123867181986,24.961456759424856,25.05953598022461,4024800
2015-04-22,25.237864827823284,25.514272689819336,25.086285993696166,25.514272689819336,4985800
2015-04-23,25.050618582031372,25.358235389342028,25.041701980302438,25.251237869262695,5246400
2015-04-24,25.318110472793663,25.398358184329286,24.89458126205961,24.983745574951172,8055600
2015-04-27,25.019409748268345,25.434022348839648,24.979285893352806,25.184364318847656,27557800
2015-04-28,25.15761400814409,25.179904660277145,24.81433252315824,25.16653060913086,6500800
2015-04-29,24.988203025295235,25.072909887842734,24.756376492044303,24.983745574951172,8033200
2015-04-30,24.89903769582189,24.997118606064923,24.600339215598456,24.725168228149414,6352200
2015-05-01,24.948079160645186,25.438482031040262,24.94362171030271,25.4295654296875,8296000
2015-05-04,25.456309890156298,25.491976290463313,25.246775740689074,25.291357040405273,5460400
2015-05-05,25.153155278345377,25.21111233539564,24.79649973624333,24.80987548828125,12282200
2015-05-06,24.934706188738488,25.02387050545953,24.63600598282317,24.805418014526367,8962200
2015-05-07,24.867831457991798,25.068450736830858,24.849999955947737,24.983745574951172,6930200
2015-05-08,25.162074674792407,25.327029263132346,25.144243171207194,25.22003173828125,8114400
2015-05-11,25.2021963747116,25.29136068766995,25.11749121276847,25.21111297607422,6724400
2015-05-12,25.126408606092173,25.14869925986739,24.88566546371698,25.019411087036133,6319400
2015-05-13,25.08182512268471,25.32702741157017,25.072910221877816,25.144241333007812,4333200
2015-05-14,25.286902452332235,25.509812377474322,25.211112193436687,25.402814865112305,8296400
2015-05-15,25.491978281167945,25.545476185138625,25.318108817762454,25.438480377197266,6632000
2015-05-18,25.500898682761658,25.670310721364746,25.38052710538588,25.661394119262695,3563400
2015-05-19,25.768386753256962,25.839717860575277,25.514269577143725,25.61680793762207,4022400
2015-05-20,25.603437834528734,25.857555049827038,25.554397371810108,25.692602157592773,3047400
2015-05-21,25.674768332441914,25.786223308411767,25.496439690622964,25.741641998291016,2819400
2015-05-22,25.719346361963435,25.853093676601663,25.719346361963435,25.76392936706543,1732400
2015-05-26,25.723809859190325,25.723809859190325,25.45185943445563,25.558856964111328,4396800
2015-05-27,25.688137437143553,26.593152824143555,25.621265484843693,26.51290512084961,15446400
2015-05-28,26.490613578636804,26.64665154010499,26.36132711997398,26.54857063293457,13910600
2015-05-29,26.58423632046183,26.744731727633873,26.52182181782107,26.66448402404785,11821400
2015-06-01,26.73581638188985,26.807147488350854,26.428199603484238,26.57086181640625,7304000
2015-06-02,26.441577159416703,26.539656374575767,26.18300081793407,26.191917419433594,5703400
2015-06-03,26.36132857245231,26.365786022720343,25.98683982522954,26.009130477905273,3508400
2015-06-04,25.92442704807596,25.991299010567246,25.625726840144267,25.70151710510254,6571200
2015-06-05,25.643557994653648,25.728263153974606,25.460771924047968,25.62572479248047,3332600
2015-06-08,25.630183656436508,25.63464110659602,25.113032703877977,25.16653060913086,8659600
2015-06-09,25.18882372311089,25.286904642883634,24.988204432970228,25.193281173706055,7530200
2015-06-10,25.335943519327177,25.67030841510854,25.322567767041814,25.576684951782227,5838200
2015-06-11,25.7148866776962,25.763927128713917,25.58114107534545,25.60788917541504,3451400
2015-06-12,25.48752166075289,25.549937872360786,25.358235188377645,25.389442443847656,3000800
2015-06-15,25.1397846811394,25.349320584956384,25.028329702627047,25.318113327026367,5048600
2015-06-16,25.224488700577393,25.491979938489028,25.170989092460815,25.4295654296875,3259600
2015-06-17,25.429564053968456,25.57222626655912,25.35823294767312,25.451854705810547,2815200
2015-06-18,25.536557797791172,25.906589050980745,25.532100348050342,25.81296730041504,4358000
2015-06-19,25.879842421136015,25.897675623619296,25.59897543436161,25.71934700012207,5700200
2015-06-22,25.9110496734804,25.969006731213437,25.795137258682114,25.942256927490234,4815000
2015-06-23,25.986838695692516,26.040336599922504,25.73717897483972,25.817426681518555,3083400
2015-06-24,25.82188465857876,25.86646766357005,25.598974735625557,25.61680793762207,4513800
2015-06-25,25.8040585456959,25.853099011093153,25.616813286967115,25.67477035522461,2351400
2015-06-26,25.420649207513502,25.420649207513502,24.765293453986448,24.92578887939453,20158600
2015-06-29,24.600339524694643,24.74300174102189,24.18126947681683,24.21247673034668,14581800
2015-06-30,24.453221057733224,24.529011325771727,24.208020450630716,24.328392028808594,9920600
2015-07-01,24.56913370489994,24.73408658327896,24.346223766297207,24.422012329101562,7093600
2015-07-02,24.515632066862015,24.662751719614832,24.399717964045752,24.57358741760254,7262600
2015-07-06,24.328391960594377,24.533468707729245,24.069817301308664,24.17681312561035,9861600
2015-07-07,24.02969224898013,24.11439741406911,23.37879393067809,24.056440353393555,15372200
2015-07-08,23.820157453662812,23.820157453662812,23.35650434832276,23.42783546447754,19992600
2015-07-09,23.88703007672301,23.909320730673425,23.124676786543002,23.1648006439209,13330600
2015-07-10,23.392169160967025,23.659660403132744,23.392169160967025,23.583871841430664,12053600
2015-07-13,23.726533550638347,23.842445966224076,23.39662610514883,23.78894805908203,8819000
2015-07-14,23.9004060416396,24.038609127592878,23.864739631930355,23.980653762817383,10953600
2015-07-15,24.025231955071202,24.06089836014985,23.753281568683807,23.860279083251953,8059800
2015-07-16,23.994024422209428,23.994024422209428,23.58387097257675,23.846904754638672,12379600
2015-07-17,23.842447027724013,23.864737681636626,23.601703883864875,23.83353042602539,7441800
2015-07-20,23.855819958340906,23.909319566017317,23.63291002835927,23.641826629638672,4809800
2015-07-21,23.637368878685603,23.833529002334046,23.588328422606548,23.623994827270508,5674200
2015-07-22,22.968639541429603,23.392168751331837,22.83489392268885,23.048887252807617,17806200
2015-07-23,23.200468428304713,23.6373717342119,23.18263522381838,23.3698787689209,10110600
2015-07-24,23.427835441503927,23.450126096405192,22.817062653735796,22.83043670654297,7354400
2015-07-27,22.683316611100626,22.88839335353113,22.48269731930212,22.74127197265625,9295400
2015-07-28,22.821518523004993,23.360961857974885,22.687772902197484,23.21384048461914,14212600
2015-07-29,23.25842033020765,23.36096039040847,23.05334361114147,23.30746078491211,7922000
2015-07-30,23.316382812670383,23.58833325156907,23.245051689407457,23.521459579467773,7605200
2015-07-31,23.508080626902085,23.5169972280355,23.196006389903605,23.2495059967041,4326000
2015-08-03,23.20938501126103,23.22721651506456,23.008765712626488,23.13805389404297,5694800
2015-08-04,23.080092269777005,23.124673571479615,22.745727405004498,22.892847061157227,7697200
2015-08-05,23.285168613335866,23.33866651467315,22.910679902639636,23.16925621032715,6238200
2015-08-06,23.182634743211906,23.182634743211906,22.692233534680373,22.90176773071289,8453800
2015-08-07,22.821517751712236,22.98647232244548,22.741270041806274,22.9597225189209,5166200
2015-08-10,23.093469591634637,23.60616313718236,23.08009553936278,23.539289474487305,9107600
2015-08-11,23.182631594122114,23.258420150320855,22.910681220622692,23.004302978515625,5672400
2015-08-12,22.71006347732894,23.151425895208057,22.509445897142626,23.0622615814209,6472000
2015-08-13,22.995391108372246,23.071179674557428,22.741272202414788,22.745731353759766,3232400
2015-08-14,22.64319072185716,22.70114607821473,22.438113997820132,22.58077621459961,4578800
2015-08-17,22.47377931033609,22.76802035299614,22.30882643659263,22.75464630126953,6324000
2015-08-18,22.71006438216761,22.74127163813633,22.313284955707076,22.353408813476562,10867600
2015-08-19,22.389077143071887,22.40690864753658,21.98338107997633,22.12604331970215,15532000
2015-08-20,21.943255773849224,21.952172375828457,21.399354957791616,21.403812408447266,10792600
2015-08-21,21.149694777788905,21.452852436296382,20.81532986331753,20.859912872314453,21142200
2015-08-24,19.406538234276308,21.38597952891772,19.406538234276308,20.530004501342773,19834000
2015-08-25,20.940162958334017,21.42164760533108,20.356138229370117,20.356138229370117,12624200
2015-08-26,20.761829568910308,21.319104362365422,20.57458605462989,21.28789710998535,9502600
2015-08-27,21.56876887172184,22.04579606479659,21.56876887172184,21.996755599975586,11120600
2015-08-28,21.970002864942096,22.24195326041716,21.903130904186696,22.183996200561523,9824600
2015-08-31,22.085918449523025,22.34449310946293,21.907589807678423,22.090375900268555,5967800
2015-09-01,21.64901471120631,21.85409145472484,21.26115017811542,21.403812408447266,13667000
2015-09-02,21.831797353048863,21.947709759141393,21.59551168957662,21.934335708618164,8109600
2015-09-03,22.126040059142063,22.40690534558734,22.068083001335413,22.152788162231445,5681400
2015-09-04,21.916502947268818,22.01012470414543,21.68913558047309,21.8050479888916,6818400
2015-09-08,22.331119664758297,22.661027150955626,22.28207920188199,22.63427734375,10223200
2015-09-09,22.839352908331346,23.071179456710816,22.228580131268245,22.29099464416504,13549200
2015-09-10,22.241954093664347,22.58077816325598,22.010127546224783,22.36232566833496,10696200
2015-09-11,22.161703627356744,22.433653999275798,22.112663173316562,22.402446746826172,7115600
2015-09-14,22.531738143287324,22.580778604370533,22.3578686544781,22.455947875976562,2958200
2015-09-15,22.65210871572912,22.879476106242166,22.57631845177952,22.78585433959961,7775600
2015-09-16,22.84826763964976,22.91068214743659,22.647648364143667,22.888391494750977,2446200
2015-09-17,22.88839335353113,23.129136503689335,22.7145238675284,22.74127197265625,5659600
2015-09-18,22.357864379882812,22.65656283930996,22.273157526691282,22.357864379882812,8768000
2015-09-21,22.513902067768417,22.545109320719824,22.210744438525246,22.34449005126953,5692200
2015-09-22,21.898669895119554,22.050248707573058,21.787214935982206,21.88083839416504,10660600
2015-09-23,21.907591942309615,21.987839668892065,21.698056022825654,21.72480583190918,3530400
2015-09-24,21.497434381417047,21.82734012832823,21.194276737912393,21.715885162353516,7770200
2015-09-25,22.032416125016802,22.13049703602721,21.662386534630933,21.831798553466797,4268400
2015-09-28,21.760468865331948,21.858548082073455,21.345856242587775,21.368146896362305,6083400
2015-09-29,21.36368948684662,21.662389713913562,21.256693659739067,21.515268325805664,8143600
2015-09-30,21.93433777701956,22.299909931580903,21.867464116761926,22.23749542236328,6315200
2015-10-01,22.304369250081294,22.304369250081294,21.73817776799285,22.090375900268555,5670000
2015-10-02,21.818423137928995,22.45148821772456,21.796132485265076,22.438114166259766,7659600
2015-10-05,22.66993960467779,22.973097250933034,22.56294378874525,22.83489418029785,7922400
2015-10-06,22.817059520720427,23.00876218775092,22.5896904502109,22.92851448059082,11149000
2015-10-07,23.173718165448104,23.405544717203416,22.919600958857618,23.271799087524414,9412200
2015-10-08,23.289628432534382,23.570493698120117,23.102383221476227,23.570493698120117,5992400
2015-10-09,23.45458189338242,23.530370449341273,23.191548121562658,23.29854393005371,4006200
2015-10-12,23.4099999087466,23.4099999087466,23.249506189020842,23.334211349487305,2566600
2015-10-13,23.15142561719779,23.289630386941663,23.039970651469194,23.048887252807617,6764400
2015-10-14,23.031056403247213,23.931612822425578,22.95526783512889,23.739910125732422,23660200
2015-10-15,23.90040397644043,24.04752365210862,23.7309919462962,23.90040397644043,9743400
2015-10-16,23.93161190122286,24.020776219617133,23.79340712267834,23.998485565185547,4762400
2015-10-19,24.011854195895143,24.127766593167433,23.869191998944235,24.016311645507812,5340800
2015-10-20,23.985108822583637,24.078730587735077,23.8736538543554,23.967275619506836,6586800
2015-10-21,24.243686444022313,24.395265276835055,24.007400742460486,24.011859893798828,6060600
2015-10-22,24.364055741607444,24.818790496850852,24.364055741607444,24.74300193786621,9127400
2015-10-23,24.974830008982817,25.126408836982165,24.769753271297784,25.02387046813965,10415000
2015-10-26,25.001579045083083,25.001579045083083,24.471052313071016,24.546842575073242,4209000
2015-10-27,24.372971317985787,24.56913314793679,24.32839001154301,24.395263671875,7205000
2015-10-28,24.520093211957818,24.70733674380128,24.364056935421594,24.640464782714844,9957000
2015-10-29,24.101023959335464,24.2169363828922,23.971735782572544,24.00294303894043,8654200
2015-10-30,24.105479854694472,24.2838084801493,24.08764665201543,24.16789436340332,3365600
2015-11-02,24.22585164619036,24.43538752794063,24.172353738325466,24.395263671875,3818800
2015-11-03,24.319472926123126,24.716252327837882,24.283808221812254,24.60479736328125,3427600
2015-11-04,24.725169265524816,24.800959526801876,24.57804959465542,24.76529312133789,4005000
2015-11-05,24.56913183982261,24.6047965429444,24.060897490496025,24.12331199645996,5219400
2015-11-06,24.27043246961136,24.63154716701525,24.208017961566494,24.60479736328125,6433000
2015-11-09,24.5691295867907,24.5691295867907,24.26151283465211,24.408634185791016,3274400
2015-11-10,24.074272749008287,24.150061309860536,23.92269392663597,24.020774841308594,4874800
2015-11-11,24.029691696166992,24.265975683278455,24.011858493189713,24.029691696166992,2070800
2015-11-12,23.94052314006543,24.04306148801483,23.717613244349117,23.722070693969727,4982600
2015-11-13,23.668577993649972,23.744366558518976,23.374336934705294,23.47687530517578,6644800
2015-11-16,23.476873565871486,23.780031204223633,23.472416115602094,23.780031204223633,3844200
2015-11-17,23.753281901474473,24.145603859497154,23.753281901474473,24.020774841308594,5432800
2015-11-18,24.016318808622007,24.172356802285933,23.80232544936992,24.145606994628906,5680400
2015-11-19,24.3061016031752,24.54684476180344,24.114398906563967,24.33285140991211,7587400
2015-11-20,24.399719999820626,24.573589467884098,24.346222094416728,24.426469802856445,2667800
2015-11-23,24.426472116584183,24.426472116584183,24.10994040368259,24.150062561035156,2456000
2015-11-24,24.016314136813964,24.430926721170536,24.016314136813964,24.404178619384766,8014400
2015-11-25,24.377429624345393,24.551299094382546,24.332848319447372,24.439844131469727,2013000
2015-11-27,24.46213598728466,24.613714812329427,24.45321938573287,24.560216903686523,1344600
2015-11-30,24.653837207768074,24.876747131347656,24.56467289820269,24.876747131347656,4766800
2015-12-01,24.912415344452924,25.170989990234375,24.912415344452924,25.170989990234375,3111400
2015-12-02,25.24231871520577,25.362690275373424,25.037241998179855,25.072908401489258,3616200
2015-12-03,25.389441412212353,25.39835801350832,24.760835476522978,24.90349769592285,6402600
2015-12-04,24.95253739717839,25.37606489157212,24.832165834329267,25.322566986083984,3891600
2015-12-07,25.40727819088522,25.40727819088522,25.077370699171073,25.113037109375,4817800
2015-12-08,24.814334779841214,24.98820426322606,24.698422357807285,24.885665893554688,3872000
2015-12-09,24.823250353466307,24.948079372127523,24.484426301860395,24.622631072998047,6798800
2015-12-10,24.61817214117408,24.899037416260235,24.609255540282305,24.711793899536133,3527000
2015-12-11,24.38634481529267,24.529007023518066,24.185725553517056,24.234766006469727,7769600
2015-12-14,24.252602165884895,24.29272602313414,23.793406532772902,24.051982879638672,8035000
2015-12-15,24.154519447645345,24.551298839387098,24.154519447645345,24.430927276611328,6334600
2015-12-16,24.60925702118944,24.6627549290917,24.234768264537962,24.622631072998047,3467800
2015-12-17,24.70288193811894,24.79204626311501,24.26597861637303,24.292728424072266,7532800
2015-12-18,24.10548034542467,24.230309365383583,23.95836067199707,23.95836067199707,8333200
2015-12-21,24.200225618871027,24.377866744995117,24.122791282769064,24.377866744995117,5164400
2015-12-22,24.423413584499922,24.505402058692713,24.28676670669838,24.482627868652344,2294600
2015-12-23,24.52817694103861,24.646605512686087,24.478074416559384,24.614721298217773,1595600
2015-12-24,24.56461949500022,24.778700731481315,24.54184530203744,24.683046340942383,927000
2015-12-28,24.59194658150179,24.651159128499575,24.377865371028673,24.623830795288086,3046000
2015-12-29,24.724038266237528,24.98366786431248,24.70126407540908,24.897125244140625,2377200
2015-12-30,24.95178583150922,24.95178583150922,24.632943656911543,24.655717849731445,4888800
2015-12-31,24.560058935291217,24.560058935291217,24.268545150756836,24.268545150756836,3246000
2016-01-04,23.840386534794707,24.013473510742188,23.6809654632374,24.013473510742188,5739200
2016-01-05,24.01347637483328,24.077244811061878,23.749290867532455,23.790285110473633,6894800
2016-01-06,23.362122318706785,23.40767070128429,22.970399973326337,23.175371170043945,6245200
2016-01-07,22.637891979632116,22.9658441577522,22.43292078233242,22.460250854492188,9856200
2016-01-08,22.52857174011263,22.683438662292378,22.104965209960938,22.104965209960938,6364600
2016-01-11,22.382816279536726,22.48302480549184,21.99109393723154,22.305383682250977,6564400
2016-01-12,22.61512125073545,22.674333809808132,22.17784871702829,22.496692657470703,9614000
2016-01-13,22.391928681753964,22.669778360460537,21.808900987130066,21.83622932434082,10653400
2016-01-14,21.922772309864463,22.524020016420042,21.731465273655242,22.414701461791992,9039800
2016-01-15,21.312413764370213,21.572043366934018,21.016344065803356,21.271419525146484,10587000
2016-01-19,21.59481754925493,21.758794506082253,21.23042527717167,21.412620544433594,15148600
2016-01-20,21.148435563174708,21.676804761215674,20.957128545533347,21.4672794342041,10765000
2016-01-21,21.708689221880466,22.013868929969156,21.40351125135111,21.763347625732422,8607200
2016-01-22,22.191508997358998,22.305381680247645,22.027532055989862,22.17784309387207,8001200
2016-01-25,22.136851547343095,22.209730003741516,21.890887842973097,21.927326202392578,4509600
2016-01-26,22.0366440172339,22.264389403041232,21.93188134826966,22.114076614379883,7913600
2016-01-27,22.05030957928246,22.255280786987566,21.772459913011033,21.868112564086914,7428600
2016-01-28,21.968319343805867,22.027533629654872,21.649475461427333,21.75423812866211,6481600
2016-01-29,22.127743938879032,22.68344153436445,21.963766972566788,22.647003173828125,11275000
2016-02-01,22.455695719797884,22.879302295772177,22.455695719797884,22.747209548950195,4788200
2016-02-02,22.496688396274415,22.60145106274371,22.032087611784917,22.123186111450195,9225400
2016-02-03,22.305384049955503,22.36459660030564,21.717800526811402,22.155071258544922,16536000
2016-02-04,22.218835125787038,22.68343583440569,22.1505125653649,22.583229064941406,5473200
2016-02-05,22.451140597377297,22.47846893169395,21.71324429475838,21.79523277282715,10674000
2016-02-08,21.41717769757461,21.47183610724442,20.98446108858644,21.33063507080078,11078000
2016-02-09,20.99812121085238,21.540156272304408,20.98901292562859,21.239532470703125,6885000
2016-02-10,21.344297158573113,21.471834014559196,20.91613473480381,20.934354782104492,4779600
2016-02-11,20.62006352637737,20.888803100132957,20.51074499740939,20.784040451049805,8039000
2016-02-12,21.225871110484825,21.225871110484825,20.702057720051993,21.193986892700195,4430800
2016-02-16,22.141411203759105,22.141411203759105,21.46728493273307,21.913665771484375,8423800
2016-02-17,22.05486100244864,22.460249224378966,21.98198255287137,22.43747329711914,4024400
2016-02-18,22.6014539806873,22.615119886815002,22.341824352535554,22.34638023376465,2861200
2016-02-19,22.419253366670716,22.56956439787207,22.29171478596383,22.38736915588379,5254600
2016-02-22,22.62422570040958,22.84741694212264,22.615117414066457,22.75176429748535,5169400
2016-02-23,22.569569307492188,22.67888786651286,22.32815973400262,22.36915397644043,3320400
2016-02-24,22.073081419589872,22.697105000722303,21.986538802252074,22.656110763549805,6106000
2016-02-25,22.756316864216448,22.9202938079834,22.4784672358957,22.9202938079834,2591600
2016-02-26,23.056938696803478,23.152593064138163,22.956731924563943,23.047828674316406,4801400
2016-02-29,23.056938648979102,23.334788252801527,22.961286019401943,22.970396041870117,4661400
2016-03-01,23.28013418063639,23.676410675048828,23.207255724910432,23.676410675048828,3944600
2016-03-02,23.617195697418865,23.799392700195312,23.562537291609686,23.799392700195312,2565200
2016-03-03,23.87226972931951,23.913263965620086,23.69918276076604,23.854049682617188,3599600
2016-03-04,23.945150330577174,24.209335818825938,23.76750920316274,24.00891876220703,6209800
2016-03-07,23.858607985745746,24.19111605281015,23.76750948054302,24.100017547607422,6493000
2016-03-08,23.9132690067053,24.0089216657178,23.60809097912455,23.644529342651367,7157600
2016-03-09,23.762952682994026,23.88593539963986,23.658190014197817,23.81305694580078,3137000
2016-03-10,23.96336790877989,24.163783207180604,23.589865644111725,23.940593719482422,5354400
2016-03-11,24.20933097197479,24.423410415649414,24.18655504733019,24.423410415649414,4448000
2016-03-14,24.318652501434748,24.40519686179821,24.2184439736705,24.314098358154297,4298600
2016-03-15,24.186557046979583,24.245771328344766,24.045356032840075,24.232107162475586,2575200
2016-03-16,24.154673012353214,24.53728529753412,24.141008846383656,24.514511108398438,6804800
2016-03-17,24.441636767929772,24.71948643973046,24.423416718535734,24.683046340942383,6516400
2016-03-18,24.71037574524051,25.006445458410045,24.71037574524051,24.99733543395996,2838400
2016-03-21,24.865242685772966,25.001889577405255,24.7787000598364,24.99733543395996,4020200
2016-03-22,24.85612861986313,25.06109979276421,24.7923601966404,24.983665466308594,1640600
2016-03-23,24.99278101473558,24.99278101473558,24.67849297184326,24.687602996826172,3672200
2016-03-24,24.50995766170958,24.655714561388727,24.414303284528206,24.646604537963867,3466200
2016-03-28,24.687599302021056,24.69670932564054,24.528176495019064,24.637495040893555,2957600
2016-03-29,24.546397942438396,25.01555289146783,24.46440946274556,24.979114532470703,5163600
2016-03-30,25.12942480643982,25.34806190387027,25.0747664008619,25.229633331298828,5981600
2016-03-31,25.13398069374538,25.197749123196257,25.065656383585505,25.08843231201172,3000000
2016-04-01,24.89256969544551,25.215967704603276,24.82879953214349,25.206857681274414,3118400
2016-04-04,25.220526953217025,25.234192859756533,24.965453198608074,25.011001586914062,5429000
2016-04-05,24.82879959577732,24.965448208501158,24.783251216575565,24.82424545288086,3150600
2016-04-06,24.705817030365164,25.079319275910358,24.614718540280176,25.056543350219727,2722200
2016-04-07,24.901676362528868,24.960890641537706,24.63293851081306,24.724035263061523,3979400
2016-04-08,24.98366929547933,25.070213658168186,24.755923899029895,24.84246826171875,2350800
2016-04-11,25.00188758323221,25.220522939917217,24.85157653569349,24.869794845581055,5078600
2016-04-12,24.91989869960094,24.95633879389864,24.546396420846147,24.828800201416016,3492600
2016-04-13,25.033768751548447,25.352612592837456,24.974556210889556,25.334392547607422,3935400
2016-04-14,25.05654793980449,25.09754218097365,24.842468447085075,25.06110382080078,4771400
2016-04-15,25.092986864963915,25.092986864963915,24.865241477457456,24.874351501464844,5842200
2016-04-18,24.778697885221558,24.965449026160012,24.724037743318096,24.906234741210938,3473600
2016-04-19,24.960890479260108,24.997330569969925,24.591944117398604,24.696706771850586,5667800
2016-04-20,24.573728302108034,24.93356644079294,24.555508253616768,24.81513786315918,5986000
2016-04-21,24.787806495175086,24.84702078089782,24.56917113738273,24.678489685058594,4348000
2016-04-22,24.696709811343077,24.883460955316963,24.496292762891528,24.692153930664062,3210000
2016-04-25,24.742260808218393,24.75592497658109,24.500851233493194,24.56917381286621,2096800
2016-04-26,24.733148332411865,25.038328050225413,24.733148332411865,24.833356857299805,4501000
2016-04-27,24.660271387773207,25.161312305306332,24.637497195512495,25.1248722076416,6979200
2016-04-28,24.83335488825906,25.111204512465324,24.455296747110406,24.50084686279297,6869000
2016-04-29,24.41885938427957,24.41885938427957,23.744733282820643,23.895044326782227,18970400
2016-05-02,23.94059356425033,24.104568768664457,23.822165000576558,24.054466247558594,6567800
2016-05-03,23.835831492049163,23.931484131373253,23.676408688949717,23.803945541381836,8778600
2016-05-04,23.603530397203706,23.785727391233284,23.475993543918587,23.548871994018555,6204600
2016-05-05,23.658192131302744,23.831279126244397,23.53520940365154,23.635417938232422,7554600
2016-05-06,23.48054797330843,23.667299112565246,23.36667528504063,23.639970779418945,6249600
2016-05-09,23.68552135104883,23.80850407426334,23.548874459996988,23.617197036743164,4660200
2016-05-10,23.676410787832417,23.8859361318477,23.57164811582477,23.88138198852539,4536800
2016-05-11,23.76751006551391,23.963371248374536,23.76751006551391,23.772064208984375,1805000
2016-05-12,23.8586082767598,23.87682658797499,23.175372085744815,23.34845733642578,13003400
2016-05-13,23.498767035574417,23.635413908256822,23.384894352079208,23.416778564453125,4632600
2016-05-16,23.430444069696026,24.013473424056727,23.430444069696026,23.885934829711914,3655800
2016-05-17,23.808505259511378,23.94059801371319,23.62175409367969,23.662748336791992,4212200
2016-05-18,23.649081937977126,24.25943969073235,23.649081937977126,24.081798553466797,6193200
2016-05-19,23.890488722656787,24.095459895122207,23.708291738785476,23.872268676757812,3431200
2016-05-20,24.18656062001608,24.664827346801758,24.18656062001608,24.664827346801758,8714400
2016-05-23,24.89712390213924,25.047436681111748,24.796915382824235,24.82424545288086,7665600
2016-05-24,24.9472320486824,25.430052936219287,24.9472320486824,25.42549705505371,6043200
2016-05-25,25.562138379471072,25.62135265879909,25.3844972790462,25.566694259643555,6215400
2016-05-26,25.603137844426588,25.69879049688219,25.534815265912385,25.653242111206055,5014000
2016-05-27,25.657796400904733,25.85365583721171,25.657796400904733,25.8217716217041,2803800
2016-05-31,25.935645374336183,25.935645374336183,25.73978419248037,25.91742706298828,7380000
2016-06-01,25.817216992554634,26.063182425463683,25.785332777647096,26.022188186645508,3819600
2016-06-02,25.908316621544383,26.01763343811035,25.8582123566352,26.01763343811035,4484600
2016-06-03,26.158836084424788,26.213494492448458,25.903760617715236,26.067737579345703,5199000
2016-06-06,26.07684764918363,26.199830370621413,25.93564487918629,26.003969192504883,5914800
2016-06-07,26.104176493517112,26.309145948707748,26.07684642196398,26.27726173400879,7954600
2016-06-08,26.27270455239785,26.33191883180175,26.190716084779893,26.281814575195312,4424600
2016-06-09,26.054069217936355,26.30914290602851,25.990300795913317,26.281814575195312,6188400
2016-06-10,25.94931100004777,26.0221894573322,25.75344982030346,25.82632827758789,5754000
2016-06-13,25.685126280621343,26.00397019243617,25.67601625599126,25.717010498046875,3332200
2016-06-14,25.666901490360186,25.762555862527737,25.448266152301468,25.685121536254883,7676600
2016-06-15,25.853656299550728,25.853656299550728,25.621356762761188,25.65779685974121,2736800
2016-06-16,25.37994539316878,25.712453435399624,25.234188490754143,25.671459197998047,7024600
2016-06-17,25.69878834438805,25.69878834438805,25.329841933659,25.49837303161621,10150400
2016-06-20,25.862768123465663,26.18616792520915,25.862768123465663,25.926536560058594,5203600
2016-06-21,26.040408560572484,26.09506870836805,25.917427571931288,26.049518585205078,6131000
2016-06-22,26.054073535338656,26.300038978951292,25.990305102748593,26.01763343811035,7197800
2016-06-23,26.30003893951503,26.66898536682129,26.263598842341366,26.66898536682129,6354600
2016-06-24,25.484706402708778,25.92653122427022,25.111204147338867,25.111204147338867,15770000
2016-06-27,24.865241327148727,24.892571399005682,24.18200516875947,24.336872100830078,15619800
2016-06-28,24.696712175049147,25.001890182495117,24.596503641232477,25.001890182495117,10836000
2016-06-29,25.307067820656332,25.571251563870916,25.202305152005774,25.51203727722168,10907400
2016-06-30,25.603135130070303,26.172498578457702,25.50292834469448,25.967527389526367,7017200
2016-07-01,25.803552300179454,25.86276484805411,25.73978213410317,25.776222229003906,3211400
2016-07-05,25.55758854503066,25.580362737054518,25.243298787399215,25.366281509399414,5103200
2016-07-06,25.174974121231198,25.43915785438173,24.970002934914813,25.402719497680664,6892400
2016-07-07,25.457380724068134,25.87643316672794,25.366282215876044,25.689682006835938,3192400
2016-07-08,25.94475352150934,26.39113426208496,25.853655021123437,26.39113426208496,5685600
2016-07-11,26.546002845765766,26.805632458631585,26.518674510238508,26.74641990661621,2958400
2016-07-12,26.942278800910888,27.060705632454614,26.851180302576072,27.037931442260742,2907800
2016-07-13,27.065258472544784,27.170022870000018,26.983271739305568,27.042484283447266,1979000
2016-07-14,27.27934317861855,27.32033741928634,27.042487758933476,27.270233154296875,3159600
2016-07-15,27.252010988087882,27.252010988087882,27.101698214383042,27.19279670715332,4029400
2016-07-18,27.87603285365066,28.003569701254563,27.835038618698086,27.985349655151367,5257200
2016-07-19,27.885143806314286,27.92613804263349,27.78948942986328,27.876033782958984,1668200
2016-07-20,27.989905520607266,28.35429775468169,27.944355405373443,28.3041934967041,4552800
2016-07-21,28.263199490922318,28.27686539438288,27.93524734637602,28.06278419494629,7103200
2016-07-22,27.980799836315487,28.231319427490234,27.86237125590302,28.231319427490234,4302600
2016-07-25,28.244980475029354,28.38618323221112,28.244980475029354,28.3634090423584,2636200
2016-07-26,28.61392894799357,29.288056791097954,28.509166283370963,29.183292388916016,17223200
2016-07-27,29.388259539649926,29.388259539649926,28.93732470273244,29.078527450561523,5555600
2016-07-28,29.05575536632381,29.192400506284653,28.928216774753587,29.042089462280273,3439800
2016-07-29,29.04208901434402,29.101303297461204,28.796125333625124,28.923662185668945,3932000
2016-08-01,28.996541450374128,29.105859996313534,28.923662998934304,29.005651473999023,2496600
2016-08-02,28.94643726613154,29.06486583601052,28.463618175644548,28.62303924560547,11176000
2016-08-03,28.550162126793847,28.695919036865234,28.504613743981324,28.695919036865234,2550600
2016-08-04,28.70046950677798,28.91455070122754,28.682251198520373,28.90088653564453,3049800
2016-08-05,29.05120409549863,29.27894950668958,28.973771489722314,29.237957000732422,1860800
2016-08-08,29.34271794381351,29.37915804363267,29.187852732260875,29.237957000732422,1544600
2016-08-09,29.383708835299853,29.50668980698883,29.383708835299853,29.433813095092773,3950000
2016-08-10,29.497586630485337,29.497586630485337,29.146858488744122,29.237957000732422,1284600
2016-08-11,29.329048315731452,29.39737262139441,29.201511465223824,29.35637664794922,1214600
2016-08-12,29.379155865627407,29.5431328275381,29.374599984707963,29.4793643951416,2661400
2016-08-15,29.57501500291942,29.88019297620378,29.57501500291942,29.81186866760254,3495200
2016-08-16,29.775429197994455,29.779981603045073,29.60689638292596,29.63878059387207,1530000
2016-08-17,29.643342244438408,29.643342244438408,29.415596843313566,29.57501792907715,4162200
2016-08-18,29.597795410868088,29.802764892578125,29.597795410868088,29.802764892578125,2669800
2016-08-19,29.843755550642165,30.01228839691527,29.743550494199805,29.95762825012207,1981200
2016-08-22,29.90296931831292,30.025950295403675,29.830089128097107,29.966737747192383,1880600
2016-08-23,30.14893360874604,30.26735870069515,30.089717587652878,30.11249351501465,3425000
2016-08-24,30.12160440304957,30.153488619039315,29.79820636226245,29.875638961791992,3948200
2016-08-25,29.907526407074027,30.103384107173383,29.884750477931885,29.975847244262695,3200800
2016-08-26,30.05783373045125,30.340239247536704,29.921188590017888,30.103382110595703,4488200
2016-08-29,30.199038762807024,30.308355572118618,30.153486906735044,30.208147048950195,2169000
2016-08-30,30.21725354458498,30.358458034827443,30.076052529461027,30.15804100036621,2923200
2016-08-31,30.212701139342503,30.230921185667935,30.01228410488127,30.15804100036621,2065000
2016-09-01,30.185370799846165,30.43589210510254,30.071498111114842,30.43589210510254,3622400
2016-09-02,30.554322432196926,30.554322432196926,30.294692825957853,30.408565521240234,4418800
2016-09-06,30.495107542276067,30.554323570104316,30.24003380738209,30.404010772705078,4397000
2016-09-07,30.531551999937445,30.581656272891884,30.17171380104625,30.203598022460938,7942000
2016-09-08,30.103386496121196,30.217259200630874,29.953077167258982,30.14438247680664,7480000
2016-09-09,29.88019589406977,29.88475177511973,29.0102085323958,29.05120277404785,21847200
2016-09-12,28.887225119018733,29.66156154846381,28.72324989387779,29.64789390563965,13353800
2016-09-13,29.547688300980493,29.720773547224212,29.196958452517556,29.324495315551758,7442600
2016-09-14,29.360937820496794,29.657007548322092,29.228845065771072,29.570463180541992,5247200
2016-09-15,29.64333662028151,30.35845690513076,29.49302385002901,30.303796768188477,10300600
2016-09-16,30.722845541092862,30.722845541092862,30.09426964217286,30.317459106445312,5363600
2016-09-19,30.631753189204524,30.827614352318683,30.353903551411914,30.42222785949707,4351800
2016-09-20,30.59987106304321,30.636311159857144,30.2445888069046,30.30835723876953,2850400
2016-09-21,30.55432031430678,30.78206568908524,30.35390327246377,30.727405548095703,7751800
2016-09-22,31.037142092708375,31.151014789988675,30.76840419518396,30.873165130615234,6243200
2016-09-23,30.85949868475794,30.87316285140379,30.485996404257133,30.513324737548828,4215400
2016-09-26,30.335683626691853,30.404007935052785,30.135270057316774,30.23092269897461,3491200
2016-09-27,30.176262158146063,30.741069714563427,30.130713778214098,30.727405548095703,8105600
2016-09-28,30.804836809559696,30.905045326148407,30.5543189932064,30.768400192260742,3194400
2016-09-29,30.718298710429927,31.333210556299246,30.44044906209096,31.14645767211914,13499000
2016-09-30,31.351432411034377,31.770483110506405,31.342320649022074,31.642946243286133,6644800
2016-10-03,31.588283664396553,31.797808997999944,31.360538283290424,31.3969783782959,4400000
2016-10-04,31.52907041899888,31.647498987587937,31.219336568540417,31.26488494873047,7234000
2016-10-05,31.424305776725504,31.75681555229638,31.374201516363883,31.50629425048828,8053000
2016-10-06,31.588287101377393,31.747708190473837,31.32865747767201,31.688495635986328,4965800
2016-10-07,31.775039721085033,31.775039721085033,31.43342161527886,31.711271286010742,4203000
2016-10-10,31.898020963655163,31.98000944870507,31.59284295407127,31.61106300354004,3550200
2016-10-11,31.48352038525399,31.556397094706764,30.70918406221764,30.959705352783203,8279400
2016-10-12,30.91415697498541,31.005253730580996,30.640859757961717,30.959705352783203,8534800
2016-10-13,30.668191947686093,30.731960372422968,30.089716769563505,30.60442352294922,13193800
2016-10-14,30.81394950564719,31.141903397122913,30.763845245831813,30.80028533935547,4692200
2016-10-17,30.741067145374984,30.927820005142372,30.645414512976448,30.67274284362793,1803000
2016-10-18,31.023476779193743,31.182897854474113,30.93238001478176,31.0189208984375,5397800
2016-10-19,30.686416703486884,30.813953572533656,30.545212191225914,30.70008087158203,13399600
2016-10-20,30.659084780089966,31.069027197040903,30.53154791150946,30.96881866455078,7140800
2016-10-21,30.864055590507903,30.964264116064165,30.636310205195958,30.927824020385742,4053400
2016-10-24,31.12368880248283,31.3241024017334,31.069028652622205,31.3241024017334,2598200
2016-10-25,31.251222532178478,31.36053934577981,31.187454101317794,31.237558364868164,2844600
2016-10-26,30.795731307476842,31.342318842667613,30.795731307476842,31.14645767211914,2260000
2016-10-27,31.424307205212134,31.533627491944404,31.02803245994371,31.055360794067383,5114800
2016-10-28,31.137349480423225,31.301326436502784,30.86860811763552,30.87771987915039,4301600
2016-10-31,31.04625274298368,31.210226224087013,31.03258510069949,31.09635353088379,3145400
2016-11-01,31.137348740794767,31.27399735932142,30.49966097953493,30.80939483642578,5390400
2016-11-02,30.786613280766673,30.964257842426893,30.54065137256841,30.618083953857422,3659800
2016-11-03,30.654535608348276,30.813956710893567,30.454118522223112,30.490558624267578,5384400
2016-11-04,30.290136572356545,30.636310534788176,30.18081975926402,30.33112907409668,6104000
2016-11-07,30.827612635595482,31.246663271674368,30.782064257781425,31.242107391357422,4196000
2016-11-08,31.146457309108044,31.456191168804555,31.041696379058216,31.296770095825195,1879000
2016-11-09,30.531548275069564,31.137351883159724,30.42223145428728,31.046255111694336,10449400
2016-11-10,31.296770312549313,31.301326193271343,30.12160329481721,30.467777252197266,11724200
2016-11-11,30.540654649744152,31.228443145751953,30.540654649744152,31.228443145751953,13167800
2016-11-14,31.19201162928183,31.21478408429527,30.80939754879422,30.891386032104492,5860400
2016-11-15,31.005255357202465,31.47896615641232,30.987035310103778,31.406085968017578,5905600
2016-11-16,31.346875839578484,31.693049810922204,31.29677157497141,31.652053833007812,3667800
2016-11-17,31.738595802370945,31.9800053453988,31.579174733873174,31.852468490600586,3043200
2016-11-18,31.86613512606995,32.0756604716317,31.784146645187615,32.03466796875,10706200
2016-11-21,32.339846681396644,32.339846681396644,32.02100451261357,32.24419403076172,7345400
2016-11-22,32.49471039874496,32.667799118270764,32.458273777635334,32.61769485473633,6829600
2016-11-23,32.59036855119154,32.69057360938645,32.47193996862784,32.56759262084961,3642200
2016-11-25,32.64046988690987,32.67690650701845,32.52204131498042,32.66324234008789,887000
2016-11-28,32.59491721834799,32.71790166789689,32.508376338237326,32.58125305175781,6545000
2016-11-29,32.43550272366021,32.640475689412966,32.32163001217069,32.45827865600586,5897600
2016-11-30,32.50382468983966,32.54026478890393,32.34895600637606,32.3671760559082,3534600
2016-12-01,32.31706504154122,32.31706504154122,30.741067574788037,30.827611923217773,22106600
2016-12-02,30.804843140974636,31.3559866203723,30.79117897228928,31.3241024017334,7593000
2016-12-05,31.538179157127793,31.7294879168585,31.37875808661779,31.63838768005371,5308000
2016-12-06,31.752262551598083,31.98456382751465,31.674829951332207,31.98456382751465,5366200
2016-12-07,31.884353318291147,32.64502205628474,31.78870067535052,32.622249603271484,6927000
2016-12-08,32.626806447349395,32.941096227709345,32.59492222869833,32.818115234375,5062000
2016-12-09,33.06406901943275,33.11417327561585,32.51292567653701,32.649574279785156,6822400
2016-12-12,32.52659565043321,32.61769240905508,32.23052597223425,32.5129280090332,7697000
2016-12-13,32.57669718527144,33.11417641380223,32.57669718527144,33.09140396118164,7620200
2016-12-14,32.895543202124756,33.00030413072741,32.65868606115417,32.736122131347656,6313200
2016-12-15,32.8317707585609,33.34191812265774,32.82721487849053,33.25992965698242,11967400
2016-12-16,33.32370653285438,33.37380732064294,32.69968292444731,32.8317756652832,6983000
2016-12-19,32.91717965989583,33.238590240478516,32.89422025994881,33.238590240478516,3446600
2016-12-20,33.27992280180895,33.41766871840308,33.183496106145824,33.28910446166992,2349200
2016-12-21,33.51408263541731,33.51408263541731,33.21562797739538,33.256954193115234,4060200
2016-12-22,33.569187844084944,33.569187844084944,33.25236632343016,33.426849365234375,1515200
2016-12-23,33.33041884950524,33.58295822143555,33.33041884950524,33.58295822143555,1045000
2016-12-27,33.67020251544874,33.9640646253785,33.67020251544874,33.86764144897461,2561200
2016-12-28,34.00079713425324,34.13395044263603,33.307464599609375,33.307464599609375,3869800
2016-12-29,33.17430810505433,33.36256537579504,33.05951811161123,33.316646575927734,2533800
2016-12-30,33.481942618665904,33.61050684380472,32.83911798985941,32.89421844482422,3038600
2017-01-03,33.4452079997992,33.4452079997992,32.747286439636966,32.949317932128906,5741400
2017-01-04,33.09625404805498,33.197269809796204,32.958504645114616,33.054927825927734,3870400
2017-01-05,33.13298583011301,33.252364902642434,32.86207962036133,32.86207962036133,3016600
2017-01-06,32.907992017698824,33.1605313856264,32.77942779515836,33.03196716308594,5188000
2017-01-09,33.07788585028421,33.50490477788535,33.07788585028421,33.41307067871094,4708400
2017-01-10,33.390109991390055,33.61509737164539,33.390109991390055,33.54163360595703,3542000
2017-01-11,33.44980265735106,33.69315687763172,33.40847994210907,33.68397521972656,4425800
2017-01-12,33.463579604856925,33.463579604856925,32.9630968853643,33.123802185058594,7836000
2017-01-13,33.44980299175021,33.679382975912,33.394706037543415,33.6151008605957,2261400
2017-01-17,33.518680997344845,33.550822058176685,33.13757734525807,33.2202262878418,3131400
2017-01-18,33.39470787443046,33.80794906616211,33.33501483327292,33.80794906616211,4002200
2017-01-19,33.57836787461116,33.81254044387628,33.48653728040774,33.550819396972656,2134200
2017-01-20,33.867641452179306,34.092628863809665,33.82172615433206,33.872230529785156,5442000
2017-01-23,33.775804237630965,33.830904691832366,33.40847838562532,33.57377624511719,3328600
2017-01-24,33.72070934983241,34.230377197265625,33.72070934983241,34.230377197265625,8233400
2017-01-25,34.55637834586242,34.67575740899087,34.37730624805737,34.652801513671875,5480400
2017-01-26,34.68953712981502,34.68953712981502,34.262518217651206,34.38648986816406,5233200
2017-01-27,34.55178667900647,34.8272819519043,34.55178667900647,34.8272819519043,3379800
2017-01-30,34.72168416774934,34.72168416774934,34.276298359705216,34.661991119384766,3569400
2017-01-31,34.478325642990704,34.602300815249556,34.05131016975912,34.179874420166016,4364800
2017-02-01,34.57933936347451,34.67576254556729,34.30384405705045,34.528831481933594,3412600
2017-02-02,34.32220518186701,34.63902665838788,34.20741519798117,34.56555938720703,2290200
2017-02-03,34.73545742850539,34.80433213453689,34.63903424130652,34.71709060668945,3290600
2017-02-06,34.73545521939737,34.80891899887591,34.556383096971956,34.67576217651367,1919800
2017-02-07,34.850244853331176,34.91452697336383,34.66658015190383,34.82269287109375,2852800
2017-02-08,34.81810187465462,34.96503292707727,34.69871929983853,34.85942459106445,2678600
2017-02-09,34.90534028965871,34.923707109311906,34.55638122558594,34.55638122558594,3577800
2017-02-10,34.86860790477767,34.86860790477767,34.322206440448795,34.593109130859375,4023000
2017-02-13,34.85024098206547,35.04767990112305,34.76759205075969,35.04767990112305,3427000
2017-02-14,34.85942047157545,34.85942047157545,34.59310687580815,34.776771545410156,3845400
2017-02-15,34.882386126803645,35.13492202758789,34.73545506538521,35.13492202758789,3246000
2017-02-16,35.167058287873274,35.26807403564453,35.04308664486186,35.26807403564453,3860000
2017-02-17,35.089004435203705,35.39664077758789,35.00635549961112,35.39664077758789,3377000
2017-02-21,35.57571408240979,35.73182678222656,35.46551317336132,35.73182678222656,2242200
2017-02-22,35.61244806323084,35.69509700239043,35.47470216670669,35.57571792602539,2620200
2017-02-23,35.56193581019454,35.57112097070089,35.05226799857438,35.18083572387695,5455400
2017-02-24,34.79514205587809,35.245120369008625,34.66657782444439,35.231346130371094,2751600
2017-02-27,35.20839111661876,35.40123748779297,35.130334752540584,35.40123748779297,3777400
2017-02-28,35.32776902820084,35.34613584727838,34.987988129935225,35.07522964477539,4832800
2017-03-01,35.359903647348716,35.53438314214664,35.084408417573925,35.4838752746582,3665200
2017-03-02,35.44714903478082,35.52061631303349,35.15787950866437,35.171653747558594,3834400
2017-03-03,35.26807561411554,35.29562759399414,35.05226987114777,35.29562759399414,2671000
2017-03-06,35.134923230718265,35.35072900087239,34.997177326422594,35.30940628051758,5125000
2017-03-07,35.22675382889555,35.5481644100264,35.18083853203581,35.39664077758789,3065800
2017-03-08,35.392049783556274,35.672137633280016,35.35072356644155,35.433372497558594,3001000
2017-03-09,35.32317572204868,35.50684040593869,35.217567390300374,35.447147369384766,2138200
2017-03-10,35.66755099679891,35.874171607468014,35.59867629220487,35.78234100341797,3582200
2017-03-13,35.89712808948816,35.956817626953125,35.72723763239337,35.956817626953125,5468200
2017-03-14,35.83743604589295,35.851210284105264,35.59407832606306,35.828250885009766,2539800
2017-03-15,35.842022213092235,36.18180307593286,35.73641739329726,36.15425109863281,4813800
2017-03-16,36.209356949975835,36.301187546371445,36.094566952924964,36.18180847167969,3208400
2017-03-17,36.305773418273894,36.374648104399775,36.181801785736944,36.27822494506836,4099000
2017-03-20,36.42975263780719,36.654743559550006,36.282821578257185,36.5078125,2270400
2017-03-21,36.631779839323784,36.723613930160425,35.722645110271436,35.80988311767578,10765000
2017-03-22,35.84202252576748,36.1909850486776,35.750191942265346,36.158843994140625,6625800
2017-03-23,36.094564128833845,36.22312835497374,35.96140732229969,36.048648834228516,2660600
2017-03-24,36.60423445905706,36.7282061132797,36.2185382511516,36.33332824707031,3248400
2017-03-27,36.17721989758775,36.51699734561745,35.96600669999561,36.49863052368164,2495800
2017-03-28,36.46189623289546,36.69147622629303,36.342513655457175,36.567501068115234,4663800
2017-03-29,36.50321548874823,36.51698972654789,36.34251020923156,36.42056655883789,2358200
2017-03-30,36.41597172680095,36.68687789818853,36.41138264989306,36.60422897338867,1175800
2017-03-31,36.56290625513014,36.75575610017583,36.48025732242841,36.599639892578125,1731400
2017-04-03,36.64096549502167,36.7098366851892,36.24608765686982,36.51239776611328,2521000
2017-04-04,36.31954891571741,36.53535463828464,36.26904104434584,36.38383102416992,2975400
2017-04-05,36.43433572653696,36.70064929731219,36.131292027778,36.16802215576172,2891400
2017-04-06,36.099155731339756,36.27822782762836,35.89712423681422,36.18639373779297,2020200
2017-04-07,36.15425233411097,36.415973357175965,36.12211127875606,36.3287353515625,1723200
2017-04-10,36.310371482229094,36.31496055971508,35.92926786413723,36.00732421875,3922600
2017-04-11,35.88793947080643,35.88793947080643,35.268070803225044,35.73641586303711,13529800
2017-04-12,35.74560111529658,35.76396793352025,35.1578769445887,35.272666931152344,15788200
2017-04-13,35.093593293280705,35.53897898211259,35.01094436645508,35.01094436645508,5420400
2017-04-17,35.17624215669594,35.410414699465136,35.16705699644731,35.39204788208008,4378600
2017-04-18,35.24971283988632,35.54816755051041,35.18543071798118,35.534393310546875,4251400
2017-04-19,35.83284986646049,36.00274034202318,35.64000349081403,35.72724151611328,7181400
2017-04-20,35.96140917423236,36.278230678615856,35.8052964639123,36.24149703979492,4511200
2017-04-21,36.094566345214844,36.172622701148185,35.85121211606229,36.094566345214844,5448000
2017-04-24,36.645552319588376,36.732793825920844,36.49403220742173,36.618003845214844,4373800
2017-04-25,36.79248266268988,37.008288382855746,36.66391844721544,36.98533248901367,4021800
2017-04-26,36.95778183163215,36.98074122940612,36.61800446387328,36.70524597167969,3993000
2017-04-27,36.90268637470389,37.22868951823041,36.90268637470389,37.19654846191406,5043800
2017-04-28,36.97615445473298,37.040436574858134,36.494038553794354,36.59505081176758,8783400
2017-05-01,36.705255394992,36.976158142089844,36.53536491594058,36.976158142089844,4598600
2017-05-02,36.92106285933387,36.92106285933387,36.576692807308255,36.77872085571289,6497400
2017-05-03,36.705256021007216,37.0082998365413,36.67770403551268,36.989933013916016,5324800
2017-05-04,36.99452019678984,37.054209734276675,36.8108555004522,36.95319747924805,1905800
2017-05-05,36.98992725523279,37.100128173828125,36.783306663313724,37.100128173828125,2059000
2017-05-08,37.14604254510724,37.15981678380991,36.96237785514241,37.00829315185547,1855000
2017-05-09,37.067989555508,37.45368228664698,37.067989555508,37.380218505859375,3260600
2017-05-10,37.75673004478312,37.95875807178101,37.61438805624459,37.853153228759766,3330400
2017-05-11,37.784275011526354,38.06436287836673,37.545509861213596,37.93579864501953,3388200
2017-05-12,37.96794094685065,38.06895670582116,37.821009889197036,38.041404724121094,1947600
2017-05-15,38.087321783636014,38.46383285522461,38.04140648283017,38.46383285522461,3541600
2017-05-16,38.53270361996944,38.92298889160156,38.399546809061995,38.92298889160156,3641600
2017-05-17,38.376590962523665,38.555663069777566,37.4353116269685,37.45827102661133,12639400
2017-05-18,37.591428641661636,38.17915285271721,37.39398971109335,38.01385498046875,6609800
2017-05-19,38.41791342626632,38.55566281699506,38.35363131142291,38.454647064208984,6180400
2017-05-22,38.59698101458121,38.83574613014865,38.55106572408351,38.82197189331055,4292200
2017-05-23,38.909217249013096,38.909217249013096,38.45005725102059,38.73933029174805,5040200
2017-05-24,38.987273875321314,39.01482235191841,38.76228297273672,38.90921401977539,1998000
2017-05-25,39.12961037222844,39.25358201378753,38.877071005758786,39.1755256652832,6936400
2017-05-26,39.11584372145215,39.25818220846329,38.87248946826034,39.249000549316406,1588400
2017-05-30,39.30868841072205,39.57040947412948,39.23063205041574,39.529083251953125,3494200
2017-05-31,39.74029387261429,39.75406811019998,39.26276711867381,39.48316192626953,3466600
2017-06-01,39.58877405409557,39.58877405409557,39.31327876659286,39.55663299560547,5250800
2017-06-02,39.76784608132709,39.905595476341034,39.48316563308417,39.8642692565918,2599600
2017-06-05,39.89640806167197,40.1581290949264,39.86885958547017,39.96987533569336,4386600
2017-06-06,39.923957153610395,40.309653341946294,39.77702610641398,40.06170654296875,3496800
2017-06-07,40.263737657263086,40.484132474370696,40.13976250741665,40.36016082763672,5305800
2017-06-08,40.543825078102664,40.92951775548255,40.3326084178852,40.892784118652344,6589400
2017-06-09,41.12695635790427,41.19583105065251,38.61075830420705,39.34541702270508,17851800
2017-06-12,38.86788967837316,39.106651306152344,38.16996460681121,39.106651306152344,16678400
2017-06-13,39.4969377791338,39.671420803987786,38.94135465407822,39.35919189453125,6954800
2017-06-14,39.45102095312311,39.48775458883643,38.63830940586183,39.019412994384766,6346200
2017-06-15,38.36741181102735,38.79902336950681,38.36741181102735,38.66127395629883,8397800
2017-06-16,38.826559398415874,39.019409215678714,38.537289927189576,38.6383056640625,7413400
2017-06-19,39.04696110083992,39.36378257542854,39.04696110083992,39.32245635986328,5378800
2017-06-20,39.37756302619887,39.53826832739376,38.83116149902344,38.83116149902344,5286000
2017-06-21,39.014825420675606,39.28113905910306,38.86330178124832,39.276546478271484,6412000
2017-06-22,39.271948831631896,39.37296457821976,39.046961443484946,39.1755256652832,4491800
2017-06-23,39.193896572133426,39.49694034040054,39.102065976443434,39.33623504638672,4133800
2017-06-26,39.70816479361266,39.799995407289245,38.92759056490823,39.18471908569336,10756400
2017-06-27,38.886262222156084,38.89085129999762,38.06436538696289,38.06436538696289,15194000
2017-06-28,38.34444993083185,38.69340898447358,37.917431020219226,38.615352630615234,7873000
2017-06-29,38.36281955911151,38.43628333779516,37.274609093512815,37.74754333496094,15391200
2017-06-30,37.91742967982081,38.04599390589271,37.44908456700187,37.58683395385742,10455000
2017-07-03,37.82560086424845,37.93580179035098,37.15522766113281,37.15522766113281,6499800
2017-07-05,37.30215565635482,37.91743184889761,37.30215565635482,37.86233139038086,12905600
2017-07-06,37.618980694692574,37.94957647060978,37.36185220369607,37.701629638671875,5441600
2017-07-07,37.94957470698812,38.37200106631191,37.876107425481656,38.206703186035156,6831000
2017-07-10,38.28475626488655,38.693408349690884,38.124050979252125,38.60157775878906,6785400
2017-07-11,38.661267221064044,38.978088714380625,38.514336174025374,38.90921401977539,5848600
2017-07-12,39.368371309621764,39.53826174437738,39.138791345249864,39.46938705444336,6302600
2017-07-13,39.48775324745223,39.73570002542598,39.262765866797466,39.37755584716797,6005000
2017-07-14,39.57958880834888,39.923958792771096,39.519899272169575,39.8642692565918,4687000
2017-07-17,39.951513039068594,39.965287278728525,39.588776214534896,39.75407409667969,3431000
2017-07-18,39.61632085479281,39.90559387207031,39.44643391129967,39.90559387207031,7818200
2017-07-19,40.13058150036423,40.30046844482422,40.05711422472882,40.30046844482422,6027200
2017-07-20,40.419851629088804,40.419851629088804,39.98824013596724,40.38771057128906,5455800
2017-07-21,40.09385646075391,40.1627311706543,39.878050671185555,40.1627311706543,6271000
2017-07-24,40.09385397192563,40.121402452930404,39.91937442037364,40.03416442871094,5348200
2017-07-25,39.89641697174735,40.02039214856774,39.602554816258376,39.92396545410156,6417000
2017-07-26,40.24078523565803,40.44740585041187,40.11681356742834,40.34639358520508,4032200
2017-07-27,40.47495545935177,40.566786059828075,39.4280712002253,39.83672332763672,12734600
2017-07-28,39.64386780788089,39.832125066055895,39.492347689015176,39.648460388183594,7256800
2017-07-31,39.75865752213022,39.91018114307346,39.2811342672808,39.41428756713867,7057800
2017-08-01,39.54745291007667,39.588779135218154,39.34083229370855,39.58418655395508,4375200
2017-08-02,40.02497275179474,40.02497275179474,39.12961223373887,39.36837387084961,7962200
2017-08-03,39.36837102835957,39.464794192333414,39.07450895631198,39.23062515258789,5946000
2017-08-04,39.39133231683311,39.58877123438478,39.19389339928143,39.34541702270508,6791600
2017-08-07,39.46938476764652,40.05251980510803,39.46938476764652,40.03874206542969,6041800
2017-08-08,40.03874781335034,40.34638765431426,39.80457875188216,39.919368743896484,10179400
2017-08-09,39.5015274185952,39.84589735913129,39.460204707224726,39.841304779052734,7067000
2017-08-10,39.49694180981052,39.61173181024989,38.73933060940089,38.748512268066406,11112800
2017-08-11,38.67504334403854,39.1479775224311,38.60616865231552,39.106651306152344,6642400
2017-08-14,39.40970248353975,39.923959426447176,39.40970248353975,39.87804412841797,6643000
2017-08-15,39.92854784156516,40.05252298673405,39.749475745754395,40.02497100830078,8062600
2017-08-16,40.089261047102234,40.204051054455626,39.901007256661444,40.107627868652344,6273600
2017-08-17,39.88263530657793,39.99742529917041,39.14798005460862,39.157161712646484,11995600
2017-08-18,39.32246019454266,39.542858525121694,39.0607391474809,39.24440383911133,17463400
2017-08-21,39.32705697249103,39.32705697249103,38.78984058220387,39.097476959228516,6845000
2017-08-22,39.31787476683381,39.72193786255279,39.29491886564912,39.62092208862305,5273000
2017-08-23,39.37755674418322,39.8045756210134,39.285722655927536,39.70355987548828,4235200
2017-08-24,39.891820975573246,39.90559871868419,39.4785797631807,39.698974609375,2259800
2017-08-25,39.914774328110504,39.914774328110504,39.492348017667474,39.57499694824219,4024400
2017-08-28,39.689788818359375,39.7173372954874,39.47857565311526,39.689788818359375,4206200
2017-08-29,39.29031992740989,39.89641096981601,39.28113826904416,39.79998779296875,5013200
2017-08-30,39.96528645105535,40.42444644681226,39.84131129045783,40.35557174682617,4659000
2017-08-31,40.447399082117265,40.73207951764392,40.383116968145515,40.67238998413086,4803800
2017-09-01,40.77340759501042,41.035128643291834,40.77340759501042,40.865238189697266,2998200
2017-09-05,40.67239679007448,40.79177587707698,40.024979458449806,40.34639358520508,8848000
2017-09-06,40.488731384277344,40.65402927450478,40.286699851085366,40.488731384277344,3225000
2017-09-07,40.64944045144646,40.73208940420117,40.42445299793602,40.64484786987305,2636200
2017-09-08,40.57596243590076,40.66779301649315,40.10302478682486,40.20404052734375,4944600
2017-09-11,40.58056118741944,41.01217272594928,40.46577118275623,40.93411636352539,5448800
2017-09-12,41.04889869257156,41.195829730941746,40.86523401883077,41.0902214050293,4886600
2017-09-13,41.0029878347994,41.20501584496458,40.84227903844876,41.09941101074219,5872800
2017-09-14,41.09941222627643,41.480512360622676,40.95248116766863,41.27848434448242,8595600
2017-09-15,41.49887554438012,41.884571728873354,41.32439602229535,41.82487869262695,9237600
2017-09-18,42.13252470625638,42.57331790811877,42.08201682345948,42.40802001953125,7475000
2017-09-19,42.5319817870403,42.655956926187876,42.26567169794345,42.51820755004883,4539200
2017-09-20,42.5733184017995,42.62841536322559,41.420825749425845,41.953453063964844,9208800
2017-09-21,41.89834849954399,41.9809974367087,41.503470633436265,41.875389099121094,19256800
2017-09-22,41.687140004383686,42.095792155346984,41.55857575506216,42.045284271240234,2660400
2017-09-25,42.04527682780305,42.04527682780305,41.09022328318701,41.20042419433594,7540800
2017-09-26,41.595296923458,41.62284890173616,41.0764474568646,41.25092697143555,4284000
2017-09-27,41.737643427888095,42.311593410386244,41.61366826992539,42.18302917480469,7999200
2017-09-28,42.09578568927877,42.467704139561285,41.985588278660344,42.45392990112305,5945000
2017-09-29,42.56412405651264,42.88094552881226,42.42178559938661,42.84880447387695,7555200
2017-10-02,43.08298363586998,43.30337847410186,42.84421847415384,43.13349151611328,6376000
2017-10-03,43.25746249510266,43.38602673257016,43.101349779067185,43.27582931518555,4141200
2017-10-04,43.21154654328441,43.35847759861386,42.986559131117104,43.340110778808594,3352400
2017-10-05,43.51918128643562,43.52377386699556,43.16103707123613,43.386024475097656,3692200
2017-10-06,43.3171509950948,43.57428296698128,43.22991298068234,43.560508728027344,2669600
2017-10-09,43.7028436329438,43.90028254909174,43.66610999665758,43.877323150634766,2407000
2017-10-10,44.29057158164785,44.295164162353736,43.66152114322303,44.102317810058594,5315000
2017-10-11,44.033439555637564,44.4512732851981,44.01048015707508,44.41454315185547,3258400
2017-10-12,44.460461338692866,44.602799810326836,44.29516346700256,44.32271194458008,5800600
2017-10-13,44.593618066606226,44.77727925425406,44.43750185337044,44.62575912475586,3370400
2017-10-16,44.80483530021843,44.864524841308594,44.55229588961981,44.864524841308594,3274000
2017-10-17,44.84156862507556,44.88289134481957,44.61657769609298,44.855342864990234,5849000
2017-10-18,45.02063751220703,45.08491962926077,44.42832071668674,45.02063751220703,6093600
2017-10-19,44.66707765424707,44.92879867553711,44.26761075513256,44.92879867553711,4864400
2017-10-20,45.300728849359416,45.32368474828625,45.09410474034045,45.17216110229492,10134600
2017-10-23,45.38796012446467,45.580806461730205,45.19052120685117,45.342044830322266,5250400
2017-10-24,45.45683697815152,45.6588684857171,45.25939805115222,45.6175422668457,6298000
2017-10-25,45.28235536537553,45.48438336052408,44.625756499139854,45.038997650146484,8612800
2017-10-26,45.1354290182755,45.40633173448278,45.0941027970075,45.2823600769043,6899200
2017-10-27,45.64968129334183,46.24199804798382,45.43387555679253,46.191490173339844,6465800
2017-10-30,45.64968223083635,46.43484533945508,45.64968223083635,46.20985794067383,4894800
2017-10-31,46.3935294744683,46.80677419873189,46.29710628932563,46.655250549316406,5721400
2017-11-01,46.98124737960698,47.0363478364113,46.15475804310477,46.53126907348633,9836800
2017-11-02,46.51749446205512,46.79758231811758,46.24199918646766,46.75166702270508,7863600
2017-11-03,47.00420912335449,47.26593017578125,46.55423079479149,47.26593017578125,10232600
2017-11-06,47.771001161801095,47.87660598754883,47.339389691930265,47.87660598754883,7235400
2017-11-07,47.75263722206157,47.913342512090225,47.50469041611198,47.78018569946289,5460600
2017-11-08,47.76181694414821,47.936299968917496,47.5460147080644,47.890384674072266,4088200
2017-11-09,47.890387811776336,47.91334370914676,46.4302589201131,46.958290100097656,15495600
2017-11-10,47.0730784302016,47.25674311822782,46.935332541516345,47.22919464111328,5616200
2017-11-13,47.05012847528464,47.45878061861479,46.97666118955144,47.426639556884766,3448000
2017-11-14,47.32103120942155,47.467962277774944,47.04553589414807,47.426639556884766,3108400
2017-11-15,47.059303616194626,47.20164558680845,46.655244109967896,46.98583984375,5601200
2017-11-16,47.18787223911492,48.1521110534668,47.18787223911492,48.1521110534668,7401400
2017-11-17,47.950073033539674,47.98221408945596,47.34398204832367,47.40826416015625,8951200
2017-11-20,47.63325711738393,48.05109439623118,47.56897499804016,47.98221969604492,3694400
2017-11-21,48.230160350030125,48.51942985010241,48.17047081915842,48.473514556884766,4289200
2017-11-22,48.58830781172273,48.5929003922873,48.09700678469096,48.15669631958008,3058200
2017-11-24,48.262302022559815,48.59289774293282,48.262302022559815,48.565345764160156,1206400
2017-11-27,48.0602713182926,48.101597535576616,47.757227571696994,47.81232452392578,5964600
2017-11-28,47.95466841185921,47.97303523104193,47.61488751164766,47.77100372314453,7976400
2017-11-29,47.725090967974,47.771006266819384,45.36959795327646,45.74610900878906,34478800
2017-11-30,46.23740134965988,46.471573883688784,45.773652364667086,46.03078079223633,13382000
2017-12-01,45.686417596894195,45.888449107263426,44.589025534866046,45.631317138671875,19874600
2017-12-04,46.02160357191639,46.072107943818594,44.4007659972773,44.6624870300293,20150800
2017-12-05,44.483414928836474,45.44765363139774,44.12986330684646,44.6624870300293,13001600
2017-12-06,44.26761015581136,44.8461491404437,44.042619269786556,44.76350021362305,10486000
2017-12-07,45.14460657910556,45.30990444294816,44.89665978334167,45.20429611206055,10849800
2017-12-08,45.635912793232315,45.750702794926354,44.96553960371268,44.9976806640625,9719600
2017-12-11,45.10786880780134,45.42469026831456,44.988489752832635,45.27316665649414,6617200
2017-12-12,45.130840427050366,45.15838890825584,44.77269615892695,44.82779312133789,10415600
2017-12-13,45.05278181103058,45.20889453421402,44.827790882048,44.855342864990234,7922400
2017-12-14,44.93798703575719,45.117059141858526,44.722181291708765,44.836971282958984,8270000
2017-12-15,44.965537529692384,45.57162857055664,44.79105799628588,45.57162857055664,43080400
2017-12-18,45.92370284819247,46.39407134726151,45.75604681987259,46.37544250488281,10766400
2017-12-19,46.30559107219681,46.44530563110731,46.07739394219257,46.3521614074707,6066000
2017-12-20,46.82718321063683,46.92963651638234,46.28229932984604,46.654869079589844,11095600
2017-12-21,46.65486477386939,46.715405842552904,46.1099844964534,46.16121292114258,6029200
2017-12-22,46.0773946609284,46.19847682391144,45.83988132831124,46.17985153198242,4900000
2017-12-26,45.644281971128514,45.709481149555394,45.32759872458848,45.65825271606445,4413600
2017-12-27,45.63962164222484,45.99356256002934,45.634963543110835,45.80727767944336,5500000
2017-12-28,46.06342356385228,46.08670695513028,45.886451314077405,45.974937438964844,5424200
2017-12-29,45.97493806377509,46.077394935439514,45.53251098641408,45.55113983154297,3376600
2018-01-02,45.87247505776394,46.75266744213793,45.77001819980068,46.74335479736328,8908600
2018-01-03,46.93429835356433,47.44192458919433,46.85512843019181,47.404666900634766,7617000
2018-01-04,47.679434916747006,47.78654988433588,47.25564025196568,47.64683532714844,6699600
2018-01-05,47.82380620466378,48.145143992056475,47.6328632188448,47.95420455932617,3584800
2018-01-08,47.95419713946097,48.415249408704845,47.819140706432336,48.28485107421875,2768400
2018-01-09,48.326770363722375,48.36868615055404,47.74929041814602,47.8331184387207,7800600
2018-01-10,47.413979185572025,47.43260802971011,46.84115732895312,47.19975280761719,7958600
2018-01-11,47.376723734875085,47.45123555626972,47.1392104200705,47.42329406738281,5162600
2018-01-12,47.41397843166421,47.753948613873206,47.31152156707825,47.665462493896484,3809200
2018-01-16,48.126506199236836,48.42456409415698,47.62354171807515,47.88433837890625,7623600
2018-01-17,48.433886818086386,49.39324920845623,48.34540069556494,49.31407928466797,12285600
2018-01-18,49.332705298598725,49.90553068280603,49.27681876867238,49.677330017089844,7106600
2018-01-19,49.966071248762496,50.00332893499979,49.43516165569085,49.723899841308594,6568400
2018-01-22,49.89155692176903,50.21289825439453,49.67267600498742,50.21289825439453,4790600
2018-01-23,50.357267868598505,50.557523497021094,50.22221141658433,50.53889465332031,7356400
2018-01-24,50.0359326231309,50.24084280805343,49.216281224174345,49.51433563232422,14236200
2018-01-25,50.10113280910265,50.25016001617073,48.70400141043112,48.713314056396484,13986800
2018-01-26,49.458445233194155,50.27809656809469,49.43516184402353,50.26412582397461,7895000
2018-01-29,50.147699232807106,50.50164015438923,49.598160783411956,50.17098617553711,8147400
2018-01-30,49.30941756864156,49.728557653673484,49.1184781456811,49.18833541870117,10836600
2018-01-31,49.7471904535573,49.90553385520327,49.342021080284674,49.602821350097656,7457800
2018-02-01,49.174362243661,50.02661317715737,49.1277919116145,49.300106048583984,8369000
2018-02-02,48.85302077123172,48.93219068503299,47.9262580871582,47.9262580871582,26015400
2018-02-05,47.40932256658405,48.34074341423334,45.76536178588867,45.76536178588867,22948000
2018-02-06,45.36485957815082,47.45124053955078,45.19720352104506,47.45124053955078,26244800
2018-02-07,46.93430211789871,47.353442265088795,46.18916605238803,46.19847869873047,20566600
2018-02-08,46.42667262559253,46.49652634569862,44.340288393270335,44.358917236328125,29822200
2018-02-09,45.24842626982291,45.83987694191797,43.72089310232367,45.51853561401367,34208400
2018-02-12,45.7793352208987,46.771297125848726,45.7793352208987,46.4825553894043,19014000
2018-02-13,46.22175590272794,46.454611096192565,45.92835963807429,46.38941192626953,7415000
2018-02-14,46.04944294955103,47.474519185834254,45.946989646419674,47.3767204284668,10839800
2018-02-15,47.744634856855896,47.972835540771484,46.86910047004899,47.972835540771484,9639200
2018-02-16,47.78654475751565,48.46182342093324,47.73997442781244,47.8703727722168,12480400
2018-02-20,47.89365685222649,49.22093436301183,47.8796861084226,48.8204231262207,29405400
2018-02-21,49.01136936767885,49.146425831726624,48.27089141831126,48.289520263671875,8997800
2018-02-22,48.43388502603917,48.596882966951384,47.99611608208468,48.12651443481445,8959400
2018-02-23,48.64811551616062,49.22094096052027,48.55031674333608,49.20697021484375,6304800
2018-02-26,49.458447384635825,50.19892883300781,49.458447384635825,50.19892883300781,9254200
2018-02-27,50.11975686709814,50.82763514478861,50.01264190673828,50.01264190673828,7976600
2018-02-28,50.26878609898929,50.43178404259334,49.55624969331392,49.616790771484375,6339600
2018-03-01,49.63541959619364,49.78444679501497,48.27554596281294,48.82508087158203,10790000
2018-03-02,48.326769722905446,49.663359935153885,48.205687569416526,49.58884811401367,10659600
2018-03-05,49.383935108666314,50.394525903044816,49.244220556492635,50.16167068481445,9524800
2018-03-06,50.61806971169479,51.07446396083906,50.40384333206337,50.89749526977539,8957400
2018-03-07,50.427122007777726,51.19554488547011,50.38986432269349,51.11637496948242,7682000
2018-03-08,51.41909281050189,51.47497579087342,50.84626739007214,51.13966369628906,6518000
2018-03-09,51.4982600161771,52.12696838378906,51.40046125260089,52.12696838378906,8815200
2018-03-12,52.471593990646284,52.92333368222635,52.32256679319511,52.65787887573242,8825600
2018-03-13,52.93265250236056,53.34713452683439,51.70783172059039,51.92205810546875,18245800
2018-03-14,52.14094019485014,52.19682672650356,51.48894487124822,51.95000076293945,12020200
2018-03-15,52.085053911401744,52.271338798045534,51.679888102521836,51.90342712402344,3826200
2018-03-16,52.01054020818789,52.196825088096666,51.824255328279115,51.88479995727539,5937000
2018-03-19,51.49826027318154,51.614687880842155,50.34795494100056,51.04186248779297,14245400
2018-03-20,51.06980637873227,51.53085869981237,51.041861337423285,51.3864860534668,6683400
2018-03-21,51.32129241423158,52.07108655578452,51.223493641823225,51.49360656738281,6437200
2018-03-22,50.73914800016731,51.20020386657998,50.087156265401156,50.10578155517578,8698800
2018-03-23,50.040578733397375,50.12440674362545,48.47579157786539,48.48044967651367,16819400
2018-03-26,49.53296251162434,50.4131549559382,48.98342405219819,50.40849685668945,11172400
2018-03-27,50.799694691445026,50.822978081153416,48.32211533941837,48.6713981628418,17266200
2018-03-28,48.377998223361104,48.77385493161079,47.40466512945811,47.59095001220703,21806600
2018-03-29,48.00543792896538,48.978771142858925,47.632868117537875,48.56428909301758,13193200
2018-04-02,48.159114703302144,48.52236825083449,46.37544299878983,46.7852668762207,18445000
2018-04-03,47.40466745485751,47.763262940441706,46.906357412085875,47.64683532714844,10773200
2018-04-04,46.47325021957549,48.3407502791839,46.34285185088067,48.22897720336914,11654000
2018-04-05,48.54565576401753,48.62017114065726,47.40466659565918,47.698062896728516,12228000
2018-04-06,46.999501707048616,47.604926764111894,46.151908759013466,46.31956481933594,13935600
2018-04-09,46.79458530575454,47.92160368725489,46.60830042418779,46.6362419128418,13015400
2018-04-10,47.763263037458586,48.32211771425469,47.33015217300434,48.061317443847656,14981600
2018-04-11,47.80983161473517,48.46182333560902,47.69340401413792,48.038028717041016,8595600
2018-04-12,48.35471518408516,48.960136616045396,48.29417055372709,48.83439636230469,9236800
2018-04-13,49.225595076910444,49.29545235777157,48.228974959019126,48.37800216674805,9073800
2018-04-16,48.573601882825265,48.722629086317326,48.09857522894576,48.475799560546875,5267200
2018-04-17,48.78316915150464,49.43050638630853,48.727282618949445,49.36064910888672,8727600
2018-04-18,48.922881665079004,49.06259266100456,48.35471437695142,48.801795959472656,8458000
2018-04-19,47.68874946480211,47.87968889638756,46.459274195230385,46.626930236816406,32931400
2018-04-20,46.571047030125044,46.90635913723617,45.88645207028798,46.091365814208984,25979400
2018-04-23,46.2403943952833,46.35682201631491,45.397459556002964,45.49525833129883,17681000
2018-04-24,45.98424292422774,46.403382985941036,44.86653727735505,45.262393951416016,30902000
2018-04-25,45.402102748414634,45.434702332027385,44.461369369098016,45.0341911315918,18606400
2018-04-26,45.825906078155064,46.07739013154266,45.58839276888535,45.979591369628906,13144800
2018-04-27,46.61761665403728,46.61761665403728,45.471969340976855,45.68153762817383,11083200
2018-04-30,45.639615715986764,45.93767006498698,45.048165116495504,45.24842071533203,15927800
2018-05-01,45.13665718500192,46.016849675118564,45.09008684935706,45.974937438964844,13111200
2018-05-02,45.88178923710626,46.058761471539455,45.499906832981516,45.64427947998047,9036400
2018-05-03,45.12734173500197,45.90507730651995,44.73614312309781,45.75605010986328,19701800
2018-05-04,45.4160816933145,46.9436149597168,45.304312179754405,46.9436149597168,21447800
2018-05-07,47.08332174401474,47.400004964962704,47.01346447189166,47.195091247558594,13800200
2018-05-08,47.09729670529253,47.525753021240234,46.96224024791745,47.525753021240234,7606000
2018-05-09,47.63752152293652,48.20103073120117,47.53506465723591,48.20103073120117,8065400
2018-05-10,48.38731091112239,49.00204849243164,48.38731091112239,49.00204849243164,9350000
2018-05-11,48.75522286730947,49.06258988341554,48.540996509880785,48.62482452392578,8866000
2018-05-14,49.50036122712737,50.00332933609985,49.36996287733937,49.47241973876953,13298200
2018-05-15,49.26284906045534,49.39790551246782,48.61551184248802,48.9182243347168,9570600
2018-05-16,49.05327814288453,49.64938689681878,49.039307399134266,49.61212921142578,6935000
2018-05-17,49.425843801576065,49.737872471998266,48.92753381238578,49.2861328125,7238600
2018-05-18,48.783165991392906,48.99739235601074,48.424570535053775,48.690025329589844,20494400
2018-05-21,49.402566326325626,49.7751325615431,48.91356892330971,49.38859558105469,7672400
2018-05-22,49.82635884384715,50.05455951704407,49.546933291232556,49.742530822753906,8696000
2018-05-23,49.23490694698335,49.80772878288315,49.081221653219565,49.79841613769531,8442600
2018-05-24,49.789101620814954,50.07783980093531,49.33736195478201,49.94278335571289,13344800
2018-05-25,49.95675419133621,50.4830092293923,49.90087121603005,50.44109344482422,8586600
2018-05-29,50.20358667559879,50.52492446196149,49.76581772655938,50.03593063354492,9106000
2018-05-30,50.417811778533306,50.67395038130992,50.04990011514903,50.33863830566406,10787800
2018-05-31,50.12907053110947,50.39918343395206,49.79375845214468,49.91950225830078,8662800
2018-06-01,50.315354549252845,51.06049051576038,50.23152653095271,51.00926208496094,9739400
2018-06-04,51.088434300353875,51.40046299827163,50.90215296517092,51.35854721069336,7767800
2018-06-05,51.516887114408426,51.69851389105238,51.23280347851128,51.64728546142578,7510000
2018-06-06,51.69851786204038,51.977943420410156,51.40046345936745,51.977943420410156,5478600
2018-06-07,52.07108013363386,52.159566249080434,51.246774266092146,51.56345748901367,18663600
2018-06-08,50.99529170899823,51.35854527322569,50.71586616367623,51.214176177978516,9494000
2018-06-11,51.102404073967996,51.36320076260571,50.94406068937481,51.158287048339844,6086200
2018-06-12,51.218836717958155,51.3259481314432,50.88817917262062,51.31197738647461,5087800
2018-06-13,51.242114557164314,51.72179569892582,51.11171621413265,51.204856872558594,14153400
2018-06-14,51.41442925879701,51.61468487443248,51.07911719977126,51.28403091430664,6599600
2018-06-15,51.204861205744145,51.367862701416016,50.90215226369906,51.367862701416016,12882600
2018-06-18,50.725175735848964,50.804345650827734,50.25481079173623,50.74846267700195,10521800
2018-06-19,49.858956064991595,50.175639290408114,49.4305033344541,50.14303970336914,22232000
2018-06-20,50.58081048773518,50.64600966420522,50.16632848599475,50.4550666809082,11111200
2018-06-21,50.9254357137198,50.99529299007737,49.81704614975972,49.826358795166016,14488200
2018-06-22,50.18495575961831,50.22220989280092,49.44913244466186,49.640071868896484,8465000
2018-06-25,48.94616864486472,49.01136782503025,47.48383808442853,47.84709167480469,23358000
2018-06-26,48.3034910094201,48.461830865351935,47.95420815335864,48.289520263671875,16500400
2018-06-27,48.51771526709816,48.58291444644769,47.10661315917969,47.10661315917969,16876000
2018-06-28,46.999492706890756,47.674774918623555,46.99483816111522,47.58163070678711,13538400
2018-06-29,47.9914596889593,48.28485597130951,47.735317539463374,47.81448745727539,10350000
2018-07-02,47.20441006095489,48.010087125227855,46.99018368683929,47.8331184387207,9164600
2018-07-03,48.07063641813401,48.145148247489,46.99484634399414,46.99484634399414,8588800
2018-07-05,47.567666199519245,48.28020263631348,47.55369545418427,48.261573791503906,10402800
2018-07-06,48.15911374352601,48.95547809411174,48.03802804573224,48.876304626464844,14636600
2018-07-09,49.258191478292474,49.29079106683845,48.6387992959189,49.24422073364258,8465800
2018-07-10,49.30941700024121,49.831013939278215,49.25818857082292,49.77512741088867,12548800
2018-07-11,48.9694540366931,49.13711008125772,48.40594482421875,48.40594482421875,15929000
2018-07-12,48.41991119542878,49.0393068845057,48.336083180718454,48.992733001708984,11962800
2018-07-13,49.06259225945287,49.11382069013287,48.75987977445884,48.890281677246094,5693200
2018-07-16,48.89959273205795,49.08121950652995,48.70864975971699,48.74125289916992,5518000
2018-07-17,48.38731399316756,49.38859212012293,48.29882787520054,49.383934020996094,16616200
2018-07-18,49.737878465340934,49.91950526018747,49.5050232357337,49.886905670166016,9589600
2018-07-19,49.658700666937584,49.933471661576995,49.39790396945355,49.723899841308594,8347200
2018-07-20,49.66336370209351,49.82170710779572,49.258194318441795,49.67267990112305,7077800
2018-07-23,49.37927517117562,49.70992914238272,48.708651030649385,49.640071868896484,10663800
2018-07-24,50.11044404335457,50.18961396764091,48.9787675001887,49.02068328857422,20837400
2018-07-25,49.048624978106666,49.32339599416077,48.46648690936105,49.26750946044922,22294800
2018-07-26,49.45844702640837,50.02195978233213,49.45379248025861,49.994014739990234,32806000
2018-07-27,50.11975449441023,50.45506299759722,49.41187269714261,49.74718475341797,16984600
2018-07-30,49.89621246447235,49.933470149581474,49.099848098978946,49.4072151184082,18957000
2018-07-31,49.770477089197456,50.236187539371365,49.31407928466797,49.31407928466797,8763400
2018-08-01,49.584187767151896,50.054556274655376,49.36530330663775,49.52830123901367,7098200
2018-08-02,49.13245194127682,50.10113051949542,48.96945399616521,50.026615142822266,8160600
2018-08-03,50.07784006742537,50.18029692662819,49.8217014725068,50.10578155517578,6058200
2018-08-06,50.08715887264816,50.37124252319336,49.72855984677172,50.37124252319336,6070600
2018-08-07,50.51561461599699,50.711212158203125,50.32932971971497,50.711212158203125,6406000
2018-08-08,50.64600624118399,50.93008987078391,50.52026599594408,50.86954879760742,7377800
2018-08-09,50.576152081252644,50.68326704371044,50.324668022215256,50.37589645385742,7199200
2018-08-10,49.29544620810141,49.58884604049836,48.97410844116976,49.192989349365234,17227400
2018-08-13,49.22558772313545,49.67732737838493,49.18833359158526,49.24887466430664,7944200
2018-08-14,49.48639486572028,49.61679322705703,49.071912837290355,49.13245391845703,8239600
2018-08-15,48.64811309901997,48.82973988996819,47.84243601160124,48.31745910644531,18819200
2018-08-16,48.63880337282316,48.67140296410164,48.13583520473614,48.24294662475586,10082400
2018-08-17,47.72135531945608,48.02406785390649,47.21372902880739,47.88901138305664,20096000
2018-08-20,47.87968592299721,48.1544569114007,47.33014749927866,47.82380294799805,10569600
2018-08-21,48.06130982429306,48.950818356121914,48.01473949688209,48.81110382080078,9649400
2018-08-22,48.60619606735043,49.0393068845057,48.38265351042677,48.992733001708984,8272800
2018-08-23,48.997397156995305,49.36065074794435,48.91822723139643,49.05328369140625,7418000
2018-08-24,49.337359679997945,49.803070068359375,49.24887356922102,49.803070068359375,8278600
2018-08-27,50.11976199176952,50.934755313151705,50.063875456334166,50.580814361572266,12419000
2018-08-28,50.90215331365361,50.99995208122082,50.31535715516162,50.771751403808594,8673400
2018-08-29,50.83229634353393,51.15829223739729,50.65066955222595,51.06049346923828,6822800
2018-08-30,50.911462886929634,51.097747765235056,50.445752467710335,50.51560974121094,14144200
2018-08-31,50.43178457011645,50.776409304925366,50.42246837147666,50.7344970703125,4678800
2018-09-04,50.520263756431795,51.10240173339844,50.347949636137905,51.10240173339844,9693400
2018-09-05,51.07912113629807,51.1676072567738,50.39452622187539,50.82297897338867,10499000
2018-09-06,50.5575153638199,50.60408924212381,49.43515524783922,49.50501251220703,18097000
2018-09-07,49.318732398593255,49.96606957465106,49.14641827033553,49.2861328125,14307000
2018-09-10,49.64007573686961,49.78444839414768,49.332708683903945,49.76581954956055,6366800
2018-09-11,49.36531200804701,49.48639773047886,48.90425961717642,49.14176940917969,10410000
2018-09-12,48.47113948230269,48.59222162857257,47.57697636339942,48.578250885009766,18508000
2018-09-13,49.21628560446677,49.71925379539259,48.927543816396955,49.17436981201172,13460200
2018-09-14,49.44913634920025,49.87293101645977,49.29545104601314,49.68199157714844,10378400
2018-09-17,49.346676056629214,49.654046641677404,48.96013555231293,49.0113639831543,10812200
2018-09-18,49.137108063602376,49.69130105468438,49.137108063602376,49.383934020996094,5753800
2018-09-19,49.38858943371058,49.70992719421215,49.23956224755507,49.49570083618164,6846000
2018-09-20,49.94745074752828,50.32467511268893,49.882251562268145,50.13373565673828,12428200
2018-09-21,50.06853282043061,50.31535879707219,49.812390644808865,49.88224792480469,9959000
2018-09-24,49.65404515445941,50.2454958113377,49.51898870929447,50.236183166503906,7849800
2018-09-25,49.86361432247517,50.09181143247313,49.34201737510562,49.43516159057617,8013000
2018-09-26,49.21161710465354,49.60281568817519,48.9880781024312,48.99739074707031,9635200
2018-09-27,49.19299073412941,49.46310363238501,49.04396354079677,49.30476379394531,4722600
2018-09-28,49.17435983171769,49.75184329065285,49.01601999990826,49.57487106323242,7933400
2018-10-01,49.71925104963885,50.08716274936351,49.593507232307054,49.70528030395508,7759800
2018-10-02,49.49104230161723,50.37589276610198,49.47241701246409,49.66801452636719,10232600
2018-10-03,49.99867757838174,50.12907594470826,49.397910630872516,49.85896301269531,9491600
2018-10-04,49.4351607693345,49.45378961211914,48.32211317284363,48.736595153808594,19323200
2018-10-05,48.55030478786858,48.741247739998585,47.18111519930886,47.628196716308594,19170800
2018-10-08,47.171808055417934,47.60957697966367,46.6176115281782,47.06935119628906,17802400
2018-10-09,46.938953246565646,47.26960721549554,46.68281109657633,46.980865478515625,16424200
2018-10-10,46.16586953385207,46.25435564465716,44.8479118347168,44.8479118347168,42715800
2018-10-11,44.85256811865294,45.84453355859897,44.08880333614421,44.452056884765625,41803400
2018-10-12,45.75138875889093,46.00753090044963,44.62437044220942,45.33224868774414,18408200
2018-10-15,45.127345747057895,45.34623023884549,44.722176354615605,44.83860397338867,12922800
2018-10-16,45.318275815549256,46.40338185069113,45.285676231162896,46.3568115234375,14243400
2018-10-17,46.80389885926498,46.85046919228831,45.83987839801859,46.12862014770508,10419000
2018-10-18,45.839881787652736,45.886452124119714,44.76874628346769,44.92708969116211,16548000
2018-10-19,45.17391015128315,45.49525147388369,44.09346213308734,44.279747009277344,18842000
2018-10-22,44.596427341314424,44.85256592051564,44.12605885887751,44.51725387573242,12339800
2018-10-23,43.34832812259835,44.582461485398305,42.98041645274698,44.34029006958008,26109600
2018-10-24,43.48338677785079,43.57186934884218,41.32249053522472,41.364402770996094,28576400
2018-10-25,41.74162299163483,42.85001604731821,41.69039456201475,42.53333282470703,18808400
2018-10-26,41.56465222747608,42.51470184761755,41.06168415450325,41.76490783691406,14122400
2018-10-29,42.37964748669331,42.812758311922614,40.4935188970941,41.28522872924805,22337200
2018-10-30,41.443567765529494,43.05492533343874,41.33179826368119,43.04095458984375,23647600
2018-10-31,43.83731654296955,43.93511529584721,43.25517857125382,43.525291442871094,16491400
2018-11-01,43.930466598185376,45.70016413592495,43.87923816560796,45.62565231323242,23242800
2018-11-02,45.53250612024269,45.67687876628987,44.372888171339774,44.89914321899414,19188800
2018-11-05,44.75010824462389,44.75010824462389,43.77677526600046,44.48465347290039,12826400
2018-11-06,44.49863147221107,45.09939477946242,44.39151651364833,44.94571304321289,7406400
2018-11-07,45.49990463256836,45.597706943229824,44.94571167298753,45.49990463256836,8895400
2018-11-08,45.0062529793294,45.625648666927376,44.945711906161996,45.29033660888672,7740600
2018-11-09,44.66628511524416,44.8106541988484,44.08414712898409,44.47068405151367,14250000
2018-11-12,43.69295540317889,43.80938301868012,42.39362278781447,42.52402114868164,20625000
2018-11-13,42.86864482758318,44.00032127038489,42.86864482758318,43.07355499267578,25109800
2018-11-14,43.76746860522853,43.995665725393664,42.87330186231475,43.29710006713867,16072600
2018-11-15,43.101499229783144,44.81996820118753,43.073554189495965,44.66628646850586,18331000
2018-11-16,42.89658995941357,44.14935221057196,42.89658995941357,43.90718078613281,23973800
2018-11-19,43.674320205597674,43.8047185474975,42.21664795066269,42.25856018066406,20829200
2018-11-20,41.071004321120164,42.82673109435462,40.98251820165096,42.221309661865234,17264200
2018-11-21,42.840699783809384,43.106154576394445,42.407588958740234,42.407588958740234,13247400
2018-11-23,42.039679122610245,42.71030328150838,42.01639573286933,42.347049713134766,3050200
2018-11-26,43.068901216910064,43.21792840922788,42.584561953605046,43.18998336791992,10932200
2018-11-27,42.81276067901345,43.55323856945883,42.68236232495429,43.255184173583984,14827400
2018-11-28,43.683638401922,44.41014551322655,42.98507277856348,44.40082931518555,10969200
2018-11-29,44.13537883433238,44.405491754507075,43.89786905739941,43.98169708251953,9176600
2018-11-30,43.9258071968572,45.0574836730957,43.506667103233944,45.0574836730957,16499600
2018-12-03,46.04013273735982,46.165872988307356,45.36950859073683,45.84918975830078,14294600
2018-12-04,45.41142520337932,45.54648165498295,43.539267277661295,43.59515380859375,17418600
2018-12-06,42.32376325084325,43.339012145996094,42.14213646459428,43.339012145996094,16050000
2018-12-07,43.17601237001512,43.26915658534657,41.480826734956366,41.69505310058594,18385200
2018-12-10,41.62519721613596,42.35636245371189,41.40165819805938,42.17939376831055,15606000
2018-12-11,42.947820305056304,43.408872677565036,42.1467977245594,42.38896560668945,17575600
2018-12-12,43.0595920359858,43.65104635566587,42.747566856391266,43.03165054321289,13725800
2018-12-13,43.3064158315587,43.50201693030502,42.72893584067497,42.88727569580078,9888000
2018-12-14,42.2119934634534,43.05027366608626,42.2119934634534,42.221309661865234,13262200
2018-12-17,42.118851349889205,42.85932920918461,41.45753985584092,41.820796966552734,15526400
2018-12-18,42.15145420693828,42.96644750183529,42.09556767331909,42.32376480102539,17467800
2018-12-19,41.988453013905186,42.514704507403316,40.28395117766818,40.48886489868164,19940000
2018-12-20,40.68251986894446,41.13344252112188,39.66676244718673,40.1651496887207,28514600
2018-12-21,40.37399848778257,40.900863809321066,39.35824096836806,39.47216033935547,21624200
2018-12-24,39.13515352449397,39.643032285901256,38.38994817137644,38.427921295166016,9548600
2018-12-26,38.821882728643935,40.6350576707629,38.30925644226904,40.58759307861328,16473200
2018-12-27,39.91358428628497,40.94358444213867,39.53861145973184,40.94358444213867,17674000
2018-12-28,41.1714054273842,41.959331245540056,40.886614315530025,41.22361755371094,13458800
2018-12-31,41.61758873166988,41.835928748183285,41.05275031899021,41.42772674560547,10460000
2019-01-02,40.57809898559754,42.030540166055836,40.46418323737293,41.73150634765625,14288000
2019-01-03,40.63505848738085,40.943583774528,39.1826209347795,39.225337982177734,18545600
2019-01-04,39.90408988817984,41.20938604127654,39.818652176942685,41.05274963378906,18148800
2019-01-07,41.25684836069268,42.17767657319335,41.029016890811974,41.845420837402344,11156800
2019-01-08,42.19666806290854,42.23938511050885,41.05275217072692,41.60335159301758,13272000
2019-01-09,42.059013340646615,42.88965630237946,42.059013340646615,42.666568756103516,17855800
2019-01-10,42.36754390621141,43.145974832541036,42.22514650353213,43.108001708984375,11440000
2019-01-11,42.837447238075015,43.82472666957535,42.742518055602986,43.4639892578125,13337400
2019-01-14,42.91339386579865,43.01781451892748,42.552656450802004,42.71878433227539,9963600
2019-01-15,43.00832561981149,43.35007649430739,42.63334916703495,42.83270263671875,11484400
2019-01-16,42.92763313720768,43.17445118810939,42.47196653617019,42.495697021484375,11013400
2019-01-17,42.20141221918827,43.25039521914743,41.9593381049466,43.022560119628906,15829800
2019-01-18,43.41177452671806,44.29462963194896,43.21716862788543,44.08578109741211,16661400
2019-01-22,43.677583971052165,43.68707906257648,42.50044611418397,42.8089714050293,14365400
2019-01-23,43.10799763130162,43.27887304982672,42.234637600009826,42.638092041015625,11732200
2019-01-24,43.729797849232284,45.31988896035514,43.729797849232284,45.14901351928711,25284000
2019-01-25,45.30564167738824,46.160018795130476,44.98287739083185,45.98914337158203,18173800
2019-01-28,44.21868700773914,45.438545398123026,44.21868700773914,45.13002014160156,16266400
2019-01-29,45.19172326824375,45.31988163899925,44.46075702649841,44.53195571899414,10930000
2019-01-30,45.267675142334234,46.03661097734594,44.8262475394764,45.87997817993164,12258800
2019-01-31,45.694859481178305,46.18375529244929,45.33886960057253,45.84674835205078,11274000
2019-02-01,45.96540703766232,46.62992213910696,45.88471687526326,46.43056869506836,11545800
2019-02-04,46.40209217273457,46.66314922802717,46.036607225482406,46.65840530395508,9251400
2019-02-05,46.64416440959066,47.09508708408814,46.52075719541832,46.919464111328125,14672400
2019-02-06,47.5507540962086,48.400383694001995,47.47955539737254,48.082366943359375,16603000
2019-02-07,47.413104021710694,47.67890863338096,46.64416459625795,47.04762268066406,18214600
2019-02-08,46.26444405462649,47.00964937049087,46.0983161729974,46.919464111328125,11795600
2019-02-11,47.0523631658328,47.24222514085563,46.74384153040117,47.12356185913086,6917000
2019-02-12,47.73587014513877,48.30070858789249,47.674166535441884,48.172550201416016,11511800
2019-02-13,48.34342074933559,48.64719846398086,48.144067303096385,48.28646469116211,7987200
2019-02-14,48.082364943454685,48.75162399351788,48.072869852636146,48.42885971069336,8805000
2019-02-15,48.77535879499099,48.870287976633904,48.343422689488605,48.675682067871094,9890600
2019-02-19,48.49531398362366,48.92725011077586,48.485822513510094,48.61872482299805,6991600
2019-02-20,48.856049145996906,49.3781668896367,48.856049145996906,49.060150146484375,8892400
2019-02-21,49.007939960631965,49.16457637635329,48.6092330347773,48.75637435913086,9303600
2019-02-22,49.1788153604471,49.51107113177889,49.0838861747284,49.44936752319336,9266000
2019-02-25,50.1566007805402,50.44139196495293,49.84333156408111,49.90028762817383,9845600
2019-02-26,49.715164481445555,49.90502644495031,49.42562580189685,49.5775146484375,6963200
2019-02-27,49.34969219002102,49.34969219002102,48.5190491168406,49.069644927978516,11668600
2019-02-28,48.79908442507164,49.178808356499566,48.680421149164886,49.04590606689453,8978000
2019-03-01,49.48734233090103,49.74365548664779,48.99845012730341,49.49683380126953,8854800
2019-03-04,49.82909414956789,49.980983027557485,48.88453168141971,49.52056884765625,9056400
2019-03-05,49.36867291002297,49.57277390013379,49.02692207808708,49.28797912597656,8297000
2019-03-06,49.22153213157204,49.22153213157204,48.42886220918588,48.457340240478516,9314400
2019-03-07,48.17729518933371,48.27222437172219,47.66466891327714,47.930477142333984,12776000
2019-03-08,47.194761882897545,47.95895372845371,47.00964744789361,47.91623306274414,10104800
2019-03-11,48.16780506106113,49.169319913494384,48.09660636162885,48.93674087524414,11949200
2019-03-12,49.08862867558724,49.41614051305709,48.74213389857717,49.17881393432617,8638600
2019-03-13,49.44936489489335,49.7483950731981,49.297476033026726,49.37816619873047,8911400
2019-03-14,49.316467048948205,49.59651069215581,49.083888000365356,49.10287094116211,8708400
2019-03-15,49.715175243574215,50.844852179251475,49.69618868098203,50.41766357421875,16864200
2019-03-18,50.460377123527174,50.7356768300409,49.98098003126835,50.28001022338867,9495400
2019-03-19,50.65973163172542,51.02046541366991,50.512586694650814,50.85908508300781,13650000
2019-03-20,50.916041327511856,51.110650855410455,50.12811898901817,50.42240524291992,11618600
2019-03-21,50.612267076613065,52.49664077306147,50.612267076613065,52.159637451171875,18619000
2019-03-22,51.860604206407366,51.979267493961,50.62650674011284,50.66922378540039,18134800
2019-03-25,50.3512028280895,50.76414871655885,49.63922316238003,50.028438568115234,11660400
2019-03-26,50.58378037048509,50.89230560760335,50.142352845701296,50.493595123291016,9677400
2019-03-27,50.54581498662473,50.69295993160815,49.42088929298529,49.75789260864258,15877800
2019-03-28,49.838583029697325,50.22305093996234,49.35918231230024,49.662960052490234,14141800
2019-03-29,50.25152770311477,50.5742919733251,50.151850981312215,50.46986770629883,11183800
2019-04-01,51.23406572219788,51.760931044934026,51.01572569261695,51.713462829589844,11873800
2019-04-02,51.732449516538104,51.87959446609131,51.447658330366444,51.75618362426758,6885600
2019-04-03,52.59157074206698,53.39847965273743,52.47765137812683,52.96179962158203,18118800
2019-04-04,52.72921435341177,53.346264869533236,52.66751075032602,53.01875305175781,13235200
2019-04-05,53.327283762121674,53.479172634052674,53.01875847251661,53.4174690246582,9291600
2019-04-08,53.14216632302506,53.58834144354798,53.06622370199001,53.526634216308594,7829200
2019-04-09,53.23235259044501,53.23235259044501,52.72447385436307,52.942813873291016,10522200
2019-04-10,52.82889843107524,53.52663553799571,52.80041677883219,53.37000274658203,12485200
2019-04-11,53.3747470473628,53.65004675265137,53.16115457127259,53.31779098510742,8534400
2019-04-12,53.8446500379009,54.0677375793457,53.61681495138055,54.0677375793457,7784800
2019-04-15,54.053496606186464,54.09146972532678,53.36050347779745,53.67852020263672,9355800
2019-04-16,54.05824760187182,54.99806244334404,54.029769571356844,54.98856735229492,13848000
2019-04-17,56.07552783950168,56.40303970095672,55.48221134922313,55.800228118896484,17039000
2019-04-18,55.92838118590066,56.01856282134501,55.58188279517579,55.880916595458984,11583800
2019-04-22,55.567647448651854,55.95686291007471,55.43949268386717,55.838199615478516,10271000
2019-04-23,56.06603196484687,56.43151330076933,55.91414310011964,56.28911590576172,9897800
2019-04-24,56.23690732525527,57.29538183160319,56.23215977974286,56.768516540527344,13842400
2019-04-25,56.44101188791677,56.58340567042846,55.26861794319018,55.648338317871094,19979400
2019-04-26,54.44271252565765,54.98381680378645,53.86838267330395,54.96957778930664,22088200
2019-04-29,54.84616994264943,54.96483322368388,54.50441911385966,54.68003845214844,7429000
2019-04-30,54.75599142188777,55.301843306015904,54.68479272025082,55.17843246459961,10399400
2019-05-01,55.62934915482131,55.95211344993229,54.713268407029574,54.75598907470703,14377200
2019-05-02,54.76073474598726,55.790731203471196,54.6610580199065,55.27335739135742,13587200
2019-05-03,55.61510942593045,55.80497141261596,55.24962808914668,55.766998291015625,12327200
2019-05-06,53.93958179554464,54.922113636933354,53.725989334018585,54.87464904785156,13573000
2019-05-07,54.22437467775559,54.352533055804365,53.04723689725884,53.62156677246094,23139400
2019-05-08,53.270328086355626,54.04875901333463,53.16115626136825,53.23710250854492,17838000
2019-05-09,52.33051187006268,52.73871388501291,51.33374093965808,52.48714828491211,36849000
2019-05-10,52.116918025178585,52.79567218373444,51.25304942531805,52.4301872253418,26992200
2019-05-13,50.66922454306922,51.034705880820425,49.8053559416138,49.999961853027344,35276800
2019-05-14,50.730925288543936,51.518851223473604,50.484107254041675,51.281524658203125,21698600
2019-05-15,50.6787188685182,52.09318695039095,50.62651034988289,51.75618362426758,25708000
2019-05-16,51.010972319778354,51.561568065975024,50.707194607121714,51.025211334228516,23369400
2019-05-17,50.25153119627544,51.28627522670352,49.88604623627731,50.04268264770508,38983200
2019-05-20,48.46209228080106,48.803843173273876,47.74062099104915,48.053890228271484,37746400
2019-05-21,49.09337753514446,50.645491808208824,48.68517551909621,49.15033721923828,19799200
2019-05-22,48.381393868995254,48.76111782295984,48.17254533218313,48.28646469116211,21798600
2019-05-23,47.41784755875467,47.63618756007129,46.75333246443855,47.48429870605469,24398800
2019-05-24,47.87351733775345,48.09660489924397,47.19476318359375,47.19476318359375,19091800
2019-05-28,47.465322448163086,47.61721133514454,46.73435604790337,46.777076721191406,12133600
2019-05-29,46.38785235476379,47.12831008459262,46.330892675040026,46.93370056152344,26899800
2019-05-30,47.085600266754724,47.712142402790874,46.97643204877972,47.29444885253906,15246600
2019-05-31,46.79605108866353,47.42734063066477,46.48278190099272,46.625179290771484,27918400
2019-06-03,47.13779844400257,47.49853581582162,46.34987617704462,46.57296371459961,13463400
2019-06-04,47.313428904129644,48.50480939427986,47.01914263024356,48.481075286865234,13922400
2019-06-05,48.90351355122759,49.0221768389366,47.57923082583708,48.110843658447266,21119000
2019-06-06,48.19153512279178,48.94148799042515,48.01591576989527,48.775360107421875,10042200
2019-06-07,49.045916713497725,49.534808936948906,48.87504126939409,49.40665054321289,11348200
2019-06-10,50.0236965104828,51.19134285577553,49.93351125077883,50.6407470703125,17218400
2019-06-11,51.43341450924916,51.64226304954501,50.51258625938044,50.82585906982422,16207000
2019-06-12,50.341705813299136,50.427143514770485,49.67719438109497,49.72465896606445,8059200
2019-06-13,50.056922853357484,50.1755861458094,49.63922936760061,49.97148513793945,7157200
2019-06-14,48.69466463257852,48.91300826704675,48.40512954439996,48.7278938293457,11866800
2019-06-17,48.704159403373474,48.856048264625244,48.31019642467429,48.42885971069336,12354200
2019-06-18,48.85604750235387,50.745168579681774,48.85604750235387,50.3986701965332,27726800
2019-06-19,50.66922284477132,50.90180187009029,50.28475495905602,50.517333984375,9436200
2019-06-20,51.62801978919248,51.83212078165481,50.835349924568376,51.101158142089844,11151200
2019-06-21,50.84958999219469,51.26728707638571,50.7119401459332,50.85908508300781,10478400
2019-06-24,50.98249547534089,51.162862364759945,50.76415184431248,50.95401382446289,12248800
2019-06-25,50.93977548917942,51.11065091146253,50.037933787422155,50.07115936279297,12314400
2019-06-26,51.1676103593445,51.89857301416945,51.162862813937146,51.55207824707031,14639600
2019-06-27,51.89383288761999,52.50138837684274,51.89383288761999,52.24507522583008,10445000
2019-06-28,52.92382517330421,52.96654221772359,52.26405759762032,52.29728317260742,11854800
2019-07-01,54.63257762855393,55.04077963314561,53.41746670585285,53.77345657348633,18217000
2019-07-02,53.6263143777054,53.63105830184869,52.9048395631497,53.14216613769531,8500600
2019-07-03,53.07571411145206,53.12792624669654,52.591569500740356,52.94755935668945,4022200
2019-07-05,52.33051068538942,52.67226153866378,52.0219854083325,52.558345794677734,7976800
2019-07-08,52.059958285477485,52.32101896975655,51.84161826831508,52.21659469604492,7715400
2019-07-09,51.86534597072427,52.65801945077335,51.779908262390904,52.58207321166992,8019800
2019-07-10,53.14691530892271,53.81143046224122,53.0092654569176,53.10419464111328,9222600
2019-07-11,53.40323165003664,53.45069624497703,52.97604305294016,53.2513427734375,7684400
2019-07-12,53.45543507398493,54.25759637522505,53.45543507398493,54.22911834716797,7099600
2019-07-15,54.54239479123632,54.865155454325915,54.35253280841247,54.665802001953125,5291600
2019-07-16,54.37152339053205,54.404748968385114,53.863644631168675,54.10097122192383,7413000
2019-07-17,54.480688629241314,54.60409946368597,54.13419385353388,54.29557418823242,5379000
2019-07-18,54.418983901529735,55.40626331411455,54.39999734113586,55.27335739135742,10446400
2019-07-19,55.47746014793542,55.781237881236876,55.24488111303941,55.278106689453125,8773200
2019-07-22,55.65308217196317,56.46948617428017,55.63409561129113,56.38404846191406,10074800
2019-07-23,56.768519279918884,57.01534096004814,56.403037926782865,57.01059341430664,8288600
2019-07-24,57.39031903436848,58.64814709285879,57.29063867754807,58.529483795166016,13770800
2019-07-25,58.178236668260844,58.23994027431783,57.36658021328281,57.471004486083984,11179200
2019-07-26,57.90768401186303,57.95514860236363,57.32385904688893,57.35234069824219,7876400
2019-07-29,57.257408765088265,57.63713273748948,56.76851659501013,57.54694747924805,8749600
2019-07-30,56.92990036611,57.4567656559828,56.80174198678085,57.29063415527344,5625800
2019-07-31,57.03432567702983,57.06280370792508,54.95534251008704,55.5771369934082,10838800
2019-08-01,55.425248032715366,56.91566229029989,54.006036094881026,54.45695877075195,26134200
2019-08-02,54.01553698457101,54.328806221466934,53.26083649426044,53.71650314331055,16233800
2019-08-05,52.25930946194714,52.339999625816354,50.98249499073717,51.40018844604492,17974600
2019-08-06,52.36848356108469,52.79092458014267,51.656503827214,52.21659469604492,18445200
2019-08-07,51.57106875120295,52.61530429908015,51.452405456157074,52.50138854980469,14577800
2019-08-08,52.94756367745573,53.89212249168588,52.71023708745605,53.84465789794922,10679800
2019-08-09,53.35101720691676,53.48391951554123,52.53936071811762,52.914337158203125,16228600
2019-08-12,52.420698331429776,52.881112495206835,52.00300121559918,52.28779602050781,7652400
2019-08-13,52.14539731210046,54.20064639810123,51.874845151266186,53.787696838378906,19539800
2019-08-14,52.4491769408764,52.89060454776539,51.746688633718925,52.055213928222656,16064800
2019-08-15,52.377973207374346,52.44917190254599,51.54733021344262,51.998252868652344,9550200
2019-08-16,52.56784021486843,53.407974758557536,52.2165978720966,53.270328521728516,11025600
2019-08-19,54.42373338886278,54.6658038945608,53.896868088410926,54.148433685302734,9343600
2019-08-20,54.062996166603014,54.21488503440663,53.62156857871809,53.839908599853516,11217400
2019-08-21,54.385755191152306,54.65155977871227,54.13893354157586,54.390499114990234,5137200
2019-08-22,54.46644673157385,54.62782705773203,53.763958504968414,54.319305419921875,7954000
2019-08-23,53.588338742337,54.13419056244417,51.87958821004514,52.0694465637207,25397800
2019-08-26,52.8621175543595,52.96179427175135,52.41594247728717,52.605804443359375,7238400
2019-08-27,53.01875574607815,53.199126261875826,52.17387371307696,52.482398986816406,8074600
2019-08-28,52.245074696299895,52.90484231818905,51.8653507087262,52.81940460205078,7751000
2019-08-29,53.721243750227,54.31930773417937,53.68327062904866,53.96331787109375,11236000
2019-08-30,54.50916408528085,54.76547721179886,54.06774014781296,54.309810638427734,7725800
2019-09-03,53.78295081623732,53.9063616573484,53.156408761751194,53.4506950378418,8735400
2019-09-04,54.333553230031306,55.04078549508271,54.324058137946096,55.026546478271484,10075600
2019-09-05,56.22266964919288,57.328612465608856,56.15621849142095,56.697322845458984,14293000
2019-09-06,56.787502353938876,56.95363023152516,56.43151249283278,56.74478530883789,5642800
2019-09-09,56.977366151717526,57.39505963170829,56.7305444788877,56.96312713623047,6717800
2019-09-10,56.654596823212934,57.08178535645867,56.28911189203539,57.0770378112793,7901000
2019-09-11,57.304877161824784,57.83648637931585,57.01059090120209,57.803260803222656,6789000
2019-09-12,58.22570364732047,58.44404367153451,57.51372389045527,57.89344787597656,8984400
2019-09-13,57.81275139864836,58.135515664733205,57.59440777693916,57.86496353149414,7082400
2019-09-16,57.38082078507852,57.69409361198066,56.98211386500262,57.47574996948242,4699400
2019-09-17,57.243166587640985,57.75579283566939,57.09127773133434,57.70832824707031,6576600
2019-09-18,57.694095978361595,57.798516636962304,56.99635521829398,57.77003860473633,4461600
2019-09-19,57.93141950353063,58.07856082399704,57.4757492841398,57.53745651245117,5574200
2019-09-20,57.670354554873725,57.67984602397288,56.2653817426627,56.45998764038086,10108000
2019-09-23,56.39828574001084,57.24316774665529,56.39828574001084,56.94413757324219,5841800
2019-09-24,57.36658539821714,57.475753605055324,55.84294907786594,56.09926223754883,11076200
2019-09-25,55.823954654869645,57.205193373797314,55.37777955587972,57.05805206298828,10392800
2019-09-26,57.100775354896086,57.42353964153037,56.649852689911455,57.257408142089844,9736600
2019-09-27,56.81123530719392,57.06280089119414,55.467966056092145,55.899898529052734,13748000
2019-09-30,56.28911988807609,56.60714027658341,55.98534213713011,56.545433044433594,5178000
2019-10-01,56.93938816799584,57.584916704612354,55.94261733452842,56.16095733642578,9516800
2019-10-02,55.638843665857614,55.7907325313075,54.926863930064485,55.24488067626953,9928200
2019-10-03,55.240128254006684,56.160956456494205,54.623081376916645,56.094505310058594,11036000
2019-10-04,56.445750024495844,57.11026513869393,56.25588804596553,57.081787109375,7152400
2019-10-07,57.005841991622624,57.33335382050174,56.77801050995411,56.7969970703125,9452600
2019-10-08,56.1941860980716,56.365061521653054,55.211654223136264,55.306583404541016,12161800
2019-10-09,56.09451049659045,56.64985382371363,55.96160819143101,56.279624938964844,6429000
2019-10-10,56.431511122071825,57.35233936591985,56.37455144200464,56.81597900390625,9358800
2019-10-11,57.955145674052524,58.80002765474846,57.81749583363457,58.11178207397461,17065400
2019-10-14,58.111785950520066,58.32063449768147,57.93141905517279,58.19722366333008,4406200
2019-10-15,58.46303072487413,59.51201380759081,58.46303072487413,59.35538101196289,7605200
2019-10-16,58.975653097018366,59.29366983413995,58.382336667470895,58.49150848388672,6919400
2019-10-17,59.141786845818736,59.38386098708062,58.17349390208767,58.529483795166016,6686200
2019-10-18,58.434547467638446,58.61491435442536,57.437776613039986,57.95514678955078,7198400
2019-10-21,58.382335249790145,59.06583691885272,58.306389010420524,59.0421028137207,8208200
2019-10-22,59.24620814918008,59.32689831843932,58.58169299123916,58.59593200683594,6848800
2019-10-23,57.56593291818431,58.007360488439026,57.252663725176895,57.5754280090332,11567400
2019-10-24,58.434548748553524,59.12279435766115,58.33487202304031,59.099063873291016,9543200
2019-10-25,59.36012162139918,60.34740103987423,59.36012162139918,60.295188903808594,9143200
2019-10-28,60.8030749853619,61.287216012118925,60.67016905364565,61.21127700805664,9707200
2019-10-29,61.315693244862466,61.78085856783245,60.727127947228595,60.7935791015625,7143000
2019-10-30,61.11633682680384,61.11633682680384,60.38062661901776,60.86002731323242,6770600
2019-10-31,60.68915370516848,60.75560485827692,59.86800213987668,60.51353073120117,7842400
2019-11-01,60.99292794619412,61.77135879914844,60.864769571599766,61.761863708496094,8745400
2019-11-04,62.76813469341549,63.1668415981987,62.568781241023885,63.076656341552734,7755000
2019-11-05,63.209563096032156,63.613021195986626,62.93901454966732,63.10988998413086,5403600
2019-11-06,62.90578480054422,62.9722359554416,62.16532700522126,62.72541427612305,8512000
2019-11-07,63.5323293775333,63.73642676312874,62.81085453487575,63.09564208984375,7853600
2019-11-08,62.80611651749888,63.22855758666992,62.3836682056946,63.22855758666992,6742000
2019-11-11,62.69218539936951,63.09089228474031,62.46435392810503,62.97222900390625,5145000
2019-11-12,63.24752279952361,63.584529672492685,62.86779888766064,63.105125427246094,4700200
2019-11-13,62.73965270638243,63.3756934603294,62.559289426277424,63.21430587768555,5713800
2019-11-14,63.067169816106265,63.15735508500068,62.644728748100775,63.100399017333984,5224800
2019-11-15,63.95951261381172,64.20158311542914,63.47062044374382,63.74116897583008,8184400
2019-11-18,63.71268551141096,64.17309961174206,63.41840289815544,63.779136657714844,3931600
2019-11-19,64.10665451033555,64.1968397693873,63.285506573015404,63.56080627441406,6635400
2019-11-20,63.24278834657148,63.5987782092585,62.44536728798377,62.93901062011719,9882000
2019-11-21,62.654217208377936,62.8013585293643,61.98970568049358,62.25075912475586,8167600
2019-11-22,62.49757998428541,62.73965048573425,62.01818290558509,62.1415901184082,6401600
2019-11-25,62.68269626500218,63.584541630612506,62.68269626500218,63.57504653930664,6601400
2019-11-26,63.43265220933151,63.53233256628453,63.06242329944815,63.37094497680664,7094200
2019-11-27,63.62726222492546,63.79813766479492,63.489608742529875,63.79813766479492,4592000
2019-11-29,63.44689257824976,63.48012177882014,63.04818562720372,63.086158752441406,3278400
2019-12-02,63.2190607701723,63.29025585301023,62.155834996449855,62.2650032043457,9095200
2019-12-03,61.06412786100464,61.434356756846924,60.71763307235895,61.391639709472656,13605000
2019-12-04,62.179564367636345,62.52131522448739,62.117857138789425,62.29348373413086,6475400
2019-12-05,62.58776686201241,62.839332460998,62.40265241667145,62.66845703125,4876200
2019-12-06,63.2855087516655,63.73642781981505,63.2855087516655,63.59878158569336,6751600
2019-12-09,63.631995368769594,63.793375689462195,63.16209342071575,63.17158126831055,3950800
2019-12-10,63.408917722034964,63.81711975390533,63.24279345161729,63.42315673828125,5077200
2019-12-11,63.88356081235197,64.80913293521755,63.63674640800898,64.78065490722656,9540200
2019-12-12,64.87084224422502,66.67452558219821,64.80439109589804,66.64129638671875,12050000
2019-12-13,66.63654479796514,67.36750734548349,66.17138681318076,66.38497924804688,10016800
2019-12-16,67.2013937509016,67.44821541648894,66.89286485825936,66.92609405517578,7099800
2019-12-17,67.40075346994864,67.44347051912726,66.91660518469206,67.30582427978516,5578400
2019-12-18,67.4956755661715,67.4956755661715,66.96881028711097,67.07323455810547,4842600
2019-12-19,67.36752694234379,67.5146755219623,66.99729801617656,67.46246337890625,4704200
2019-12-20,67.82793712601689,68.3358195095813,67.60010562553508,68.11273193359375,6537200
2019-12-23,68.95680311504601,69.09651532949691,68.2293145203572,68.45093536376953,5452200
2019-12-24,68.619550303685,68.619550303685,68.13777291245894,68.59064483642578,2355200
2019-12-26,68.66291305051803,68.88452652467728,68.44611470359206,68.77371978759766,3149800
2019-12-27,69.02425094643884,69.08687701024466,68.3931237214292,68.53765106201172,3688400
2019-12-30,68.65327933784006,68.65327933784006,67.56928019040048,68.04141998291016,5910000
2019-12-31,67.81016846496867,68.25821791446006,67.6463659147034,68.12814331054688,5706200
2020-01-02,69.2747706446572,69.82881907772368,69.04351954591407,69.70355224609375,5200400
2020-01-03,68.6773739192914,69.101333057561,68.35458392428038,68.5617446899414,9963600
2020-01-06,67.69454017128152,67.99324715970941,67.33802959832852,67.82943725585938,6514000
2020-01-07,68.5280197980691,69.20732034282636,68.1233211963762,68.96161651611328,6526000
2020-01-08,68.95680326674287,69.42894307168096,68.66291875164734,69.0772476196289,6112800
2020-01-09,69.95889753371732,69.95889753371732,68.81708012871229,69.47229766845703,6403600
2020-01-10,69.86736513795314,69.86736513795314,68.76891318281503,68.89417266845703,4503800
2020-01-13,69.47231122546523,69.8866401527944,69.22178487720224,69.85773468017578,7211800
2020-01-14,69.94443239027295,70.46957529063688,69.57828424946764,70.00225067138672,6001800
2020-01-15,69.71801728258946,69.81918642926279,68.7689151280766,68.96643829345703,7379800
2020-01-16,69.60719854559842,70.079345703125,69.52529726758013,70.079345703125,6238400
2020-01-17,70.38286093749747,70.38768341651493,69.86736292508613,70.368408203125,5896400
2020-01-21,70.08897341900226,70.73937584327788,70.02634735651607,70.42621612548828,6054400
2020-01-22,70.93690021940493,71.59693284167696,70.80200314844917,71.00434875488281,7073600
2020-01-23,71.20670497615737,71.44759368896484,70.61412080102622,71.44759368896484,8740000
2020-01-24,72.41595957567763,72.62312767968166,70.60447920421625,71.13442993164062,9998400
2020-01-27,68.8267239961439,69.13506125752454,68.05106203920099,68.26786041259766,13582200
2020-01-28,69.01460238537157,70.13714444420178,68.60991119329695,69.97815704345703,7419400
2020-01-29,69.69392128593972,69.92517238234389,68.80263014469182,68.91343688964844,5874400
2020-01-30,68.21486745232646,68.86526995104101,67.43439033494137,68.75446319580078,10334200
2020-01-31,68.1425981760551,68.20523159190284,65.98423743353034,66.27812194824219,12204800
2020-02-03,66.56718625986082,67.27539966622649,66.48046985157447,67.1838607788086,7682000
2020-02-04,68.99051276596808,69.40966404550358,68.638817370485,69.34703063964844,10815600
2020-02-05,70.58038749319824,70.8742719945614,69.79027286923923,70.72492218017578,10793000
2020-02-06,70.82128249036744,70.84055035305403,69.94926651482973,70.77310180664062,5421800
2020-02-07,70.07453175682555,70.13235005231518,69.115799293434,69.15433502197266,10472400
2020-02-10,68.69182493430274,70.25760153810033,68.65328185881769,70.24314880371094,8198400
2020-02-11,70.87909489057611,72.0257275545762,70.87909489057611,71.7270278930664,10834200
2020-02-12,72.2617993219502,72.82547803249754,72.2617993219502,72.73875427246094,7438400
2020-02-13,72.24252297565565,73.38915559271466,72.14135383376224,72.91219329833984,7965600
2020-02-14,73.2301566888965,73.52885629138328,72.16542551823855,72.59902954101562,7469800
2020-02-18,71.14406758275338,71.6210298539412,70.87427341569996,71.51021575927734,11817200
2020-02-19,72.62312004765518,73.48068313855886,72.50749083771103,73.35060119628906,8134000
2020-02-20,73.03746170311301,73.13381571933913,71.08143915215568,72.19435119628906,7756000
2020-02-21,71.71738668426254,71.76074488752873,69.8384576959942,70.07452392578125,14164000
2020-02-24,66.8562465990943,67.80052611209008,66.2636551507285,66.89960479736328,19728200
2020-02-25,67.68972008958853,67.9017033073645,64.65934368457984,64.97249603271484,25658000
2020-02-26,65.53135694596182,66.60571837383392,64.84241151549283,65.36273193359375,19085800
2020-02-27,63.59462164816854,64.58226686373013,62.19747002219186,62.35163497924805,25962400
2020-02-28,60.02946500144453,63.92222370995425,59.88974911041544,63.58016586303711,19297800
2020-03-02,64.40399957586241,65.791520846162,62.63587739254193,65.7818832397461,14083000
2020-03-03,66.02759168037839,66.92369790504712,63.165832854780234,63.62351989746094,14801000
2020-03-04,64.8857815823706,66.88516235351562,64.19684337720973,66.88516235351562,10802800
2020-03-05,65.04476349246427,66.37928893580998,64.21610578444756,64.78460693359375,11346000
2020-03-06,62.87676417960646,63.94631056768233,61.98065794503855,63.53680419921875,14819200
2020-03-09,58.13126463068206,61.18573167601343,58.04454454899635,58.251708984375,14174400
2020-03-10,60.47751902952913,61.84095001220703,58.40587832601824,61.84095001220703,12554000
2020-03-11,59.80303304648045,61.18573563968952,57.90483240876788,58.502235412597656,14558200
2020-03-12,54.411948772860434,56.67148261330423,52.31621383263038,52.32585144042969,13776000
2020-03-13,55.55857056140034,57.89037512821858,52.56191449456945,57.39896011352539,11600000
2020-03-16,50.68298145610947,54.17105250931206,48.79441491363717,49.1268424987793,13095800
2020-03-17,49.99404166371986,53.679639691903525,48.41863110476993,53.106327056884766,19195800
2020-03-18,49.14129809313447,51.24666679546392,46.25063349942068,48.69324493408203,14520400
2020-03-19,48.317450649379275,51.14066620139107,46.75167426911233,49.55561828613281,10292200
2020-03-20,51.622449451499264,52.61972852839105,48.5631636784772,48.68842315673828,13733000
2020-03-23,49.3580954732717,51.212941490748946,48.13919918224611,50.49509048461914,13153600
2020-03-24,53.71818439144476,55.92472594188198,53.67000738272996,55.707923889160156,15628600
2020-03-25,56.24269748813967,58.00118588464294,54.30113498711867,55.288780212402344,9801600
2020-03-26,56.27160099299828,58.77684196723548,55.98253161655799,58.641944885253906,9212800
2020-03-27,56.62329693990658,57.36523457313485,55.38031037219936,55.39958190917969,12571400
2020-03-30,56.42577025384392,57.769929637174826,55.809092096001436,57.5723991394043,9145600
2020-03-31,57.68802626690261,58.45886939074427,56.059619938057736,56.43540573120117,10223600
2020-04-01,54.65283069128698,55.97771857180928,53.0822353019166,53.63628005981445,12936000
2020-04-02,53.15932082112814,55.25987074788577,53.11114381239281,55.08161544799805,9846200
2020-04-03,54.92263117141508,55.62602583130188,53.38575987733377,53.97834777832031,7177600
2020-04-06,56.47876301686923,59.64885533561143,56.4739442139549,59.3453369140625,17371000
2020-04-07,61.52297208058515,61.60969215900703,59.16226577758789,59.16226577758789,11802800
2020-04-08,60.217356413080076,61.42179991740578,59.441694502240736,61.12310028076172,9511600
2020-04-09,61.759046957754265,62.457622727389825,59.205625231287215,59.67776870727539,20814000
2020-04-13,59.41760331190616,60.554598187441925,59.138171558025256,60.4582405090332,10961600
2020-04-14,61.96621533520847,63.161028744060445,61.754232073917294,63.10321044921875,15345800
2020-04-15,61.69160389517647,61.7301469733076,60.699139849486336,61.40253448486328,12026800
2020-04-16,62.462436048509616,63.319999219758415,61.86021430738885,63.03093719482422,9310000
2020-04-17,64.24983913486152,64.534086057673,63.04539554531427,63.64761734008789,10195200
2020-04-20,62.63587628061162,63.65242687492032,62.279365714289455,62.29863357543945,6241200
2020-04-21,61.23872663571867,61.580788154378524,59.152629576550495,59.5091438293457,12767200
2020-04-22,61.25799475041472,63.22846615073267,61.20981774743204,62.8719482421875,12027600
2020-04-23,62.852682977042846,63.556073865842045,62.14928473690391,62.293819427490234,8544400
2020-04-24,62.28899631039997,63.70542303122155,61.8216789993913,63.5512580871582,7987400
2020-04-27,64.1823829132318,64.88095864136831,63.840317740113434,64.3365478515625,8903600
2020-04-28,65.4205450646855,65.7433423679498,63.83550077070404,63.90776443481445,9113600
2020-04-29,65.05921753001994,67.14049944805221,64.81351369997716,66.90924835205078,9771000
2020-04-30,66.53346530171306,66.53346530171306,64.31728620722036,64.42809295654297,13736400
2020-05-01,63.04539138778474,63.1610206112386,61.152006042849,61.39289474487305,12030800
2020-05-04,61.13755508361661,62.14928692635348,60.75695048228955,62.072200775146484,7615800
2020-05-05,62.95384401310703,63.99448482980286,62.52506247539515,62.8815803527832,9668800
2020-05-06,63.64761884952645,64.57744579406494,63.46936354647492,63.61871337890625,6652600
2020-05-07,64.79906782826609,65.00141347761355,63.93668941666563,64.19684600830078,6246200
2020-05-08,64.90505018559446,65.9119631604264,64.64488627978078,65.83487701416016,6032800
2020-05-11,65.19894382877676,66.34075404402294,65.15558562217412,65.86861419677734,5441000
2020-05-12,66.29258373344479,66.44193357500497,64.03786131982592,64.05713653564453,7153200
2020-05-13,64.52444005192879,64.74606087814851,62.038474393701016,62.920127868652344,13727600
2020-05-14,62.443171478216826,64.74606694952094,61.383262628253675,64.68343353271484,11389600
2020-05-15,62.51061464252971,63.522350074389635,62.08183307121256,63.209190368652344,14959000
2020-05-18,64.82796196898938,66.27811656287048,64.76532855823088,65.93123626708984,8478200
2020-05-19,65.90233763931315,67.09715107152326,65.58437009250096,65.68553924560547,7990000
2020-05-20,67.14050184250533,68.4172090706217,67.12123398020964,68.06551361083984,9048200
2020-05-21,67.90170538242096,68.07032305528531,66.24439001244085,66.34074401855469,8865600
2020-05-22,66.3744695123932,66.55753991184598,65.56507971798491,66.48046112060547,4969000
2020-05-26,68.06070002412577,68.47984403844285,66.95261045786263,67.05377960205078,9327200
2020-05-27,67.07786842519923,68.07515121765772,65.35310437180236,68.06551361083984,13018200
2020-05-28,67.68971859308795,68.41719975497288,66.26847686157917,66.61053466796875,10383400
2020-05-29,66.85624653906002,68.35938955508101,66.6201729853535,67.94506072998047,12020000
2020-06-01,67.88243068015946,68.20040551892849,67.34284236079833,67.8438949584961,6332800
2020-06-02,68.16668528693398,69.24104680399327,67.77162430005953,69.17841339111328,7555800
2020-06-03,70.22870227483197,71.37051250052606,70.22387979538273,71.08626556396484,8987600
2020-06-04,70.76828446372667,72.3533289304993,70.67674557831506,71.87155151367188,6281600
2020-06-05,73.38915041949566,74.56468842280313,73.30242666693158,73.5674057006836,9793600
2020-06-08,73.89983575214814,73.9239260926313,72.00645408187623,73.34579467773438,5562200
2020-06-09,72.54121802497207,73.75529163571235,72.30032935360218,73.48068237304688,5726000
2020-06-10,73.9287471353643,74.54542167410757,73.54814619010102,73.85648345947266,7012600
2020-06-11,72.01126321552661,72.31478530740303,69.27476396415732,69.32294464111328,9342800
2020-06-12,71.3030545916857,71.66438763860302,68.82190394338924,70.30095672607422,9391800
2020-06-15,68.759272097312,71.31269382401766,68.57137920268434,71.21151733398438,8518200
2020-06-16,73.13862976873685,73.52886830706963,71.19706733261539,72.32442474365234,7783600
2020-06-17,73.00373796541271,73.71676654822528,72.6134993988149,73.09046173095703,9421200
2020-06-18,72.95073762409338,73.39879445703208,72.61831002092534,72.9892807006836,5770000
2020-06-19,73.76012110988987,74.16962747925564,72.46413875878616,72.64720916748047,6698200
2020-06-22,72.66167005375534,73.37469853812767,72.03535797161469,73.31206512451172,5636000
2020-06-23,73.80829706429058,74.24190114011472,73.39879068035313,73.5529556274414,4749200
2020-06-24,73.1579011809414,73.56740756041971,71.46204267339783,72.01126861572266,8941800
2020-06-25,72.11243966712246,72.64239776209017,70.86946041045262,72.502685546875,4635400
2020-06-26,72.50267384184126,72.6616612446642,70.98989330292632,71.14405822753906,7897800
2020-06-29,71.37050720773266,71.86673736572266,70.26724014274696,71.86673736572266,6789800
2020-06-30,72.30996538933823,73.88537948444102,72.20397377735337,73.61558532714844,8866200
2020-07-01,73.66375995657529,73.69267277508723,72.76765371753396,72.77247619628906,6057600
2020-07-02,73.77457686046066,74.43942468477874,73.52886567745324,73.88538360595703,6947400
2020-07-06,75.23917108330188,76.16900523124222,75.08500614740865,75.92329406738281,6925800
2020-07-07,75.71130781666034,76.15454944903699,74.82966173295497,74.97901153564453,5952000
2020-07-08,75.65831427562026,76.1256389084606,75.03682470845091,76.05337524414062,5181600
2020-07-09,76.36172331008918,77.68179612609623,75.58606134708135,77.37345886230469,11834000
2020-07-10,77.35900806793519,77.58062157644503,76.30872941248201,77.06993865966797,4751800
2020-07-13,78.240650550235,79.03558770894405,75.81249557304209,75.96184539794922,9496400
2020-07-14,75.460803588722,77.42163396784912,74.58396510987716,77.23856353759766,7806200
2020-07-15,77.71550611136595,77.74441157725231,75.77875903224785,76.88684844970703,6357000
2020-07-16,76.16419294392995,77.06029926719064,75.68723798808071,76.82904815673828,6811200
2020-07-17,77.33490431060109,77.46016377840742,76.80494627115284,77.18555450439453,4978200
2020-07-20,77.30118476259004,78.93440990530421,76.75678128257861,78.72724914550781,4485600
2020-07-21,79.53181992806559,79.57517813293542,78.11539309159575,78.33219146728516,6091000
2020-07-22,78.58753506831209,79.46437355346451,78.27919779524166,78.90550994873047,4728600
2020-07-23,78.92477855576139,79.51736270959081,76.92539790052737,77.60470581054688,7436000
2020-07-24,76.38580718711759,77.9901267891592,75.74985749924252,76.82422637939453,6040800
2020-07-27,78.56825719412916,79.979861410115,78.45262797470805,79.92205047607422,5584800
2020-07-28,78.82360388680995,78.92478037947963,77.72515195861935,77.84559631347656,5692600
2020-07-29,78.53934987292762,80.10512634450961,78.39963031717488,79.8064193725586,6411200
2020-07-30,79.11266652237869,80.64953018397517,78.94404149944403,80.55799865722656,6549600
2020-07-31,80.71698176934963,80.71698176934963,78.92959174521042,80.08103942871094,10354800
2020-08-03,80.61581157594053,81.63717729062961,80.52908782301697,81.50709533691406,4024800
2020-08-04,81.54564338997066,82.7693621524294,81.47819484528443,82.69227600097656,5997000
2020-08-05,82.69227795187219,83.39085375646194,82.30685453685501,82.76454162597656,4373800
2020-08-06,82.73081712148375,82.74526985562208,81.77689991165435,82.62001037597656,4438600
2020-08-07,82.49474900203042,82.88017242434148,80.8133504411006,81.67091369628906,5515200
2020-08-10,81.93587443545485,82.11412969598302,80.52426302907578,81.72870635986328,4574800
2020-08-11,81.74317967290175,82.14787096961764,80.3315752624497,80.57246398925781,6514400
2020-08-12,81.28548745758751,83.3474942414657,80.95305985925395,83.10660552978516,5739600
2020-08-13,83.06324664368331,83.15478552958437,81.94070437431229,82.31649017333984,4549600
2020-08-14,82.55256418757286,83.28004544819885,82.0370588174687,82.22976684570312,3263000
2020-08-17,83.18368613057862,83.88226187756469,82.98134050843132,83.42938995361328,2801800
2020-08-18,83.77627297692884,83.98825621214161,82.6922738115961,82.91389465332031,3021800
2020-08-19,83.07287547741336,83.14996162752028,82.21049714602923,82.40802764892578,4716600
2020-08-20,81.50710474635437,82.00815740670353,81.04941764314304,81.74799346923828,5814800
2020-08-21,81.71908678868101,82.35985166422516,81.43002473630476,82.34058380126953,4163000
2020-08-24,83.26078387198086,83.53539320051452,82.48512187006487,83.07288360595703,2595400
2020-08-25,83.26558792900852,84.05088743405169,83.25113519528843,84.01234436035156,2598800
2020-08-26,84.22434144950466,84.75910738782525,83.99790544884274,84.47968292236328,2835800
2020-08-27,84.76873230088587,84.98071553370328,82.78862688719919,83.29449462890625,6242800
2020-08-28,83.54020071095724,84.69647091624554,83.27522901412654,84.619384765625,2711600
2020-08-31,84.35922897874623,85.1011629691643,83.78109019507085,84.48930358886719,3468600
2020-09-01,85.13007102540803,86.18997990879299,84.73501735265246,86.14662170410156,3668000
2020-09-02,87.587133984307,88.94092732054835,86.42123354257353,88.43024444580078,7925000
2020-09-03,87.11500529903181,87.11500529903181,83.04397981304945,83.73292541503906,13800400
2020-09-04,83.05360647286892,84.17614870758453,79.73416044971098,82.58146667480469,9850800
2020-09-08,79.39692232651146,81.2373082955066,78.80433814305917,78.91996002197266,7993400
2020-09-09,80.85669917089433,81.79134847128277,79.97023054940118,81.17948913574219,4672200
2020-09-10,82.13340195927749,82.53327804870385,79.68597209770763,80.15811920166016,5837600
2020-09-11,80.84225503889144,81.59864178891642,79.23793529866437,80.00395965576172,4779200
2020-09-14,81.87807269490413,82.38875559409472,81.19394962699408,81.8058090209961,4549000
2020-09-15,82.9524253217613,84.06051476017836,82.75490218402219,83.52574157714844,7696200
2020-09-16,84.06052697890152,84.18579382010564,82.36949078470984,82.49957275390625,3870000
2020-09-17,80.22557889238158,82.44175063721305,80.07622906680317,82.31167602539062,4373600
2020-09-18,82.78863677395394,82.95243934565998,80.090687414889,81.06869506835938,5509200
2020-09-21,79.70043461249104,81.11204626782715,79.02594916883076,81.10723114013672,8011400
2020-09-22,81.58901665933243,81.9166218069734,80.14849939212819,81.77208709716797,3214200
2020-09-23,81.8539866967361,82.21531978813077,79.61372447062539,79.90279388427734,4852200
2020-09-24,79.15603187037206,81.71426880386278,79.05967785628206,80.60136413574219,6385600
2020-09-25,80.38937816482508,81.78652970004869,79.45472882206812,81.5360107421875,5076400
2020-09-28,82.79826065926393,83.6750916664562,82.12377526911602,83.6076431274414,3918000
2020-09-29,83.41012324023724,84.58566126717794,83.41012324023724,84.05088806152344,6431400
2020-09-30,83.89190043764334,84.88436069860549,83.56428798519913,83.92562103271484,5782200
2020-10-01,85.52993640762621,86.27669280575633,85.105969967121,85.99726104736328,4724800
2020-10-02,84.08460150381433,85.25050182524299,83.38602580664224,83.41974639892578,6278600
2020-10-05,84.20987619157751,86.26225280761719,84.1424276434796,86.26225280761719,3832200
2020-10-06,86.05507769302437,87.49559477985999,85.16860903251313,85.50585174560547,10500200
2020-10-07,86.79702053630218,87.57268246569596,86.77774532302163,87.33660888671875,3467600
2020-10-08,88.2808989618882,88.52178767700337,87.85693247085665,88.40615844726562,3773200
2020-10-09,89.74067379787049,90.14054990171898,89.32152248225086,89.92374420166016,5310200
2020-10-12,91.17156919887039,91.88459778146698,90.62715831651009,91.5088119506836,4606200
2020-10-13,91.57143432761157,91.99539344246438,90.85358335214276,91.23418426513672,3182800
2020-10-14,91.62441914606238,91.79785929795008,90.18872460347717,90.75240325927734,4294000
2020-10-15,89.08546081568902,90.52597053711243,88.8397496367837,90.40071105957031,2655800
2020-10-16,91.06557775831821,91.06557775831821,89.76478008357606,89.83704376220703,3466600
2020-10-19,90.50188060419347,91.09927982961554,89.04209578202175,89.39379119873047,4638200
2020-10-20,90.0201052142761,90.17427015116006,89.17217233172677,89.46605682373047,4994400
2020-10-21,89.61059694855635,89.9526621392398,88.80121444024473,88.89274597167969,4890600
2020-10-22,88.9312877166778,89.26853042343299,87.8424734487711,88.85902404785156,3146400
2020-10-23,88.75784806407667,88.75784806407667,87.80393087345621,88.64704132080078,3331600
2020-10-26,87.95810635081584,88.28571146498953,85.69374661498016,86.74884033203125,6464600
2020-10-27,87.45223982812942,87.6545854635055,86.09362396745276,86.45014190673828,3751600
2020-10-28,84.96626455045539,85.07707129667861,83.47757411386813,83.66064453125,9155800
2020-10-29,83.76663288182469,86.48385708148014,83.52092905813113,85.72747039794922,4593600
2020-10-30,84.69164038297619,85.27459423351206,83.37639022520717,84.28694915771484,4847200
2020-11-02,85.03853083379892,85.68893329956515,84.12315666475175,84.94217681884766,3878200
2020-11-03,85.67448567292563,87.33180129372333,85.61667473077613,86.7103042602539,5890000
2020-11-04,88.59886262763641,90.20800476167861,87.5004107225656,89.89002990722656,7822600
2020-11-05,92.21219757751862,93.59490380676861,92.02430467302447,93.46000671386719,6044600
2020-11-06,93.3154740902373,95.19440317698542,92.79033844180519,94.91015625,6303200
2020-11-09,97.23231765373143,97.74781564509607,93.77796725294573,93.87432861328125,10780400
2020-11-10,93.32028418876588,93.3443745298803,90.75240967437664,90.9692153930664,6903000
2020-11-11,92.50125986881626,94.40427910939117,92.4193585938015,94.168212890625,5375400
2020-11-12,94.27902210375932,94.75597703259935,92.72769826261572,93.15166473388672,6405000
2020-11-13,94.35128670511219,95.26184572073603,93.8887845058359,94.52472686767578,4874800
2020-11-16,95.26666348835407,97.46838233202422,95.11249119532654,97.18413543701172,4773400
2020-11-17,96.95770504017561,96.95770504017561,95.6280020175356,96.06641387939453,3430200
2020-11-18,96.57710748854713,97.01070423786719,95.54610407560948,95.58946228027344,7664600
2020-11-19,95.0884030710915,96.92879626745433,94.75116036141081,96.8372573852539,4394800
2020-11-20,97.03479362887963,97.62256267969852,96.23985646112939,96.3458480834961,3579200
2020-11-23,97.0829706600293,98.2585088064581,96.73609031021948,97.82972717285156,5038600
2020-11-24,98.47048147281683,98.51383967404655,96.72644965529557,98.13805389404297,3909800
2020-11-25,98.23440888330627,98.76436696364709,97.72854849456425,98.13323974609375,3595600
2020-11-27,98.81255916768121,100.00255007212706,98.81255916768121,99.44850158691406,3684600
2020-11-30,99.61229466620506,101.43823516724193,98.27295405422872,100.50358581542969,8532400
2020-12-01,101.47678800364956,103.10037567944359,101.0528214895481,102.32952880859375,6737000
2020-12-02,102.29097948436913,103.07627163508062,101.84773781417638,102.73902893066406,5309000
2020-12-03,103.39906097394444,103.90011357573526,102.58004088212664,102.70048522949219,4605000
2020-12-04,103.32198449992069,105.6971435546875,103.13409160786274,105.6971435546875,5367000
2020-12-07,106.38608593481791,106.42462165652988,105.35989774992322,106.29936218261719,4150600
2020-12-08,106.24637887746978,106.8534158089432,105.57189339805487,106.4390869140625,3725600
2020-12-09,105.88985226341407,106.29455086930633,102.45959950348198,103.14372253417969,7174800
2020-12-10,102.21871204307692,103.91457058208948,101.82847351778099,103.22080993652344,4239400
2020-12-11,102.5318797666564,103.19191251640808,101.37079435543303,102.38252258300781,4151400
2020-12-14,103.29308141893442,104.03502280207304,102.87875252157322,103.427978515625,4346000
2020-12-15,104.73358461230659,105.3261687328488,104.25662235840318,105.05155944824219,5027600
2020-12-16,105.4899866463626,105.4899866463626,104.18918173710378,105.00820922851562,2536200
2020-12-17,105.66823863034979,105.70195922584658,104.5842394741312,104.98411560058594,2250800
2020-12-18,105.11900997011374,105.29245012468249,103.95792469512128,104.6227798461914,6820800
2020-12-21,103.02281617798519,104.15317664909651,102.26601008806622,104.09496307373047,4260200
2020-12-22,104.25991028371755,104.26475894766193,103.01797128023979,103.91061401367188,3693600
2020-12-23,104.06100501152072,104.41514994887191,103.07618583601585,103.1343994140625,2659600
2020-12-24,103.43033036815812,104.25991086477507,103.43033036815812,104.2405014038086,1142800
2020-12-28,105.40967413459158,105.51155529898399,103.93487340068648,104.03189849853516,2445600
2020-12-29,104.63344859274882,104.68681350186996,102.80935175808581,103.76991271972656,4497600
2020-12-30,104.37633827844995,105.80748622537853,104.37633827844995,105.68620300292969,2108800
2020-12-31,105.73955818557995,106.02092872153082,104.91968249287345,105.96271514892578,2863000
2021-01-04,106.99605369588043,109.15489344120971,105.06037092060859,106.17617797851562,9300600
2021-01-05,105.9772671911408,108.13610684402191,105.9772671911408,108.03423309326172,4639000
2021-01-06,107.13190764796722,109.7419252247095,106.70013962900254,107.70436096191406,7689000
2021-01-07,109.54300174116881,112.38588060913698,109.54300174116881,112.14816284179688,5244600
2021-01-08,114.06444087086244,114.45739732095811,110.54237881172097,111.7455062866211,6728000
2021-01-11,111.30888876258742,114.17602584946142,111.08572438148974,113.4192123413086,6264400
2021-01-12,114.40403939760049,114.85520942310761,112.81279673971203,113.94801330566406,6375200
2021-01-13,114.73391994312165,114.79698958293909,112.79338852759317,113.3318862915039,4427800
2021-01-14,115.00559880779272,117.82421964293694,114.86976219423447,116.1505126953125,6605600
2021-01-15,115.84972663575589,116.03892815209376,112.89526934119519,113.88978576660156,7656400
2021-01-19,116.06803703715573,117.88728526657823,115.44706756704939,117.79996490478516,6144400
2021-01-20,119.38149403727817,119.72593421945568,117.05770351269628,117.30997467041016,6309800
2021-01-21,118.8235945950329,119.41060864608929,117.34394521002986,119.12438201904297,7217600
2021-01-22,117.88729291099932,118.50826242137255,116.81514596115186,116.88306427001953,5508800
2021-01-25,117.9697588788214,118.22203004343913,114.96193657121336,117.34394073486328,7048400
2021-01-26,117.14018245898338,117.20810076260125,115.28697139913321,115.31607818603516,5393000
2021-01-27,112.97774153037506,112.97774153037506,109.1209294148769,109.68368530273438,11583600
2021-01-28,112.1433140628365,113.70058640313303,110.98869548342834,111.9783706665039,7953000
2021-01-29,112.06569184410624,112.46350434672878,109.43142393969127,109.93595886230469,8083000
2021-02-01,111.64847098826284,114.41372668304334,111.33313760472826,114.24393463134766,5437800
2021-02-02,116.029225390882,116.029225390882,114.39433001933915,115.80606842041016,8677000
2021-02-03,116.34456994419584,116.34456994419584,113.52594171483874,113.62782287597656,6479800
2021-02-04,113.37070200387163,114.9425277709961,112.71576966587632,114.9425277709961,5895800
2021-02-05,115.67509339203167,115.69935151828041,113.94802139970969,114.10811614990234,4920400
2021-02-08,115.22876795580018,117.93581041377342,115.06867321122459,117.92125701904297,8969200
2021-02-09,117.42641147978395,118.48399757249913,117.02859897717656,117.57195281982422,3215600
2021-02-10,118.6149867690593,119.28932116256502,116.42704018927658,117.87273406982422,7481200
2021-02-11,119.1923033588127,122.2534907727232,119.12438504892947,122.23893737792969,10340000
2021-02-12,121.80231338240667,123.72828406847262,121.06490934633713,123.49542236328125,6800800
2021-02-16,125.1545826163238,125.45050655936495,123.5439379413464,124.25222778320312,6947800
2021-02-17,122.96663356875698,123.45661512014541,120.32266081277861,121.84597778320312,7337600
2021-02-18,120.42939121603948,121.08917224219881,119.00309933577293,120.55067443847656,6060000
2021-02-19,122.39902429229544,124.10183799705747,121.86537517554032,123.15583038330078,8658800
2021-02-22,121.54034794179447,122.18557560354053,118.212335866891,118.65380859375,6753000
2021-02-23,116.40763055986291,118.31420658638177,112.97774502170546,117.51373291015625,9492400
2021-02-24,116.41734344245492,121.30748399792877,115.67509069232003,121.29293060302734,9291000
2021-02-25,119.84722661665397,120.45364273283845,114.11780833534945,114.5301742553711,12311800
2021-02-26,116.49495613426971,117.8339201640318,113.96741067452008,116.89276123046875,10312600
2021-03-01,118.70716700969824,120.43423889872363,117.57680649748997,120.40998077392578,7118400
2021-03-02,120.642840326736,120.642840326736,116.60653863849369,116.70841979980469,7697200
2021-03-03,116.84910607764283,117.18384895012228,112.91467811448027,113.03111267089844,9035000
2021-03-04,112.43925472276278,113.22516765486485,105.93362073302282,107.54425811767578,18054800
2021-03-05,110.31436247853443,111.2167099084626,105.23017209828737,110.99354553222656,14766600
2021-03-08,110.3871238217355,110.88196139422877,104.8566123734215,104.89542388916016,15614600
2021-03-09,108.77164866798849,111.83283602353383,108.33017596089445,111.1099853515625,14207200
2021-03-10,112.81279703527323,112.81279703527323,108.77164664559704,108.85411834716797,12627400
2021-03-11,112.19182661272173,113.97226338527015,111.61452470649166,113.42891693115234,8957400
2021-03-12,111.33799470208287,112.25974420265266,110.48901217167483,112.0123291015625,7449200
2021-03-15,112.65754422728189,114.42827606201172,111.7406434921618,114.42827606201172,6869200
2021-03-16,115.57320943912843,117.31484218728366,114.83581275620533,115.67993927001953,9247200
2021-03-17,113.86553957986936,117.6835329115382,113.05051250604922,116.76663208007812,10292400
2021-03-18,115.07352256930454,115.2481707096639,111.98322836055722,112.08995819091797,8934200
2021-03-19,112.25490127367051,114.35552761595832,110.99840884108491,113.36585235595703,14151200
2021-03-22,114.8940107332053,117.31482625597565,114.56411655455761,116.06803131103516,9827400
2021-03-23,116.2038793785718,116.2038793785718,112.65755917281265,113.16209411621094,9038600
2021-03-24,114.8988656106931,115.13173471499374,111.16334404238236,111.2215576171875,8925000
2021-03-25,109.74676373097519,111.9783780015058,108.86867437837708,111.62908172607422,13527800
2021-03-26,111.95411652082826,117.25661533324538,111.6533291022249,117.22750854492188,15262400
2021-03-29,116.12625239879658,116.38337222697534,113.96256395006131,115.35004425048828,12544200
2021-03-30,114.81154916799157,115.32094017254659,113.77821376468344,114.85520935058594,6675800
2021-03-31,115.83517920779676,118.79934138476855,115.83517920779676,118.15411376953125,10132200
2021-04-01,120.33235527000801,122.71435946706673,120.32750660616394,122.70951080322266,11310200
2021-04-05,124.70340635627596,124.94113154536656,122.92297689936267,124.75192260742188,9784600
2021-04-06,123.92718076603002,124.4317156554634,121.84596416862543,123.04424285888672,11805000
2021-04-07,123.06849180598067,123.51966918369939,122.01090579800814,122.76286315917969,7926000
2021-04-08,124.39777841292863,124.5239028930664,123.42750525967715,124.5239028930664,6799000
2021-04-09,123.70403295535223,124.23281860351562,123.09276080266733,124.23281860351562,5391200
2021-04-12,123.63125469312361,123.63125469312361,121.71498140100779,122.79197692871094,6823000
2021-04-13,123.77680116730693,123.99026081625793,121.64221948287738,122.5494155883789,7383600
2021-04-14,122.61733571994722,123.36929316629472,120.80779214583198,121.37539672851562,7224200
2021-04-15,122.7095059951402,123.16067599878821,121.38994403231474,122.93266296386719,8138800
2021-04-16,123.00544376775584,123.18494056536487,122.11280104107806,122.452392578125,7215000
2021-04-19,121.5306190225631,121.97694032479959,118.27052590814588,119.42029571533203,10237600
2021-04-20,119.00309730583903,119.44457000458915,117.1353327511518,117.7466049194336,9636600
2021-04-21,118.00372051593348,120.93391975766538,117.45066934702045,120.85144805908203,9880200
2021-04-22,120.79808989531193,120.96788936822915,117.43612251289073,118.17837524414062,8253200
2021-04-23,118.74597599891837,121.10857073359297,118.63924617411406,120.89511108398438,6414600
2021-04-26,121.02609397627874,122.99573218394093,120.8999620988439,122.96177673339844,5541600
2021-04-27,123.27226879131366,123.42265880095441,121.71014031255571,122.24378204345703,6919000
2021-04-28,121.86052175835593,121.86052175835593,120.13829866059599,120.28868865966797,6782400
2021-04-29,121.86537397783036,121.9429970126937,119.43000492740872,121.39965057373047,7921000
2021-04-30,119.37179639701897,120.05098687696469,117.59135959889029,117.88729095458984,9111600
2021-05-03,118.65379214605646,118.76052196418452,116.15050488866355,116.51920318603516,9078000
2021-05-04,115.22390685303837,115.4228131090483,112.9389351497406,115.07351684570312,14625400
2021-05-05,116.32515366598847,117.05770160133216,114.9522268182597,115.58290100097656,9871600
2021-05-06,115.34033005475722,116.7375149706054,114.2584859191734,116.53376007080078,12851200
2021-05-07,118.16382184960948,119.10012477630151,117.0965235670563,118.17837524414062,10771600
2021-05-10,116.96553075157667,116.96553075157667,112.73517179216616,112.93892669677734,10634000
2021-05-11,109.62548251447964,113.41921796078273,109.28589096341015,113.1572494506836,13493000
2021-05-12,110.66851449984857,111.14395007047776,108.097316058371,108.49027252197266,15262800
2021-05-13,110.30951003959774,111.58055574052489,108.67460729784644,109.72249603271484,17890600
2021-05-14,111.41561939464557,113.95771095728324,110.31921434431072,113.2009048461914,8363600
2021-05-17,111.5368987702632,111.97837145402876,110.0475373214739,111.93955993652344,10105000
2021-05-18,112.99714747696933,113.3755505243201,111.18274787368065,111.32344055175781,7617600
2021-05-19,108.80559984976469,113.43377159023076,108.64065645003106,113.31733703613281,16200000
2021-05-20,114.24880070815875,116.61139561938279,114.06930389963838,116.13111877441406,11437600
2021-05-21,116.8151359722063,116.90246373473471,115.21905214902783,115.5440902709961,10891000
2021-05-24,116.5774295275422,118.87210591784584,116.37367461152012,118.08133697509766,7522000
2021-05-25,119.10982273647475,119.57554614007977,118.04253191712826,118.85755157470703,8098200
2021-05-26,118.85756046400158,119.53674356277965,118.04738940955183,118.97884368896484,6491400
2021-05-27,118.75083370438901,120.02673563280676,118.46945572689373,119.55130004882812,5487800
2021-05-28,119.91029590490625,121.31718573179408,119.69683624823772,120.89026641845703,6943200
2021-06-01,121.75380240934945,122.80169123192097,119.98307031584683,120.71076965332031,7920000
2021-06-02,120.55552379689496,121.80231888394948,120.15286260777955,121.41905975341797,6451400
2021-06-03,120.16255759106329,120.58462080452591,118.76052394144548,119.34268188476562,7641000
2021-06-04,120.48760087575114,122.43298103546381,120.47304748173521,122.00121307373047,7182200
2021-06-07,121.7052795254262,121.72468898545688,120.57491906119134,121.38024139404297,5799200
2021-06-08,122.2146763597731,122.21952502374263,119.47367850127655,120.38087463378906,6159400
2021-06-09,120.86600384845131,121.0843121610919,119.92970095549983,120.00731658935547,5712200
2021-06-10,120.04128099612785,121.82171777719344,119.99762081354315,121.57430267333984,6570000
2021-06-11,122.0060691400959,122.0060691400959,121.08431223802528,122.00121307373047,4843200
2021-06-14,122.25348028258932,123.65066528320312,121.69072439039321,123.65066528320312,6280000
2021-06-15,123.2722615631978,124.14064611756353,122.26318433529231,122.58336639404297,6987000
2021-06-16,122.96662828079967,123.37899417839718,120.52641055417367,121.55004119873047,9597600
2021-06-17,121.0988617186059,123.8980803836751,121.0988617186059,122.92296600341797,7849400
2021-06-18,121.87022921425087,122.19041127643682,119.40575339317175,119.79385375976562,10137600
2021-06-21,119.7890024369131,120.30324207352054,118.83814619630985,120.10919189453125,7902000
2021-06-22,120.2062232891368,120.94362733254641,119.47367531210752,120.89511108398438,6094800
2021-06-23,121.24925856347788,122.16131075735939,121.14738480290879,121.50638580322266,4195800
2021-06-24,122.70464980732004,123.7622432835177,122.57366926593008,123.49057006835938,4043200
2021-06-25,123.74284378795244,124.06302585385137,122.69495501990116,123.00543975830078,5170600
2021-06-28,123.96600306708572,126.39652351062873,123.96600306708572,125.989013671875,6955400
2021-06-29,125.98902834248136,127.08541870117188,125.34864931912306,127.08541870117188,5117600
2021-06-30,126.90590378286383,127.34252039829771,126.18790181620632,127.22123718261719,5429600
2021-07-01,126.89620394015468,126.92531072693465,124.91201234756072,125.3437728881836,4886200
2021-07-02,126.35285429406336,126.35285429406336,125.26614666334062,126.03750610351562,3515400
2021-07-06,126.60027832430143,127.15333694060972,124.42203632568793,125.99871826171875,5563200
2021-07-07,126.73126443732195,126.93501195103681,123.76224625143813,124.25222778320312,5018800
2021-07-08,121.76835058222404,123.19464240691627,120.7447199286384,122.58822631835938,6860000
2021-07-09,123.25285401111034,124.90230278458523,122.30199774488506,124.67914581298828,5521800
2021-07-12,125.26615237727782,126.41591489347644,124.81983843427855,126.31404113769531,4457600
2021-07-13,125.95019722467758,126.73611012950096,125.27101414674878,126.04237365722656,4907200
2021-07-14,127.42012800241412,128.00713454979916,125.35831358553014,125.76582336425781,6704200
2021-07-15,124.92657617439342,124.92657617439342,121.4578715434672,122.31655883789062,12503200
2021-07-16,123.05880428467603,123.40324447332569,119.449414585486,119.75505065917969,8994200
2021-07-19,117.97946681302619,119.84722396807335,117.44581768156111,119.73079681396484,12380400
2021-07-20,120.17226928770225,121.9138945550141,118.57132929885408,121.1958999633789,7590200
2021-07-21,121.76834863447495,124.71310866662348,121.59370050766253,124.67914581298828,6349200
2021-07-22,123.90779062991031,124.65489941036707,123.0830662146014,123.92719268798828,6214400
2021-07-23,124.49479357638529,124.858643225512,123.2674080188677,124.82953643798828,4456400
2021-07-26,124.2425288315572,124.921711876862,123.80590481454125,124.6888427734375,2543800
2021-07-27,123.8592779916068,124.1309512278598,120.03642841779998,122.4863510131836,6706600
2021-07-28,122.88415941726367,124.97507353346509,122.25833385952998,124.6742935180664,6731600
2021-07-29,124.79558852218642,127.17759295353765,124.75678440253665,127.01264953613281,6820600
2021-07-30,125.71247993235183,128.0556651235614,125.70762386614355,127.65786743164062,6459600
2021-08-02,128.74942010830875,129.98650301085468,128.21091492132126,128.56021118164062,8518600
2021-08-03,128.8173369367836,129.73424521420048,127.51718433221416,129.7245330810547,6436600
2021-08-04,130.11263402597487,131.62624612280086,129.90401565224767,131.14111328125,7092600
2021-08-05,131.55831554434138,131.85425426536423,130.2727165228786,130.9955596923828,5626600
2021-08-06,130.0204715394061,130.99557858799736,129.97195528903436,130.29214477539062,4119400
2021-08-09,130.5395646668496,130.8888609750124,129.3995141046588,129.89920043945312,3998000
2021-08-10,130.31153660419557,130.36005285351467,127.44925555533588,128.23516845703125,6655400
2021-08-11,128.76396842983095,128.8415766578844,126.43532185107495,127.89557647705078,4258200
2021-08-12,127.2357791234933,127.24549125512475,125.49415407969849,126.49838256835938,9066200
2021-08-13,126.58571630839175,127.37162918955327,126.08603004412979,127.32312774658203,5656400
2021-08-16,126.80403201974792,127.33768113814413,125.8143568188204,126.7749252319336,4517600
2021-08-17,125.59604887875037,125.62515566493514,123.3159185937464,124.37350463867188,10177000
2021-08-18,124.26678187745398,125.15458332174185,122.67069798985735,122.7677230834961,5631800
2021-08-19,121.78775289155631,124.54331145297274,120.96788455626724,123.84471893310547,8966600
2021-08-20,124.13579813387099,124.80042778083956,123.08306071980681,124.37836456298828,6447400
2021-08-23,125.8094950532982,128.09448142877352,125.79494166005033,127.95378875732422,9150200
2021-08-24,128.25943816303203,128.76398052324402,127.75489580282003,128.04112243652344,4813000
2021-08-25,128.48260004835976,130.4328290461862,128.48260004835976,129.43345642089844,10724000
2021-08-26,129.35098417578573,130.1417531513022,128.57476859469247,129.63235473632812,5221600
2021-08-27,129.77788901774133,132.22780390470592,129.6857125949767,131.9755401611328,6363400
2021-08-30,132.7808764211507,133.50857574796353,131.95128852892594,132.39276123046875,4993600
2021-08-31,132.72750606462677,132.72750606462677,130.36976731738525,131.38853454589844,5864400
2021-09-01,132.0192130818471,132.19385381231245,131.0198405328583,131.18478393554688,5119600
2021-09-02,131.41279793290568,132.77602015198084,130.9955759541946,131.50497436523438,3220000
2021-09-03,131.37883533087015,133.04283757229425,131.1362688885023,132.58197021484375,3617600
2021-09-07,132.77601086604133,132.8293683730891,131.5243598225254,132.31028747558594,3926400
2021-09-08,131.62139836397017,131.8203046181694,129.5450302632868,130.56381225585938,4984800
2021-09-09,130.64141239833552,131.8057281264915,130.48616635322733,131.10227966308594,4631400
2021-09-10,132.20356587270305,133.91608434698114,131.9949474824319,132.09197998046875,7345200
2021-09-13,133.1689854107024,133.4066958018604,131.3885410951649,133.0816650390625,5600800
2021-09-14,133.5328101903363,134.11981676364377,132.49947490342953,133.16896057128906,5451600
2021-09-15,133.07194864880756,133.64441672310306,132.0143624792256,133.63470458984375,4266600
2021-09-16,132.5722430987142,134.23140389122912,132.01919937126192,133.8287353515625,5166200
2021-09-17,133.41153978861567,133.41153978861567,130.96646596852182,131.47100830078125,7483600
2021-09-20,128.66209098216422,129.14238261583594,126.34315633546296,128.26913452148438,7809200
2021-09-21,129.09386058411638,129.43830077883817,127.52202000670741,128.54080200195312,4624400
2021-09-22,129.2248457379522,131.18964282850308,128.78822909730118,130.8597412109375,4947600
2021-09-23,131.703882446551,132.88275181728045,131.01984329431664,132.5043487548828,4483800
2021-09-24,131.46614215309756,132.36364085841333,131.1847716231735,132.1453399658203,2781600
2021-09-27,130.85005750655046,132.14051290688926,129.87493555700863,131.67478942871094,4060000
2021-09-28,128.87554852189052,129.7972980465417,126.21217370882503,126.37226104736328,11220600
2021-09-29,126.45473838347746,126.95928072452323,124.08243889438923,124.46569061279297,9581800
2021-09-30,125.2613146518795,126.39652380643888,124.30074622644597,124.32499694824219,6558200
2021-10-01,124.9120161550088,125.00419258431495,122.42328217390308,124.43172454833984,7362200
2021-10-04,123.49541337749092,123.68947095314714,120.69134618148004,121.19103240966797,9562000
2021-10-05,122.16131208969153,123.76710077438186,121.58400276503576,122.89386749267578,6784600
2021-10-06,121.4724126052711,123.40809531921482,121.12311636512277,123.26740264892578,7441800
2021-10-07,125.00903387788043,126.260684968214,124.68400314715271,124.80043029785156,4943400
2021-10-08,125.35833275222912,125.40684900105994,123.3886944513578,123.58760070800781,4999600
2021-10-11,122.95692666392904,124.8198425446422,122.81624138618037,122.8501968383789,4422000
2021-10-12,123.57304304818467,123.84471626616265,121.0940138303256,121.6082534790039,8049400
2021-10-13,122.69495484622098,123.24314995075898,122.08368269778632,122.64643859863281,5694400
2021-10-14,125.41170458493237,126.4062210592755,124.69370259820806,126.32859802246094,7073000
2021-10-15,127.3473653222064,127.50261137791331,126.60996876521664,127.38616943359375,5309600
2021-10-18,126.41106075352822,128.44860968696534,125.95503472448021,128.39039611816406,4042800
2021-10-19,128.56505520541023,129.8603515625,128.09447577107375,129.8603515625,4631800
2021-10-20,129.5207719268106,129.9719419181836,128.82702070853443,129.28790283203125,4457000
2021-10-21,128.4195106501228,130.82578020965494,128.3030835054962,130.76271057128906,3889000
2021-10-22,130.5977684156364,131.7475308949286,129.38493629738227,129.60809326171875,5939000
2021-10-25,130.195120548795,131.02954977094308,129.70998762440848,130.26304626464844,3738600
2021-10-26,131.73297881924623,132.31028809771553,130.52984401607628,131.00527954101562,4962400
2021-10-27,130.24849674761592,131.45161696066816,129.6760286279308,129.89920043945312,7880800
2021-10-28,131.53408163399308,132.41217097247224,131.00043249884754,132.37335205078125,5989400
2021-10-29,131.34487280619328,132.79543020265763,131.1847854680632,132.75177001953125,4406200
2021-11-01,132.87304394672773,134.34783715721704,132.36364556905687,134.2750701904297,4430400
2021-11-02,134.26054252705364,135.8372245982837,134.18777554632106,135.75474548339844,4611200
2021-11-03,135.91483109253326,137.18102081831378,135.38603802350346,137.0985565185547,6096800
2021-11-04,138.40356009359215,143.64784521364686,137.932980619305,142.77459716796875,15122000
2021-11-05,143.92921549209504,145.4137208813662,142.61450956736513,143.89041137695312,9548600
2021-11-08,144.82671322439418,147.41246487396984,144.16693963612664,146.48101806640625,8630000
2021-11-09,147.97039070414263,148.42641681497292,145.19542992136047,146.67507934570312,11542800
2021-11-10,143.78368956987774,145.69511435767242,141.44048939975193,142.04690551757812,10611000
2021-11-11,144.32703210596165,145.00621517838533,143.3276595554495,144.6035614013672,5640200
2021-11-12,145.07414427188158,146.66052350001632,144.19605492114596,146.07351684570312,5272200
2021-11-15,147.04861271965515,147.04861271965515,144.40950360648955,145.87945556640625,5636800
2021-11-16,145.48648251459005,147.9946108000248,144.94797740788965,147.77145385742188,4880400
2021-11-17,147.81997705032114,148.18866792824826,146.34031305752237,146.89337158203125,5819200
2021-11-18,150.3038666248631,151.18681198555242,148.99885804370143,150.5076141357422,7602600
2021-11-19,150.21168586429718,152.36567689051458,149.84783622885612,151.45848083496094,6666000
2021-11-22,152.1328212820717,154.67007162799476,149.07163392889635,149.1735076904297,10939800
2021-11-23,148.38758347999297,149.73141095897498,145.52530260634728,148.09165954589844,10521800
2021-11-24,146.6750790676565,149.66349950537847,145.2827500148149,149.58587646484375,7165000
2021-11-26,146.81576380737522,148.17412993050706,144.51623872568763,145.248779296875,6732600
2021-11-29,147.7278083667888,151.2353093845885,147.02921588086198,151.080078125,9032800
2021-11-30,150.45427317834364,151.7350163742846,146.80606418518707,147.91702270507812,13931400
2021-12-01,150.70653286755578,153.09339325681668,147.26694237304181,147.39308166503906,14229200
2021-12-02,145.7824323545854,149.01827522091773,145.12265873555916,147.7763214111328,12560000
2021-12-03,148.8145101358592,150.11951876041385,144.34644048062563,146.09776306152344,13547400
2021-12-06,145.33126762029715,146.21421305889262,140.93596469398588,145.5398712158203,10212000
2021-12-07,148.93579394313127,153.0206193010187,148.93579394313127,152.59854125976562,11289000
2021-12-08,151.76411094565054,152.2492438212056,150.39119142206513,151.9387664794922,7148400
2021-12-09,150.92483352209365,152.43358958841318,148.12560748516657,148.26144409179688,6494400
2021-12-10,150.93451864063812,151.24015468210416,147.66958427944712,149.2025909423828,7072600
2021-12-13,149.7265555374678,149.87694553824198,145.0983839513269,145.3312530517578,7499600
2021-12-14,143.46835061598298,145.28759889929236,142.44956861631366,144.49197387695312,8491800
2021-12-15,144.64720199252307,150.5755255879408,143.4052631697093,150.4687957763672,10836800
2021-12-16,151.2062234647332,151.5312690321712,143.17242357298053,143.92922973632812,14412400
2021-12-17,142.65816407970985,145.56410510122217,142.29917050986253,143.2548828125,11277600
2021-12-20,141.39321215681272,143.1441646388152,140.53481572890686,142.178466796875,11102000
2021-12-21,145.20238653152785,147.4508340991616,143.21245067343304,147.31427001953125,9071000
2021-12-22,146.3436689655031,149.07009813706318,146.04127815103482,149.06521606445312,5102800
2021-12-23,149.47493394645545,151.3819641184014,149.30910717729105,150.3479766845703,4795600
2021-12-27,150.86006855159602,154.45464350028715,150.74788506758657,154.3961181640625,6437400
2021-12-28,155.01555171692095,155.05946060928298,152.11844299887406,152.87442016601562,5076200
2021-12-29,152.70370837957168,153.9035225613288,151.91846855557213,152.85003662109375,6252200
2021-12-30,152.68908518582978,153.15243564880237,150.84058029193227,151.11370849609375,5910600
2021-12-31,151.2063601789323,152.19158633090535,150.56743375580572,150.60646057128906,2929800
2022-01-03,151.83066510128702,153.97669356079763,151.41122355607266,153.92791748046875,7155200
2022-01-04,154.61072765413073,155.43499423836758,149.82120564161858,153.12802124023438,11485600
2022-01-05,151.9330934697128,153.0890135954684,147.78737983609886,147.8751678466797,16288400
2022-01-06,147.7532385485294,149.98704010364727,146.20712464341491,149.34324645996094,13102400
2022-01-07,149.06034170266125,149.54319061626606,144.4610420725223,144.80245971679688,13858800
2022-01-10,142.90517186067098,145.22189393008458,140.3348350493992,144.98777770996094,14787800
2022-01-11,144.59760459308,148.0653647249474,143.47582929005694,147.91416931152344,9939800
2022-01-12,149.1627826040954,150.41138780356027,147.6069342259812,149.1774139404297,11784600
2022-01-13,152.1720807932905,153.54748586501705,146.16811302709965,146.5826873779297,16958600
2022-01-14,145.57796048477624,149.9236456673635,145.2853188953459,149.6895294189453,11727200
2022-01-18,147.1533260811283,147.19722008805812,142.71010350647128,142.99298095703125,12497400
2022-01-19,144.31959598800356,145.19263862182186,138.9496879457942,139.04234313964844,17539000
2022-01-20,140.18852272692388,141.23227424841812,134.77470545815,134.7844696044922,16708800
2022-01-21,134.1260192365743,137.54013608986892,132.42384288271523,132.5408935546875,26521800
2022-01-24,129.83400949548567,134.31625896778513,125.4639286369887,134.23822021484375,25135200
2022-01-25,130.438787271556,132.04829370962182,128.20497082888264,128.92193603515625,16935400
2022-01-26,132.88231655732497,136.02330537988598,128.71220758757508,130.7801971435547,20527400
2022-01-27,132.09218770383805,132.3653307730136,124.82988044010443,125.1956787109375,22088600
2022-01-28,125.05911158077528,127.81967091706429,121.62060643003076,127.63433074951172,21911400
2022-01-31,128.49761159057266,134.3211212158203,127.75626579145519,134.3211212158203,14468800
2022-02-01,135.24293669870343,135.3453560437618,131.7897927930428,134.89663696289062,11685400
2022-02-02,137.8620299149288,138.53510099669552,135.5892019380447,138.3400115966797,11819400
2022-02-03,134.92590822142765,136.83292329413038,131.6873673032508,132.20436096191406,16690600
2022-02-04,131.65810420966392,134.05773233753177,129.97055915729214,132.92132568359375,9879200
2022-02-07,133.52610337861495,135.06733504240606,132.50188024082442,133.13104248046875,10319400
2022-02-08,132.26289246880344,136.267174800333,131.9507523605072,135.8574676513672,10124800
2022-02-09,137.92544821294223,140.61771786829064,136.1793629666233,140.5884552001953,20297200
2022-02-10,137.4718461222877,141.61269224108588,135.73552503378593,136.37933349609375,16619600
2022-02-11,136.56469979677192,137.5499112012179,128.5561490667094,129.37066650390625,23369800
2022-02-14,129.80472788454475,132.00926651709815,127.66846384812209,129.28285217285156,15577600
2022-02-15,132.17998384924613,136.4720107207042,131.7702915929644,136.31593322753906,12811800
2022-02-16,134.59912181349608,136.65246511236668,133.26274366480925,136.2866668701172,10021000
2022-02-17,134.59423223477305,134.76494104851005,130.71189794115864,130.82408142089844,15833000
2022-02-18,131.26306543973232,131.49716682767217,127.63922715665989,129.37066650390625,17236400
2022-02-22,127.92698079514103,131.53618757480982,126.58572041264199,128.4829864501953,17874800
2022-02-23,130.58997402882076,131.5800673541874,125.4444179806857,125.79070281982422,15235800
2022-02-24,120.92313431329411,130.12661522103087,120.35248997856574,130.10711669921875,21510200
2022-02-25,129.99495002003707,131.96538753657538,128.1854720776423,131.92149353027344,17731000
2022-02-28,129.96079811636397,132.10681153988628,128.26350376204678,130.78506469726562,17839800
2022-03-01,130.33636285677292,131.22890405386937,125.40539461729828,126.65886688232422,16571000
2022-03-02,127.6050664554404,131.50203246013245,127.288044275994,130.80458068847656,16573600
2022-03-03,131.2142656139411,131.2630416890601,127.19536708152673,127.98548889160156,16515200
2022-03-04,126.59057553427921,127.57091961066942,123.0545332142283,124.5421142578125,16157600
2022-03-07,124.7177038003871,125.61511965896351,118.27964831028594,118.34305572509766,17728600
2022-03-08,118.5283938000302,124.45919730893246,116.88473521254164,120.1281509399414,25880800
2022-03-09,124.3128830556312,126.17601909874921,122.73750652424567,125.34687042236328,13344800
2022-03-10,123.02039028201183,123.2008558159771,120.32323839836742,122.63508605957031,14997800
2022-03-11,124.46407813859184,124.70306157146516,119.76722611170023,119.87940216064453,14765200
2022-03-14,119.76235428322009,120.39152402883907,115.74833004448627,116.41651916503906,23371400
2022-03-15,117.5041512989538,121.62060211821326,116.63111608595182,121.2938232421875,20833800
2022-03-16,123.4837302680951,127.71723175048828,122.35219822480879,127.71723175048828,23147400
2022-03-17,126.45402785691218,128.5171356201172,125.4054090440966,128.5171356201172,13429200
2022-03-18,127.4294764487565,131.70200488699658,126.94662750873076,131.2923126220703,16140400
2022-03-21,130.91674127959368,131.9653597902046,128.67804323830336,130.98501586914062,13897200
2022-03-22,130.9996703488252,133.34078813028913,130.67776609571007,131.88734436035156,11647200
2022-03-23,130.61435160347122,132.25313545011,128.51223225250445,128.59027099609375,15411000
2022-03-24,130.1315193617589,134.86738365695467,129.34627952117538,134.84788513183594,16911600
2022-03-25,134.6625191470453,134.85760855143968,132.1214450486537,134.28695678710938,11023600
2022-03-28,133.3066446632623,135.3258433265689,131.72151886366552,135.26243591308594,13225200
2022-03-29,137.74985906045217,138.7204538457716,135.74529184875317,138.3205108642578,14346000
2022-03-30,137.52063365941237,137.86205132573969,133.54562883982456,134.30648803710938,14507800
2022-03-31,134.0041027188685,134.97956479507502,131.2679387396069,131.5849609375,15526600
2022-04-01,132.0726961393579,132.55066304577076,127.5855644935976,129.45358276367188,15470000
2022-04-04,129.77546842906352,131.77030147868018,129.36090895302286,131.58982849121094,11604400
2022-04-05,130.67776227916602,130.7558010247059,125.55171962892344,125.91263580322266,22220400
2022-04-06,123.27889638973875,125.29810262055804,121.9083733425406,123.30816650390625,22542800
2022-04-07,122.76677193995053,124.48357968277429,121.01093738230765,123.3276596069336,15147000
2022-04-08,122.63507618659864,122.63507618659864,120.1866646354026,120.39639282226562,13651000
2022-04-11,118.64543986015431,119.34289905702953,117.5139078150558,117.68949127197266,15627800
2022-04-12,120.04523629333126,121.01094161270254,116.67013858537005,117.0554428100586,21096800
2022-04-13,118.17722023718508,120.81584667634574,117.43586704937803,119.83550262451172,16482800
2022-04-14,120.45492497302921,120.57685772232837,116.15313400550632,116.1872787475586,15282000
2022-04-18,115.69954882375885,119.17219117451718,115.63614141203601,118.1772232055664,14243000
2022-04-19,117.50903347770068,120.84511937873549,117.01642781662058,120.69392395019531,13227800
2022-04-20,122.6984857819924,123.52762695665756,120.05985940329074,120.47442626953125,13034600
2022-04-21,121.95225855822484,123.27401287088736,116.65549948792484,117.17250061035156,18009000
2022-04-22,117.03593057607995,117.75288827808373,114.39242208507488,114.48509216308594,14251000
2022-04-25,113.71935824081454,116.47016069833585,113.34867792924243,116.46527862548828,19083200
2022-04-26,115.26059235285693,115.39227436318241,111.50018310546875,111.50018310546875,18289000
2022-04-27,110.20769936100459,113.62669097092233,110.12966061535727,110.96367645263672,14756400
2022-04-28,113.35355928999695,118.35767648512645,112.01717372039883,117.29930114746094,19097000
2022-04-29,115.07037858854441,117.63584857498095,111.90012688657707,112.10498046875,14487800
2022-05-02,112.12448117666234,115.45081022481274,111.07098041283308,115.36788940429688,16399200
2022-05-03,114.9679520318847,117.06031474944398,114.18270482340155,116.3140869140625,10625400
2022-05-04,117.05056142886386,120.56222302221242,113.37306564503767,120.30372619628906,20898400
2022-05-05,118.29426881506417,118.41620156027076,113.03652943713075,114.65579986572266,15564200
2022-05-06,113.68522333561246,115.997071083558,111.40752033181717,113.48037719726562,19808400
2022-05-09,111.02221108206902,112.26591919143459,107.25204505394522,107.73490142822266,18250600
2022-05-10,111.01732430095085,112.30493380223399,108.0177817234046,110.51984405517578,19597800
2022-05-11,109.44683395560726,112.03180975662059,106.94477897411969,107.13011169433594,18200400
2022-05-12,105.96443835643923,108.70549173996484,104.97434498466718,107.63735961914062,15976800
2022-05-13,109.8418980291206,113.98272931454956,109.14443885303046,113.2803955078125,13531000
2022-05-16,112.19763622256588,113.1682235939766,110.96855945812196,111.45140838623047,10146200
2022-05-17,114.49485093143359,117.03593268673067,113.95834386073844,116.78231048583984,10557000
2022-05-18,114.8606575915688,116.25556863537885,110.69055579566721,111.20267486572266,10887600
2022-05-19,110.45644306948515,113.89494819832689,110.16380148491726,111.23193359375,13706600
2022-05-20,113.17310012053775,113.40721636336872,106.69603291257296,111.28558349609375,18009800
2022-05-23,110.86125887899821,112.46589061022209,110.05162362490942,112.17813110351562,8603800
2022-05-24,110.33450610579226,110.7149356859021,108.19336733889324,109.21759796142578,12751200
2022-05-25,108.74937933022025,112.29030363500027,108.59330184132314,111.49042510986328,10999400
2022-05-26,110.41255157273422,115.65566007969498,109.96871455485784,115.2166976928711,8707200
2022-05-27,117.1042225165481,119.98183259791688,117.0261837661324,119.7867431640625,9288400
2022-05-31,119.55263235617129,120.26959759361684,117.41149334862709,119.28926086425781,10122000
2022-06-01,119.84038660597042,120.45005035251823,115.88976255146687,117.32856750488281,9778800
2022-06-02,117.20663507362,121.50354398019935,116.77742941338667,121.47428131103516,8733200
2022-06-03,118.82591622148344,119.38192931203879,117.24079033394928,117.89434814453125,7802200
2022-06-06,119.84526935713528,120.68904195571747,117.3139441192038,117.99188995361328,8430400
2022-06-07,116.50918104004464,119.18681940679977,115.67028314354506,118.9332046508789,5774400
2022-06-08,118.38694652972312,118.86004620702073,115.71905729711342,116.45553588867188,8183400
2022-06-09,115.67029195719127,117.40661321967579,113.28528753681273,113.35844421386719,9876800
2022-06-10,111.24656169430847,112.20251772620948,108.9688588237088,109.16395568847656,11145400
2022-06-13,105.22309573628613,106.4082785742012,102.74542119563857,103.09658813476562,13311000
2022-06-14,104.28175996651933,104.73047157644908,102.57958360403724,103.85255432128906,9095400
2022-06-15,105.11579612175831,107.5154319522795,103.33069872418768,105.75472259521484,11026600
2022-06-16,102.50155498546194,102.71127575597924,98.51191129267376,99.48737335205078,16871600
2022-06-17,99.98485770112183,101.05786444167255,98.06319631845804,100.3018798828125,14289000
2022-06-21,102.30644969774096,104.52562718882379,102.29181836342794,103.14534759521484,10006200
2022-06-22,101.15541032188163,103.39897598522744,100.99446563480078,101.6919174194336,7195600
2022-06-23,102.19914845093196,102.31133193709344,99.70196816165435,101.1651611328125,8493200
2022-06-24,102.84295700002706,105.47670137301881,102.44789608829673,105.42793273925781,12663200
2022-06-27,106.41314513379996,106.56922262476667,104.34028840082395,105.07676696777344,5422600
2022-06-28,105.53522649011005,106.7204091392498,102.41374391085621,102.42837524414062,8943000
2022-06-29,101.51145327040055,101.76506802667845,99.51662786641559,100.623779296875,7706800
2022-06-30,99.04841057189654,101.05785987385629,97.6534996395752,99.36543273925781,9802200
2022-07-01,97.64374402371274,97.95101693304719,94.43447317325828,95.59040069580078,12926400
2022-07-05,93.1566230399965,96.10739714305112,92.6396293594246,96.09276580810547,14545000
2022-07-06,96.06837683129551,97.78519205594306,95.14656552779546,96.74632263183594,6654800
2022-07-07,99.04354192815391,101.64314171889922,99.0191538886863,101.21394348144531,9013400
2022-07-08,99.71173168911534,102.37473891124472,99.4971288479095,101.76020050048828,5470000
2022-07-11,100.19945812352161,100.66767571726639,98.75577108474215,99.32154083251953,5457800
2022-07-12,100.30675450798455,100.89203019190128,98.72162883286033,99.28251647949219,5470400
2022-07-13,97.39500802102299,100.83838781190362,97.24868722741762,100.0677719116211,7035600
2022-07-14,99.77024945834994,102.59909066992316,98.30218186742583,102.17964172363281,6802600
2022-07-15,103.64771660419667,104.79388748053861,102.26743692156236,104.7597427368164,7738200
2022-07-18,106.28146932952727,106.80821972902272,103.45750253019204,103.9842529296875,8425000
2022-07-19,105.74494805019873,109.11517076365531,105.53522731003699,108.7347412109375,9005200
2022-07-20,108.37871210612279,111.68064571894676,107.73977822510598,111.29534149169922,10183400
2022-07-21,111.76843442072884,113.22187067367376,110.36376680102225,113.16334533691406,8359600
2022-07-22,112.78291846772301,112.95850192439616,109.78825044270836,110.6027603149414,11209000
2022-07-25,109.90530579862536,110.17843397792754,108.40797544345632,109.91993713378906,6005200
2022-07-26,109.598035697477,109.95407724175814,107.9348712102618,108.26165008544922,4261200
2022-07-27,109.9833354237883,114.06564132387302,109.94431605252709,113.32917022705078,10119600
2022-07-28,113.56329464693246,114.89480575716216,111.20755280827815,114.71434020996094,6426400
2022-07-29,113.51452540259606,116.00683132508634,112.92436756717132,115.67029571533203,6415800
2022-08-01,114.61677895335006,116.96764582157776,113.95833916121252,115.90438842773438,6570200
2022-08-02,114.58751635785104,117.40172616497141,114.11929134769622,115.66539764404297,6815600
2022-08-03,115.54835511888956,118.79176335160118,115.3093642453126,118.43084716796875,7424400
2022-08-04,118.31378177898509,119.85501345875062,117.95285817533849,119.63552856445312,5658800
2022-08-05,117.73827375450556,119.75748002545075,117.10910396782648,118.82103729248047,5279800
2022-08-08,117.32369033425648,118.34792094097347,115.13377552487798,116.7676773071289,8425800
2022-08-09,114.25586285349124,114.32902696974494,110.58324897152859,111.880615234375,13726000
2022-08-10,114.84114178752083,116.47503613312682,113.39745478749316,116.41162872314453,8434600
2022-08-11,117.22615073665881,119.48922231584017,116.13850523056668,116.38725280761719,8788800
2022-08-12,117.05056520191569,119.84526174411029,116.66525354484303,119.67455291748047,5825000
2022-08-15,118.95272079921699,120.49882727372702,118.41621368848516,120.2159423828125,4506200
2022-08-16,119.59164290626218,119.93793520007398,117.5724368100097,118.86004638671875,4302200
2022-08-17,117.19687827770566,117.31393639645485,114.81187399430108,116.30921173095703,6676000
2022-08-18,116.19216151400617,118.71373005300845,115.7873438649259,117.93336486816406,5241400
2022-08-19,116.4311424669156,116.8457167850712,114.2265963094639,114.61190795898438,6864400
2022-08-22,112.37322064747202,112.78779497886273,110.20770123531287,110.61739349365234,6987400
2022-08-23,110.61739304505328,112.70488114395681,110.58324830257119,111.33435821533203,4517200
2022-08-24,111.11487897686195,111.70502931384576,110.08576627857877,111.26119232177734,4493400
2022-08-25,111.46604013073357,115.00697197486598,111.44165953433561,114.9972152709961,5456800
2022-08-26,114.74847126756059,114.90454131329103,108.5835518964309,108.60305786132812,9142600
2022-08-29,107.73978303211328,108.72500181007698,106.48144350652723,106.58873748779297,9062400
2022-08-30,107.67149089738167,107.80805497949126,104.2524993295498,105.36940002441406,8745000
2022-08-31,106.01320913053263,106.20829855121657,103.75989432024038,104.6524429321289,7843200
2022-09-01,101.95528291715118,102.51617802119343,99.57516074565339,102.36498260498047,13796400
2022-09-02,103.66235128602631,104.65245213753208,100.92617987191426,101.36026763916016,6884400
2022-09-06,101.37000266899673,101.95040371204406,99.58490553883033,100.22871398925781,7472000
2022-09-07,100.4530859504785,102.59909949998847,99.73612074287998,101.82848358154297,7927200
2022-09-08,100.85301390923594,103.60869103658435,100.13117412503892,103.20875549316406,7830200
2022-09-09,104.70121603159878,106.0717389921433,104.51100123355496,105.76934814453125,8128200
2022-09-12,106.20342366808104,106.73017403329713,105.01824092798309,106.03271484375,7184800
2022-09-13,102.33571972295896,103.16973554684141,99.44347108715851,99.72148132324219,9622000
2022-09-14,100.59939885702835,101.45292815349094,99.48249808079005,100.80424499511719,10439200
2022-09-15,100.22385236192403,101.11640104280757,98.31194761112846,99.0093994140625,9906200
2022-09-16,98.03393278949157,99.56053322885685,97.25844227146018,99.45323181152344,8690000
2022-09-19,98.18025265665426,100.38479887996091,98.09245720594197,100.1067886352539,6698000
2022-09-20,99.10693812819142,99.61905716878115,98.11197015856989,98.72163391113281,5462400
2022-09-21,98.97525075433111,102.11623966430982,97.87298134571357,97.89736938476562,11149400
2022-09-22,97.39500588621253,97.59497738501717,94.8588061406547,95.18558502197266,11633400
2022-09-23,94.1174477781661,94.46373260624067,92.41038934867048,93.8248062133789,8752000
2022-09-26,93.83945156537025,95.05390456581573,92.57135529362405,92.73230743408203,5982800
2022-09-27,94.18085918312335,94.9661063916966,92.12750839624572,93.43463134765625,8243800
2022-09-28,92.5323245111383,95.0441361461462,92.18603223183234,94.62468719482422,9941400
2022-09-29,92.85423157712616,93.09321500777158,90.425325801723,91.6446533203125,10500000
2022-09-30,90.5521438746992,92.97128559073039,90.28389032255052,90.28876495361328,6782600
2022-10-03,91.33739045079899,94.45399137949623,90.77162067991625,93.52729797363281,8539000
2022-10-04,96.39515574509736,97.84371742854675,96.08300819888987,97.52669525146484,10874200
2022-10-05,96.10252215851642,99.22887995370516,95.25874953161356,98.4924087524414,6731000
2022-10-06,98.19975789327074,99.84341642628934,97.52669417300075,97.81932830810547,8594800
2022-10-07,94.94171736748328,95.20997090343761,91.60075707152852,91.98606872558594,12253600
2022-10-10,91.82511518926974,91.8836405263274,87.84035391060193,88.91336059570312,13134600
2022-10-11,87.25019836171718,87.8257248121109,84.9578641483306,86.1089096069336,16052600
2022-10-12,86.11866933730575,86.61127498582333,85.20660727384133,85.5919189453125,7606000
2022-10-13,82.299731707864,89.83517417754652,81.43644575312217,88.21102905273438,21406400
2022-10-14,89.05479650131353,89.26939932000795,84.27503148137507,84.45061492919922,9979600
2022-10-17,86.66492020768574,87.53795539921909,85.7528656441587,86.4503173828125,8269600
2022-10-18,88.99627619541769,89.58155190717838,85.13344756717582,86.4698257446289,9798400
2022-10-19,86.02600091692179,87.95741161606476,85.62118327148178,87.16728973388672,8535800
2022-10-20,87.8842513200308,90.42532569823993,87.32823826987767,87.85986328125,10877000
2022-10-21,87.46968025544014,91.02524359604794,87.08437602017189,90.88867950439453,12884000
2022-10-24,90.62041673416584,91.54710261072,88.87921357942419,91.17642974853516,9834600
2022-10-25,91.28373896339772,93.27855703758034,91.23984495797495,92.6201171875,13488800
2022-10-26,91.08376666921737,93.81993794957843,90.50336557305219,91.71293640136719,9896800
2022-10-27,92.86887124742815,93.62973049656945,90.44972195885443,90.56678009033203,10174600
2022-10-28,90.78624677628665,94.1662264290883,90.625294655469,94.0247802734375,9215000
2022-10-31,93.25416506734915,93.48339923114031,91.78609744667718,92.28845977783203,5975800
2022-11-01,94.27840032706143,94.49787778056655,92.51769118401744,92.92738342285156,4670000
2022-11-02,93.63947909793964,95.3123928865761,90.22047996182073,90.2643814086914,11901600
2022-11-03,88.89385372417411,90.76674651174397,87.98179909111006,89.20600128173828,11461200
2022-11-04,92.53233053919469,93.42975383791446,91.09352550573482,93.35171508789062,8470600
2022-11-07,93.89796902638413,95.45383202134512,92.86885637544086,95.19532775878906,10213800
2022-11-08,96.95605376181106,98.36072159059019,95.40019793796112,97.24869537353516,12147000
2022-11-09,95.95620347043776,96.27322565628782,94.45399103708355,94.60518646240234,8640000
2022-11-10,100.11654789861458,104.45735097109885,99.2239992448417,104.27201080322266,17078000
2022-11-11,104.62316985970686,108.1884895755922,103.83792268407619,107.69100189208984,12646400
2022-11-14,107.2276744770835,108.56893486655622,106.47656449135506,106.67166137695312,12244800
2022-11-15,111.45629341899765,111.82696631050408,108.64208338400432,110.03211975097656,11456600
2022-11-16,107.67148858822988,107.92511078193027,105.45231858045001,106.07173156738281,10711000
2022-11-17,103.98913546677696,107.37398254029819,103.76965055103622,106.87162017822266,9018600
2022-11-18,108.6128178059245,108.6176924367482,105.7644705461436,107.06671142578125,8025000
2022-11-21,105.6913048360088,106.00345237425888,104.74510551757392,105.19381713867188,5071600
2022-11-22,106.06686680683293,108.25189971923828,105.16456143196757,108.25189971923828,8283000
2022-11-23,108.2323837884824,110.26622108635281,108.07143167167744,109.1932144165039,5780000
2022-11-25,108.59331241833036,109.01764348123412,107.91049194335938,107.91049194335938,2207400
2022-11-28,106.56434634747751,107.86658719359951,104.77924914359528,105.3645248413086,7853400
2022-11-29,105.76446945824974,106.24244375051256,104.3354137700504,105.07676696777344,4908800
2022-11-30,105.41330123922384,111.07585833022165,104.58415260256274,111.07097625732422,12688200
2022-12-01,111.77818529418616,112.10497160829883,109.14444091143538,110.71493530273438,8752400
2022-12-02,107.98363622515467,109.56876191353132,107.42274857383352,109.1932144165039,8204000
2022-12-05,108.72011714962947,109.41269426480466,106.92038859944643,107.89097595214844,7069000
2022-12-06,107.79830268872563,107.89097276516387,104.64268267015936,105.52547454833984,6090000
2022-12-07,104.59391861309733,106.10100572001906,104.50124852601157,105.5010986328125,5651800
2022-12-08,105.9059143855844,108.43723959404687,105.2913759737655,108.1884994506836,7260000
2022-12-09,107.8812152142039,109.27124402330392,107.03744271389962,107.32032012939453,4938400
2022-12-12,106.70090621915716,109.29563110544967,106.38387662385648,109.23223114013672,6827600
2022-12-13,114.14855514953159,114.4168086766509,109.66143162727941,111.05146789550781,9469600
2022-12-14,110.73932154836733,112.03668775360369,108.06167576356982,109.13956451416016,7519000
2022-12-15,107.2813166830706,107.58370752903686,104.66219608772559,104.98410034179688,8833800
2022-12-16,104.52075309131342,105.44256436865841,103.24289283137685,104.16958618164062,8276000
2022-12-19,104.16515028515344,104.34766009867238,102.04899837320045,102.9368896484375,7227000
2022-12-20,101.78755566441559,103.26244681254005,101.61490596879788,102.43374633789062,4510000
2022-12-21,103.07500856899382,105.02837830507085,102.80863517883897,104.72254943847656,5675200
2022-12-22,102.59653467069957,102.59653467069957,98.38395108674489,100.38172149658203,9549400
2022-12-23,99.67634284571707,100.4853156546658,98.62072436667054,100.37185668945312,3875800
2022-12-27,99.67633592492253,99.80951509376186,98.31982623096418,98.57632446289062,4636200
2022-12-28,98.1373051795908,99.20278365070939,96.94850765005936,97.32340240478516,5064000
2022-12-29,98.86735608645465,100.82566341915927,98.5270017933262,100.50010681152344,8302000
2022-12-30,99.00055003737641,100.23867834417526,98.23104022817809,100.1054916381836,4411000
2023-01-03,101.90100286720323,101.99472655369225,98.70457505541803,99.33596801757812,4472400
2023-01-04,101.17096561272054,102.4041562831496,99.97230036712824,101.8615493774414,10039800
2023-01-05,100.63329043832114,101.48172623586969,99.97723208749588,100.03643035888672,5936200
2023-01-06,101.6888943458633,105.0234465611732,100.06601882038474,104.41178131103516,7005400
2023-01-09,106.34049152747014,108.87593107150752,105.78308697395828,106.68578338623047,11422600
2023-01-10,106.31090699152809,108.07683699406097,105.92121451158768,108.0718994140625,5464000
2023-01-11,107.95351734913474,109.3396224975586,107.13960696758423,109.3396224975586,5737000
2023-01-12,110.23737292631469,111.70734155305871,107.97816682507275,110.97728729248047,7704600
2023-01-13,109.78850363986136,111.43604458443016,109.41854643529538,111.37684631347656,4264400
2023-01-17,111.10060480069095,112.78760862875443,110.93782273919385,112.03783416748047,5059200
2023-01-18,113.03919640929186,113.97148829620824,111.28313402139001,111.33739471435547,9374600
2023-01-19,110.28670044290884,110.62706224600852,108.38265389341034,108.61449432373047,9283000
2023-01-20,109.63065033245837,112.15622241073183,108.90060356485716,112.1463623046875,5709800
2023-01-23,112.96026119723453,117.74503931463984,112.80734676409368,117.43428039550781,12790000
2023-01-24,115.87058509300284,117.52306349813445,115.87058509300284,116.60063934326172,7328600
2023-01-25,114.59794279025309,116.97553041744668,113.59165501841979,116.71902465820312,6854000
2023-01-26,118.23832170095493,118.89931010351975,116.36880792909204,118.8105239868164,7196400
2023-01-27,116.85221322517378,118.97330265388547,116.36880459665758,118.03114318847656,7254600
2023-01-30,116.30467773598814,117.27150253197127,115.10602001896059,115.20467376708984,8050000
2023-01-31,114.88402913351845,116.96565539323498,114.53380723078196,116.95579528808594,5484000
2023-02-01,117.57239727809032,123.62489145040725,117.27642851716995,122.47062683105469,15518600
2023-02-02,123.8468693369615,126.10113784250764,123.1266827139138,125.08992004394531,12985800
2023-02-03,122.45582790227166,125.44015069185585,122.06614298025504,122.79125213623047,7489600
2023-02-06,120.8280181099049,122.4311659512995,120.24101815753728,120.74909210205078,7811400
2023-02-07,121.12399072253858,124.93208416425331,120.85268726617316,124.37467956542969,10309200
2023-02-08,123.81726268507919,124.64597065806807,121.64685030303791,121.93788146972656,7844600
2023-02-09,124.1477620276728,125.58813529012346,121.51860625907443,122.42129516601562,8767200
2023-02-10,121.0351901022424,121.46927560740468,119.15087875599355,120.36433410644531,7529800
2023-02-13,120.88227834415362,122.49529381215419,119.9993171558563,122.1746597290039,4030400
2023-02-14,121.34596146264612,125.17872015781133,120.64551006798813,124.80382537841797,9482000
2023-02-15,123.16121595399454,124.8679551665442,122.11054261308026,124.79889678955078,7118800
2023-02-16,122.22399807959792,123.34866741447222,121.24731313653315,121.41009521484375,5418000
2023-02-17,120.55672077138848,120.93161556429419,118.68227691405494,119.752685546875,7574800
2023-02-21,117.89795468793531,119.15088058734828,115.98404794179005,116.11229705810547,7695800
2023-02-22,116.32934377961084,117.25670557676129,114.97776408874248,115.54503631591797,6987600
2023-02-23,119.5011044402851,120.21636104113193,117.55266471208485,119.63922119140625,11714200
2023-02-24,117.25175835099091,118.0804663312223,116.62529543146576,117.50333404541016,6208200
2023-02-27,119.36792516824087,119.53563729063244,117.94728712728079,118.03114318847656,5852000
2023-02-28,117.69571705004212,119.6638844835907,117.49347197975419,118.09033203125,4770600
2023-03-01,118.60333597203379,119.6441491010875,117.72036732001875,118.16925048828125,4725800
2023-03-02,116.59077815461332,119.73294555026466,115.76700769628144,119.21500396728516,6528800
2023-03-03,119.22486900267714,120.94146825788759,118.3073748698098,120.83295440673828,5385200
2023-03-06,121.16838459148236,122.24866084427485,119.51097599681417,119.75761413574219,6485400
2023-03-07,119.81187256570402,120.35940952486037,117.92262355396274,118.42083740234375,6616600
2023-03-08,119.03742913963052,121.61232425894146,118.79079101281391,121.51860809326172,8112800
2023-03-09,121.3064976193409,123.10202291448768,118.94863768579097,119.19034576416016,8223000
2023-03-10,119.60469709557506,120.28542075280376,116.66970481145188,117.26163482666016,13168200
2023-03-13,115.78180594891201,118.63294216895763,114.82484878700355,117.18270874023438,9831400
2023-03-14,119.07688023238373,121.3410238735698,118.86477506399353,120.68989562988281,11314600
2023-03-15,118.87958363663898,119.61949805761391,116.94101146654805,119.3333969116211,12602200
2023-03-16,118.65266526477122,124.29081668776968,118.27777802630936,124.10830688476562,14744600
2023-03-17,124.25135324406061,125.38095253506569,122.94910425631937,123.47691345214844,9868600
2023-03-20,123.81234416982566,125.08499785375125,122.6778072398022,124.719970703125,6521400
2023-03-21,125.72625879365147,126.95451189551652,123.12176067595385,125.11459350585938,11118200
2023-03-22,125.3020446594301,128.6859202927838,124.31055450439453,124.31055450439453,8938000
2023-03-23,126.68812444659518,129.19891364340376,125.59798821981128,127.61548614501953,10951000
2023-03-24,126.86572318048016,127.07782836053173,124.31054822631526,125.5979995727539,11042800
2023-03-27,125.92356028088074,126.27871978241264,123.75314779533981,124.13296508789062,7025600
2023-03-28,123.6446243745658,123.8764648099779,121.55806045585678,123.26972961425781,7771400
2023-03-29,125.11459662481016,127.82268613907488,125.11459662481016,127.10742950439453,9979200
2023-03-30,128.4146007847036,129.75139027376164,128.04464359361455,128.9276123046875,7807000
2023-03-31,127.94599709562506,130.01282580295364,127.68948380939453,129.82537841796875,7281600
2023-04-03,129.1643904848332,129.64779158081444,127.56616518092088,129.08546447753906,8036000
2023-04-04,129.3469096478748,129.49982409382028,126.48097560101588,127.10250854492188,8057400
2023-04-05,125.80023941066061,126.00248447633714,123.53116568646098,124.87781524658203,10065600
2023-04-06,123.63475857075944,125.31189480423193,122.96390257201081,124.50292205810547,7448000
2023-04-10,123.36839684600666,126.45629602742918,123.16615177099258,126.38724517822266,5991200
2023-04-11,126.84598418401588,127.02849398723143,125.52893750484806,125.71638488769531,6288600
2023-04-12,126.80158902813682,127.02849188349056,123.38318829839234,123.48184204101562,7749000
2023-04-13,123.81233791127227,125.18364527483892,122.91457152949074,124.47826385498047,5760400
2023-04-14,124.40920583547191,125.76571551764201,122.98363777964506,124.34507751464844,4901000
2023-04-17,123.22041099335854,124.29574962502629,122.65313877947646,124.25628662109375,5297000
2023-04-18,125.38589244770989,126.189935151839,123.8715307321782,124.81369018554688,5703600
2023-04-19,123.10202020440843,123.84193458216546,122.82578670766686,123.62982940673828,5013000
2023-04-20,122.82579247366063,125.56347730524051,122.73206877712387,123.76795196533203,5879800
2023-04-21,122.9145714930802,123.63475812477942,121.62712771540929,122.5002212524414,5202200
2023-04-24,122.23386208780059,123.00337187023035,121.0647922012951,121.84416961669922,4489000
2023-04-25,120.88228613981008,120.89708382633148,117.92756598678609,117.98181915283203,10464600
2023-04-26,119.18048266220366,119.97958782957706,118.23339310503553,118.80559539794922,7695400
2023-04-27,118.93877001120322,120.1226375573398,116.9755325938614,119.95491790771484,6814200
2023-04-28,120.60604522057082,121.96255493164062,120.14236433322648,121.96255493164062,7553000
2023-05-01,122.31771934212829,123.27960657953166,122.0020228250626,122.89485168457031,5202000
2023-05-02,122.85538411535819,123.49664475873898,120.85268370397998,121.8293685913086,6717600
2023-05-03,121.1979732606739,122.62847890341747,120.43339356692454,120.5715103149414,8223000
2023-05-04,120.00917831796963,121.16838054291868,119.30872693003388,120.16703033447266,5889200
2023-05-05,120.51726472273238,123.28947501650396,119.95492253603125,122.70740509033203,5553000
2023-05-08,122.31278393177489,123.46704856610293,121.71098629641446,123.38812255859375,3918900
2023-05-09,121.92803073688397,122.10561050379422,121.08946254245181,121.48408508300781,4951700
2023-05-10,122.76659559197505,123.35852558701752,121.31636221170214,122.47062683105469,5474900
2023-05-11,122.12533613554741,122.36210663048156,120.2508848608895,121.38542175292969,5339500
2023-05-12,121.80964146188938,122.22399171594364,120.1719606575819,121.24730682373047,3364900
2023-05-15,121.42488310770669,124.42400360107422,121.19797272166058,124.42400360107422,6192800
2023-05-16,124.0195219150217,125.7065258962159,124.0195219150217,124.3944091796875,5126300
2023-05-17,125.57828736300247,128.19265338339443,125.09487867338716,127.7585678100586,6322800
2023-05-18,128.35049847713785,132.50387646709606,128.35049847713785,132.2375030517578,9632600
2023-05-19,131.9711271508207,132.1289641041203,130.7971273116285,131.5074462890625,5313000
2023-05-22,130.37291792291023,131.813291318788,130.19534568355974,131.39894104003906,4235100
2023-05-23,130.6294146843015,131.25093249690855,129.3172981076486,129.50474548339844,4853800
2023-05-24,126.99889514068855,127.90652160588944,126.22938541902701,127.60069274902344,7897100
2023-05-25,136.07517538599052,139.24201544815475,134.44736982684944,138.5711669921875,16072900
2023-05-26,139.88328240548654,146.3353446492406,139.8734222990726,145.37838745117188,12978800
2023-05-30,148.62413447503698,149.6698928148894,145.51649998825215,146.07884216308594,13295400
2023-05-31,143.78017233033694,145.35864735923033,142.14249150413255,142.38912963867188,10728700
2023-06-01,142.91199228553094,145.8025838146876,141.86624906947296,144.52993774414062,7272700
2023-06-02,145.90125639568777,146.18735001234683,143.33621373759755,144.17478942871094,6765000
2023-06-05,143.3263418673486,143.79002273328047,141.6689409408146,142.369384765625,6727700
2023-06-06,141.57029363797855,144.20438719052524,141.05728208714024,143.3756866455078,5815100
2023-06-07,144.4707687482573,146.1775005737281,142.22142996856215,142.55685424804688,8687500
2023-06-08,142.69496720846044,144.59902155095023,142.38913831157922,144.2043914794922,5376800
2023-06-09,145.94071036238705,147.13444556219923,144.17478793518413,144.86537170410156,5955300
2023-06-12,146.5129247336397,149.41339185603692,146.40440334288337,149.1470184326172,7632900
2023-06-13,151.6627138076164,152.27438660292526,149.36404464287662,151.2089080810547,8274600
2023-06-14,150.75507857381606,153.645685101237,149.98556886149967,153.507568359375,7123400
2023-06-15,151.95868803033397,153.65555962015412,151.2582441500415,152.4026336669922,7588000
2023-06-16,153.70488385328937,153.84300060235194,151.11024593847506,151.3174285888672,6583200
2023-06-20,150.69589711378862,151.86989701870064,149.09768685189317,150.78468322753906,4597100
2023-06-21,149.9954299745844,150.419655361894,146.7299437279379,147.3317413330078,5911700
2023-06-22,146.15775904282768,148.64387576517188,145.9604515370919,148.0618133544922,5958400
2023-06-23,145.76313956749973,146.45372334322528,144.98376967495176,145.5460968017578,5963500
2023-06-26,146.2860070239243,148.33803807984796,144.855508875142,144.875244140625,7403900
2023-06-27,145.44742866817174,149.75867335389052,144.98376283986997,149.47256469726562,6459400
2023-06-28,146.91740685806855,149.5021697732635,146.7891502068696,148.12100219726562,6800200
2023-06-29,148.79185218657514,148.92996893156376,146.9075333378334,147.90394592285156,4225900
2023-06-30,149.7093299903306,150.90306504414843,148.98915093750898,150.20260620117188,5309200
2023-07-03,151.11024420278926,151.9981504825041,150.20261771171818,151.5344696044922,2826900
2023-07-05,150.20262133243554,151.10038773946965,148.63400643680242,148.6734619140625,5187200
2023-07-06,146.3451896053529,147.07524385154164,145.18106491792344,146.90753173828125,4775600
2023-07-07,147.02591903171214,149.2062066975114,146.6510242616009,147.045654296875,4351900
2023-07-10,147.5685188653656,149.3739116747243,147.34161601443077,149.1272735595703,6415500
2023-07-11,150.13356174355278,150.14343690348068,147.41068209020222,149.28514099121094,5146400
2023-07-12,151.46540613920945,152.5999355078901,150.84387323877573,152.42236328125,6484100
2023-07-13,154.2869410239486,156.33897197918935,153.7542093108208,156.0824737548828,6395900
2023-07-14,156.55602228506973,158.53898743702544,154.0995010834794,154.7900848388672,7565600
2023-07-17,155.11565483060335,158.292355278845,153.60623061773293,157.67083740234375,7314600
2023-07-18,156.98021973441894,158.6277605059231,155.50039107160248,158.10488891601562,6272000
2023-07-19,158.2726075676013,158.35153357264576,155.9344830008452,156.44749450683594,9333700
2023-07-20,153.54704217732774,154.3066918751171,150.24208502949938,150.91294860839844,14823200
2023-07-21,152.4125073905155,153.1820171677641,150.95239879208734,151.72190856933594,8246300
2023-07-24,151.91922459199515,152.46181642303824,150.8438709284016,151.85015869140625,4362500
2023-07-25,152.38291754080313,155.23405388382798,152.38291754080313,154.28695678710938,5773700
2023-07-26,152.93536909224804,153.7838048240166,150.89319824056466,152.5999298095703,6110000
2023-07-27,156.51654461829006,158.75602295842896,154.56317492679423,155.34255981445312,10244000
2023-07-28,158.00626579707784,158.87442183636878,156.6941490511793,158.34169006347656,7319800
2023-07-31,158.5389937604439,159.00267466904063,157.52284582550146,158.46006774902344,3934100
2023-08-01,157.52284107528095,158.72643636935194,156.81252204751456,158.37127685546875,4595600
2023-08-02,156.63495269143235,156.65467290385652,151.39636105573115,152.56048583984375,10033900
2023-08-03,150.4295199847057,153.10308386551017,150.11383101467507,152.1165313720703,6691700
2023-08-04,152.14612484469745,154.43491877305715,150.69589149314348,152.17572021484375,6804200
2023-08-07,153.4089101402094,154.04030312320853,152.29410102429054,153.8134002685547,5701400
2023-08-08,151.83042108336193,151.83042108336193,149.49229651624776,151.2779541015625,8446500
2023-08-09,151.11025543055393,151.2582473483007,147.7165121791551,148.2788543701172,8827100
2023-08-10,149.107542190533,151.10038242804364,146.89765920172928,147.95327758789062,8639300
2023-08-11,146.01963320279512,146.12815458224074,144.07612353228538,144.2438507080078,11182300
2023-08-14,143.4940575569287,148.7030535324085,143.06984720930274,148.63400268554688,8154200
2023-08-15,148.5254791033705,149.05821081980827,146.65102035632708,146.8483428955078,7596400
2023-08-16,146.9667235643193,147.1344356788195,144.44115163415745,144.52993774414062,7232100
2023-08-17,145.78285602941426,145.812451397871,143.0796969661362,143.55323791503906,7397200
2023-08-18,141.8563877903618,144.687803910166,141.42231730344042,144.16493225097656,8817900
2023-08-21,145.20080229226645,149.20621843398007,144.98377457279017,149.00889587402344,8109200
2023-08-22,150.99188022343796,151.1793276282268,146.8878177461189,147.5192108154297,10827900
2023-08-23,147.34162929406304,151.15958284360127,146.8582131254973,150.71563720703125,8347700
2023-08-24,154.3560008584218,154.48424243873848,146.5819628406414,146.81874084472656,13494400
2023-08-25,146.61155731491607,148.72277891427504,144.3030282401544,147.08509826660156,11769100
2023-08-28,148.33803301592607,149.0582121187035,146.8976597567749,148.90036010742188,6822700
2023-08-29,148.33802745347208,153.21159898046693,147.91380207076008,152.71832275390625,8770000
2023-08-30,152.64927536692988,154.1192441196257,151.60353204838825,153.49771118164062,6526100
2023-08-31,152.76767519991623,155.0466092834444,152.76767519991623,154.11924743652344,5965400
2023-09-01,155.3129705970144,155.5102931624398,153.17215323381302,154.10939025878906,4495500
2023-09-05,153.53715870025306,155.5003883914508,152.99455185585342,154.47438049316406,5472700
2023-09-06,153.912038801025,154.69142364879403,151.19901962529346,152.67884826660156,6104000
2023-09-07,149.1963368931864,149.6896131647866,147.44027457057751,149.2949981689453,7813300
2023-09-08,148.91025514557907,150.123710655406,147.73625511704154,148.3577880859375,5305200
2023-09-11,150.14344503014692,150.14344503014692,146.50306346871227,148.46630859375,5824100
2023-09-12,147.4008168431814,149.61068487192674,147.15417871114485,147.3514862060547,6174900
2023-09-13,147.30214605253374,149.7882624778547,147.03577267213606,148.5452117919922,6192000
2023-09-14,150.044755443106,150.11382133892133,148.1505765842244,149.3541717529297,6951400
2023-09-15,148.20979300034924,148.51562189801572,144.20439184975334,144.83578491210938,10179600
2023-09-18,143.47431997512103,145.8321948543395,143.02051426422594,145.31918334960938,6786000
2023-09-19,144.77658796734286,145.01336600069016,143.11918689470414,144.06626892089844,5573600
2023-09-20,144.67792522126794,145.2600026656377,141.61962135296676,141.69854736328125,6977500
2023-09-21,139.66624664628267,140.65279916037855,138.79807561672732,138.86712646484375,9905100
2023-09-22,140.21872226310782,141.4716331944209,139.6465199633344,140.05101013183594,7331900
2023-09-25,139.40971614170758,141.18551345849482,138.7684631081764,141.03753662109375,7861300
2023-09-26,139.73529940658628,140.47521380228343,138.21601513767072,138.8079376220703,6702100
2023-09-27,139.9424801739709,140.99808353639466,137.880573978364,140.08059692382812,8814500
2023-09-28,139.82408313244338,143.69136716812005,139.1828300218998,142.3496551513672,10791700
2023-09-29,144.5595396669662,144.95415465384318,142.51738377680272,143.03038024902344,7985100
2023-10-02,143.31648311184958,145.28958807360138,142.64561959698392,144.26356506347656,8600200
2023-10-03,143.33620000484538,144.885094589692,140.24830104762975,141.05726623535156,9456600
2023-10-04,141.91559682846318,143.52366732205095,141.0375656209564,143.25730895996094,11083000
2023-10-05,143.3362199204038,143.93801760556673,141.73800953347188,143.25730895996094,6093900
2023-10-06,142.69495555725354,146.9469944999433,141.59988166046827,146.35507202148438,9946000
2023-10-09,144.8160238845088,146.4635796819044,143.68149461686522,145.98016357421875,6840500
2023-10-10,146.50304697027988,148.94969296730176,145.84205859846173,147.7855682373047,6790600
2023-10-11,148.61426407829376,149.40350906819745,147.47973475465452,149.38377380371094,8921700
2023-10-12,149.79813320871264,151.98828103934326,148.69319918734837,150.1434326171875,8554900
2023-10-13,150.37032412779138,150.57750676794743,146.05909469528615,146.38465881347656,9133900
2023-10-16,146.55238620915452,148.6636080913233,146.42412955884413,148.07167053222656,9461800
2023-10-17,144.6187384352215,147.4600146699216,142.52725179223265,146.3254852294922,12857900
2023-10-18,143.47432721500186,144.73712830273595,142.68509723386387,143.39541625976562,12530900
2023-10-19,145.26986805629178,145.68421833531772,141.94519066393744,142.41873168945312,15718200
2023-10-20,142.28060393179885,143.43486855991992,140.0213902580876,140.18911743164062,8128800
2023-10-23,139.24203017780704,142.59630291966565,138.07790536215413,140.68240356445312,9910500
2023-10-24,141.0770148406976,142.5568436676979,140.61333393728304,142.32994079589844,7822700
2023-10-25,140.87970054603085,141.22498489018494,136.1738408881426,136.81509399414062,12447800
2023-10-26,137.22945670394904,138.75860101303385,134.79267086137375,135.61151123046875,15094800
2023-10-27,137.17025234888578,137.85097597934703,135.81868024721987,136.4500732421875,11346300
2023-10-30,136.54874300313344,137.762198433022,134.67428411300583,136.10479736328125,8836000
2023-10-31,136.10478933545642,137.40703080578626,134.2698010858489,137.0814666748047,7900300
2023-11-01,137.3281090975007,140.66266146440591,137.18999234551274,140.4949493408203,11750500
2023-11-02,143.66177414869793,145.06267693045132,142.34965748150142,144.1353302001953,11736200
2023-11-03,145.6052868578077,148.51561386191636,145.20079670051064,147.4994659423828,8177200
2023-11-06,147.7362404795381,148.41696412972215,146.29586717081273,147.9335479736328,5423600
2023-11-07,147.6474606960653,149.48244907166074,147.3021612763962,148.8609161376953,4600400
2023-11-08,149.33444024274183,150.06449447847498,148.41695368564623,149.3936309814453,6165000
2023-11-09,150.9030709993982,152.4322152704762,148.96942155300874,149.1272735595703,10529700
2023-11-10,151.1891726045748,155.54973290523762,150.6367056059166,155.16497802734375,11426800
2023-11-13,154.1981602426158,154.90847925372995,153.10308635494795,154.2178955078125,7058900
2023-11-14,157.7398765981804,159.36768218084805,157.3748569950165,158.92373657226562,9744900
2023-11-15,160.04840219237806,160.04840219237806,157.93718051928425,159.04212951660156,9002900
2023-11-16,158.47979905799653,159.989223236428,158.08518406434538,159.63406372070312,7281100
2023-11-17,159.01251251768406,160.76858968218764,158.71655883328015,160.3838348388672,5167100
2023-11-20,160.6008838817857,163.21525718594623,160.3345255303982,162.68251037597656,7132700
2023-11-21,161.4887820285361,161.77487563153915,159.52553712336118,160.28518676757812,9001100
2023-11-22,161.0645649420593,162.7121059048513,159.16052573389277,159.9398956298828,9139600
2023-11-24,160.0582728052447,160.26544038701036,159.17036657974816,159.584716796875,2943500
2023-11-27,159.05199846703132,160.69953936887896,158.5685823129719,159.486083984375,6034500
2023-11-28,158.69682963525415,159.3282226087736,157.47349916311208,158.56857299804688,6165200
2023-11-29,160.61076419577083,162.1201884497946,159.83137922192196,160.02870178222656,7642800
2023-11-30,160.65020975441823,160.65020975441823,157.10848979820423,158.3219451904297,9300900
2023-12-01,157.84840190397256,159.545273428728,156.72373264255063,158.9632110595703,6115400
2023-12-04,157.1084867909319,157.35512491776225,154.4546581376619,156.64480590820312,8137000
2023-12-05,155.40175516827296,156.81251802801617,154.95780955069765,156.64480590820312,4845900
2023-12-06,158.50938866743374,158.8053574287111,155.17483639399563,155.38201904296875,6457400
2023-12-07,156.73358616112608,159.26903323587447,156.09233307678065,158.93360900878906,8790700
2023-12-08,158.67709846804397,160.7488647131203,158.4995262460298,160.2950439453125,5683500
2023-12-11,161.3309280154029,164.74440626559894,161.09414999773037,164.14260864257812,9671600
2023-12-12,163.3533647758533,165.93812750900972,163.10672665082396,165.87893676757812,6985400
2023-12-13,166.04664829789255,168.79913819348224,165.5040414140311,167.83230590820312,8037600
2023-12-14,169.31215381190722,171.52203707369813,169.11484630097544,170.9300994873047,9446800
2023-12-15,171.55162730850208,173.49513709283457,171.36417990997288,171.73907470703125,6902000
2023-12-18,172.2581306630571,172.5658029418346,170.6800608268111,172.03977966308594,5157100
2023-12-19,171.9008474082396,172.74447773197554,171.61302932216984,172.61544799804688,5031000
2023-12-20,171.55347822637253,172.3871738490169,167.74227011194824,167.81175231933594,8557400
2023-12-21,171.05722551454866,172.24822140270052,170.2334494462906,171.96038818359375,8184500
2023-12-22,172.79411171639558,173.10178403628976,171.11678569443265,171.98025512695312,4089200
2023-12-26,172.476487540145,174.98750898104265,172.476487540145,174.35231018066406,4829200
2023-12-27,175.02720826775013,175.42420181809175,173.8858253079349,174.54087829589844,5113400
2023-12-28,175.2951773098309,175.40435281107,174.39201468430775,174.50119018554688,4033500
2023-12-29,174.6997021849666,175.05700247975287,172.36732315728776,173.55831909179688,5391600
2024-01-02,171.05722751868723,171.05722751868723,166.35277628938465,167.70257568359375,8989000
2024-01-03,165.10223691437562,166.22375063707554,164.12957685963087,164.72508239746094,9303600
2024-01-04,163.0477451479712,165.3999630852763,162.74007286098762,163.75242614746094,7095800
2024-01-05,164.2387534913077,166.31308820416461,163.86161411615328,164.83425903320312,6869600
2024-01-08,166.14434216989625,170.78924580185156,166.02524712488062,170.67015075683594,10514800
2024-01-09,169.25087102445704,172.42686512896967,168.6553655042146,171.12669372558594,6974300
2024-01-10,171.7519677195094,171.8015957020574,169.35012177865926,171.28549194335938,6330000
2024-01-11,171.97033010647056,173.22087357002465,168.9134309401144,172.25814819335938,7993700
2024-01-12,172.44671224040758,172.86356002965425,170.76938640041467,171.6527099609375,4561000
2024-01-16,171.9901687821739,175.53339797044066,171.4443063723079,174.38209533691406,7678000
2024-01-17,173.17122886703498,173.61785040773702,170.20366641938514,173.3300323486328,6751200
2024-01-18,178.3223206802502,179.19572477950064,176.0792780504804,178.95751953125,11983800
2024-01-19,181.0219065309838,185.90500018552535,180.0591812121798,185.77597045898438,12742400
2024-01-22,187.39374390207826,188.5549659775629,185.071299751109,186.6394500732422,8308900
2024-01-23,186.60969019481144,187.7510581337138,184.69415900366334,187.59225463867188,6031200
2024-01-24,189.77576027891303,193.83507797834005,188.59468392243562,190.9270477294922,14706600
2024-01-25,194.33132753018202,194.43056835394972,189.8154535795532,190.9270477294922,11109400
2024-01-26,187.74114223837088,189.04131369755095,186.2920868205737,186.85781860351562,9921900
2024-01-29,187.30443079613488,189.08099751624587,186.4111876665746,189.0512237548828,8035500
2024-01-30,188.68400263774345,189.46807025546963,186.27222197357972,187.17539978027344,6340100
2024-01-31,184.3368502948136,187.29450846366163,182.76869992763264,184.47579956054688,10827100
2024-02-01,185.32934470221767,186.68907870866755,183.66195355547677,186.16305541992188,6322500
2024-02-02,186.80819283199637,190.291859426512,186.45089252914846,189.7856903076172,7865400
2024-02-05,192.08827401493625,194.25192998278257,190.00403493875564,193.48770141601562,8600500
2024-02-06,194.38095379681812,194.4206470971076,188.693923079035,191.29428100585938,8505100
2024-02-07,192.24707531236004,195.31389393933247,190.96675811907747,195.1551055908203,7138800
2024-02-08,196.08804830175168,199.35336357475754,195.34367400011502,197.93408203125,8963800
2024-02-09,199.64117855047905,202.66830369247057,198.2715401548187,202.32093811035156,7642200
2024-02-12,202.66831360491165,205.56640916550842,200.45504484780653,201.536865234375,9718900
2024-02-13,195.6910410906544,200.0481114305929,194.8176370571722,197.80506896972656,11269600
2024-02-14,200.48481833072154,202.38049524759782,198.90674839533284,201.7750701904297,7932500
2024-02-15,203.0653177732186,203.2042670386093,200.49473364698946,201.10015869140625,7103400
2024-02-16,202.7973283889866,204.5342016895319,199.70073626505828,200.23667907714844,6273100
2024-02-20,198.76779112578586,199.25410597315272,193.1899361065334,196.2964630126953,11318400
2024-02-21,194.17252610021418,195.06576924527826,192.26692961823207,195.03599548339844,8624800
2024-02-22,205.62595886148344,209.1195599779483,204.78234370244684,208.35533142089844,12445700
2024-02-23,210.4395861392079,211.75961177946115,205.41754304046577,207.05516052246094,8526200
2024-02-26,209.0203110478036,210.03264919939056,207.26358344636242,208.77218627929688,7552200
2024-02-27,209.42722623827538,210.17160055118794,207.2735050435685,208.16676330566406,4969700
2024-02-28,206.052744843872,207.18419324552326,204.88158799622045,205.854248046875,4505800
2024-02-29,208.22631668319755,210.96560877978789,207.22388288791174,210.3601837158203,6450600
2024-03-01,212.5138998603408,219.6599054088691,212.37495059380467,218.8857421875,10273300
2024-03-04,222.3197973683985,225.42632438317068,220.9997717542035,222.40911865234375,10905100
2024-03-05,220.69209771490156,221.55556707488904,216.65261915926502,219.00485229492188,10421000
2024-03-06,223.44132579753185,227.04408720930047,222.0021899962853,224.6521759033203,11245400
2024-03-07,228.0068147422056,233.1479679719366,227.73885088825713,232.41351318359375,13524400
2024-03-08,235.15281024546758,237.3462399736252,222.75650587563274,223.30238342285156,22519200
2024-03-11,220.4737359919475,222.20068977234925,217.3771438354112,219.3224334716797,12843800
2024-03-12,222.86567985993835,226.3096530091552,218.905602929216,226.26002502441406,10410300
2024-03-13,224.17575519082328,224.17575519082328,219.49115847135306,221.78384399414062,9835800
2024-03-14,221.10894715227045,222.30987772061738,215.77923185879632,217.81385803222656,11440100
2024-03-15,215.3127505475806,218.64754802667505,214.31031679507169,216.20599365234375,11402000
2024-03-18,220.50352105038152,221.48610060163082,216.18615909465188,216.6427001953125,8671700
2024-03-19,214.1019056106808,217.20843261878736,211.2236642979459,216.1663055419922,10606900
2024-03-20,217.2084417846082,219.95765348504364,215.2035892911979,219.630126953125,9158100
2024-03-21,226.86544976806698,228.32442468023322,224.11622297614585,224.6124725341797,11728000
2024-03-22,223.90778848927945,227.5304039114891,223.53063400956444,225.93247985839844,5350200
2024-03-25,223.53064482428073,227.52049538084378,223.1733445484044,225.37669372558594,4938900
2024-03-26,227.08378972623052,227.7388427455746,223.07408501176127,223.2825164794922,6402500
2024-03-27,224.890370463862,225.13849524220453,219.82863407227592,223.203125,7614700
2024-03-28,222.6274761432897,224.24525456204697,222.06175951750637,223.30238342285156,3763300
2024-04-01,223.80855481583015,229.21767206965174,223.80855481583015,226.23025512695312,7896800
2024-04-02,222.5679259751035,223.739067658557,220.71195748094078,223.3222198486328,5995000
2024-04-03,221.0593294751266,225.81340884221757,221.00970148920047,224.21548461914062,5914900
2024-04-04,227.3815546711229,228.08622056618157,217.99250632327403,218.24063110351562,9294000
2024-04-05,219.56063914050736,222.38926746610778,217.9627150781495,220.96998596191406,8104000
2024-04-08,223.20311594138687,223.59018997411852,220.50351725103596,221.3868408203125,4215300
2024-04-09,223.66959552544787,224.2551663539005,218.38949309743177,222.41905212402344,5372300
2024-04-10,219.34230516727246,222.69695703366492,218.8460556080705,220.48367309570312,8164900
2024-04-11,221.80369188661558,225.86302466514596,220.01719049982566,225.60496520996094,7200600
2024-04-12,221.8235433830039,222.1411503564568,218.32002285789738,219.02468872070312,8741500
2024-04-15,222.0716674663678,223.292437085099,214.9852246946669,215.72959899902344,6750400
2024-04-16,215.6998380533928,218.70710921011224,214.84628819458013,217.51611328125,6754900
2024-04-17,217.8634778689038,218.46890294201683,210.47929708685484,210.8068084716797,11726400
2024-04-18,209.3875382749785,210.65793592318047,205.80461588507,207.06509399414062,10350600
2024-04-19,205.16940649258424,206.43980407534735,196.95151550343923,197.7157440185547,13584600
2024-04-22,199.46253577888126,202.84696118231574,197.65618023417417,201.49716186523438,9801700
2024-04-23,202.9561481233984,207.01546584200855,202.40033590146786,206.24131774902344,7300600
2024-04-24,211.04499379760134,211.54124331416307,205.39767187603545,206.4794921875,6564900
2024-04-25,205.53662096513136,212.0771859533727,204.20667589648443,210.60829162597656,8682200
2024-04-26,210.93582132755816,217.03968441119534,210.3502505242456,216.0074920654297,6365400
2024-04-29,215.8487003402694,216.9702291710811,213.28805084123988,216.74195861816406,4818000
2024-04-30,215.7097529673929,217.97264972700944,212.484130859375,212.484130859375,4944800
2024-05-01,209.55625463275928,212.93074543877015,204.5639854841193,206.2909393310547,12945800
2024-05-02,209.7845373901383,211.1442715036987,205.7549933237609,210.43959045410156,6382500
2024-05-03,214.30039613342024,216.7220962732597,213.5361676135418,216.09681701660156,6379100
2024-05-06,217.7245210839211,221.0096906571291,216.5831531852359,220.99977111816406,5343100
2024-05-07,220.88068122132427,221.50594536604908,218.9850042757534,219.07432556152344,5067000
2024-05-08,217.30766863423787,220.1958445663872,217.05954386641062,219.73928833007812,5404300
2024-05-09,219.8286394448781,220.10653799186673,217.2481356293149,218.3299560546875,4023300
2024-05-10,221.28759972657318,223.74899318438537,220.76156128569735,221.6250457763672,6126600
2024-05-13,222.31979718918691,222.8656747200808,220.6524059795485,221.58534240722656,3972400
2024-05-14,221.2677481251755,225.62481849649078,220.57300179550884,225.37669372558594,5050500
2024-05-15,227.5502776982746,232.244794299906,226.81582289681867,232.14553833007812,8212800
2024-05-16,232.09593040029347,233.34647386717666,230.34912221810544,230.4582977294922,6209600
2024-05-17,231.83786207396662,232.0661477718126,226.90514031542824,228.52291870117188,5241300
2024-05-20,229.73376880330727,234.2694818333138,229.15811750569497,233.23728942871094,4986400
2024-05-21,231.21259455922402,233.1578842938656,230.13075904194787,232.90975952148438,4396200
2024-05-22,235.1329603680171,235.44063265931877,232.23486487555093,234.8153533935547,8112700
2024-05-23,242.31864105424387,242.72556930619268,236.00634638485317,238.02113342285156,12401000
2024-05-24,239.71830761158304,242.6064836416827,238.48760326946123,242.42782592773438,4644700
2024-05-28,245.8320920679135,248.96839269991975,243.6188234272742,247.95603942871094,7703000
2024-05-29,244.25402499863375,245.12741387426976,242.2392531161129,243.80738830566406,7581300
2024-05-30,243.64860707059995,244.28380588246446,239.27168244879851,240.4527587890625,7087000
2024-05-31,241.5444997555296,242.18963325348378,232.5028323998625,238.67617797851562,12722800
2024-06-03,243.2615454294276,243.59899150260594,237.22714883699564,241.6536865234375,6312800
2024-06-04,241.47503504024567,241.87202862412533,238.29904093620502,240.78028869628906,5797000
2024-06-05,245.67329523203568,252.62078876859724,244.85945386423504,252.50169372558594,10950400
2024-06-06,253.60336581912054,254.0003593881539,248.3728914960529,250.51669311523438,9828200
2024-06-07,250.3479805488139,252.15432105100493,248.61110710915528,250.31820678710938,5470300
2024-06-10,249.21652106386932,254.79436095816232,248.17439401765313,253.94081115722656,6418000
2024-06-11,253.08726435195507,253.97058792372383,249.96089832063512,253.56365966796875,6117800
2024-06-12,258.61549039158274,262.5656173123453,257.81156856656986,261.1165771484375,8051500
2024-06-13,264.788825327042,266.128705078476,261.9800361037792,265.2056579589844,7647200
2024-06-14,263.4092717229549,266.5753464750629,262.6351235875954,265.880615234375,6257000
2024-06-17,268.67941448967514,271.1606621621891,264.91786482598485,270.4361572265625,7502000
2024-06-18,271.4683339398485,276.1827045087572,270.9720844062791,274.6840515136719,8241600
2024-06-20,277.125590828217,277.4729715595622,265.0766376106708,266.9028625488281,14053800
2024-06-21,263.5779988224247,266.9127813302864,260.0546087698178,262.9031066894531,11653900
2024-06-24,259.5385157656854,261.10665102341216,253.81179169365416,253.86141967773438,10154100
2024-06-25,256.5808658437398,259.9454524547699,253.89120166486538,259.8064880371094,6592200
2024-06-26,259.6476730861759,261.0967435692672,255.81664112715845,258.95294189453125,5950300
2024-06-27,258.4467308506896,260.4615025881603,255.7074542355104,256.91827392578125,5738700
2024-06-28,258.5261558398166,264.40173308125196,257.03740730862864,258.7445068359375,7743300
2024-07-01,259.0422808921922,259.3896616561036,253.74233900972803,259.0522155761719,6186000
2024-07-02,257.04734675010684,261.68233113618356,256.76944819794113,261.6525573730469,4117100
2024-07-03,262.1091064443778,268.3717738860976,261.3051845266634,267.5976257324219,4633000
2024-07-05,269.1855869172091,270.00934778139003,266.03935167924914,267.69683837890625,6415200
2024-07-08,270.7934488138165,273.6320119690062,270.5056155961103,272.1531677246094,5832700
2024-07-09,274.2175667014279,275.5276424074789,270.1185408430762,272.7486572265625,5912800
2024-07-10,276.04378579057527,279.61678868935405,274.21759103979275,279.16021728515625,6181000
2024-07-11,280.87724100453755,280.9467232097555,267.9747529018556,268.9870910644531,12282300
2024-07-12,269.76124111448087,276.8476991705614,269.02680147870853,272.3913879394531,8392800
2024-07-15,274.33666548195947,275.3887120497063,269.97958012284374,271.7760009765625,7814800
2024-07-16,273.2449260115055,273.56253299419666,268.5107161873996,271.65692138671875,5638600
2024-07-17,261.8113493869745,262.0197657197878,251.9459057848859,252.31312561035156,15181900
2024-07-18,257.18629801963726,258.0497673951185,248.13469588055335,253.6232147216797,12807600
2024-07-19,252.94831196009204,253.29569269009275,245.9313363110149,246.27871704101562,8589500
2024-07-22,251.1022683446203,255.96550780028048,249.72269522312484,255.786865234375,10757900
2024-07-23,253.0674135259634,255.43948574339828,252.43221471464332,252.9483184814453,5869900
2024-07-24,248.71035695857682,249.43489223790434,238.53724072855778,239.1724395751953,11295000
2024-07-25,237.207283711049,241.81247890619306,229.08864838302244,234.78558349609375,18765100
2024-07-26,240.40312312515164,240.50237908872018,236.3934184485896,238.5074462890625,7325600
2024-07-29,240.62148032311066,243.39054610367657,235.9865114186312,236.81028747558594,6745300
2024-07-30,238.41812909837833,238.90445909727285,226.61731569793062,227.74876403808594,12932100
2024-07-31,240.68103318167215,245.8321059644064,238.70595450896315,245.13735961914062,18412100
2024-08-01,242.20946818802514,244.94877533405503,226.19053368437494,229.27720642089844,17111600
2024-08-02,218.27040937293384,220.67225547795093,212.57345884898314,216.7915802001953,20261300
2024-08-05,199.47246073039653,216.8610488412877,198.98614587388144,211.70997619628906,18420800
2024-08-06,214.91574493778515,221.12879889460942,211.04500456878455,215.828857421875,15388800
2024-08-07,223.00462857446576,224.40405596126877,209.42723280608863,209.8837890625,13066500
2024-08-08,215.9678106714227,223.58027696709428,211.1045559846057,223.2229766845703,11407900
2024-08-09,223.01453768397008,224.79111949757848,219.72936819002084,223.16342163085938,7241700
2024-08-12,223.50087125701103,227.8281678711146,222.36942290647787,225.25759887695312,6751200
2024-08-13,228.82067114533064,234.52754098558074,227.15326477782102,234.41836547851562,7647400
2024-08-14,236.91947229992545,237.3859329549181,230.41860001581765,234.6168670654297,7187100
2024-08-15,238.9937909544247,245.4847285310883,237.7333128325099,244.52200317382812,8376800
2024-08-16,242.37821873252818,245.54427822987003,241.17728812404107,244.85946655273438,5194600
2024-08-19,243.94635398411518,249.51427469743226,241.46510616435418,249.45472717285156,5564300
2024-08-20,248.27364505631897,249.64329866739664,244.02575009849477,246.19932556152344,6578600
2024-08-21,246.73527388378324,249.98073492592553,246.01073866162866,248.7500457763672,4813700
2024-08-22,250.6258702333486,251.4198725208656,239.72821950445413,240.60162353515625,8007400
2024-08-23,244.00591437095733,248.45230618197027,242.8645312979412,246.52685546875,6933400
2024-08-26,245.6336126517284,246.68565929579617,239.32131764298714,240.75051879882812,6925200
2024-08-27,238.8647530390585,243.90665020964408,236.7805140465532,243.1721954345703,5534400
2024-08-28,242.666037086161,243.83717878932063,236.0361501724742,239.08311462402344,8114000
2024-08-29,238.66625296392476,242.6759425497612,235.0039289665548,236.12545776367188,9256500
2024-08-30,240.63140106673845,242.76528319440126,237.58443673897307,241.6338348388672,8623800
2024-09-03,237.07824986588486,237.07824986588486,222.1312161774373,223.50086975097656,14466300
2024-09-04,220.1660804157421,226.8654494394961,219.798860589516,222.9649200439453,8646300
2024-09-05,220.39435527583524,226.0615319945569,220.06682874429077,222.57785034179688,6535400
2024-09-06,221.67468767068024,221.99227951855485,211.96804735021624,213.38731384277344,12019300
2024-09-09,216.82135330820083,218.6574674995126,214.17136746657866,218.21084594726562,7933400
2024-09-10,218.96514721093752,220.47375008758917,214.83636245303293,220.27525329589844,7651600
2024-09-11,222.1113747014966,231.94704476147857,217.7543041057312,231.6492919921875,11148300
2024-09-12,231.1728934319709,234.19009924045523,228.2351045148166,232.14553833007812,8209500
2024-09-13,233.23728817489274,235.76816390523186,232.46314008951856,235.13296508789062,6405800
2024-09-16,231.63936689589102,233.23729107027353,229.13826489591526,232.04629516601562,5505200
2024-09-17,234.83521019084165,235.35131395783583,230.10098529314064,231.96688842773438,4722800
2024-09-18,233.12810118063953,236.0559703484177,229.05884901909454,229.3268280029297,7299800
2024-09-19,238.17000682227996,242.02090812123035,236.52245470527188,239.28160095214844,11254200
2024-09-20,237.00878254763322,237.85239767623776,233.19758972770026,236.1155242919922,8183300
2024-09-23,237.0187045421878,238.02113831242667,235.34137866207274,237.15765380859375,3781400
2024-09-24,239.27168970147775,242.54693982681772,236.49268913620944,241.57427978515625,5435900
2024-09-25,241.40555638773336,245.22668405225244,240.97878903599644,243.69822692871094,4978300
2024-09-26,253.5835151135826,254.0698451150758,245.51449274147228,250.72511291503906,10082100
2024-09-27,251.29084611819388,251.3107003403362,244.27387030780062,245.88172912597656,7128600
2024-09-30,242.318650113845,245.15719815623814,240.05575336892565,243.60890197753906,6252500
2024-10-01,243.78756489381334,244.73043603359534,235.22229259979406,237.08819580078125,7751800
2024-10-02,237.37599923402004,242.61639307850493,235.80784889614506,240.50238037109375,5842600
2024-10-03,239.7381552328992,245.29614098108485,239.52972376308773,242.7156524658203,5926900
2024-10-04,247.34070901664364,247.34070901664364,242.49730853030047,245.9611358642578,5771300
2024-10-07,244.6807979046705,248.72027644480235,244.46244689469938,246.35812377929688,4958800
2024-10-08,247.29107226529075,251.2709880896546,246.02067466544224,250.62586975097656,4435300
2024-10-09,251.09235842486788,253.49420448372635,248.33321207617638,253.23614501953125,4063400
2024-10-10,250.6159360078574,253.95073350605082,249.11726785637887,252.73988342285156,4044600
2024-10-11,251.70768846501085,255.36999729339615,251.69776892632166,254.76458740234375,4202900
2024-10-14,256.58088293828536,260.29285055210454,256.4816572489683,259.3201904296875,4608600
2024-10-15,259.0422596712977,260.1439191106494,243.737925687348,245.3060760498047,14128900
2024-10-16,247.95604145093142,247.95604145093142,243.65851871293117,245.46487426757812,5692300
2024-10-17,253.26590442152494,254.24849909327125,249.61351512750807,249.6929168701172,6745000
2024-10-18,251.59850688823528,251.61836110946825,248.97831002582345,249.62342834472656,3720700
2024-10-21,249.11727149625088,251.15189765885205,247.6186033228752,250.94346618652344,3923400
2024-10-22,249.44479323466507,250.59609579121712,247.79724114280614,249.80209350585938,3629100
2024-10-23,248.57138244237103,249.7822324871176,243.99596124557192,247.14218139648438,4971600
2024-10-24,248.98824803160127,249.3157745567369,246.33827721295978,248.184326171875,2595500
2024-10-25,250.59610051042552,254.6256292455736,250.4075232603642,251.0625762939453,6835900
2024-10-28,250.87399498370257,251.15189351266352,249.11726738365135,249.32569885253906,3557300
2024-10-29,250.0105094341652,256.3922711788305,248.97831706586754,254.9928741455078,5392800
2024-10-30,249.85171380334123,251.1022571418902,247.57888252071632,248.79965209960938,5348400
2024-10-31,246.40775273871583,246.40775273871583,238.47767957619268,239.86717224121094,9464700
2024-11-01,242.35835698136606,245.43509509625054,241.52466137431358,242.91415405273438,5521000
2024-11-04,243.46995179991544,245.65344679106659,241.58420956763365,242.43775939941406,5199200
2024-11-05,243.4104039120903,247.1719688319749,243.241680882662,246.44744873046875,4344200
2024-11-06,250.39757978300435,253.7720856547254,248.3331950767676,252.898681640625,7284400
2024-11-07,256.4518560901008,259.19113300021985,256.20373131596915,259.0621032714844,5370200
2024-11-08,258.8040764121274,259.9156705639697,255.98538258747908,257.39471435546875,3915600
2024-11-11,255.98538149096782,256.11438093163315,249.1073548450695,251.6282958984375,7667300
2024-11-12,251.2015295374938,251.66800532839846,246.993327880262,249.9708251953125,6574000
2024-11-13,248.76988881356826,249.29591211541387,245.36562423202653,245.77255249023438,5537900
2024-11-14,247.6880586764986,249.0775664228977,245.5244180326632,246.3184051513672,4607600
2024-11-15,242.3384937302867,242.7355024409974,237.00877862279106,238.150146484375,9499700
2024-11-18,237.237058421488,240.35350498656234,235.6093605049078,239.7282257080078,7696500
2024-11-19,239.2915353361375,242.43775561675412,238.79528579387622,242.34841918945312,4505200
2024-11-20,241.50480113190133,241.9216489250367,236.85989759748696,240.72071838378906,7585600
2024-11-21,243.67837703971614,246.32834775161623,237.80278433531956,244.2540283203125,8825400
2024-11-22,244.12500557922084,244.78997816091822,241.48495433057067,242.78512573242188,4746300
2024-11-25,244.50216145089468,244.50216145089468,240.46268280978472,241.83233642578125,4562700
2024-11-26,243.97613598514997,244.27387359962614,238.09060844820888,239.609130859375,4996500
2024-11-27,237.86233322166595,238.00128248713594,232.41350781880536,236.46290588378906,6911600
2024-11-29,238.19978432379864,242.65611074081676,237.7928560576052,240.31381225585938,5607400
2024-12-02,241.52465724846957,247.28113979873586,241.52465724846957,246.0107421875,8070300
2024-12-03,245.07779625068295,246.81466968104758,244.08529714761744,246.55662536621094,3227300
2024-12-04,250.3380529043934,251.1717636885662,247.44989192750276,250.7350616455078,5457400
2024-12-05,250.0005986657992,250.26857766425536,245.7229299512514,246.43753051757812,3872100
2024-12-06,246.0206734034515,247.5491153020641,245.35570084634293,246.7451934814453,3885300
2024-12-09,244.37312722866494,247.0925801880857,243.09279492133268,244.22425842285156,4532600
2024-12-10,244.5815454530533,245.29614601516647,236.58200514619506,238.0806884765625,6402400
2024-12-11,241.8223926214234,245.18696386675754,239.91679622218703,243.90664672851562,5588400
2024-12-12,242.17969343006087,242.80497269244248,240.11529354022488,241.54449462890625,3979300
2024-12-13,247.64838032891498,249.7425540412399,244.20440723123846,247.6186065673828,8628300
2024-12-16,248.6210151514202,252.45206213836914,247.05286481538062,251.3503875732422,4893000
2024-12-17,248.60117163861338,249.28599844431838,246.16955185965682,248.0850830078125,4027800
2024-12-18,250.26857988100855,252.5612504081415,238.64640860834453,240.17486572265625,8125800
2024-12-19,241.17728858205368,241.4254133645455,236.5621736854397,237.07826232910156,6893100
2024-12-20,235.61926741872483,243.4203105246033,234.76571763355068,240.8894500732422,6909300
2024-12-23,242.77457766879388,248.81577733756583,242.77457766879388,248.44692993164062,6650100
2024-12-24,249.66314786053047,250.5902557373047,248.60643837073997,250.5902557373047,2097400
2024-12-26,249.64321404493373,251.60710446904028,248.10799770291283,250.15162658691406,2169300
2024-12-27,248.50674598143084,249.2943039634488,244.39953086170468,247.6294708251953,3812300
2024-12-30,243.8611928306304,246.5827354226322,241.97705615002897,243.9010772705078,3532100
2024-12-31,244.74842847509422,245.28676192664366,240.6511769866738,241.41879272460938,3071800
2025-01-02,243.7615186412358,246.98149512574585,241.49855577885745,244.03067016601562,4464000
2025-01-03,246.23382633816695,251.5472949424181,245.91481165031826,251.09869384765625,4994400
2025-01-06,257.8676320030354,262.47329612678806,257.6981459484378,259.42279052734375,10533200
2025-01-07,262.6028919671659,262.76236887950955,252.26504907123103,253.25196838378906,7661100
2025-01-08,252.77346226596234,253.54107800891705,248.73602219876892,251.4475860595703,5189500
2025-01-10,248.63634739773258,248.8157817460245,244.1602696573686,246.4132537841797,6901500
2025-01-13,240.32221596756088,244.1702277695526,239.87359968382404,243.88113403320312,6007500
2025-01-14,246.96155505237087,247.6095479258748,241.63812300004136,244.6786651611328,3791500
2025-01-15,248.47684396365517,251.2881038227375,246.93164891276322,250.43077087402344,5316800
2025-01-16,256.3124411687992,256.40218876481106,251.3678353951684,251.5074005126953,5696100
2025-01-17,257.1797620611624,257.87757242116845,254.81710341080506,257.44891357421875,5387300
2025-01-21,259.9909857331369,263.5000861570835,257.64829977595156,261.5760803222656,4923000
2025-01-22,265.1748939160972,268.82354460343697,264.3175761553078,266.3412780761719,6616500
2025-01-23,262.20411079510166,266.0321956072439,261.08758986109103,266.0222473144531,4704900
2025-01-24,266.57053678011135,266.6004425051766,259.8115691091348,260.71875,5119900
2025-01-27,241.72782975498282,244.31977071434653,231.51960367579306,235.07852172851562,21944900
2025-01-28,237.15207551655934,240.2823347720405,231.5395346508106,239.70413208007812,11707300
2025-01-29,241.65805853958213,241.69792776830812,235.90595256547562,238.7869873046875,8366000
2025-01-30,242.6649284843984,245.0873987255236,239.92345876805675,244.4095001220703,7676300
2025-01-31,245.40639671639042,250.67999603907168,242.16647798031073,242.8643035888672,8009900
2025-02-03,235.2380407334613,240.8904510115691,234.390671282395,238.03932189941406,7479600
2025-02-04,238.06922527062238,241.8674044772313,237.83994297410823,240.72097778320312,4579000
2025-02-05,241.36895011643625,246.7322664735064,239.65428425978462,246.37338256835938,4811100
2025-02-06,246.41325152110338,247.6593740776543,244.84812950003308,247.5796356201172,4877200
2025-02-07,248.78587339823798,249.87248861532353,242.72473146603917,244.24002075195312,7258900
2025-02-10,246.23381982720807,249.5136077383431,246.23381982720807,248.84568786621094,4231300
2025-02-11,246.93164273542016,250.26127855539133,246.64254899537468,249.09490966796875,3134900
2025-02-12,244.93785457848554,247.96843325224225,243.78144915793476,247.7391357421875,4212800
2025-02-13,247.23071135382446,251.30802064435363,247.02135607455645,251.1385498046875,4486100
2025-02-14,251.21830610044063,252.43452292625614,249.85256065319572,251.7965087890625,4279500
2025-02-18,253.92986961685904,256.40218770491146,252.55414545588283,255.4252166748047,6361400
2025-02-19,255.18596605072426,257.57853056764424,253.092489211309,256.541748046875,3025400
2025-02-20,257.2694871200038,258.8246456445032,254.12924913495823,257.00030517578125,4401700
2025-02-21,257.5486223012347,257.89754271009025,248.4170323352361,249.2145538330078,7578500
2025-02-24,250.52047834774453,251.27811537552833,242.52535187624161,242.6649169921875,7518000
2025-02-25,241.95712772044004,243.0238007033148,236.60377495187447,237.51095581054688,7658600
2025-02-26,240.8505752945979,245.3565435345229,240.15273448947605,243.06369018554688,6675900
2025-02-27,245.30670356181858,245.61573951478886,227.9905745768213,228.08029174804688,10520600
2025-02-28,227.66159792135488,233.05481990677458,224.93010705835152,232.04795837402344,8654700
2025-03-03,234.63989829057658,234.63989829057658,220.2646296756156,222.3182373046875,10001200
2025-03-04,221.76994493095202,230.08407094353137,217.37362091865785,224.53134155273438,12563100
2025-03-05,227.11331477914413,229.49590044437375,222.77680229684506,228.6884002685547,6799400
2025-03-06,221.29142400178023,225.45846574420443,218.39046224849767,219.09825134277344,9155200
2025-03-07,219.9157220342445,225.0497410500276,216.39667303673542,224.39178466796875,9426800
2025-03-10,218.88890704414897,220.60355765569048,210.85389617058436,213.86453247070312,9616500
2025-03-11,214.54243073708017,218.34060977998047,209.8071651164808,213.5554962158203,7381300
2025-03-12,219.63659144463438,222.25842304118666,217.5032149586182,219.83596801757812,8710800
2025-03-13,220.0951531366268,223.18554321657155,217.13436467254098,218.8689727783203,5126800
2025-03-14,222.6571897602047,226.25599239717874,222.5873995938863,225.86720275878906,5100700
2025-03-17,225.52824372249796,230.32332095445628,225.31890364843662,228.24978637695312,5192200
2025-03-18,225.92701753424848,227.06348074099515,223.18554780458734,224.72076416015625,5196700
2025-03-19,224.7207572425031,230.30339242290762,223.08584504432793,226.70458984375,4932500
2025-03-20,224.44162421700315,228.29961476585348,224.19239970689227,226.345703125,3654700
2025-03-21,222.07898827519068,224.91017515550607,220.7232062856589,224.07278442382812,6319300
2025-03-24,228.4890244707676,231.69903733075589,228.38934379506173,229.9145965576172,6503200
2025-03-25,229.73515883309977,229.9445141223391,228.14013103656083,228.93763732910156,3451800
2025-03-26,227.6915128917881,228.09028124629188,219.3674231418994,221.3213348388672,9591100
2025-03-27,218.37052497486494,220.01540070351527,215.89822202387995,217.07455444335938,9072500
2025-03-28,216.1274988885019,217.3636427271976,210.39533513796817,211.51185607910156,8722100
2025-03-31,206.68686867727024,211.0333446606104,203.87560895440248,210.81402587890625,9477200
2025-04-01,210.30561878632585,211.8807043152389,206.61708384153854,211.83087158203125,6151300
2025-04-02,208.31182658501734,215.93809070608916,207.82334105650438,213.4259033203125,7096200
2025-04-03,202.0612730671763,203.85569264279462,194.7340661381754,194.96336364746094,14299000
2025-04-04,188.114654585681,189.69971879729744,177.67713102978792,180.23916625976562,22160100
2025-04-07,172.95185114762114,194.22565225005448,169.58233081295577,184.32644653320312,25600300
2025-04-08,192.391358935401,195.11288633557345,175.50390364079715,179.3917999267578,19097600
2025-04-09,181.1961907161622,212.14987934257846,179.71082230269167,210.176025390625,22178500
2025-04-10,200.75534065394663,201.87186163830444,188.45360675932938,195.60137939453125,18282500
2025-04-11,195.09294812624788,201.31359752312713,193.09915199780087,200.685546875,10156300
2025-04-14,205.9790729613912,206.1385803022612,198.15343229174005,200.984619140625,9843300
2025-04-15,202.041333339735,204.50367282999164,201.31360199589122,202.29055786132812,5097800
2025-04-16,192.56083546553202,196.14965940209316,187.94519251905822,193.7471466064453,13067200
2025-04-17,195.21258821714738,195.39202256902755,190.40753219736868,191.9327850341797,7067400
2025-04-21,188.31403321977635,188.80251873432928,183.82799205053539,187.2473602294922,9572700
2025-04-22,189.75955343923044,192.70039969925688,188.3738657323593,191.3047332763672,7242700
2025-04-23,200.95471529599104,202.45006240486057,197.46557204196208,198.29299926757812,11495800
2025-04-24,202.58962865332467,208.63082857292437,201.55284613365927,208.32179260253906,9696200
2025-04-25,206.5373344759374,212.62838228132657,205.85945109103542,211.31248474121094,7487400
2025-04-28,210.23582777901834,211.55174049789863,205.75975008771164,209.99656677246094,5804900
2025-04-29,208.68066646324434,211.59160688572018,207.8731814927079,209.63768005371094,4506200
2025-04-30,204.38404222100698,211.0831983257554,203.25754255821423,210.62461853027344,5974400
2025-05-01,214.26329582522965,215.85833882882238,211.45205116543283,211.64146423339844,6878200
2025-05-02,217.3138186240555,220.2347227062131,216.5661450616859,218.3505859375,6522200
2025-05-05,216.3567796133436,218.91881486827685,216.2271780009512,216.9349822998047,4536000
2025-05-06,212.98726471685072,216.76551688767694,212.1797797210131,214.92124938964844,5019400
2025-05-07,215.05084457742586,220.23471129906298,213.52559180610962,219.33750915527344,9068800
2025-05-08,222.15873776260625,224.1425551578066,219.41726810985972,221.2615203857422,5919200
2025-05-09,223.8335156437726,224.66094284212375,221.30140131589818,222.70701599121094,3495500
2025-05-12,235.98570664008844,237.92965478728328,233.32399068293594,236.67356872558594,9246900
2025-05-13,238.30847808302332,245.92477845474156,237.85987700999016,244.79827880859375,8665600
2025-05-14,246.8817920091362,248.66624800822134,244.83816320882005,247.2207489013672,7439600
2025-05-15,244.98769441016967,248.22761305445474,243.3228765014042,246.36341857910156,6446300
2025-05-16,246.7721453776789,246.8419355451596,243.36275575083653,245.65562438964844,3800100
2025-05-19,240.65118652431033,245.73537273443324,240.54152712883058,245.24688720703125,4196100
2025-05-20,243.1135176867126,244.84812573488207,242.1265983724331,244.77833557128906,3115200
2025-05-21,242.57520879880636,247.80892365768327,239.2754786263762,240.72097778320312,6392500
2025-05-22,240.28233758840025,242.8543364021903,239.57454848597334,240.06301879882812,5185500
2025-05-23,234.50032456370857,238.1190693609212,233.86231041874822,236.70347595214844,6577200
2025-05-27,241.73781065096986,244.92788132948968,239.91348541650615,244.21011352539062,8858900
2025-05-28,244.5291193572361,245.44627896194243,241.159614245648,241.60821533203125,10739500
2025-05-29,248.22761251903364,248.43696780094618,241.94715181059803,243.3228759765625,9120100
2025-05-30,242.4755027532797,242.4755027532797,234.6398836556624,239.0063018798828,11064700
2025-06-02,238.43807295471265,243.27303467623275,238.21876937396968,242.54530334472656,4719900
2025-06-03,242.72473843923208,248.39709090573376,241.59825396106962,248.0182647705078,7518700
2025-06-04,249.79275328833185,251.82641863030344,247.5896018906936,250.96908569335938,7258700
2025-06-05,252.95291091529063,255.2657064285966,248.9852458145123,250.52047729492188,8054100
2025-06-06,252.75352992458153,254.79717400996728,251.85632774634257,251.946044921875,5589700
2025-06-09,254.2089912607563,259.06387967716825,254.2089912607563,256.16290283203125,10841400
2025-06-10,257.55856639661573,261.8651732875188,256.6613642334062,261.257080078125,9763000
2025-06-11,262.78232327627563,264.08825724426777,258.88444838038373,261.0676574707031,12286000
2025-06-12,259.25329846415957,263.1810791243177,259.25329846415957,262.3337097167969,6781900
2025-06-13,256.7510705108053,259.7916276974745,255.25572349461444,256.19281005859375,11950200
2025-06-16,259.15361401004014,264.2278215405099,258.9741796587657,262.5630187988281,7497700
2025-06-17,261.6259339036176,264.7063453124686,260.54926694304123,260.778564453125,7284700
2025-06-18,261.9648647208566,264.0882624055083,260.180408717744,261.77545166015625,7367400
2025-06-20,264.0284566247524,264.19791225770257,256.4221195780357,259.462646484375,11439900
2025-06-23,259.04395773323904,261.84523874805996,256.3224151742909,261.1075439453125,10420100
2025-06-24,265.1050792415801,270.77743132543424,264.9156661867446,270.69769287109375,9035500
2025-06-25,272.3724749858838,274.4161037332928,271.60487447190707,274.3463439941406,8480000
2025-06-26,276.22049560570395,277.0878224559669,274.0971283352243,276.34014892578125,6789000
2025-06-27,277.3170897493707,279.6299005060358,274.78499062967853,277.5563659667969,8170900
2025-06-30,278.8323867689284,279.0915595650656,276.2404458471653,278.0149230957031,6375800
2025-07-01,275.9413580572771,277.1974592900273,271.3157670930492,274.9843444824219,8931300
2025-07-02,273.9675166157352,281.04549852497047,273.80800928443006,280.3775634765625,8713800
2025-07-03,281.9427280638259,284.3053716941677,281.4343002972759,282.740234375,4443000
2025-07-07,280.88600804059047,281.76328320392906,277.68594335301464,278.8922119140625,8616400
2025-07-08,280.73645253317255,283.8468000850294,279.8293020563269,282.6006774902344,8186500
2025-07-09,283.84680584862275,286.9471443244268,282.69040040642204,284.53466796875,6810700
2025-07-10,286.99699062209544,287.2960478641833,283.6773031203515,286.62811279296875,5635200
2025-07-11,285.581380525724,288.0437198823856,284.6642209499394,286.59820556640625,5677000
2025-07-14,285.4119076872179,285.6312264813905,280.8660548833804,284.4349670410156,7455800
2025-07-15,290.76527610277265,292.2905289468035,289.180181384917,289.89794921875,9892500
2025-07-16,287.6050806682936,288.6717688582333,282.25174313322583,288.3826599121094,10065900
2025-07-17,289.15026037161476,291.652484153068,287.086704578499,290.80511474609375,6998300
2025-07-18,292.00142600684444,292.4201061718469,288.4325137734161,289.40948486328125,5522100
2025-07-21,289.76836353659513,292.6194772971377,289.4991815980437,289.6088562011719,5910900
2025-07-22,288.8412420190242,288.94093791231654,281.24488346304116,284.48480224609375,11537500
2025-07-23,284.4150132002157,285.7807891401686,282.1121810437816,285.720947265625,8194600
2025-07-24,286.2991638504088,287.3758003975755,284.0362161466618,286.9072570800781,5902600
2025-07-25,285.34213473330783,287.1465177379114,284.1757506494519,286.59820556640625,4014900
2025-07-28,288.88112426079437,290.6655803415168,288.3926539371718,290.5060729980469,5671900
2025-07-29,292.64938090581944,295.80956102165567,290.57584640613186,291.9914245605469,6968700
2025-07-30,293.8456868205117,296.45755491377344,292.67930268470167,295.3410339355469,7930300
2025-07-31,293.78586612292935,294.0051849098148,285.16267369264,287.88421630859375,9928100
2025-08-01,282.03243137530455,286.04992930557245,278.3239694071408,283.0692138671875,14032200
2025-08-04,285.40195953380737,289.4094788588358,284.32529257173616,289.28985595703125,5323200
2025-08-05,289.83813529554783,290.4263015064209,283.3283921117915,286.2094421386719,6918300
2025-08-06,283.9464704089999,286.33905017024483,281.8928627714998,285.7309265136719,6124300
2025-08-07,291.92163657481717,293.7958097378304,287.72470438929076,290.2169494628906,8069400
2025-08-08,291.02443339237567,293.0082811514493,289.7484051361714,292.6194763183594,5121600
2025-08-11,293.5964407679444,296.168424231084,291.82196353849895,292.4898681640625,5799700
2025-08-12,294.3740209219143,299.3086478014163,292.2406445845415,299.1690979003906,7592800
2025-08-13,300.9037194877189,302.0401979271147,297.64387364609496,300.345458984375,8959700
2025-08-14,297.0756059015608,301.8607041630249,296.3578381200499,300.98345947265625,5827000
2025-08-15,298.4313935006902,298.4313935006902,293.02822296429304,294.73291015625,9026300
2025-08-18,294.00519367275,296.2681413508097,293.86561333924726,295.93914794921875,5577500
2025-08-19,295.939152750882,296.1983559899271,289.7284971133666,289.9677429199219,8191900
2025-08-20,289.10044218594834,289.10044218594834,280.2778881243114,288.06365966796875,10091000
2025-08-21,286.8873130100017,288.9708262358045,284.99321284317307,286.56829833984375,6067700
2025-08-22,286.7377895092313,295.44068997014807,285.65117429108926,292.7291564941406,5810400
2025-08-25,292.8388147194147,294.8724953468612,291.2138659607094,293.00830078125,4965000
2025-08-26,293.9054923433098,296.31796860340876,293.7559637194052,295.8294982910156,4967100
2025-08-27,294.9322808631466,297.1753013743914,293.4668395788835,296.7366638183594,5646200
2025-08-28,297.17530163172,299.84698098592816,295.0618827269609,297.952880859375,7194000
2025-08-29,294.6431988998613,294.6431988998613,288.20324571637053,289.3895568847656,13420900
2025-09-02,282.211870573541,285.7807826957629,280.86605209642283,285.59136962890625,11543700
2025-09-03,286.46861180016725,287.03685099563177,282.8997301329251,285.54150390625,7249600
2025-09-04,284.3551819549917,289.30976633941947,283.4180953808245,288.9608459472656,8079300
2025-09-05,294.1547258697624,294.23446433064976,288.3527717011895,292.3702697753906,9809600
2025-09-08,294.22449550002494,296.89617488553546,293.88552340189744,295.6001892089844,7223200
2025-09-09,296.2980337640814,297.06563429511533,294.19456310036543,296.8861999511719,6797000
2025-09-10,299.65757427721803,301.44203026391637,297.843212566627,299.8968200683594,10221400
2025-09-11,302.5984387201855,304.6121618030146,302.2295913140998,302.9872131347656,7312400
2025-09-12,304.11373245754913,304.64208723451054,302.1598206967185,303.37603759765625,5231900
2025-09-15,302.87757898382705,306.2770050538933,302.07009398081374,306.2171936035156,5390200
2025-09-16,307.47326643078316,307.71254265672326,304.62215253501654,306.2570495605469,4227600
2025-09-17,305.5492536715071,306.1972313222798,300.4351617848038,304.3031311035156,9647700
2025-09-18,312.57738106624697,317.63166163741187,311.6303461432343,315.9867858886719,16335600
2025-09-19,315.41854447782845,315.5282190858664,312.45775598161237,314.7306823730469,8381600
2025-09-22,315.2889315341914,322.13764661067665,315.01978001617334,321.170654296875,11618100
2025-09-23,322.1575805684194,324.3507380456365,319.0273060584967,320.7021179199219,9159000
2025-09-24,320.4030310755668,320.9612915565117,316.48522899299843,320.1139221191406,8632200
2025-09-25,315.30889414679046,321.0310792437538,312.62723594660264,320.0640869140625,9592900
2025-09-26,320.6423124735964,321.4198917576718,317.1531691999144,320.8217468261719,6886100
2025-09-29,323.6429359759998,325.8161663572115,321.4697055947882,321.65911865234375,5833600
2025-09-30,321.74883845525466,325.7065248423257,321.4298237848765,325.3476257324219,7459900
2025-10-01,323.2740930807438,333.0735873637934,323.10460702896984,332.6549072265625,9911800
2025-10-02,338.60640455415097,338.9453462496508,335.51601443023293,337.1907958984375,8092600
2025-10-03,338.3571626806191,339.72290810867474,334.1402730780761,335.6356201171875,7770000
2025-10-06,344.38838436646853,347.4488686151008,342.3148498535156,342.3148498535156,10263200
2025-10-07,345.21584504143493,345.59467117994006,335.51601575955146,336.0044860839844,9365700
2025-10-08,335.6854967105661,345.38529542191134,335.3764607439447,344.99652099609375,7841500
2025-10-09,344.9666025573525,346.02331203451604,341.33787912791274,344.13916015625,5565500
2025-10-10,344.8968223515825,345.415198389506,323.82238280194997,324.330810546875,18804500
2025-10-13,336.4331583794127,340.03194566752495,333.9608403108329,338.69610595703125,11760200
2025-10-14,332.0268775404862,338.00826611865807,329.22559632354233,332.46551513671875,7296700
2025-10-15,341.0388327962946,342.01577342553435,334.4692782242143,340.7198181152344,8283800
2025-10-16,345.0961997669742,346.013328905347,338.75591256195247,342.2350769042969,9047500
2025-10-17,340.16154929129493,343.8600324889448,337.09111672441674,341.76654052734375,8396300
2025-10-20,344.92672749029794,348.96415244927005,344.58778580189534,346.1429443359375,6436900
2025-10-21,345.9834321257124,346.02331656582015,342.09553584533745,344.2288818359375,4391800
2025-10-22,341.79644758237896,343.790243663493,331.3689025965685,337.5496826171875,8014200
2025-10-23,336.0044782828502,344.8370108967276,335.68549402570216,343.7304382324219,6422600
2025-10-24,349.49252084515825,351.8452161698542,348.73489898035405,350.0508117675781,5649300
2025-10-27,356.5605387082786,359.4814426914663,355.1050456516838,358.823486328125,6663400
2025-10-28,358.4944993429237,363.538831552039,357.34807265022624,361.983642578125,5086000
2025-10-29,367.93512656211686,371.6236615930155,364.6852595390911,367.4665832519531,8102600
2025-10-30,366.29025020718115,368.7127052134575,362.42228083162576,362.60174560546875,6932700
2025-10-31,365.74196320985106,367.2871430256133,359.3817487526101,361.8939208984375,4917900
2025-11-03,366.5494502515679,368.32392758211137,363.55875607045556,364.9643859863281,4470500
2025-11-04,356.8695806056175,360.6677598031026,350.7087274365522,351.665771484375,8269000
2025-11-05,352.0047155962881,363.15002874888336,351.62588946095127,358.3848571777344,8605400
2025-11-06,358.47457979243165,359.03284028784617,347.6283237279527,350.0009460449219,9600500
2025-11-07,345.4650755234893,347.09997258488073,335.63564445376073,347.0401611328125,14723200
2025-11-10,356.44088870794985,358.88330112085475,352.85208003507285,357.67706298828125,9180700
2025-11-11,354.1480436845172,354.9356016878335,348.65512551652654,349.9610595703125,7661200
2025-11-12,355.0950896055995,356.3711178640301,351.8451923002426,354.4271545410156,5870700
2025-11-13,350.5392700907441,351.78539266711374,340.1914633489045,343.7503967285156,10654800
2025-11-14,334.2001040797137,347.8277142795766,332.71473566928705,343.909912109375,12271200
2025-11-17,340.8793121249356,347.2594533820593,336.00446619366477,339.244384765625,6921300
2025-11-18,334.70852527188515,336.74220584258615,328.099086234293,332.25616455078125,12933100
2025-11-19,333.77144200671535,341.99585112422835,332.4256235210848,338.3870849609375,9842300
2025-11-20,347.7778290274125,348.69498859287853,322.685922873917,324.091552734375,14686700
2025-11-21,323.99187798059404,330.5913384428708,314.0727298547913,325.1183776855469,17298700
2025-11-24,327.97945102914935,339.51356850817825,327.8099649784019,338.06805419921875,10650900
2025-11-25,333.6917016768302,339.663111376386,326.334589057999,338.955322265625,12052700
2025-11-26,343.18214999419416,349.2133709621815,342.36468630055185,346.63140869140625,5533300
2025-11-28,348.08691742073904,351.47636482218815,346.6314243134146,351.187255859375,3352700
2025-12-01,347.7679062579651,353.90880216919373,346.9803482451042,351.8651428222656,3902000
2025-12-02,354.7461817971649,359.6708606621352,353.0514429209276,358.3150634765625,6657900
2025-12-03,358.58424912835983,363.44908617072286,355.12501159715794,363.23974609375,4642700
2025-12-04,362.1331868945121,363.23972910108995,358.48453646624057,360.47833251953125,3971800
2025-12-05,363.32946583512023,367.43668105837344,362.412336638058,363.28961181640625,3619200
2025-12-08,366.9581829244108,369.57005098073347,364.60548767678,367.4067687988281,4334300
2025-12-09,365.9014655549589,368.41363766649613,364.21670543152317,367.8553771972656,3173300
2025-12-10,367.7656717625895,374.42494358875547,365.79180262579257,372.9395751953125,5653300
2025-12-11,368.6329598149789,370.06849544121275,360.55807952314217,369.7395324707031,7499900
2025-12-12,365.8516189116177,366.4198581222396,351.78540151862677,353.02154541015625,12705900
2025-12-15,357.0191163097522,358.0858045629817,351.09753924668934,351.8053283691406,5605800
2025-12-16,350.4794497135967,353.2907094757784,347.22955238187257,350.8482971191406,5849200
2025-12-17,351.79536576026305,351.79536576026305,337.0113507136768,338.18768310546875,10780400
2025-12-18,349.75171194950224,350.9978345253212,344.75724293028736,346.1728515625,8260200
2025-12-19,349.2233502128212,357.4178533245038,349.2233502128212,355.125,8838700
2025-12-22,362.4100036621094,362.4800109863281,357.7699890136719,359.70001220703125,4799500
2025-12-23,358.6000061035156,363.29998779296875,358.05999755859375,363.1600036621094,3542100
2025-12-24,362.70001220703125,364.5400085449219,362.1499938964844,364.1700134277344,1640500
2025-12-26,366.07000732421875,367.3500061035156,364.489990234375,365.8599853515625,2921300
2025-12-29,362.6600036621094,365.82000732421875,360.82000732421875,364.2099914550781,4874400
2025-12-30,365.1600036621094,366.239990234375,363.07000732421875,363.30999755859375,2927000
2025-12-31,364.8299865722656,365.57000732421875,360.07000732421875,360.1300048828125,2687300
2026-01-02,368.95001220703125,376.3399963378906,368.8399963378906,373.29998779296875,8972400
2026-01-05,381.7200012207031,383.989990234375,376.94000244140625,377.5899963378906,9071300
2026-01-06,382.3999938964844,389.3699951171875,382.1400146484375,387.6199951171875,10201200
2026-01-07,385.20001220703125,387.80999755859375,383.5899963378906,385.0199890136719,6058900
2026-01-08,384.55999755859375,384.739990234375,375.8599853515625,378.9800109863281,5724000
2026-01-09,382.2799987792969,390.8800048828125,380.0799865722656,389.2200012207031,6490800
2026-01-12,385.6700134277344,391.9800109863281,385.6700134277344,390.6600036621094,5532000
2026-01-13,392.2699890136719,396.1000061035156,390.3800048828125,391.5299987792969,5281600
2026-01-14,388.9599914550781,389.3399963378906,383.80999755859375,388.3500061035156,6696500
2026-01-15,401.07000732421875,403.6199951171875,396.1199951171875,396.4100036621094,9948100
2026-01-16,402.8500061035156,405.30999755859375,398.4200134277344,400.3900146484375,5485900
2026-01-20,393.1600036621094,397.1600036621094,389.42999267578125,390.3900146484375,7158500
2026-01-21,394.75,405.8800048828125,393.3699951171875,401.92999267578125,8754600
2026-01-22,408.17999267578125,408.7300109863281,401.57000732421875,402.82000732421875,5462600
2026-01-23,400.5,403.0899963378906,397.5299987792969,400.0899963378906,5869500
2026-01-26,398.3999938964844,400.739990234375,396.2200012207031,398.82000732421875,4326900
2026-01-27,403.8999938964844,409.3900146484375,402.2099914550781,407.25,6145600
2026-01-28,415.3399963378906,418.489990234375,413.1300048828125,416.6300048828125,7641900
2026-01-29,417.44000244140625,420.6000061035156,403.1700134277344,417.5199890136719,9352500
2026-01-30,411.2799987792969,416.6400146484375,400.5799865722656,403.4599914550781,9029000
2026-02-02,398.8599853515625,412.0400085449219,398.42999267578125,407.9700012207031,5946300
2026-02-03,411.0299987792969,412.5799865722656,390.5199890136719,397.67999267578125,12188600
2026-02-04,394.6700134277344,396.7099914550781,374.239990234375,382.0199890136719,16908500
2026-02-05,379.1400146484375,388.0799865722656,375.55999755859375,381.07000732421875,12007800
2026-02-06,389.20001220703125,403.0799865722656,387.19000244140625,401.6499938964844,13460300
2026-02-09,398.9100036621094,409.69000244140625,397.0,406.6499938964844,5915200
2026-02-10,408.17999267578125,408.79998779296875,401.8299865722656,404.760009765625,5645300
2026-02-11,413.8399963378906,418.0799865722656,406.3599853515625,414.7799987792969,6211200
2026-02-12,418.3299865722656,420.0400085449219,405.2799987792969,406.1099853515625,7379100
2026-02-13,408.1499938964844,412.07000732421875,402.489990234375,407.7200012207031,6481600
2026-02-17,402.7099914550781,410.8699951171875,397.7699890136719,407.510009765625,7312700
2026-02-18,411.44000244140625,417.0400085449219,408.7200012207031,412.54998779296875,5839900
2026-02-19,408.7099914550781,411.0,405.55999755859375,410.20001220703125,4056400
2026-02-20,407.6600036621094,416.8299865722656,407.17999267578125,415.0299987792969,5715800
2026-02-23,413.57000732421875,417.70001220703125,409.2799987792969,412.8800048828125,5842800
2026-02-24,417.2200012207031,421.6700134277344,411.6700134277344,419.1600036621094,7828900
2026-02-25,424.3500061035156,427.94000244140625,423.67999267578125,426.1600036621094,7714500
2026-02-26,423.7200012207031,423.7200012207031,405.55999755859375,412.010009765625,14811300
2026-02-27,403.260009765625,409.239990234375,401.8800048828125,406.3699951171875,9049100
2026-03-02,397.25,407.3599853515625,396.9200134277344,406.3900146484375,11490200
2026-03-03,391.3599853515625,394.5400085449219,385.92999267578125,391.05999755859375,13768900
2026-03-04,396.25,401.2300109863281,393.1000061035156,399.1000061035156,8767200
2026-03-05,396.05999755859375,401.1099853515625,386.75,395.3500061035156,11793700
2026-03-06,384.9700012207031,392.6700134277344,378.5299987792969,380.55999755859375,12423200
2026-03-09,375.760009765625,395.3599853515625,374.1600036621094,394.3699951171875,16338100
2026-03-10,394.0,403.8800048828125,394.0,397.3299865722656,13687700
2026-03-11,400.010009765625,404.3900146484375,398.69000244140625,401.0299987792969,6024900
2026-03-12,395.4599914550781,396.05999755859375,386.739990234375,388.1300048828125,9845200
2026-03-13,392.32000732421875,396.3299865722656,386.07000732421875,387.3299865722656,7636100
2026-03-16,395.1400146484375,399.4800109863281,392.6400146484375,393.9200134277344,10317600
2026-03-17,397.1600036621094,397.6099853515625,393.2200012207031,396.8800048828125,6646300
2026-03-18,396.9599914550781,399.69000244140625,393.4700012207031,393.6700134277344,8372400
2026-03-19,384.0,397.5299987792969,381.44000244140625,394.9200134277344,12674800
2026-03-20,394.1099853515625,395.7300109863281,380.8699951171875,384.739990234375,12846800
2026-03-23,393.3599853515625,399.2799987792969,389.44000244140625,391.3599853515625,12742300
2026-03-24,388.0299987792969,396.8800048828125,387.6199951171875,394.5899963378906,6177200
2026-03-25,398.3599853515625,402.5,395.739990234375,399.0199890136719,7388700
2026-03-26,391.9200134277344,392.67999267578125,380.29998779296875,380.8399963378906,14806200
2026-03-27,377.7900085449219,381.30999755859375,373.010009765625,374.25,11811400
2026-03-30,377.6199951171875,379.239990234375,359.8599853515625,362.5299987792969,12198200
2026-03-31,368.739990234375,383.5,368.1000061035156,383.3999938964844,13834900
2026-04-01,388.260009765625,396.6300048828125,386.3800048828125,391.9700012207031,10805400
2026-04-02,378.07000732421875,393.5,378.0,392.32000732421875,8505800
2026-04-06,393.75,397.1000061035156,391.8999938964844,395.9800109863281,4186100
2026-04-07,394.7099914550781,400.0899963378906,389.6400146484375,399.8999938964844,6672500
2026-04-08,423.1600036621094,424.989990234375,414.989990234375,422.9200134277344,10184300
2026-04-09,423.1700134277344,430.6499938964844,422.6300048828125,430.30999755859375,6018200
2026-04-10,434.45001220703125,441.5400085449219,434.45001220703125,436.8800048828125,11224200
2026-04-13,434.75,443.6400146484375,433.6000061035156,443.3399963378906,6549800
2026-04-14,448.0,452.1000061035156,444.239990234375,452.0,6932400
2026-04-15,450.70001220703125,453.3299865722656,435.1499938964844,453.0,9155700
2026-04-16,450.7300109863281,457.0899963378906,447.7699890136719,454.79998779296875,6450700
2026-04-17,462.79998779296875,464.5799865722656,459.5,464.1600036621094,7184600
2026-04-20,464.6400146484375,465.739990234375,458.6499938964844,463.9599914550781,3935100
2026-04-21,466.2900085449219,468.42999267578125,462.239990234375,464.6600036621094,5598600
2026-04-22,471.04998779296875,477.4200134277344,467.1700134277344,476.8299865722656,7835200
2026-04-23,480.3999938964844,488.0799865722656,475.19000244140625,481.8500061035156,10619700
2026-04-24,499.510009765625,509.5899963378906,495.4599914550781,506.44000244140625,12614300
2026-04-27,509.19000244140625,510.1000061035156,497.75,506.260009765625,9040200
2026-04-28,488.19000244140625,496.6600036621094,483.2900085449219,491.2099914550781,12664800
2026-04-29,496.3500061035156,499.5799865722656,492.3399963378906,499.5799865722656,6007900
2026-04-30,504.7099914550781,507.7900085449219,495.0199890136719,506.7200012207031,8401600
2026-05-01,504.2099914550781,511.989990234375,502.25,509.82000732421875,5308300
2026-05-04,512.469970703125,513.1500244140625,501.1499938964844,506.7900085449219,6867500
2026-05-05,515.3800048828125,526.2000122070312,514.1199951171875,522.6900024414062,8624600
2026-05-06,537.77001953125,549.8800048828125,532.3499755859375,549.760009765625,15262900
2026-05-07,545.77001953125,549.7000122070312,535.9199829101562,540.0999755859375,10905200
2026-05-08,551.5800170898438,566.7899780273438,549.0,566.5399780273438,8553700
2026-05-11,570.260009765625,578.0599975585938,566.7999877929688,576.3099975585938,12680900
2026-05-12,565.010009765625,570.4000244140625,542.6699829101562,561.25,17720800
2026-05-13,571.7999877929688,576.2000122070312,560.1199951171875,572.4600219726562,9586700
2026-05-14,570.8400268554688,581.1699829101562,567.75,578.3400268554688,8458700
2026-05-15,560.3099975585938,565.8800048828125,552.9099731445312,556.3400268554688,13009600
2026-05-18,565.47998046875,567.2100219726562,536.8699951171875,546.1599731445312,12317500
2026-05-19,534.9400024414062,553.3400268554688,527.8699951171875,543.9600219726562,11905800
2026-05-20,552.75,564.719970703125,551.6500244140625,564.6599731445312,8892200
2026-05-21,561.02001953125,570.5999755859375,557.6199951171875,567.8800048828125,8293800
2026-05-22,574.27001953125,582.5,572.8599853515625,576.3200073242188,7535000
2026-05-26,591.5800170898438,603.969970703125,589.0999755859375,602.1400146484375,10008500
2026-05-27,611.9400024414062,612.2999877929688,584.9299926757812,595.5,11209000
2026-05-28,595.8099975585938,604.739990234375,587.3099975585938,599.8300170898438,7625000
2026-05-29,606.030029296875,611.7899780273438,597.1199951171875,598.9299926757812,7596100
2026-06-01,596.0999755859375,613.4299926757812,593.0900268554688,607.8099975585938,8649000
2026-06-02,619.5999755859375,632.5700073242188,614.469970703125,632.2100219726562,8083500
2026-06-03,640.7999877929688,642.77001953125,623.9099731445312,637.9000244140625,10179900
2026-06-04,613.0,634.780029296875,604.6099853515625,627.530029296875,10462900
2026-06-05,605.0900268554688,607.0,569.6900024414062,569.6900024414062,22038000
2026-06-08,597.2100219726562,606.2000122070312,588.5399780273438,598.1599731445312,13823900
2026-06-09,609.47998046875,613.6900024414062,554.6599731445312,591.010009765625,20329700
2026-06-10,580.760009765625,598.72998046875,568.2899780273438,570.9099731445312,12711400
2026-06-11,582.6099853515625,611.6199951171875,581.6099853515625,609.4500122070312,12196800
2026-06-12,607.9500122070312,624.6199951171875,602.2100219726562,619.9600219726562,8963300
2026-06-15,643.5,649.239990234375,639.25,647.0999755859375,9613900
2026-06-16,643.52001953125,648.3099975585938,616.0,616.0,10949600
2026-06-17,633.4600219726562,643.5,623.1300048828125,623.969970703125,10658800
2026-06-18,648.5499877929688,663.7999877929688,648.1500244140625,659.8800048828125,11229700
2026-06-22,670.3499755859375,671.8300170898438,660.02001953125,668.9099731445312,8043000
2026-06-23,625.9299926757812,636.8800048828125,617.27001953125,622.0499877929688,19126000
2026-06-24,622.280029296875,625.22998046875,606.22998046875,618.9199829101562,11902000
2026-06-25,649.3699951171875,650.030029296875,613.9299926757812,636.8800048828125,14877600
2026-06-26,616.7899780273438,621.7100219726562,609.0,611.6099853515625,12728300
2026-06-29,615.030029296875,633.260009765625,596.1699829101562,631.97998046875,10473900
2026-06-30,636.0700073242188,659.739990234375,634.5999755859375,655.8900146484375,9406900
2026-07-01,634.3499755859375,639.8900146484375,618.6199951171875,620.4600219726562,13424700
2026-07-02,622.5800170898438,627.7000122070312,582.5999755859375,592.2899780273438,21288600
2026-07-06,607.0499877929688,618.2100219726562,604.0499877929688,604.2999877929688,9820700
2026-07-07,580.02001953125,585.969970703125,566.8300170898438,581.4500122070312,14619200
2026-07-08,575.3300170898438,595.0,575.0399780273438,593.0,9521300
2026-07-09,615.47998046875,618.1699829101562,604.7000122070312,607.72998046875,9045100
2026-07-10,600.8699951171875,615.0499877929688,595.8400268554688,611.030029296875,6608400
2026-07-13,598.010009765625,599.3599853515625,583.0900268554688,585.6199951171875,8736500
2026-07-14,608.9000244140625,608.9000244140625,590.3800048828125,600.3099975585938,7581100
2026-07-15,606.8800048828125,606.8800048828125,573.719970703125,590.77001953125,11020800
2026-07-16,575.75,581.8400268554688,564.4500122070312,568.9199829101562,12353300
2026-07-17,547.9400024414062,567.4099731445312,536.8099975585938,556.530029296875,22083900
2026-07-20,568.780029296875,572.77001953125,557.239990234375,558.8300170898438,6962600
2026-07-21,580.9600219726562,586.0,572.0499877929688,584.0800170898438,7116400
