Date,Open,High,Low,Close,Volume
2001-07-13,19.789289092482562,20.14237623830361,19.318506231387833,19.885087966918945,603300
2001-07-16,19.529276891749053,19.58401981551466,18.732778549194336,18.732778549194336,180000
2001-07-17,18.598660800300884,19.501907348632812,18.584975460109202,19.501907348632812,287100
2001-07-18,18.913428492561536,19.053021156427647,18.694459915161133,18.694459915161133,301800
2001-07-19,19.81667304777528,19.89878664755482,19.48822021484375,19.48822021484375,405000
2001-07-20,19.091337682680454,19.40610515296454,19.091337682680454,19.392419815063477,360000
2001-07-23,19.501900997776563,19.501900997776563,18.803937911987305,18.803937911987305,195300
2001-07-24,18.69446579232109,18.69446579232109,18.283899189074837,18.297584533691406,150300
2001-07-25,18.22915384473558,18.571292084277253,17.969127655029297,17.969127655029297,179100
2001-07-26,18.762882113240483,19.830353974293498,18.694453867618925,19.638757705688477,281700
2001-07-27,19.844043330987855,20.30935107344933,19.844043330987855,20.09311866760254,121500
2001-07-30,20.197131236448318,20.40241445410573,20.060276280072262,20.22723960876465,7800
2001-07-31,20.637806044079475,20.637806044079475,20.22723960876465,20.22723960876465,152100
2001-08-01,21.007315692062896,21.541053331143416,21.007315692062896,21.281028747558594,28500
2001-08-02,21.814755107956884,21.883181775178763,21.664213307696713,21.691585540771484,64800
2001-08-03,21.691592121281303,21.691592121281303,21.281025728653727,21.417879104614258,9600
2001-08-06,20.952569642513396,21.11679681256473,20.911513633093747,21.034683227539062,21900
2001-08-07,20.69255146181708,20.708972930908203,20.52832424141105,20.708972930908203,18600
2001-08-08,20.621385499226086,20.95257606848482,20.473581314086914,20.473581314086914,18900
2001-08-09,19.707186669418494,19.9124698638916,19.707186669418494,19.9124698638916,3000
2001-08-10,19.87141541924317,19.980898127667643,19.87141541924317,19.953527450561523,12600
2001-08-13,20.39146423884707,20.473577835103065,20.281981532087855,20.43252182006836,24300
2001-08-14,20.583065256579786,20.583065256579786,20.514636993408203,20.514636993408203,4200
2001-08-15,20.186171261973218,20.186171261973218,19.7126522064209,19.7126522064209,6300
2001-08-16,19.15976415938868,19.460847854614258,18.96816786471519,19.460847854614258,13500
2001-08-17,19.15976934780243,19.15976934780243,18.776575088500977,18.776575088500977,1500
2001-08-20,18.886048860083477,19.009218430716373,18.76287928945058,18.981847763061523,32700
2001-08-21,18.968180176104777,18.968180176104777,18.502870559692383,18.502870559692383,4200
2001-08-22,18.66434602363492,19.07765007019043,18.47548587721918,19.07765007019043,8400
2001-08-23,19.189873501235954,19.430738883775934,19.1406044074402,19.173450469970703,3000
2001-08-24,19.507373521144643,20.104063829852215,19.43347302632895,20.00005340576172,1200
2001-08-27,20.117750476052013,20.63506337059996,20.117750476052013,20.446203231811523,12300
2001-08-28,20.076696942410578,20.158808966827188,19.967212677001953,19.967212677001953,3000
2001-08-29,20.063017416342465,20.063017416342465,19.269256591796875,19.269256591796875,900
2001-08-30,18.516541257817856,18.749195098876953,18.475485250402592,18.749195098876953,3600
2001-08-31,18.612342299049903,19.017433262826213,18.612342299049903,18.84225845336914,6000
2001-09-04,18.776571251623494,19.014700529604056,18.338632583618164,18.338632583618164,3300
2001-09-05,18.267469392527342,18.267469392527342,17.68172657296842,17.70909881591797,22500
2001-09-06,17.517495602018258,17.79120857536256,16.805848762542553,16.887962341308594,792000
2001-09-07,16.737419889756595,17.429909113011167,16.737419889756595,17.011131286621094,9900
2001-09-10,16.926284570420922,17.172625363717078,16.926284570420922,16.994712829589844,3900
2001-09-17,15.601522135289056,16.08872670719161,15.437294960021973,15.437294960021973,24600
2001-09-18,15.39623166930289,15.524876594543457,15.193684706754816,15.524876594543457,1200
2001-09-19,14.060526917137805,14.219280242919922,13.056008016386963,14.219280242919922,40200
2001-09-20,13.589748152174723,14.014001485506391,13.302352905273438,13.302352905273438,51000
2001-09-21,12.426475452935966,13.22023752512996,12.426475452935966,12.659130096435547,11400
2001-09-24,13.4118327164027,13.91819953918457,13.4118327164027,13.91819953918457,28500
2001-09-25,14.150853047976852,14.150853047976852,13.548688888549805,13.548688888549805,12900
2001-09-26,13.877141409353202,13.877141409353202,13.138122340914034,13.16549301147461,9600
2001-09-27,12.59070225062404,12.768614768981934,12.286883218770505,12.768614768981934,3600
2001-09-28,13.069689338527898,13.27497319613634,12.837034821966853,13.124430656433105,14400
2001-10-01,12.919157319160199,12.919157319160199,12.686503410339355,12.686503410339355,5100
2001-10-02,12.93283681171885,12.93283681171885,12.453843116760254,12.453843116760254,12900
2001-10-03,12.31699296102271,13.781346150961193,12.289622283203542,13.644491195678711,12900
2001-10-04,13.959259301443907,14.763969167642333,13.658177133666983,14.438252449035645,22800
2001-10-05,14.232966687110277,14.616162389831693,13.65817469921459,14.525838851928711,23700
2001-10-08,14.232967152875215,15.245699357288457,14.205596477838407,15.108842849731445,49200
2001-10-09,14.753016134744463,14.753016134744463,14.383505838175795,14.42456340789795,22200
2001-10-10,14.397189427873329,15.245694160461426,14.30139209789911,15.245694160461426,28200
2001-10-11,15.81775307979243,16.649835039066893,15.81775307979243,16.597829818725586,62100
2001-10-12,16.2036833310137,16.43633714738198,15.820487704393383,16.313167572021484,26400
2001-10-15,16.19000549443311,16.19000549443311,15.864288747725556,15.971036911010742,7800
2001-10-16,16.23105128540456,16.46370506286621,16.012082840007025,16.46370506286621,6600
2001-10-17,16.874277689173297,16.915335267122757,15.793120384216309,15.793120384216309,15000
2001-10-18,15.39623811749213,15.505722373026318,15.026727776197786,15.2183256149292,13200
2001-10-19,14.903558517950122,15.338759422302246,14.903558517950122,15.338759422302246,6900
2001-10-22,15.204644653733276,16.094205856323242,15.204644653733276,16.094205856323242,23100
2001-10-23,16.258423994096756,16.493815494047027,15.987450313068011,16.02577018737793,4500
2001-10-24,16.477396223006107,16.666256360237053,16.400756464201113,16.529399871826172,16800
2001-10-25,16.176317605292535,17.243789672851562,15.971034394901446,17.243789672851562,10200
2001-10-26,17.35327437798625,17.394330394608748,17.07956290194298,17.309480667114258,22500
2001-10-29,16.76479340968646,16.76479340968646,16.35422706604004,16.35422706604004,7500
2001-10-30,15.752076657904242,15.752076657904242,15.336036088017375,15.368882179260254,16800
2001-10-31,15.960078758492203,16.460970091356593,15.935445785522461,15.935445785522461,8100
2001-11-01,16.244749562126962,16.953662230958933,16.244749562126962,16.915342330932617,3612900
2001-11-02,17.230099230483315,17.241048437779565,16.83595439298267,17.079557418823242,2115300
2001-11-05,17.695408311116392,17.761098861694336,17.59960939575027,17.761098861694336,2100
2001-11-06,17.40801221125812,18.2975715075514,17.40801221125812,18.256515502929688,13500
2001-11-07,18.114182324192292,18.5877029797925,18.081337838948553,18.387893676757812,144000
2001-11-08,18.61234142624291,19.028380013007407,17.873320775768597,17.88974380493164,627300
2001-11-09,18.070398940497764,18.229152335984807,17.86237800594976,18.03481674194336,207900
2001-11-12,17.681718021451477,18.48916512494108,17.65434735792595,18.385154724121094,76800
2001-11-13,19.07764753193101,19.269245346583293,18.864152868923785,19.200817108154297,18900
2001-11-14,19.707185785821142,19.707185785821142,18.858682371025775,19.296619415283203,60900
2001-11-15,19.20081944204193,19.365045041572795,18.927108021242056,19.10502052307129,200400
2001-11-16,19.2281938162792,19.269249829175752,18.886054110728626,19.03659439086914,24600
2001-11-19,19.233663809314574,19.250086839015836,18.68076871632019,18.957216262817383,24300
2001-11-20,18.708133184925625,18.749189179378682,17.881526947021484,17.881526947021484,29100
2001-11-21,17.804890247483577,18.105972290039062,17.665297649878887,18.105972290039062,42300
2001-11-23,18.105978813300926,18.45085467480126,18.105978813300926,18.407062530517578,13200
2001-11-26,18.66708440927117,19.159762797976054,18.66708440927117,19.148815155029297,9300
2001-11-27,18.72182404849522,19.622334161639753,18.60412984971533,19.167972564697266,43500
2001-11-28,18.89973255427088,18.89973255427088,18.31399154663086,18.31399154663086,18600
2001-11-29,18.42074310842427,18.84225867323875,18.242832169359858,18.81488800048828,19200
2001-11-30,18.584976960591213,18.647929843792877,18.344111508160143,18.568553924560547,50400
2001-12-03,18.366001458273782,18.593181483944278,18.24283186675341,18.3249454498291,10500
2001-12-04,18.626033023507205,19.228199005126953,18.626033023507205,19.228199005126953,14400
2001-12-05,19.77561303287837,20.91151481879857,19.77561303287837,20.76097297668457,33000
2001-12-06,20.624120712280273,20.88688298038388,20.407888283620018,20.624120712280273,28500
2001-12-07,20.473564977101756,20.473564977101756,19.70717554779629,19.885087966918945,19200
2001-12-10,19.816671334649605,19.816671334649605,19.425265663229375,19.460847854614258,132000
2001-12-11,19.81667126426949,20.063010475250877,19.65518177350559,19.668867111206055,30600
2001-12-12,19.885096760052434,19.961734953779374,19.501901092858862,19.611385345458984,4800
2001-12-13,19.36504810223926,19.36504810223926,18.683507919311523,18.683507919311523,36600
2001-12-14,18.81763032771518,19.203562233558685,18.680773797891845,19.06670570373535,75900
2001-12-17,19.33220453188128,19.584019153555445,19.293886209345924,19.48822021484375,31500
2001-12-18,19.6770760196977,19.6770760196977,19.47453054267126,19.638757705688477,45000
2001-12-19,18.8860522413982,19.137866814228108,18.626026153564453,18.626026153564453,519600
2001-12-20,18.338627462108697,18.42074103731414,17.676248172140134,17.684459686279297,62400
2001-12-21,18.064918960574467,18.1306095123291,17.95543470765007,18.1306095123291,24900
2001-12-24,18.092289737316367,18.092289737316367,17.996492385864258,17.996492385864258,4500
2001-12-26,18.363263961492393,18.508331971829197,18.09776561823426,18.2154598236084,34200
2001-12-27,18.341373135570176,18.53844642828095,18.341373135570176,18.49738883972168,103800
2001-12-28,18.721827109973088,18.853208231951484,18.530230815061145,18.653400421142578,132300
2001-12-31,18.667090083144704,18.667090083144704,18.147039296630364,18.2017822265625,23100
2002-01-02,18.58497461949816,18.940799713134766,18.44811965758462,18.940799713134766,207900
2002-01-03,19.29662150423301,20.451682541235762,19.29662150423301,20.391464233398438,251700
2002-01-04,20.77465375588106,20.799288297236547,19.953521171598236,20.320295333862305,111600
2002-01-07,20.528310888428614,20.528310888428614,19.816662673217365,19.874141693115234,24900
2002-01-08,19.83309955164216,20.251877574233497,19.69350687744505,19.92616081237793,79500
2002-01-09,20.254611960676336,20.55843024736008,19.816673278808594,19.816673278808594,19200
2002-01-10,19.73729823059216,19.833097174586307,19.562123376702687,19.59223175048828,32700
2002-01-11,19.92615732541912,19.92615732541912,19.43347885911515,19.48822021484375,43800
2002-01-14,19.433474195043843,19.44168414348341,19.09407066652546,19.107757568359375,52200
2002-01-15,19.337681626827795,19.337681626827795,18.888795229427462,19.15976905822754,765300
2002-01-16,18.598655739990047,18.740986058394586,18.349578857421875,18.349578857421875,1594800
2002-01-17,18.639714317467597,18.8176268334895,18.324946863221555,18.790254592895508,25200
2002-01-18,18.201775628238085,18.524753002863733,18.201775628238085,18.31125831604004,18000
2002-01-22,18.420746617286294,18.420746617286294,17.490129470825195,17.490129470825195,16500
2002-01-23,17.85964679583244,18.10872382049208,17.544879178939063,18.01018714904785,34500
2002-01-24,18.17440198016386,18.535700773389376,18.17440198016386,18.28936004638672,27900
2002-01-25,18.275683428998054,18.612349406443748,18.201782898451416,18.467281341552734,4500
2002-01-28,18.721823794393387,18.858680280190555,18.508330683627378,18.79298973083496,9300
2002-01-29,19.091328665333684,19.091328665333684,18.305778424594067,18.36052131652832,27300
2002-01-30,18.256514590608326,18.83130645751953,18.256514590608326,18.83130645751953,16800
2002-01-31,19.159768950639954,19.159768950639954,18.730043286349645,18.9791202545166,12600
2002-02-01,18.872368182304573,18.872368182304573,18.790254592895508,18.790254592895508,7200
2002-02-04,18.817632895153377,18.817632895153377,18.31126585838082,18.439910888671875,14400
2002-02-05,18.33862589982402,18.541172910233765,18.174400329589844,18.174400329589844,2700
2002-02-06,18.338628264326278,18.338628264326278,18.023862416944077,18.119661331176758,429900
2002-02-07,17.88700667753821,18.147032760229724,17.53118324279785,17.53118324279785,11400
2002-02-08,17.681725589122127,17.925328670843083,17.41348952615976,17.91438102722168,62100
2002-02-11,18.10597167690413,18.606863021850586,18.10597167690413,18.606863021850586,207000
2002-02-12,18.448129173165942,18.823112056197147,18.27842805579642,18.502870559692383,14700
2002-02-13,18.88057713925855,18.927106966208573,18.86141641682068,18.913421630859375,9900
2002-02-14,19.10775730557122,19.170710161921843,18.699927104423498,18.812149047851562,12900
2002-02-15,18.639706463165698,18.639706463165698,18.36052131652832,18.36052131652832,1800
2002-02-19,18.064919619704284,18.070393441003652,17.555816650390625,17.555816650390625,26400
2002-02-20,17.736468505788636,17.91438102722168,17.19452099186671,17.91438102722168,38700
2002-02-21,17.33685320717911,17.454549013563742,16.76479877633056,16.80585479736328,246300
2002-02-22,16.833220457641175,16.93175707139326,16.57045824255074,16.87701416015625,104400
2002-02-25,17.011136992893917,17.845955232250752,17.011136992893917,17.76384162902832,182100
2002-02-26,17.85964401359941,17.90070004002943,17.36149004188416,17.503820419311523,14700
2002-02-27,17.76383467976132,18.007437699754487,17.304000874265512,17.4244327545166,90300
2002-02-28,17.56676468898963,17.56676468898963,16.887962341308594,16.887962341308594,325500
2002-03-01,17.449065877281214,18.50285218320076,17.449065877281214,18.453584671020508,250200
2002-03-04,18.749191365642766,19.74823634235292,18.5877034955855,19.66612434387207,172800
2002-03-05,19.61138394523514,20.145119834326064,19.61138394523514,20.00005340576172,492600
2002-03-06,19.816667422810593,20.03563591594403,19.438945597515758,19.95899772644043,504600
2002-03-07,20.391464421114886,20.443471213188904,19.83035771302558,20.12870216369629,304200
2002-03-08,20.58305971514367,20.944356963277034,20.58305971514367,20.856769561767578,40500
2002-03-11,20.44619723863439,20.687062522255744,20.131429910855985,20.440723419189453,145800
2002-03-12,19.597703003156003,19.794774687938418,19.50190407172457,19.71539878845215,18900
2002-03-13,19.365045104349004,19.42799953009208,19.022908568066114,19.178922653198242,330000
2002-03-14,19.36505420225094,19.36505420225094,19.072185051775445,19.12692642211914,9600
2002-03-15,19.105020394762892,19.46084539603166,19.105020394762892,19.40884017944336,32400
2002-03-18,19.87141154814095,20.063007816745973,19.597700131841023,19.638757705688477,45300
2002-03-19,19.745509339287693,19.964477902121082,19.693504109841427,19.761932373046875,42900
2002-03-20,19.28567221278511,19.36504654191009,19.08038902282715,19.08038902282715,22500
2002-03-21,19.159767022269378,19.57033348083496,18.990067555874962,19.57033348083496,217500
2002-03-22,19.515580141902365,19.611379027840062,19.351354598999023,19.351354598999023,20100
2002-03-25,19.406104213057375,19.54295915162618,18.82309913635254,18.82309913635254,27000
2002-03-26,18.858688758132534,19.34863118810373,18.73551911849304,19.11871337890625,27900
2002-03-27,19.21450571126904,19.28019626750879,18.987325675166623,19.148815155029297,310200
2002-03-28,19.55665574674156,19.707196097151872,19.49643898010254,19.49643898010254,481500
2002-04-01,19.269249070133966,20.11501637169086,19.269249070133966,19.98089599609375,128100
2002-04-02,19.76192759868549,19.76192759868549,19.39515495300293,19.39515495300293,21300
2002-04-03,19.337678252420176,19.351365157466926,18.825839061356287,18.98459243774414,237000
2002-04-04,19.200823729037,19.200823729037,18.845000212119636,19.050283432006836,468000
2002-04-05,18.96815928265207,18.98184461420927,18.83130283470847,18.89151954650879,4500
2002-04-08,18.264726104359557,18.913420028845735,18.13334345052597,18.83130645751953,33600
2002-04-09,18.762886036542174,18.762886036542174,18.35231960933638,18.407062530517578,36900
2002-04-10,18.448117986054342,18.53023158223708,17.944488764766398,18.475488662719727,92700
2002-04-11,18.229143426773717,18.470008747580895,17.993751926256554,18.105972290039062,24000
2002-04-12,18.22915290843513,18.256523590307758,17.903436155878087,18.2017822265625,42300
2002-04-15,18.475489895978342,18.612346420813747,18.229150657173303,18.59865951538086,28500
2002-04-16,19.43348322038332,19.696245545697742,19.39516332306155,19.614131927490234,46500
2002-04-17,19.95352392936164,20.273766746499046,19.78108681459916,20.041112899780273,1386600
2002-04-18,19.638759874104068,19.77561324808526,19.159763668051053,19.441686630249023,34800
2002-04-19,19.570316219784008,19.693487301665982,19.13237946789145,19.187122344970703,37500
2002-04-22,18.913422177380472,18.913422177380472,18.694453673093527,18.844995498657227,471300
2002-04-23,18.92711109244491,19.118708961475768,18.40432427691509,18.475488662719727,67800
2002-04-24,18.639716865571014,18.694458221869393,17.8459546697512,17.87332534790039,41400
2002-04-25,17.845954118594,18.05123733074625,17.613300229137877,18.023866653442383,251400
2002-04-26,18.201779032134386,18.229149709203437,17.22463051214055,17.243789672851562,239400
2002-04-29,17.36695511514965,17.75836228122382,17.128827462699718,17.284841537475586,209400
2002-04-30,17.339586646231446,18.023864458815254,17.339586646231446,17.654354095458984,93300
2002-05-01,17.59961540415099,17.92259601248898,17.12609605285165,17.720048904418945,27900
2002-05-02,17.70910040523732,17.996497235600902,16.961869586004035,16.997451782226562,89400
2002-05-03,16.764798100656883,16.764798100656883,16.135261506886472,16.296751022338867,99300
2002-05-06,16.491086121998727,16.641628001968385,15.935454711977963,15.971036911010742,21300
2002-05-07,16.025774541442345,16.12704729191587,15.560466801584601,15.875232696533203,542700
2002-05-08,17.02482071863855,17.826792814213803,16.929021784990827,17.736469268798828,215100
2002-05-09,17.681726030504816,17.74741659243254,17.16167535703035,17.454545974731445,46800
2002-05-10,17.284839122481998,17.284839122481998,16.346012412914483,16.4719181060791,72900
2002-05-13,16.737424406146808,17.350536346435547,16.69636682413584,17.350536346435547,37800
2002-05-14,18.35231662208524,18.502856890003134,18.06765598417651,18.46453857421875,107700
2002-05-15,18.06491473373373,18.927103219551196,17.917110635322526,18.31399154663086,87300
2002-05-16,18.338628475964246,18.582231521606445,18.092289302915177,18.582231521606445,42600
2002-05-17,18.83131055468726,18.84225976413318,18.33863058572274,18.59592056274414,40800
2002-05-20,18.420752689753034,18.4481249429272,18.201785627669878,18.36327362060547,17700
2002-05-21,18.420748825263278,18.502862435184824,17.706364021175567,17.859642028808594,45000
2002-05-22,17.6543540328016,17.928063903914556,17.366957258565222,17.418962478637695,147000
2002-05-23,17.791207007894485,17.791207007894485,17.243784241808246,17.788469314575195,41700
2002-05-24,17.161666870117188,17.26841495932648,17.065867985574435,17.161666870117188,49500
2002-05-28,17.243786724286004,17.243786724286004,16.88796328467182,17.093246459960938,16200
2002-05-29,16.69636920777491,16.762061348370924,16.532143554845376,16.575937271118164,38400
2002-05-30,16.203685554196035,16.518452986053493,15.97103170590712,16.392545700073242,57300
2002-05-31,16.60057159204174,16.80585482997734,16.35423233299375,16.367916107177734,375600
2002-06-03,16.176317224952744,16.176317224952744,15.533096931833905,15.574152946472168,80700
2002-06-04,15.519408933231038,16.09420249476,15.437295343557407,15.913552284240723,65400
2002-06-05,16.06682694110986,16.06682694110986,15.601517785054767,16.009347915649414,40500
2002-06-06,15.549518873206608,15.615209438347424,15.300441951274358,15.434560775756836,91500
2002-06-07,14.451936886494138,14.958302192810454,14.232966793174114,14.955564498901367,100800
2002-06-10,14.91724099108638,15.119786416666008,14.772173021921237,14.802281379699707,359100
2002-06-11,14.851553249458844,14.887135437410072,14.164539337158203,14.164539337158203,324900
2002-06-12,14.328767234915977,14.629849350203012,13.978416026558861,14.599740982055664,94800
2002-06-13,14.48204741648123,14.87345312983765,14.3260317302902,14.399933815002441,1902600
2002-06-14,13.68554537599266,14.50667803590477,13.630802467778267,14.369821548461914,42600
2002-06-17,14.739339733800394,15.23201833959141,14.739339733800394,15.095163345336914,53700
2002-06-18,15.081472437814993,15.519409510790375,14.91724681854248,14.91724681854248,68400
2002-06-19,14.383507222107577,14.5751050560828,13.890828867527052,13.91819953918457,352500
2002-06-20,14.164541778350557,14.164541778350557,13.206552401390834,13.302352905273438,125700
2002-06-21,13.2777167418664,13.447417741334942,12.87809878972943,12.941052436828613,125700
2002-06-24,12.96021210190831,13.589747031309072,12.782300363070672,13.521320343017578,62100
2002-06-25,13.617120362843643,13.617120362843643,12.713874588619383,12.782302856445312,76800
2002-06-26,12.15276547282628,12.782300404255412,12.15276547282628,12.730295181274414,26700
2002-06-27,13.274982003928853,13.450155277162237,12.932842275273407,13.329723358154297,240300
2002-06-28,13.357093361354103,13.715654538474531,13.097068026435934,13.11349105834961,105000
2002-07-01,13.220237144652168,13.316036066683543,12.522274017333984,12.522274017333984,75600
2002-07-02,12.316990894302949,12.412789816782176,11.961166660705763,12.067914009094238,51000
2002-07-03,11.83799806569788,12.494904458876075,11.83799806569788,12.481218338012695,70200
2002-07-05,13.138124732014631,13.507635116577148,13.083382597837454,13.507635116577148,39000
2002-07-08,13.53500713420714,13.53500713420714,13.001270294189453,13.001270294189453,16800
2002-07-09,12.809672794214489,12.823358132912018,12.535962104797363,12.535962104797363,29400
2002-07-10,12.686500130514885,12.689237041146844,12.067913691381298,12.15002727508545,36900
2002-07-11,11.920109003888028,12.760400772094727,11.807887066503815,12.760400772094727,107400
2002-07-12,12.86441496011997,13.124439528312658,12.667343263310364,13.009481430053711,114000
2002-07-15,12.700183182879229,13.138120101961695,12.51953381221122,13.04232120513916,63600
2002-07-16,13.466576841784395,13.90451389259067,13.13812405367969,13.310561180114746,239700
2002-07-17,14.109798264234964,14.109798264234964,13.080646108531301,13.370779037475586,317100
2002-07-18,13.321511199592962,13.493948336514357,13.004006818450167,13.069697380065918,61200
2002-07-19,12.795983909044594,13.18191648509798,12.618072195118025,12.700185775756836,149400
2002-07-22,12.727555795624927,12.913679797798107,12.316989479637025,12.412788391113281,150300
2002-07-23,12.385419975676639,12.53869874148879,11.769570350646973,11.769570350646973,245100
2002-07-24,11.386373518689524,12.264986038208008,11.386373518689524,12.264986038208008,103800
2002-07-25,11.81062514942875,11.81062514942875,10.652828175679666,11.10718822479248,259500
2002-07-26,11.140032278915276,11.164666820870078,10.606296399383787,10.852636337280273,89400
2002-07-29,11.24951769353313,11.640924881259405,11.057920640183289,11.605341911315918,77100
2002-07-30,11.643662359788395,12.024120357556582,11.446589909474827,11.920110702514648,69000
2002-07-31,11.654612772417126,11.673773501261447,11.216675630072121,11.331634521484375,72600
2002-08-01,11.249519521361215,11.4137459293846,10.707571983337402,10.707571983337402,51600
2002-08-02,10.674725710574458,10.674725710574458,10.119092102819835,10.26689624786377,153900
2002-08-05,10.264156929568715,10.2668938396997,9.609987639588697,9.686627388000488,80100
2002-08-06,10.058873214721679,10.526918493306729,10.045187098664755,10.264156341552734,76800
2002-08-07,10.852638795382225,10.852638795382225,9.990449209006767,10.480391502380371,217800
2002-08-08,10.294271360670407,10.94844025331126,10.168364023283061,10.869064331054688,54300
2002-08-09,10.565241626773085,10.885483685400688,10.485865731367564,10.8115816116333,78000
2002-08-12,10.483127221273667,10.592610685172906,10.442070432878262,10.551554679870605,104400
2002-08-13,10.565240093873749,10.89643053081878,10.171096801757812,10.171096801757812,30600
2002-08-14,10.140989600255566,10.825266619050293,10.020556130766694,10.792421340942383,85200
2002-08-15,10.989494270508557,11.156458374034221,10.702097466768949,11.016865730285645,109200
2002-08-16,10.921067203737806,11.865369680288975,10.907381081791277,11.701143264770508,243600
2002-08-19,11.701141801270893,12.385418838559753,11.684718770226468,12.251300811767578,129300
2002-08-20,12.043279049087873,12.043279049087873,11.673769515618389,11.728510856628418,124200
2002-08-21,12.084337423259285,12.314254374654839,11.788729131228928,12.221192359924316,66300
2002-08-22,12.221194994321937,12.541436335595009,12.056968565067363,12.289623260498047,170100
2002-08-23,11.879054333889389,12.007697756157508,11.495858628619036,11.561549186706543,120000
2002-08-26,11.495860582337551,11.665561611117537,11.224886788401347,11.575237274169922,73800
2002-08-27,11.61902705372093,11.61902705372093,10.975806875084347,11.057920455932617,135900
2002-08-28,10.688415758047649,10.912858185763891,10.433864168392667,10.485869407653809,70200
2002-08-29,10.264155831087397,10.677458974168971,10.151933913703836,10.521443367004395,136800
2002-08-30,10.302482277792437,10.633672072403481,10.302482277792437,10.401018142700195,150000
2002-09-03,10.192995821046603,10.192995821046603,9.826223876179158,9.880965232849121,83400
2002-09-04,9.85359349988217,10.03150602239089,9.566196709564972,9.935707092285156,157200
2002-09-05,9.74410662094067,9.74410662094067,9.492292872459823,9.514189720153809,143400
2002-09-06,10.099929202319402,10.14098598107498,9.993181890792064,10.075295448303223,120000
2002-09-09,9.79885252467979,10.069826315321396,9.703053583245955,10.045191764831543,93000
2002-09-10,10.072560028583608,10.453017166514918,10.04518779457347,10.275105476379395,99900
2002-09-11,10.729466928115553,10.729466928115553,10.431121752652427,10.442070960998535,166200
2002-09-12,10.058877821425554,10.11088226712381,9.776955604553223,9.776955604553223,131400
2002-09-13,9.66199959279676,9.859071339509851,9.552514505973756,9.634627342224121,169200
2002-09-16,9.470401387285655,9.470401387285655,9.141948458733403,9.210376739501953,192300
2002-09-17,9.607255820001177,9.607255820001177,8.966772307492683,9.016039848327637,264900
2002-09-18,8.840864851460537,9.032461955025955,8.706746017562045,8.854549407958984,846300
2002-09-19,8.671162387599653,8.862759459484282,8.55072891320678,8.638317108154297,274800
2002-09-20,8.725904567987744,8.777909006742245,8.460404637024677,8.509672164916992,48900
2002-09-23,8.375554141290262,8.375554141290262,7.981410785508714,8.126477241516113,193800
2002-09-24,8.044360619789973,8.416606945975744,8.025199903546682,8.153844833374023,168600
2002-09-25,8.389243275407843,8.849077355669383,8.260599021466055,8.717696189880371,193500
2002-09-26,8.799804763103499,8.90381440148718,8.36734083243826,8.539778709411621,68400
2002-09-27,8.391979334360915,8.717695303883035,8.329025669711745,8.337236404418945,42300
2002-09-30,8.074472047518638,8.126477269581617,7.95951317680538,8.082683563232422,29100
2002-10-01,8.266068104332104,8.539778709411621,7.981409075049407,8.539778709411621,57300
2002-10-02,8.485037519864369,8.840862520169026,8.337233385349283,8.378290176391602,217800
2002-10-03,8.227751875706304,8.266070982211916,8.052577027467288,8.129215240478516,41400
2002-10-04,8.088158958334082,8.088158958334082,7.6201126971295965,7.704963207244873,435600
2002-10-07,7.488735012536698,7.631064637596665,7.360090732574464,7.360090732574463,44400
2002-10-08,7.472308553176873,7.472308553176873,7.075427503769139,7.280710697174072,106500
2002-10-09,7.184911091089463,7.431251056545448,7.102797508239746,7.102797508239746,60000
2002-10-10,7.143851063041759,7.819916227576634,7.143851063041759,7.672112941741943,686700
2002-10-11,8.04710323276619,8.547994060694394,8.04710323276619,8.361870765686035,661500
2002-10-14,8.252386417660457,8.443983534361413,8.14290212723322,8.389242172241211,100200
2002-10-15,9.155624862339174,9.221315383911133,8.983187047439587,9.221315383911133,143400
2002-10-16,8.430298820016379,8.48504018111771,8.211329460144043,8.211329460144043,127200
2002-10-17,8.835388048924845,8.955820730193619,8.720429188894432,8.832651138305664,282600
2002-10-18,8.62462773672872,9.048880081844985,8.539777267705466,8.985925674438477,140400
2002-10-21,8.868233377683842,9.538825035095215,8.747799912615054,9.538825035095215,95100
2002-10-22,8.840862788015274,9.199423143574686,8.786119876238233,8.895604133605957,106200
2002-10-23,9.024251690952594,9.593570824279956,8.884659015073803,9.579885482788086,66900
2002-10-24,9.689367139285311,9.935707134446336,9.267852314887383,9.306171417236328,276300
2002-10-25,9.363646449978033,9.771475761860026,9.363646449978033,9.755053520202637,78900
2002-10-28,10.07256013520284,10.14098758858035,9.766003483914348,9.823482513427734,75900
2002-10-29,9.81527243532062,9.908334443323273,9.106361690661368,9.495030403137207,165000
2002-10-30,9.582622421377247,10.138256214773044,9.527880272162571,10.023297309875488,104700
2002-10-31,10.182046023575646,10.258685008936073,9.908335361574117,9.990448951721191,64500
2002-11-01,9.880961333483745,10.578924318892426,9.880961333483745,10.477651596069336,132000
2002-11-04,10.948438195929965,11.438381328499958,10.89643375017532,11.04423713684082,570300
2002-11-05,10.81158043943028,11.071604950193699,10.578925816983288,10.838951110839844,107400
2002-11-06,11.003174375163624,11.249514263612076,10.693880863955878,11.142766952514648,150600
2002-11-07,10.811582828237679,10.836216594567718,10.346274263627414,10.359959602355957,428700
2002-11-08,10.401016221591641,10.463969091890538,10.031506600664072,10.182046890258789,188100
2002-11-11,9.935710352120497,9.935710352120497,9.514195391215189,9.634627342224121,207000
2002-11-12,9.785165759446738,10.275108040202781,9.73316053789314,9.990448951721191,96600
2002-11-13,9.97676528926319,10.220368425780645,9.785168170205216,9.941183090209961,81000
2002-11-14,10.401014572503216,10.778735649875143,10.277844979420422,10.75683879852295,308700
2002-11-15,10.455755917790526,10.82252935257953,10.406488393794678,10.75683879852295,184200
2002-11-18,11.016867659829614,11.14551111572392,10.797898292541504,10.797898292541504,100200
2002-11-19,10.737680866507167,10.82253137714314,10.458495567993108,10.524186134338379,201900
2002-11-20,10.699359291856174,11.287838168163155,10.696622381129751,11.202987670898438,93000
2002-11-21,11.591659427250947,12.180137634277344,11.577974087878864,12.180137634277344,270300
2002-11-22,11.851682401613273,12.232140397732971,11.851682401613273,12.067914009094238,355800
2002-11-25,12.275932732427261,12.527747283352241,12.155500060855493,12.470268249511719,225300
2002-11-26,12.207505626156149,12.316989876198832,11.881789786505882,11.950217247009277,126900
2002-11-27,12.316989919864191,12.724819340038843,12.262247794648781,12.683762550354004,152700
2002-11-29,12.809667557910679,12.809667557910679,12.371729850769043,12.371729850769043,81000
2002-12-02,13.097068822329144,13.13812562151504,12.385420246751305,12.535962104797363,816600
2002-12-03,12.180137429661418,12.215720407761758,11.796942452027007,11.868106842041016,305100
2002-12-04,11.085292757925215,11.405534830623294,10.992231521242301,11.172880172729492,1289400
2002-12-05,11.290569976395854,11.326152149038474,10.948431231231698,11.11265754699707,562500
2002-12-06,10.743152750687024,11.192038989490989,10.743152750687024,10.992230415344238,412200
2002-12-09,10.743155616117729,10.756841739274302,10.23952789733338,10.332589149475098,367800
2002-12-10,10.455759292417241,10.811584416373742,10.29153285427123,10.797898292541504,252600
2002-12-11,10.537868720489383,10.948435044444725,10.496811931475227,10.715781211853027,146100
2002-12-12,10.743150487113558,10.934748288898902,10.532393531624091,10.606295585632324,706500
2002-12-13,10.346272925024836,10.398277362083618,10.236788663174963,10.26689624786377,273000
2002-12-16,10.318904594136459,10.770527898406751,10.225842551824236,10.743156433105469,102900
2002-12-17,10.606299020454985,10.87453509011041,10.455757170505612,10.513236999511719,1558200
2002-12-18,10.127306858003257,10.127306858003257,9.760534855020758,9.84538459777832,228300
2002-12-19,9.853596908716373,10.01234876041196,9.585359968242884,9.768746376037598,394200
2002-12-20,9.826220937495213,9.963075854428206,9.719473601107891,9.790637969970703,520200
2002-12-23,9.826223435010506,10.078036483522682,9.826223435010506,9.976763725280762,988200
2002-12-24,9.963076106903255,9.990447560839337,9.82622118650221,9.839905738830566,35700
2002-12-26,10.069826722120588,10.17110027323007,9.771481457691092,9.798852920532227,60000
2002-12-27,9.842645106417361,9.867279654077594,9.689367130966664,9.730423927307129,179700
2002-12-30,9.880965232920783,9.880965232920783,9.448502720334242,9.525141716003418,168600
2002-12-31,9.443027902645035,9.585357462832786,9.322595197870786,9.49229621887207,119400
2003-01-02,9.661996078176276,10.138253017704448,9.492295077578763,10.121829986572266,386100
2003-01-03,10.113616030319703,10.329847595120558,10.020554036913206,10.275105476379395,114600
2003-01-06,10.483131540081718,10.90464567310977,10.442074734771857,10.797898292541504,130800
2003-01-07,10.893698317622349,11.096243871859352,10.67746585609453,10.743156433105469,97200
2003-01-08,10.606296345455787,10.61998167996571,10.288791259792697,10.34079647064209,83700
2003-01-09,10.619983208367717,10.890956942746033,10.619983208367717,10.658302307128906,348600
2003-01-10,10.537869986659773,10.975807816942371,10.45849409263,10.896431922912598,254700
2003-01-13,11.148241972664316,11.148241972664316,10.619979999979689,10.726726531982422,77400
2003-01-14,10.70209588704929,10.96759579701452,10.647354541761981,10.75683879852295,97200
2003-01-15,10.74315457419069,10.74315457419069,10.428387084704912,10.537871360778809,70800
2003-01-16,10.537868323827682,10.537868323827682,10.146461953891173,10.16835880279541,587700
2003-01-17,9.78516873754002,9.864544657905032,9.566199358202747,9.579885482788086,707700
2003-01-21,9.716734334015912,9.741368089779575,9.448498364382747,9.516925811767578,70800
2003-01-22,9.51145650752926,9.686632154695944,9.44850362807299,9.451240539550781,121800
2003-01-23,9.716736210700924,9.842643489975933,9.555247528977764,9.793375968933105,499200
2003-01-24,9.60725613990473,9.60725613990473,9.306173929333413,9.388287544250488,123600
2003-01-27,9.251433551344372,9.36912859675543,9.141948458733403,9.210376739501953,168000
2003-01-28,9.306172675476128,9.388286279329714,9.14194625086232,9.308910369873047,126600
2003-01-29,9.144681607125934,9.645572269902509,9.141943913428994,9.552510261535645,155100
2003-01-30,9.566195178868625,9.566195178868625,9.089938298561448,9.09267520904541,138600
2003-01-31,8.704008346296177,9.125522407192792,8.679373797469783,9.032461166381836,322500
2003-02-03,9.032461166381836,9.235007463647971,9.029724255321112,9.032461166381836,3028500
2003-02-04,8.868234143544795,8.983192231084535,8.868234143544795,8.890130996704102,49500
2003-02-05,9.032460537567857,9.287012042733068,8.92297627182795,8.950346946716309,52800
2003-02-06,8.922974646593826,8.969505255284872,8.772433612847747,8.791593551635742,71400
2003-02-07,8.881919845871792,8.881919845871792,8.701271191432953,8.704008102416992,32700
2003-02-10,8.704009780718962,8.849076271057129,8.599999312337575,8.849076271057129,50700
2003-02-11,8.90928835818623,9.070777799229836,8.829911701157314,8.851808547973633,33300
2003-02-12,8.90381841675959,9.01603961967628,8.813493289030463,8.849076271057129,40200
2003-02-13,8.75875034213219,8.808018655899426,8.624631522100604,8.75053882598877,285000
2003-02-14,8.895605126231615,9.292486190795898,8.895605126231615,9.292486190795898,75000
2003-02-18,9.42112644537433,9.659254827452934,9.42112644537433,9.642831802368164,279900
2003-02-19,9.661996156282232,9.672943799667886,9.388284711216853,9.505980491638184,149100
2003-02-20,9.64831027577119,9.735897689780158,9.555249039933285,9.716737747192383,549300
2003-02-21,9.689366501314037,9.714000264280216,9.448501126972452,9.648309707641602,374700
2003-02-24,9.579881826996559,9.735896696509858,9.530613520096312,9.538825035095215,170400
2003-02-25,9.319858075864483,9.549775052504579,9.196687679630168,9.459450721740723,340200
2003-02-26,9.39375389365334,9.57714014237974,9.215842247009277,9.215842247009277,104400
2003-02-27,9.355440260030447,9.525141277023664,9.281538178982004,9.51966667175293,925200
2003-02-28,9.579887032621196,9.812541007995605,9.57714933740514,9.812541007995605,2178600
2003-03-03,9.935711978162947,9.94665962723404,9.445768659924232,9.448506355285645,207900
2003-03-04,9.443027091453898,9.497769225285094,9.333542823791504,9.333542823791504,27600
2003-03-05,9.360909308032536,9.519661816611915,9.319853313360937,9.445759773254395,64500
2003-03-06,9.333540609620247,9.492293151616897,9.333540609620247,9.415654182434082,27600
2003-03-07,9.1145726236727,9.355437968535455,9.1145726236727,9.26511287689209,93300
2003-03-10,9.196684400346388,9.24595269789106,9.062566407569097,9.087200164794922,52800
2003-03-11,9.059830946771898,9.166578298511194,9.046146392822266,9.046146392822266,29400
2003-03-12,9.169313521245376,9.306168420977617,9.007824081763207,9.303431510925293,84000
2003-03-13,9.57988342558893,9.990449846927124,9.440290779686482,9.976763725280762,176700
2003-03-14,9.990453065620454,10.12730806142917,9.744112976833788,9.801592826843262,568800
2003-03-17,9.744109751782114,10.4776551683163,9.69484222018721,10.387330055236816,589800
2003-03-18,10.428387952483542,10.573455217672937,10.277847647674992,10.548821449279785,499800
2003-03-19,10.401016738102571,10.518712534399388,10.225841107718468,10.455758094787598,160200
2003-03-20,10.318902034607344,10.66104017590106,10.26689681159984,10.496813774108887,114600
2003-03-21,10.688415956795218,10.795162565987534,10.58166856450939,10.770528793334961,381900
2003-03-24,10.401011801489418,10.420170953998367,10.187517166137695,10.187517166137695,2379000
2003-03-25,10.209419451405415,10.483130949317514,10.16836264840926,10.42017650604248,312300
2003-03-26,10.401014106428057,10.507761447759888,10.29152907148,10.368168830871582,132000
2003-03-27,10.140987979773886,10.286054405796264,10.078033561260375,10.209415435791016,1483800
2003-03-28,10.099936168739369,10.234054236549603,9.913812081080911,9.963080406188965,84900
2003-03-31,9.744112708949194,9.75506113963664,9.530617918997233,9.56346321105957,360900
2003-04-01,9.579882594005916,9.766005844688294,9.579882594005916,9.623676300048828,30300
2003-04-02,10.12730066263437,10.329846879491233,10.031502548793796,10.264156341552734,111300
2003-04-03,10.318899478299068,10.450281350278738,10.146461603362127,10.277843475341797,356700
2003-04-04,10.154676204392263,10.190258397676738,9.886439341486813,10.004135131835938,165900
2003-04-07,10.510496779300578,10.510496779300578,10.127301172282353,10.154672622680664,126300
2003-04-08,9.963075010338938,9.963075010338938,9.716735084399557,9.733158111572266,217500
2003-04-09,9.733163998674177,9.86180825132971,9.582622885272745,9.634627342224121,308100
2003-04-10,9.579882594005916,9.74137129771923,9.51145434099394,9.623676300048828,43800
2003-04-11,9.798848740175638,9.798848740175638,9.500503603025283,9.514189720153809,22500
2003-04-14,9.620938799683815,9.820747375488281,9.53335060987161,9.820747375488281,43200
2003-04-15,9.62094278091655,9.976766376408982,9.609993567452603,9.809803009033203,38100
2003-04-16,10.182043562301336,10.384589794768202,10.143724470430495,10.24499797821045,365700
2003-04-17,10.305213197190543,10.726727093762047,10.244997261863038,10.674722671508789,357300
2003-04-21,10.619984756906382,10.754103579859855,10.606299418431389,10.723995208740234,276600
2003-04-22,10.53786962977642,11.07160558373589,10.53786962977642,11.066132545471191,489600
2003-04-23,11.030545821921415,11.18656064085278,10.978540621246653,11.142766952514648,54000
2003-04-24,10.975809557437268,11.079819231091532,10.88548522290453,10.997706413269043,125700
2003-04-25,10.674729632967585,10.696626493383487,10.428389561741941,10.485869407653809,86100
2003-04-28,10.485866447030523,10.806107744421446,10.485866447030523,10.77873706817627,41700
2003-04-29,10.934751127989509,11.085292185179645,10.858112143995486,11.003178596496582,1008900
2003-04-30,10.871799539287371,10.915593252717677,10.737681487680398,10.784212112426758,574500
2003-05-01,10.784207721889317,10.849898265290411,10.606296029284614,10.775996208190918,116700
2003-05-02,10.915590147404194,11.192038472107834,10.915590147404194,11.118136405944824,84600
2003-05-05,11.304261500396304,11.591657494763965,11.197514148284926,11.326157569885254,186600
2003-05-06,11.304261772447266,11.619028448571274,11.304261772447266,11.432905197143555,53400
2003-05-07,11.304259391457308,11.49859333454892,11.170140607093003,11.249516487121582,535200
2003-05-08,11.03055085246086,11.137297429147695,10.97854562806885,10.984020233154297,84300
2003-05-09,11.244044545687107,11.495859146118164,11.222148475098818,11.495859146118164,83100
2003-05-12,11.468489581077634,11.739463367398988,11.402799013672054,11.733988761901855,260700
2003-05-13,11.564284677537945,11.654608988044012,11.495857217038994,11.539650917053223,804300
2003-05-14,11.67376860926979,11.676505519489174,11.309732141834653,11.53691291809082,769800
2003-05-15,11.742197794093066,11.794202228298971,11.577971410327441,11.665558815002441,90300
2003-05-16,11.605343573125484,11.619028911090162,11.430168741279148,11.515018463134766,79800
2003-05-19,11.304260940738569,11.359002286390607,10.989492721587093,10.992230415344238,129300
2003-05-20,11.098978305355635,11.134560495008126,10.874534391876168,11.003178596496582,154200
2003-05-21,10.948432016069695,11.066128529671337,10.852633912325578,11.049705505371094,72900
2003-05-22,11.003179164999576,11.287839046206734,10.978545400359188,11.172880172729492,65700
2003-05-23,11.153717579173671,11.328893150243232,11.153717579173671,11.249516487121582,30900
2003-05-27,11.194775513445592,11.900949341411609,11.194775513445592,11.837996482849121,137100
2003-05-28,11.906423101936626,12.111706258866569,11.843469464741974,11.884526252746582,85200
2003-05-29,12.029594591227173,12.393630354081965,12.029594591227173,12.251300811767578,69600
2003-05-30,12.399105802431277,12.494904735126669,12.385419681265311,12.42647647857666,545100
2003-06-02,12.645442970681895,12.645442970681895,12.144552317323306,12.174660682678223,854400
2003-06-03,12.070653833775346,12.368998316052437,12.070653833775346,12.336153030395508,381000
2003-06-04,12.399105626737887,12.817882760718483,12.399105626737887,12.790512084960938,75000
2003-06-05,12.453846521384433,12.971160229247218,12.434686580405845,12.932840347290039,285600
2003-06-06,13.480259436699123,13.504892409067674,12.648176956823901,12.716605186462402,269100
2003-06-09,12.45384341557466,12.535956980380275,12.232137260455291,12.371729850769043,341400
2003-06-10,12.371734069665207,12.533223561251068,12.18013620851047,12.481218338012695,51000
2003-06-11,12.098022615703224,12.481218338012695,12.004961379154487,12.481218338012695,104700
2003-06-12,12.50858403953189,12.50858403953189,12.18286905803816,12.316987037658691,164400
2003-06-13,12.180135231666078,12.180135231666078,11.81062565985458,11.920110702514648,202200
2003-06-16,11.933796309699968,12.234878441637282,11.840735072398571,12.128131866455078,132300
2003-06-17,12.218453209806855,12.248561572268635,12.002221635088818,12.202030181884766,244800
2003-06-18,12.152763519489888,12.519536149233403,12.040541575706797,12.462057113647461,67800
2003-06-19,12.645444379825049,12.645444379825049,12.292357820249435,12.344362258911133,96900
2003-06-20,12.34436320298542,12.34436320298542,12.130868477923396,12.166451454162598,47400
2003-06-23,12.103494765189392,12.22940203979239,11.7996757863886,11.84073257446289,145800
2003-06-24,11.701140247676554,11.906423409916492,11.577970663569836,11.742197036743164,585600
2003-06-25,11.906426878684272,12.076127905283245,11.7175666902865,11.810627937316895,199800
2003-06-26,11.851679416901126,12.122653085686665,11.843467903763868,12.092545509338379,59400
2003-06-27,12.193824476815122,12.21845824575822,11.911902240398,12.013175010681152,213300
2003-06-30,12.139076212752915,12.221189783918451,11.933793067932129,11.933793067932129,355800
2003-07-01,11.89273836184257,12.155501365661621,11.701141300776555,12.155501365661621,552300
2003-07-02,12.275932824247999,12.560592651367188,12.270458220316327,12.560592651367188,222300
2003-07-03,12.37173325978028,12.590701782141025,12.37173325978028,12.423738479614258,31200
2003-07-07,12.75492816852938,13.179179876197606,12.7001868210555,13.1737060546875,198900
2003-07-08,13.165496163104756,13.36804324582407,12.995795928963291,13.329723358154297,252900
2003-07-09,13.316034454534412,13.644487190511189,13.187389487410476,13.463838577270508,245400
2003-07-10,13.220240663226798,13.261296683801739,12.94379224941384,13.014957427978516,198300
2003-07-11,13.028640199805295,13.17918047842386,13.028640199805295,13.138124465942383,102300
2003-07-14,13.52131685137192,13.644486424676703,13.411831046005334,13.480260848999023,404100
2003-07-15,13.630805069785302,13.740289340927468,13.420046477423398,13.50216007232666,267900
2003-07-16,13.685543993235697,13.685543993235697,13.247605470327654,13.480260848999023,396000
2003-07-17,13.077907217676755,13.110752494269402,12.760402094187988,12.897257804870605,273300
2003-07-18,12.924628832143046,13.050536120752989,12.604387572342171,12.932840347290039,177900
2003-07-21,12.878099114484707,12.878099114484707,12.568806258987756,12.697449684143066,411600
2003-07-22,12.919153116916743,13.149070039612436,12.89725705022932,13.118963241577148,163500
2003-07-23,13.110754514690289,13.368042945861816,13.009480975603083,13.368042945861816,147000
2003-07-24,13.398147577738754,13.452888915460328,13.004003524780273,13.004003524780273,327300
2003-07-25,13.028640116825935,13.269505500793457,12.754928670133241,13.269505500793457,170100
2003-07-28,13.206556396308132,13.461108786545285,13.195608748441536,13.428262710571289,101400
2003-07-29,13.370776617045275,13.370776617045275,13.03411234617488,13.11075210571289,282600
2003-07-30,13.151806505114449,13.151806505114449,12.998528570962868,13.028636932373047,141900
2003-07-31,13.343404444856716,13.524053048898548,13.220234870910645,13.220234870910645,447300
2003-08-01,13.274977775639815,13.38446044921875,13.140857428421741,13.38446044921875,327900
2003-08-04,13.35709416404606,13.49394911711573,13.15181095134825,13.433733940124512,56700
2003-08-05,13.425522854996675,13.425522854996675,13.001270294189453,13.001270294189453,194100
2003-08-06,12.960212139552247,13.108016292589587,12.795985737895899,12.89178466796875,162600
2003-08-07,12.864416464599065,12.897261751241885,12.702926942831848,12.782302856445312,231900
2003-08-08,12.795983760552646,12.86441200465529,12.278670087954877,12.4511079788208,467400
2003-08-11,12.505853384702048,12.73303424367996,12.505853384702048,12.678291320800781,245100
2003-08-12,12.672816849644473,12.919156074523926,12.672816849644473,12.919156074523926,45300
2003-08-13,12.979370945661795,13.302349879364785,12.921891126263256,13.157281875610352,153300
2003-08-14,13.19286984020754,13.318775595084164,13.108018539275202,13.307827949523926,42300
2003-08-15,13.269504607277208,13.343406677246094,13.269504607277208,13.343406677246094,4800
2003-08-18,13.351616325951802,13.959254264831543,13.351616325951802,13.959254264831543,331500
2003-08-19,14.000312564778893,14.232966423034668,13.956520426677473,14.232966423034668,1208700
2003-08-20,14.01400056511439,14.336977984887268,13.975680679315394,14.096114158630371,397500
2003-08-21,14.369823538345344,14.654482628394529,14.301396851334681,14.561421394348145,1836600
2003-08-22,15.27307161699909,15.368870555754125,14.783127712361253,14.835134506225586,3881700
2003-08-25,14.780392063819303,14.805026614419546,14.558685806977206,14.654484748840332,3254700
2003-08-26,14.479307274006436,14.711962699890137,14.304132455769759,14.711962699890137,129000
2003-08-27,14.75301496888124,15.158105850219728,14.75027727572073,15.158105850219727,157200
2003-08-28,15.245694147177822,15.31685850442819,14.9500859460056,15.289487838745117,1809300
2003-08-29,15.259379102026367,15.434555448121854,15.204637766397713,15.382550239562988,1696800
2003-09-02,15.437297092085652,15.440034786319895,15.122531167359472,15.409926414489746,278700
2003-09-03,15.40992497369579,15.448244858459214,14.999358583397726,15.108842849731445,695100
2003-09-04,15.081467644870173,15.448240218472037,15.032200131364464,15.330544471740723,276000
2003-09-05,15.355174363908654,15.869750888462518,15.300431480660448,15.533086776733398,480300
2003-09-08,15.793120522499988,16.105150286715716,15.768485975514613,16.05862045288086,801000
2003-09-09,16.025774541442345,16.066832120138695,15.798594493277491,15.875232696533203,522300
2003-09-10,15.382554223610393,15.45098247705505,14.930930256774019,14.95830249786377,3028500
2003-09-11,15.136212738456615,15.360656647420958,14.71196259886602,15.169058799743652,836400
2003-09-12,15.054099474759452,15.445506693842518,14.919982231453874,15.248435020446777,574200
2003-09-15,15.383660026479536,15.391872132487544,15.000436766367478,15.008648872375488,98100
2003-09-16,15.205727089307652,15.594424369658224,15.137293951104953,15.588950157165527,1340400
2003-09-17,15.575273073333506,15.673815221795321,15.419246177586553,15.49315357208252,156600
2003-09-18,15.293320861854143,15.630009210144385,15.192040881685255,15.59168815612793,205800
2003-09-19,15.547895803770526,15.668337924087501,15.386396290352884,15.531473159790039,62100
2003-09-22,15.301536517516986,15.328910719126943,15.101712833887445,15.170145988464355,217800
2003-09-23,15.233100188516056,15.411025413559006,15.123609670087568,15.39460277557373,107700
2003-09-24,15.46029658134861,15.46029658134861,14.710274696350098,14.710274696350098,202500
2003-09-25,14.849881606849845,15.19204584577368,14.67195789421216,14.713018417358398,94500
2003-09-26,14.535093709546262,14.707543214640072,14.35716842361859,14.442024230957031,888600
2003-09-29,14.64458172479549,14.767761711405347,14.384538567060444,14.68564224243164,917400
2003-09-30,14.630896505550707,14.630896505550707,14.250409697031026,14.34347915649414,423600
2003-10-01,14.452975567187682,14.589840341053238,14.343483434835436,14.55699348449707,337800
2003-10-02,14.589837787231907,14.863568853347841,14.589837787231907,14.748600959777832,345900
2003-10-03,15.246787294012003,15.520516708755233,15.164667843069736,15.356279373168945,613200
2003-10-06,15.411029479993047,15.506835275196115,15.331647893407359,15.471250534057617,214500
2003-10-07,15.419242256453229,15.807939668315713,15.301538033395635,15.7942533493042,157500
2003-10-08,15.848999247033012,15.876371886129743,15.602642362564698,15.706660270690918,344400
2003-10-09,15.944807758614406,16.144629917892676,15.714873501354347,15.816153526306152,2020500
2003-10-10,16.01323890686035,16.067985753720748,15.879110463406482,16.01323890686035,178500
2003-10-13,16.177473271691053,16.31981221363332,15.974911718952338,16.122726440429688,253200
2003-10-14,15.931117618496081,16.259593963623047,15.892794986656579,16.259593963623047,73500
2003-10-15,16.683877610560664,16.694826038875522,16.25411969007781,16.292442321777344,2100600
2003-10-16,16.286968204748273,16.448470852426574,16.19390028937167,16.442995071411133,101700
2003-10-17,16.46489862079609,16.49227126919658,15.94481203598927,16.021455764770508,196500
2003-10-20,16.021444211642628,16.199369430541992,15.903740028838218,16.199369430541992,187500
2003-10-21,16.42383528344425,16.664717971210916,16.39646264231824,16.629133224487305,241200
2003-10-22,16.382773265900678,16.382773265900678,16.136414842822493,16.240432739257812,112200
2003-10-23,15.630019201375287,15.917436688015318,15.602646554923654,15.876376152038574,941400
2003-10-24,15.807935527502075,15.903741301785617,15.536942409682547,15.854470252990723,1503000
2003-10-27,16.15010814376742,16.15010814376742,15.91743596066269,16.005029678344727,470100
2003-10-28,16.355403437380374,16.919286727905273,16.308868695119063,16.919286727905273,543000
2003-10-29,16.916544314513587,17.195749534983786,16.80978854805818,17.108154296875,353100
2003-10-30,17.34083910893657,17.403796519481276,17.12185476839035,17.245033264160156,325800
2003-10-31,17.24502113115756,17.24502113115756,16.946655372870644,17.053409576416016,141900
2003-11-03,17.27240139444355,17.682997317077223,17.255977181626406,17.628252029418945,183300
2003-11-04,17.573500668591333,17.830807526974542,17.51875382867419,17.704891204833984,267900
2003-11-05,17.655622329851113,17.822597627865356,17.3873654437735,17.817123413085938,202200
2003-11-06,17.95672267783558,18.08263899176288,17.674779524935406,18.00325584411621,990600
2003-11-07,18.20308403151814,18.257829310406308,18.03336928132793,18.03884506225586,443700
2003-11-10,18.025152759774503,18.04431328776598,17.41746971498051,17.513277053833008,133200
2003-11-11,17.46400845479332,17.529703722537484,17.275134755816193,17.458534240722656,648900
2003-11-12,17.724053109095504,18.09906578063965,17.710368355930513,18.09906578063965,571800
2003-11-13,17.956725757706565,18.118226838124524,17.628249382186713,17.860919952392578,285600
2003-11-14,17.797962582456574,17.915668389559816,17.250501907959762,17.36273193359375,168900
2003-11-17,17.053414020005423,17.20396666637388,16.82074345703474,17.105422973632812,2065200
2003-11-18,17.368205851824058,17.43663902232832,16.834431507528095,16.84811782836914,324300
2003-11-19,16.902860235884987,17.19027762354293,16.793369687785297,17.15195655822754,663000
2003-11-20,16.97130005692853,17.275140178254663,16.80979737761116,16.82074737548828,116700
2003-11-21,16.99866661135043,17.135531354829226,16.834427666136946,17.020565032958984,269400
2003-11-24,17.245021485747962,17.655617235408627,17.245021485747962,17.573497772216797,304800
2003-11-25,17.682990087670323,17.84996690588023,17.628244822393768,17.67477798461914,198900
2003-11-26,17.9156634837641,17.929348234792833,17.518752449777754,17.762372970581055,137400
2003-11-28,17.778792173630215,17.978615796221437,17.77058007228557,17.9539794921875,66900
2003-12-01,18.20308638996831,18.260569566768144,17.90471894269435,18.129179000854492,353700
2003-12-02,18.0662162224521,18.18939465616361,17.984096744544836,17.989572525024414,557100
2003-12-03,18.162017996944872,18.200340620321473,17.65561648934229,17.6829891204834,240000
2003-12-04,17.724053414456613,17.833547104651597,17.138271726336672,17.48043441772461,378900
2003-12-05,17.053414952548565,17.32167027397583,16.880965438695096,16.97403335571289,1639800
2003-12-08,17.026043693611935,17.09173897559575,16.711253604985448,16.93297576904297,179100
2003-12-09,16.9713013329908,17.132800891852778,16.109048846280675,16.232227325439453,1197600
2003-12-10,16.259595621099802,16.45394512404832,16.08167032865658,16.330766677856445,1527900
2003-12-11,16.3745542993816,16.9411751457676,16.344443785858957,16.88916778564453,473400
2003-12-12,16.99866728045814,17.047938339442148,16.70303779395666,16.900123596191406,414600
2003-12-15,17.24502675484528,17.24502675484528,16.377300262451172,16.377300262451172,243000
2003-12-16,16.437527779444245,16.437527779444245,15.947550114232948,16.317087173461914,403800
2003-12-17,16.25412039654324,16.36635040629168,16.046086152830096,16.155576705932617,112500
2003-12-18,16.314337807583026,16.779678819461715,16.30338781494077,16.697559356689453,222600
2003-12-19,16.69756416646693,16.804319968711702,16.505954119869173,16.593547821044922,165900
2003-12-22,16.54701607491724,16.735889831475937,16.475846571405107,16.579864501953125,102600
2003-12-23,16.62912705559986,16.941179121052162,16.62912705559986,16.867273330688477,127500
2003-12-24,16.91654437969707,17.012350154396138,16.83442492048381,16.867273330688477,43200
2003-12-26,16.916550216012716,17.004143918380997,16.916550216012716,16.957609176635742,49800
2003-12-29,17.012355224478654,17.272398428804838,17.012355224478654,17.223127365112305,110700
2003-12-30,17.27240303191282,17.39558150712074,17.141012449517802,17.25324249267578,180900
2003-12-31,17.313456972886605,17.395576454606857,17.06710009402468,17.176593780517578,418800
2004-01-02,17.34083910893657,17.447594953890075,17.17933796199629,17.245033264160156,222000
2004-01-05,17.5598145505451,17.87186668610724,17.49138139144253,17.806171417236328,309900
2004-01-06,17.860921135330425,18.066219079414683,17.71584425565467,17.997787475585938,510300
2004-01-07,18.052528467947127,18.17570689186099,17.86365321389399,18.159282684326172,354900
2004-01-08,18.57262219379034,18.75602172535787,18.27151841511384,18.701274871826172,625800
2004-01-09,18.613676067257455,18.966787115974675,18.452173455314387,18.70948028564453,275700
2004-01-12,18.8189748062434,19.174823760986328,18.641049545722616,19.174823760986328,255900
2004-01-13,19.21588364501807,19.218621535176755,18.545243089323957,18.731380462646484,735000
2004-01-14,18.79160896869066,18.805295292314774,18.493243041306645,18.64653205871582,290100
2004-01-15,18.627368482527388,19.005117563198194,18.457656829942547,18.86004066467285,558900
2004-01-16,19.079022544256087,19.229575205791733,18.862774603040986,19.204938888549805,93900
2004-01-20,19.31169002012029,19.344538437818613,19.013324202088107,19.207672119140625,974400
2004-01-21,18.887411407227514,18.887411407227514,18.52061236131918,18.720436096191406,311700
2004-01-22,19.024270767652403,19.024270767652403,18.375528731734388,18.438486099243164,302400
2004-01-23,18.408386977057713,18.48776702656062,18.038849978651612,18.14834213256836,614700
2004-01-26,18.203085958583642,18.58904554102097,18.1757117499427,18.580833435058594,113100
2004-01-27,18.408380043525963,18.485023739250114,18.022418975830078,18.022418975830078,291900
2004-01-28,18.339945423876628,18.394692263675967,17.80617117575208,17.877342224121094,464400
2004-01-29,18.06622612113897,18.06622612113897,17.38190041832588,17.672054290771484,950400
2004-01-30,17.724049567205935,17.87460218382034,17.655617983561708,17.792484283447266,132300
2004-02-02,17.984093730358385,17.995043723183525,17.47221798222321,17.51875114440918,243900
2004-02-03,17.450317441759307,17.69120002534925,17.450317441759307,17.589920043945312,153000
2004-02-04,17.31345645777939,17.357254870852767,17.05067537713187,17.058887481689453,569400
2004-02-05,17.35451446461322,17.370938671347307,17.135530262487315,17.286081314086914,319500
2004-02-06,17.587194414593064,18.00052669357929,17.45854015937538,17.92935562133789,1054800
2004-02-09,18.12096362012693,18.12096362012693,17.852706755137913,17.874605178833008,387300
2004-02-10,17.888296183384284,18.02242465101142,17.814388788267227,17.91567039489746,161400
2004-02-11,18.052527663990585,18.33720712795534,18.036103457187206,18.30162239074707,254400
2004-02-12,18.175711211839687,18.39195915231595,17.997787475585938,17.997787475585938,142800
2004-02-13,18.203080050506838,18.203080050506838,17.595396936915943,17.792484283447266,257700
2004-02-17,18.011470043064048,18.082641095222826,17.852706861899886,18.025157928466797,97500
2004-02-18,18.23046163958075,18.315317471503985,18.06622262555597,18.14834213256836,140700
2004-02-19,18.613684300024595,18.613684300024595,17.923882971710665,17.92935562133789,551400
2004-02-20,17.9156723396775,17.9156723396775,17.537923216262808,17.77606964111328,270300
2004-02-23,17.792484999897685,17.817119744482156,17.07257343362214,17.23133659362793,486300
2004-02-24,17.108166751274176,17.42569482589003,17.039735124291976,17.250507354736328,312900
2004-02-25,17.40926722325712,17.650149927576162,17.40926722325712,17.58719253540039,92700
2004-02-26,17.587192924998504,17.891033028224093,17.45032657433372,17.77332878112793,112800
2004-02-27,17.833550938008806,17.87187201488546,17.46401396148997,17.636465072631836,70500
2004-03-01,17.532444954539912,17.98409981058255,17.518757067306137,17.94304084777832,165600
2004-03-02,18.120971943453863,18.19214146157781,17.819868087768555,17.819868087768555,285000
2004-03-03,17.765122748608167,17.770596965942616,17.494129411807183,17.606359481811523,127200
2004-03-04,17.655629051467645,17.819868087768555,17.611832183960676,17.819868087768555,840900
2004-03-05,17.491384804882532,17.923880700557632,17.491384804882532,17.72679328918457,542700
2004-03-08,17.73774059088754,17.808910076998266,17.02604103088379,17.02604103088379,243300
2004-03-09,17.026037693263252,17.034249796404488,16.722196142231613,16.943918228149414,1046700
2004-03-10,16.943918479649447,17.06983478585318,16.48405166100405,16.6044921875,260100
2004-03-11,16.47857713690358,16.875485011814444,16.38277135570482,16.39645767211914,736200
2004-03-12,16.69756621880803,16.856330996427463,16.620922504008238,16.85085678100586,599100
2004-03-15,16.697565117574907,16.697565117574907,16.28696922835095,16.322555541992188,198900
2004-03-16,16.519635336178723,16.60175479723506,16.213057476780286,16.505949020385742,471000
2004-03-17,16.670180227816452,16.883690121295704,16.670180227816452,16.87274169921875,80400
2004-03-18,16.765997764489292,16.826217255247915,16.49226511739225,16.6236572265625,81000
2004-03-19,16.451208634718054,16.563438660997903,16.040612734907793,16.08988380432129,150000
2004-03-22,15.821639819171752,15.988615249906465,15.638240164745051,15.851750373840332,399300
2004-03-23,16.040615163346963,16.095362022549523,15.728562921420178,15.876376152038574,97800
2004-03-24,15.939330816279048,16.314341923385136,15.917432391768449,16.150104522705078,183300
2004-03-25,16.451204422486764,16.81252916036852,16.34171231499209,16.757783889770508,321900
2004-03-26,16.69756074978932,16.834427054594855,16.63186548735016,16.640077590942383,342900
2004-03-29,16.971297063142366,17.069839195157204,16.83443072846772,16.957609176635742,311400
2004-03-30,16.80705945311258,16.938450017336468,16.64555835546667,16.91655158996582,199500
2004-03-31,16.902860073103774,17.047938493795954,16.73314847214464,16.878225326538086,237600
2004-04-01,17.108163375070784,17.3380976687335,17.01509544096172,17.2176570892334,361800
2004-04-02,17.792484283447266,17.817119027039766,17.51601536010951,17.792484283447266,522000
2004-04-05,17.833551360576926,17.92935562133789,17.68847445757978,17.92935562133789,216600
2004-04-06,17.58718783918125,17.628246792727886,17.39557469040092,17.546127319335938,726900
2004-04-07,17.518755176209222,17.62824886446571,17.247761978576733,17.52423095703125,88200
2004-04-08,17.765115903514467,17.767853794276583,17.436639495518172,17.603614807128906,174000
2004-04-12,17.68298762840818,17.693937619719726,17.510538187212237,17.633716583251953,245400
2004-04-13,17.765107643216595,17.765107643216595,17.288816681509708,17.39009666442871,156900
2004-04-14,17.2176570892334,17.4612761392924,17.102690725551657,17.2176570892334,213300
2004-04-15,17.182072129502757,17.190284237029363,16.566178161701316,16.76326560974121,146400
2004-04-16,16.349931519807644,16.530593184062663,16.152845640720532,16.388254165649414,338100
2004-04-19,16.459410039189144,16.629123130491536,16.33349377362298,16.588064193725586,111900
2004-04-20,16.637338538213605,16.68660958538627,16.018707076996566,16.073453903198242,109200
2004-04-21,16.415617456593928,16.61544111302804,16.27601484268769,16.505949020385742,114600
2004-04-22,16.24042878124116,16.77967709765123,16.199369837217443,16.719457626342773,109800
2004-04-23,16.76325974829383,16.976768204132785,16.76325974829383,16.924760818481445,82200
2004-04-26,16.861800430571474,16.927495695899726,16.46762883860196,16.54701042175293,192900
2004-04-27,16.492263376443493,16.645553893244063,16.245906526140075,16.289703369140625,59100
2004-04-28,16.095366565937674,16.31161304002634,15.909229071665367,15.947551727294922,152100
2004-04-29,15.958492516198604,15.958492516198604,15.241318669509202,15.397345542907715,431400
2004-04-30,15.493145227617202,15.602637314880683,15.098973713468665,15.13729476928711,112800
2004-05-03,15.200267549644579,15.531482002797684,14.877265206306815,15.0962495803833,204600
2004-05-04,15.328913940249672,15.657390331905239,15.222158134024747,15.397345542907715,232200
2004-05-05,15.504097008733769,15.728557010927382,15.39734278790903,15.643699645996094,92100
2004-05-06,15.369973795153529,15.594432284255705,15.298802731434092,15.561585426330566,260400
2004-05-07,15.676546069747836,15.947539205716456,15.630011341142641,15.692970275878906,177600
2004-05-10,15.449351736402736,15.810674919423933,15.449351736402736,15.643699645996094,457500
2004-05-11,15.917434833899655,16.073461719838164,15.846265334895751,15.903748512268066,267000
2004-05-12,15.903747781094616,15.903747781094616,15.33986289778253,15.849000930786133,317700
2004-05-13,15.76687883549127,15.91195567931206,15.6683351575138,15.777827262878418,234900
2004-05-14,15.810668357162212,15.810668357162212,15.441133223408201,15.476717948913574,162900
2004-05-17,15.057918445587758,15.400081141653803,15.057918445587758,15.194783210754395,145500
2004-05-18,15.515037627884674,15.649165970125434,15.463028710817802,15.534199714660645,129300
2004-05-19,15.903741210951377,16.128199602000265,15.714867553067696,15.739503860473633,266100
2004-05-20,15.859957429854042,15.859957429854042,15.547903544383463,15.649185180664062,20100
2004-05-21,15.835312802529256,15.835312802529256,15.602642239445293,15.71213436126709,77400
2004-05-24,15.958493957774998,15.972181845842059,15.786044423940085,15.881850242614746,66600
2004-05-25,15.805201218800484,16.328025426445404,15.660122810931275,16.26506805419922,152400
2004-05-26,16.30065783527036,16.423836294217175,16.182953591625854,16.325292587280273,118200
2004-05-27,16.571639992499993,16.667445744585244,16.44298583796355,16.588064193725586,182100
2004-05-28,16.634604106560076,16.74683410550901,16.547010419467835,16.70303726196289,366900
2004-06-01,16.631869296306984,16.741362991746612,16.440259245035044,16.560701370239258,283800
2004-06-02,16.495004812212194,16.495004812212194,16.215801052790855,16.33350372314453,342000
2004-06-03,16.150108881752082,16.150108881752082,15.846267180721354,15.876376152038574,391800
2004-06-04,16.204842748369664,16.341707450421705,16.11724908844865,16.158308029174805,203400
2004-06-07,16.385514819990775,16.76052600510683,16.377302713303653,16.72494125366211,308700
2004-06-08,16.58260068158404,16.72494125366211,16.522381176377163,16.72494125366211,181800
2004-06-09,16.568907584978014,16.59901810842031,16.17473602294922,16.17473602294922,132300
2004-06-10,16.380032874306398,16.39371919022641,16.125463952337533,16.215795516967773,96000
2004-06-14,16.054298102831492,16.062510208295986,15.76414435248116,15.810677528381348,120300
2004-06-15,16.087142184096844,16.109040603993936,15.890056405023048,15.944803237915039,81600
2004-06-16,15.931118211191851,15.936593991871758,15.780567134769646,15.884583473205566,165900
2004-06-17,15.616320388477458,15.632744589732354,15.348065221939004,15.378175735473633,313500
2004-06-18,15.219411494322529,15.534202950783516,15.219411494322529,15.312480926513672,158100
2004-06-21,15.438401245812358,15.531470711860857,15.170145974157553,15.17835807800293,66600
2004-06-22,15.27416644826221,15.673812316363051,15.260478562008343,15.640965461730957,307500
2004-06-23,15.76687463127979,16.037867715584685,15.687491505546527,15.999545097351074,545100
2004-06-24,15.999558351250101,16.122736843192673,15.821632992722217,15.873641967773438,357300
2004-06-25,15.922900968861887,16.040605154720872,15.901002552104362,15.969435691833496,149700
2004-06-28,16.155577437294905,16.155577437294905,15.739508931033216,15.783304214477539,81000
2004-06-29,15.832575873955328,16.08714485168457,15.832575873955328,16.08714485168457,806700
2004-06-30,16.15557172671889,16.314336425643024,16.046081207361798,16.218530654907227,539100
2004-07-01,16.01323982712322,16.01323982712322,15.536948653891516,15.619068145751953,575400
2004-07-02,15.493150025015765,15.493150025015765,15.30153842139823,15.32617473602295,250800
2004-07-06,15.055177503365432,15.068865386776544,14.608998553341817,14.68564224243164,386400
2004-07-07,14.827988989815363,14.994964321561897,14.827988989815363,14.890946388244629,254100
2004-07-08,14.825250182299454,14.984014963553587,14.743130683898926,14.743130683898926,230400
2004-07-09,14.959376102598817,15.096240865814092,14.904629257533374,14.962112426757812,130500
2004-07-12,14.576153583098774,14.68564571216691,14.452975133684493,14.606264114379883,617400
2004-07-13,14.729442515685593,14.781451472610458,14.543305113728232,14.630900382995605,445500
2004-07-14,14.02868938446045,14.283259918998537,13.932885155606966,14.02868938446045,320700
2004-07-15,14.042374624119791,14.209349870059485,13.924670428426566,14.034162521362305,280500
2004-07-16,14.124495165781598,14.124495165781598,13.661890450381463,13.708423614501953,468000
2004-07-19,13.754959754414012,13.869926080996505,13.590720802468681,13.79875659942627,456300
2004-07-20,13.76864764645838,14.138184547424316,13.76864764645838,14.138184547424316,264000
2004-07-21,14.343480922834583,14.359905131385771,13.514077186584473,13.514077186584473,1143600
2004-07-22,13.62904772521344,14.001321025046416,13.49491925776435,13.891830444335938,726000
2004-07-23,13.72759168912315,13.768650657632692,13.440174210658604,13.442912101745605,390600
2004-07-26,13.494914425357598,13.544187048592297,13.204760731258114,13.322464942932129,573300
2004-07-27,13.401844037467637,13.475751392301333,13.084316983786804,13.393631935119629,336900
2004-07-28,13.273197669971946,13.407326127628735,13.007678645495936,13.330680847167969,388800
2004-07-29,13.522291801908443,13.801497133931257,13.464808627603574,13.713903427124023,390600
2004-07-30,13.713900439359254,13.973943612427055,13.645467283463086,13.875401496887207,750600
2004-08-02,13.694739267657393,13.960258238893822,13.694739267657393,13.883614540100098,258300
2004-08-03,13.842551488226423,13.848025701504664,13.39910888671875,13.39910888671875,266700
2004-08-04,13.33067850477552,13.63451854979373,13.251296913724785,13.527764320373535,348000
2004-08-05,13.593461980806415,13.68653147369436,13.330680847167969,13.330680847167969,280200
2004-08-06,13.34709887747928,13.34709887747928,12.747629427893235,12.854384422302246,868800
2004-08-09,12.879020794007307,12.936503951598842,12.766791585578762,12.85164737701416,311400
2004-08-10,12.988517382326755,13.04326345207479,12.879025242830686,13.035051345825195,138600
2004-08-11,12.320616087721005,12.473905102169073,12.208386826501796,12.430109024047852,650700
2004-08-12,12.293240860603682,12.372622459207234,12.044146068624094,12.109841346740723,719700
2004-08-13,12.164586315635557,12.164586315635557,11.962026271563536,12.153637886047363,365700
2004-08-16,12.29597654680261,12.389045238284945,12.252179699787252,12.31513786315918,261600
2004-08-17,12.58613156011268,12.665513152758901,12.514961289252685,12.52043628692627,240000
2004-08-18,12.413684395530426,13.002204895019531,12.413684395530426,13.002204895019531,402600
2004-08-19,12.947457597398966,13.037788410975068,12.769532294623922,12.889973640441895,115200
2004-08-20,12.824276798470176,13.062422353565196,12.783217057974603,12.97756576538086,118200
2004-08-23,13.046002752024258,13.245824949250451,13.04052775288332,13.108960151672363,418200
2004-08-24,13.111696277365336,13.152755241220506,12.736685122218313,12.824278831481934,401100
2004-08-25,12.728470152259728,13.021361747496226,12.643613569716091,12.958403587341309,289500
2004-08-26,12.955663540066743,12.955663540066743,12.78321330710547,12.835222244262695,322200
2004-08-27,12.903656793874688,13.013149682709708,12.859859951600406,12.933767318725586,115200
2004-08-30,12.837965338366738,12.873550870631698,12.613506063558916,12.654565811157227,305100
2004-08-31,12.59160577463683,12.605292877246074,12.290502830773832,12.52043628692627,275700
2004-09-01,12.556026383704031,12.829756805344976,12.556026383704031,12.681941986083984,93300
2004-09-02,12.613505389994943,12.794167799890367,12.561497214507181,12.76679515838623,43200
2004-09-03,12.405472553273555,12.454744413186532,12.153640603989649,12.167326927185059,430800
2004-09-07,12.30418584468068,12.345245577792147,12.0085571759468,12.060566902160645,171600
2004-09-08,12.044144814855136,12.183747462108014,11.970237438880153,12.00582218170166,146100
2004-09-09,12.315133603118682,12.777738227056648,12.208378629659988,12.673720359802246,407100
2004-09-10,12.695619528264857,13.19654601820261,12.681932430133838,13.1472749710083,949200
2004-09-13,13.385424566811182,13.629045134969088,13.223923484878279,13.41006088256836,3798000
2004-09-14,13.385427120883666,13.467546622777887,13.256774435412122,13.445648193359375,795300
2004-09-15,13.243081416168533,13.243081416168533,12.977562506372138,13.04873275756836,451500
2004-09-16,13.17465005848589,13.221184791143129,13.024098216155108,13.062420845031738,524700
2004-09-17,13.196545964611941,13.300563837609566,13.067892568117204,13.284139633178711,431400
2004-09-20,13.207499538049966,13.80697070305118,13.177390573255323,13.670105934143066,837600
2004-09-21,13.782332115518827,13.894562115981735,13.702950531307968,13.826128959655762,1195500
2004-09-22,13.68105673639283,13.692005167980652,13.412799800601269,13.429224014282227,482100
2004-09-23,13.46754094530215,13.59071936306587,13.32246410735158,13.481228828430176,168000
2004-09-24,13.549664352284639,13.58524909964759,13.078848181372589,13.152754783630371,448800
2004-09-27,12.909127827186284,13.15000960258651,12.865330998359138,12.963873863220215,1411800
2004-09-28,12.950195133806487,12.9775677762787,12.714785866278152,12.818803787231445,587100
2004-09-29,12.84344077277749,13.114434019714935,12.84344077277749,13.007678985595703,856500
2004-09-30,13.062422090554882,13.273195003175243,13.054209985991235,13.144540786743164,1130400
2004-10-01,13.399109922975263,13.757695198059082,13.366261508168382,13.757695198059082,610200
2004-10-04,13.960256894074355,14.138182154521607,13.87813742261419,13.908247947692871,673200
2004-10-05,13.89182932420738,13.993109356237518,13.70295401533326,13.861717224121094,389100
2004-10-06,13.850766656461952,13.924674034118652,13.675579262401282,13.924674034118652,255000
2004-10-07,13.932887520157092,14.053328082363539,13.8069711766193,13.823393821716309,365100
2004-10-08,13.659155856495705,13.71116481295563,13.281406841097136,13.37173843383789,404400
2004-10-11,13.325203314039353,13.41005911328693,13.166438577271558,13.39637279510498,211200
2004-10-12,13.13359241914197,13.248559540973813,13.01588897314557,13.2020263671875,617400
2004-10-13,13.533236675653098,13.672839304977737,13.344362990772296,13.40732192993164,423000
2004-10-14,13.303308534555372,13.38542646613356,12.988517648125308,13.015891075134277,281700
2004-10-15,13.125380291360436,13.174652138674462,12.958404998253487,13.04052448272705,207000
2004-10-18,13.002203060647355,13.13085651397705,12.843439857808193,13.13085651397705,326100
2004-10-19,13.456594872255183,13.566086992342369,13.275933265686035,13.275933265686035,453900
2004-10-20,13.17191437197734,13.494914927281506,13.081582792319299,13.388160705566406,273900
2004-10-21,13.451113385020813,13.883609033756606,13.451113385020813,13.812438011169434,258900
2004-10-22,13.864451110297075,13.864451110297075,13.330676895053386,13.34436321258545,345600
2004-10-25,13.399108344015652,13.574295692211823,13.314250993296604,13.453853607177734,401400
2004-10-26,13.503128164669643,13.503128164669643,13.267721279108823,13.358051300048828,183300
2004-10-27,13.481227968652368,13.883611609710693,13.401844830026523,13.856237411499023,416100
2004-10-28,13.878141039353206,14.083438988356358,13.837082076072196,13.946574211120605,994500
2004-10-29,13.952046672865919,14.01774194563867,13.796019812668566,13.924674034118652,186600
2004-11-01,13.889094654152645,14.00132314287617,13.850772005327789,13.976688385009766,465600
2004-11-02,13.919195065667665,14.097120289354029,13.801490879696479,13.916457176208496,1016400
2004-11-03,14.373584692767805,14.373584692767805,13.771379070917664,13.812438011169434,710700
2004-11-04,13.678315321172983,13.95752058464434,13.637254802251523,13.900035858154297,396300
2004-11-05,14.151869942880982,14.283260484353475,14.028689939739067,14.121759414672852,687900
2004-11-08,14.121762150891307,14.242202720761467,14.061541082806674,14.127236366271973,178500
2004-11-09,14.138182571212008,14.146394675229923,13.979417837363492,14.023216247558594,157500
2004-11-10,14.015002535872304,14.015002535872304,13.779594135358229,13.815178871154785,405900
2004-11-11,13.919196944677584,14.124494825476377,13.894560635114258,14.097122192382812,223200
2004-11-12,14.206616619702016,14.379067701328141,14.04237920981409,14.35169506072998,447300
2004-11-15,14.321590369998198,14.65280321542439,14.266843500176755,14.576159477233887,364500
2004-11-16,14.447499319945685,14.62268829235883,14.37906771836918,14.483085632324219,297300
2004-11-17,14.775975443815765,15.074341262136457,14.718490712788117,14.869043350219727,676200
2004-11-18,14.778711872882772,15.079813985378381,14.691116623029377,15.063389778137207,585000
2004-11-19,15.02232536586187,15.02232536586187,14.611729731871739,14.61446762084961,687300
2004-11-22,14.518662517913308,14.669213526171362,14.461179377191176,14.66647720336914,259200
2004-11-23,14.693858132772933,14.770503407913917,14.472135979292583,14.562467575073242,188700
2004-11-24,14.696597854158895,14.732182605514605,14.603528356137138,14.682909965515137,180900
2004-11-26,14.729441617608527,14.729441617608527,14.595313180754054,14.598051071166992,50100
2004-11-29,14.775971927943013,14.841667181472541,14.502240921754119,14.565199851989746,360600
2004-11-30,14.617207374753654,14.617207374753654,14.370850563049316,14.370850563049316,324900
2004-12-01,14.46666177344969,14.973063468933105,14.46666177344969,14.973063468933105,238500
2004-12-02,14.849886173790066,15.148253657317177,14.806090879463262,14.847149848937988,648900
2004-12-03,15.30427157287499,15.39733945547436,15.126346343709944,15.13729476928711,417000
2004-12-06,15.150985844104268,15.309749012524499,15.014119531453604,15.23310375213623,219000
2004-12-07,15.255004820131488,15.416504323803222,14.929264789876097,14.932001113891602,383100
2004-12-08,14.849875768716199,14.849875768716199,14.628155296089714,14.6774263381958,575400
2004-12-09,14.302421050355475,14.606261057569553,14.129970004227008,14.496768951416016,1047300
2004-12-10,14.614480825167854,14.614480825167854,14.338011741638184,14.338011741638184,206400
2004-12-13,14.54056691905852,14.54056691905852,14.403702167350362,14.466659545898438,138300
2004-12-14,14.598051480579564,14.77597677123792,14.598051480579564,14.70480728149414,711000
2004-12-15,14.73217744525168,14.882728504607341,14.696592706360292,14.767762184143066,341700
2004-12-16,14.767768291406528,14.879998334552997,14.483088696246519,14.567944526672363,849300
2004-12-17,14.57341370500935,14.584362132096853,14.392750561378314,14.431073188781738,747600
2004-12-20,14.45297837911609,14.56794474887871,14.255892502537606,14.266840934753418,572700
2004-12-21,14.329796576125291,14.494033985338536,14.283261834260415,14.463923454284668,1310100
2004-12-22,14.521403516535493,14.589836669395988,14.455708253656919,14.535091400146484,409200
2004-12-23,14.535097664226624,14.606267171441804,14.502249235481592,14.567944526672363,279300
2004-12-27,14.592583290976489,14.671964918666122,14.422870035416125,14.485827445983887,125100
2004-12-28,14.442024826000653,14.562466948526204,14.411914295369266,14.510457992553711,212700
2004-12-29,14.54056841931095,14.718492144999567,14.494033678431432,14.647322654724121,174900
2004-12-30,14.652795578147103,14.751339265943272,14.652795578147103,14.707542419433594,328500
2004-12-31,14.704809642583717,14.79240179043343,14.671961216628311,14.726706504821777,359400
2005-01-03,14.885469290118174,14.890943504943529,14.442024996986428,14.480347633361816,674700
2005-01-04,14.480346915905608,14.521405874509856,13.845292604959786,14.042378425598145,1019700
2005-01-05,13.913717971644987,14.06700687460514,13.757691179484446,13.820650100708008,1136100
2005-01-06,13.850765856500578,13.962994295402074,13.722111642481012,13.754960060119629,1602000
2005-01-07,13.842555923777999,13.987632803078474,13.681054833081507,13.823393821716309,585300
2005-01-10,13.842555923777999,13.982158588046138,13.79054696522328,13.823393821716309,247500
2005-01-11,13.596194757771661,13.661890016471625,13.434693717680265,13.505863189697266,678900
2005-01-12,13.675578699979788,13.776858712218516,13.481230780048548,13.692001342773438,341100
2005-01-13,13.639990089147288,13.744007962165446,13.535972216129132,13.560606956481934,2932500
2005-01-14,13.67284289812124,13.820657669933205,13.648208147018599,13.713903427124023,198300
2005-01-18,13.686527889480638,13.839815277661218,13.631781051160122,13.826128959655762,106200
2005-01-19,13.809705173777248,13.809705173777248,13.434694139560138,13.456592559814453,588900
2005-01-20,13.358053490347197,13.535978803610393,13.319730850116814,13.330680847167969,741000
2005-01-21,13.464810400577061,13.464810400577061,13.193817138671875,13.193817138671875,882600
2005-01-24,13.237608145532562,13.237608145532562,12.900918960571289,12.900918960571289,3387300
2005-01-25,13.084319839427545,13.193812733949603,13.084319839427545,13.117167472839355,463800
2005-01-26,13.333415909053839,13.503127513796619,13.05694694618511,13.462068557739258,871500
2005-01-27,13.473021387477685,13.620834600166496,13.410062428716632,13.609886169433594,296400
2005-01-28,13.659151325735152,13.686525523312223,13.396370306343925,13.475751876831055,193800
2005-01-31,13.68653104075933,13.722114222727468,13.593461550815377,13.642732620239258,404100
2005-02-01,13.653680782045273,13.845292385086575,13.653680782045273,13.809707641601562,306000
2005-02-02,13.864452918871166,13.891827123804815,13.757697122117287,13.809707641601562,80100
2005-02-03,13.689269566528504,13.708430105969184,13.527768444830764,13.615362167358398,155400
2005-02-04,13.801494822170465,14.203878541203997,13.771384294711636,14.190192222595215,223200
2005-02-07,14.162815951023862,14.32157908570368,14.12449332897407,14.15186595916748,166800
2005-02-08,14.12997592929211,14.524147676731273,14.12997592929211,14.436553955078125,735600
2005-02-09,14.439280208028556,14.439280208028556,14.075219252140608,14.086169242858887,266400
2005-02-10,14.343477353587746,14.343477353587746,14.067008466102042,14.1737642288208,163800
2005-02-11,14.179242147466159,14.721228506051947,14.124496873341688,14.622686386108398,981900
2005-02-14,14.652789324165578,14.710274031185822,14.57614565863544,14.66647720336914,195000
2005-02-15,14.734914641416845,14.934738335344464,14.622686204337263,14.748600959777832,686400
2005-02-16,14.636373628461326,14.743127859521435,14.535093611899438,14.639111518859863,499800
2005-02-17,14.609002210793195,14.729442771315535,14.398228488855876,14.420126914978027,264300
2005-02-18,14.376323650424212,14.504977825444756,14.370849437910097,14.409172058105469,325200
2005-02-22,14.277782434866614,14.740387096069115,14.277782434866614,14.38179874420166,468900
2005-02-23,14.507722835904353,14.507722835904353,14.17103275710173,14.324321746826172,381900
2005-02-24,14.428332898983633,14.64184285466247,14.272306091699424,14.633630752563477,674700
2005-02-25,14.68564851906576,14.912844926094039,14.611741122031322,14.893684387207031,622800
2005-02-28,14.959382810496283,15.057924982982673,14.62543050833785,14.7157621383667,423300
2005-03-01,14.904626161078188,15.049704565526888,14.84714300379595,15.041492462158203,420000
2005-03-02,15.041489884055984,15.041489884055984,14.737648376687106,14.825242042541504,365700
2005-03-03,14.822508280777472,14.822508280777472,14.49129561846846,14.625422477722168,614100
2005-03-04,14.721228506051947,14.808822197690104,14.562465331532476,14.622686386108398,199500
2005-03-07,14.713022676505096,15.00043859023631,14.710284785403177,14.866310119628906,371100
2005-03-08,14.808822897259445,15.000434498344344,14.617211296174547,14.641847610473633,469500
2005-03-09,14.70754339631409,14.808823414807433,14.55151653289795,14.55151653289795,357600
2005-03-10,14.57615536247398,14.762292787761904,14.474875326509627,14.743130683898926,584700
2005-03-11,14.800609454719451,14.847144188756452,14.346216807377203,14.414649963378906,385800
2005-03-14,14.425605523021128,14.494037139125592,14.373594988702868,14.436553955078125,241800
2005-03-15,14.507718941950403,14.513191589383565,14.18197894727951,14.184715270996094,320400
2005-03-16,14.14640282329024,14.343488734341857,14.006800107174561,14.045121192932129,721200
2005-03-17,14.072486645376662,14.160080329061401,14.028688237235677,14.075222969055176,519900
2005-03-18,14.050586679498714,14.061535105606147,13.864449338986391,13.894559860229492,430800
2005-03-21,13.982160888994724,14.036906180925165,13.804235557622258,13.938364028930664,1236900
2005-03-22,14.105339370921222,14.110813586857823,13.806973457336426,13.806973457336426,431400
2005-03-23,13.908252257540601,14.058804929586824,13.908252257540601,13.96573543548584,406500
2005-03-24,14.064279219982273,14.105338185505067,13.976685507161005,13.98489761352539,153300
2005-03-28,14.09985825537678,14.179239829660428,13.952043533325195,13.952043533325195,225900
2005-03-29,13.916458284261571,14.006789848026697,13.722108840942383,13.722108840942383,168300
2005-03-30,13.864454743795003,14.06975269317627,13.79875946264496,14.06975269317627,159000
2005-03-31,14.069747733010828,14.069747733010828,13.932883003773453,13.952043533325195,209700
2005-04-01,14.056062764100169,14.10533382074088,13.765907505441211,13.771383285522461,221700
2005-04-04,13.724846962476978,13.771381689984246,13.623566970889128,13.719372749328613,302100
2005-04-05,13.713899394291419,13.858976232740922,13.670102553767094,13.708423614501953,387300
2005-04-06,13.82338906434141,13.89729642388897,13.713898536180249,13.719372749328613,135600
2005-04-07,13.796016708237579,13.962991959840906,13.724847236989964,13.952043533325195,181800
2005-04-08,14.001315956300058,14.036900695408445,13.900035952768803,13.910985946655273,305700
2005-04-11,13.932883951636528,13.968468689681188,13.771382902304035,13.79601764678955,160200
2005-04-12,13.768647317879438,13.79054574236598,13.456595160520921,13.76317310333252,304200
2005-04-13,13.741273026468823,13.741273026468823,13.404584594687385,13.440169334411621,278700
2005-04-14,13.40732472731508,13.459332117404115,13.237611537990986,13.240347862243652,371700
2005-04-15,13.029576783355925,13.046000995417621,12.783219084477228,12.824278831481934,764100
2005-04-18,12.829749619893503,13.010411988569334,12.78047778001852,12.887232780456543,603600
2005-04-19,13.147284451854967,13.226666075772815,13.067902044787377,13.171920776367188,255900
2005-04-20,13.371737203344644,13.39911140748275,12.966616368017364,12.985776901245117,423300
2005-04-21,13.24308257076024,13.467540986792327,13.207496267335731,13.456592559814453,433500
2005-04-22,13.399107783404215,13.41005620905918,13.139063095369126,13.248555183410645,254400
2005-04-25,13.330679001972612,13.371737961058187,13.207498992118106,13.297830581665039,195600
2005-04-26,13.248557921051109,13.503126882563672,13.199286862825804,13.254032135009766,147000
2005-04-27,13.07611122211453,13.254035754752527,13.01041593777285,13.160967826843262,166200
2005-04-28,13.243088407126132,13.243088407126132,13.002204895019531,13.002204895019531,742500
2005-04-29,13.076104723434193,13.182859703220766,12.837959240263896,13.1472749710083,1150800
2005-05-02,13.14727975507833,13.21571135488864,13.070635266881538,13.139067649841309,124800
2005-05-03,13.180127803413965,13.256773081701759,13.081585664242871,13.106221199035645,367200
2005-05-04,13.166443140616268,13.459334836859451,13.163706815810729,13.401851654052734,462000
2005-05-05,13.440169457774344,13.574297880218777,13.382686295669213,13.43469524383545,183600
2005-05-06,13.503128834051756,13.566087785720654,13.429221452883265,13.533239364624023,123600
2005-05-09,13.54418998517776,13.59072316214586,13.42374785733303,13.585248947143555,118200
2005-05-10,13.535975125807035,13.535975125807035,13.401846704593721,13.440169334411621,81900
2005-05-11,13.527763827210299,13.527763827210299,13.27045696354069,13.462068557739258,257400
2005-05-12,13.546925603686846,13.670104035223277,13.470280341313797,13.514077186584473,180300
2005-05-13,13.582508307642435,14.015002481401629,13.582508307642435,13.943831443786621,830700
2005-05-16,13.960259142767454,14.023218093090971,13.856241233249472,13.995843887329102,178200
2005-05-17,13.982154907796799,14.10533332824707,13.930145962931377,14.10533332824707,333300
2005-05-18,14.1929287766376,14.31063299813991,14.023217170098265,14.27504825592041,1954500
2005-05-19,14.321584966590793,14.4392876380145,14.233989694665489,14.302424430847168,2020800
2005-05-20,14.296942086925554,14.422858372539897,14.212086310912783,14.409172058105469,204900
2005-05-23,14.425601587352048,14.524143714177407,14.340744213714743,14.442024230957031,168300
2005-05-24,14.406431914876674,14.619941832507307,14.370847189654574,14.61446762084961,364500
2005-05-25,14.589833133428636,14.589833133428636,14.384535290901407,14.491291046142578,292800
2005-05-26,14.603532855315452,14.78145823320993,14.603532855315452,14.737661361694336,255600
2005-05-27,14.737652392077841,14.737652392077841,14.551515018273488,14.674695014953613,873000
2005-05-31,14.734907610330175,14.78144232359145,14.611729237559844,14.644576072692871,846900
2005-06-01,14.641847899089534,14.849882147509037,14.587101055000911,14.754077911376953,683100
2005-06-02,14.754074399720734,14.9730585913565,14.754074399720734,14.970320701599121,461400
2005-06-03,15.000435132394731,15.000435132394731,14.819773518794909,14.84167194366455,948000
2005-06-06,14.795137966785674,14.795137966785674,14.639112660476414,14.740392684936523,820800
2005-06-07,14.797873769384713,14.95937483412991,14.595312182747406,14.622686386108398,1004700
2005-06-08,14.808824069460327,14.855358811386917,14.69111983565691,14.734916687011719,520500
2005-06-09,14.734915754314645,15.019596836399986,14.644584166751093,15.014121055603027,415500
2005-06-10,14.95116139514421,14.962109822472295,14.723965081950949,14.786922454833984,468900
2005-06-13,14.740390624303046,14.901891689259356,14.699330102357264,14.762289047241211,173400
2005-06-14,14.756815708789283,14.82251098847525,14.633637255165473,14.663747787475586,139500
2005-06-15,14.721227075375008,14.770499696856996,14.447496032458837,14.696592330932617,499800
2005-06-16,14.696596082964923,14.871783493940962,14.696596082964923,14.80882453918457,334800
2005-06-17,14.822510859879698,14.901894025989844,14.740392935708932,14.80882453918457,166200
2005-06-20,14.682907946176348,14.789663751860555,14.633636879252316,14.740392684936523,213600
2005-06-21,14.75408121275275,14.863573359131118,14.75408121275275,14.836200714111328,225000
2005-06-22,14.90463330766686,14.959380167609025,14.827989583307003,14.951168060302734,356700
2005-06-23,14.994957146943914,15.317959224119958,14.951160308218299,14.956634521484375,1476300
2005-06-24,14.967593309984606,14.967593309984606,14.663751583837234,14.671963691711426,185100
2005-06-27,14.617211626467771,14.63363583637162,14.387278953009357,14.442024230957031,1243200
2005-06-28,14.576150605043654,14.622685337752207,14.494031133445652,14.611735343933105,398400
2005-06-29,14.644576040818635,14.644576040818635,14.513185567976523,14.548771858215332,516000
2005-06-30,14.592574235561772,14.644581613675284,14.42286108531682,14.431073188781738,843300
2005-07-01,14.50771826444241,14.537827221710538,14.414648803854977,14.469395637512207,125700
2005-07-05,14.428336587892083,14.702067651416431,14.406438165462085,14.674695014953613,154500
2005-07-06,14.674693053022786,14.91831355734774,14.674693053022786,14.803345680236816,664800
2005-07-07,14.567942566927792,14.863572120666504,14.567942566927792,14.863572120666504,778200
2005-07-08,14.863567246232954,15.200255653664927,14.863567246232954,15.181095123291016,743700
2005-07-11,15.328904769066765,15.53146469782268,15.328904769066765,15.52599048614502,432000
2005-07-12,15.520526144948969,15.712137791544528,15.479467177663865,15.657392501831055,873300
2005-07-13,15.65739218373701,15.736773791988357,15.556110580486148,15.701189041137695,1061100
2005-07-14,16.013238192023163,16.013238192023163,15.736770778411971,15.862687110900879,5923800
2005-07-15,15.86268826914303,15.865424593469385,15.649178223037044,15.816153526306152,751500
2005-07-18,15.766879138962722,15.794251774256072,15.646437037594131,15.734030723571777,806400
2005-07-19,15.786041195875828,16.057034383843643,15.786041195875828,16.054296493530273,773700
2005-07-20,15.76961140515213,16.27327653622794,15.761399303417388,16.210317611694336,646800
2005-07-21,16.193908747499687,16.371834132258535,15.881856417487,15.947551727294922,349500
2005-07-22,16.144623516015194,16.191158240399513,15.93932565689364,16.051555633544922,578100
2005-07-25,16.117252856337014,16.213058640060357,15.97765023241435,16.018709182739258,262500
2005-07-26,16.144630615205,16.259596965651117,16.06798690367394,16.24591064453125,360600
2005-07-27,16.10904012418897,16.177473271691053,15.920166453989465,16.122726440429688,539700
2005-07-28,16.150107768730955,16.204853057861328,16.03240195124245,16.204853057861328,162300
2005-07-29,16.1309443012045,16.177479046071827,16.013240059962843,16.106307983398438,796200
2005-08-01,16.1418809987056,16.19115202742463,16.046075263458853,16.133668899536133,851100
2005-08-02,16.177484243837394,16.49227286347176,16.177484243837394,16.478588104248047,365400
2005-08-03,16.418360633424133,16.46215748458481,16.328029040543125,16.399198532104492,368100
2005-08-04,16.267807843233477,16.267807843233477,16.04608726501465,16.04608726501465,491100
2005-08-05,15.985863838112296,16.084405954672622,15.887320155253269,15.96396541595459,247800
2005-08-08,15.983116981266262,16.05428642177725,15.859938621520996,15.859938621520996,239100
2005-08-09,15.917427093136729,16.12546283988541,15.917427093136729,16.073453903198242,154800
2005-08-10,16.08167152042435,16.210325757184815,15.80794196777905,15.849000930786133,1062000
2005-08-11,15.82162328052143,16.035133266430574,15.796988537034807,16.02418327331543,211800
2005-08-12,15.86541858819716,15.879104903545441,15.682019143193111,15.739503860473633,1021200
2005-08-15,15.739505355592517,15.988598511410677,15.714869045846338,15.944803237915039,211800
2005-08-16,15.898272381199451,15.898272381199451,15.608117072155308,15.624541282653809,213600
2005-08-17,15.725821652516085,15.890060628547689,15.725821652516085,15.843525886535645,908100
2005-08-18,15.725818909601626,16.03513470627387,15.682022065805487,15.698446273803711,304800
2005-08-19,15.753196438789237,15.838053828940048,15.695713259238232,15.701189041137695,857400
2005-08-22,15.84900517290166,15.939336795254086,15.77509776666776,15.931124687194824,1209000
2005-08-23,15.903748670703264,15.985868167609992,15.81615495834919,15.881850242614746,209700
2005-08-24,15.81888550525515,16.07893022276489,15.755928134857296,15.766878128051758,776100
2005-08-25,15.821625403101196,15.917431198942902,15.766880129076652,15.865422248840332,7514700
2005-08-26,15.85994632535431,15.85994632535431,15.671071077949351,15.723081588745117,745200
2005-08-29,15.684768101697625,15.944812975726672,15.660131776905558,15.906490325927734,310800
2005-08-30,15.824358876602185,15.969435691833496,15.725815218044165,15.969435691833496,175200
2005-08-31,15.953021650646084,16.150109093317703,15.865427927813949,16.13642120361328,522600
2005-09-01,16.035143137431962,16.117262654302223,15.942075187005406,15.980396270751953,1964100
2005-09-02,16.005030194859494,16.032402840943696,15.881851721181315,15.922910690307617,218400
2005-09-06,16.029667798224192,16.199381036859197,16.024192015529962,16.17748260498047,212100
2005-09-07,16.15284032120251,16.278756649615733,16.0433482022125,16.188425064086914,282000
2005-09-08,16.177482726046918,16.45942445123324,16.177482726046918,16.418365478515625,526500
2005-09-09,16.451206990093763,16.538800689760606,16.341714865510205,16.4813175201416,2484000
2005-09-12,16.50047726941874,16.522377259592258,16.4128851402188,16.45120620727539,123900
2005-09-13,16.423836397798446,16.67566909888171,16.41288796712479,16.599023818969727,981000
2005-09-14,16.752305837256305,16.752305837256305,16.42930377238691,16.505949020385742,288600
2005-09-15,16.505955755486273,16.522379967658974,16.300657802224748,16.341716766357422,232500
2005-09-16,16.410143988533463,16.41288187833573,16.237692955856282,16.39645767211914,196800
2005-09-19,16.347188163174295,16.39645922017744,16.10630395938411,16.16105079650879,244500
2005-09-20,16.196637030148203,16.358138100063304,16.054296493530273,16.054296493530273,346800
2005-09-21,15.994086500592104,15.994086500592104,15.766890024936417,15.832585334777832,366300
2005-09-22,15.734026871977843,15.859943156321833,15.578000069662577,15.758663177490234,575400
2005-09-23,15.720354678023108,15.966711689236798,15.646447261399066,15.887330055236816,299400
2005-09-26,16.125312890479726,16.158177730854195,15.848707274682587,15.930866241455078,345000
2005-09-27,15.911696560862216,15.963731514811903,15.648784099062881,15.752852439880371,896100
2005-09-28,15.755585971158306,15.91990698358585,15.648778410037323,15.74189281463623,292200
2005-09-29,15.750110936884104,16.04040965144216,15.654257262494246,15.988374710083008,245100
2005-09-30,16.02946140805461,16.31428327325953,16.0212451968269,16.22938346862793,522900
2005-10-03,16.34987900421972,16.53884708254512,16.34987900421972,16.38274383544922,2934300
2005-10-04,16.382745756729673,16.500507236895395,16.163650512695312,16.163650512695312,262200
2005-10-05,16.166388456236675,16.174604664339242,15.895259857177734,15.895259857177734,225600
2005-10-06,15.906219847040026,15.974685655562443,15.503634938016964,15.678908348083496,2484000
2005-10-07,15.741896667693696,15.82953414455058,15.68986171992471,15.766545295715332,289500
2005-10-10,15.637828774827835,15.637828774827835,15.290018081665039,15.290018081665039,527700
2005-10-11,15.322886241602127,15.363967306663948,14.958643011520902,15.01889419555664,1189200
2005-10-12,14.95316158143986,15.057231492327217,14.818966087554482,14.986024856567383,989700
2005-10-13,15.018885277157782,15.26810294415979,14.909338447180511,15.24345588684082,281700
2005-10-14,15.281804022121664,15.366702262992767,15.079141127100707,15.221552848815918,220200
2005-10-17,15.237986562895646,15.292759221754283,15.120223465850872,15.248940467834473,230700
2005-10-18,15.240714879932913,15.240714879932913,15.0736561792687,15.139384269714355,202800
2005-10-19,14.909346184104907,15.210598947560749,14.77515066008896,15.199645042419434,568200
2005-10-20,15.240718191309611,15.432425555199014,15.161296927316945,15.227025032043457,473100
2005-10-21,15.377653428088244,15.470767854434925,15.331095431374065,15.374914169311523,417600
2005-10-24,15.424213539534465,15.550192832946777,15.287280342563891,15.550192832946777,302400
2005-10-25,15.459815798636464,15.459815798636464,15.26536914640553,15.314664840698242,320400
2005-10-26,15.35848166873965,15.500893349816192,15.268104934570978,15.303709030151367,407100
2005-10-27,15.259886964275191,15.28453401943174,14.942200401672736,14.975065231323242,817200
2005-10-28,14.775144482959739,14.9613733291626,14.588914069675253,14.961373329162598,1075800
2005-10-31,15.15034783361656,15.358486114414177,15.142131622033716,15.281804084777832,866700
2005-11-01,15.199639853179763,15.210593754581357,15.070921325679679,15.11747932434082,836100
2005-11-02,15.183198191406381,15.670682549907253,15.183198191406381,15.648773193359375,261900
2005-11-03,15.88431838951261,16.05685577756065,15.843238879877898,15.939092636108398,1457400
2005-11-04,15.769283263658766,16.05410663551435,15.769283263658766,15.999332427978516,1249500
2005-11-07,16.048632283756984,16.11162271712853,15.898005916326396,16.0212459564209,1322400
2005-11-08,16.02124531025817,16.119838278606636,15.884310544936293,16.0020751953125,138600
2005-11-09,16.262251517489766,16.275944683206387,15.944566311866474,16.245819091796875,303000
2005-11-10,16.295107311416,16.415609621662718,16.10613920405787,16.366313934326172,301500
2005-11-11,16.511466465060586,16.52242193494432,16.306065900248576,16.322498321533203,911400
2005-11-14,16.360838891899206,16.418350795012223,16.306064680740914,16.377269744873047,1260600
2005-11-15,16.36357642496339,16.464907059482314,16.22664169505197,16.25676727294922,211200
2005-11-16,16.30058535959476,16.306062309789674,16.13352662553784,16.248550415039062,339600
2005-11-17,16.21294749491426,16.453950535542752,16.163650243110897,16.43204116821289,580200
2005-11-18,16.59362457941453,16.812718274251463,16.555282791047638,16.722341537475586,686400
2005-11-21,16.68400027902536,16.75520533365045,16.588146597607754,16.645658493041992,203400
2005-11-22,16.621002336718522,16.971553634942897,16.621002336718522,16.875699996948242,1948500
2005-11-23,16.903083506382288,17.100267697527222,16.897606559509533,16.916776657104492,436200
2005-11-25,16.971560222015317,17.075628538529276,16.952388546726848,17.02633285522461,338100
2005-11-28,17.122190802994176,17.122190802994176,16.81819728474866,16.831892013549805,470100
2005-11-29,16.900355790591796,16.99894873703332,16.746990203857422,16.746990203857422,348600
2005-11-30,16.809986859131687,17.03729843655797,16.80724916609486,16.938705444335938,271500
2005-12-01,17.144102772138446,17.549427002170066,17.144102772138446,17.513824462890625,1682700
2005-12-02,17.52477642470395,17.702790668452796,17.489173889370576,17.5001277923584,386400
2005-12-05,17.47274250102913,17.47274250102913,17.20161379752317,17.264602661132812,248100
2005-12-06,17.456310237650055,17.634322910485935,17.36593348807665,17.43166160583496,1305300
2005-12-07,17.423452218293047,17.423452218293047,17.157800384000954,17.207096099853516,391500
2005-12-08,17.26186242120841,17.357716115742495,16.842845110887726,16.96882438659668,567600
2005-12-09,16.987991929949576,17.242689701900787,16.89213824990934,17.201608657836914,255000
2005-12-12,17.34950890568531,17.3741575486371,17.220790304158367,17.33307647705078,309600
2005-12-13,17.330330881383716,17.505607444274265,17.22626252793399,17.349502563476562,343800
2005-12-14,17.352241450173274,17.407014101645736,17.209829735597204,17.30294418334961,169200
2005-12-15,17.360454106730675,17.37688652712398,17.19613460404324,17.23173713684082,154800
2005-12-16,17.234480771935086,17.259127841701307,17.138627051411785,17.14410400390625,210600
2005-12-19,17.14409558558571,17.14409558558571,16.77985099962046,16.799022674560547,243900
2005-12-20,16.78807581331053,16.979784825572544,16.678528925648163,16.82915687561035,451200
2005-12-21,16.842850711907577,17.009909526365067,16.80177121505294,16.872976303100586,372000
2005-12-22,16.955130728593726,17.10028011212258,16.92500514830181,17.08111000061035,261000
2005-12-23,17.149580617600396,17.23721812410954,17.100284911959562,17.133148193359375,144600
2005-12-27,17.25911795928935,17.278289632665842,16.927738233344193,16.9523868560791,1374600
2005-12-28,16.95238910672194,17.00990100032412,16.79902353475561,16.96334457397461,182100
2005-12-29,17.007160202847455,17.03728577343857,16.799020466792964,16.812713623046875,180600
2005-12-30,16.705909420950942,16.752467419602084,16.56349930027033,16.697694778442383,2471100
2006-01-03,16.886655922651347,17.281024417599465,16.63195979888249,17.152307510375977,469500
2006-01-04,17.322108394583346,17.42617827741251,17.281028919978862,17.401531219482422,299100
2006-01-05,17.653487356779735,17.823283749430466,17.571326851479554,17.765771865844727,1715700
2006-01-06,18.04786060989565,18.209442404541615,17.85067628598422,18.171100616455078,892200
2006-01-09,18.253258537358096,18.423054950063786,18.17109802235379,18.368282318115234,2550000
2006-01-10,18.12728527278467,18.39567470549245,18.12728527278467,18.39019775390625,1974900
2006-01-11,18.43126738833234,18.658577212004026,18.362801612400673,18.609281539916992,544800
2006-01-12,18.614766494220845,18.72157408186606,18.390194283661618,18.4121036529541,882600
2006-01-13,18.335423703731824,18.384719398407253,18.130023147655344,18.266956329345703,501000
2006-01-17,18.03964959520377,18.058819711226406,17.867113849753594,17.98213768005371,647100
2006-01-18,17.53572814974538,17.858893321060357,17.51655803835665,17.815073013305664,3969000
2006-01-19,18.239572282041713,18.461403719298364,18.231356070723752,18.31351661682129,768600
2006-01-20,18.130017186297685,18.130017186297685,17.593236971289787,17.62883949279785,2289300
2006-01-23,17.689094239544936,17.801380343385148,17.538466348163958,17.702787399291992,1102500
2006-01-24,17.9383156648855,18.02047620750621,17.771256887375333,17.883543014526367,245700
2006-01-25,17.95201169219835,17.95201169219835,17.711008565617103,17.89997673034668,239400
2006-01-26,18.042374379472452,18.368277088268083,17.949259991422714,18.2806396484375,492900
2006-01-27,18.321736428673134,18.776356469277992,18.321736428673134,18.447715759277344,541500
2006-01-30,18.527137071920322,18.527137071920322,18.357338979949592,18.4367618560791,280200
2006-01-31,18.34911553387373,18.376503424229202,18.14645423431823,18.193012237548828,212700
2006-02-01,18.1491911815786,18.403887403159047,18.050598236438145,18.376501083374023,381900
2006-02-02,18.390191633412833,18.494261514324826,18.06155114138666,18.102630615234375,295500
2006-02-03,18.034168398974188,18.121805880879943,17.886279756487777,17.910926818847656,304200
2006-02-06,17.979394147845376,18.16562458000721,17.88354045634643,18.130022048950195,121800
2006-02-07,18.143712729489433,18.23956798324663,18.012256513548483,18.171100616455078,253800
2006-02-08,18.351849736966724,18.49699909082526,18.239565215647502,18.48878288269043,333300
2006-02-09,18.540818990104086,18.732524763150884,18.373758706767397,18.420316696166992,395700
2006-02-10,18.35185011737282,18.36006632567796,17.987607095973562,18.29433822631836,201300
2006-02-13,18.157408602169,18.1847949237809,17.968440475716,18.067031860351562,305700
2006-02-14,18.09442374087688,18.261484115029578,17.938318838983733,18.24778938293457,312600
2006-02-15,18.19575035025908,18.346376685855212,18.11906676942635,18.297080993652344,221100
2006-02-16,18.48331196011503,18.51343597443645,18.32720710204772,18.48604965209961,254400
2006-02-17,18.362803173628837,18.39292874443255,18.176572799682617,18.176572799682617,197700
2006-02-21,18.108116515072922,18.171105380737373,17.77947432197214,17.828771591186523,663300
2006-02-22,17.768517107716487,18.072510609576295,17.620628461789114,17.993087768554688,2075100
2006-02-23,17.924628152667843,18.001310194055456,17.798648834228516,17.798648834228516,1335300
2006-02-24,17.787683874818967,17.910923867556715,17.724695032733926,17.83424186706543,1876800
2006-02-27,17.80959617627935,17.979394189242196,17.80959617627935,17.910926818847656,335700
2006-02-28,17.88355219200849,18.017747761586065,17.72744880471021,17.790437698364258,2030400
2006-03-01,17.984873030462612,18.538085868451677,17.984873030462612,18.477834701538086,735300
2006-03-02,18.409362285210374,18.66131919822195,18.349109572835268,18.507953643798828,541500
2006-03-03,18.450448167975342,18.573688192575307,18.28338783123204,18.2861270904541,387900
2006-03-06,18.351855996681746,18.387458532688846,18.04512476807072,18.11359214782715,200100
2006-03-07,17.850672396518895,17.897228816761118,17.571327606740105,17.62883949279785,546600
2006-03-08,17.568587606169913,17.664441267909726,17.322106090089836,17.56037139892578,1535100
2006-03-09,17.595976730351747,17.779466292481843,17.319369623842693,17.322107315063477,235200
2006-03-10,17.27555813185044,17.50286808665002,17.16875051953442,17.264602661132812,2356500
2006-03-13,17.33033264193691,17.431664880379635,17.19339942932129,17.19339942932129,230400
2006-03-14,17.19339573751906,17.642538647005924,17.19339573751906,17.590503692626953,1035300
2006-03-15,17.773993528442052,17.826028478867173,17.634321096686573,17.79316520690918,158700
2006-03-16,17.801386709720756,17.80960135484146,17.32485580444336,17.32485580444336,690000
2006-03-17,17.283773456333986,17.431662117400748,17.1386240545766,17.33032989501953,708600
2006-03-20,17.352239915997224,17.47000141966769,17.28924949187466,17.360454559326172,479700
2006-03-21,17.36045615989472,17.787689738156914,17.319376671134993,17.363195419311523,2416200
2006-03-22,17.31115825282155,17.434398270469877,17.237213928816182,17.36593246459961,640800
2006-03-23,17.409749798507693,17.595980222986352,17.409749798507693,17.519296646118164,402900
2006-03-24,17.552167708849268,17.72744430991883,17.494655784207538,17.721965789794922,331800
2006-03-27,17.738390882819456,17.839721524067137,17.675400464094523,17.697311401367188,2412300
2006-03-28,17.664446830909,17.74660736214354,17.36593185340802,17.38236427307129,456300
2006-03-29,17.29472884093093,17.927363026540284,17.29472884093093,17.8643741607666,1086900
2006-03-30,18.102631048361182,18.130018931996425,17.86984422349146,17.954742431640625,413100
2006-03-31,18.02868756951263,18.06429166316846,17.771252107650866,17.853412628173828,279900
2006-04-03,17.834243631407414,18.212181422551637,17.834243631407414,17.979393005371094,858000
2006-04-04,18.03964263990139,18.160143375879247,17.962959071212392,18.036903381347656,305700
2006-04-05,18.099902397852496,18.450452439500747,18.075253760393238,18.403894424438477,267300
2006-04-06,18.398414804422963,18.702406786936464,18.398414804422963,18.601076126098633,734700
2006-04-07,18.669541893282375,18.718837589705974,18.231354442668312,18.2861270904541,426900
2006-04-10,18.228616861654476,18.247786976728,17.979397530288235,18.058818817138672,414900
2006-04-11,18.127283760338862,18.173841762642002,17.754824443159347,17.880802154541016,802200
2006-04-12,17.90270948676424,18.113586950036655,17.90270948676424,18.036903381347656,239700
2006-04-13,18.04786528302618,18.286129148457135,18.04786528302618,18.116331100463867,219900
2006-04-17,18.184788873127363,18.266949377707473,17.773987917308098,17.87531852722168,566400
2006-04-18,17.94378824054171,18.48878313968811,17.94378824054171,18.43948745727539,478800
2006-04-19,18.469614580382103,18.664061202055507,18.37102320729044,18.647628784179688,772500
2006-04-20,18.603817102514196,19.006402090643288,18.59012393811907,18.735273361206055,502200
2006-04-21,18.696926304962275,18.72431419313603,18.209443207781554,18.310773849487305,454200
2006-04-24,18.138230832375115,18.30528951758894,18.061547283739934,18.261470794677734,445200
2006-04-25,18.30529849964627,18.398412939751754,18.206705541177822,18.3244686126709,720600
2006-04-26,18.376499306391267,18.428534249200123,18.143710909483808,18.23134994506836,383400
2006-04-27,17.97392095196757,18.576429548094243,17.97392095196757,18.453187942504883,424800
2006-04-28,18.401148938250042,18.540821357199277,18.25599800190864,18.272430419921875,333600
2006-05-01,18.28886101092328,18.349110592483637,18.097153665470977,18.102630615234375,210600
2006-05-02,18.206706421393765,18.33268570943993,18.171103885722847,18.25874137878418,320400
2006-05-03,18.23957551291089,18.431281398320216,18.1820620234975,18.423065185546875,233700
2006-05-04,18.494260328824552,18.710614717884365,18.494260328824552,18.628454208374023,322500
2006-05-05,18.790042840751376,18.8146899036055,18.647631146257826,18.76539421081543,167100
2006-05-08,18.80647844438508,18.883162045502516,18.724319458007812,18.724319458007812,302100
2006-05-09,18.655847744922838,18.664063955072667,18.505219837312374,18.546300888061523,1642800
2006-05-10,18.466882074867243,18.538087149550233,18.11359282673061,18.157411575317383,791700
2006-05-11,18.07798530082542,18.102633929896196,17.642537156814065,17.683616638183594,1251000
2006-05-12,17.52750587463379,17.787680536772534,17.475472509287275,17.52750587463379,2131200
2006-05-15,17.51382111261034,17.637061130258672,17.133144023395158,17.36593246459961,2332800
2006-05-16,17.368679631988698,17.51383066720021,17.149585799514515,17.281042098999023,1064400
2006-05-17,17.182440839353152,17.28651074208033,16.897619019892637,16.993471145629883,1345200
2006-05-18,17.119449447023168,17.18243986371486,16.722341537475586,16.722341537475586,412200
2006-05-19,16.979773924038412,17.133137901219072,16.77437344565957,17.042762756347656,698400
2006-05-22,16.809979859408166,16.89761890882485,16.401918028171572,16.62101173400879,791700
2006-05-23,16.83736128535004,16.94690809622185,16.393695526008305,16.396434783935547,315600
2006-05-24,16.393705459121833,16.69769902290966,16.177350964214053,16.500513076782227,897600
2006-05-25,16.59362916061084,16.607322324433362,16.432047320173606,16.5498104095459,621600
2006-05-26,16.568979675551613,16.72508297402244,16.536114833506016,16.662094116210938,514200
2006-05-30,16.599095169526425,16.599095169526425,16.281410217285156,16.281410217285156,374400
2006-05-31,16.380006051359008,16.618271397972617,16.34166426716762,16.541587829589844,323100
2006-06-01,16.574460939675898,16.930489541757584,16.574460939675898,16.925012588500977,278700
2006-06-02,17.10302427942322,17.10302427942322,16.74973499142709,16.89214515686035,154200
2006-06-05,16.83736618068418,16.83736618068418,16.390962600708008,16.390962600708008,331800
2006-06-06,16.412868971144295,16.412868971144295,16.207468482676003,16.31153678894043,194400
2006-06-07,16.275939926598898,16.380009836129858,15.952777862548828,15.952777862548828,265200
2006-06-08,15.821315505590348,15.982897274616935,15.468027960690135,15.859657287597656,553800
2006-06-09,16.073280040721038,16.188303862915937,15.700820681213987,15.774765014648438,407400
2006-06-12,15.81037034831981,15.83775667900442,15.322885513305664,15.322885513305664,333900
2006-06-13,15.500897836713282,15.621398616736716,15.237985334390741,15.281804084777832,378300
2006-06-14,15.492686291719384,15.613187108039156,15.328366711813766,15.528288841247559,733200
2006-06-15,15.761061915529949,16.18829526693894,15.761061915529949,16.12804412841797,555000
2006-06-16,16.045886852203676,16.06779621692189,15.829530896185416,15.94455623626709,177600
2006-06-19,16.013028903361494,16.026722066309993,15.747378721412867,15.804890632629395,296400
2006-06-20,15.796671446093725,15.928127666137632,15.635089646404538,15.709033966064453,325500
2006-06-21,15.777501724644123,16.19925832490275,15.777501724644123,16.056846618652344,380100
2006-06-22,16.004807517288864,16.004807517288864,15.728201954167991,15.799407005310059,290100
2006-06-23,15.61772165336275,15.856138402152725,15.61772165336275,15.705413818359375,167400
2006-06-26,15.757489126947162,15.845181321942357,15.719122713576143,15.784893035888672,371700
2006-06-27,15.771186304425177,15.771186304425177,15.362862499159373,15.401228904724121,311700
2006-06-28,15.179249828606448,15.37930172426626,15.13266351784387,15.373821258544922,486600
2006-06-29,15.442331305133608,15.921907347186284,15.373821562045729,15.886281967163086,636300
2006-06-30,15.954792018354004,15.963013500492783,15.743777635662587,15.880800247192383,153600
2006-07-03,15.957536890841554,16.031528687152367,15.921911501522999,16.012346267700195,94200
2006-07-05,15.836957312847359,15.842439348232924,15.568395598207909,15.579358100891113,231300
2006-07-06,15.678004314956391,15.757478104234133,15.510838392026088,15.565646171569824,125400
2006-07-07,15.414928011151284,15.469737375854018,15.209395637669266,15.316271781921387,372900
2006-07-10,15.343678815740626,15.45603543751447,14.847659738029963,14.927133560180664,450300
2006-07-11,14.825731927648706,15.321750858957262,14.825731927648706,15.291605949401855,376800
2006-07-12,15.225844756475302,15.291615079843066,14.877809148599091,14.89973258972168,682200
2006-07-13,14.675011777999861,15.066894109706451,14.647607879696448,14.683233261108398,719400
2006-07-14,14.61197934049045,14.776405848597324,14.494140708900916,14.603757858276367,776400
2006-07-17,14.680493364822826,14.773667567020341,14.524289878097989,14.606501579284668,333900
2006-07-18,14.67501075845111,14.71885761992533,14.209136679221928,14.562652587890625,538500
2006-07-19,14.631167515094525,15.028530383500659,14.595540559260064,14.913431167602539,405600
2006-07-20,15.069639274915437,15.091562715491703,14.548957169207075,14.554437637329102,579900
2006-07-21,14.170775771746964,14.22558357970822,13.91865546447909,13.954280853271484,703500
2006-07-24,14.15433134344867,14.450298493819808,14.15433134344867,14.362603187561035,952500
2006-07-25,14.502364876076317,14.721600783503852,14.42015317488964,14.606501579284668,542400
2006-07-26,14.387268234138364,14.80381350766832,14.387268234138364,14.653090476989746,465300
2006-07-27,14.842176064717396,14.957273678969754,14.688712056351788,14.716115951538086,1578900
2006-07-28,14.839432577188612,15.190208963135747,14.839432577188612,15.154582023620605,1031400
2006-07-31,15.09429623930764,15.277903590896031,15.072371241528934,15.198432922363281,551100
2006-08-01,15.017558332690513,15.017558332690513,14.751736250254448,14.886017799377441,560400
2006-08-02,14.921647296407418,15.171026489212926,14.921647296407418,15.050448417663574,241800
2006-08-03,15.009338618303179,15.382036839849315,14.976454265151448,15.30256462097168,1366800
2006-08-04,15.502620146524132,15.584833401082866,15.00112227308193,15.168288230895996,611400
2006-08-07,15.097033851221369,15.184727559317633,15.017561624270026,15.08607292175293,228000
2006-08-08,15.129929734576729,15.245027410190515,14.910695320032268,15.001130104064941,376200
2006-08-09,15.313529851199732,15.453291905240869,15.044966673429116,15.06689167022705,457200
2006-08-10,15.044960782092163,15.316263302159834,14.998374494379014,15.261455535888672,208800
2006-08-11,15.113478712304065,15.113478712304065,14.822993659761687,14.864099502563477,379200
2006-08-14,15.006600281163696,15.297086887644937,14.979196387297245,15.06689167022705,156900
2006-08-15,15.351899455640945,15.639645135098654,15.321756103854222,15.625943183898926,263700
2006-08-16,15.71636978641999,16.21512807804628,15.636897569856513,16.138395309448242,1693800
2006-08-17,16.13018309545177,16.420668212160816,16.127442078091217,16.174028396606445,1537200
2006-08-18,16.058929951663835,16.204172502735823,15.902724899787044,16.182249069213867,360900
2006-08-21,15.982197109537324,15.982197109537324,15.801327625122642,15.91368579864502,330600
2006-08-22,15.894501881863627,16.080851832855167,15.823252689904736,15.886281967163086,550500
2006-08-23,16.09181180367337,16.09455282020112,15.675266672429208,15.779401779174805,968100
2006-08-24,15.798588241540598,15.886281967163086,15.672528118936393,15.886281967163086,485700
2006-08-25,15.836956676261671,16.05345159073938,15.80133128812713,15.894505500793457,467700
2006-08-28,15.910950928323516,16.124704858243177,15.910950928323516,16.121965408325195,471600
2006-08-29,16.17402660612038,16.415185928344727,16.050707496038648,16.415185928344727,822900
2006-08-30,16.497411484911044,16.735828399658203,16.374092282932256,16.735828399658203,702000
2006-08-31,16.675527509608504,16.675527509608504,16.48643808693298,16.56591033935547,395700
2006-09-01,16.702931563927137,16.702931563927137,16.34393359764773,16.415185928344727,329400
2006-09-05,16.341200280539507,16.623463987924133,16.283651445445948,16.612503051757812,806700
2006-09-06,16.415187974598314,16.415187974598314,16.07811496658251,16.080854415893555,226200
2006-09-07,15.949313945969,16.242540086697748,15.861620205492656,16.026046752929688,655800
2006-09-08,16.0726319016041,16.2206154698992,16.02878660264785,16.182249069213867,158100
2006-09-11,16.16306741488055,16.590575172756214,16.16306741488055,16.469995498657227,451800
2006-09-12,16.59330669071981,17.06466109240753,16.579606314769865,17.026294708251953,1234500
2006-09-13,16.998895774298497,17.100291444191853,16.837210278602353,16.944087982177734,211500
2006-09-14,16.87558222625454,17.012603319725834,16.834476368639535,16.9989013671875,414300
2006-09-15,17.09755975759835,17.28939025328545,16.908470279996664,16.979721069335938,1365900
2006-09-18,17.001630285094816,17.33870309552903,17.001630285094816,17.190719604492188,377100
2006-09-19,17.122218293936303,17.122218293936303,16.730335951936752,16.908464431762695,1032000
2006-09-20,17.059194127120307,17.114003514724917,16.97424137963462,17.04549217224121,497100
2006-09-21,17.072880071393335,17.086582013423026,16.708403395526002,16.716623306274414,279600
2006-09-22,16.645381217921923,16.689226510186124,16.49465665540861,16.519319534301758,252600
2006-09-25,16.56591139043654,16.952313312171807,16.431631328411527,16.92216682434082,773400
2006-09-26,16.839950722483042,16.94408740567428,16.708410144163814,16.91120147705078,241800
2006-09-27,16.96880533569861,17.122393861473974,16.796018832711216,16.85635757446289,597600
2006-09-28,16.88652195063339,17.037368774414062,16.826184790480504,17.037368774414062,348000
2006-09-29,17.023655942482737,17.023655942482737,16.861839294433594,16.861839294433594,120000
2006-10-02,16.798747578325045,16.982503747058786,16.7027530670166,16.7027530670166,286800
2006-10-03,16.54368664450685,16.697275101610852,16.447693662646973,16.601282119750977,349800
2006-10-04,16.59580399911637,16.963319778442383,16.57386278198287,16.963319778442383,304200
2006-10-05,16.91120606641364,16.94960358164137,16.815213063024,16.92491912841797,1017900
2006-10-06,16.76584018144792,16.87828788044052,16.727442678918305,16.79326629638672,254700
2006-10-09,16.774070700818488,17.092217445539813,16.771327461193316,16.957828521728516,491100
2006-10-10,16.949605191041428,16.97703131765425,16.83715587482556,16.908464431762695,917100
2006-10-11,16.87005852262838,17.267745007523907,16.83989073997381,17.078500747680664,441000
2006-10-12,17.188208320358015,17.333570184822232,17.064789231482877,17.28968620300293,941400
2006-10-13,17.33357107966168,17.59686556801682,17.27871727657489,17.52281379699707,957300
2006-10-16,17.65446585452912,17.73674579691283,17.599612036486857,17.6407527923584,243600
2006-10-17,17.437782272938964,17.437782272938964,17.103179413498683,17.193687438964844,522600
2006-10-18,17.158041439497524,17.158041439497524,16.70550419192147,16.763099670410156,2041500
2006-10-19,16.7877899783628,16.798761371568187,16.53820843823608,16.67534065246582,681000
2006-10-20,16.66161597720931,16.66161597720931,16.420262757835488,16.48334312438965,2808600
2006-10-23,16.428496910984343,16.686306518274876,16.376386341579725,16.499805450439453,293100
2006-10-24,16.442202142829693,16.601275445682496,16.346209199561034,16.351694107055664,367800
2006-10-25,16.35170529075731,16.697279809007494,16.35170529075731,16.667110443115234,448800
2006-10-26,16.839892531076174,16.8837749442431,16.631450283853834,16.842634201049805,956100
2006-10-27,16.812470570833685,16.812470570833685,16.414787046937974,16.466896057128906,2468700
2006-10-30,16.45317509176812,16.697269976753805,16.45317509176812,16.606761932373047,420000
2006-10-31,16.67534347771775,16.760366689045927,16.60403490255985,16.697284698486328,1251900
2006-11-01,16.867319090882564,16.867319090882564,16.354443177326303,16.403810501098633,343500
2006-11-02,16.34622194806917,16.409302356850077,16.23103095405204,16.31879425048828,705900
2006-11-03,16.387362622631443,16.43124348593646,16.258456995829448,16.390104293823242,2835300
2006-11-06,16.44220839190207,16.68904658591643,16.38735615739175,16.65613555908203,204300
2006-11-07,16.48335026912007,16.998969518684728,16.48335026912007,16.765844345092773,802200
2006-11-08,16.645167217296635,16.793270788557717,16.5546606999165,16.754873275756836,915300
2006-11-09,16.823432887918898,16.848117328925582,16.442204303180915,16.455917358398438,336300
2006-11-10,16.401062534036082,16.63418916611038,16.401062534036082,16.593050003051758,222900
2006-11-13,16.612255877735457,16.894748384545252,16.612255877735457,16.878292083740234,1661700
2006-11-14,16.92217790328034,17.36374384727016,16.79053062134063,17.325347900390625,570000
2006-11-15,17.37197259750722,17.605099373835934,17.330833408992447,17.4707088470459,2043000
2006-11-16,17.47070641438101,17.583155711100222,17.319859605445572,17.517332077026367,1357500
2006-11-17,17.42956036331863,17.44601665917387,17.319854339881577,17.418590545654297,192900
2006-11-20,17.350028811749358,17.659949007912775,17.30614638942671,17.64897918701172,1461900
2006-11-21,17.679142931329274,17.679142931329274,17.333568572998047,17.333568572998047,3295500
2006-11-22,17.481678674285185,17.602354558076772,17.410368556805427,17.58315658569336,578400
2006-11-24,17.446019408779716,17.60509434485374,17.418593290937604,17.52829933166504,173700
2006-11-27,17.459737650956136,17.583158356603406,17.07576560974121,17.07576560974121,373200
2006-11-28,17.04010878799391,17.1059339915031,16.922176149997885,17.097705841064453,759900
2006-11-29,17.303411493315263,17.306153164934308,16.9770348686618,17.08399772644043,473700
2006-11-30,17.13883345880656,17.317106269509267,16.99347322764941,17.24579620361328,2117400
2006-12-01,17.2457981205385,17.2457981205385,16.790519417965253,17.0017032623291,723900
2006-12-04,17.037359351680564,17.421329591192915,17.02913120499236,17.317110061645508,917100
2006-12-05,17.30613562288144,17.498121493444003,17.30613562288144,17.37470245361328,138000
2006-12-06,17.347280730046528,17.522811939703836,17.26500238817567,17.451501846313477,816000
2006-12-07,17.55846953491082,17.574925834152467,17.19643879839003,17.20192527770996,265500
2006-12-08,17.17449831302622,17.256778243343145,16.974284182105503,17.119646072387695,791100
2006-12-11,17.122395253345513,17.232101352103015,17.059314835069884,17.08399772644043,292800
2006-12-12,17.07302424674134,17.14433280333007,16.850868855800115,16.979774475097656,403200
2006-12-13,17.201933116367147,17.201933116367147,16.839902214874428,16.850872039794922,381300
2006-12-14,16.87280175280024,17.160780646936768,16.87280175280024,17.105928421020508,4226400
2006-12-15,17.221127507892213,17.22661241921008,17.075765587772803,17.103193283081055,408000
2006-12-18,17.171756387127413,17.306145316307834,17.004454858566245,17.059307098388672,2740800
2006-12-19,16.752130860982735,16.946858517589693,16.746644381284007,16.864580154418945,331800
2006-12-20,17.059302268486483,17.100441436705808,16.90022893480802,16.941368103027344,449100
2006-12-21,16.946849958274772,16.97153839276662,16.639623431678793,16.70545768737793,351600
2006-12-22,16.73289829499015,16.760330428566867,16.603973388671875,16.603973388671875,555900
2006-12-26,16.56830808889788,16.754839317861336,16.56830808889788,16.732892990112305,414300
2006-12-27,16.76032995219666,16.91942910219794,16.76032995219666,16.82616424560547,565500
2006-12-28,16.83713367093116,16.87553739620197,16.80147519908327,16.831647872924805,123900
2006-12-29,16.80147159786398,16.949597529965303,16.73563575744629,16.73563575744629,77700
2007-01-03,16.922168683999157,17.067552517163886,16.52716144969269,16.686262130737305,509400
2007-01-04,16.686274986652613,17.064823550845773,16.658844408984965,17.01270294189453,462300
2007-01-05,16.7219250724034,16.85633733414441,16.55734013500264,16.689008712768555,241500
2007-01-08,16.697237952444866,16.886511334031283,16.631402094905344,16.75484275817871,269100
2007-01-09,16.82341884360973,16.900226296217248,16.669805508007897,16.815189361572266,429000
2007-01-10,16.732901033399376,17.166312176938916,16.732901033399376,17.103219985961914,473100
2007-01-11,17.16630763890459,17.308947812840252,17.119674429172335,17.15533447265625,708000
2007-01-12,17.089500654607242,17.1992244720459,17.00720896873822,17.1992244720459,179700
2007-01-16,17.130651660076115,17.130651660076115,16.993495682301223,17.059329986572266,184200
2007-01-17,16.957829889628897,17.084012655835206,16.897481405406783,16.938627243041992,554400
2007-01-18,16.793250800818964,16.793250800818964,16.302234844703467,16.321435928344727,803400
2007-01-19,16.315948914690853,16.60671665241151,16.296746264712045,16.475048065185547,542700
2007-01-22,16.411947231563968,16.411947231563968,16.211702341761985,16.296737670898438,564300
2007-01-23,16.346121080491212,16.46133069830175,16.28028678894043,16.28028678894043,466500
2007-01-24,16.395496862983045,16.56282706540918,16.343379420800076,16.529909133911133,195600
2007-01-25,16.710955800388202,16.817935946100025,16.425672272596383,16.461332321166992,382800
2007-01-26,16.52990604092028,16.74661153043131,16.43938488546523,16.68351936340332,225900
2007-01-29,16.650606139382624,16.738385197311302,16.540882316971782,16.59025764465332,143700
2007-01-30,16.68352488982854,16.72467231013191,16.620434271514824,16.664323806762695,130200
2007-01-31,16.488768985045635,16.71644619117825,16.44762312607298,16.6807861328125,320100
2007-02-01,16.7328904924881,16.878275866850323,16.686258869417358,16.82067108154297,635700
2007-02-02,16.886512237504313,16.98252077540184,16.815190577891677,16.927658081054688,743400
2007-02-05,16.985261991257133,17.081270524075286,16.91394190503104,16.99074935913086,318600
2007-02-06,16.971547608687086,17.0181808204015,16.7520999705251,16.927658081054688,531600
2007-02-07,17.11418863085479,17.254086690438307,17.007208500403046,17.15533447265625,997500
2007-02-08,17.086754836199233,17.125158559908943,16.985260513948152,17.08949851989746,246900
2007-02-09,17.270545691854476,17.287003086842223,16.79598882007617,16.834392547607422,588300
2007-02-12,16.78776558036359,16.78776558036359,16.61769321200883,16.64238166809082,71400
2007-02-13,16.727408109126497,16.757580776973644,16.631398030217156,16.73015022277832,226200
2007-02-14,16.859084958756355,17.11967849122413,16.84811178990437,17.059329986572266,475500
2007-02-15,17.03464500708866,17.17179943057684,17.03464500708866,17.14985466003418,1452600
2007-02-16,17.08949907082239,17.1663065207179,17.053839029661315,17.13887596130371,703200
2007-02-20,16.998977910832938,17.15807703897101,16.935885740644526,17.13887596130371,128700
2007-02-21,17.009946815585252,17.12515640258789,16.985258374250588,17.12515640258789,163200
2007-02-22,17.32266475947656,17.509196046732285,17.32266475947656,17.48725128173828,529200
2007-02-23,17.542108028671745,17.638114969542812,17.506446424241332,17.583253860473633,1146000
2007-02-26,17.640866036827404,17.646351836107954,17.473537386669165,17.55857276916504,231600
2007-02-27,17.144359570444227,17.391239305094768,16.889251923957122,16.938627243041992,459900
2007-02-28,16.9770215162346,17.122406848098134,16.84535302556033,16.974279403686523,717300
2007-03-01,16.56831565494549,16.98526624993539,16.56831565494549,16.85359764099121,1791300
2007-03-02,16.774046694618335,16.831651510166104,16.51619529724121,16.51619529724121,390900
2007-03-05,16.37081237600514,16.650608556167697,16.337894439697266,16.337894439697266,306600
2007-03-06,16.617685893399557,16.763071311256848,16.584769536067462,16.7274112701416,206400
2007-03-07,16.623166800746148,16.74660583959271,16.571047816413152,16.65882682800293,147300
2007-03-08,16.856338492952844,16.930402269239426,16.80696159568621,16.82616424560547,351600
2007-03-09,17.094989635072498,17.094989635072498,16.80696397207903,16.930404663085938,339600
2007-03-12,16.919422510464397,17.136127956182584,16.919422510464397,17.064807891845703,108900
2007-03-13,16.92216869952665,17.015433533594944,16.7164363861084,16.7164363861084,99900
2007-03-14,16.774046411582592,16.817935943603516,16.516195018556306,16.817935943603516,356700
2007-03-15,16.760328503518785,16.83439227340367,16.735640057019413,16.809703826904297,465900
2007-03-16,16.78775883117662,16.828906241437437,16.631401811411937,16.699979782104492,154500
2007-03-19,16.80147472047782,16.815188430296477,16.606713985475107,16.612199783325195,156900
2007-03-20,16.63414571578211,16.839878060973497,16.63414571578211,16.779529571533203,278700
2007-03-21,16.820683364008552,17.149854927277893,16.774050137273544,17.084020614624023,207600
2007-03-22,16.982526324571328,16.982526324571328,16.826169242685054,16.848114013671875,196800
2007-03-23,16.952351534013168,17.040130615194105,16.89200302329783,16.949607849121094,291900
2007-03-26,16.956473351419625,16.986680955614244,16.750524269651233,16.937252044677734,222300
2007-03-27,16.898799242535574,16.96744942520642,16.871339797973633,16.871339797973633,104700
2007-03-28,16.766995379137207,16.777980101920242,16.65441100539239,16.662649154663086,285600
2007-03-29,16.761506603494503,16.761506603494503,16.371576376716902,16.50613021850586,843900
2007-03-30,16.6022338509433,16.637931443269927,16.473173203972728,16.558298110961914,188400
2007-04-02,16.665389908797028,16.665389908797028,16.426489925909124,16.53632926940918,274500
2007-04-03,16.64891242980957,16.712071029869275,16.53083651880632,16.64891242980957,60900
2007-04-04,16.648919813702822,16.832900978979286,16.648919813702822,16.788965225219727,349200
2007-04-05,16.8219084204266,16.93998588904228,16.8219084204266,16.92350959777832,493500
2007-04-09,16.945488920214682,16.964710225508878,16.816428217667923,16.88507843017578,193200
2007-04-10,16.89331031526725,17.030609130859375,16.887818739747463,17.030609130859375,55200
2007-04-11,17.008640795753116,17.008640795753116,16.84662755278788,16.85761070251465,231300
2007-04-12,16.843882993056685,17.05257857547101,16.843882993056685,17.030609130859375,64800
2007-04-13,16.956465129389517,17.00040244156167,16.830151052733964,16.997655868530273,29100
2007-04-16,17.019618786421663,17.137696252155582,16.98941277693014,17.11847496032715,265200
2007-04-17,17.134954116524,17.14868540997458,17.05257578341645,17.10200309753418,127500
2007-04-18,17.29971200774699,17.57980270881178,17.264014419770625,17.4589786529541,644100
2007-04-19,17.32992125925167,17.692391923274915,17.32717468609968,17.563329696655273,802200
2007-04-20,17.71161422928452,17.74182025061061,17.51390337527701,17.629234313964844,316800
2007-04-23,17.58528921980643,17.596273935933503,17.47819648671063,17.494672775268555,509700
2007-04-24,17.7665257641636,18.032885104298998,17.72533504158,17.928537368774414,701700
2007-04-25,18.046622948660268,18.109779984544982,17.87637156641829,18.096050262451172,218400
2007-04-26,18.08781018967304,18.09604833630565,17.90382910492022,18.09055519104004,485100
2007-04-27,17.969730854003608,17.98895214665408,17.81320922665328,17.821447372436523,487500
2007-04-30,17.78026184666669,17.79124656801409,17.563329705533146,17.566076278686523,191400
2007-05-01,17.60177962560301,17.65944511054012,17.44525790129757,17.610017776489258,139500
2007-05-02,17.65120828254329,17.85166577908781,17.64297170230636,17.755556106567383,336300
2007-05-03,17.794001597314814,17.950523344852016,17.794001597314814,17.859905242919922,185400
2007-05-04,17.931291339792857,18.07408328489472,17.914816615226762,18.027400970458984,381600
2007-05-07,18.06584443653744,18.06584443653744,17.953258514404297,17.953258514404297,217800
2007-05-08,17.818710387788293,17.931296345717474,17.761044907543212,17.91207504272461,266700
2007-05-09,17.848913794196964,18.23609733581543,17.848913794196964,18.23609733581543,332400
2007-05-10,18.096052657829063,18.25806591400729,17.854404488939903,17.901086807250977,373800
2007-05-11,18.032891060007735,18.17568299334832,17.994446896654583,18.150968551635742,194700
2007-05-14,18.28553289188659,18.288279466306356,18.052124346744986,18.126264572143555,265500
2007-05-15,18.098800217174126,18.134497818640515,17.884613037109375,17.884613037109375,196200
2007-05-16,17.84891891849534,17.90658440175279,17.71161850274595,17.887361526489258,123900
2007-05-17,17.848905173616703,17.925791901663068,17.711604863597948,17.804967880249023,462300
2007-05-18,17.91481742688583,17.91481742688583,17.689645563687513,17.83243751525879,544200
2007-05-21,17.848909378051758,18.068586469044433,17.78575078061138,17.848909378051758,362400
2007-05-22,17.917563763132886,18.038387852019177,17.79673967424659,17.931293487548828,587400
2007-05-23,17.807716211786012,17.884602947429993,17.651194597105224,17.67316246032715,571800
2007-05-24,17.67042520465159,17.684154928775026,17.269510346675904,17.36287498474121,952200
2007-05-25,17.43151571863138,17.516640598189216,17.379341847808178,17.45348358154297,761400
2007-05-29,17.480949786022794,17.590789143110733,17.480949786022794,17.563329696655273,350100
2007-05-30,17.329924326999294,17.450746855551007,17.318939603712927,17.445255279541016,255600
2007-05-31,17.615502745081038,17.72534209691505,17.571567004347436,17.714357376098633,419700
2007-06-01,17.832431829890023,17.958745873344867,17.829685257580543,17.873620986938477,792000
2007-06-04,17.80497839307663,17.97248480735191,17.80223339086532,17.829692840576172,315600
2007-06-05,17.82694238760187,17.829688960481764,17.604518693574995,17.744564056396484,186300
2007-06-06,17.675919434096198,17.741823062543887,17.516651153564453,17.516651153564453,64200
2007-06-07,17.538617519810707,17.568823540617636,17.192623138427734,17.192623138427734,295200
2007-06-08,17.357374230103776,17.68414717757087,17.29970878555441,17.67316246032715,479700
2007-06-11,17.62649057932519,17.744568099811442,17.58804640657625,17.604522705078125,210900
2007-06-12,17.472714117154997,17.637473961798847,17.415048642909547,17.4644775390625,134700
2007-06-13,17.530389803782956,17.74732208251953,17.530389803782956,17.74732208251953,307200
2007-06-14,17.807728212514466,18.043883294112785,17.79399848515641,17.97797966003418,194700
2007-06-15,18.230604221797517,18.304745985193517,18.16470060669731,18.280033111572266,279300
2007-06-18,18.271794945591243,18.315730688948854,18.19216003589771,18.274539947509766,98700
2007-06-19,18.109782544032154,18.137241992100662,17.98621188519147,18.123512268066406,124500
2007-06-20,18.10704099339413,18.230610115245202,18.00269317626953,18.00269317626953,321900
2007-06-21,18.04937387823884,18.5628731952715,18.04113572802372,18.53541374206543,1065900
2007-06-22,18.49971217391478,18.549139493346086,18.2690487311251,18.315731048583984,354300
2007-06-25,18.332196252337614,18.34867254067886,18.043869062692497,18.085058212280273,257100
2007-06-26,18.15097738907662,18.15097738907662,17.903839136686578,17.988964080810547,264600
2007-06-27,18.041126935566684,18.400850939558506,18.02465064316627,18.392614364624023,134100
2007-06-28,18.365156694032372,18.37339484173104,18.219619750976562,18.219619750976562,377100
2007-06-29,18.291662562538143,18.3219105202616,18.027682102530864,18.101926803588867,135300
2007-07-02,18.26690942166115,18.354902879638868,18.206413525939684,18.341154098510742,333000
2007-07-03,18.401659306812963,18.420907295443797,18.33566417993133,18.39065933227539,336600
2007-07-05,18.38241242244247,18.506153106689453,18.33291646343331,18.506153106689453,79200
2007-07-06,18.53640064373845,18.676640502214006,18.503403862981447,18.66014289855957,184200
2007-07-09,18.698645985866115,18.82238670384706,18.698645985866115,18.79488754272461,354000
2007-07-10,18.64364782247323,18.80313570701868,18.64364782247323,18.64639663696289,270900
2007-07-11,18.62713972137262,18.68213643965859,18.49789829879684,18.6298885345459,143700
2007-07-12,18.715135497998343,19.124855041503906,18.679388334797284,19.124855041503906,258600
2007-07-13,19.171601812633003,19.210099362055182,19.045110763644644,19.089107513427734,326700
2007-07-16,19.11110317895974,19.212845443351664,19.069855251876845,19.19359588623047,264000
2007-07-17,19.303592626333785,19.592321895269446,19.284344637783914,19.49057960510254,496200
2007-07-18,19.141355209512245,19.210100725972215,18.968118584984477,19.14960479736328,413100
2007-07-19,19.28983718536928,19.34758270455078,19.155096591647517,19.281587600708008,184800
2007-07-20,19.331087649456396,19.355836408707475,19.006612833257122,19.04785919189453,544800
2007-07-23,19.105602799819717,19.24034340865263,19.025858903747352,19.045106887817383,431700
2007-07-24,18.80312771695624,18.94611793345709,18.60239196588029,18.65738868713379,562800
2007-07-25,18.860873315360486,18.860873315360486,18.5776448416175,18.701385498046875,666300
2007-07-26,18.508897579444323,18.62163982497203,18.049680584674487,18.376907348632812,575400
2007-07-27,18.313665709654032,18.48965271376217,18.077182779521742,18.079933166503906,605400
2007-07-30,18.275167638801562,18.497900201129188,18.162425377461883,18.404407501220703,478800
2007-07-31,18.602385922544478,18.602385922544478,18.110172271728516,18.110172271728516,1174500
2007-08-01,18.233916571911685,18.26416452886927,17.804947548537477,18.209169387817383,1347000
2007-08-02,18.308170215253064,18.308170215253064,18.011191273456213,18.217426300048828,553200
2007-08-03,18.14868239831707,18.176179982364648,17.675716400146484,17.675716400146484,1453500
2007-08-06,17.69496370008595,17.91769630515534,17.5574726505711,17.909446716308594,2033400
2007-08-07,17.79669714067215,17.96993369980479,17.606959838618312,17.895689010620117,1598400
2007-08-08,18.077181181305928,18.54464622627728,18.077181181305928,18.297164916992188,915600
2007-08-09,18.03868912640478,18.492407096167163,18.011189970985537,18.165180206298828,2946300
2007-08-10,17.843451139695816,18.247673115993912,17.7637072140714,18.060686111450195,961500
2007-08-13,18.24492555671013,18.24492555671013,17.99744415283203,17.99744415283203,336000
2007-08-14,18.06618042969706,18.137676320801646,17.75820321300071,17.769203186035156,1852500
2007-08-15,17.57945926863759,17.755446183767248,17.26873178156911,17.27973175048828,1248600
2007-08-16,17.17249661398949,17.392478765156614,16.751777150620725,17.265989303588867,1069200
2007-08-17,17.791200272952764,18.14592459587739,17.395228020939456,17.565715789794922,3301200
2007-08-20,17.683969573962713,17.854457461816626,17.59597602841859,17.771963119506836,368400
2007-08-21,17.77470762767358,17.94794427311068,17.77470762767358,17.909446716308594,165900
2007-08-22,18.07992735981193,18.096424956062624,17.93693717817396,18.033180236816406,251100
2007-08-23,18.088178300182964,18.088178300182964,17.821447449512966,17.868194580078125,338700
2007-08-24,17.956194435386944,18.134931861395298,17.881949706843418,18.123931884765625,142800
2007-08-27,18.06069206346224,18.07994163445729,17.94519935783796,17.964448928833008,64200
2007-08-28,17.862691559660128,17.887438739473772,17.45847136374804,17.499717712402344,462300
2007-08-29,17.664717725301653,18.0166918307536,17.664717725301653,18.00294303894043,112200
2007-08-30,17.873700314444104,18.21742320238787,17.873700314444104,18.022188186645508,287700
2007-08-31,18.217422350312354,18.3961597541933,18.181676757673817,18.357662200927734,678300
2007-09-04,18.39615829469086,18.83887618850068,18.39615829469086,18.67388916015625,144300
2007-09-05,18.61614175517441,18.62988896825629,18.387908437197346,18.486900329589844,390600
2007-09-06,18.63264784416916,18.676644610488488,18.429163193304383,18.64639663696289,615300
2007-09-07,18.346662269965133,18.346662269965133,18.02218584160308,18.167924880981445,1014900
2007-09-10,18.390663580403302,18.440159543635797,18.019439922538826,18.203678131103516,530100
2007-09-11,18.35491031889886,18.541897279611046,18.22566889170797,18.431903839111328,700500
2007-09-12,18.35491312922016,18.489653777031847,18.11567979834831,18.14592933654785,270000
2007-09-13,18.14867710657869,18.236670608632757,18.063433991506784,18.079933166503906,566100
2007-09-14,17.91769416898767,18.05793401576642,17.906695767468708,17.967191696166992,442800
2007-09-17,17.884703341340344,17.991944872346174,17.813207413887934,17.912200927734375,167700
2007-09-18,18.08542503561019,18.544641961656243,17.978183579167855,18.442899703979492,567000
2007-09-19,18.561141592733197,18.74537813026259,18.43465057729627,18.525394439697266,405900
2007-09-20,18.4374022486935,18.599640428475553,18.4374022486935,18.53914451599121,214200
2007-09-21,18.638138759005223,18.737132225929745,18.60789237237739,18.621641159057617,200400
2007-09-24,18.657386633257797,18.748130505285125,18.475900462650774,18.56664276123047,378900
2007-09-25,18.4291566444285,18.695887535498702,18.4291566444285,18.67388916015625,455100
2007-09-26,18.883390354056935,18.88889769470853,18.583304876922245,18.605329513549805,780600
2007-09-27,18.759510641342292,18.820078813896686,18.6686583825107,18.674165725708008,149700
2007-09-28,18.701692985913482,18.773272682134923,18.577804565429688,18.577804565429688,324600
2007-10-01,18.687923486246582,19.062342332787402,18.687923486246582,18.965984344482422,241800
2007-10-02,18.99351978656879,19.040321166340615,18.86962979664064,19.00177764892578,796200
2007-10-03,18.77052264335254,19.045829924525417,18.45942393481989,18.591571807861328,377100
2007-10-04,18.588811065766507,18.588811065766507,18.420873404570948,18.55852699279785,192600
2007-10-05,18.696189228691246,18.974250180717675,18.652138362442788,18.869632720947266,613500
2007-10-08,18.924695379809112,18.960485232254076,18.809064808071245,18.89716339111328,783600
2007-10-09,19.133924763101604,19.133924763101604,18.528244817035997,18.759504318237305,894600
2007-10-10,18.740238139997434,18.75400334621572,18.55302786970965,18.7154598236084,633300
2007-10-11,18.836588431707494,18.836588431707494,18.16483624666403,18.313501358032227,503400
2007-10-12,18.40436258692322,18.577807664798073,18.3713264044352,18.536510467529297,582900
2007-10-15,18.61084384728609,18.665906251868787,18.45942499150592,18.536510467529297,445200
2007-10-16,18.514485024333197,18.69343427181734,18.4979661475418,18.5062255859375,736500
2007-10-17,18.99627202072539,18.99627202072539,18.663148716580682,18.850358963012695,732300
2007-10-18,18.76226324405593,18.89441111737688,18.632867466849845,18.858619689941406,442800
2007-10-19,18.792554222489724,18.792554222489724,18.288740819148458,18.305259704589844,850800
2007-10-22,18.12078533482181,18.528240275909255,18.087747596179,18.464920043945312,538800
2007-10-23,18.5062255859375,18.5062255859375,18.25569348880611,18.5062255859375,289500
2007-10-24,18.107020756971366,18.107020756971366,17.517861332521928,17.939083099365234,585300
2007-10-25,17.820711720811964,17.82346381730797,17.18199533597764,17.347179412841797,488100
2007-10-26,17.58944966040009,17.605968538372107,17.26458574514264,17.404993057250977,367800
2007-10-29,17.449042109204058,17.66928856139011,17.449042109204058,17.567424774169922,215100
2007-10-30,17.50686082584056,17.74913198164225,17.482084078576744,17.633502960205078,645300
2007-10-31,17.66929275061131,17.859255163744198,17.55641582635633,17.798686981201172,271200
2007-11-01,17.732608594995867,17.732608594995867,17.47657229457574,17.50410270690918,426600
2007-11-02,17.564672154119485,17.63900553309743,17.3747097746545,17.625240325927734,1254300
2007-11-05,17.41874829853709,17.738106263541802,17.41874829853709,17.539884567260742,1152000
2007-11-06,17.633505931001746,17.809703164905905,17.539901544322042,17.793184280395508,1840800
2007-11-07,17.630739511348143,17.732603266634964,17.311381468130786,17.3168888092041,384300
2007-11-08,17.4022385636826,17.413250098259127,16.78830218955346,17.071868896484375,1187400
2007-11-09,16.947975100542337,17.170975146021497,16.859876550524838,16.92319679260254,994200
2007-11-12,16.82133532302459,16.9727541356611,16.47995260773202,16.485458374023438,693300
2007-11-13,16.72772912409247,16.906679915679593,16.667162545303164,16.859878540039062,115200
2007-11-14,17.041588492014796,17.069120485052846,16.727736058933004,16.73048973083496,114000
2007-11-15,16.650645330393917,16.843361344331225,16.50748594312164,16.63137435913086,652500
2007-11-16,16.66166839750367,16.719484501967962,16.433163953898475,16.518508911132812,1236000
2007-11-19,16.45793367161213,16.57356425576909,16.199143662299548,16.218416213989258,1242900
2007-11-20,16.262462273798118,16.35056084876945,15.736622919858737,16.020191192626953,1628400
2007-11-21,15.799942681270466,16.04772109705324,15.532894868895124,15.703584671020508,1572900
2007-11-23,15.832980034073577,16.011930845069916,15.75038723089629,15.93209171295166,92700
2007-11-26,16.022942663262015,16.061486182139607,15.524635314941406,15.524635314941406,222600
2007-11-27,15.538394277391072,15.854998588562012,15.521875408033193,15.854998588562012,1816800
2007-11-28,16.16335098380104,16.592832334932297,16.078006077962034,16.529510498046875,443700
2007-11-29,16.427637430911616,16.576304089615494,16.389093931372475,16.515737533569336,720300
2007-11-30,16.74700765309071,16.74700765309071,16.24319442144293,16.281736373901367,90000
2007-12-03,16.317527474584246,16.430404394806295,16.24594775704207,16.26521873474121,72300
2007-12-04,16.160599244986862,16.265215126135622,16.108288941422202,16.138574600219727,2136600
2007-12-05,16.408374824088053,16.727731360621867,16.408374824088053,16.598337173461914,549300
2007-12-06,16.562549718838508,16.917697730057924,16.562549718838508,16.879154205322266,541500
2007-12-07,16.87915257927685,16.91494242903825,16.771783029992662,16.8543758392334,277200
2007-12-10,16.88189934499746,17.04983699071842,16.810318099428162,17.000280380249023,181200
2007-12-11,17.107658088651608,17.190250896105216,16.664411544799805,16.664411544799805,1647000
2007-12-12,17.168226967478894,17.168226967478894,16.650647032895836,16.870893478393555,911400
2007-12-13,16.780044123169105,16.925957207864716,16.524006231741645,16.713970184326172,1119300
2007-12-14,16.603837503087895,16.71396225759218,16.504727429490742,16.537763595581055,944100
2007-12-17,16.444163099766058,16.488212381650314,16.171607971191406,16.171607971191406,1101300
2007-12-18,16.245943069458008,16.320276437506518,16.072498018902564,16.245943069458008,791400
2007-12-19,16.166113582078598,16.391865916782397,16.166113582078598,16.284496307373047,252900
2007-12-20,16.4524215087254,16.609347656377324,16.350557747650573,16.504730224609375,304500
2007-12-21,16.793800299106014,16.826838041523587,16.647888854515955,16.71671485900879,360300
2007-12-24,16.791046060312663,16.912182333275908,16.791046060312663,16.89015769958496,121800
2007-12-26,16.903938955175395,16.94798826439816,16.83511131876699,16.92045783996582,548400
2007-12-27,16.82810737100286,16.95490261498039,16.566244199198298,16.571758270263672,163500
2007-12-28,16.648937577740273,16.651694613217042,16.439447044545496,16.51662826538086,191700
2007-12-31,16.483547844193087,16.544189998192632,16.353995585422414,16.376047134399414,270000
2008-01-02,16.35675280984408,16.44771446464509,15.819244522900448,15.937771797180176,536700
2008-01-03,15.995661081068606,15.995661081068606,15.692453383126535,15.747581481933594,600600
2008-01-04,15.507765983396595,15.507765983396595,14.85173199160375,14.989555358886719,649800
2008-01-07,15.061222039824306,15.061222039824306,14.496151298449309,14.631216049194336,346500
2008-01-08,14.691864449127621,14.890328472892822,14.242563753724921,14.286666870117188,415200
2008-01-09,14.23153255973891,14.49890820742034,13.986210040336633,14.377625465393066,599100
2008-01-10,14.187431079840747,14.507177782130357,14.143326400394187,14.435510635375977,1900800
2008-01-11,14.344546196785723,14.344546196785723,13.903515211692705,13.98620891571045,231300
2008-01-14,14.195700315880126,14.435510337651381,14.1764042232856,14.410701751708984,115500
2008-01-15,14.256339556992593,14.256339556992593,13.81255155055674,13.870436668395996,356700
2008-01-16,13.545179514179827,14.005506698071585,13.31639444011865,13.6940279006958,388200
2008-01-17,13.84562765444981,13.98620645335487,13.440428733825684,13.440428733825684,486300
2008-01-18,13.627871244549295,13.89524689402305,13.55344706217513,13.793258666992188,392100
2008-01-22,13.258505928870004,13.729857981241503,13.060041989832065,13.534151077270508,458100
2008-01-23,12.922224934034444,13.884225481853946,12.817479644668438,13.853902816772461,443400
2008-01-24,13.892494466781406,14.248076438903809,13.873199944572017,14.248076438903809,664800
2008-01-25,14.554034403027886,14.691856169773565,13.947616105745354,13.961398124694824,1206000
2008-01-28,13.898008918595531,14.143331527709961,13.72710894132068,14.143331527709961,386100
2008-01-29,14.104739920946821,14.286664856105741,13.96416106010759,14.168137550354004,224400
2008-01-30,14.184677125803221,14.352820042291514,14.063392779794274,14.157113075256348,269100
2008-01-31,13.9751885925182,14.264615897186868,13.898008924291041,14.115767478942871,318300
2008-02-01,14.223270751572969,14.884817568145282,14.223270751572969,14.868278503417969,604800
2008-02-04,14.88205807166954,14.884813530208579,14.578847224763589,14.603655815124512,373800
2008-02-05,14.30596576814216,14.355582972199832,13.95038526924288,13.966922760009766,361500
2008-02-06,14.011017908661767,14.11300771851465,13.600307942739192,13.614089965820312,379500
2008-02-07,13.495566324877162,13.975188113184007,13.313641362847623,13.740890502929688,473700
2008-02-08,13.76018274598941,14.04409749843464,13.740888227103024,13.900761604309082,233100
2008-02-11,13.961402474509242,14.336278869384632,13.961402474509242,14.223265647888184,164700
2008-02-12,14.330769415015887,14.438270165465592,14.124035868014936,14.154356956481934,197400
2008-02-13,14.325256603186242,14.680836971272456,14.325256603186242,14.678081512451172,74700
2008-02-14,14.691860895642474,14.691860895642474,14.181918144226074,14.181918144226074,992400
2008-02-15,14.11300365813434,14.198452807553725,13.856653055374217,13.922807693481445,103800
2008-02-19,14.113011821040882,14.12128135274372,13.765699375781129,13.82082748413086,166500
2008-02-20,13.663711618882347,14.190193651028087,13.663711618882347,14.090962409973145,165000
2008-02-21,14.305957362235002,14.427241686775172,14.008262199070655,14.05236530303955,825900
2008-02-22,14.088199103033437,14.110250655370342,13.818066403967782,14.099224090576172,728100
2008-02-25,14.046852720923754,14.308714307621239,13.95313244264131,14.23429012298584,1883700
2008-02-26,14.115765152261014,14.600900949768288,14.115765152261014,14.463077545166016,4507200
2008-02-27,14.347306221557298,14.691861553302147,14.347306221557298,14.589873313903809,1743300
2008-02-28,14.432753905098144,14.48788357263316,14.201211825053287,14.245316505432129,293700
2008-02-29,14.113007440386985,14.13781445054355,13.796014606762492,13.83460521697998,209400
2008-03-03,13.831853254125464,13.864929801776576,13.61960563291928,13.751914978027344,908700
2008-03-04,13.644407230357416,13.840115688761635,13.401840222036764,13.826332092285156,808200
2008-03-05,13.721593175531472,14.082689185514152,13.721593175531472,13.96416187286377,235500
2008-03-06,13.831853617718872,13.89525125578024,13.545181785197279,13.561720848083496,158400
2008-03-07,13.437675873631301,13.886976394588688,13.288827519286263,13.578254699707031,339900
2008-03-10,13.545177580361257,13.677488465125808,13.366009712219238,13.366009712219238,211800
2008-03-11,13.523126454280419,13.83460521697998,13.410113236341829,13.83460521697998,212700
2008-03-12,13.793258584242555,13.975183486037233,13.732616424560547,13.732616424560547,1378500
2008-03-13,13.481786275184849,14.046858920727656,13.481786275184849,13.975190162658691,387300
2008-03-14,14.002751856335877,14.024803414191501,13.462489477499005,13.575504302978516,956100
2008-03-17,12.97183950092839,13.716079045400644,12.97183950092839,13.523127555847168,1865100
2008-03-18,13.65268538948185,14.063395500183105,13.611337728411659,14.063395500183105,982500
2008-03-19,14.027560044902614,14.038586612137602,13.473514078326259,13.487296104431152,511800
2008-03-20,13.454219740160104,13.751914978027344,13.382550995287714,13.751914978027344,4154700
2008-03-24,13.754663634346233,14.35556939355728,13.754663634346233,14.187426567077637,727200
2008-03-25,14.195702297156327,14.319742089677765,14.09922497522111,14.228778839111328,162900
2008-03-26,14.168132643033921,14.228774792833228,13.90902656618777,14.077169418334961,2055000
2008-03-27,14.019288947465542,14.019288947465542,13.713322639465332,13.713322639465332,262500
2008-03-28,13.851142696606791,13.878706739084288,13.51485538482666,13.51485538482666,229500
2008-03-31,13.534155724704732,13.787747834151942,13.534155724704732,13.6609525680542,479700
2008-04-01,13.80704107292532,14.261855708653835,13.80704107292532,14.23153305053711,866400
2008-04-02,14.228779097495014,14.537500855188332,14.228779097495014,14.33352279663086,2016900
2008-04-03,14.220510037033453,14.620195060140636,14.12678974598656,14.537501335144043,922800
2008-04-04,14.474104244182092,14.661543276413564,14.35282146341619,14.556797981262207,297900
2008-04-07,14.625705513765169,14.691860169081334,14.3776259506424,14.44653606414795,3148800
2008-04-08,14.303201988237596,14.303201988237596,14.093711454526133,14.140571594238281,337500
2008-04-09,14.19570419457407,14.430001787014614,14.0799323391285,14.28390884399414,2472300
2008-04-10,14.319739371554267,14.75525629192741,14.314225301232149,14.61743450164795,1656900
2008-04-11,14.468594272744848,14.468594272744848,14.041343532756065,14.082691192626953,588900
2008-04-14,13.975186244117399,14.038585451661262,13.796016765060962,13.829094886779785,450600
2008-04-15,13.900762781471744,13.900762781471744,13.567233974289088,13.86492919921875,748800
2008-04-16,14.148841620976395,14.45756336143254,14.135058020325275,14.427242279052734,555600
2008-04-17,14.333522429581008,14.350061489061083,14.124033459422302,14.328011512756348,360900
2008-04-18,14.58436517031397,14.760777653735802,14.471350331652353,14.636737823486328,957600
2008-04-21,14.540252572035227,14.810385223442452,14.540252572035227,14.796603202819824,1871700
2008-04-22,14.664298246843954,14.664298246843954,14.256343691369693,14.407947540283203,1019400
2008-04-23,14.474102625473797,14.975777487054636,14.474102625473797,14.826929092407227,1615200
2008-04-24,14.818663510221931,15.215591616872462,14.650520551088983,15.091551780700684,1280400
2008-04-25,15.174242327898714,15.174242327898714,14.73872368626446,15.036418914794922,360300
2008-04-28,14.9482149373747,15.017125069775627,14.854494633706512,14.928918838500977,617100
2008-04-29,14.89031735694194,15.074999216121952,14.884804865821067,15.000575065612793,669900
2008-04-30,15.019878320543981,15.019878320543981,14.631218331847865,14.716669082641602,2556300
2008-05-01,14.705645997730011,15.325846643301587,14.705645997730011,15.267961502075195,2147100
2008-05-02,15.408535345360876,15.458150939170443,15.077762091211614,15.276226043701172,2086800
2008-05-05,15.212828076006595,15.276225690115224,15.066735178710614,15.16596794128418,1626600
2008-05-06,15.030898371782833,15.441608200608215,15.030898371782833,15.422313690185547,936600
2008-05-07,15.463666118648321,15.618026981654568,15.234879493713379,15.234879493713379,3071100
2008-05-08,15.287262398089052,15.416814747465873,15.119117839447918,15.298287391662598,3518700
2008-05-09,15.135650592704785,15.400269255102748,15.135650592704785,15.295525550842285,228600
2008-05-12,15.21834676444102,15.502261569043153,15.21834676444102,15.482965469360352,172800
2008-05-13,15.53257421755965,15.579434350648624,15.43610007079021,15.549113273620605,249600
2008-05-14,15.540847956903875,16.014957177452377,15.540847956903875,15.747581481933594,446400
2008-05-15,15.77238927453744,16.119701642100623,15.725529131121643,16.11418914794922,402000
2008-05-16,16.12521293400499,16.205149613620918,15.868863836684538,16.202392578125,307200
2008-05-19,16.23546946843327,16.522139625544344,16.067326592668763,16.125211715698242,354300
2008-05-20,16.06181357389788,16.06181357389788,15.620782534076943,15.72828483581543,338400
2008-05-21,15.659365656669259,15.791674905350359,15.44711976739966,15.47744083404541,271200
2008-05-22,15.493992349961633,15.71450636459156,15.485722818109572,15.565659523010254,376500
2008-05-23,15.54360883830253,15.54360883830253,15.232129955776195,15.44713306427002,267000
2008-05-27,15.422318566157522,15.744823894121566,15.422318566157522,15.72828483581543,371700
2008-05-28,15.805473775675745,15.846821445761105,15.631818293074259,15.788934707641602,586500
2008-05-29,15.739309566959427,15.841299373352676,15.722770508922535,15.733797073364258,132600
2008-05-30,15.805467555674355,16.045279216038185,15.805467555674355,15.96534252166748,237600
2008-06-02,15.929505490602654,15.95982657408545,15.612514209125226,15.805465698242188,230100
2008-06-03,15.849567726025668,15.849567726025668,15.463664812480378,15.58219051361084,556800
2008-06-04,15.700716580401421,15.926744533393292,15.642831469101734,15.82751178741455,582900
2008-06-05,15.98463209919488,16.103159374723507,15.849567344506227,16.031492233276367,404100
2008-06-06,16.001175262606697,16.042521336995854,15.609759764833143,15.810980796813965,354900
2008-06-09,15.722775579224034,15.722775579224034,15.199050664758216,15.482965469360352,331800
2008-06-10,15.364441288381494,15.364441288381494,15.077770966050126,15.171489715576172,816300
2008-06-11,15.218345214414816,15.218345214414816,14.68635082244873,14.68635082244873,459000
2008-06-12,14.622945677681033,15.041926658356607,14.622945677681033,14.74698543548584,552600
2008-06-13,14.884817028508573,15.204565433552323,14.857252973130377,15.127384185791016,3403200
2008-06-16,15.058463128100817,15.516033103419538,15.058463128100817,15.430583953857422,1749600
2008-06-17,15.449884304060745,15.568413183402939,15.215586735649664,15.221100807189941,1440300
2008-06-18,15.077761904537207,15.188019654555218,14.821411255650471,14.884810447692871,187800
2008-06-19,14.95097458177077,15.38098086823873,14.796613633827553,15.273478507995605,430500
2008-06-20,15.083279743231614,15.083279743231614,14.868276660186698,14.928918838500977,324300
2008-06-23,15.11683967685916,15.11683967685916,14.713356259173285,14.729936599731445,496800
2008-06-24,14.608335138211567,15.080908700871667,14.608335138211567,14.804549217224121,2746500
2008-06-25,14.973135858751045,15.25778645363476,14.973135858751045,15.064334869384766,781800
2008-06-26,14.923393056869621,14.948265947913338,14.312638576848618,14.387255668640137,2019000
2008-06-27,14.329215627402045,14.406596874531232,14.086019907100315,14.293289184570312,715500
2008-06-30,14.196565734633802,14.436998894804603,14.149585723876953,14.149585723876953,238500
2008-07-01,14.01140155024973,14.121945049296698,13.723988452727609,14.099836349487305,341700
2008-07-02,14.133002176584364,14.21591020785893,13.723990381945233,13.762681007385254,697200
2008-07-03,13.873224521279726,13.873224521279726,13.179562978947905,13.367486953735352,1032900
2008-07-07,13.43657827430089,13.735046577239395,13.25141688483408,13.4476318359375,3449100
2008-07-08,13.3757759904016,13.574754288016825,13.254178141858963,13.525010108947754,901500
2008-07-09,13.541594307715801,13.541594307715801,12.977822303771973,12.977822303771973,4893900
2008-07-10,12.919785228369104,13.218252715520135,12.864514262158862,13.168508529663086,750900
2008-07-11,13.008221868623188,13.317744541345558,12.795425772379392,13.121529579162598,2791800
2008-07-14,13.201673136811248,13.270762643371189,12.82582514581441,12.961240768432617,1956900
2008-07-15,12.853461852480937,13.337090025655636,12.756736850381794,13.088367462158203,1030500
2008-07-16,13.248652395296263,13.549883272983696,13.035856328722176,13.511194229125977,3625800
2008-07-17,13.621737770957244,13.878751243615167,13.411704303462674,13.801371574401855,976500
2008-07-18,13.74057125934427,13.78755126113314,13.334322095132597,13.735044479370117,4616400
2008-07-21,13.817950737996156,13.834531075799157,13.54988059543988,13.61897087097168,501300
2008-07-22,13.35643391326366,13.359196512898821,13.005458043129352,13.198908805847168,735000
2008-07-23,13.2403635493513,13.478031732660464,13.11876488123588,13.323270797729492,692100
2008-07-24,13.265237455557862,13.265237455557862,12.660011376169523,12.687646865844727,863700
2008-07-25,12.718044398801984,12.845169053140665,12.588155563424696,12.812005996704102,4945500
2008-07-28,12.690408543087358,12.834114326111873,12.563282311122753,12.604736328125,2046000
2008-07-29,12.71251461212182,12.952946927056782,12.62408060103772,12.928074836730957,1445400
2008-07-30,13.049675539744003,13.168510028226258,12.87556928809206,13.03309440612793,3765600
2008-07-31,12.91978742872708,13.265236561061288,12.91978742872708,12.986113548278809,911100
2008-08-01,12.96952989052205,13.016510685063716,12.69317111282172,12.870039939880371,1091400
2008-08-04,12.93083708454818,13.030326221650585,12.842401505343332,12.894909858703613,604200
2008-08-05,13.024797130294717,13.22101199210059,12.908726088568255,13.212721824645996,738600
2008-08-06,13.273523321021043,13.442101957172369,13.013745706359146,13.3785400390625,538200
2008-08-07,13.37577826003811,13.776499103732885,13.212727164827475,13.508430480957031,702000
2008-08-08,13.497373861225471,13.831766937344316,13.436574545080646,13.790313720703125,497700
2008-08-11,13.856644592119821,14.257365483123714,13.784791692640587,14.080495834350586,676800
2008-08-12,14.094311577706955,14.166164466988716,13.99482162372214,14.052858352661133,825000
2008-08-13,14.11089468045313,14.271182394976625,13.964423127427947,14.1219482421875,947100
2008-08-14,14.036277509079383,14.331981631553449,14.011404623336402,14.265655517578125,695100
2008-08-15,14.343031402976882,14.453574897057276,14.229725309881275,14.331977844238281,1181700
2008-08-18,14.43423471362035,14.43423471362035,13.989296423316635,14.149585723876953,1061100
2008-08-19,14.077731143789801,14.108130811240324,13.834535385524951,13.884281158447266,828300
2008-08-20,14.00863863177822,14.058382809880682,13.773732317986608,13.845586776733398,941400
2008-08-21,13.80966235563991,13.831769476836298,13.660428218190301,13.768207550048828,684600
2008-08-22,13.928496210753186,13.992059723272938,13.804134948063101,13.93955135345459,416700
2008-08-25,13.856639243072163,13.947838213517745,13.712933499588102,13.721222877502441,838200
2008-08-26,13.663192812523164,13.679774737180589,13.497378309967022,13.602395057678223,576900
2008-08-27,13.569233332073372,13.834537842757294,13.558178186791732,13.737812042236328,291300
2008-08-28,13.798613119807317,13.889810568463894,13.759922478474925,13.867703437805176,610500
2008-08-29,13.707411163792907,13.729519871072064,13.458688602237267,13.55817699432373,491400
2008-09-02,13.768208431805864,13.84006132431322,13.279052763878113,13.345378875732422,1169700
2008-09-03,13.265238422507673,13.265238422507673,12.704228927571753,12.740156173706055,1014900
2008-09-04,12.643428096500228,12.668300192679604,12.309034121338513,12.347723960876465,1060800
2008-09-05,12.179139556695075,12.57986027722154,12.179139556695075,12.510770797729492,939000
2008-09-08,12.839638495497091,12.839638495497091,12.21506659699462,12.43615436553955,993900
2008-09-09,12.297979194982672,12.43063143117437,11.8889681333916,11.952530860900879,2081400
2008-09-10,12.11834358107758,12.170851944413226,11.9442373604049,12.027145385742188,1312800
2008-09-11,11.89172652296454,12.11005010088244,11.712093559666227,12.029906272888184,1560000
2008-09-12,11.872386317334534,12.074128064057469,11.739734079927175,12.046492576599121,1162500
2008-09-15,11.596026450975248,11.985692956466904,11.565626784957601,11.576681137084961,1541100
2008-09-16,11.09858276614352,11.830934330172534,11.054364558355141,11.698281288146973,1938600
2008-09-17,11.355593260903879,11.789477143052801,11.305849075317383,11.305849075317383,961500
2008-09-18,11.513118405501581,11.980164552767928,11.098579834190097,11.875147819519043,2410200
2008-09-19,12.77884168591294,12.94742113258683,11.051597949047338,12.162561416625977,477300
2008-09-22,11.93871040093636,12.087944537915673,11.604316473807675,11.609843254089355,203100
2008-09-23,11.656826043961061,11.78118731051041,11.36388531069342,11.432974815368652,169800
2008-09-24,11.568389130543414,11.709332305105626,11.496536243539659,11.549044609069824,395700
2008-09-25,11.258867382024395,11.855803138065784,11.258867382024395,11.714859962463379,498000
2008-09-26,11.670644126540644,11.778424263000488,11.148325368621249,11.778424263000488,467100
2008-09-29,11.73973001007079,11.73973001007079,10.697856206285486,10.778000831604004,1169700
2008-09-30,10.61218790419054,11.22294142824283,10.61218790419054,11.203596115112305,1665900
2008-10-01,11.308611610616637,11.308611610616637,10.976980305541158,11.14279556274414,1028100
2008-10-02,10.949341755582946,10.982504797727966,10.446368554382161,10.468477249145508,941700
2008-10-03,10.697859058965387,10.8857838375921,10.33859300673521,10.34964656829834,824400
2008-10-06,10.070523465714155,10.109213299711838,9.45976996682089,9.99867057800293,857700
2008-10-07,10.02630808123676,10.120270481028294,9.32159205947457,9.346464157104492,628500
2008-10-08,8.962325811719143,9.755476647447145,8.962325811719143,9.324356079101562,2062500
2008-10-09,9.526095541482617,9.727837242623151,9.04246750420722,9.16406536102295,967800
2008-10-10,8.603057182673933,9.421079158311892,8.4814585307609,9.047994613647461,2379000
2008-10-13,9.230391473424772,9.877071380615234,9.230391473424772,9.877071380615234,617700
2008-10-14,10.200409767493053,10.266735858515279,9.346459961910485,9.468058586120605,1168800
2008-10-15,9.42108215724367,9.429373120816852,8.58095121212981,8.592004776000977,849000
2008-10-16,8.569895245943517,9.034178049351807,8.2078642144726,9.009305953979492,1512300
2008-10-17,8.82414596750233,9.249738962286497,8.796509689086351,8.868363380432129,928500
2008-10-20,9.070105378366641,9.158540997324828,8.951271670856332,9.133668899536133,562800
2008-10-21,8.744001525870047,8.984433890440064,8.699783325195312,8.699783325195312,618300
2008-10-22,8.688725516952314,8.788215440563555,8.194043241601664,8.346040725708008,415200
2008-10-23,8.373678517846361,8.434477048171011,7.85965005126724,8.17193603515625,543000
2008-10-24,7.483803784553563,8.41513357891972,7.483803784553563,8.163647651672363,669600
2008-10-27,7.945320789699799,8.5008024291984,7.945320789699799,8.147063255310059,532500
2008-10-28,8.398549969420067,8.895995686995098,8.124954627086444,8.879414558410645,981600
2008-10-29,8.777162679609209,8.995486291822344,8.616874207772513,8.73294448852539,593400
2008-10-30,8.981667249181594,9.119847012934045,8.724653030922534,9.111556053161621,429900
2008-10-31,8.909814987270122,9.39620639763718,8.909814987270122,9.227627754211426,541500
2008-11-03,9.329879960543073,9.398970240031984,9.164064712974726,9.20551872253418,217800
2008-11-04,9.385153647238788,9.575841814310866,9.302246401673667,9.548206329345703,261900
2008-11-05,9.407264112324757,9.45700830666005,9.050760626686404,9.053524017333984,231300
2008-11-06,8.893234145777512,8.965086238635886,8.351569385319982,8.365387916564941,225300
2008-11-07,8.44829694015313,8.608585453055909,8.395789356710731,8.550549507141113,139500
2008-11-10,8.619636332527872,8.650035988518344,8.213388828178733,8.301823616027832,163500
2008-11-11,8.12219369416741,8.299063336136587,8.003358415132285,8.124957084655762,403200
2008-11-12,7.964666772516919,8.077973663575234,7.704889149372065,7.715944290161133,185100
2008-11-13,7.776741912748916,8.224443435668945,7.329040389828886,8.224443435668945,571800
2008-11-14,8.00059337443752,8.025466255711393,7.6109277225142264,7.65238094329834,335700
2008-11-17,7.536311022963128,7.67172662351878,7.445112035239334,7.453402996063232,337500
2008-11-18,7.403657872148256,7.508674587461075,7.074789987037936,7.284823417663574,359400
2008-11-19,7.190861464085709,7.3179868856295895,6.740396499633789,6.740396499633789,254100
2008-11-20,6.654725686590387,6.989120400319011,6.461274147033691,6.461274147033691,422700
2008-11-21,6.712761422568426,6.7652689957169505,6.328621745023937,6.7569780349731445,336600
2008-11-24,6.7459237591211645,7.226788361867952,6.7459237591211645,7.17427921295166,196500
2008-11-25,7.218499900614364,7.240607816788703,6.925559139595656,7.0941386222839355,523800
2008-11-26,6.908973905861082,7.5860533217527095,6.908973905861082,7.572235584259033,348900
2008-11-28,7.605398188471749,7.605398188471749,7.395365586180306,7.481036186218262,183600
2008-12-01,7.210210160401803,7.268246118710004,6.914505958557129,6.914505958557129,478200
2008-12-02,7.0692625524597466,7.09413542946722,6.781849492841259,7.030571937561035,414900
2008-12-03,6.815016714374298,7.384316403585215,6.815016714374298,7.3704986572265625,553200
2008-12-04,7.237842973056308,7.373259368292765,6.886867915369627,6.955957412719727,436500
2008-12-05,6.815015521498758,7.207444667816162,6.668544747457247,7.207444667816162,710400
2008-12-08,7.389841290866389,7.431295309982049,7.190862947914798,7.317988395690918,250200
2008-12-09,7.284825168419509,7.906633068625218,7.149408761848526,7.6496195793151855,854400
2008-12-10,7.649618231998388,8.05033822839496,7.610927611029881,7.793323993682861,874800
2008-12-11,7.738055969580778,7.937034368672112,7.583294992509739,7.613694667816162,374100
2008-12-12,7.425769858632739,8.014414821591025,7.425769858632739,7.99506950378418,683100
2008-12-15,8.03652043995093,8.03652043995093,7.704889903888007,7.873469352722168,297000
2008-12-16,7.9895415244109245,8.326698886684426,7.948087504086743,8.290772438049316,363300
2008-12-17,8.17470191498502,8.46211589631626,8.089031268463213,8.37368106842041,362400
2008-12-18,8.354335116988706,8.354335116988706,7.751872502417298,7.856889247894287,343200
2008-12-19,7.950852210626759,8.141539628743157,7.934270283484565,8.03652286529541,234900
2008-12-22,7.983279391141103,7.983279391141103,7.573523291565613,7.729619979858398,233400
2008-12-23,7.777008284443085,7.777008284443085,7.464813273934274,7.501049995422363,260700
2008-12-24,7.523348695004854,7.59582212888711,7.5149861303267285,7.587459564208984,142500
2008-12-26,7.59582216276033,7.59582216276033,7.481536702475858,7.537285804748535,134100
2008-12-29,7.53171220475759,7.537286716910453,7.383976467732478,7.501049995422363,379500
2008-12-30,7.55122373373245,7.860631485662994,7.55122373373245,7.835544586181641,342900
2008-12-31,7.82718367374624,7.986069264849647,7.821609160461028,7.908020496368408,192600
2009-01-02,7.9219585342811625,8.303840652901926,7.855059581785348,8.275965690612793,169200
2009-01-05,8.203488111350538,8.398609559556917,8.147738214722407,8.273174285888672,367800
2009-01-06,8.323351558387799,8.79443303873327,8.323351558387799,8.719171524047852,424200
2009-01-07,8.501749127158204,8.501749127158204,8.21464016385814,8.309414863586426,351600
2009-01-08,8.220216218186685,8.326139953937554,8.075268493868602,8.301053047180176,242100
2009-01-09,8.278751512209697,8.292689389686904,7.991644155651412,8.008368492126465,256200
2009-01-12,7.991644113455704,7.991644113455704,7.690598083511447,7.763071537017822,199200
2009-01-13,7.852266805479634,7.988851871445567,7.634844963943949,7.7742180824279785,449100
2009-01-14,7.648786833861705,7.67108648300566,7.417427774618585,7.462027072906494,220500
2009-01-15,7.473177449707233,7.685023312123664,7.286416897383142,7.595824718475342,440400
2009-01-16,7.765860040117286,7.941469968574653,7.573525774305959,7.908020496368408,653400
2009-01-20,7.894082828534232,7.894082828534232,7.361678515688466,7.37561559677124,366900
2009-01-21,7.48711053478211,7.576309887824992,7.213940357174882,7.556797504425049,277500
2009-01-22,7.370039463043213,7.517775217521682,7.183280523888225,7.370039463043213,456000
2009-01-23,7.383975763616434,7.80766974925995,7.280840121139765,7.685020923614502,543600
2009-01-26,7.6989580460256475,7.924742492104751,7.645996203303536,7.7491326332092285,519300
2009-01-27,7.768643436246544,8.069688536502804,7.768643436246544,7.997214317321777,635700
2009-01-28,8.186767087285038,8.345651900087995,8.119868134789222,8.275965690612793,635700
2009-01-29,8.13937404557715,8.13937404557715,7.807667569281549,7.860628604888916,367800
2009-01-30,7.9052295248878135,7.977703753338008,7.634846590377153,7.701745510101318,788700
2009-02-02,7.5567983420057825,7.85784350033704,7.531711444852698,7.790944576263428,566400
2009-02-03,7.8188206910934275,7.941468736826541,7.662722380843992,7.9163818359375,1230600
2009-02-04,7.905230346235427,8.295474882670542,7.852269294074705,8.016729354858398,1090500
2009-02-05,7.877358974462944,8.45993793147906,7.877358974462944,8.345651626586914,950700
2009-02-06,8.39303484155265,8.705229788987452,8.39303484155265,8.65505599975586,552300
2009-02-09,8.627180796757616,8.66899281821161,8.501745529893613,8.610456466674805,1004700
2009-02-10,8.55470669241306,8.708016908217802,8.136588067036124,8.21463680267334,567900
2009-02-11,8.200700454933905,8.200700454933905,7.905229047739366,8.064114570617676,654900
2009-02-12,7.921958447644226,8.20627859389282,7.8773591464681,8.167255401611328,924900
2009-02-13,8.139379389193195,8.398613417347402,8.139379389193195,8.301053047180176,728400
2009-02-17,7.988858694209469,7.991646749108662,7.724050101182542,7.735199928283691,441300
2009-02-18,7.7797964197228255,7.941469252899079,7.668298189083427,7.746346950531006,662100
2009-02-19,7.824398508760904,7.83554833581028,7.353317717800875,7.381192684173584,493200
2009-02-20,7.2473954444436455,7.517778576566972,7.2473954444436455,7.425792694091797,818100
2009-02-23,7.456453301616786,7.456453301616786,7.082933742524639,7.113595962524414,1062300
2009-02-24,7.174918351705387,7.520562887466172,7.174918351705387,7.475963592529297,215100
2009-02-25,7.44808914194986,7.888507561052864,7.378402148200546,7.687809944152832,990600
2009-02-26,7.757494775136474,8.044602844443716,7.587459419091612,7.61812162399292,578400
2009-02-27,7.52055789443403,7.7407677638564785,7.506621620891671,7.576307773590088,756900
2009-03-02,7.425788466435479,7.559586327497679,7.1442548689934835,7.177704334259033,394200
2009-03-03,7.303140676601528,7.414639707635913,7.15540651403902,7.280841827392578,818400
2009-03-04,7.423001643329382,7.754708261769771,7.38397686616098,7.604186058044434,669600
2009-03-05,7.526136895106566,7.75470784333715,7.489900173618477,7.501049995422363,1372200
2009-03-06,7.5986112532631145,7.6933843413148475,7.227879074418628,7.406276226043701,1364400
2009-03-09,7.33659085714951,7.634849657615308,7.236242437249108,7.264118194580078,439800
2009-03-10,7.4648166567091,7.841123512492944,7.420216551784299,7.82718563079834,787800
2009-03-11,7.863421321818151,8.097568452131664,7.863421321818151,8.025094985961914,838800
2009-03-12,8.080840306976162,8.390248045241053,7.955405017611356,8.373523712158203,840300
2009-03-13,8.398612178972092,8.48781076540012,8.275964122633555,8.457148551940918,783900
2009-03-16,8.719169802420497,8.747043959393714,8.16446514667367,8.200702667236328,915300
2009-03-17,8.23415475179475,8.535200049300027,8.147742604711837,8.521262168884277,537000
2009-03-18,8.510109284581537,8.86690354958942,8.468297257276403,8.79721736907959,1107300
2009-03-19,8.922652866180394,8.922652866180394,8.668994237980533,8.777705192565918,1969800
2009-03-20,8.733104086523328,8.84460308141576,8.298261116685104,8.429271697998047,492000
2009-03-23,8.70523199665367,8.970041275024414,8.590945719146674,8.970041275024414,545100
2009-03-24,8.972830342480615,8.972830342480615,8.680147619316307,8.70523452758789,663300
2009-03-25,8.813942664156762,9.08711370188806,8.504534904302373,8.769343376159668,1688400
2009-03-26,8.800004747722127,9.198611879220259,8.800004747722127,9.19582462310791,1132500
2009-03-27,9.181887812874681,9.21255082366086,8.983978250968498,9.039728164672852,337800
2009-03-30,9.025792620209508,9.025792620209508,8.540774785114767,8.657848358154297,423600
2009-03-31,8.847394546690785,8.852969857962325,8.641122384614913,8.680147171020508,856200
2009-04-01,8.501749195485418,8.861331618529206,8.479449547428361,8.830669403076172,429600
2009-04-02,9.023007729395106,9.351928085030929,8.995133555526948,9.190255165100098,715200
2009-04-03,9.298961113680592,9.466208457946777,9.0899017339733,9.466208457946777,663300
2009-04-06,9.349134949756268,9.39094618427363,9.098263555161187,9.296173095703125,416100
2009-04-07,9.170737367530776,9.170737367530776,8.894779085653532,8.958889961242676,593100
2009-04-08,8.989555612731525,9.193039733943733,8.919869400946267,9.162378311157227,1474800
2009-04-09,9.41882266813149,9.636243834433976,9.337986644602253,9.549833297729492,1699200
2009-04-13,9.552618229798142,9.566555306843142,9.220910851638852,9.446695327758789,1583700
2009-04-14,9.37979751596928,9.655755821255026,9.310110527464008,9.477357864379883,1028400
2009-04-15,9.307322631679051,9.318472453373959,9.128925484560515,9.30174732208252,1226400
2009-04-16,9.477359741831744,9.697569775933712,9.354712467962056,9.683631896972656,954600
2009-04-17,9.719867252313902,9.756104775486621,9.49129627767685,9.694780349731445,1158000
2009-04-20,9.488506683965424,9.54983029711644,9.176310916794412,9.243209838867188,880200
2009-04-21,9.123350220275274,9.346347452779117,8.983977049647642,9.223698616027832,1080000
2009-04-22,9.120562152032203,9.764465297644666,9.036938895100747,9.502443313598633,1218300
2009-04-23,9.622311308966799,9.622311308966799,9.120568242343902,9.435550689697266,1635300
2009-04-24,9.566555357296139,9.650179415003386,9.257147619776308,9.569342613220215,1604400
2009-04-27,9.388161674328952,9.683631620906672,9.388161674328952,9.510808944702148,1219200
2009-04-28,9.396520856926566,9.494081992515142,9.273872822828912,9.35470962524414,909300
2009-04-29,9.421608516051233,9.691991481697162,9.34913427925545,9.519168853759766,471300
2009-04-30,9.697570326259912,10.006978177780645,9.577708707384343,9.758893966674805,1069500
2009-05-01,9.795131482288845,9.875968320316126,9.586072041784679,9.786768913269043,2363400
2009-05-04,9.970738165253495,10.260634348450212,9.895476663822599,10.246696472167969,1411200
2009-05-05,10.229975608147193,10.229975608147193,9.959592498426284,10.149140357971191,653100
2009-05-06,10.285723335322487,10.285723335322487,9.967952930125717,10.21882438659668,1029000
2009-05-07,10.338682180295006,10.338682180295006,9.519169835994761,9.669692039489746,1157700
2009-05-08,9.753314409037733,9.753314409037733,9.229272847965802,9.37143325805664,2005200
2009-05-11,9.212547954635628,9.560979623038504,9.10104895944885,9.410456657409668,1275900
2009-05-12,9.357496858039077,9.480145699784236,9.00349060117715,9.176312446594238,3557400
2009-05-13,9.10104873736957,9.173522962847793,8.89198942243,8.92543888092041,1503300
2009-05-14,8.939377202239193,9.232060602959525,8.939377202239193,9.148436546325684,1688400
2009-05-15,9.112201616991635,9.237637726579035,9.000703384579458,9.039728164672852,1228500
2009-05-18,9.120563032784883,9.374221678885512,9.120563032784883,9.351922035217285,783900
2009-05-19,9.324045569473107,9.694777683446292,9.268296469345339,9.560979843139648,1370700
2009-05-20,9.708719643681306,10.012552990363504,9.639033432836106,9.661333084106445,1757400
2009-05-21,9.555407213384893,9.647393047333688,9.324047405426171,9.468995094299316,1216500
2009-05-22,9.510807619043835,9.572132043181108,9.332410454278287,9.471783638000488,586200
2009-05-26,9.36307539189825,9.828580828589557,9.36307539189825,9.792344093322754,1453500
2009-05-27,9.78119057429798,10.157497260563021,9.78119057429798,9.928925514221191,1137900
2009-05-28,10.020913750341453,10.121262968431035,9.756106016349483,10.110113143920898,672600
2009-05-29,10.118472762172162,10.221608409452587,9.951224645774113,10.151922225952148,758400
2009-06-01,10.335896156846642,10.756802201587162,10.335896156846642,10.689903259277344,1056900
2009-06-02,10.673178996574556,10.673178996574556,10.338683485204081,10.405582427978516,944700
2009-06-03,10.277360635588847,10.277360635588847,10.107326009132066,10.22439956665039,652800
2009-06-04,10.285722608654451,10.472481562529358,10.271784730530813,10.44182014465332,779700
2009-06-05,10.531017336668658,10.531017336668658,10.188160094875697,10.274571418762207,941700
2009-06-08,10.22997389351857,10.355410026384316,10.076664393624457,10.28014850616455,689100
2009-06-09,10.444605261301835,10.832061765288323,10.444605261301835,10.745651245117188,1330500
2009-06-10,10.857148082988049,10.868298701604147,10.561678222110551,10.784674644470215,851700
2009-06-11,10.82091228717529,10.910111661229456,10.648089646348977,10.720563888549805,787500
2009-06-12,10.662026863896472,10.687113762629691,10.422305305451092,10.57282829284668,309900
2009-06-15,10.411156434147653,10.50871757951091,10.229971222044977,10.45854377746582,1163400
2009-06-16,10.525441510010955,10.528228765917818,10.196520590559551,10.243907928466797,942900
2009-06-17,10.288509228479779,10.464119144983833,10.068300018736489,10.380495071411133,1106100
2009-06-18,10.347044372642644,10.416731358176461,10.149135630521345,10.185372352600098,672600
2009-06-19,10.3108066889267,10.400006053990737,10.229969888946494,10.299656867980957,486000
2009-06-22,10.228891124774051,10.326789543806452,9.929604530334473,9.929604530334473,459300
2009-06-23,9.951983594921876,9.965969544169871,9.697450842191861,9.845694541931152,542700
2009-06-24,9.907230563679077,10.175749246291904,9.907230563679077,10.063865661621094,309300
2009-06-25,10.00792576306743,10.276444464284827,9.954780436473753,10.26805305480957,535200
2009-06-26,10.24567480170737,10.393920077004205,10.172950598698714,10.251269340515137,439500
2009-06-29,10.290429413733417,10.354762218048347,10.181343493416595,10.248473167419434,291900
2009-06-30,10.245672200305515,10.419090855584072,10.133789455044678,10.254063606262207,639900
2009-07-01,10.318401472656687,10.57293504369288,10.31001006256235,10.419095993041992,729600
2009-07-02,10.301615917478081,10.377136987779096,10.198123754371663,10.321195602416992,1057800
2009-07-06,10.254065422959542,10.340773965712323,10.024705354415188,10.164558410644531,465900
2009-07-07,10.206517527651643,10.312806584597034,9.88205741735612,9.893245697021484,564300
2009-07-08,9.929601699522888,9.943587641253806,9.65548940537294,9.803733825683594,580800
2009-07-09,9.86247473446791,10.128196495931887,9.854083327203584,10.007923126220703,627300
2009-07-10,9.957577416544583,10.156169558955852,9.904432893881928,10.063865661621094,700200
2009-07-13,10.072257727142095,10.318400669165783,9.901636669837657,10.312806129455566,571200
2009-07-14,10.321198774385959,10.497414392494338,10.318401904320478,10.477834701538086,1497300
2009-07-15,10.830259720374643,10.96731587789002,10.796694898110767,10.950533866882324,688800
2009-07-16,10.891797008172597,11.207866414618017,10.855436110418218,11.168707847595215,631500
2009-07-17,11.174300551868654,11.316951261912608,11.020461566532012,11.302966117858887,773400
2009-07-20,11.384080193350057,11.445616103690506,11.263806041501738,11.423238754272461,1261800
2009-07-21,11.445619677417914,11.445619677417914,11.154723647137557,11.38408374786377,1107600
2009-07-22,11.34492467683993,11.691761282041199,11.330938729669455,11.658196449279785,945300
2009-07-23,11.619042586124877,11.909937121018187,11.523940987723973,11.893155097961426,1533300
2009-07-24,11.64980494257788,11.772875994996355,11.45121281702225,11.756093978881836,893400
2009-07-27,11.772874493932724,11.814830729242614,11.577080062900947,11.795251846313477,650400
2009-07-28,11.747702327653837,11.890353062795244,11.633021885540861,11.817628860473633,432000
2009-07-29,11.786860439201773,11.80643932213091,11.655397995363384,11.795251846313477,393000
2009-07-30,11.946294406446802,12.128103711228611,11.756093693686935,11.761688232421875,526200
2009-07-31,11.775674026315263,11.940701335677803,11.733717781515686,11.840006828308105,480900
2009-08-03,11.971467710283878,12.060973120925354,11.831613855643734,12.005032539367676,1240200
2009-08-04,11.912726817573269,12.060971256380281,11.881958862274145,11.988247871398926,531000
2009-08-05,12.038595346270501,12.066565632351038,11.784061101496246,11.879161834716797,346500
2009-08-06,11.893147543595829,12.007827962678,11.652600030914371,11.686164855957031,440700
2009-08-07,11.881962487287925,11.895948435030771,11.60784927506069,11.70854377746582,772800
2009-08-10,11.63581801885318,11.73930936979314,11.5211375918806,11.613441467285156,609000
2009-08-11,11.593866397367352,11.683372639250639,11.434433604074977,11.484781265258789,346200
2009-08-12,11.493171900072586,11.795256267330075,11.493171900072586,11.711343765258789,391800
2009-08-13,11.82322704081871,11.982659840833227,11.652605960097054,11.960283279418945,628200
2009-08-14,11.895946887214835,11.895946887214835,11.619036841568104,11.719731330871582,771000
2009-08-17,11.518343885050196,11.518343885050196,11.347721243923242,11.38408374786377,524400
2009-08-18,11.412053919303544,11.652602278633942,11.412053919303544,11.62742805480957,227400
2009-08-19,11.428833327842067,11.711337862187342,11.428833327842067,11.683366775512695,469200
2009-08-20,11.649804046871377,11.80364305062859,11.649804046871377,11.77567195892334,380400
2009-08-21,11.848397780529517,12.007831344571544,11.714138442545986,11.99664306640625,438600
2009-08-24,12.041391510034407,12.142085974477913,11.84839318633133,11.8819580078125,337500
2009-08-25,11.92111963650071,12.016219582016582,11.826018890736218,11.937902450561523,272400
2009-08-26,11.904338812278237,12.07495983762053,11.904338812278237,12.049785614013672,602100
2009-08-27,12.007830092949265,12.074959754943848,11.84559967633801,12.074959754943848,269400
2009-08-28,12.301522276341155,12.511302672050244,12.203624651643754,12.329492568969727,674100
2009-08-31,12.234392749701422,12.239987288438533,12.052582644600353,12.150480270385742,358200
2009-09-01,12.069366939663489,12.407812967398247,11.814833401527883,11.840006828308105,984000
2009-09-02,11.784060660628056,11.957479308734046,11.75049583843804,11.812031745910645,345900
2009-09-03,11.859582823579347,12.00782806901701,11.79804771058047,11.993842124938965,243300
2009-09-04,12.058174476974358,12.304316520690918,12.016218246733267,12.304316520690918,313500
2009-09-08,12.438580345464938,12.56444908201008,12.318306948686741,12.553260803222656,563700
2009-09-09,12.575636957079709,12.715490037308378,12.427392467967659,12.693114280700684,1254900
2009-09-10,12.715488734561314,12.902893379345146,12.665141886916823,12.888907432556152,1001400
2009-09-11,12.86652764800167,12.877716722723465,12.586820786169627,12.651153564453125,837300
2009-09-14,12.553260003250474,12.679127931525702,12.550463133794057,12.65395450592041,345600
2009-09-15,12.695911157794958,12.818982220578839,12.659549452943738,12.7574462890625,397200
2009-09-16,12.824575739573836,12.824575739573836,12.625984400949257,12.709896087646484,429600
2009-09-17,12.698702416750212,12.743456310965259,12.421792447769747,12.460951805114746,584100
2009-09-18,12.49731491915325,12.631574216364625,12.455358688712565,12.556053161621094,320400
2009-09-21,12.477740443006255,12.606405256378665,12.430189655222941,12.542073249816895,466800
2009-09-22,12.645559027092228,12.746253497351763,12.547661425388885,12.651153564453125,1304700
2009-09-23,12.774225779369258,12.936456174541405,12.687516444022915,12.698704719543457,737700
2009-09-24,12.771429081259177,12.782616556680665,12.298723834011492,12.393824577331543,707700
2009-09-25,12.351870355507076,12.455361722250988,12.242784449892522,12.360260963439941,406500
2009-09-28,12.455361644223636,12.709895155646809,12.435781958672147,12.600810050964355,349200
2009-09-29,12.653957087364905,12.723883639533168,12.410611789540539,12.42459774017334,573900
2009-09-30,12.486128518206694,12.67912608684948,12.284739542166744,12.528084754943848,765600
2009-10-01,12.50850755230124,12.536477848841791,11.926716261421308,11.929513931274414,2277600
2009-10-02,11.814832667982643,12.013424800805131,11.761688948134767,11.78686237335205,718200
2009-10-05,11.84280234784484,12.052582747679464,11.770078945381417,12.016221046447754,764700
2009-10-06,12.119712619343828,12.335087561655032,12.119712619343828,12.251175880432129,1648500
2009-10-07,12.248384827448756,12.281949675926445,12.144892611122383,12.226007461547852,800400
2009-10-08,12.28474128509669,12.28474128509669,11.999439795104536,12.139293670654297,1052700
2009-10-09,12.156072138616747,12.570038305018477,12.150477601108673,12.556053161621094,784800
2009-10-12,12.614791433687195,12.883310828988504,12.598009421620665,12.743457794189453,341700
2009-10-13,12.768635618852123,12.82177934227641,12.642766883797606,12.695911407470703,512400
2009-10-14,12.99799208727447,13.009180363481471,12.746255472492642,12.894500732421875,1026300
2009-10-15,12.78261609995774,12.827370001287637,12.609198233391892,12.667937278747559,1094400
2009-10-16,12.533681421630703,12.542072030204015,12.253973662718394,12.396623611450195,1300800
2009-10-19,12.427388580326015,12.61758925410599,12.34907065582838,12.584024429321289,564000
2009-10-20,12.648359868806144,12.749054370696275,12.502912254964846,12.536477088928223,880200
2009-10-21,12.550462226401716,12.69311296159941,12.293131049045801,12.321102142333984,825000
2009-10-22,12.312712263537518,12.494522391869388,12.12530839600251,12.452566146850586,1264200
2009-10-23,12.438580808180113,12.460958166836223,12.077759003925307,12.125308990478516,1089000
2009-10-26,12.11132197160565,12.360260945389177,11.977061841642382,12.080554008483887,1235100
2009-10-27,12.09453897952301,12.200828014126914,11.761688329628864,11.800846099853516,1217100
2009-10-28,11.775676107161745,11.867980022081339,11.440027689951268,11.462404251098633,1805700
2009-10-29,11.557497073324338,11.767277404135989,11.557497073324338,11.744901657104492,798900
2009-10-30,11.688963766619704,11.702948912768438,11.311358418614358,11.356111526489258,1259100
2009-11-02,11.364504299639973,11.479184752533945,11.191086385914183,11.35891056060791,1293900
2009-11-03,11.191085854820422,11.263809260278752,11.031652296241006,11.247026443481445,1286100
2009-11-04,11.358909146613762,11.540718446504219,11.328141185021144,11.336532592773438,884700
2009-11-05,11.512750919743675,11.725328232288796,11.473591540992503,11.677778244018555,458700
2009-11-06,11.616239226219443,11.856787574131117,11.607847818676323,11.702948570251465,339900
2009-11-09,11.853992328678379,12.097337579019285,11.83441264181215,12.060975074768066,468000
2009-11-10,12.066570071156175,12.203626283914993,11.965875563777468,12.083352088928223,862500
2009-11-11,12.2232053000232,12.396623208635154,12.192437335507785,12.256770133972168,1288200
2009-11-12,12.31270818259605,12.455358888230334,12.181246552157146,12.198028564453125,477000
2009-11-13,12.245579947006597,12.346274433156083,12.156073737095944,12.293129920959473,299100
2009-11-16,12.472140879790404,12.620386122775912,12.472140879790404,12.584024429321289,137700
2009-11-17,12.522491384449415,12.620389012549865,12.460956258378298,12.611997604370117,90900
2009-11-18,12.600809967030255,12.625983391000931,12.430187337038971,12.511302947998047,93300
2009-11-19,12.295928354847828,12.295928354847828,11.935106600286232,12.100133895874023,480600
2009-11-20,12.005032539367676,12.027408291841557,11.918322397257056,12.005032539367676,306900
2009-11-23,12.142089613850464,12.267957532069373,12.091741966413675,12.130901336669922,177300
2009-11-24,12.156074512530553,12.245580728150799,12.114119074145082,12.228797912597656,223200
2009-11-25,12.234396629422422,12.307120854574595,12.234396629422422,12.276352882385254,110700
2009-11-27,11.884759606740158,12.184047051050944,11.865180719936106,12.105729103088379,215700
2009-11-30,12.125304480178622,12.13369588652217,11.954683485852101,12.128101348876953,163800
2009-12-01,12.231592260260513,12.553255335353155,12.231592260260513,12.51969051361084,189000
2009-12-02,12.578433363563922,12.79380831556546,12.505709156333188,12.707098960876465,222900
2009-12-03,12.709893345243538,13.009179923726032,12.709893345243538,12.86373233795166,260700
2009-12-04,12.989597999157759,13.179799455670075,12.818977022277313,13.067915916442871,310800
2009-12-07,13.070716332134275,13.29727952636862,13.070716332134275,13.17420768737793,378900
2009-12-08,13.137848711585056,13.19658777425005,12.978415942063059,13.101486206054688,453000
2009-12-09,13.118266228989594,13.179802148123077,13.006383467154746,13.163020133972168,188700
2009-12-10,13.199379661733891,13.308465543266637,13.12106253682406,13.123859405517578,436800
2009-12-11,13.154628247712838,13.179801668146766,12.972818166165817,13.025961875915527,233700
2009-12-14,13.143442950294514,13.232949982483762,13.067921867032583,13.221761703491211,221100
2009-12-15,13.177007629270651,13.311266975571405,13.109877956120274,13.157428741455078,462600
2009-12-16,13.18260060359115,13.490279436038108,13.18260060359115,13.350424766540527,228000
2009-12-17,13.263713270244507,13.344827264011874,13.135046906851306,13.151829719543457,125400
2009-12-18,13.196584949837256,13.330844263910015,13.13784589974395,13.308466911315918,188700
2009-12-21,13.435486363322566,13.623767852783203,13.435486363322566,13.623767852783203,317700
2009-12-22,13.674354714980737,13.755851379962069,13.657494833122696,13.699646949768066,999600
2009-12-23,13.77270820924542,13.78956969536647,13.660300981771462,13.719314575195312,417900
2009-12-24,13.761470965933741,13.885118136194045,13.761470965933741,13.882308959960938,60600
2009-12-28,13.927268045951811,13.944129530733761,13.682781340612609,13.747416496276855,395100
2009-12-29,13.755850935364075,13.758660111582866,13.632202157733783,13.727747917175293,588300
2009-12-30,13.682783797877581,13.924459763155351,13.682783797877581,13.921648979187012,169800
2009-12-31,13.966612236458921,13.997522817352637,13.834532737731934,13.834532737731934,138000
2010-01-04,13.991909407808713,14.126798145397503,13.95537724237849,14.003150939941406,380400
2010-01-05,14.025628762114584,14.1043130346537,13.89354923578081,13.980664253234863,616800
2010-01-06,13.983470921396812,14.053726036341029,13.924457332363538,13.938508033752441,219300
2010-01-07,13.927272142164842,13.927272142164842,13.733369834142007,13.8289155960083,300600
2010-01-08,13.800812742030981,14.042488709716313,13.800812742030981,14.036867141723633,232800
2010-01-11,14.093071270752299,14.135223381815381,13.879496715499435,13.994714736938477,269100
2010-01-12,13.859829167480308,13.859829167480308,13.418630058109956,13.505745887756348,316800
2010-01-13,13.584430564838922,13.705268576848887,13.300602419048229,13.663116455078125,342600
2010-01-14,13.637821197509766,13.654682685684724,13.49731254805181,13.637821197509766,424200
2010-01-15,13.629395200153208,13.629395200153208,13.160093051207408,13.193815231323242,491400
2010-01-19,13.207862371954533,13.376473216736947,13.207862371954533,13.345561027526855,397800
2010-01-20,13.286547432852993,13.353991770765958,13.171329419251732,13.345561027526855,916200
2010-01-21,13.345563968273465,13.559136948059558,13.188193811799422,13.261258125305176,762900
2010-01-22,13.188191145388666,13.188191145388666,12.600862755723586,12.637394905090332,733200
2010-01-25,12.716078939264282,12.90155125889904,12.702028237413128,12.811625480651855,536400
2010-01-26,12.746994949922954,12.881883657752807,12.682360576421118,12.696412086486816,616200
2010-01-27,12.702033360682176,12.904367247348063,12.603676800052973,12.873455047607422,782700
2010-01-28,12.876263321061643,12.876263321061643,12.294555548203613,12.494078636169434,1183800
2010-01-29,12.561520963764796,12.699219634349236,11.99667396916329,12.078169822692871,899100
2010-02-01,12.134372437443941,12.502506325824024,12.134372437443941,12.488454818725586,1690500
2010-02-02,12.49969831100711,12.67954991174101,12.440684705516318,12.61772632598877,703200
2010-02-03,12.586811581832277,12.687978086755255,12.508126522447741,12.614912986755371,481200
2010-02-04,12.482834997868142,12.482834997868142,12.050065968697657,12.069737434387207,614700
2010-02-05,12.083790147340888,12.359188300817967,11.988244390665194,12.345137596130371,776100
2010-02-08,12.356377184379621,12.508127353850726,12.187766331633929,12.29455280303955,297600
2010-02-09,12.460353073396378,12.589621789584047,12.336705120695097,12.440682411193848,272700
2010-02-10,12.429443925151395,12.550282731673239,12.322657432783451,12.516560554504395,453600
2010-02-11,12.49407594222407,12.803197047293908,12.415391681006252,12.775094032287598,451500
2010-02-12,12.631773810558768,13.0083392335502,12.530607304501336,12.890311241149902,514500
2010-02-16,13.008341299769167,13.191002874830929,12.938086971514652,13.171331405639648,432000
2010-02-17,13.241587261535452,13.2640679081254,13.002721246016199,13.160091400146484,336300
2010-02-18,13.101080613801633,13.210677910022657,12.997104083438227,13.205057144165039,1072200
2010-02-19,13.140416376376118,13.311837179280163,13.07859200575509,13.241582870483398,1324200
2010-02-22,13.31183907992646,13.331509742478222,13.171329638271354,13.216293334960938,839700
2010-02-23,13.182575793120657,13.182575793120657,12.789149539976034,12.876264572143555,375000
2010-02-24,12.935277550721239,13.188194284694958,12.935277550721239,13.117939949035645,469500
2010-02-25,12.876263417729753,13.09264799835951,12.758236195568205,13.064546585083008,376200
2010-02-26,13.072975907512832,13.072975907512832,12.898744269765222,13.04206371307373,239700
2010-03-01,13.106700735533874,13.379288168225592,13.106700735533874,13.351186752319336,219900
2010-03-02,13.393339680178945,13.51698687496674,13.30622303966892,13.351186752319336,403800
2010-03-03,13.413008483837695,13.50012350422875,13.227536109456501,13.286550521850586,236700
2010-03-04,13.292169143013552,13.325891314371727,13.1066967985436,13.275307655334473,492600
2010-03-05,13.36242226110044,13.49450015068027,13.278116438304886,13.424245834350586,344700
2010-03-08,13.474828641286212,13.491689323390892,13.396144386131157,13.418625831604004,354300
2010-03-09,13.353992975241342,13.491690839233518,13.314650039243578,13.382094383239746,714300
2010-03-10,13.435488070309436,13.68840474804627,13.415815799418848,13.643440246582031,315300
2010-03-11,13.606908768119155,13.606908768119155,13.432677949346868,13.556325912475586,664200
2010-03-12,13.629392618646358,13.629392618646358,13.494502315731845,13.531034469604492,219000
2010-03-15,13.480446769334144,13.480446769334144,13.297784457576363,13.38490104675293,180900
2010-03-16,13.421440086352519,13.781143328492549,13.410199360035643,13.755852699279785,229500
2010-03-17,13.80081485549148,14.042490860187138,13.80081485549148,13.977855682373047,358500
2010-03-18,13.986280751107545,13.989089926393937,13.753035586358106,13.848581314086914,264000
2010-03-19,13.890742699650806,13.890742699650806,13.570380763993613,13.65749740600586,284100
2010-03-22,13.56756703754029,13.960993213714238,13.51417500117395,13.927271842956543,526500
2010-03-23,13.983478402621932,14.225154455008147,13.97223847869728,14.208292961120605,423900
2010-03-24,14.112737866804087,14.121168608186824,13.848580532809793,13.873872756958008,530100
2010-03-25,14.02281429509904,14.109930897674463,13.85982422421564,13.86544418334961,498000
2010-03-26,13.94975123602965,14.014384791785673,13.694024580821207,13.812051773071289,417900
2010-03-29,13.879498948967465,13.972235537829235,13.859828282239311,13.90198040008545,459300
2010-03-30,13.916027230454905,14.031245238346727,13.817670708205743,13.986282348632812,283500
2010-03-31,13.91603228433298,14.05092261046255,13.86263863240679,13.887930870056152,250200
2010-04-01,14.01438687492083,14.182998552912311,13.775521671099675,13.882308959960938,301800
2010-04-05,13.986285275675304,14.298214785346119,13.969423786503878,14.281354904174805,331800
2010-04-06,14.202668759404377,14.244822481539579,14.104312218422345,14.191427230834961,288300
2010-04-07,14.15770493375561,14.348798042917844,14.064968359132765,14.244821548461914,157200
2010-04-08,14.177384213124398,14.177384213124398,13.963809550729378,14.050926208496094,188100
2010-04-09,14.064972190718882,14.205482482910156,14.045301521652302,14.205482482910156,81600
2010-04-12,14.26167852652212,14.427477743632554,14.205474121129177,14.326312065124512,178200
2010-04-13,14.334744985266434,14.475255231868857,14.30383440333379,14.461204528808594,165600
2010-04-14,14.7534629062372,15.07101393180761,14.722550717199386,15.048532485961914,477600
2010-04-15,15.04853515117711,15.174993105455883,15.000761467293962,15.113168716430664,255900
2010-04-16,15.026053167920304,15.026053167920304,14.694451392738966,14.893975257873535,600000
2010-04-19,14.837772185495743,14.899594969968469,14.464018262273296,14.761897087097168,642000
2010-04-20,14.896783596052355,14.99795091499328,14.78156557325852,14.95579719543457,198300
2010-04-21,15.048535990380625,15.08225736300209,14.570803948908123,14.761897087097168,195900
2010-04-22,14.587663370729224,14.978278728874354,14.351607363850157,14.967037200927734,452700
2010-04-23,14.986708255243753,14.986708255243753,14.733792388992818,14.97546672821045,266700
2010-04-26,14.955798422653272,15.138460803729677,14.955798422653272,15.042913436889648,190800
2010-04-27,14.930502188821858,15.014808004270817,14.517405461921616,14.556748390197754,402900
2010-04-28,14.643868018940122,14.778756708367318,14.405001224412782,14.627006530761719,459300
2010-04-29,14.694448972180737,14.81247615814209,14.567991043222174,14.81247615814209,384600
2010-04-30,14.823720408656115,14.823720408656115,14.168949127197266,14.168949127197266,364200
2010-05-03,14.258876849963647,14.537085055539187,14.233584610183874,14.464020729064941,1291800
2010-05-04,14.242008775100906,14.250439517798055,13.741795428401737,13.910407066345215,671700
2010-05-05,13.764281016119545,13.98066315053541,13.533844961286972,13.769899368286133,1179600
2010-05-06,13.66311381166675,13.871066811636975,6.536487286524229,13.26968765258789,1384500
2010-05-07,13.151659785488972,13.398955710508424,12.645826407585552,13.101076126098633,3522600
2010-05-10,13.798005327774488,13.803625289139674,13.553520124384798,13.783954620361328,517800
2010-05-11,13.68278550196798,13.932892242299742,13.497313936958005,13.705266952514648,851400
2010-05-12,13.809241865324752,14.11274221665057,13.758659009437116,14.081830024719238,667800
2010-05-13,14.020002996253153,14.146462524118087,13.685592124076166,13.747416496276855,664800
2010-05-14,13.615342345921611,13.615342345921611,13.081408250552316,13.331513404846191,697800
2010-05-17,13.331512785365755,13.52260673091338,13.0842176231281,13.502934455871582,853200
2010-05-18,13.612530483197988,13.663113339388234,13.061733397126389,13.131988525390625,1389000
2010-05-19,13.089839129955802,13.339945106166518,12.909986692905141,13.210677146911621,1431900
2010-05-20,12.881885588634297,13.103890154547495,12.609298151703035,12.817251205444336,1052400
2010-05-21,12.558708779669796,13.230342134404498,12.52217663339549,13.011148452758789,910200
2010-05-24,12.997103646842561,13.11794166671939,12.814441224610052,12.817251205444336,765600
2010-05-25,12.477217487980479,12.873453668760972,12.308606603818603,12.856592178344727,1066200
2010-05-26,12.99428941295718,13.235965388563223,12.82286856756221,12.879072189331055,954300
2010-05-27,13.095457564285207,13.457971572875977,13.095457564285207,13.457971572875977,1031100
2010-05-28,13.40457293121188,13.43548592052222,13.081402789146829,13.241582870483398,560100
2010-06-01,13.168520311695927,13.365233378970936,12.960566520690918,12.960566520690918,988200
2010-06-02,13.022391658574367,13.379284858703613,12.966188036664251,13.379284858703613,120600
2010-06-03,13.41862682155589,13.556325484235744,13.306218781898904,13.539463996887207,465000
2010-06-04,13.25845177717405,13.42425191011259,12.884696168820126,12.935279846191406,268500
2010-06-07,12.974616971397902,13.081404240133656,12.449112978829664,12.460352897644043,518100
2010-06-08,12.480025774953274,12.508127987167088,12.134373308323406,12.457544326782227,300900
2010-06-09,12.589625295718378,12.80600907220721,12.28331490640285,12.314227104187012,321300
2010-06-10,12.508127434260691,12.758233333107977,12.508127434260691,12.749802589416504,252300
2010-06-11,12.555904597140996,12.95214003797987,12.555904597140996,12.932469367980957,471000
2010-06-14,13.134802662167184,13.230348444763878,12.954951020573166,12.96338176727295,485100
2010-06-15,13.04206232792636,13.651871387277387,13.04206232792636,13.609719276428223,401400
2010-06-16,13.486076995594146,13.75304449674133,13.404581111496372,13.660307884216309,348900
2010-06-17,13.713698142431078,13.778331711849814,13.457971433165257,13.677165985107422,140100
2010-06-18,13.713698897029222,13.786763215696904,13.59567167333522,13.646254539489746,159000
2010-06-21,13.825496728321768,13.887594458792838,13.455724747018111,13.543227195739746,422400
2010-06-22,13.562982429193461,13.752102083857768,13.269423875639374,13.277892112731934,324600
2010-06-23,13.325878941617763,13.498062141452388,13.108532074737731,13.331523895263672,353700
2010-06-24,13.272248754080543,13.272248754080543,12.93917223886659,12.978690147399902,404100
2010-06-25,13.046431475900198,13.069012902050746,12.786745075168879,13.015381813049316,241200
2010-06-28,13.001272206540854,13.232732292158417,12.930705432267192,13.105711936950684,887400
2010-06-29,12.834733747980035,12.837556225090387,12.476252504967137,12.549642562866211,576000
2010-06-30,12.57786754117345,12.696419634682945,12.301244643692014,12.337939262390137,321300
2010-07-01,12.312535685238004,12.448024257181794,11.996395684035827,12.31535816192627,753600
2010-07-02,12.321008339162281,12.366171212664845,12.098016449349405,12.250441551208496,434700
2010-07-06,12.41697761563528,12.529885594001524,12.117774016828468,12.216567993164062,223500
2010-07-07,12.239145386042487,12.87989442045579,12.239145386042487,12.868603706359863,165300
2010-07-08,13.015384278336972,13.015384278336972,12.64561315318826,12.851669311523438,405000
2010-07-09,12.806504378695871,13.035141944885254,12.803681902064978,13.035141944885254,293700
2010-07-12,12.96457499246951,13.196034224300858,12.96457499246951,13.114176750183105,762600
2010-07-13,13.266607017002059,13.46983994783115,13.204507662127451,13.407740592956543,301800
2010-07-14,13.582743589954339,13.673069308066848,13.323055535229628,13.38515567779541,656700
2010-07-15,13.40209479877507,13.407739753823533,13.122649334480393,13.365399360656738,255300
2010-07-16,13.24119559991481,13.292003400045807,12.97021770477295,12.97021770477295,166200
2010-07-19,13.01538217614615,13.325877198165996,13.01538217614615,13.320231437683105,237300
2010-07-20,12.927880988634147,13.320232710762928,12.826263750834249,13.30329704284668,501000
2010-07-21,13.323054750625685,13.323054750625685,13.001269802587817,13.035141944885254,417000
2010-07-22,13.133936713274904,13.517821016558464,13.133936713274904,13.472658157348633,169800
2010-07-23,13.413378211087048,13.596852879024956,13.292002860315913,13.577093124389648,292800
2010-07-26,13.554516866948841,13.794445991516113,13.435964754560082,13.794445991516113,221400
2010-07-27,13.839607812363806,13.853722620988288,13.650489727704167,13.67589282989502,316500
2010-07-28,13.64202098808325,13.729523430466214,13.379511238207247,13.450078010559082,336000
2010-07-29,13.520641134081943,13.520641134081943,12.984331095218462,13.119819641113281,351300
2010-07-30,12.9053000919419,13.069015872532407,12.775457265851767,12.978690147399902,263400
2010-08-02,13.13675855648703,13.252488175736596,13.018205652991297,13.179098129272461,1021800
2010-08-03,13.105710542517619,13.114177973075012,12.984334346953998,13.060546875,170400
2010-08-04,13.100064479060599,13.193212673648395,12.956107664422248,13.18192195892334,766800
2010-08-05,13.119819310060059,13.2440179482385,13.069011510419255,13.148046493530273,164100
2010-08-06,12.998448928857261,13.229908192644302,12.984334928811185,13.150873184204102,662400
2010-08-09,13.277895082486573,13.289184991034388,13.08595210081079,13.235554695129395,136200
2010-08-10,13.102886933370096,13.102886933370096,12.792391875175936,12.916589736938477,798300
2010-08-11,12.6427916693414,12.6427916693414,12.32665161852048,12.40850830078125,641700
2010-08-12,12.14882369068979,12.292780535341567,12.016156755541271,12.216567993164062,688500
2010-08-13,12.174224400363599,12.34923006527386,12.12341578308283,12.134706497192383,187800
2010-08-16,12.08107856320586,12.270197455683217,12.004866026232865,12.168581008911133,225300
2010-08-17,12.267372501607078,12.4564921634752,12.225032929682582,12.337939262390137,173700
2010-08-18,12.352054928042717,12.54964204642319,12.292778873286144,12.484720230102539,988800
2010-08-19,12.41133076502292,12.510123918691834,12.23350179629781,12.304068565368652,316800
2010-08-20,12.264551055499622,12.405685405793035,12.202452522825016,12.306891441345215,357300
2010-08-23,12.354878221644183,12.428268281373894,12.157290282628272,12.174226760864258,438000
2010-08-24,12.013326415557485,12.106474562339358,11.855255682956892,11.987921714782715,458700
2010-08-25,11.883489486068497,12.112127090630922,11.779050565016945,12.086722373962402,161700
2010-08-26,12.143172399014727,12.154463110952591,11.855258840811523,11.903244972229004,212100
2010-08-27,11.987925396081545,12.196803171649062,11.660494736551703,12.165754318237305,551100
2010-08-30,12.106482372539103,12.112127326858397,11.838326852979513,11.84114933013916,510300
2010-08-31,11.77340452123809,11.903248963423867,11.5588809224883,11.620980262756348,563700
2010-09-01,11.80445415129461,12.072609658291041,11.801632481842883,11.954056739807129,245100
2010-09-02,11.962522353255604,12.208095567413931,11.962522353255604,12.19680404663086,200700
2010-09-03,12.368989115684323,12.47907378102589,12.199628402687905,12.4310884475708,133500
2010-09-07,12.343587042246797,12.388749905747389,12.117772724743844,12.14035415649414,73200
2010-09-08,12.162934908816544,12.162934908816544,11.973816021597054,12.086722373962402,98700
2010-09-09,12.22221254887911,12.250439744443042,12.08107899378673,12.109305381774902,1473600
2010-09-10,12.098014373814987,12.126240761123633,11.787519267965441,11.959702491760254,294000
2010-09-13,12.072609210149961,12.36334533014912,12.061317687308081,12.340763092041016,401700
2010-09-14,12.326649875624026,12.637144120705145,12.20809696954082,12.5693998336792,945000
2010-09-15,12.498834744577069,12.575047279586492,12.371813583702792,12.549642562866211,255600
2010-09-16,12.527057764788948,12.676660317498971,12.459313486889295,12.65125560760498,1183800
2010-09-17,12.73311619438789,12.738761148116744,12.603272567716557,12.6597261428833,668700
2010-09-20,12.71335765422773,12.792392662028929,12.569400830981632,12.766988754272461,1079400
2010-09-21,12.766985414663095,12.896828204012737,12.713354328647275,12.795211791992188,801900
2010-09-22,12.702066964096788,12.769811256632586,12.512947278873774,12.594804763793945,261900
2010-09-23,12.484716674741765,12.894006410220094,12.419795684484802,12.671013832092285,550200
2010-09-24,12.848847062216592,13.235554695129395,12.848847062216592,13.235554695129395,770400
2010-09-27,13.204506022019078,13.266605369180436,13.097244614525525,13.167811393737793,1869900
2010-09-28,13.229906486129117,13.433139338760506,13.029496917688174,13.399267196655273,688200
2010-09-29,13.317413824027563,13.546050637907513,13.317413824027563,13.43314266204834,835500
2010-09-30,13.500887325558915,13.594036347575889,13.221441874659577,13.354108810424805,3003300
2010-10-01,13.441612803725732,13.481130722005105,13.210153479778151,13.339996337890625,338700
2010-10-04,13.263782252358839,13.323058315345374,13.006918235982798,13.15652084350586,577500
2010-10-05,13.289181779477179,13.52628756834644,13.263777876232444,13.492415428161621,2149800
2010-10-06,13.458545710280537,13.46701314116909,13.17909949399092,13.286361694335938,664500
2010-10-07,13.345636930975566,13.376686596513162,13.187566126668413,13.33716869354248,1087800
2010-10-08,13.337168248786405,13.48959328719671,13.150871069348872,13.464188575744629,1113600
2010-10-11,13.455723866497824,13.670247469706936,13.455723866497824,13.56863021850586,1359900
2010-10-12,13.520643564529918,13.709763229064459,13.427494566801347,13.664600372314453,937200
2010-10-13,13.706943559888781,13.706943559888781,13.517823845476032,13.639199256896973,944100
2010-10-14,13.605324745178223,13.752103226576152,13.543224603864473,13.605324745178223,708300
2010-10-15,12.730292336670287,13.802911024111332,12.719002429720993,13.66177749633789,822300
2010-10-18,13.591211650422608,13.633552844736146,13.464191297784824,13.56863021850586,1510800
2010-10-19,13.368216352461857,13.619433692946444,13.2468409927251,13.379507064819336,771000
2010-10-20,13.416204185755813,13.520643900265261,13.297651280055435,13.46983528137207,1115700
2010-10-21,13.46983533154495,13.489594283831211,13.2778931848763,13.390799522399902,1240500
2010-10-22,13.393625936214924,13.687185389640497,13.393625936214924,13.650490760803223,936000
2010-10-25,13.732344037482802,13.893237313072737,13.732344037482802,13.80855655670166,969000
2010-10-26,13.737987502186781,13.811376729353691,13.619433810050719,13.749279022216797,749400
2010-10-27,13.766214226117555,14.189616357610968,13.766214226117555,14.183971405029297,2363100
2010-10-28,14.203729392184288,14.220665864896079,14.01460975397177,14.189616203308105,3502500
2010-10-29,14.147277933113436,14.313816161355172,14.147277933113436,14.277121543884277,561600
2010-11-01,14.370268619118416,14.370268619118416,14.119049640004159,14.231958389282227,750600
2010-11-02,14.319462212658049,14.39285306837981,14.243249687776627,14.327930450439453,1857300
2010-11-03,14.356156461558541,14.480355125604573,14.263007463524017,14.474708557128906,413100
2010-11-04,14.655364809757332,14.94045520447602,14.655364809757332,14.926342010498047,447900
2010-11-05,14.915046168247875,15.090052630182262,14.906577931282381,15.022308349609375,446400
2010-11-08,14.99126128849395,15.129573157691585,14.95738994990246,15.019489288330078,847200
2010-11-09,15.039246327333778,15.039246327333778,14.793672276232394,14.85859489440918,225600
2010-11-10,14.8416553234454,14.858591795537656,14.655358975883221,14.844478607177734,1402800
2010-11-11,14.432371306422095,14.71181673033311,14.299705998621022,14.680767059326172,483600
2010-11-12,14.621492107577351,14.895292597958516,14.514229893288695,14.67512321472168,1605000
2010-11-15,14.759799471177145,14.804962324913497,14.55656662936356,14.565034866333008,172500
2010-11-16,14.463422380462688,14.573506266860333,14.279947621315031,14.356160163879395,916200
2010-11-17,14.29123755764227,14.50011539766148,14.29123755764227,14.344868659973145,175200
2010-11-18,14.488825639017,14.661008856093936,14.488825639017,14.6045560836792,305100
2010-11-19,14.576325473934153,14.881175558906339,14.576325473934153,14.830366134643555,194700
2010-11-22,14.83036798851821,15.02513424223677,14.804964888362425,15.019489288330078,343500
2010-11-23,14.861417654888317,14.982793047191317,14.836014554737394,14.909403800964355,689400
2010-11-24,15.008196548477011,15.31304503168815,15.008196548477011,15.284818649291992,524400
2010-11-26,15.205786881031749,15.284821087377997,15.154979061584058,15.188850402832031,165900
2010-11-29,15.109810161561489,15.194490912638635,14.982789842521262,15.166264533996582,420900
2010-11-30,15.013846913439954,15.05900978761256,14.934812691213784,14.974328994750977,1418400
2010-12-01,15.214251825182945,15.476760719821204,15.214251825182945,15.425952911376953,473700
2010-12-02,15.502164042104237,15.750559724085111,15.502164042104237,15.730801582336426,695100
2010-12-03,15.62354661964978,15.852182650284563,15.62354661964978,15.809843063354492,656400
2010-12-06,15.840887571051212,15.840887571051212,15.6799942859423,15.801369667053223,702900
2010-12-07,15.953795853394748,16.027185098093458,15.784434318542482,15.78443431854248,292200
2010-12-08,15.770313497780863,15.942498233810339,15.750555361504777,15.919915199279785,218700
2010-12-09,16.01589787339097,16.018721158333587,15.914280612427122,15.967911720275879,99900
2010-12-10,15.998949520031667,16.02717588790269,15.91991375181236,15.970723152160645,57300
2010-12-13,16.063871939306555,16.07516345656451,15.854994213964279,15.863462448120117,682200
2010-12-14,15.894527573246833,15.905817486343782,15.705407800080163,15.759038925170898,365100
2010-12-15,15.711046536020236,15.795727311327337,15.5670897025436,15.58967113494873,203400
2010-12-16,15.595317487456972,15.730806080002884,15.589670918070658,15.674351692199707,1235700
2010-12-17,15.696931494078195,15.821128550104353,15.696931494078195,15.775965690612793,485400
2010-12-20,15.747737044784763,15.747737044784763,15.584022106436146,15.643298149108887,177300
2010-12-21,15.708219185153085,15.790078269689651,15.705397516302499,15.74209213256836,117300
2010-12-22,15.674358116335418,15.761860595869091,15.592500593350218,15.759038925170898,1719000
2010-12-23,15.739270285229189,15.750561807115302,15.671525999366054,15.7138671875,251700
2010-12-27,15.67999621769237,15.750563796728935,15.519104527913045,15.733627319335938,149700
2010-12-28,15.767503447219145,15.767503447219145,15.609431779942224,15.668707847595215,120900
2010-12-29,15.727983205498662,15.727983205498662,15.65177066831002,15.671528816223145,53100
2010-12-30,15.65459003507983,15.753382365071385,15.65459003507983,15.719511032104492,125400
2010-12-31,15.65176634476765,15.722333908081055,15.62636163433858,15.722333908081055,53700
2011-01-03,15.79854622862718,15.996132496186704,15.767496565759727,15.807014465332031,343500
2011-01-04,15.883230309721379,15.956619563807692,15.694110604843953,15.846535682678223,273900
2011-01-05,15.753380180601697,15.91427343154932,15.719508852331632,15.897336959838867,137700
2011-01-06,15.984848039319,16.21066237791671,15.956620035630621,16.182435989379883,978300
2011-01-07,16.227598190307617,16.298165773901612,15.973555858460127,16.227598190307617,4041300
2011-01-10,16.179608629394426,16.43082762349303,16.154205532170046,16.40260124206543,768600
2011-01-11,16.495750289094318,16.495750289094318,16.36026170638256,16.444942474365234,132300
2011-01-12,16.55502633521721,16.775195685819625,16.459055659624322,16.766727447509766,459000
2011-01-13,16.780836512891128,16.834465978584316,16.682042586615523,16.778013229370117,687900
2011-01-14,16.82317458718965,17.22681687686098,16.82317458718965,17.223995208740234,1652100
2011-01-18,17.159079377879465,17.2240019975048,17.071576943785974,17.176015853881836,741600
2011-01-19,17.02359642172038,17.04053290331554,16.718747828766425,16.76108741760254,2770800
2011-01-20,16.625594235718562,16.625594235718562,16.348972111183254,16.588899612426758,1370700
2011-01-21,16.718744110753725,16.74132554280822,16.439298687185442,16.470348358154297,276000
2011-01-24,16.529617415985033,16.85987051804336,16.512680945328007,16.851402282714844,1881300
2011-01-25,16.809067367009582,16.83447046486544,16.62559265286706,16.73285484313965,381900
2011-01-26,16.800602866697854,16.921978275035485,16.698985607215736,16.86834716796875,422100
2011-01-27,16.989721022335377,17.23811677094239,16.989721022335377,17.198598861694336,294000
2011-01-28,17.243752443158115,17.271980428941617,16.63969906676957,16.727201461791992,464100
2011-01-31,16.732855373539348,16.871165619447577,16.422360314821887,16.792131423950195,179100
2011-02-01,16.94456377356461,17.297398558763557,16.94456377356461,17.209896087646484,1026000
2011-02-02,17.15061138086799,17.376427295386357,17.113916759114748,17.300214767456055,446100
2011-02-03,17.331263715526998,17.353845144525618,17.15907890615523,17.314327239990234,414300
2011-02-04,17.36513510759619,17.67845344543457,17.35102191632032,17.67845344543457,1151700
2011-02-07,17.729268422319954,17.78289953993393,17.548616916736822,17.607892990112305,508800
2011-02-08,17.605071319807482,17.61071627556899,17.45829116394526,17.607892990112305,297000
2011-02-09,17.537317833847236,17.599417165922983,17.42158902241644,17.483688354492188,135300
2011-02-10,17.280456768820905,17.534497453980325,17.226824055220177,17.506269454956055,1100700
2011-02-11,17.410301668483946,17.709506878680077,17.38489856484525,17.64740753173828,267000
2011-02-14,17.67562663382626,17.92966725639875,17.67562663382626,17.791357040405273,210300
2011-02-15,17.765954947756413,17.765954947756413,17.548608906209054,17.610708236694336,219600
2011-02-16,17.746193493188713,17.847810707310902,17.686917457930278,17.794178009033203,264600
2011-02-17,17.72079128112769,18.101853868804643,17.72079128112769,18.062335968017578,621600
2011-02-18,18.084923383140396,18.118796342217024,17.938143252394312,18.020002365112305,243000
2011-02-22,17.672808434812797,17.71796967765883,17.255051190762764,17.314327239990234,488400
2011-02-23,17.348204092756337,17.348204092756337,16.752616951922334,16.98125457763672,405300
2011-02-24,16.98124985090913,17.288923217828987,16.958668423117377,17.24658203125,459600
2011-02-25,17.472406007742986,17.71233522446739,17.441356325400392,17.692575454711914,1692000
2011-02-28,17.76031447844577,17.805477345627857,17.342557149435727,17.523208618164062,253500
2011-03-01,17.551442442153743,17.588137082014395,17.161911372163264,17.181671142578125,844500
2011-03-02,17.167545059397884,17.624820152459833,17.167545059397884,17.399005889892578,3923100
2011-03-03,17.57683902873995,17.811121594862648,17.57683902873995,17.734909057617188,591900
2011-03-04,17.71232772033054,17.717971059081183,17.455462128399038,17.5881290435791,4838100
2011-03-07,17.650225649628833,17.650225649628833,16.910683435285655,17.105449676513672,867000
2011-03-08,17.085694209733685,17.2691689748253,16.93044744976114,17.12238883972168,1839300
2011-03-09,17.034890389858305,17.034890389858305,16.571970055856973,16.59172821044922,1835100
2011-03-10,16.34897814346206,16.41672246110823,16.15703510255527,16.1711483001709,1764900
2011-03-11,16.06387175529839,16.374366671803553,16.06387175529839,16.3546085357666,626400
2011-03-14,16.27839707304695,16.52114774757175,16.207829528197703,16.317914962768555,4028700
2011-03-15,15.801376156743714,16.213488610983987,15.615079697313584,16.103403091430664,1566900
2011-03-16,16.015899954968784,16.28687719922239,15.648950392011532,15.764680862426758,6734100
2011-03-17,16.061057627947974,16.14573839314294,15.89734105119737,15.953795433044434,4530600
2011-03-18,16.20219305424991,16.213484578000067,15.953797298412388,16.021541595458984,1270200
2011-03-21,16.25017601051068,16.399777768531212,16.20783482370695,16.309452056884766,754200
2011-03-22,16.300985720581807,16.300985720581807,16.128802514569266,16.154207229614258,689400
2011-03-23,16.094927684148896,16.337678437986497,15.993312066122208,16.309452056884766,1657800
2011-03-24,16.461872786135135,16.744139753501965,16.42517817728649,16.70744514465332,904800
2011-03-25,16.76370429455824,16.842859113239815,16.65345467309096,16.673242568969727,1090200
2011-03-28,16.77784172496032,16.823072595809773,16.667592083858604,16.67607307434082,1275600
2011-03-29,16.670420580038066,16.842863082885742,16.520591896334054,16.842863082885742,633600
2011-03-30,17.009652979806432,17.009652979806432,16.726959197815717,16.862651824951172,238200
2011-03-31,16.834381045925724,16.882439452579025,16.656283481774437,16.704341888427734,183300
2011-04-01,16.80046378379916,16.80046378379916,16.46688719296288,16.520597457885742,555000
2011-04-04,16.58278476217229,16.58278476217229,16.280303093556284,16.373592376708984,677400
2011-04-05,16.653456574460545,16.87678337841129,16.633667058739107,16.741090774536133,814200
2011-04-06,16.910710206447234,17.023787395522557,16.84568981173911,16.99834442138672,268800
2011-04-07,17.009647362328312,17.009647362328312,16.76370354587904,16.941801071166992,2364900
2011-04-08,17.02378929982507,17.06336672482454,16.712826590687328,16.800460815429688,289200
2011-04-11,16.80045708936033,16.823072524689447,16.599745707408225,16.65911102294922,371100
2011-04-12,16.54320735566039,16.54320735566039,16.218110250063457,16.30574607849121,692400
2011-04-13,16.404679316646803,16.455565238090305,16.249198870234828,16.345314025878906,1275000
2011-04-14,16.212459509572398,16.373595130045814,16.12482366647258,16.37076759338379,337200
2011-04-15,16.325529186021537,16.509280162327936,16.240720918681415,16.455568313598633,558300
2011-04-18,16.254855025265666,16.257680942701537,16.042835191175964,16.16156578063965,352500
2011-04-19,16.14177628659965,16.246374053821242,16.105026419233344,16.229412078857422,242100
2011-04-20,16.693034314906832,16.93332474430692,16.68172740539208,16.916362762451172,838500
2011-04-21,17.05205737287562,17.05205737287562,16.851345956095933,16.933326721191406,204600
2011-04-25,16.94745720502878,17.00965005282646,16.882438438975207,16.944629669189453,527100
2011-04-26,16.961597483953007,17.249944770586925,16.961597483953007,17.221675872802734,282300
2011-04-27,17.10294696398179,17.238639628378102,17.020964563856214,17.210369110107422,230700
2011-04-28,17.165139330942143,17.218851216267133,17.00965874953715,17.12273597717285,136200
2011-04-29,17.09445656831422,17.20470619090492,17.09445656831422,17.182090759277344,127800
2011-05-02,17.238631214964734,17.238631214964734,16.98985983406831,17.026611328125,228600
2011-05-03,16.947462053716222,16.987039478872745,16.701518127999996,16.81742286682129,346800
2011-05-04,16.882441428371536,16.95311366103435,16.61105455516168,16.811767578125,794400
2011-05-05,16.72695359306283,17.020954186677944,16.701510627406297,16.856992721557617,258000
2011-05-06,17.063365739429287,17.167961942785915,16.919192113358754,16.989864349365234,282600
2011-05-09,17.006823659027678,17.006823659027678,16.817419184659872,16.919189453125,516900
2011-05-10,16.95594214095444,17.054884889772158,16.927671628732373,17.00117301940918,146700
2011-05-11,17.046399934532573,17.083149812534632,16.777840645158395,16.87678337097168,200100
2011-05-12,16.803283674377223,17.16513061916415,16.786321694444478,17.0972843170166,341400
2011-05-13,17.074672825301136,17.12555715926451,16.87678732728558,16.88809585571289,130500
2011-05-16,16.823069598421768,16.995513678196318,16.619530715864016,16.65062713623047,735900
2011-05-17,16.56017585322882,16.574310304565937,16.283137048335938,16.444271087646484,1129200
2011-05-18,16.452740882255494,16.78066542983831,16.452740882255494,16.743915557861328,150900
2011-05-19,16.707156146373688,16.707156146373688,16.458386555540912,16.60256004333496,602700
2011-05-20,16.605402995385447,16.653461413148463,16.47536380782615,16.568653106689453,322500
2011-05-23,16.36793056084073,16.36793056084073,16.218103556353885,16.229412078857422,274200
2011-05-24,16.31139254705005,16.314220082027642,16.085238276330934,16.088064193725586,1470900
2011-05-25,16.02870744674678,16.294439260931984,16.020226454874678,16.23224639892578,872100
2011-05-26,16.212456637993906,16.410342112104303,16.1643982287551,16.384899139404297,372600
2011-05-27,16.506458193759098,16.65063181158479,16.506458193759098,16.579957962036133,1218000
2011-05-31,16.758062244576568,16.848524031722224,16.681734909474375,16.831562042236328,696300
2011-06-01,16.814595151579756,16.814595151579756,16.32270897027572,16.342496871948242,756600
2011-06-02,16.38207344942761,16.495150633699524,16.25768773793669,16.322708129882812,489600
2011-06-03,16.1333027830366,16.27182294685963,16.017399674712248,16.037187576293945,531600
2011-06-06,16.003270897164096,16.076770692028138,15.904326501454696,15.92128849029541,1011600
2011-06-07,16.0145645797285,16.15873813058644,15.986295700073242,15.986295700073242,891600
2011-06-08,15.909976024271058,15.909976024271058,15.62162878493607,15.67534065246582,778500
2011-06-09,15.680993296431573,15.779936034912083,15.60184007619735,15.68664836883545,1505700
2011-06-10,15.62444803967957,15.632929027523202,15.330449088209827,15.43504524230957,408000
2011-06-13,15.460487525597499,15.519852826519099,15.237160763313092,15.29935359954834,450000
2011-06-14,15.53964988094113,15.661208077097998,15.519860359306714,15.56791877746582,871500
2011-06-15,15.42656992772514,15.519857593146403,15.254127425042098,15.28239631652832,468300
2011-06-16,15.265438147136457,15.299362119459317,14.97426493342405,15.10713005065918,580200
2011-06-17,15.254132123852527,15.254132123852527,14.83291807007433,14.88380241394043,938700
2011-06-20,14.835743879217388,14.957302076994909,14.827262886630127,14.903590202331543,1503300
2011-06-21,15.002526409441272,15.299354550073875,14.90358369589707,15.25412368774414,1037100
2011-06-22,15.223030166187844,15.350241788513651,15.155183859775176,15.194761276245117,590100
2011-06-23,15.052284301267129,15.431848913464384,14.938981552910512,15.4148530960083,533100
2011-06-24,15.383690968455042,15.383690968455042,15.01828908435283,15.060778617858887,346800
2011-06-27,15.094768995111991,15.199575433131345,14.919150988334188,15.137258529663086,253500
2011-06-28,15.176916085518966,15.346869374699843,15.1684181779384,15.341204643249512,272400
2011-06-29,15.386529362272205,15.440348375758015,15.2449013177788,15.361037254333496,470400
2011-06-30,15.389359576317696,15.774588885326748,15.389359576317696,15.720769882202148,378600
2011-07-01,15.732093277926445,16.097495074668405,15.700936455217608,16.05784034729004,305400
2011-07-05,16.06067678998577,16.097499974221797,15.856731878271582,15.930379867553711,503100
2011-07-06,15.83690720793804,15.84823667233711,15.666952275469134,15.802915573120117,870600
2011-07-07,15.938872629564871,16.196636483029874,15.910547358848206,16.10316276550293,512700
2011-07-08,15.933207030595035,15.933207030595035,15.7179327157557,15.882221221923828,508200
2011-07-11,15.700943021011833,15.893556871369551,15.55081547014945,15.607467651367188,352800
2011-07-12,15.463008632633962,15.463008632633962,15.07494608006814,15.159923553466797,861600
2011-07-13,15.239233155859637,15.338373261483978,15.043786121072628,15.111767768859863,1169100
2011-07-14,15.1259345566928,15.298721089591053,14.851176334560824,14.887999534606934,502800
2011-07-15,14.978644395636952,14.978644395636952,14.769033004949803,14.94748592376709,603000
2011-07-18,14.870999178080206,14.9418123793404,14.627397875800462,14.766194343566895,967200
2011-07-19,14.902155908256407,15.264724643290915,14.902155908256407,15.227901458740234,1461600
2011-07-20,15.281717779419038,15.318540957515472,15.080606077258565,15.168415069580078,1185000
2011-07-21,15.140088377922261,15.335535331469863,14.93331034404816,15.281716346740723,890100
2011-07-22,15.346873701029653,15.703777815975021,15.346873701029653,15.652791976928711,541800
2011-07-25,15.49133043778726,15.550814169564315,15.397856696770512,15.468669891357422,522900
2011-07-26,15.539488966710898,15.76326131624613,15.539488966710898,15.573480606079102,767400
2011-07-27,15.431842787970133,15.431842787970133,14.97863197444054,15.01828670501709,1825200
2011-07-28,15.009793571556774,15.219403211616235,14.831340763259886,14.987133026123047,579300
2011-07-29,14.757689682134327,14.989959793439459,14.650051720501628,14.862494468688965,453600
2011-08-01,15.069275776245643,15.123094768807439,14.641557011447645,14.845501899719238,960300
2011-08-02,14.737864628336427,14.811512612719737,14.389458558064911,14.414952278137207,1719300
2011-08-03,14.400793763973779,14.593407634749084,14.10903816035558,14.584911346435547,977700
2011-08-04,14.358301811244228,14.38662708650446,13.726638123919209,13.743632316589355,2032200
2011-08-05,13.851270981240319,14.04671960414798,13.058151889708734,13.466042518615723,4278000
2011-08-08,13.077978778760553,13.259263124645864,12.67292055541687,12.746567726135254,3100500
2011-08-09,12.930684928555221,13.341407061962368,12.559617529224248,13.315914154052734,1929000
2011-08-10,13.012828442948946,13.471705649874705,12.871200455769204,13.060982704162598,2515800
2011-08-11,13.250766715997848,13.879596456658467,13.205445624404108,13.706809997558594,1651500
2011-08-12,13.916422634061101,13.944747913897773,13.568016505477251,13.650160789489746,1017600
2011-08-15,13.715309276779905,13.922087385664197,13.686983996902955,13.913589477539062,726600
2011-08-16,13.811614634720586,13.896592085525922,13.488702266632384,13.664321899414062,840900
2011-08-17,13.610502152136782,13.871099221380428,13.44338043571509,13.573678970336914,627300
2011-08-18,13.196947550832192,13.196947550832192,12.687085276827474,12.789057731628418,2017200
2011-08-19,12.650265545791171,13.049657566838732,12.511469058846842,12.553956985473633,1557600
2011-08-22,12.794727117201097,12.902364335515415,12.562455240319755,12.630436897277832,982500
2011-08-23,12.695583431235411,13.298921113541018,12.681420791712231,13.279093742370605,1768200
2011-08-24,13.287591981029703,13.406559452634168,13.026994869047291,13.290424346923828,1244400
2011-08-25,13.196952045286086,13.366906194501864,12.905198030269649,12.942020416259766,768000
2011-08-26,12.944847172895688,13.349905399326262,12.752233364329612,13.301751136779785,600000
2011-08-29,13.491536640405931,13.783290581740518,13.474540824573957,13.76629638671875,412200
2011-08-30,13.678487458721476,13.856940305601432,13.60767263112652,13.76346492767334,287700
2011-08-31,13.851270796476054,13.984402512356423,13.585009795930377,13.692646980285645,510000
2011-09-01,13.686984417903874,13.871101984387867,13.44338311352451,13.468876838684082,735000
2011-09-02,13.242269682849768,13.270595772168193,13.072315578154512,13.148795127868652,600000
2011-09-06,12.706911115403372,13.072312975553174,12.701246384910553,13.060982704162598,948000
2011-09-07,13.284759598345214,13.633165746694695,13.284759598345214,13.616169929504395,2767500
2011-09-08,13.531190629946828,13.87393278958206,13.483037174661717,13.556683540344238,474300
2011-09-09,13.483036716742099,13.760627976986186,13.321580542501966,13.412221908569336,1072200
2011-09-12,13.253597127611092,13.817278289337732,13.253597127611092,13.80028247833252,4078500
2011-09-13,13.905091430017556,14.126032176625428,13.788957135362184,14.072213172912598,1588200
2011-09-14,14.202510221901052,14.60190213255882,14.106203309012738,14.434782028198242,2478000
2011-09-15,14.64722394707185,14.69254503516214,14.4744358805189,14.667051315307617,1665000
2011-09-16,14.40078904771139,14.839837276862237,14.40078904771139,14.686878204345703,2793000
2011-09-19,14.417788941463298,14.607571247969892,14.284657198851612,14.531091690063477,1192200
2011-09-20,14.58774394311438,14.635896598488578,14.324313633175688,14.344141006469727,1483500
2011-09-21,14.397959439690483,14.50559745226726,14.052386473849579,14.055219650268555,1728600
2011-09-22,13.655826259806474,13.698315802669574,13.344243302321841,13.582179069519043,3060300
2011-09-23,13.48303936704943,13.902260326043637,13.406559813016358,13.828612327575684,2553000
2011-09-26,13.949592090444565,13.949592090444565,13.506567998811,13.81895637512207,1644900
2011-09-27,14.08306717552817,14.355697363740976,14.000708717626962,14.071706771850586,1397700
2011-09-28,14.088746260735075,14.139864013670486,13.66276119459716,13.679800987243652,1131900
2011-09-29,13.87575768615126,13.895636366573793,13.233939396736945,13.503730773925781,1040400
2011-09-30,13.287895252712778,13.404330049017599,13.032304039780856,13.040823936462402,1597200
2011-10-03,12.944266743255548,13.086262048168019,12.549520721851275,12.558040618896484,1117200
2011-10-04,12.37060843577242,13.086262764183012,12.36492823326412,13.05786418914795,3465000
2011-10-05,13.057863698377203,13.523606973965173,12.901669104048391,13.472488403320312,1379100
2011-10-06,13.47248777899148,13.65992144600061,13.316294004402964,13.637202262878418,575400
2011-10-07,13.682641487381932,13.88143475842169,13.577566274478428,13.699681282043457,871200
2011-10-10,13.91267529263924,14.168265739226067,13.91267529263924,14.085908889770508,897000
2011-10-11,14.060346368173,14.122826150893564,13.975150653109576,14.071706771850586,543600
2011-10-12,14.222223842353316,14.332980892895291,14.17110607864401,14.176785469055176,562800
2011-10-13,14.108623012711385,14.51756985547409,14.108623012711385,14.463611602783203,729300
2011-10-14,14.625485627091276,14.651043686291546,14.389772331107297,14.628324508666992,1625700
2011-10-17,14.571530691864126,14.571530691864126,14.190985556400573,14.247782707214355,1389900
2011-10-18,14.2648219951853,14.582890578443642,14.085907401474826,14.534611701965332,507000
2011-10-19,14.457929219931108,14.50904858606199,14.210858783646616,14.242097854614258,1254900
2011-10-20,14.16542606164458,14.16542606164458,13.72808051924205,13.995031356811523,598500
2011-10-21,14.193819149758633,14.489168448942651,14.193819149758633,14.29321575164795,1670700
2011-10-24,14.327301383554092,14.79588440117594,14.327301383554092,14.77032470703125,631200
2011-10-25,14.634006185116215,14.781681675269455,14.492011709010267,14.526089668273926,618000
2011-10-26,14.622647346044195,14.739082133463778,14.28753901882839,14.574368476867676,610200
2011-10-27,15.025915325714946,15.304224926789537,14.906640014540727,15.190629005432129,916800
2011-10-28,15.20198910234597,15.25310849013957,15.099753576767524,15.25026798248291,359400
2011-10-31,15.048631924761812,15.094070285498859,14.858358586049933,14.881077766418457,457800
2011-11-01,14.438055564361468,14.548812604442547,14.29889994990237,14.406816482543945,987900
2011-11-02,14.520410161323417,14.591408211301887,14.34717660938011,14.460772514343262,591000
2011-11-03,14.599927199804855,14.915155207107318,14.318777149371135,14.892436027526855,573900
2011-11-04,14.807237056930388,15.119627772797905,14.778838491852877,15.06282901763916,432000
2011-11-07,15.025915086032668,15.082712233303267,14.804402636668065,15.054313659667969,435000
2011-11-08,15.167903483223455,15.196302045445355,14.892432879661063,15.122465133666992,302400
2011-11-09,14.801564400000059,14.801564400000059,14.418177097091498,14.455097198486328,586500
2011-11-10,14.619804719645794,14.66524307522346,14.347174586179804,14.551647186279297,482400
2011-11-11,14.756119314790125,15.133825430332937,14.747599420266127,15.06282901763916,389100
2011-11-14,15.045797662332786,15.139514929625133,14.804406473857556,14.898123741149902,661800
2011-11-15,14.815761837037705,15.176429907468632,14.815761837037705,15.085553169250488,674100
2011-11-16,14.969113753001622,15.255944822664473,14.969113753001622,15.034432411193848,912600
2011-11-17,14.98046996581768,14.98046996581768,14.267657236524618,14.452249526977539,721200
2011-11-18,14.4891715534629,14.509051853102639,14.236420047359806,14.315937995910645,333000
2011-11-21,14.085910637180001,14.119990234288307,13.835999550069399,14.048992156982422,538500
2011-11-22,13.989348608227553,14.094424613480452,13.782035479618026,13.870073318481445,1081500
2011-11-23,13.71104042779772,13.722400832876726,13.421371223338962,13.432731628417969,580500
2011-11-25,13.361728304375012,13.54064202014036,13.268011093139648,13.268011093139648,117900
2011-11-28,13.705365512977002,13.784883499482175,13.560531269705935,13.671287536621094,726900
2011-11-29,13.73375793902484,13.799074971275608,13.554843383288015,13.586082458496094,495300
2011-11-30,13.983669858579272,14.392615120689447,13.983669858579272,14.350015640258789,696300
2011-12-01,14.344338024129097,14.500533430006852,14.276180472019956,14.446575164794922,436500
2011-12-02,14.653887570312715,14.690806039336149,14.429534623933819,14.449413299560547,601800
2011-12-05,14.602770173754827,14.733405899201477,14.506214039730938,14.568692207336426,240600
2011-12-06,14.591405480974636,14.614124657716081,14.449409407587837,14.531767845153809,277500
2011-12-07,14.469291757470915,14.758961708307732,14.381253919469332,14.724882125854492,396000
2011-12-08,14.614126184346082,14.739080856975267,14.276177379386775,14.290376663208008,162600
2011-12-09,14.145545653157289,14.543132211468475,14.066029316497646,14.480655670166016,426600
2011-12-12,14.256301905652721,14.256301905652721,13.915512517466412,14.094427108764648,653400
2011-12-13,14.208020664126506,14.239259740342279,13.696839916969388,13.759316444396973,1083900
2011-12-14,13.76215838527249,13.790556957517099,13.500887783112578,13.543485641479492,1385400
2011-12-15,13.74795830791887,13.810434838260493,13.458288337683554,13.509406089782715,438300
2011-12-16,13.623003464464023,13.810436325684032,13.571885706859334,13.640043258666992,907500
2011-12-19,13.645721869149321,13.676960948402757,13.236776581656537,13.245296478271484,1338300
2011-12-20,13.608802699394522,13.881432877011127,13.608802699394522,13.833155632019043,1983600
2011-12-21,13.864392329696193,13.864392329696193,13.503725952906905,13.693999290466309,295800
2011-12-22,13.734974513371021,14.195936138246289,13.734974513371021,14.150410652160645,1195500
2011-12-23,14.176023060625157,14.227242301290726,14.090659287694418,14.213013648986816,133800
2011-12-27,14.176018700988477,14.312600044402556,14.147564661488389,14.19593620300293,983400
2011-12-28,14.21300809677365,14.21300809677365,13.971145524767282,13.985372543334961,214800
2011-12-29,14.050818297377491,14.130491561651189,13.973992716498053,14.107728004455566,275400
2011-12-30,14.079269707232985,14.16747785412385,14.056506156921387,14.056506156921387,440100
2012-01-03,14.372355689353025,14.457719445004221,14.210166344611789,14.232928276062012,371100
2012-01-04,14.17032970821747,14.26422837407339,14.05651191007528,14.232928276062012,1187100
2012-01-05,14.190247124905314,14.449182817605877,14.176020103747463,14.426419258117676,1147800
2012-01-06,14.42073216501925,14.497559399873172,14.329677905663285,14.46341323852539,304800
2012-01-09,14.54877357050892,14.782101276021676,14.531700493875656,14.756491661071777,1069800
2012-01-10,14.949981350922512,14.981281449211249,14.844700090230338,14.904454231262207,700200
2012-01-11,14.847552530757222,14.99836097596275,14.804869820109193,14.955679893493652,1195800
2012-01-12,15.004042364231296,15.143468110872641,14.912986522664173,15.11501407623291,361200
2012-01-13,14.96989777793023,14.9841247967306,14.767870203337948,14.807706832885742,1169100
2012-01-17,14.947135144987017,15.01827024338044,14.84185389682232,14.850390434265137,202800
2012-01-18,15.018268541347235,15.635732197035122,15.018268541347235,15.604432106018066,1420200
2012-01-19,15.74955541512776,15.928817858556584,15.712564829730308,15.914590835571289,1746000
2012-01-20,15.843449192448725,16.008484561850576,15.826377747053227,15.991413116455078,4804200
2012-01-23,15.977184420847404,16.048319506306825,15.823530031170666,15.940192222595215,4483200
2012-01-24,15.883287807358977,16.04832319739601,15.829224153068616,15.997105598449707,1460400
2012-01-25,16.039794988537,16.099549150300387,15.820694224499519,16.06540298461914,1189800
2012-01-26,16.12515475515582,16.201981988366988,15.812155338267717,15.8975191116333,777300
2012-01-27,15.849138495269576,16.00279287385959,15.803609764411775,15.94872760772705,414000
2012-01-30,15.843457966436537,15.843457966436537,15.607285745140361,15.783703804016113,944400
2012-01-31,15.891824622838728,15.934507312854727,15.684106539902576,15.79507827758789,326100
2012-02-01,16.005643323275304,16.26457902073154,15.943043126488472,16.147916793823242,1958700
2012-02-02,16.199133459510623,16.34425134904094,16.147915859728787,16.23612403869629,1212300
2012-02-03,16.438149213245218,16.557659111176616,16.369858540789306,16.489368438720703,831900
2012-02-06,16.438150339252957,16.438150339252957,16.213360804254336,16.30156898498535,448200
2012-02-07,16.244659753057338,16.355631484987878,16.127995910634418,16.310104370117188,1608900
2012-02-08,16.335711461311938,16.625947180857995,16.335711461311938,16.506437301635742,696900
2012-02-09,16.57757417127618,16.60033772540806,16.435300736818554,16.560501098632812,411900
2012-02-10,16.369851068954663,16.435295656286698,16.164979145098407,16.23896026611328,460500
2012-02-13,16.344255611635383,16.4097002490814,16.076781693228703,16.28734588623047,157800
2012-02-14,16.24181613145919,16.349943452523224,16.199135065439425,16.347097396850586,1032600
2012-02-15,16.47514184996525,16.623105806203682,16.415387707619548,16.43246078491211,786600
2012-02-16,16.472299175511058,16.867816281869363,16.40969897089528,16.84505271911621,773700
2012-02-17,16.93610569298067,16.97025022044635,16.67716998266756,16.68855094909668,474900
2012-02-21,16.74830986316586,16.74830986316586,16.409700811618464,16.460918426513672,462000
2012-02-22,16.4466806653463,16.549117456444723,16.344245502425434,16.401153564453125,358200
2012-02-23,16.389776483645964,16.455221096107522,16.190594963037128,16.42961311340332,352800
2012-02-24,16.45521845802076,16.537736131174587,16.361319822862534,16.37839126586914,834900
2012-02-27,16.290184882692085,16.517822080234122,16.182059208377698,16.39546775817871,619500
2012-02-28,16.42107678231037,16.748303105076413,16.42107678231037,16.660093307495117,797100
2012-02-29,16.694241589670664,16.694241589670664,16.38124224594974,16.41254234313965,626700
2012-03-01,16.463758216251467,16.580420426431807,16.355630915156222,16.423921585083008,486000
2012-03-02,16.401151149732645,16.50074187179605,16.236115840337213,16.23896026611328,474600
2012-03-05,16.190595813528525,16.20482283315108,15.792232751384855,15.8519868850708,1145100
2012-03-06,15.612976725295244,15.732485041463832,15.516230347274297,15.704030990600586,771000
2012-03-07,15.732483535276083,15.999955821048085,15.732483535276083,15.934511184692383,1201500
2012-03-08,16.082467112447322,16.21051190609672,16.005639910622104,16.17067527770996,1534200
2012-03-09,16.159298426913992,16.358479991362838,16.159298426913992,16.347097396850586,701700
2012-03-12,16.33855985652134,16.33855985652134,16.136533876961558,16.190597534179688,518700
2012-03-13,16.321492511108424,16.54343605041504,16.307263858218768,16.54343605041504,1193700
2012-03-14,16.583267095736296,16.765375555618736,16.46944930830977,16.489368438720703,670800
2012-03-15,16.571878904815204,16.8308144618224,16.566188424969763,16.816587448120117,2073300
2012-03-16,16.87350676551304,16.87350676551304,16.75115241219255,16.84505271911621,733200
2012-03-19,16.853589701630995,17.027161668663428,16.776762471797568,16.964561462402344,535200
2012-03-20,16.853583638780723,16.893420267359673,16.699929234388975,16.830820083618164,716400
2012-03-21,16.87635295318241,16.97878817228211,16.79667966883513,16.89911651611328,365700
2012-03-22,16.7596827142713,16.847892504722115,16.67431897867232,16.808055877685547,619200
2012-03-23,16.790981738725517,16.847891434903758,16.645863885875393,16.842199325561523,806700
2012-03-26,16.974750461957626,17.080218798132872,16.88353442731186,17.07451820373535,799800
2012-03-27,17.083072981183186,17.19709304498305,17.068819046020508,17.068819046020508,635100
2012-03-28,17.091627151314597,17.108728940043765,16.755265875824133,16.87213706970215,1057800
2012-03-29,16.721062926394733,16.909195676408356,16.661202580075493,16.874990463256836,1300800
2012-03-30,16.99470842897265,17.046017056003148,16.817978532415182,16.946250915527344,585600
2012-04-02,16.869278702703184,17.000400502595987,16.70394845015269,16.960493087768555,378900
2012-04-03,16.87213123827344,16.897786359107972,16.621287148486203,16.689699172973633,1296600
2012-04-04,16.45881285915885,16.481615240751804,16.162359063447415,16.32198715209961,1061700
2012-04-05,16.239317742391354,16.404646374848912,16.239317742391354,16.347637176513672,1389300
2012-04-09,16.10249972368148,16.170911765879605,16.022686489986203,16.131004333496094,745200
2012-04-10,16.09109442191532,16.22221624599782,15.79749179639231,15.825996398925781,849000
2012-04-11,16.034078430847835,16.20795873389965,16.00842331817299,16.091089248657227,650400
2012-04-12,16.150959066956727,16.453111849337876,16.13100453497986,16.396100997924805,436200
2012-04-13,16.344789605357086,16.3846970314806,16.0967966029417,16.1053466796875,665400
2012-04-16,16.2450213664009,16.264974261322717,15.959970456957484,16.099645614624023,726000
2012-04-17,16.21937278826117,16.430309535064875,16.21937278826117,16.350496292114258,1012500
2012-04-18,16.18230717216871,16.287777126706207,16.059737067570577,16.23076629638672,517800
2012-04-19,16.159512856610423,16.416057643317593,15.945724990663786,16.031240463256836,767100
2012-04-20,16.048335551424,16.048335551424,15.65211571263813,15.660667419433594,1368000
2012-04-23,15.466833488032682,15.486788015471674,15.321459356793307,15.469684600830078,960300
2012-04-24,15.503893345878502,15.543800778814743,15.304359443340827,15.355668067932129,527700
2012-04-25,15.615060014850814,15.734780652528851,15.523843980225385,15.697724342346191,660300
2012-04-26,15.75473459552336,16.088244671475366,15.75473459552336,16.05974006652832,1090800
2012-04-27,16.096796476385954,16.11104877894555,15.902961573218203,16.062589645385742,682200
2012-04-30,16.073994587801835,16.079695183363842,15.977076307889261,15.994179725646973,1093500
2012-05-01,15.951424622405577,16.162361361781013,15.934321202707062,16.042640686035156,456900
2012-05-02,15.914362322597253,16.142402396013498,15.90010839082138,16.119598388671875,405600
2012-05-03,16.10249773295238,16.199414372983455,15.70342672059736,15.717679023742676,618000
2012-05-04,15.652113000993582,15.723376124562307,15.3670621377897,15.40126895904541,1106100
2012-05-07,15.34141576282742,15.46398591294226,15.335713535928123,15.355668067932129,504300
2012-05-08,15.235944611576702,15.292953821561198,14.945193073655657,15.267298698425293,887100
2012-05-09,15.04780924828408,15.284401041477409,14.89388341348268,15.213139533996582,711000
2012-05-10,15.324305760029107,15.330006353407319,15.039254887194662,15.156126022338867,567900
2012-05-11,15.116219035110975,15.441177332947966,15.110518441571145,15.261594772338867,452400
2012-05-14,15.107672885110826,15.215990714791586,15.044959815596219,15.113371849060059,447600
2012-05-15,15.076316939845595,15.227394955012123,14.922391073510585,14.953746795654297,515400
2012-05-16,14.993651643101082,15.044960261953312,14.7029000844858,14.722854614257812,473700
2012-05-17,14.73140687948918,14.779864387042572,14.395045653424072,14.397896766662598,578100
2012-05-18,14.483408792616276,14.483408792616276,14.087188962004788,14.121394157409668,879600
2012-05-21,14.155607751303176,14.489116313530767,14.121400908473658,14.47486400604248,739500
2012-05-22,14.47201348023144,14.474864594273779,14.275329019184952,14.369396209716797,569100
2012-05-23,14.172704044475685,14.443501012698311,14.087188611484407,14.426399230957031,1327800
2012-05-24,14.469159351112232,14.472008833167473,14.141351477605463,14.22116470336914,593700
2012-05-25,14.246817317404673,14.472006282588522,14.246817317404673,14.363688468933105,606300
2012-05-29,14.55752713102296,14.759913794730743,14.546125938430018,14.671548843383789,394800
2012-05-30,14.517616250951772,14.557522042149099,14.38079220123465,14.466307640075684,477600
2012-05-31,14.432101529495712,14.432101529495712,14.121395473964553,14.315230369567871,1117200
2012-06-01,14.041580302269118,14.041580302269118,13.682416796127912,13.702369689941406,1232100
2012-06-04,13.725176450493281,13.870552223368337,13.52564176356747,13.679569244384766,1013100
2012-06-05,13.685269031092126,14.00167570083786,13.679569251687184,13.941815376281738,713100
2012-06-06,14.072940481257115,14.452057001537058,14.072940481257115,14.3807954788208,821700
2012-06-07,14.60598580084707,14.651593831875132,14.221167019627906,14.252524375915527,850800
2012-06-08,14.201211788406644,14.469159334515409,14.144202574508206,14.400747299194336,565500
2012-06-11,14.63448973874364,14.662995980127723,14.155605434995403,14.198362350463867,1065300
2012-06-12,14.238266237500708,14.49196144688402,14.201209927109236,14.452054023742676,573300
2012-06-13,14.463460385410055,14.543273620165639,14.283877752834403,14.338037490844727,805800
2012-06-14,14.340891337627655,14.366544839262403,14.147056363010936,14.306684494018555,386400
2012-06-15,14.30667926635598,14.546122190910971,14.30667926635598,14.531869888305664,427200
2012-06-18,14.44065475031353,14.819771242764393,14.44065475031353,14.73425579071045,635400
2012-06-19,14.876530855296192,14.982240487692398,14.787962132486363,14.927958488464355,478800
2012-06-20,14.939385988369285,15.122235438491202,14.90224489816365,15.059380531311035,628500
2012-06-21,15.013670379581685,15.013670379581685,14.433694490222923,14.445121765136719,855600
2012-06-22,14.553689554194209,14.699397940605953,14.513690821005952,14.653685569763184,617700
2012-06-25,14.53083748701422,14.53083748701422,14.147995864002553,14.179423332214355,649800
2012-06-26,14.202275200961603,14.299413578263248,14.073709365014627,14.233702659606934,316500
2012-06-27,14.253698779605083,14.453690772468434,14.242271506483016,14.416549682617188,492900
2012-06-28,14.333701738182931,14.376556481061508,14.130853666499226,14.325130462646484,584700
2012-06-29,14.667969468054912,14.947958946228027,14.647970920243926,14.947958946228027,1009800
2012-07-02,15.022242522839289,15.036527434710157,14.813679212957172,14.925104141235352,484800
2012-07-03,14.950812945938562,15.122235119210082,14.905100584373224,15.107950210571289,586800
2012-07-05,14.996528099431464,15.059381375331279,14.853675732415114,14.993670463562012,228900
2012-07-06,14.842251548571138,14.847965186696445,14.487979827946555,14.616545677185059,707100
2012-07-09,14.587974851716988,14.630829586924213,14.376553907539288,14.42226791381836,2310000
2012-07-10,14.325129383746443,14.50512125204472,14.025141301779122,14.125137329101562,1207500
2012-07-11,14.139426486531187,14.18799487347146,13.899435649706689,13.96800422668457,594900
2012-07-12,13.853719336885176,13.853719336885176,13.622299842151511,13.74800968170166,803400
2012-07-13,13.79086254085184,13.905143454529705,13.759435085240035,13.845146179199219,632700
2012-07-16,13.810862769245006,13.810862769245006,13.619442828579299,13.716580390930176,567900
2012-07-17,13.785149337037447,13.785149337037447,13.43373608781212,13.659441947937012,979500
2012-07-18,13.622301190728077,14.210848443207015,13.585160089403203,14.125137329101562,1985400
2012-07-19,14.322272660337028,14.530836003170329,14.319416658393655,14.407983779907227,1440900
2012-07-20,14.393695849795078,14.44226585549525,14.167991638183594,14.167991638183594,1425300
2012-07-23,13.89943170244101,14.110851012714733,13.71372457947966,14.050853729248047,1775100
2012-07-24,14.122281747904625,14.122281747904625,13.848007482442053,13.98514461517334,712200
2012-07-25,14.096567360433138,14.436552542056162,14.096567360433138,14.265131950378418,1102500
2012-07-26,14.542260876531959,14.687969248892614,14.43654959869919,14.579401969909668,1387800
2012-07-27,14.619401173836346,14.970815206560756,14.587973716541924,14.936530113220215,1870200
2012-07-30,14.905100953440188,15.027953132539368,14.710824229378494,14.80224895477295,679800
2012-07-31,14.856535673899536,15.079383921532493,14.85367967207571,14.910820960998535,1239000
2012-08-01,14.987959314992885,15.045098963443497,14.807965825805978,14.90796184539795,1046700
2012-08-02,14.747969817433402,15.059385178930764,14.696543802416302,14.819396018981934,656700
2012-08-03,15.045102466955177,15.239380913495825,14.970820252750125,15.150812149047852,811800
2012-08-06,15.185091721985058,15.322228822006036,15.185091721985058,15.202234268188477,288300
2012-08-07,15.325088289818165,15.670788754038876,15.322232288007005,15.553651809692383,1024500
2012-08-08,15.4936533173515,15.630790437756016,15.465081857831322,15.590791702270508,1240800
2012-08-09,15.602214089624399,15.736495166365266,15.573644273859372,15.713637351989746,899400
2012-08-10,15.653644431241199,15.793639183044434,15.653644431241199,15.793639183044434,636900
2012-08-13,15.75650738351713,15.75650738351713,15.496517910916468,15.656511306762695,383400
2012-08-14,15.776503219725095,15.779359222108921,15.47079979799169,15.53651237487793,1321500
2012-08-15,15.482224580281143,15.696501537667647,15.439368207921774,15.625075340270996,418800
2012-08-16,15.613642663108505,15.902201719695013,15.613642663108505,15.870774269104004,758700
2012-08-17,15.85936091656086,15.85936091656086,15.707940420773062,15.756508827209473,238200
2012-08-20,15.713642549375852,15.713642549375852,15.545079599727195,15.650789260864258,1309200
2012-08-21,15.699359622697331,15.865066574412726,15.605077235616076,15.659360885620117,556200
2012-08-22,15.642212817403433,15.642212817403433,15.450792109073452,15.545074462890625,1071600
2012-08-23,15.485082958707348,15.516508786872127,15.362229108592649,15.456511497497559,320100
2012-08-24,15.470795476114834,15.579362771664359,15.353658541003938,15.533650398254395,307500
2012-08-27,15.579362496956806,15.60507631959779,15.416513191307432,15.473652839660645,390300
2012-08-28,15.453652809710366,15.536506272769735,15.402225169353592,15.45079517364502,381000
2012-08-29,15.456510466149037,15.533650300141556,15.356516080399315,15.467939376831055,483300
2012-08-30,15.367948282401985,15.393660478772471,15.205097287905161,15.23081111907959,670200
2012-08-31,15.356518484145965,15.490797988157016,15.216522071693918,15.413658142089844,691500
2012-09-04,15.439367600891213,15.439367600891213,15.133667542365327,15.293659210205078,320400
2012-09-05,15.287950792611314,15.379375568196751,15.159384906294786,15.21081256866455,226500
2012-09-06,15.327944585552235,15.750784853344891,15.319373311261451,15.67364501953125,1041300
2012-09-07,15.645074942799125,15.656503854464576,15.536509273396895,15.630791664123535,1990500
2012-09-10,15.530798213491853,15.579366600423887,15.342233400731796,15.359375953674316,711000
2012-09-11,15.390795396170164,15.519361206584351,15.347940670966427,15.45936393737793,377700
2012-09-12,15.519359754173143,15.596499560162963,15.419363769919777,15.493647575378418,381300
2012-09-13,15.467940707814854,15.690788954657375,15.350802128560868,15.630791664123535,1678500
2012-09-14,15.736497487397193,15.999344408651819,15.713639669650293,15.836493492126465,512100
2012-09-17,15.776498676217242,15.805068500650913,15.613647734299178,15.67364501953125,323700
2012-09-18,15.6193552749074,15.659353994382313,15.570786919290441,15.607926368713379,513000
2012-09-19,15.539359259855516,15.613643069916467,15.499360536715454,15.513647079467773,589500
2012-09-20,15.430794080827319,15.459365535386167,15.285085711348819,15.362225532531738,1042800
2012-09-21,15.47937342944284,15.54222837870274,15.379377365112305,15.379377365112305,210300
2012-09-24,15.256519302549636,15.270805850424729,15.093669985690775,15.159380912780762,675600
2012-09-25,15.246902518004227,15.249772866281308,14.767657806498843,14.78200626373291,732300
2012-09-26,14.655739776413483,14.704525853203775,14.48068626863062,14.67582893371582,1372800
2012-09-27,14.796355819427086,15.04028289466636,14.693046262841985,15.008715629577637,854100
2012-09-28,14.92549277273297,14.988627299469485,14.859489539738426,14.88818645477295,350700
2012-10-01,14.971416958551561,15.037421870941401,14.793493029001944,14.830801010131836,254400
2012-10-02,14.908282813699596,14.925499985795447,14.810710628107273,14.902542114257812,429000
2012-10-03,14.934109533046417,14.942718940213396,14.799232652275608,14.856626510620117,568500
2012-10-04,14.893926343540999,14.951321818900345,14.7791386769739,14.934103012084961,440100
2012-10-05,14.988624790531016,15.166548589698753,14.89105431050049,14.916882514953613,750900
2012-10-08,14.81357917210456,14.853754210840851,14.718877347776953,14.753314971923828,803400
2012-10-09,14.747573928596502,14.75044427790044,14.483559265303269,14.526604652404785,819300
2012-10-10,14.523732841119312,14.523732841119312,14.311371374073449,14.325719833374023,781800
2012-10-11,14.495031324990435,14.495031324990435,14.354413825194436,14.36876392364502,514500
2012-10-12,14.357295049466247,14.40608115175896,14.2683338957197,14.285551071166992,758100
2012-10-15,14.340069407018731,14.512252554364984,14.340069407018731,14.477816581726074,577500
2012-10-16,14.517987398037057,14.819309871079275,14.517987398037057,14.807831764221191,622500
2012-10-17,14.67295796537909,14.859491218326449,14.647129753684938,14.779139518737793,432300
2012-10-18,14.693048024267817,14.761921617606491,14.569647655533867,14.635652542114258,648600
2012-10-19,14.632783861523775,14.632783861523775,14.196582794189453,14.196582794189453,918000
2012-10-22,14.285543408888286,14.340070182493944,14.142057171327723,14.233888626098633,455400
2012-10-23,14.076054438690024,14.291284623862422,14.018658956341918,14.268326759338379,508800
2012-10-24,14.423293717140396,14.423293717140396,14.027270893126087,14.038750648498535,663300
2012-10-25,14.199453228269334,14.253978362013443,14.081793556287204,14.245368957519531,387300
2012-10-26,14.242500384316722,14.377378882102372,14.202325347771065,14.29128646850586,399300
2012-10-31,14.29128444435218,14.417553518686368,14.242498367072882,14.317111015319824,785400
2012-11-01,14.328591308822004,14.796358015523316,14.317111555233266,14.767661094665527,949200
2012-11-02,14.767658682766223,14.813574405470003,14.492162704467773,14.492162704467773,707700
2012-11-05,14.495036420025492,14.79348868692874,14.460600441036272,14.744704246520996,278700
2012-11-06,14.779139923328719,14.994370100444419,14.753311710927498,14.96567153930664,663300
2012-11-07,14.764793257300056,14.804969938580797,14.49216753654822,14.561042785644531,1223100
2012-11-08,14.638522267636887,14.644262965704959,14.3945951461792,14.3945951461792,653100
2012-11-09,14.365898955211675,14.595477627334457,14.357289549747547,14.41181468963623,426900
2012-11-12,14.483557092621853,14.515124361924723,14.33433015065156,14.420422554016113,517800
2012-11-13,14.331460005554705,14.43763991414854,14.294152042249333,14.311370849609375,417000
2012-11-14,14.406073052450337,14.45198877864892,14.053095702039249,14.078922271728516,809400
2012-11-15,14.121971131481072,14.144928997571856,13.863693906402666,13.903870582580566,899100
2012-11-16,13.94691494977096,13.984221269799066,13.654200981342317,13.90673828125,760500
2012-11-19,14.1047519191888,14.187973976135254,14.021529862242346,14.187973976135254,401700
2012-11-20,14.12196943401997,14.156405407978887,13.992830015965275,14.124839782714844,966900
2012-11-21,14.144926379422943,14.187971754597157,14.101879362172923,14.176493644714355,398400
2012-11-23,14.276936193466478,14.492166403841109,14.225281402757899,14.41181468963623,301800
2012-11-26,14.397465668343157,14.509384650874809,14.365898396893586,14.472078323364258,231900
2012-11-27,14.492157880751883,14.578250242684563,14.423284319620784,14.440503120422363,381000
2012-11-28,14.368768843189208,14.615566318318649,14.23102164433689,14.592608451843262,463800
2012-11-29,14.652871350967924,14.707394842211215,14.549560139921917,14.635652542114258,584400
2012-11-30,14.655741288259206,14.69878831400771,14.57825828398803,14.61556625366211,308400
2012-12-03,14.718874097338393,14.744702309744783,14.538081536721469,14.546690940856934,425400
2012-12-04,14.540950735495084,14.687307326599266,14.495035006602635,14.635652542114258,679800
2012-12-05,14.687309185708674,14.690179534906276,14.523735407121762,14.63852310180664,235500
2012-12-06,14.612691841049847,14.79922506924406,14.612691841049847,14.78200626373291,677400
2012-12-07,14.842269796828715,14.853747905287578,14.71887109948013,14.813572883605957,321300
2012-12-10,14.810709095792586,14.948456310767078,14.810709095792586,14.911149978637695,436200
2012-12-11,14.994372313362685,15.23829944553979,14.968544097149652,15.195252418518066,791400
2012-12-12,15.232557338398031,15.269865305725062,15.11489930693164,15.137855529785156,1001100
2012-12-13,15.106285589614142,15.258381196090927,14.94844928698687,14.994366645812988,304200
2012-12-14,14.97715361870449,15.011589598512746,14.827926660665536,14.879581451416016,441600
2012-12-17,14.908279665839327,15.020198650175088,14.830796660500665,14.942715644836426,705000
2012-12-18,15.005845815051941,15.232554066760425,14.954191040573853,15.223944664001465,992400
2012-12-19,15.208970184832324,15.364487287724161,15.208970184832324,15.2435302734375,1379400
2012-12-20,15.249295391977203,15.252175949734061,15.099539346947205,15.214736938476562,543600
2012-12-21,14.90369941089384,15.082256051327395,14.768341240021119,15.073616027832031,459000
2012-12-24,15.050574641691728,15.073614152173825,14.95553604298467,15.004495620727539,238500
2012-12-26,15.056335722117785,15.145614864758407,14.886419108099389,14.906578063964844,250200
2012-12-27,14.892182170488258,14.897941637500997,14.661785362900796,14.82882308959961,485700
2012-12-28,14.736665233103135,14.883542355449936,14.722265741410572,14.733784675598145,395700
2012-12-31,14.73378137338497,15.024654995381447,14.702101839595041,14.987215995788574,470100
2013-01-02,15.361614236605527,15.64096736907959,15.3558531210307,15.64096736907959,2020500
2013-01-03,15.626561839565479,15.65824137132408,15.482565316230152,15.534403800964355,502800
2013-01-04,15.568966490439527,15.571845399679455,15.439369432994926,15.525766372680664,403800
2013-01-07,15.482566333052013,15.534404821190723,15.373128243046873,15.471047401428223,642300
2013-01-08,15.450892763638159,15.485451219765771,15.278095539250705,15.292496681213379,913800
2013-01-09,15.373128621811635,15.450887179893435,15.34432964412678,15.43936824798584,256500
2013-01-10,15.615050189676351,15.684168750855763,15.540172160377777,15.664008140563965,572100
2013-01-11,15.638083046387438,15.759040064930222,15.638083046387438,15.73888111114502,577800
2013-01-14,15.666881224421626,15.750399240013456,15.586243765473402,15.712960243225098,838800
2013-01-15,15.664001116390875,15.664001116390875,15.554563031619427,15.626562118530273,436800
2013-01-16,15.603527406541431,15.842562602922944,15.603527406541431,15.813763618469238,797400
2013-01-17,15.91744448279454,16.144960799750148,15.87136708524128,16.11328125,1734900
2013-01-18,16.026875074962597,16.098874167547894,15.972157676180188,16.04415512084961,974100
2013-01-22,16.052798091897834,16.052798091897834,15.908801528198076,15.989439010620117,456000
2013-01-23,16.07008171432251,16.18527932048104,16.02112211373643,16.167999267578125,853500
2013-01-24,15.95200459372561,16.165119767083144,15.908806106558536,16.015363693237305,597300
2013-01-25,16.127678858549015,16.300474417227147,16.113277718069234,16.21983528137207,835500
2013-01-28,16.231353835245375,16.31775242774272,16.211193229843545,16.26015281677246,534000
2013-01-29,16.2342317154231,16.2342317154231,16.10463302409079,16.15647315979004,616800
2013-01-30,16.136312831026082,16.271669342507636,16.124793899286132,16.173751831054688,469800
2013-01-31,16.205427648174112,16.27166561027543,16.1046296029483,16.1334285736084,565800
2013-02-01,16.21407572247665,16.455991480761096,16.208316255067,16.447351455688477,762000
2013-02-04,16.32351147490915,16.47902860782397,16.191033856207042,16.19391441345215,1051800
2013-02-05,16.28319427514131,16.487669375472315,16.271673692405724,16.447351455688477,485400
2013-02-06,16.34655297930276,16.504949040831246,16.34655297930276,16.487668991088867,402600
2013-02-07,16.470383170456596,16.49918214177772,16.26014705439828,16.39838409423828,558300
2013-02-08,16.435829859603224,16.6316665707036,16.435829859603224,16.599987030029297,744900
2013-02-11,16.628787538753993,16.68062603769581,16.551028966383182,16.64030647277832,437700
2013-02-12,16.617265129196063,16.697904250162104,16.594225615765193,16.669103622436523,989400
2013-02-13,16.703657150268555,16.787176803789766,16.62878081356039,16.703657150268555,368700
2013-02-14,16.648937019640908,16.88509151186746,16.631656980525122,16.87645149230957,556200
2013-02-15,16.882220929145678,16.922538843077646,16.71230265793505,16.7843017578125,232500
2013-02-19,16.801582584239718,16.988779263848432,16.795823117399053,16.977258682250977,530400
2013-02-20,16.991655613326948,16.9974134308256,16.602862859332404,16.614381790161133,914700
2013-02-21,16.565425385596228,16.565425385596228,16.18815478603803,16.30335235595703,527700
2013-02-22,16.45598540592245,16.65470096548661,16.40990638782306,16.646060943603516,624000
2013-02-25,16.73535007012099,16.792948053200913,16.32639812817022,16.32927703857422,836100
2013-02-26,16.43006542240965,16.479024997353388,16.306227854658996,16.438705444335938,403500
2013-02-27,16.536624004089383,16.790058621114184,16.447346518333156,16.709421157836914,688500
2013-02-28,16.720947265625,16.841905984328594,16.68350825075835,16.720947265625,536100
2013-03-01,16.605742116361835,16.70942073557345,16.432946614896803,16.65182113647461,521400
2013-03-04,16.602864499169456,16.63742294298463,16.487665292009865,16.605743408203125,468000
2013-03-05,16.741103464352527,16.971498608906888,16.741103464352527,16.93117904663086,457800
2013-03-06,16.98589434707319,17.04925340980791,16.911016353613444,16.951335906982422,528000
2013-03-07,16.991655439927115,17.109731895337312,16.977254304664598,17.02909278869629,411300
2013-03-08,17.09245911210677,17.129899772611857,16.905264049163325,17.052141189575195,555000
2013-03-11,17.03773650793872,17.092455560480285,16.90813944577861,17.069416046142578,528900
2013-03-12,17.049252793505104,17.158690871015306,17.006052685058638,17.14141082763672,1022700
2013-03-13,17.14430058827979,17.245098707904035,17.049263585372177,17.193260192871094,722400
2013-03-14,17.299815605121367,17.36605525569681,17.259497680676677,17.282535552978516,601200
2013-03-15,17.296934264816624,17.296934264816624,16.957100977364092,17.00029945373535,742800
2013-03-18,16.824621319660512,16.931178866896225,16.700783724787645,16.7843017578125,379200
2013-03-19,16.853414574308307,16.885094101574264,16.568300476830146,16.715177536010742,1109400
2013-03-20,16.810226514678607,16.94558308042598,16.790065904177336,16.93694305419922,973500
2013-03-21,16.836144450976587,16.839023360741496,16.643186636326842,16.663347244262695,1679100
2013-03-22,16.798706186683443,16.91966325987036,16.743987118356856,16.847665786743164,282300
2013-03-25,16.905158270959696,16.96584318993007,16.720213126082353,16.83002471923828,426900
2013-03-26,16.91672209029465,16.974518293884355,16.841588513814543,16.96006965637207,154800
2013-03-27,16.873384850938102,17.017872953870626,16.769352292418517,16.994754791259766,264300
2013-03-28,16.971633092506885,17.12478901273684,16.925395127882656,17.110342025756836,405000
2013-04-01,17.15078943163915,17.15078943163915,16.71732380722677,16.760669708251953,281700
2013-04-02,16.856043992574037,16.856043992574037,16.549728784494196,16.613304138183594,392100
2013-04-03,16.616190158161338,16.659536076890582,16.223179886103303,16.278085708618164,1171200
2013-04-04,16.28964737839413,16.497710787224488,16.202953877996233,16.49193000793457,350400
2013-04-05,16.197166247657343,16.428349368779966,16.107584049046796,16.405229568481445,570600
2013-04-08,16.43124631717074,16.60752372116604,16.275198335163683,16.604633331298828,303000
2013-04-09,16.552611311526405,16.882046209674424,16.52371403561397,16.763565063476562,197700
2013-04-10,16.80691842407736,17.145021298707587,16.80691842407736,17.13924217224121,531300
2013-04-11,17.026540951096024,17.168140304520954,16.96007685960298,17.05832862854004,382200
2013-04-12,16.942737297901473,17.014982167436052,16.795358822317308,16.98897361755371,226500
2013-04-15,16.83292908256228,16.919620951043505,16.55261909101568,16.57573890686035,498600
2013-04-16,16.70866364829208,16.92828697157434,16.653757817471515,16.91672706604004,211500
2013-04-17,16.711551298237133,16.711551298237133,16.286755016620216,16.350330352783203,599400
2013-04-18,16.532384072083165,16.627747069859677,16.16249363737283,16.211620330810547,1368300
2013-04-19,16.21739988247182,16.3792269519185,16.08157970143755,16.332990646362305,564900
2013-04-22,16.439911443235108,16.56417171768574,16.174053520383577,16.509265899658203,298500
2013-04-23,16.650865916795514,16.88493783735518,16.62196698522244,16.85025978088379,365100
2013-04-24,16.838700903803943,17.116120411860557,16.804024498759894,17.066993713378906,685800
2013-04-25,17.165241803572968,17.335740017274265,17.119007157867838,17.234596252441406,503100
2013-04-26,17.139238566403538,17.139238566403538,17.009199153791876,17.066993713378906,1923300
2013-04-29,17.101678312448737,17.31841130087066,17.075669758563173,17.2779541015625,397500
2013-04-30,17.303955959976914,17.41954674321898,17.185476440616917,17.410877227783203,1945800
2013-05-01,17.40798856098082,17.43399710739172,17.254830979267858,17.27505874633789,608700
2013-05-02,17.413767322588978,17.538027619162825,17.28950702601513,17.50335121154785,827700
2013-05-03,17.679619232782308,17.792319575286573,17.639162063598633,17.639162063598633,1022400
2013-05-06,17.76343488476746,17.87035617982823,17.705638651643536,17.777883529663086,738000
2013-05-07,17.870348035874198,17.870348035874198,17.699853111679655,17.79232406616211,638700
2013-05-08,17.80966621024108,18.035068645127996,17.80966621024108,17.98305320739746,747300
2013-05-09,18.006174198442316,18.1968986025103,17.954157098980964,18.115985870361328,957000
2013-05-10,18.136216253795087,18.286483486674413,18.13332751688061,18.274925231933594,349200
2013-05-13,18.1911092137958,18.251794142058554,18.075518480547633,18.098636627197266,507000
2013-05-14,18.15355015125729,18.214235105323905,18.072635776807815,18.18244743347168,153600
2013-05-15,18.17377555166328,18.42229611484515,18.17377555166328,18.358720779418945,151800
2013-05-16,18.38762209898314,18.45119744838152,18.214236736627075,18.22868537902832,318000
2013-05-17,18.321146414945936,18.47719429975838,18.286468372303137,18.462745666503906,195000
2013-05-20,18.468534885106806,18.529219839365663,18.39340128969498,18.428077697753906,962400
2013-05-21,18.44252518694348,18.48298237176933,18.393400140800058,18.425186157226562,886200
2013-05-22,18.4916542934917,18.61013547392425,18.04951889940746,18.133323669433594,1495500
2013-05-23,17.87324215463055,18.159329552093606,17.82122671514845,18.136211395263672,1573500
2013-05-24,18.087076940569386,18.13042449951172,17.95125844747744,18.13042449951172,746700
2013-05-28,18.32693843378006,18.436750108034076,18.251804826570996,18.295150756835938,457200
2013-05-29,18.19978234426028,18.422294343313943,18.179552928456836,18.364498138427734,215400
2013-05-30,18.451196103305378,18.717055734022505,18.42518755675446,18.647701263427734,1004700
2013-05-31,18.56101155468952,18.685271879923363,18.402074813842773,18.402074813842773,1761300
2013-06-03,18.488765799034155,18.630363485895764,18.263363341050198,18.468536376953125,531300
2013-06-04,18.54655661408575,18.74595048340718,18.491650792258852,18.552335739135742,562500
2013-06-05,18.500317936625123,18.523436087404335,18.257576526673112,18.269136428833008,349800
2013-06-06,18.286483294754458,18.39918537177257,18.084200610581547,18.24313735961914,230400
2013-06-07,18.347156732109873,18.537881024582543,18.23445473609492,18.51476287841797,298800
2013-06-10,18.552340479514246,18.65348263466587,18.477206874044313,18.62747573852539,129300
2013-06-11,18.47142501946904,18.48298327081528,18.19689588073384,18.208454132080078,1291500
2013-06-12,18.37605748040044,18.413624268337514,17.98015853230262,17.99749755859375,351300
2013-06-13,17.991717329502414,18.39050667865762,17.951261804976735,18.364498138427734,386400
2013-06-14,18.407841162360516,18.456967841712135,18.26046277784586,18.28936004638672,168000
2013-06-17,18.511870190782723,18.67369884737488,18.468524292185563,18.555217742919922,243900
2013-06-18,18.639027834286672,18.87598847901242,18.639027834286672,18.861539840698242,670500
2013-06-19,18.878879592198775,18.942454926052157,18.633249424355135,18.639028549194336,2561700
2013-06-20,18.404952687137047,18.41362219930847,18.017723295695454,18.049510955810547,386400
2013-06-21,18.240246466773122,18.240246466773122,17.899253192680792,18.127544403076172,307500
2013-06-24,17.997500759537733,17.997500759537733,17.607380866305363,17.740310668945312,693300
2013-06-25,17.962824728831954,18.214235722531214,17.896360646778458,18.173778533935547,312900
2013-06-26,18.41441348413658,18.44047631071495,18.15958303322975,18.266727447509766,250500
2013-06-27,18.402826860488055,18.48391009375756,18.330432891845703,18.330432891845703,1718700
2013-06-28,18.35360979742839,18.51287827658653,18.19144489507017,18.394149780273438,600600
2013-07-01,18.48102042034492,18.576582482236276,18.362293605623055,18.370981216430664,331800
2013-07-02,18.353603023438623,18.579475896891495,18.27831261795169,18.39703941345215,1409100
2013-07-03,18.336226545298004,18.56209940323785,18.336226545298004,18.481016159057617,212700
2013-07-05,18.643183862727366,18.74164233968571,18.521560634710834,18.721370697021484,358800
2013-07-08,18.793763621367283,18.80245123025185,18.29568509193185,18.347810745239258,1793100
2013-07-09,18.527357573004466,18.58816920044879,18.47233547761165,18.54473114013672,232500
2013-07-10,18.53314314469,18.773496494072766,18.53024837928283,18.735851287841797,324900
2013-07-11,19.039916997829533,19.15864384162304,18.947249678855158,19.1441650390625,431400
2013-07-12,19.204975024989764,19.286058300763806,19.164433387102743,19.2484130859375,310500
2013-07-15,19.294744255960758,19.294744255960758,19.216559060240026,19.2484130859375,977400
2013-07-16,19.277372841028534,19.393204921501635,19.236831198614755,19.323705673217773,156900
2013-07-17,19.323697566926405,19.404779160747452,19.27736475417378,19.32948875427246,314700
2013-07-18,19.257100676068767,19.33238944864254,19.106518159943434,19.167329788208008,385500
2013-07-19,19.083350423329982,19.12678682422373,18.970413129818265,19.118099212646484,226500
2013-07-22,19.14995502213669,19.14995502213669,19.013852961048613,19.080455780029297,273600
2013-07-23,19.15573767840388,19.277362540658057,18.987781665709125,19.025426864624023,1033500
2013-07-24,19.08045472901433,19.103621141774045,18.648980498488704,18.66925048828125,880500
2013-07-25,18.663457309989276,18.782185784099674,18.55341644686182,18.76481056213379,1026000
2013-07-26,18.625804535555073,18.625804535555073,18.518660138602556,18.617116928100586,281100
2013-07-29,18.553418264101218,18.646083914339048,18.460752613863384,18.498397827148438,198600
2013-07-30,18.556311075282533,18.76191232535773,18.556311075282533,18.721370697021484,138600
2013-07-31,18.730063343412127,18.91539465764826,18.730063343412127,18.814043045043945,538800
2013-08-01,18.99358167705735,19.15285181222542,18.958832883834194,19.141267776489258,181500
2013-08-02,19.09493685043725,19.09493685043725,18.912501939601622,19.03702163696289,89700
2013-08-05,18.970414290748494,19.022539963401897,18.944353111414372,18.996477127075195,94200
2013-08-06,18.941455468457647,18.941455468457647,18.79376938610321,18.880643844604492,783600
2013-08-07,18.822725347877526,18.822725347877526,18.599747223467826,18.675039291381836,372000
2013-08-08,18.759010023327175,18.782178081108196,18.58236642443247,18.683719635009766,171900
2013-08-09,18.648973070654954,18.683721847457914,18.56209864315973,18.58816146850586,103200
2013-08-12,18.52445419800976,18.715576620679496,18.4810161539994,18.65766143798828,137400
2013-08-13,18.779289750505374,18.90380941552004,18.59974965278708,18.87774658203125,231600
2013-08-14,18.718476716543872,18.75612192408029,18.567894229405915,18.591060638427734,245700
2013-08-15,18.350713474614576,18.39704630411324,18.159590967180748,18.171175003051758,300000
2013-08-16,18.203024517632148,18.39125222931212,18.127734095757134,18.234878540039062,135000
2013-08-19,18.194335790287898,18.284106663471437,18.095878963337476,18.10456657409668,607800
2013-08-20,18.1132547103175,18.281210771221584,18.1132547103175,18.231983184814453,125100
2013-08-21,18.15379486097232,18.240669307001436,18.084295635547473,18.09298324584961,218100
2013-08-22,18.150905971152874,18.33044612559081,18.150905971152874,18.292800903320312,276300
2013-08-23,18.321758511683324,18.382570152042817,18.208821187878897,18.292800903320312,170700
2013-08-26,18.28700852768895,18.373883012011472,18.252259728155725,18.2580509185791,111900
2013-08-27,18.08429865435081,18.08429865435081,17.77155125923611,17.80919647216797,624000
2013-08-28,17.858420584354366,18.098770593419616,17.858420584354366,18.040855407714844,132900
2013-08-29,18.05823533601326,18.263836618677175,18.03217250145341,18.229087829589844,319500
2013-08-30,18.237771304688803,18.237771304688803,18.011898427376654,18.072710037231445,256800
2013-09-03,18.28990376185742,18.45496510563564,18.14221764521225,18.22330093383789,878100
2013-09-04,18.336223623169772,18.72426125063902,18.30436961496048,18.683719635009766,1049700
2013-09-05,18.74164262789504,18.863265857781897,18.74164262789504,18.825620651245117,165300
2013-09-06,18.880643441034408,18.89222747518346,18.60554292815179,18.73874855041504,282000
2013-09-09,18.787979050323692,19.042809591701573,18.787979050323692,18.987789154052734,277500
2013-09-10,19.0920295173062,19.36423514964732,19.0920295173062,19.358442306518555,156900
2013-09-11,19.265780472896978,19.352654909930692,19.13546964584244,19.30632209777832,844200
2013-09-12,19.300534449056745,19.332386813383238,19.16732717544851,19.178911209106445,121200
2013-09-13,19.170223742143232,19.27157533820172,19.094931665281873,19.268680572509766,102300
2013-09-16,19.416365700676575,19.51192610370349,19.323700063200594,19.332386016845703,238500
2013-09-17,19.45111860127125,19.50903546544266,19.39899458341184,19.465599060058594,231300
2013-09-18,19.491653400749893,19.668297040449463,19.393196588899524,19.639339447021484,323700
2013-09-19,19.685672714683847,19.700151511732766,19.517716680525826,19.581424713134766,108900
2013-09-20,19.627754976823425,19.688568241452057,19.454007763146304,19.474279403686523,93000
2013-09-23,19.610389080078974,19.610389080078974,19.31501687869028,19.393203735351562,673500
2013-09-24,19.460396208296633,19.60002224105147,19.381856356812836,19.51566505432129,173100
2013-09-25,19.530207001918843,19.640744681387737,19.413853652339057,19.536026000976562,100500
2013-09-26,19.57965810556888,19.646561613100015,19.457485759436636,19.524389266967773,91200
2013-09-27,19.428388089873682,19.445841750853234,19.326578951262643,19.36730194091797,170100
2013-09-30,19.204416022385377,19.44585292307278,19.12878566731906,19.387676239013672,408600
2013-10-01,19.419674922523154,19.608752499061644,19.38476924047811,19.5738468170166,156000
2013-10-02,19.437125755154288,19.541846114932905,19.41094691356487,19.538936614990234,97500
2013-10-03,19.553476392538112,19.64365088914086,19.300403239085135,19.489479064941406,164400
2013-10-04,19.53601967896822,19.68728031605155,19.50983918510093,19.637828826904297,180000
2013-10-07,19.463306261217355,19.66401848094658,19.419672084445576,19.538936614990234,273300
2013-10-08,19.56511051332096,19.600016178476025,19.15495937702865,19.227680206298828,934800
2013-10-09,19.25677425813215,19.25677425813215,18.96006855169625,19.15787124633789,974100
2013-10-10,19.34404260673506,19.6174756691501,19.34404260673506,19.585477828979492,1054500
2013-10-11,19.50112269928232,19.68438292462831,19.445853848112815,19.6232967376709,198600
2013-10-14,19.506942678293296,19.8036484818395,19.489489004090817,19.777469635009766,279000
2013-10-15,19.751276034970132,19.81527168832139,19.58256173474672,19.600013732910156,278400
2013-10-16,19.62910631984382,19.806547474837824,19.623288986353796,19.786184310913086,349500
2013-10-17,19.66110779671237,19.93163299560547,19.59420262351431,19.93163299560547,116100
2013-10-18,19.951992995859815,19.998536662324284,19.82109382331878,19.986900329589844,198900
2013-10-21,20.01017331916692,20.059624825374453,19.96944864725916,20.036352157592773,189300
2013-10-22,20.071262449633384,20.07417028517909,19.896729066890572,19.98981475830078,215700
2013-10-23,19.681467069837424,19.687284403747054,19.242225902432352,19.329492568969727,336900
2013-10-24,19.50111961364746,19.582568959685567,19.45457760576097,19.50111961364746,252600
2013-10-25,19.570931437845484,19.600019774890985,19.506935764766663,19.562206268310547,1077000
2013-10-28,19.608749622623346,19.72219681769425,19.559299774940587,19.696016311645508,116100
2013-10-29,19.757097684710004,20.013078689575195,19.757097684710004,20.013078689575195,831000
2013-10-30,20.021806866581837,20.04798736801401,19.841457849404737,19.902544021606445,108300
2013-10-31,19.937444247652124,20.135248542905586,19.934534749018653,20.033437728881836,416700
2013-11-01,20.088715882360283,20.10907738883333,19.876367324254186,19.94618034362793,209700
2013-11-04,19.998538168803524,19.998538168803524,19.89963515876699,19.93163299560547,232500
2013-11-05,19.80364433605358,19.94908937132746,19.71346981234163,19.885093688964844,441600
2013-11-06,19.9694478446719,20.013080349943664,19.84145816385737,19.925813674926758,156300
2013-11-07,19.940365633095972,19.940365633095972,19.54475847123342,19.5738468170166,244800
2013-11-08,19.597108488939035,19.79200330887621,19.56801849254271,19.786184310913086,181500
2013-11-11,19.84436263923263,19.84436263923263,19.696009816161855,19.786184310913086,42000
2013-11-12,19.701830027946468,19.90835952758789,19.701830027946468,19.90835952758789,362100
2013-11-13,19.79491349361061,20.085801840798965,19.792005658756906,20.068349838256836,174900
2013-11-14,20.024718203636247,20.05089870747095,19.946178356605653,19.983993530273438,110400
2013-11-15,20.02762137558936,20.143974695052307,19.919993223507742,20.11197853088379,105900
2013-11-18,20.143979855390405,20.143979855390405,19.896725659245888,19.93163299560547,201000
2013-11-19,19.960714877132098,19.975259041086844,19.68728026715344,19.701826095581055,162300
2013-11-20,19.710563928114837,19.754198112490673,19.57384736750975,19.597118377685547,178500
2013-11-21,19.664009443764943,19.966532384296684,19.664009443764943,19.951988220214844,124500
2013-11-22,19.922901568053287,19.99271456020282,19.867632741209114,19.97817039489746,81900
2013-11-25,19.983986046984043,19.989805044195087,19.809454413529096,19.951988220214844,74700
2013-11-26,19.966540417139914,20.155617955218357,19.966540417139914,20.120712280273438,166200
2013-11-27,20.056720787692996,20.199256345949173,19.99854409581629,20.17598533630371,1223400
2013-11-29,20.18179107788816,20.274875062992024,20.17888157917631,20.207971572875977,117600
2013-12-02,20.205067471904474,20.263244145899687,20.135254464426183,20.158525466918945,175200
2013-12-03,20.109069938790753,20.295237921482236,20.109069938790753,20.228334426879883,682500
2013-12-04,20.187611331980435,20.274877996761003,20.004351169493923,20.135251998901367,844500
2013-12-05,20.15562216256774,20.269069374885564,20.143985825508057,20.17598533630371,149700
2013-12-06,20.38832529651923,20.458138301614856,20.376690627906626,20.411596298217773,279000
2013-12-09,20.501773590420665,20.54249826173686,20.434870081058897,20.458139419555664,190800
2013-12-10,20.443594848738005,20.495955852746334,20.370872341708697,20.402870178222656,130800
2013-12-11,20.42032439424445,20.452322231617135,20.18761436287351,20.22542953491211,322800
2013-12-12,20.216707242610006,20.237068749075494,20.018902855554334,20.059627532958984,168600
2013-12-13,20.123616681693083,20.126526180972668,19.978173342706107,20.018898010253906,137700
2013-12-16,20.260334094354242,20.391233260996177,20.152704263185957,20.266151428222656,281700
2013-12-17,20.283607418612345,20.52795211381738,20.283607418612345,20.47850227355957,166500
2013-12-18,20.490130938337103,20.64139324323664,20.181790660180596,20.586124420166016,381000
2013-12-19,20.594861679233343,20.594861679233343,20.420328290169785,20.50177764892578,192000
2013-12-20,20.5163175372787,20.728664396788712,20.5163175372787,20.68503189086914,908400
2013-12-23,20.766453318555225,20.862756969735862,20.746026030358305,20.83941078186035,435300
2013-12-24,20.86858690117687,20.95905439598214,20.8656680023652,20.886096954345703,77100
2013-12-26,20.973651528606187,21.0115888747185,20.929878053057614,20.967815399169922,252600
2013-12-27,20.98531723022461,21.0407646171712,20.976562203880356,20.98531723022461,1479600
2013-12-30,20.99408059839723,21.07871199673578,20.976570538751236,21.02034568786621,270900
2013-12-31,21.102046050386722,21.22461473726652,21.102046050386722,21.218778610229492,887100
2014-01-02,21.090381388928808,21.090381388928808,20.839409467631725,20.926958084106445,865800
2014-01-03,20.924035541258846,20.924035541258846,20.783958447230305,20.86566925048828,427800
2014-01-06,20.871506613533466,20.871506613533466,20.725591724573018,20.763530731201172,737400
2014-01-07,20.804386803822172,20.93862944650474,20.778123390993642,20.906526565551758,394800
2014-01-08,21.069946516757884,21.239205889784273,21.0115802368365,21.218778610229492,342600
2014-01-09,21.265472960291117,21.265472960291117,20.98239989932188,21.061193466186523,213300
2014-01-10,21.075786839168835,21.189598853373106,21.05535788569707,21.157499313354492,156000
2014-01-13,21.122482905286674,21.189602565959238,20.851083693209272,20.918203353881836,543000
2014-01-14,20.97073171902717,21.40847313492322,20.97073171902717,21.367618560791016,383100
2014-01-15,21.484346695063763,21.630259924738173,21.452243814111494,21.557302474975586,759000
2014-01-16,21.493107568418175,21.56022891322876,21.405560601910828,21.4464168548584,601800
2014-01-17,21.338436425943772,21.466841298213446,21.280071789349286,21.329681396484375,545400
2014-01-21,21.41139673237438,21.458089115785505,21.282991843068114,21.4464168548584,510900
2014-01-22,21.44348863907832,21.70905166309286,21.402632403879785,21.676950454711914,448200
2014-01-23,21.5602287308486,21.57190099167697,21.347194107143167,21.46100616455078,285600
2014-01-24,21.332600707304152,21.367620825816537,20.947387752923742,20.961978912353516,1125900
2014-01-27,21.005747465281402,21.046603700767754,20.690573177030437,20.816059112548828,824700
2014-01-28,20.81606607245305,20.94446927996271,20.708090154591165,20.90069580078125,497400
2014-01-29,20.766452012613698,21.005751675677146,20.766452012613698,20.8218994140625,921600
2014-01-30,21.005751311510224,21.145828427525803,20.938631652946864,21.084543228149414,1313700
2014-01-31,20.818974197229984,21.06702712391121,20.80438137520433,20.98823356628418,524700
2014-02-03,20.97072694093184,20.97072694093184,20.474621006539238,20.518394470214844,1737900
2014-02-04,20.579682529220616,20.588437557858086,20.433769281581725,20.55341911315918,949500
2014-02-05,20.465869370163595,20.664311108853806,20.34330231568724,20.579681396484375,606300
2014-02-06,20.61470010619646,20.93862944650474,20.61470010619646,20.906526565551758,455700
2014-02-07,20.98823889570807,21.256720839489105,20.918200345571808,21.236291885375977,399300
2014-02-10,21.265482588187048,21.370539611670537,21.250889757843687,21.344274520874023,346800
2014-02-11,21.37929387368728,21.67695821261296,21.37929387368728,21.62442970275879,823800
2014-02-12,21.682793656384668,21.837461950969224,21.682793656384668,21.814117431640625,408000
2014-02-13,21.714898182781873,22.070927204539714,21.674041928031397,22.06217384338379,347400
2014-02-14,22.035898829970282,22.23142331484028,21.983370337425548,22.205158233642578,1166700
2014-02-18,22.234340793351755,22.2810331548198,22.09718093788278,22.26352310180664,169500
2014-02-19,22.20515829795218,22.342318162580973,22.181812115659053,22.24309730529785,139800
2014-02-20,22.251859224738762,22.41819978144338,22.2110029756082,22.394853591918945,285000
2014-02-21,22.43862294881497,22.479479190439708,22.24018120923919,22.298545837402344,390300
2014-02-24,22.409446960868983,22.5232606896779,22.383183538721816,22.38610076904297,167100
2014-02-25,22.33356840083463,22.403606964226245,22.161390057098853,22.266447067260742,243300
2014-02-26,22.342319138833318,22.57578097196575,22.321891854628262,22.418193817138672,164400
2014-02-27,22.412362158588497,22.453218404997536,22.263530001552848,22.415279388427734,196800
2014-02-28,22.41819506847736,22.482397493635116,22.24309951877993,22.39776611328125,163800
2014-03-03,22.21975499008754,22.30146748340073,22.06508670258517,22.257692337036133,269400
2014-03-04,22.5465965394102,22.68959420538804,22.5465965394102,22.651655197143555,889800
2014-03-05,22.686683117199458,22.756721689851897,22.613725644492263,22.695436477661133,289200
2014-03-06,22.762550066989807,22.87344485338061,22.68083926165234,22.853015899658203,427800
2014-03-07,23.001849162058154,23.001849162058154,22.756715064072786,22.826753616333008,672000
2014-03-10,22.83550332819687,22.879278460026867,22.683753990787643,22.7888126373291,150300
2014-03-11,22.8354971135538,22.896782281437137,22.59911814540411,22.663320541381836,178500
2014-03-12,22.56119350878336,22.85302001303763,22.517418364249508,22.84426498413086,145800
2014-03-13,22.911389559495042,22.946408010228865,22.356917119090884,22.473648071289062,778200
2014-03-14,22.447377498894483,22.537845008411704,22.3423205024981,22.345237731933594,178500
2014-03-17,22.491148797720204,22.701264424478616,22.491148797720204,22.62247085571289,150300
2014-03-18,22.710023766122728,22.958076775002635,22.62539238370054,22.949321746826172,538200
2014-03-19,22.95515554763509,23.08356038806638,22.794651166946686,22.928892135620117,785100
2014-03-20,22.873450924340617,23.36372089604265,22.83259467590266,23.352046966552734,533700
2014-03-21,23.42500337784165,23.451268465621634,23.095237845069917,23.147768020629883,396000
2014-03-24,23.261580793575288,23.279090852646487,22.867614483580134,23.05438232421875,727800
2014-03-25,23.16234595260461,23.355462429068528,23.106751485658336,23.226716995239258,309300
2014-03-26,23.475430436486008,23.495911904277374,22.963376998901367,22.963376998901367,384300
2014-03-27,22.969234248932768,23.042383556735516,22.732226473379068,22.793672561645508,543600
2014-03-28,22.86389521062289,23.1243094059882,22.849265350144407,22.94289779663086,214200
2014-03-31,23.136011512382222,23.39057574203206,23.09504690340822,23.317424774169922,696300
2014-04-01,23.425696642973918,23.68903923034668,23.419845031951596,23.68903923034668,621000
2014-04-02,23.73292371910839,23.73585036113033,23.531028950883176,23.653921127319336,542700
2014-04-03,23.691964198717496,23.905563906698795,23.592480114215263,23.68903923034668,354600
2014-04-04,23.87629787831817,23.87629787831817,22.986787940646742,23.01897430419922,977700
2014-04-07,22.960452802258853,23.150642650361956,22.682480448446473,22.81122589111328,797100
2014-04-08,22.846339561838537,23.12431026987464,22.843412919921423,23.109682083129883,181200
2014-04-09,23.21501892981328,23.364245863830554,23.100905003461413,23.352540969848633,174000
2014-04-10,23.38765000155419,23.38765000155419,22.606402456616465,22.629812240600586,1304400
2014-04-11,22.37524659942331,22.688330256386525,22.217241450249354,22.2757625579834,1170000
2014-04-14,22.457181025740677,22.57422327709003,22.24358301901529,22.454256057739258,1281000
2014-04-15,22.495214278689474,22.66784929003872,22.208463690737165,22.60055160522461,477900
2014-04-16,22.662000991235605,22.67662917777861,22.237726655959925,22.562515258789062,590700
2014-04-17,22.702963809592784,23.080420244209417,22.67662905568456,22.986787796020508,354600
2014-04-21,23.14479881955899,23.200393309004813,22.90486435473371,23.19454002380371,447300
2014-04-22,23.24720986255489,23.463734538095448,23.19746698334987,23.40228843688965,621000
2014-04-23,23.428615919897368,23.484208718552626,23.323278583209156,23.381799697875977,602100
2014-04-24,23.563216618785958,23.577848156463926,23.21502151679782,23.51347541809082,247800
2014-04-25,23.27646779231957,23.27646779231957,22.70004313346821,22.743932723999023,261900
2014-04-28,22.872675711378687,22.92241690704171,22.290397831096747,22.615184783935547,882900
2014-04-29,22.723451253619597,22.82293533007388,22.61811389233581,22.770267486572266,215100
2014-04-30,22.705891777726883,22.890231717291424,22.67663038024848,22.88437843322754,155700
2014-05-01,22.85804211130483,23.100901462833498,22.76440799664163,22.81122589111328,85500
2014-05-02,22.814154460648165,22.9867895091474,22.77611648502161,22.89023208618164,66300
2014-05-05,22.75270801163355,22.97215928424796,22.688335281153517,22.91071319580078,258900
2014-05-06,22.913640926963684,23.02775654008264,22.799526988125272,22.822935104370117,222600
2014-05-07,22.925345185155752,22.925345185155752,22.647372766047443,22.83171272277832,105600
2014-05-08,22.83170849922003,23.305722333749486,22.749780946935516,22.989713668823242,139200
2014-05-09,23.004349615137624,23.004349615137624,22.761490187235616,22.916568756103516,199800
2014-05-12,23.045304450171933,23.36131476170765,23.039454515718358,23.334980010986328,169500
2014-05-13,23.425695824218295,23.425695824218295,23.14772505614548,23.150650024414062,322200
2014-05-14,23.15357030052106,23.156495267985377,22.948748909691233,22.95752716064453,103200
2014-05-15,22.931196733974897,22.966309744412495,22.52448051732882,22.688337326049805,708900
2014-05-16,22.781972429149242,22.954607510492142,22.726377939031977,22.939977645874023,204300
2014-05-19,22.922414668191266,23.22672011948005,22.922414668191266,23.171127319335938,384600
2014-05-20,23.162349128753448,23.2472033243766,22.93704458865723,23.059938430786133,238200
2014-05-21,23.14771920769834,23.232573403099607,23.062863338016857,23.171127319335938,137100
2014-05-22,23.22379472328923,23.370094999753782,23.212089830546375,23.27646255493164,264300
2014-05-23,23.299876224226576,23.51054927533158,23.247208380020467,23.49884605407715,233700
2014-05-27,23.656848473498766,23.78851890563965,23.598327351280385,23.78851890563965,579900
2014-05-28,23.826557928858776,23.87922576917386,23.70073910112574,23.823631286621094,255000
2014-05-29,23.896782919404572,23.946525793105806,23.82363193001108,23.867523193359375,150900
2014-05-30,23.908490632450004,23.931897076620643,23.80607990494031,23.896785736083984,219600
2014-06-02,24.05185430622358,24.095745556486982,23.84703461068771,24.028446197509766,379500
2014-06-03,24.040167019073184,24.271321617940245,23.97579425888399,24.253765106201172,336900
2014-06-04,24.21864492304903,24.39713159587546,24.177680302027085,24.362018585205078,636600
2014-06-05,24.400055625822564,24.537577662903384,24.283015059919634,24.481983184814453,260700
2014-06-06,24.57269455183348,24.64877051311886,24.543433150024757,24.625362396240234,332700
2014-06-09,24.7043581280234,24.79213896047055,24.6195039372272,24.64876365661621,235200
2014-06-10,24.669254304490888,24.73655369326312,24.563918605784153,24.721923828125,199200
2014-06-11,24.71313070571832,24.94428678895719,24.7072790980398,24.85065269470215,344100
2014-06-12,24.833101742194327,24.935512426789177,24.678021557444406,24.76580238342285,867300
2014-06-13,24.991110488434558,25.07889133291892,24.87699656260113,25.0086669921875,391500
2014-06-16,24.982330550055906,25.204708451166674,24.976478940626738,25.15789222717285,761100
2014-06-17,25.114002243596502,25.37734308078229,25.114002243596502,25.34223175048828,330600
2014-06-18,25.37734519633738,25.37734519633738,25.05255824835141,25.236896514892578,698100
2014-06-19,25.30126861854622,25.30126861854622,25.111077072616308,25.272008895874023,905100
2014-06-20,25.327600351888602,25.34808349609375,25.23104293735084,25.34808349609375,685800
2014-06-23,25.3802724819942,25.3802724819942,25.225193934918057,25.254453659057617,1428600
2014-06-24,25.31959192781431,25.425225456003027,24.999759830250987,25.04964256286621,1128000
2014-06-25,25.002695855323445,25.181684376222393,24.89706232225879,25.155277252197266,435300
2014-06-26,25.172887095494804,25.172887095494804,24.858922975883893,25.043781280517578,247800
2014-06-27,24.985091079906773,25.090722938605452,24.952814212252143,25.076053619384766,476700
2014-06-30,25.13766911584239,25.372408413712304,25.09952251082412,25.35186767578125,297000
2014-07-01,25.448696489046604,25.79787221961748,25.43109062318856,25.69810676574707,306900
2014-07-02,25.780273110880852,25.80374704518161,25.686377373677832,25.765602111816406,445800
2014-07-03,25.850696821974136,25.97099969477813,25.850696821974136,25.926986694335938,316800
2014-07-07,25.944581026649796,25.944581026649796,25.715709832371857,25.753854751586914,468000
2014-07-08,25.72158721674356,25.75092921462275,25.37241307661189,25.615955352783203,525900
2014-07-09,25.59834106984222,25.786132480934537,25.495642432027655,25.771461486816406,382800
2014-07-10,25.398814668952056,25.74799041198992,25.31372188625038,25.654094696044922,471000
2014-07-11,25.65702712007808,25.706908165049697,25.548458739755635,25.65115737915039,347700
2014-07-14,25.794936263676863,25.86829291567378,25.70104055503491,25.77733039855957,937500
2014-07-15,25.78907556908547,25.865365434404705,25.4633736873195,25.701047897338867,434700
2014-07-16,25.900572135477194,26.01500859759772,25.85069108184976,26.000337600708008,308100
2014-07-17,25.730391429259587,25.739194364857994,25.290254723268877,25.328399658203125,1110900
2014-07-18,25.42815729087928,25.68343562845774,25.395880429980664,25.659961700439453,605400
2014-07-21,25.60421331911868,25.789071569012503,25.566068392375623,25.736255645751953,355500
2014-07-22,25.83895350259715,25.94752190270751,25.78613757753534,25.903507232666016,342300
2014-07-23,25.777334534820817,25.777334534820817,25.296119790308378,25.310789108276367,797400
2014-07-24,25.299055142742045,25.301990013979054,25.064315813424844,25.076053619384766,921600
2014-07-25,24.89119095670338,24.923467818663504,24.524411029228627,24.58016014099121,2210100
2014-07-28,24.58896731194785,24.60070511785986,24.26033225224521,24.556692123413086,1801800
2014-07-29,24.635919473430985,24.750354278540716,24.509745182174164,24.512680053710938,577800
2014-07-30,24.723936432891215,24.826635072285015,24.603633607677548,24.75034523010254,1718400
2014-07-31,24.47160156424004,24.54789311740762,24.142966451942144,24.248600006103516,2455800
2014-08-01,24.21044468974818,24.459856645531723,24.11948384775982,24.327816009521484,587400
2014-08-04,24.392372804177235,24.503874404390164,24.198713278904542,24.433452606201172,720600
2014-08-05,24.354222084890278,24.44518291670688,24.09013916341328,24.17523193359375,1244100
2014-08-06,24.084281397385734,24.427587495176827,24.046136461963204,24.254467010498047,859800
2014-08-07,24.404110837357663,24.418781835576848,23.873013314275433,23.928762435913086,879000
2014-08-08,24.019723226345736,24.23685667055907,23.984513168981305,24.225120544433594,652500
2014-08-11,24.33662749836335,24.58016811949939,24.327824562336158,24.445194244384766,1435200
2014-08-12,24.427576065063477,24.477458784422524,24.21924393502277,24.427576065063477,196800
2014-08-13,24.465729966673795,24.65938949584961,24.465729966673795,24.65938949584961,407400
2014-08-14,24.659389337354373,24.7444838137821,24.615376342502618,24.70633888244629,469200
2014-08-15,24.899996597517593,25.052576311752176,24.679928281304782,24.967483520507812,622500
2014-08-18,25.055512861181683,25.070183859380233,24.882392396057785,25.064315795898438,488400
2014-08-19,25.128868510257742,25.28144822851435,25.102459707180383,25.243303298950195,712200
2014-08-20,25.208087974614827,25.48390703729336,25.208087974614827,25.454565048217773,262800
2014-08-21,25.442840102717593,25.566077862303338,25.395892224876494,25.551406860351562,409500
2014-08-22,25.53672528895906,25.67463567240516,25.46336863057336,25.569002151489258,467400
2014-08-25,25.727456524609313,25.727456524609313,25.431096642479325,25.478044509887695,247800
2014-08-26,25.50444812631636,25.574869913102347,25.454567076710344,25.480974197387695,153000
2014-08-27,25.492708039553314,25.548458825640033,25.375340084407824,25.52791976928711,356700
2014-08-28,25.395884051993818,25.624755302561148,25.360672315450532,25.610082626342773,207600
2014-08-29,25.753862533197847,25.880035131256726,25.70104660440216,25.80374526977539,240900
2014-09-02,25.841889252772106,25.894706858618825,25.571938197293456,25.68637466430664,214200
2014-09-03,25.786132148991356,25.86242198901862,25.701039376809,25.756790161132812,238200
2014-09-04,25.82427872739976,26.0150050187037,25.7626598773447,25.83014678955078,270600
2014-09-05,25.847759082763737,26.047288356406643,25.803746087204406,26.044353485107422,445200
2014-09-08,26.01500436219269,26.252678502682357,26.009136300189756,26.10890007019043,474300
2014-09-09,26.114778547040487,26.13531761041529,25.833089649829603,25.868301391601562,190500
2014-09-10,25.841895012470157,25.903513887370373,25.70105139013012,25.859500885009766,162300
2014-09-11,25.777340142248807,25.926986694335938,25.671708269592212,25.926986694335938,250800
2014-09-12,25.894707423477772,25.894707423477772,25.551399693937455,25.604215621948242,624600
2014-09-15,25.65703049362375,25.66583342718507,25.27851274542645,25.29024887084961,652500
2014-09-16,25.249168437689846,25.76559656001821,25.237432312562397,25.730384826660156,1664400
2014-09-17,25.777340353503465,26.059027588214043,25.753866417277585,25.915250778198242,444000
2014-09-18,26.023808026136436,26.311363220214844,26.00033409847722,26.311363220214844,355500
2014-09-19,26.43460333742174,26.44047139975338,25.935781101501206,25.982728958129883,339000
2014-09-22,25.888840089780018,25.950458958023468,25.618889003297223,25.668771743774414,315600
2014-09-23,25.548466090361497,25.78320710436428,25.486847224793678,25.586612701416016,632700
2014-09-24,25.633692141166037,25.91615679005677,25.633692141166037,25.907329559326172,329100
2014-09-25,25.8543627030465,25.87201547736552,25.354163724328643,25.43360710144043,507900
2014-09-26,25.630746306622953,25.795517333403406,25.54541866392153,25.733728408813477,828300
2014-09-29,25.474804248150217,25.848480792314025,25.42478383739136,25.766096115112305,325800
2014-09-30,25.804339803773395,25.804339803773395,25.46008464171834,25.554241180419922,370800
2014-10-01,25.50422403741588,25.50422403741588,24.865735713556177,24.93046760559082,1676700
2014-10-02,24.924576392421965,24.924576392421965,24.333165667136278,24.77745819091797,584400
2014-10-03,24.986372336512265,25.101122949741434,24.801003889145964,24.93341064453125,489600
2014-10-06,24.977549983357548,25.021684454687342,24.553852997551726,24.715681076049805,429900
2014-10-07,24.63329132262956,24.686253014048766,24.244901657104492,24.244901657104492,1260600
2014-10-08,24.29786039729609,24.845136754228186,24.044818803796243,24.792173385620117,439200
2014-10-09,24.742154505400798,24.745095792333796,24.106607555335923,24.121320724487305,1307100
2014-10-10,23.45046530118324,23.45634955835851,22.255873546284544,22.458894729614258,3951300
2014-10-13,22.470673376831595,22.750195059407908,21.967533001296516,21.98224449157715,4425000
2014-10-14,22.376518093273102,22.803156354673,22.19409258652516,22.379459381103516,3031200
2014-10-15,21.949875818852107,22.65603905014947,21.820412026633978,22.485382080078125,1984800
2014-10-16,22.17644139118943,22.988528218612405,22.170557131039864,22.832584381103516,990300
2014-10-17,23.2415671121953,23.391626671394413,22.964986715169044,23.000295639038086,1563000
2014-10-20,23.009120746633453,23.388683225087355,22.847290999871557,23.365142822265625,591900
2014-10-21,23.641716887295186,24.239011938111506,23.624062431699244,24.227243423461914,1086600
2014-10-22,24.412621443733485,24.444985713562517,23.868287861946342,23.880056381225586,2008500
2014-10-23,24.194875509327158,24.35376222948816,24.121318089712926,24.22429847717285,709500
2014-10-24,24.230189017183786,24.527365089528725,24.21253455967651,24.465576171875,624900
2014-10-27,24.447922917096072,24.618578191737242,24.262556155015677,24.5803279876709,1352400
2014-10-28,24.709791925379502,24.939293151212063,24.627405574858713,24.93046760559082,1290900
2014-10-29,24.88927022072537,25.045213982526754,24.695076261087937,24.98048210144043,1864200
2014-10-30,24.862801513618056,24.88928152527384,24.36848663682749,24.677433013916016,1145100
2014-10-31,25.362997305484413,25.76609855010676,25.362997305484413,25.642518997192383,2241300
2014-11-03,25.68076453872961,25.957346575772345,25.64251433298341,25.819055557250977,1669500
2014-11-04,25.72196394960763,25.87790946507564,25.533654162681145,25.72490692138672,539700
2014-11-05,25.91909569395317,26.01619353943699,25.695478709293102,25.983827590942383,762900
2014-11-06,25.830826196014506,25.922039786706392,25.59838197137853,25.760210037231445,978000
2014-11-07,25.730784593295652,25.813170945793203,25.321799169077206,25.52776336669922,445200
2014-11-10,25.59838039912514,25.757267167533705,25.489514038140587,25.716073989868164,326100
2014-11-11,25.757267582257533,25.757267582257533,25.5571876329619,25.66605567932129,533700
2014-11-12,25.566016779524382,25.64840314235842,25.48951635947998,25.627805709838867,254700
2014-11-13,25.71019022716735,25.886731458498197,25.539533254581674,25.630746841430664,186600
2014-11-14,25.586618822512033,25.872024805219652,25.448327763612316,25.854372024536133,277500
2014-11-17,25.733722755232407,25.81022315138249,25.527758596100742,25.736665725708008,864900
2014-11-18,25.78080511167532,26.310427095929246,25.78080511167532,26.239810943603516,456900
2014-11-19,26.28395196525474,26.28395196525474,25.93969834722878,26.060333251953125,725700
2014-11-20,25.942634618328672,26.328083032141443,25.83082528330069,26.29865837097168,651300
2014-11-21,26.57818029306439,26.666449221006822,26.378100352426735,26.587007522583008,1091700
2014-11-24,26.639971536843742,26.857704271864787,26.59877835670889,26.842992782592773,533100
2014-11-25,26.92244013235264,26.931267363938908,26.79003502580323,26.8488826751709,610500
2014-11-26,26.86064416412897,27.422632081458087,26.86064416412897,27.416746139526367,552300
2014-11-28,27.472646744667575,27.56974456873709,27.325530206919304,27.493244171142578,333900
2014-12-01,27.37261688764767,27.516790503606067,27.046016076757926,27.146055221557617,930300
2014-12-02,27.084269289205263,27.325542472412675,26.972461613158057,27.316715240478516,538800
2014-12-03,27.449107768035283,27.91694074433073,27.437337569645077,27.890459060668945,1059600
2014-12-04,27.972849097332947,28.09348564958164,27.75805767999897,27.91400146484375,741000
2014-12-05,28.002276398415088,28.19941338809988,27.94931469952692,28.19352912902832,362100
2014-12-08,28.143508873627898,28.255316531094607,27.625657032779127,27.79631233215332,1208400
2014-12-09,27.402032863073153,27.85221142501656,27.325532459173246,27.793365478515625,645900
2014-12-10,27.6491910396278,27.796307593885345,27.213723951334465,27.263744354248047,667500
2014-12-11,27.38438032073203,27.722751271262435,27.3314186284531,27.393207550048828,1842900
2014-12-12,27.151930962530468,27.331413434874722,26.91360086713055,26.940082550048828,1188600
2014-12-15,27.069555402535617,27.337306873961616,26.60172228224262,26.689992904663086,1096800
2014-12-16,26.575235814971688,27.07249182550933,26.469312433998788,26.5075626373291,855900
2014-12-17,26.55464467052495,27.146055685723674,26.372220839718675,27.07838249206543,812100
2014-12-18,27.525609750440204,27.593284606933594,27.33730003432236,27.593284606933594,627600
2014-12-19,27.74628333544398,27.74628333544398,27.39614561456816,27.596223831176758,577500
2014-12-22,27.660956095293745,27.96695936535009,27.625648867482642,27.934595108032227,377700
2014-12-23,28.055236074538332,28.164104119434214,27.86398504133623,27.872812271118164,982500
2014-12-24,27.970990412072446,28.033279728558757,27.90573598834086,27.914634704589844,203400
2014-12-26,27.985822602250895,28.0688744580796,27.917599677090156,27.950227737426758,201000
2014-12-29,27.935394282404165,27.941326193522347,27.77522080141845,27.87013816833496,204600
2014-12-30,27.6803044895882,27.825647349690268,27.6803044895882,27.69513511657715,362700
2014-12-31,27.736662000989444,27.935395458494693,27.534961739172,27.552759170532227,290100
2015-01-02,27.674376541806954,27.831583247112967,27.27097765926013,27.529033660888672,663000
2015-01-05,27.413345372510324,27.463769156660536,27.00104620156705,27.009944915771484,619500
2015-01-06,27.02774562082395,27.054441766673698,26.33069599711457,26.40781593322754,1123800
2015-01-07,26.559092408194402,26.787487124312065,26.40188572166886,26.668840408325195,721200
2015-01-08,26.93875870720632,27.505297769696096,26.93875870720632,27.460805892944336,633000
2015-01-09,27.570558628499935,27.58538925663811,27.146395535270475,27.47564125061035,420900
2015-01-12,27.35699288669635,27.35699288669635,26.817149908028373,26.947660446166992,572400
2015-01-13,27.143422596752544,27.47563504154789,26.547222315144268,26.68366813659668,520800
2015-01-14,26.425621028806813,26.796391887787184,26.259515588937223,26.53240394592285,1241700
2015-01-15,26.74002583827305,26.885368687698037,26.30103388042833,26.321796417236328,663000
2015-01-16,26.229852318086504,26.645115037318682,26.11713749678159,26.609521865844727,876900
2015-01-20,26.745966697507278,26.98326017074391,26.541301288997783,26.8853759765625,395400
2015-01-21,26.83495107065283,27.30953799760791,26.71926944642207,27.19089126586914,433500
2015-01-22,27.167160743851724,27.377758047103086,26.662910882841015,27.354028701782227,1371300
2015-01-23,27.23241332954199,27.40741745160955,27.149361475161896,27.282838821411133,564600
2015-01-26,27.22351370110591,27.3955527102284,27.021815134902276,27.333263397216797,353700
2015-01-27,26.983255442069805,27.098935353529065,26.68070589239912,26.846811294555664,1060800
2015-01-28,27.217583117132467,27.43411401832194,26.701469459106317,26.719266891479492,945900
2015-01-29,26.630285263901197,26.82012004388329,26.238751878816533,26.73706817626953,658200
2015-01-30,26.434514199760475,26.787487548945535,26.173491420451644,26.212051391601562,1456200
2015-02-02,26.259510897696845,26.36332699122579,25.731533411034043,26.2802734375,927300
2015-02-03,26.392987100827373,26.75782596595748,26.354427130149887,26.745962142944336,631200
2015-02-04,26.674773980921945,27.036646039877425,26.665875265077922,26.846811294555664,1008000
2015-02-05,26.956559088624886,27.119699382424912,26.811216226376953,27.107833862304688,699000
2015-02-06,27.146395923280195,27.37182554761838,26.89130504224171,26.95952796936035,1006200
2015-02-09,26.920962696953744,26.920962696953744,26.606549344582735,26.674772262573242,1523400
2015-02-10,27.004017465467154,27.58538721054723,26.929862633019976,27.576488494873047,1259100
2015-02-11,27.579453381445855,27.76335619899277,27.487501124044222,27.66547203063965,965700
2015-02-12,27.748528249826254,28.11633394289857,27.748528249826254,28.10743522644043,935400
2015-02-13,28.234975765790335,28.389217328863328,28.062938470146722,28.306163787841797,737100
2015-02-17,28.294305659119267,28.427783015165193,28.20828699398997,28.39515495300293,2393400
2015-02-18,28.36252231306649,28.404049085230188,28.20828244111045,28.32099723815918,458700
2015-02-19,28.27947605588146,28.481176348219837,28.237949275509337,28.398122787475586,651600
2015-02-20,28.32100349628958,28.5879582242837,28.252780563247534,28.56719398498535,1902900
2015-02-23,28.53456236208408,28.53456236208408,28.28837190409288,28.38922119140625,673200
2015-02-24,28.389224854067404,28.780759927763793,28.19642327343384,28.768896102905273,842400
2015-02-25,28.706605281662487,28.774828219505842,28.534567929048347,28.620588302612305,387900
2015-02-26,28.757028419041685,28.878643654046208,28.66507783747464,28.81635093688965,295500
2015-02-27,28.810414345376202,28.872703654233145,28.64134384912347,28.730327606201172,350100
2015-03-02,28.973561509921073,29.53416542279314,28.9705947050779,29.51933479309082,865800
2015-03-03,29.41552112699979,29.41552112699979,28.935000565693944,28.973562240600586,1192200
2015-03-04,28.893474382209657,28.94389988035808,28.608722222150504,28.934999465942383,569700
2015-03-05,29.035852410936766,29.11890258397601,28.831186994315534,28.95279884338379,733500
2015-03-06,28.857878899506908,28.905337591840226,28.573126745507,28.653213500976562,642600
2015-03-09,28.629480319207428,28.81041805531353,28.599819063028693,28.74219512939453,519900
2015-03-10,28.555328571653764,28.62355150090059,28.205320300450634,28.211252212524414,1150500
2015-03-11,28.353631072789767,28.564228398790863,28.26464559390975,28.273544311523438,356100
2015-03-12,27.976923574511527,28.273539524212413,27.956161035099694,28.26464080810547,1173300
2015-03-13,28.332865685360872,28.50490301593539,28.148962833407072,28.454479217529297,539100
2015-03-16,28.60872037744182,28.89347251913997,28.570158706487298,28.88753890991211,657600
2015-03-17,28.67694091796875,28.727366414636364,28.516767408324988,28.67694091796875,439800
2015-03-18,28.668042020934227,29.029914099037008,28.303203138307627,28.890504837036133,466500
2015-03-19,28.86084357813626,29.026947291809673,28.81931510383302,28.955760955810547,283200
2015-03-20,29.1663614465863,29.45704380907542,29.12779977482569,29.365093231201172,462300
2015-03-23,29.373986464240655,29.406614522443423,29.109998588837904,29.121862411499023,401100
2015-03-24,29.142632721896227,29.142632721896227,28.854913746682566,28.872711181640625,580200
2015-03-25,28.851590391525377,28.884305499324494,27.498382304310258,27.531097412109375,1159200
2015-03-26,26.89166980716426,27.328859996856874,26.55262494434835,27.15338897705078,1420500
2015-03-27,27.165285619387724,28.027770506792542,27.102830122343935,27.923677444458008,1165500
2015-03-30,28.10509615311711,28.354919842676182,27.941522313587893,28.280567169189453,1275300
2015-03-31,28.158624501636464,28.21513225178617,27.917725010959103,27.96233558654785,408900
2015-04-01,27.885005640101493,27.902850549408473,27.56380578149696,27.780914306640625,625500
2015-04-02,27.893933198716578,27.971260585934587,27.69467124820366,27.718463897705078,643800
2015-04-06,27.456745458140176,27.902858100842142,27.308041811167747,27.840402603149414,1060800
2015-04-07,27.84634929755986,28.090225243530014,27.798765697952927,27.852298736572266,1043700
2015-04-08,27.795793251186034,28.108070753486246,27.78092305600838,28.0158748626709,876300
2015-04-09,27.879064692768956,28.417373174735182,27.879064692768956,28.381683349609375,597600
2015-04-10,28.402512142619333,28.497684478759766,28.360876266427795,28.497684478759766,264900
2015-04-13,28.536341664296994,28.640433035871588,28.289492667779168,28.328155517578125,436500
2015-04-14,28.331124767740235,28.331124767740235,27.953417076120292,28.03966522216797,664200
2015-04-15,28.253802708104644,28.589871156708476,28.218112878733976,28.50659942626953,444300
2015-04-16,28.232984250595273,28.426300196913683,28.232984250595273,28.384662628173828,523200
2015-04-17,28.155657486647222,28.155657486647222,27.846351303535947,27.980186462402344,497700
2015-04-20,28.122938534224275,28.33112293802518,28.116989095596203,28.218109130859375,398100
2015-04-21,28.53336835411162,28.610694057529884,28.313286720481976,28.41143035888672,454500
2015-04-22,28.586901496001243,28.818878593205174,28.363845154871836,28.812929153442383,450900
2015-04-23,28.301379641067808,28.46495515082505,28.146728288334778,28.366809844970703,588900
2015-04-24,28.313284648670997,28.331127862303056,27.72441605419301,27.899887084960938,630600
2015-04-27,27.93854306049796,28.262717669156213,27.902853238444525,27.97125816345215,595200
2015-04-28,27.98613423353558,28.05751219085016,27.608424812463785,27.998029708862305,1202700
2015-04-29,27.786870305264003,27.926651498904562,27.55489152064406,27.8433780670166,784500
2015-04-30,27.792817332916524,27.896910396456004,27.429979821231264,27.602476119995117,2324100
2015-05-01,27.858250032043248,28.435223161449144,27.84932757416962,28.369792938232422,1523700
2015-05-04,28.435219987890182,28.49470076469615,28.23892934014735,28.313282012939453,662400
2015-05-05,28.1110446347599,28.182422590554477,27.670879723134334,27.697647094726562,748200
2015-05-06,27.801744259903,27.92962999561886,27.46269934532197,27.664936065673828,1397400
2015-05-07,27.771993788871196,28.00992025694374,27.771993788871196,27.96828269958496,928500
2015-05-08,28.197294206715597,28.366817498442657,28.170528535558812,28.247854232788086,657000
2015-05-11,28.247852565007246,28.369790543273137,28.149707238467524,28.265697479248047,495000
2015-05-12,28.143759294540086,28.17944742097522,27.882040127471967,28.009925842285156,996000
2015-05-13,28.15863951465981,28.384670635769087,28.105106455054823,28.182432174682617,393900
2015-05-14,28.37870677026276,28.62258267325515,28.274613729089776,28.51848793029785,876300
2015-05-15,28.57203525601619,28.673151920995803,28.444147810182386,28.566085815429688,379200
2015-05-18,28.6047465538446,28.86051800780085,28.52444443271141,28.84564781188965,625500
2015-05-19,28.917011869377532,29.05679301338694,28.6404208964314,28.741540908813477,457200
2015-05-20,28.777235189708048,29.00921222616438,28.676115161638773,28.804000854492188,858600
2015-05-21,28.780212171223937,28.99434431346752,28.655301187653674,28.94973373413086,460200
2015-05-22,28.914043804244866,29.110334436896267,28.914043804244866,29.009214401245117,411000
2015-05-26,28.964601406066755,28.99136707062517,28.655298693400095,28.786155700683594,785400
2015-05-27,28.87537856152034,30.014450844374807,28.860508370574657,29.916305541992188,1316100
2015-05-28,29.94605255126953,30.088808458082624,29.746790587071153,29.94605255126953,1225800
2015-05-29,30.04122948429846,30.1810141045667,29.91929318515724,30.05907440185547,1813800
2015-06-01,30.160192791097973,30.276183046989022,29.916316802795464,30.07691764831543,1315800
2015-06-02,29.98471878339582,29.98471878339582,29.696232233997158,29.740842819213867,938700
2015-06-03,29.889542909237473,29.916308574939524,29.517781290768774,29.53860092163086,3604800
2015-06-04,29.41367945328085,29.514799448753777,29.18170249160302,29.270923614501953,1787400
2015-06-05,29.2352421679718,29.360153137193777,29.009211174346962,29.273906707763672,1308000
2015-06-08,29.30067252927918,29.30067252927918,28.646373893270866,28.72369956970215,1367700
2015-06-09,28.741551875460566,28.780216425409012,28.41440247328016,28.705862045288086,1645500
2015-06-10,28.83969545037945,29.163871814827072,28.82482525597473,29.06275177001953,1308900
2015-06-11,29.184689633857108,29.199559829071454,29.027063522443314,29.053829193115234,1614300
2015-06-12,28.931895466599155,28.931895466599155,28.753449704699047,28.7921142578125,657000
2015-06-15,28.49469588214614,28.756414999173185,28.357887736435917,28.732624053955078,828300
2015-06-16,28.679097390906534,28.88430881631723,28.610692447913085,28.812929153442383,679200
2015-06-17,28.8456474872248,28.949738857431626,28.729657237567196,28.83672332763672,727200
2015-06-18,28.91404723698899,29.380979523018222,28.91404723698899,29.244173049926758,796800
2015-06-19,29.31555088324526,29.398826020884393,29.003273371560518,29.09844398498535,1072500
2015-06-22,29.339337884121516,29.419638291108953,29.199556702645356,29.345287322998047,899700
2015-06-23,29.40179834780193,29.44343421144808,29.101416336350052,29.19955825805664,976500
2015-06-24,29.156320735376198,29.22788284709333,28.88497437910273,28.89093589782715,742200
2015-06-25,28.968465080761764,29.063886924153962,28.79850206699946,28.870067596435547,973200
2015-06-26,28.610640116813034,28.610640116813034,28.03812797599763,28.151437759399414,1826700
2015-06-29,27.781700332861273,27.97850042517391,27.340389225324877,27.36126136779785,1572300
2015-06-30,27.61173290300723,27.671368564924407,27.33740408078339,27.459659576416016,4370400
2015-07-01,27.850281657698297,27.892027648808963,27.468607924609163,27.5252628326416,1442400
2015-07-02,27.57893614395941,27.73995518173498,27.537190151533107,27.65348243713379,1002300
2015-07-06,27.403006027585146,27.653480256172447,27.131659657538943,27.250932693481445,3059400
2015-07-07,27.2628620346229,27.2658427942659,26.34147629899825,27.164461135864258,2893200
2015-07-08,26.800674725848484,26.875221009832018,26.365328590551734,26.43092918395996,1993500
2015-07-09,26.910998610280252,26.973618436266385,26.085033192409348,26.093978881835938,3779700
2015-07-10,26.40409044695828,26.66947356323487,26.377255083140856,26.577035903930664,1492200
2015-07-13,26.809620128955945,26.85434858135287,26.60983929770835,26.800674438476562,1103700
2015-07-14,26.931876086748144,27.14656754329515,26.899075789832015,27.08096694946289,1011300
2015-07-15,27.140604970967072,27.140604970967072,26.797694784125486,26.91994857788086,1074900
2015-07-16,27.119730836705536,27.119730836705536,26.723146533920318,26.970638275146484,1657500
2015-07-17,26.955734106238566,26.955734106238566,26.702279095665535,26.91398811340332,1542000
2015-07-20,27.012391012615744,27.05711947475011,26.714207521180004,26.729116439819336,1096800
2015-07-21,26.741045852834958,26.97064628184027,26.69631738860246,26.735082626342773,678600
2015-07-22,26.03434662980321,26.141693217771202,25.78089163577207,26.07012939453125,3495300
2015-07-23,26.216240838387286,26.77086007011312,26.216240838387286,26.4577693939209,1139700
2015-07-24,26.535303116977666,26.588975574072016,25.90017250086403,25.92700958251953,2122800
2015-07-27,25.768970120274044,25.915078554319848,25.46482338670011,25.736169815063477,1569000
2015-07-28,25.867371215510087,26.43093622209451,25.664606156314125,26.272899627685547,2151900
2015-07-29,26.2520185297992,26.35638264387565,26.019435695749287,26.305692672729492,1403400
2015-07-30,26.168526635253155,26.49652960009987,26.096962817345506,26.41005516052246,3404700
2015-07-31,26.44882080675703,26.44882080675703,26.05521894892759,26.102928161621094,1690800
2015-08-03,26.076090785257556,26.12678246298368,25.876308246158604,26.01943588256836,1101900
2015-08-04,25.93594729747217,25.986637272271654,25.566200026311996,25.730199813842773,2780100
2015-08-05,25.879286027038745,26.237105053290165,25.86735957927155,26.055213928222656,1431300
2015-08-06,26.102926508075026,26.102926508075026,25.393251587660995,25.590051651000977,2950500
2015-08-07,25.485695532644808,25.76300518753288,25.46184092032953,25.736169815063477,946800
2015-08-10,25.962789468042132,26.419009598083882,25.929990866914206,26.374282836914062,1439100
2015-08-11,26.111869369029474,26.11485012792602,25.67652159828576,25.780885696411133,2166000
2015-08-12,25.46779446690863,26.055215564841415,25.265031192404408,25.92997932434082,2565600
2015-08-13,25.927003756798193,26.031367887052625,25.664603051255018,25.721256256103516,903300
2015-08-14,25.62583281557818,25.62583281557818,25.35448478297747,25.509540557861328,1231500
2015-08-17,25.40220923408418,25.774937396799935,25.273988753248823,25.72722816467285,794400
2015-08-18,25.688456666413085,25.691437426111886,25.202417095240328,25.241182327270508,1221600
2015-08-19,25.294856613023022,25.300819839071256,24.850564707427626,25.014564514160156,1461000
2015-08-20,24.743213936758796,24.75514038684494,24.066339267213117,24.075284957885742,2677500
2015-08-21,23.765171057644494,24.13193578214516,23.416296005249023,23.416296005249023,4139700
2015-08-24,22.059566265545584,23.908300661302043,21.725601804770655,22.891496658325195,5372700
2015-08-25,23.79201026857364,23.842701946613232,22.664878845214844,22.664878845214844,2749500
2015-08-26,23.371580258760282,23.824817916710195,22.924305827650308,23.795000076293945,3394800
2015-08-27,24.209466503058387,24.71339569446486,24.18262943148668,24.68059539794922,3912300
2015-08-28,24.591138116726814,24.874412605278078,24.591138116726814,24.823720932006836,2056200
2015-08-31,24.632888411545785,25.00561645056565,24.510632904961348,24.755142211914062,1644000
2015-09-01,24.012663477553062,24.498702968899163,23.765173446174106,23.8814640045166,2040000
2015-09-02,24.284017736512006,24.450998306274414,24.01863455092891,24.450998306274414,1447200
2015-09-03,24.63587675417389,24.966858881336776,24.561330446100765,24.6418399810791,952500
2015-09-04,24.30190757250218,24.510634124511707,24.1200146833919,24.21543312072754,998100
2015-09-08,24.749174945849834,25.29783080583209,24.746192480692933,25.28888511657715,2252400
2015-09-09,25.512523688080453,25.688451605650222,24.773029258735594,24.823720932006836,2599800
2015-09-10,24.81179582076131,25.160669209381577,24.57921299294248,24.934049606323242,1707600
2015-09-11,24.716382183739526,24.963875697772355,24.606054818727937,24.948965072631836,1901100
2015-09-14,25.071217742495133,25.136818343266633,24.9340533153046,25.005617141723633,1593000
2015-09-15,25.12190577932617,25.39325385303177,25.10997932895234,25.324670791625977,1239600
2015-09-16,25.265033778570505,25.40816141271217,25.11594291956026,25.37834358215332,1427100
2015-09-17,25.33362138150956,25.584095656173357,25.12191063738089,25.17558479309082,1956300
2015-09-18,24.79986941167354,25.056306862811134,24.641832853986255,24.73725128173828,1840500
2015-09-21,24.895289232334836,24.975798748532185,24.543433333758625,24.66270637512207,2055600
2015-09-22,24.242273534876368,24.310854906325776,24.021617088485154,24.120018005371094,2840700
2015-09-23,24.137904777722994,24.257177818022083,23.91128514804665,23.941102981567383,1437900
2015-09-24,23.714485757597142,24.042487054648504,23.261246484875567,23.893394470214844,4153500
2015-09-25,24.219641841650006,24.378568667581554,23.7938432022241,24.024734497070312,1764900
2015-09-28,23.87180816756774,24.003745326196068,23.356049608670446,23.35904884338379,5704500
2015-09-29,23.422017008452052,23.736869709400395,23.263091898656253,23.514972686767578,1279800
2015-09-30,23.928779557398364,24.450534825016266,23.892795607172005,24.426546096801758,1386600
2015-10-01,24.414553750910276,24.414553750910276,23.71588131592814,24.135684967041016,2105100
2015-10-02,23.81483348350664,24.654440715524593,23.80283826108475,24.639446258544922,2045700
2015-10-05,24.87933704924856,25.239168010576588,24.801372387437127,25.11922264099121,2508300
2015-10-06,25.06524558035561,25.266151392099914,24.750392881506922,25.20018196105957,3105900
2015-10-07,25.413074512058664,25.691943167870775,25.10721790279044,25.533018112182617,1994100
2015-10-08,25.518029190116053,25.745922922312822,25.296133925678355,25.700942993164062,1840500
2015-10-09,25.74892719334716,25.78191191143727,25.389096244831393,25.542024612426758,1390800
2015-10-12,25.518035882525705,25.595998825751796,25.40708822120951,25.542024612426758,1982400
2015-10-13,25.362101577725074,25.50303640102918,25.20317649860651,25.22716522216797,1438200
2015-10-14,25.35310943758603,26.372632917307214,25.28414249031394,26.144739151000977,3415800
2015-10-15,26.33664698212569,26.591526974926765,26.165726670287906,26.390621185302734,2243400
2015-10-16,26.40561782393027,26.483582479821365,26.23469920265922,26.450597763061523,1426500
2015-10-19,26.366633479039734,26.621513481692478,26.24369061323153,26.441598892211914,1389000
2015-10-20,26.432599091068898,26.504565259638014,26.26767726485964,26.417606353759766,996900
2015-10-21,26.678485726205334,26.957354424749898,26.447592759253315,26.456588745117188,1579800
2015-10-22,26.888385914871023,27.419137073002865,26.83740923330733,27.37415885925293,2399100
2015-10-23,27.617046209410848,27.781968047545814,27.338175784707346,27.707002639770508,3199500
2015-10-26,27.581062427824815,27.581062427824815,27.07429997441236,27.209238052368164,3103200
2015-10-27,26.96635432137612,27.161261657329987,26.89738565835396,26.97235107421875,3168900
2015-10-28,27.164257971992168,27.44312668100601,27.050311101183823,27.37116050720215,3307800
2015-10-29,26.846403250856657,26.918369417065364,26.558538586021836,26.636503219604492,1950600
2015-10-30,26.738457652013253,26.945360186996098,26.690480202863352,26.84940528869629,1505400
2015-11-02,26.921376312693514,27.122282131680915,26.894390065065313,27.086299896240234,1122300
2015-11-03,26.999338205781648,27.338179631740072,26.999338205781648,27.227231979370117,1026300
2015-11-04,27.251222549463577,27.368166962778126,27.113286925378453,27.30519676208496,1472100
2015-11-05,27.182258719139266,27.221240194723904,26.6934863673217,26.73246955871582,2101800
2015-11-06,26.954364560955707,27.452131179735208,26.91238556674304,27.440135955810547,1913700
2015-11-09,27.371166326189865,27.371166326189865,27.03232487573216,27.173259735107422,1821900
2015-11-10,26.88239685272054,26.88239685272054,26.597531319199206,26.67849349975586,2517900
2015-11-11,26.74146075980245,26.981348040302226,26.675491328712717,26.699480056762695,1607400
2015-11-12,26.558540439916335,26.720464754141087,26.354637145996094,26.354637145996094,2419200
2015-11-13,26.34564392523859,26.444598064497033,26.015798510186162,26.11775016784668,1488300
2015-11-16,26.102764009863385,26.456598240392097,26.09676725573819,26.43860626220703,1824000
2015-11-17,26.474585436508622,26.822422850082738,26.438601486638227,26.61551856994629,2051700
2015-11-18,26.654501883766347,26.90638440286985,26.47158803475286,26.879396438598633,2264700
2015-11-19,26.942365646362305,27.1882496714774,26.798433283005792,26.942365646362305,1168200
2015-11-20,27.056315356956066,27.176257289811012,26.96035872221538,27.029327392578125,598200
2015-11-23,26.981353771993252,26.987350526327354,26.66950024109601,26.705482482910156,1169400
2015-11-24,26.64850239263382,27.07430272891674,26.534557225416254,27.020328521728516,1676700
2015-11-25,27.041320844219417,27.17325971538481,26.939369172015706,27.05931282043457,462300
2015-11-27,27.07430071117502,27.27820573485857,27.07430071117502,27.176252365112305,588600
2015-11-30,27.215232062265596,27.54807667776173,27.206237792162803,27.47011375427246,1134900
2015-12-01,27.6470346338131,27.89891541096894,27.584064439524138,27.895917892456055,1731600
2015-12-02,27.99786755271495,28.06983372901694,27.71000284750701,27.76397705078125,996900
2015-12-03,28.13280976412811,28.162796964007963,27.455128558764088,27.59606170654297,1847700
2015-12-04,27.56607152768485,28.14779942811081,27.521091593430288,28.072834014892578,1254900
2015-12-07,28.048849059389617,28.048849059389617,27.78497303425442,27.84494400024414,1502100
2015-12-08,27.473116831463628,27.692012894636886,27.34717472689082,27.60805320739746,1609200
2015-12-09,27.60805712458628,27.638042608868506,27.116287289634716,27.248226165771484,1364700
2015-12-10,27.224229897324662,27.60505198634362,27.206239640088253,27.380157470703125,1127400
2015-12-11,27.101291650224717,27.19724656231725,26.825420420054098,26.867401123046875,2222100
2015-12-14,26.85540194989978,26.957355315854592,26.42360490901361,26.693477630615234,2588100
2015-12-15,26.900380212494387,27.20024010797416,26.810422072269574,27.09528923034668,1524000
2015-12-16,27.260216682183025,27.353174075391788,26.87040028185647,27.299198150634766,1255200
2015-12-17,27.458124322799357,27.527092990724864,26.90038680517249,26.924375534057617,1064700
2015-12-18,26.759457376624304,26.84341708145872,26.552553059969544,26.612524032592773,1937700
2015-12-21,26.774440887937825,27.092292787366798,26.756450630686704,27.06830406188965,953100
2015-12-22,27.155263022213582,27.200242954938304,26.897383793955154,27.11028480529785,796500
2015-12-23,27.143270561018642,27.323186878590388,27.10129157395318,27.299198150634766,1291200
2015-12-24,27.273058447038213,27.51045150579614,27.25502996568494,27.408283233642578,506700
2015-12-28,27.27906814708072,27.30010223388672,27.029656114589077,27.30010223388672,342900
2015-12-29,27.46837818615532,27.744835499230387,27.387244012088818,27.618627548217773,596400
2015-12-30,27.60960615066641,27.66670062011312,27.348173489544426,27.36920928955078,1165800
2015-12-31,27.26103772846038,27.27305671526605,26.981576511502,26.996601104736328,776700
2016-01-04,26.4526985075342,26.68408203125,26.293437493644355,26.68408203125,1023000
2016-01-05,26.73516416811637,26.789253035675255,26.37456713251288,26.43166160583496,1329000
2016-01-06,25.863730679173194,25.977919654432636,25.458059772186896,25.518159866333008,1541100
2016-01-07,25.02534313880343,25.38593851440058,24.748885824451758,24.802974700927734,2026800
2016-01-08,24.97425235197989,25.06740721037789,24.38227529605246,24.44537925720215,1465200
2016-01-11,24.601638907710168,24.75188652121066,24.19897200217709,24.529518127441406,1000800
2016-01-12,24.799967682228182,24.968245502922343,24.391292974828083,24.733858108520508,1073700
2016-01-13,24.73987364050128,24.92918730965768,23.940554226931937,23.946563720703125,1756200
2016-01-14,24.06676072864586,24.568588676816763,23.73921840595954,24.439376831054688,1294200
2016-01-15,23.474780312533394,23.646062027773922,23.02403569872396,23.336551666259766,1663800
2016-01-19,23.685128369398704,23.883457117180242,23.171279740063614,23.37561798095703,986100
2016-01-20,23.081127022159162,23.763255112497227,22.879794417585128,23.528867721557617,1718700
2016-01-21,23.76325057136064,24.168919589366308,23.54989730367341,23.877439498901367,1162200
2016-01-22,24.331195863240065,24.48444911215265,24.165923628252255,24.31316566467285,1642800
2016-01-25,24.259078922129117,24.310163916077943,23.931538310136332,23.976612091064453,1261500
2016-01-26,24.04271180207069,24.388282472258414,23.967587145263334,24.1989688873291,1683300
2016-01-27,24.12084477476291,24.379271853411264,23.826359023453044,23.922517776489258,1650000
2016-01-28,24.021684332911782,24.15390177070506,23.67310796153988,23.868431091308594,525000
2016-01-29,24.066753590263215,24.95321808417617,24.066753590263215,24.950212478637695,1774500
2016-02-01,24.75489675758452,25.190616839906998,24.69179277811586,25.061403274536133,1923600
2016-02-02,24.790951455269173,24.790951455269173,24.16591957829253,24.23503303527832,1210200
2016-02-03,24.553560287388503,24.553560287388503,23.80231875792217,24.29212760925293,1507800
2016-02-04,24.292130333903035,24.866077296747783,24.27109453016829,24.712825775146484,1115400
2016-02-05,24.604642076836434,24.604642076836434,23.766256944640574,23.865421295166016,2381400
2016-02-08,23.46276184443078,23.47177694390082,22.894824333453524,23.264434814453125,3249300
2016-02-09,22.981969750027446,23.540892204037245,22.930884755630657,23.132217407226562,859200
2016-02-10,23.318524251256594,23.522860779298405,22.92787795563672,22.95191764831543,2616000
2016-02-11,22.588321332453642,22.90384298502084,22.477136234716014,22.774627685546875,1256100
2016-02-12,23.02703893356936,23.300490612355613,22.708513482459562,23.273447036743164,1213500
2016-02-16,23.58295459218889,24.21399764659211,23.50783164722707,24.09079360961914,1281300
2016-02-17,24.25005940017867,24.712824709481993,24.214000725902192,24.664745330810547,1126200
2016-02-18,24.85105856955664,24.87209265734537,24.523516229079974,24.547555923461914,1015200
2016-02-19,24.589621623037452,24.79996934285374,24.484447763129307,24.655731201171875,545400
2016-02-22,24.902136949178136,25.172583027935946,24.902136949178136,25.043371200561523,1787400
2016-02-23,24.920161250462606,24.9652350131069,24.601635867753732,24.64971351623535,764100
2016-02-24,24.3552400102695,25.03135710513616,24.20499234011736,24.97726821899414,1031700
2016-02-25,25.058393135524447,25.30479949850844,24.781935874066072,25.280759811401367,1239000
2016-02-26,25.50313330789979,25.536188099215433,25.334853745036742,25.44303321838379,921300
2016-02-29,25.49111040754289,25.827666065384243,25.382932662963867,25.382932662963867,1171200
2016-03-01,25.569238040471262,26.10111680377626,25.557219055712263,26.068063735961914,1164900
2016-03-02,26.029004480707258,26.2453617375129,26.022994986770758,26.230337142944336,1033200
2016-03-03,26.2393438021729,26.32648745430855,26.06806210363025,26.260377883911133,869400
2016-03-04,26.440681109378684,26.750191495850807,26.2453579691232,26.53083038330078,1378500
2016-03-07,26.368558996718708,26.747184528013864,26.275405846717366,26.651025772094727,1113600
2016-03-08,26.440679640693993,26.458709838367778,26.01096909989169,26.047029495239258,1032900
2016-03-09,26.119153767573266,26.29644673460972,26.035013974643757,26.230337142944336,578700
2016-03-10,26.395607434036446,26.617974153708857,26.007966758293136,26.362552642822266,2480700
2016-03-11,26.64802266173284,26.891425180242837,26.59393378632651,26.8643798828125,656100
2016-03-14,26.76221478006899,26.888424463502346,26.681080597667027,26.801279067993164,752400
2016-03-15,26.711126671072382,26.735168081789116,26.515805254224485,26.732162475585938,2064300
2016-03-16,26.563878594668306,27.005608036072932,26.563878594668306,26.972553253173828,1463400
2016-03-17,26.89141901188319,27.227974611919016,26.84934913201522,27.15886116027832,940200
2016-03-18,27.19492724471711,27.549511393719833,27.128815945830947,27.516456604003906,1722300
2016-03-21,27.426305372891722,27.585569817259795,27.318127631968935,27.552515029907227,672000
2016-03-22,27.417293331922764,27.65167902184431,27.351183753991638,27.546506881713867,653100
2016-03-23,27.506113760198268,27.530226043747984,27.180597069953826,27.186626434326172,735600
2016-03-24,27.017839790324608,27.183612824170538,26.873166083320868,27.168542861938477,602400
2016-03-28,27.22581357875394,27.258968190181736,27.038942916454936,27.15347671508789,476100
2016-03-29,27.03592975601494,27.54831719598515,26.909340668633337,27.527217864990234,1197600
2016-03-30,27.671884303506427,27.940134097378337,27.656814342282214,27.768333435058594,688800
2016-03-31,27.72915398804979,27.753264547223825,27.60557788672668,27.614620208740234,536700
2016-04-01,27.37651279434617,27.81656158255291,27.346372868016868,27.804506301879883,453000
2016-04-04,27.78642750561257,27.807525113555045,27.50310937904034,27.557361602783203,653700
2016-04-05,27.391583741317508,27.590509676741043,27.283077588129434,27.403640747070312,541500
2016-04-06,27.373495231422766,27.689969598519003,27.147442358446387,27.665857315063477,5235600
2016-04-07,27.56036897995621,27.56036897995621,27.14141779189883,27.243894577026367,1107300
2016-04-08,27.551326589411506,27.623663447791003,27.274036161280137,27.370485305786133,1175400
2016-04-11,27.50008929645496,27.768337404021395,27.355413853801554,27.364456176757812,789300
2016-04-12,27.400617403758865,27.430757321644144,26.975636973132918,27.325265884399414,1233000
2016-04-13,27.512141831672007,27.961232904252228,27.49707186979776,27.937122344970703,1008600
2016-04-14,27.692987438517687,27.765324297132818,27.44583521143092,27.723127365112305,725700
2016-04-15,27.662844369068807,27.702028341209044,27.45487612679318,27.485017776489258,1100100
2016-04-18,27.385558405414095,27.55434442763011,27.334319144784487,27.488035202026367,980100
2016-04-19,27.54831564484592,27.575442615463267,27.038942916454936,27.15347671508789,1293000
2016-04-20,27.08415206442697,27.536257881064188,27.081139106428065,27.412683486938477,1105500
2016-04-21,27.40363782663015,27.40363782663015,27.120318055071102,27.249921798706055,825300
2016-04-22,27.271018328688058,27.539268127602273,27.0781200619578,27.298145294189453,731400
2016-04-25,27.213753824566542,27.370484542340463,27.054010149015063,27.13538932800293,1796100
2016-04-26,27.340345131121023,27.747239309069787,27.337330448640046,27.497074127197266,1356300
2016-04-27,27.225815820200772,27.822595425739042,27.19868884735012,27.77738380432129,1516800
2016-04-28,27.629691622500903,27.780392973137516,26.97865820048566,27.050996780395508,1489500
2016-04-29,26.94550666596279,26.94550666596279,26.134731203002385,26.336671829223633,2604000
2016-05-02,26.405994987377525,26.571768050301465,26.20104139549493,26.535598754882812,1144200
2016-05-03,26.270357366699685,26.39393346396213,26.113626664692518,26.234188079833984,3286800
2016-05-04,26.04431435879659,26.22817037091927,25.84538665500898,25.935808181762695,2537100
2016-05-05,26.086504461970065,26.249262822525925,25.90566145587539,25.999095916748047,1178100
2016-05-06,25.887582262325328,26.053355340265455,25.67660101031067,26.03527069091797,1242000
2016-05-09,26.083494444466186,26.222140543982384,25.926763696176785,26.00211524963379,975000
2016-05-10,26.07445594442164,26.32160824817989,25.91772689779181,26.309551239013672,830100
2016-05-11,26.210082583383702,26.481345388679124,26.210082583383702,26.24625015258789,2676300
2016-05-12,26.30653044216703,26.354756742977273,25.568091835246506,25.776060104370117,1212000
2016-05-13,25.848397968402466,26.08349321745377,25.794145749281995,25.869497299194336,1603500
2016-05-16,25.88456436383878,26.4632592353386,25.794142859005245,26.285430908203125,712800
2016-05-17,26.2462468151791,26.390920522893214,26.035263893601016,26.113628387451172,624000
2016-05-18,26.005126535801818,26.74959275015344,26.005126535801818,26.520526885986328,2003400
2016-05-19,26.348724963479714,26.57176490128614,26.14377139588613,26.372838973999023,1394700
2016-05-20,26.692325453550605,27.198683440236117,26.689310771173073,27.17155647277832,1679400
2016-05-23,27.35240405661409,27.605583954705242,27.35240405661409,27.361446380615234,735900
2016-05-24,27.587499408843936,28.05467522786865,27.55434479559931,28.021520614624023,1587600
2016-05-25,28.19332146481729,28.262643649904636,27.970281495009587,28.187292098999023,1248600
2016-05-26,28.229491934338547,28.34704043480391,28.16016974213506,28.280731201171875,912300
2016-05-27,28.2566164867523,28.506781708386388,28.2566164867523,28.45855712890625,861600
2016-05-31,28.512802070591693,28.651448132363715,28.434437580103985,28.62432289123535,2144400
2016-06-01,28.6002185422925,28.81120152607405,28.48869940863151,28.775033950805664,1314300
2016-06-02,28.723786650672395,28.78105354309082,28.597197585666752,28.78105354309082,740700
2016-06-03,29.031222966842922,29.04629293158416,28.69666561043491,28.865449905395508,1316100
2016-06-06,28.88353307333294,29.037250844971666,28.750916355615455,28.79914093017578,1886100
2016-06-07,28.922714223905597,29.13068246580072,28.919699541547505,29.073413848876953,1399200
2016-06-08,29.073412777863897,29.136707307878872,28.97093772651704,29.061357498168945,418800
2016-06-09,28.87448769456185,29.10958290182769,28.775025597960386,29.094512939453125,1087200
2016-06-10,28.799136752900644,28.799136752900644,28.515816987292155,28.61829376220703,1038900
2016-06-13,28.434438468738094,28.78708041160011,28.410326184400123,28.47060775756836,1664400
2016-06-14,28.3771749648184,28.536918652042882,28.190304307733474,28.46156883239746,1265700
2016-06-15,28.606245550306795,28.654470129786933,28.410332549426112,28.45855712890625,706500
2016-06-16,28.1782454828832,28.473620532971264,27.96726256511461,28.455535888671875,4066500
2016-06-17,28.410327563053087,28.410327563053087,28.009461032062486,28.214414596557617,1817700
2016-06-20,28.624324858533033,28.868460668700138,28.512804030224753,28.527873992919922,1106100
2016-06-21,28.648513941891476,28.702939807278273,28.515476974540793,28.61827850341797,966600
2016-06-22,28.66061394866147,28.893429978046285,28.557812402591367,28.59107208251953,918900
2016-06-23,28.966000042694912,29.337903315459034,28.87831620639609,29.304643630981445,1099200
2016-06-24,28.064958875056895,28.515473075108748,27.608396204047807,27.714221954345703,2657100
2016-06-27,27.33627990222369,27.339302408261343,26.408036637006973,26.589452743530273,5307000
2016-06-28,27.003682486460406,27.339300004878687,26.931116396252772,27.284875869750977,2741700
2016-06-29,27.605375357050622,27.916805905326125,27.505598065462586,27.835168838500977,2353800
2016-06-30,27.8714609500912,28.343141534970396,27.817036799562846,28.312904357910156,1577400
2016-07-01,28.098227712962075,28.176840559938242,28.022637372338906,28.08008575439453,1338000
2016-07-05,27.859363022508433,27.859363022508433,27.399777699193827,27.56607437133789,2583300
2016-07-06,27.366519489561068,27.647712940174667,27.100443761762847,27.602359771728516,1725300
2016-07-07,27.644682356633417,28.143573984228066,27.644682356633417,27.937969207763672,1184100
2016-07-08,28.225215835821405,28.739225269011488,28.210098114858432,28.715038299560547,1075200
2016-07-11,28.93273872014679,29.16253224792702,28.911572525154597,29.038562774658203,960900
2016-07-12,29.304633312535923,29.516284831898233,29.25020744976597,29.416505813598633,3075300
2016-07-13,29.522338985975626,29.63119074522596,29.40744221358363,29.45279884338379,1431000
2016-07-14,29.718874840215545,29.749110288626113,29.480012029591816,29.667476654052734,1401300
2016-07-15,29.673511578928707,29.709795488775367,29.54047288297369,29.65839385986328,1151100
2016-07-18,30.033326792812797,30.148223561663503,29.948665469413605,30.09379768371582,1426200
2016-07-19,30.045423197687967,30.072634409192755,29.897266732403068,29.990997314453125,845400
2016-07-20,30.160316100449506,30.541286853442006,30.063561293953807,30.4656982421875,1967100
2016-07-21,30.495920131298508,30.514062081980487,30.127043028027085,30.251008987426758,1458000
2016-07-22,30.148220217056185,30.42034265615579,29.963779867993633,30.40220069885254,1398900
2016-07-25,30.396155735146657,30.635021983692656,30.396155735146657,30.577571868896484,710100
2016-07-26,30.87086538631808,31.904933012888375,30.87086538631808,31.76282501220703,4409700
2016-07-27,32.04704172394648,32.059135210999095,31.575361126642466,31.759798049926758,3430500
2016-07-28,31.617690379478226,31.796082291143236,31.44534694151297,31.584430694580078,2495700
2016-07-29,31.57838977285268,31.681193088982415,31.303242977541743,31.445354461669922,1017000
2016-08-01,31.51489282265926,31.584436441960197,31.360691317508156,31.469539642333984,1479300
2016-08-02,31.412073628683775,31.412073628683775,30.798285303006406,30.985746383666992,4523400
2016-08-03,30.819444645642783,31.03109612713121,30.81339963545493,31.02505111694336,1248900
2016-08-04,31.10368081633264,31.32742589988393,31.046230696908527,31.315332412719727,1218600
2016-08-05,31.499746548032874,31.74768188675968,31.45439340881062,31.71442222595215,1239000
2016-08-08,31.823291933356515,31.89888400997551,31.620713057330732,31.678159713745117,695700
2016-08-09,31.853541639241477,32.03797861781619,31.799115740851143,31.935178756713867,1128000
2016-08-10,31.96237376789722,31.99865768175812,31.584423828999196,31.71746253967285,2446800
2016-08-11,31.853526790712404,31.880737997109946,31.672110674204685,31.83840560913086,1129500
2016-08-12,31.898884439426688,32.05611014773282,31.865624755720575,31.9865665435791,575100
2016-08-15,32.05308167480756,32.500575227327964,32.05308167480756,32.421958923339844,683100
2016-08-16,32.37056921051489,32.37056921051489,32.15891759416799,32.19519805908203,1883100
2016-08-17,32.207301359458256,32.213346374690005,32.016812445020406,32.18915939331055,1782300
2016-08-18,32.19821387719197,32.42498315968164,32.17100267056509,32.421958923339844,693000
2016-08-19,32.45219465574085,32.7787394840317,32.45219465574085,32.70012664794922,1472400
2016-08-22,32.648740169006935,32.793872424570814,32.57617577133795,32.71525955200195,770700
2016-08-23,32.86038581577186,33.020635769139396,32.86038581577186,32.87550354003906,825600
2016-08-24,32.92083853161342,32.948053188444746,32.51870175183384,32.603363037109375,917700
2016-08-25,32.50359809289745,32.88759654782356,32.50359809289745,32.73641586303711,940200
2016-08-26,32.790843495611774,33.12948534107518,32.660828999393004,32.88154983520508,932100
2016-08-29,33.020635412481624,33.13855642867238,32.97225800330404,33.011566162109375,810900
2016-08-30,33.01761413207515,33.19902681855426,32.83014951173148,32.94807052612305,3181200
2016-08-31,32.938992441379234,32.9752763568451,32.742462063092525,32.92689895629883,1447200
2016-09-01,33.020625604738285,33.2111144082293,32.76060013533829,33.18692398071289,1393800
2016-09-02,33.33509123388812,33.359281669265606,33.00249437385613,33.1536750793457,1664400
2016-09-06,33.21111410851462,33.256467266946345,32.90875279852142,33.07807540893555,1085400
2016-09-07,33.126458863432525,33.1325073364196,32.76665084564769,32.82712173461914,3814200
2016-09-08,32.72129499454546,32.85735448356925,32.576162796785354,32.76967239379883,1353300
2016-09-09,32.51267773884284,32.51267773884284,31.508845528604382,31.605600357055664,2546400
2016-09-12,31.34859505392,32.231481984221624,31.242767515633776,32.19519805908203,2162700
2016-09-13,32.034942428621854,32.30706835882364,31.7507264724788,31.91097640991211,1202100
2016-09-14,31.82934072142241,32.270785858022265,31.78700832764326,32.19217300415039,1094100
2016-09-15,32.177061097339895,32.996456476332646,32.13473215158214,32.93598556518555,1795500
2016-09-16,33.17785941571822,33.28065923155538,32.69408193912828,32.94504165649414,1916100
2016-09-19,33.15064322871699,33.468122291307424,32.875496553258365,32.98434829711914,1180500
2016-09-20,33.174842601329274,33.19600880060086,32.754563614321484,32.83620071411133,1076100
2016-09-21,32.99947324136759,33.341139348341834,32.85736178803582,33.289737701416016,1295700
2016-09-22,33.50740779160922,33.60718676955727,33.30180482688818,33.3985595703125,1056600
2016-09-23,33.35020393919111,33.36532166144231,33.01458635294473,33.056915283203125,818100
2016-09-26,32.822208133824375,32.931513313484515,32.59448698259548,32.73112106323242,1149300
2016-09-27,32.65521482422646,33.30194559647333,32.63700018816258,33.29587173461914,1034700
2016-09-28,33.4173252318313,33.532700811080296,33.15923821976288,33.3626708984375,840600
2016-09-29,33.37785390865008,33.98207464109291,33.013498615546496,33.7725715637207,2580900
2016-09-30,33.97294919896076,34.52858921772169,33.97294919896076,34.306941986083984,1372500
2016-10-03,34.38894031471111,34.537718684453985,34.0094037990303,34.076202392578125,3632100
2016-10-04,34.21889435283324,34.3251660671488,33.85757608375826,33.988136291503906,1019400
2016-10-05,34.09745022158953,34.47698318219366,34.015470462745185,34.237117767333984,3852600
2016-10-06,34.212831011924834,34.464840688211915,34.00029101427637,34.43751525878906,2603700
2016-10-07,34.49216650206818,34.49216650206818,34.076193862264695,34.385894775390625,1383900
2016-10-10,34.54682286720305,34.677383110964044,34.20068567972629,34.212833404541016,1210500
2016-10-11,34.17032587903864,34.17032587903864,33.201753237427305,33.496273040771484,1871400
2016-10-12,33.475017298844726,33.484124618199374,33.08637347771581,33.38393020629883,1567500
2016-10-13,33.08636916405033,33.08636916405033,32.45785649327707,32.98920822143555,2082000
2016-10-14,33.289788350476044,33.62681809199196,33.207812087389215,33.23817443847656,1365000
2016-10-17,33.20476876665628,33.38390938339244,33.04687970674212,33.06509780883789,701100
2016-10-18,33.47198137326922,33.58432351401818,33.38393120944569,33.44769287109375,891600
2016-10-19,33.156209721199026,33.35053163598921,32.99225017125107,33.308021545410156,1192200
2016-10-20,33.24728556339283,33.663258160347844,33.04385639789926,33.541805267333984,2059800
2016-10-21,33.27461710314043,33.49019402988069,33.1410199386958,33.45679473876953,1095900
2016-10-24,33.63289753715549,34.09137680652274,33.63289753715549,34.07012176513672,711000
2016-10-25,34.08834870134764,34.19158352938016,33.976006553077056,34.03976821899414,823500
2016-10-26,33.77864042103149,34.19157616952552,33.75131499144897,33.991180419921875,1119900
2016-10-27,34.3221471620711,34.40109001930111,33.78776180372524,33.83330535888672,1385700
2016-10-28,33.96992320585028,34.17335587345716,33.593427178785404,33.629859924316406,1798500
2016-10-31,33.74829200188775,33.97297634288216,33.74829200188775,33.81205368041992,913200
2016-11-01,33.8181157526154,34.08530662787854,33.144059489923805,33.511451721191406,1674000
2016-11-02,33.532693410739405,33.71790793740771,33.18048593926214,33.289791107177734,2461200
2016-11-03,33.304970389979935,33.52358418812755,33.11064855818136,33.23210144042969,1512600
2016-11-04,33.037790891815575,33.31409255793949,32.7918515879361,33.02260971069336,1259100
2016-11-07,33.63592361420198,33.972949863001816,33.502326496741375,33.951698303222656,4797900
2016-11-08,33.94259115402935,34.2401477703335,33.751306247011776,34.02153396606445,1226100
2016-11-09,33.25943859250278,33.96992760625651,33.095479054751976,33.86062240600586,3111000
2016-11-10,34.0579746263763,34.279621915060766,32.82220794545948,33.12887191772461,6669000
2016-11-11,33.50538163728066,34.45270274447678,33.50538163728066,34.398048400878906,2595300
2016-11-14,34.56807284065922,34.57110977141746,34.12781169894095,34.21889877319336,1340100
2016-11-15,34.35856093264163,34.95063371214764,34.276581197048706,34.85954666137695,1415100
2016-11-16,34.7988327276397,35.2907078186354,34.78972193489479,35.260345458984375,1212300
2016-11-17,35.39394185647481,35.8159849010536,35.181401868760744,35.6398811340332,1084500
2016-11-18,35.533605445976185,35.943504196262786,35.533605445976185,35.8979606628418,1064400
2016-11-21,36.00727620472024,36.19249079698865,35.88278981591271,36.13783645629883,1140300
2016-11-22,36.3291083687778,36.55682949428121,36.29571255979933,36.523433685302734,1418700
2016-11-23,36.53862262546643,36.6448908850644,36.34430074240209,36.56898498535156,1044000
2016-11-25,36.6357731361284,36.65095431174861,36.47484711495678,36.63273620605469,411900
2016-11-28,36.544685247857345,36.69042662918958,36.46270550368617,36.523433685302734,661500
2016-11-29,36.496108009230674,36.67221175954304,36.28356804168157,36.45663833618164,1172700
2016-11-30,36.438423583087236,36.532547590659036,36.23195745764761,36.247135162353516,591900
2016-12-01,36.21980856492775,36.21980856492775,34.27051599792535,34.47698211669922,3488400
2016-12-02,34.42838975380656,34.962774713189845,34.30997729374152,34.90205001831055,2997000
2016-12-05,35.20567997586381,35.43947143795145,34.974921968681606,35.32712936401367,1120500
2016-12-06,35.42733908646598,35.85545596785145,35.42733908646598,35.815982818603516,1454700
2016-12-07,35.79472215045617,36.64184498801134,35.676309670829085,36.553794860839844,1300500
2016-12-08,36.650957104324945,37.088181250047846,36.605413573994184,36.87260437011719,1262700
2016-12-09,37.170177772485694,37.24608369063286,36.490051016586555,36.74813461303711,1004400
2016-12-12,36.60239078603724,36.66615244808612,36.16820340285912,36.459686279296875,2093700
2016-12-13,36.587200986343404,37.124623064716985,36.53862051837883,36.8847541809082,1004100
2016-12-14,36.89993731683645,37.08818881190067,36.723833545469454,36.85136032104492,1989300
2016-12-15,37.003176217057614,37.64079626654003,36.93941455958434,37.47987365722656,2221200
2016-12-16,37.7015179426996,37.77742384432468,36.933337709155865,37.10033416748047,1474200
2016-12-19,37.197496050032306,37.61043180974073,37.1519525079081,37.46772384643555,1245600
2016-12-20,37.84422629616724,37.898880635773835,37.662052113644855,37.826011657714844,2156700
2016-12-21,37.90513869503771,37.996441801839005,37.76514524175224,37.826011657714844,787200
2016-12-22,38.24293916143108,38.25207121059763,37.86556123490837,38.008602142333984,869400
2016-12-23,37.97209545465769,38.22469666883391,37.908185017439365,38.203392028808594,480000
2016-12-27,38.279467433807625,38.732928439183276,38.261206814971814,38.675106048583984,1408500
2016-12-28,38.89726220486151,38.92769540212522,37.920341944700674,37.941646575927734,1738500
2016-12-29,37.76819092659374,37.93557357788086,37.53689435629519,37.93557357788086,1046700
2016-12-30,38.07251297038795,38.242939578603455,37.226457513585586,37.34819030761719,3403800
2017-01-03,37.47601113449289,37.88382226364013,37.02863824042792,37.34819030761719,2654100
2017-01-04,37.53383499567766,37.63426663510993,37.2781933555636,37.451663970947266,1354200
2017-01-05,37.47296729661449,37.67078657071469,37.06211563194398,37.132110595703125,942000
2017-01-06,37.223414743027945,37.53383825419722,36.989074230674916,37.42731857299805,875100
2017-01-09,37.558197532629656,37.975140881658575,37.53385235700368,37.82297134399414,883800
2017-01-10,37.85034800710508,38.09381359179478,37.79861017721601,38.005558013916016,690900
2017-01-11,38.04512193601738,38.142513051415584,37.85947872059147,38.13642501831055,1630200
2017-01-12,37.929475882030765,38.02686700306508,37.24471839805857,37.816871643066406,1354500
2017-01-13,37.87165374885692,38.15468809795312,37.82600394619152,38.063385009765625,849600
2017-01-17,37.923385488368076,37.94773065273316,37.32688368429377,37.451663970947266,1092600
2017-01-18,37.49732975267062,37.99035611124702,37.460808507696605,37.96296691894531,1156500
2017-01-19,37.905134309460045,38.21860188797147,37.768184889389076,37.79253005981445,2727600
2017-01-20,38.17597383235169,38.51378989793545,38.13032404812167,38.279449462890625,1929900
2017-01-23,38.136419493626974,38.21859051435877,37.74991303600434,38.04511642456055,1053900
2017-01-24,38.20641872209043,38.85465485300239,38.15468089569325,38.781612396240234,3734100
2017-01-25,39.30507750413285,39.448118422507704,38.99465398297796,39.356815338134766,2025600
2017-01-26,39.432902484800174,39.432902484800174,38.9642248786043,39.1346549987793,1262400
2017-01-27,39.33550751524983,39.63375842859117,39.33550751524983,39.621585845947266,977400
2017-01-30,39.442027705475816,39.442027705475816,38.93074091634693,39.42376708984375,1517400
2017-01-31,39.1985615711871,39.22290673861581,38.6720581434048,38.91248321533203,1455000
2017-02-01,39.33247287938158,39.54854931442111,39.1346535796173,39.53028869628906,1792200
2017-02-02,39.25943040105268,39.633764365562406,39.07073966895392,39.51203155517578,1416000
2017-02-03,39.73419918769859,39.788981046448676,39.58202967974197,39.715938568115234,869400
2017-02-06,39.79506011202243,39.88636319735318,39.5455029892605,39.855926513671875,923100
2017-02-07,40.08722540254818,40.15113582465088,39.7950624778339,40.002010345458984,594900
2017-02-08,40.12070408578978,40.23330833278647,39.86810640499791,40.07809829711914,771600
2017-02-09,40.0567993010731,40.18766418531261,39.67942125236909,39.72811508178711,1358100
2017-02-10,39.99591728762084,39.99896130380814,39.31724447495073,39.70375442504883,1551600
2017-02-13,39.8133159997651,40.05070051057015,39.72505694157221,39.785926818847656,929400
2017-02-14,39.8011455251172,39.8011455251172,39.42985562349936,39.676368713378906,608400
2017-02-15,39.788969998777546,40.02330700550848,39.58506270576046,39.983741760253906,703800
2017-02-16,40.02636000681015,40.11461908296014,39.79201946461862,40.047664642333984,930600
2017-02-17,39.84376053869698,40.26070381800879,39.70985164657181,40.254615783691406,996300
2017-02-21,40.39155891518427,40.838931809213676,40.39155891518427,40.82371520996094,2010900
2017-02-22,40.74458058850953,40.884573972063215,40.66849412359813,40.83283615112305,674700
2017-02-23,40.784142864362465,40.78718688025452,39.904613828624356,40.16938400268555,1778100
2017-02-24,39.52724716223671,40.148094286295766,39.381165690861465,40.14200973510742,1569600
2017-02-27,40.163312827576576,40.540687335314026,40.07505375159667,40.52547073364258,3659400
2017-02-28,40.59851635967845,40.59851635967845,39.92593136844454,40.00810241699219,1295400
2017-03-01,40.48894348069809,40.68675925601964,40.0993895138699,40.631980895996094,1316700
2017-03-02,40.72633278459302,40.826764442205544,40.17244014217557,40.21504592895508,1290300
2017-03-03,40.260699097636326,40.29113229994078,39.959404125680074,40.19374465942383,1290000
2017-03-06,40.08114053499515,40.28504438417413,39.74941235976411,40.21504592895508,1598400
2017-03-07,40.14504492837014,40.5680726472593,40.02330865421953,40.30329895019531,1624500
2017-03-08,40.46764249024631,40.73241619702983,40.315473012686155,40.39764404296875,1757100
2017-03-09,40.37330393026851,40.543730562239425,40.154179994469565,40.476776123046875,1020600
2017-03-10,40.71720473166568,41.02458425915302,40.71720473166568,40.939369201660156,2136300
2017-03-13,41.06414337550902,41.261962663637995,40.98501635682875,41.24674606323242,1147500
2017-03-14,41.137183695368364,41.16761689459014,40.78719493860515,41.12500762939453,1066800
2017-03-15,41.176758673666285,41.52674754273099,40.97893933239374,41.45066452026367,1108200
2017-03-16,41.58454989506019,41.59368194306816,41.32890827653043,41.40803527832031,932700
2017-03-17,41.55109709531753,41.55109709531753,41.36240978657222,41.4932746887207,1832100
2017-03-20,41.59976920181812,41.943669892545714,41.456731786079054,41.80063247680664,1138200
2017-03-21,41.90715898886118,41.98628600872403,40.74154787637738,40.820674896240234,1962600
2017-03-22,40.860235979941955,41.29848030261387,40.71719855543876,41.252830505371094,1676400
2017-03-23,41.246744589957,41.34108820567302,41.042840758662905,41.161529541015625,1530900
2017-03-24,41.684228514465815,41.97715597974689,41.302811016310514,41.46147918701172,1596000
2017-03-27,41.06480713102821,41.620149198420286,40.89393103707495,41.52250671386719,1449900
2017-03-28,41.60488817474677,41.815429540519155,41.4034992631513,41.653709411621094,851400
2017-03-29,41.67202334922965,41.67202334922965,41.42791713242173,41.55302047729492,1064400
2017-03-30,41.574380019498015,41.85815152654959,41.51030235713342,41.7666130065918,831000
2017-03-31,41.80932624106469,41.977150336728805,41.635401673175735,41.76966094970703,616500
2017-04-03,41.7879865139165,41.88867752070146,41.23569276242989,41.50421142578125,2164800
2017-04-04,41.2448263110459,41.5652145494659,41.177696681668394,41.29669952392578,1366800
2017-04-05,41.41570255325976,41.69642553051113,40.98241539747955,41.0098762512207,1259400
2017-04-06,40.98242083133155,41.16550136181099,40.65592855723198,41.07395935058594,1165500
2017-04-07,41.08921825986433,41.37604525645278,40.973267366601455,41.250938415527344,757200
2017-04-10,41.25398201365638,41.29365079485679,40.835951279936126,40.93359375,810300
2017-04-11,40.732216468740035,40.744420907987944,39.999897734297505,40.604061126708984,1602000
2017-04-12,40.4911472826075,40.54606898496581,39.810702030729345,39.90529251098633,1704600
2017-04-13,39.66729239800423,40.24094281543338,39.62457512439678,39.63983154296875,1309200
2017-04-17,39.795451253951725,40.15551184343095,39.795451253951725,40.134151458740234,1329900
2017-04-18,39.911399851496036,40.34469053339536,39.88393899559062,40.32027816772461,1325700
2017-04-19,40.649814471519875,40.90002458394359,40.46978596823314,40.53081512451172,1701600
2017-04-20,40.8298630093116,41.24484541256952,40.62847402791079,41.17161178588867,1669800
2017-04-21,41.03733418067078,41.080051445585894,40.65286482855611,40.99766540527344,1922400
2017-04-24,41.59877898913746,41.72083381198801,41.43705888053863,41.58657455444336,1482300
2017-04-25,41.78796588286536,42.074789320772936,41.68727143382225,42.010711669921875,1269900
2017-04-26,41.952751091768334,42.03208518466065,41.51030786927899,41.665924072265625,3504000
2017-04-27,41.964946553360306,42.309747204376706,41.88256049529497,42.25177001953125,1099200
2017-04-28,42.15107788737785,42.15107788737785,41.42181125311337,41.53165817260742,3133800
2017-05-01,41.632356196382894,41.955796509860235,41.42486677693965,41.9435920715332,2065500
2017-05-02,41.83374063453908,41.83374063453908,41.287551047604836,41.50114440917969,3398700
2017-05-03,41.28144480235861,41.705579483952455,41.26923687508335,41.64455032348633,1144800
2017-05-04,41.787964600146935,41.787964600146935,41.437060030189556,41.614036560058594,1219500
2017-05-05,41.7239059386109,41.77882766723633,41.388257632693005,41.77882766723633,902100
2017-05-08,41.7574517665802,41.83373385049704,41.53470249439109,41.614036560058594,801900
2017-05-09,41.67202115097436,42.14802562966184,41.614043963307296,42.02597427368164,1281000
2017-05-10,42.5446963583946,42.99629542107966,42.5324919220978,42.91695785522461,2503500
2017-05-11,42.88339364370778,43.2709115328337,42.53554104287083,43.072574615478516,2091000
2017-05-12,43.13055201764784,43.2464993932221,42.9474715166846,43.19462966918945,573300
2017-05-15,43.37771297036597,43.89033774902814,43.25260963101303,43.862876892089844,1123200
2017-05-16,44.06732026954774,44.50976348254926,43.862882822090505,44.491455078125,1067400
2017-05-17,43.96967410836467,44.05816414037637,42.535549637075164,42.572166442871094,3091200
2017-05-18,42.590473129587195,43.48756388361443,42.4623143144656,43.365509033203125,2103600
2017-05-19,43.77132512435008,43.997122878100235,43.731659838945234,43.84455871582031,2681100
2017-05-22,44.12834219008676,44.34193205863947,44.027647728301034,44.32362365722656,2000100
2017-05-23,44.36328992273489,44.36634190479214,43.80794791530846,44.146644592285156,760200
2017-05-24,44.44262413391722,44.5158577356363,44.22903078486367,44.4334716796875,1018800
2017-05-25,44.567728919538965,44.81793556605529,44.372440487863294,44.65926742553711,1013400
2017-05-26,44.6226694604354,44.885084145419455,44.36635874188228,44.86372375488281,789600
2017-05-30,44.86065513005559,45.27258537997744,44.80878191458839,45.16273498535156,1176900
2017-05-31,45.48617984055215,45.57772184536947,44.939993761685606,45.156639099121094,1605300
2017-06-01,45.33055549919253,45.33055549919253,44.94608613220374,45.20240020751953,1063200
2017-06-02,45.489237638013684,45.7180874413573,45.14748892427116,45.66316223144531,1297500
2017-06-05,45.647899303304825,46.01710879514109,45.62959090401136,45.77300262451172,986700
2017-06-06,45.6021430768955,46.236819350421555,45.53501341916075,45.92253494262695,1240800
2017-06-07,46.15138330360934,46.44736278798995,46.02932843200062,46.2642822265625,1262700
2017-06-08,46.639589224771086,47.1278016583716,46.23681134807258,47.109493255615234,1617600
2017-06-09,47.45428774572721,47.585495038374454,44.21682619438994,45.129173278808594,5103600
2017-06-12,44.5646801444643,45.03458412794846,43.57604744708603,44.86981201171875,5277300
2017-06-13,45.5533113185496,45.61738897852258,44.622655765831496,45.17494583129883,3216600
2017-06-14,45.36108830248233,45.36108830248233,44.204634694697006,44.70199966430664,2112300
2017-06-15,43.95440824253858,44.485341336574415,43.89643455579538,44.34803009033203,3531900
2017-06-16,44.463966888099684,44.68061213332811,44.03372837849951,44.17103958129883,1588800
2017-06-19,44.65926887323876,45.08340358365879,44.62265207286444,45.010169982910156,1455600
2017-06-20,45.24816973633722,45.30309492966765,44.49449090571262,44.50364685058594,1193100
2017-06-21,44.71114900090422,45.03153732376279,44.53112044520969,45.01933288574219,1386900
2017-06-22,45.0071227530106,45.11696966523888,44.70198739730817,44.91558074951172,1299900
2017-06-23,44.99186532883049,45.30310114982964,44.78132047147405,45.04983901977539,973200
2017-06-26,45.306155427349395,45.55026164245554,44.42432107053393,44.66232681274414,1882800
2017-06-27,44.503268646072065,44.503268646072065,43.45102206527004,43.46937561035156,1921500
2017-06-28,43.72019309983194,44.27078532873076,43.301131664574285,44.22184371948242,2285400
2017-06-29,44.044422635223604,44.044422635223604,42.530292536954015,43.12065124511719,2949300
2017-06-30,43.25525171027986,43.48160624504001,42.69854039480792,42.8851318359375,1492800
2017-07-03,43.23077879556254,43.28889542744515,42.28253463957992,42.297828674316406,1771800
2017-07-05,42.43548527801216,43.230789279499824,42.43548527801216,43.16349411010742,1918200
2017-07-06,42.76276722107807,43.34395097471407,42.560885286092734,42.97383117675781,2063100
2017-07-07,43.181835405965955,43.87313694944219,43.181835405965955,43.69878005981445,3374400
2017-07-10,43.86702273787362,44.316672290645904,43.591726593236245,44.203495025634766,978300
2017-07-11,44.08725980611348,44.5889139990219,44.0597312408543,44.570560455322266,965400
2017-07-12,45.017150676525134,45.38115501496478,44.85808780979218,45.28327178955078,1678200
2017-07-13,45.332202312827924,45.625851917235636,45.00796114495409,45.14255142211914,1532700
2017-07-14,45.390321832829095,45.77267964450607,45.283263605884144,45.748207092285156,1234500
2017-07-17,45.90421387240274,45.91950790597247,45.4086787833517,45.561622619628906,693300
2017-07-18,45.28938938751539,45.71151037896695,45.12115149216136,45.702335357666016,1017000
2017-07-19,45.96539132965854,46.136688711265684,45.80938798206131,46.12445068359375,1410600
2017-07-20,46.14280026896315,46.32021314861768,45.76044595091209,46.259037017822266,1527000
2017-07-21,45.95622389654759,45.95622389654759,45.63810163557732,45.86445617675781,984000
2017-07-24,45.93174428425544,45.93174428425544,45.63503512023023,45.726802825927734,1212600
2017-07-25,45.631970175379315,45.79714852537072,45.21596829439176,45.68703079223633,1203600
2017-07-26,46.09386265978114,46.38751231374932,45.92868429185154,46.18868637084961,2004600
2017-07-27,46.32633135495046,46.38750748468023,44.94372841934812,45.485145568847656,2827800
2017-07-28,45.27716631622333,45.49740538956156,45.087515322402375,45.310813903808594,1205700
2017-07-31,45.31691162732524,45.552444647948626,44.833614559771206,44.95902633666992,1517400
2017-08-01,45.09362327215743,45.240448118157005,44.8733877534483,45.237388610839844,1002000
2017-08-02,45.49739815010138,45.59528138921419,44.59809195259906,44.91009521484375,1741200
2017-08-03,44.88255379515758,45.02631910507684,44.52160901671703,44.74184799194336,1347300
2017-08-04,44.77244647366673,45.12115330641003,44.62867762972143,44.76021194458008,1283700
2017-08-07,44.876438411734775,45.552445924460706,44.876438411734775,45.531036376953125,949200
2017-08-08,45.57081449937797,45.931759426090295,45.252692182387996,45.39951705932617,818700
2017-08-09,45.041610398553196,45.28937791789598,44.839728475835756,45.24655532836914,706500
2017-08-10,44.959045626865326,44.9743396671814,43.946565455499076,43.983272552490234,1627500
2017-08-11,43.77831287437771,44.307492051001795,43.674310642852056,44.231021881103516,1044300
2017-08-14,44.76632297235326,45.4086829428629,44.76020745871311,45.35668182373047,1610100
2017-08-15,45.55549730931262,45.5616163221267,45.14867047166132,45.4698486328125,531300
2017-08-16,45.56469492418084,45.73599236213009,45.326105814802766,45.54328536987305,777900
2017-08-17,45.32609281643467,45.44538908720315,44.36867014440018,44.39314270019531,1209000
2017-08-18,44.65620804984816,44.790798366582,44.24020257101096,44.46044158935547,1026900
2017-08-21,44.52467742134796,44.59808809404081,43.85478884284109,44.13008499145508,945900
2017-08-22,44.51855008118576,44.946790010312576,44.46043345536331,44.85808181762695,1046700
2017-08-23,44.43596899741866,45.17621223830653,44.39008688963471,45.0477409362793,1983900
2017-08-24,45.234324803587846,45.29856394940032,44.80302882853921,45.053855895996094,1294200
2017-08-25,45.222095280007984,45.30162846917253,44.76632669889686,44.8366813659668,684900
2017-08-28,44.900909230630525,44.98349841225504,44.72655584745873,44.97126388549805,552600
2017-08-29,44.40538492317147,45.15786276042769,44.390090885866634,45.0416259765625,1068900
2017-08-30,45.283271197535775,45.88280507021341,45.12420833288235,45.81245040893555,1998900
2017-08-31,45.968458029297274,46.326343381940106,45.898103361495174,46.265167236328125,1072200
2017-09-01,46.34774825285268,46.708693049186195,46.34774825285268,46.467041015625,1591200
2017-09-05,46.30187669382361,46.3599933350135,45.43927759398941,45.830810546875,2806500
2017-09-06,46.087745180764436,46.115277243389585,45.68703727527964,45.90421676635742,1044000
2017-09-07,45.99293204164087,46.16422946850312,45.784931023806074,45.98375701904297,873300
2017-09-08,45.95316242121764,45.98681000026953,45.27409532617609,45.44233322143555,1454100
2017-09-11,45.79409097288527,46.41504131543408,45.79409097288527,46.307979583740234,1305300
2017-09-12,46.36611035308834,46.65058153284017,46.259048596818275,46.5159912109375,742200
2017-09-13,46.49459171743714,46.71482729129854,46.26211811124241,46.60776901245117,772800
2017-09-14,46.41198809726543,47.06658260067997,46.40586908299791,46.79128646850586,1656900
2017-09-15,47.01151628162029,47.65999519282644,46.916692575436976,47.607994079589844,1424100
2017-09-18,47.88635906789316,48.525659584071924,47.88635906789316,48.23200988769531,1476900
2017-09-19,48.34518563774307,48.571540167352005,48.08518352936142,48.38494873046875,1382700
2017-09-20,48.44001027803908,48.44001027803908,47.072701052078344,47.71812057495117,2274900
2017-09-21,47.62941305442887,47.684473685328506,47.10023379875679,47.513179779052734,864300
2017-09-22,47.387754171004076,47.81599409439364,47.3785791514739,47.754817962646484,742200
2017-09-25,47.5835207487085,47.5835207487085,46.61386365479342,46.834102630615234,1795500
2017-09-26,47.31869408337896,47.31869408337896,46.62513193266357,46.760162353515625,1474200
2017-09-27,47.32481514504787,48.08589227380766,47.263438976865146,47.892555236816406,1166400
2017-09-28,47.84345383633055,48.273094039785335,47.72069798733227,48.2454719543457,819900
2017-09-29,48.43881665548637,48.727287481713546,48.19330844847608,48.662841796875,918600
2017-10-02,48.880735607659034,49.1814809919454,48.619883334908046,48.98814392089844,1240500
2017-10-03,49.04644111249195,49.239778132341,48.8837921740133,49.12316131591797,536100
2017-10-04,49.061789923793164,49.23671340942383,48.77638512005521,49.23671340942383,873900
2017-10-05,49.44540063337688,49.45153614335857,48.99427734049885,49.27968215942383,538200
2017-10-06,49.10169265568385,49.48837032082038,49.09862665626819,49.473026275634766,742800
2017-10-09,49.66634713185728,49.893441736059934,49.61110648001379,49.85047912597656,835200
2017-10-10,50.29854141000104,50.29854141000104,49.629531966234715,50.129756927490234,756300
2017-10-11,50.09906540435988,50.485739497665016,50.03155021117461,50.47346496582031,859200
2017-10-12,50.45505445459706,50.64532200175546,50.27399192887071,50.31388854980469,584400
2017-10-13,50.55018346907746,50.81410521095095,50.41822259814071,50.636112213134766,531900
2017-10-16,50.78954780454531,50.88468155353977,50.5348311250813,50.87547302246094,543300
2017-10-17,50.900046182460926,50.900046182460926,50.58702272764814,50.8325309753418,558900
2017-10-18,51.01972331566268,51.09644353167142,50.33536634556984,51.00437927246094,712200
2017-10-19,50.61155132394367,50.881612043180155,50.092916457987975,50.87547302246094,1063800
2017-10-20,51.27443335784755,51.38798067530408,51.05961325432882,51.13633346557617,1083600
2017-10-23,51.38491571836503,51.6611155273856,51.14247701971671,51.38798522949219,898500
2017-10-24,51.53221238009221,51.79613410227945,51.33887535440413,51.74703598022461,643500
2017-10-25,51.461634047786056,51.599730425777324,50.54711298932385,51.06882095336914,1568100
2017-10-26,51.15782867226122,51.47699114845305,51.090313465527814,51.36957931518555,1145100
2017-10-27,51.713283062572465,52.514256887849996,51.48925791911924,52.44367218017578,1058400
2017-10-30,52.27795857236828,52.80580214950808,52.27795857236828,52.58484649658203,1579200
2017-10-31,52.71679378436355,53.15871202964849,52.57255838409647,53.00526809692383,1031400
2017-11-01,53.43491271560096,53.471739824423004,52.34853758953541,52.81193542480469,1516500
2017-11-02,52.91320526927328,53.210884630038464,52.505048092892345,53.07278823852539,4100100
2017-11-03,53.330564870089674,54.01491826313224,52.89171965697444,54.0118522644043,2683800
2017-11-06,54.53663179367287,54.80055355307821,54.14688466467399,54.7760009765625,3057600
2017-11-07,54.71461603368754,54.85578191194112,54.35249105031331,54.726890563964844,1299300
2017-11-08,54.67472649285178,54.94785677701477,54.459906381094065,54.90182113647461,1204500
2017-11-09,54.42615000679562,54.42615000679562,53.14336490013475,53.80316925048828,3302400
2017-11-10,53.99038023769691,54.192925844550466,53.836936276866034,54.1591682434082,1166400
2017-11-13,53.9504754786928,54.377046183694574,53.873755265859245,54.315670013427734,1308900
2017-11-14,54.21439608178769,54.420011164681526,53.86761510785233,54.26656723022461,801900
2017-11-15,53.8829677950949,54.00572014473308,53.34284621820213,53.77862548828125,1175700
2017-11-16,54.002648506602874,54.80362230695559,54.002648506602874,54.579593658447266,1093500
2017-11-17,54.90181511585776,54.90795413713024,54.24814983137428,54.34021759033203,1887300
2017-11-20,54.6471052436202,55.07674544610827,54.505939354014636,54.98774719238281,1792800
2017-11-21,55.34988339171201,55.687459409906026,55.24247507539462,55.61687469482422,3603000
2017-11-22,55.813267909182635,55.81633741989014,55.196429713961464,55.2792854309082,1203900
2017-11-24,55.515595048061755,55.8132744048667,55.43887483157516,55.77644729614258,556800
2017-11-27,55.438861403542774,55.438861403542774,54.98466870068504,55.07673645019531,1692900
2017-11-28,55.2946398521891,55.2946398521891,54.76372681868135,55.10129928588867,1971300
2017-11-29,55.039923070207806,55.055267113613404,52.139853210205615,52.67383575439453,5576700
2017-11-30,53.25384847641012,53.5054956958731,52.627801694739695,52.95616912841797,4293300
2017-12-01,52.455948224760874,52.695320930718765,51.099515768430216,52.38229751586914,4877700
2017-12-04,53.0052675101386,53.069713188523785,50.8048988886347,51.12405776977539,4886400
2017-12-05,50.866272558699016,52.096882921190925,50.49494254852025,51.1639518737793,5340300
2017-12-06,50.660660632026215,51.42173419859888,50.445837033493106,51.32966995239258,2170500
2017-12-07,51.70715409945708,51.989489453876466,51.49540346164926,51.82990646362305,2917500
2017-12-08,52.42217344816547,52.44672601776853,51.516864611538466,51.562896728515625,1965900
2017-12-11,51.64576532686788,52.00789033211958,51.501526417298614,51.872859954833984,5248200
2017-12-12,51.76238349117057,51.76238349117057,51.295919660498775,51.36650085449219,1307700
2017-12-13,51.54448987505115,51.811481105036925,51.32660027862449,51.3572883605957,980100
2017-12-14,51.39106258412289,51.6457793661557,51.179311940374994,51.30513381958008,889200
2017-12-15,51.57212419846234,52.244203232582265,51.28978884125525,52.10917282104492,3382500
2017-12-18,52.74747737895677,53.25384126024169,52.47742015429729,53.226219177246094,3488700
2017-12-19,53.219163019212246,53.36673767865564,52.89634103274036,53.16997146606445,2278500
2017-12-20,53.72951468886461,53.79407836908834,53.099246505440256,53.557342529296875,1342200
2017-12-21,53.73258641205654,53.73258641205654,52.914773983664034,52.99163818359375,1750500
2017-12-22,52.80717796407266,52.988572017804835,52.604261508503996,52.960899353027344,877800
2017-12-26,52.293741800907114,52.48128612374971,51.99244223911317,52.43209457397461,680100
2017-12-27,52.43516293496955,52.86866497980112,52.36752763687367,52.6011848449707,794100
2017-12-28,52.76720367744419,52.880958902705736,52.65652358338424,52.748756408691406,789000
2017-12-29,52.83483843185325,52.83483843185325,52.20457028529437,52.207645416259766,760200
2018-01-02,52.49050405017978,53.64650714213589,52.42594036586184,53.62498474121094,2860200
2018-01-03,53.917065301093324,54.57807431802526,53.79408467007478,54.56270217895508,1326900
2018-01-04,54.965455663549236,55.05461335949054,54.43049541407414,54.870147705078125,1335000
2018-01-05,55.11610371130123,55.41125297130868,54.79635692039813,55.18374252319336,1170600
2018-01-08,55.220633428728554,55.789413066308384,55.0484647866386,55.61724090576172,1622700
2018-01-09,55.76481661330432,55.76481661330432,55.0084961816591,55.06998825073242,1464600
2018-01-10,54.445864711731595,54.67030354242293,53.972396556882956,54.408973693847656,2030400
2018-01-11,54.5842135340856,54.762532422285126,54.35977823800874,54.73486328125,1047300
2018-01-12,54.79328960677935,55.14685585407304,54.59037666060937,55.030025482177734,1101900
2018-01-16,55.497342051939995,55.860130166452144,54.88859619186512,55.21141815185547,1462500
2018-01-17,55.72793197789388,56.890085494408595,55.66951854811998,56.81322479248047,1136700
2018-01-18,56.79476684507675,57.34817083185523,56.72712803271056,57.06839370727539,3163800
2018-01-19,57.32665360136992,57.41581482165362,56.78862170357104,57.12681579589844,1188600
2018-01-22,57.234414768467225,57.56645856305229,56.96078791027745,57.55108642578125,1247700
2018-01-23,57.82471232855851,58.018403366047295,57.61257402295795,58.01225662231445,1467000
2018-01-24,57.41274132339322,57.609507521451235,56.28133568455965,56.6840934753418,3006000
2018-01-25,57.3020624467459,57.446561966836114,55.700260162353516,55.700260162353516,2254800
2018-01-26,56.453508719759256,57.48960640676835,56.42583605380009,57.48038101196289,1667700
2018-01-29,57.27130952557246,57.80011949402598,56.71790202631667,57.397361755371094,1626000
2018-01-30,56.57032947959396,56.89929815641019,56.18294738246389,56.25673294067383,1948500
2018-01-31,56.917756714164014,57.12067319678555,56.401247148883776,56.71484375,1163700
2018-02-01,56.26289022038916,57.26824364539342,56.17680412636011,56.435062408447266,1255500
2018-02-02,55.97081618851005,56.01385747640593,54.88859854321626,54.9162712097168,3241800
2018-02-05,54.10152293208043,55.31593933048448,52.17690255508624,52.33062744140625,3915600
2018-02-06,51.52820783460195,54.289085336698676,51.40830231289646,54.22452163696289,4045500
2018-02-07,53.87094604798318,54.353639665199715,53.05313698002506,53.06235885620117,3262200
2018-02-08,53.31139510309483,53.45896976043761,50.79032540131274,50.833370208740234,4162200
2018-02-09,51.98937526035229,52.665756491209976,50.16928423797265,52.29682159423828,5947800
2018-02-12,52.99164836484473,53.64958577634292,52.49972935353448,53.30216979980469,2956200
2018-02-13,52.96705378593312,53.35136432548977,52.79180998134544,53.24068069458008,1481700
2018-02-14,52.825638567348754,54.57194072690504,52.72110518171024,54.488929748535156,1199100
2018-02-15,55.00235662489144,55.14685967280594,53.85865387960316,55.13763427734375,1732500
2018-02-16,54.86399243657101,55.62953468421094,54.86399243657101,54.940853118896484,929700
2018-02-20,54.76869660472881,56.4166153312866,54.71335479013583,55.91239929199219,2507400
2018-02-21,56.21983607884578,56.26287735679097,55.232926632492614,55.26982116699219,1435500
2018-02-22,55.589570651498576,55.72177314120149,54.9654527392864,55.146846771240234,1460700
2018-02-23,55.73406477358946,56.32743835449219,55.55574588992942,56.32743835449219,1424700
2018-02-26,56.66256871099251,57.554166828198994,56.65641844813813,57.541866302490234,1090500
2018-02-27,57.56647081025636,58.328941647558615,57.35125732421875,57.35125732421875,1369200
2018-02-28,57.75400176546141,57.867756986494065,56.78553954345525,56.84088134765625,1266600
2018-03-01,57.0407278017692,57.077618822780515,55.291351011418406,55.943138122558594,2850300
2018-03-02,55.30980294429201,56.99768780501471,55.18067556372338,56.893157958984375,1392600
2018-03-05,56.588769948255404,57.68020920000035,56.33359037877192,57.403507232666016,1251000
2018-03-06,57.95076504940777,58.42730830897553,57.64639041913564,58.267433166503906,1779000
2018-03-07,57.66176779043244,58.528771832863214,57.66176779043244,58.45498275756836,1167300
2018-03-08,58.7993258840696,58.83314529183697,58.18442980004468,58.50725173950195,1147200
2018-03-09,58.97765609259541,59.746273705973124,58.83930330369693,59.7216796875,1586400
2018-03-12,60.161327540621905,60.662461415764504,59.97070456029841,60.355018615722656,1860300
2018-03-13,60.16132339839889,60.66245723903746,59.165191906253774,59.42344665527344,4230000
2018-03-14,59.75240865852778,59.75240865852778,58.873111150421956,59.41728973388672,1641000
2018-03-15,59.57409472820725,59.7585674380658,59.063735477579684,59.371185302734375,1073100
2018-03-16,59.454181349693975,59.700142570060486,59.282009199128716,59.34657287597656,1035000
2018-03-19,58.81162861209533,59.08833064536397,57.39122038460384,58.21518325805664,2781600
2018-03-20,58.33815386837171,58.833144452481655,58.26129317838648,58.64252853393555,760800
2018-03-21,58.57489305310894,59.509528948202544,58.501103971757985,58.753211975097656,1380300
2018-03-22,57.8459972454388,58.446696445957784,57.15596152029527,57.20524978637695,1752000
2018-03-23,57.103587667458356,57.205245369410356,55.279918437871565,55.301483154296875,3847500
2018-03-26,56.59838021413247,57.624193712910774,55.87753982055835,57.60879135131836,2399700
2018-03-27,58.05240039211512,58.21566758150926,55.018088561171176,55.48940658569336,3221700
2018-03-28,55.10741875562461,55.612622631119926,54.04771921029898,54.28799819946289,2980200
2018-03-29,54.654575256750924,55.99152073866923,54.2571879675693,55.464752197265625,2504100
2018-04-02,54.98111624414541,55.38774711524194,52.81859119684845,53.345359802246094,2379600
2018-04-03,54.0107522277227,54.503634918238824,53.42545535475046,54.355770111083984,1673400
2018-04-04,52.79085617892564,55.19982205265943,52.775453818248906,55.05503845214844,2024700
2018-04-05,55.40006750001386,55.47092048871793,54.13705604155603,54.49131393432617,1725000
2018-04-06,53.74581844372995,54.33419639712472,52.60602608857881,52.84322738647461,1179900
2018-04-09,53.465504937502565,54.713117666018945,53.14513292230977,53.17593765258789,1113000
2018-04-10,54.39581940667267,55.19675291265171,54.05080151674899,54.876380920410156,1904100
2018-04-11,54.57139966046046,55.381576579737356,54.472823135125424,54.89793395996094,1226400
2018-04-12,55.33537329462874,56.08394081832247,55.286085028576366,55.9329948425293,1911300
2018-04-13,56.58605312486477,56.68462963891909,55.31996080214371,55.52019500732422,1289400
2018-04-16,55.849813351229336,55.91758514883821,55.15669653972883,55.6187744140625,849300
2018-04-17,56.05928983511273,56.80477611351598,55.94531095054637,56.67231369018555,1097700
2018-04-18,56.30881798222495,56.435118063542,55.6157010730645,56.11474609375,1453500
2018-04-19,55.03656459577305,55.09817404931772,53.49938475728369,53.68729782104492,5532900
2018-04-20,53.67497512164579,53.94914000248742,52.818587524802176,53.05270767211914,3552000
2018-04-23,53.25294720827068,53.37308847153442,52.21481233049874,52.34727478027344,2047200
2018-04-24,52.80318870090477,53.2868313909059,51.46624305990892,51.92524337768555,3480900
2018-04-25,52.15627952963839,52.233291345375534,51.04112940073979,51.86054992675781,4432800
2018-04-26,52.679967142959526,52.97261556933311,52.34727045701379,52.92024612426758,4609200
2018-04-27,53.591802686410304,53.64724978468167,52.288742996407954,52.55058670043945,3309000
2018-04-30,52.46124188571603,52.85862914564238,51.74964152550778,51.97452163696289,1802100
2018-05-01,51.845121123847086,52.88633662914402,51.78351169848736,52.82780838012695,3127800
2018-05-02,52.88020144966459,53.046549792824926,52.37191288702191,52.593711853027344,1543200
2018-05-03,52.18091806902562,53.138959793024185,51.78353078332607,52.907920837402344,2396700
2018-05-04,52.62143608090869,54.24487127384726,52.38115709622875,54.149375915527344,1977900
2018-05-07,54.59296456970682,54.92874240266559,54.39581151834103,54.673057556152344,1185000
2018-05-08,54.63915916533619,55.07351342469032,54.42660380075566,54.996498107910156,1206300
2018-05-09,55.19982683967924,55.8744601668735,55.076607943579674,55.834415435791016,1043700
2018-05-10,56.1486258264225,56.87562503388755,56.114739926567715,56.850982666015625,1242900
2018-05-11,56.52753733458268,56.9618882124494,56.33346544072468,56.43511962890625,1857900
2018-05-14,57.14055466017029,57.812106792006084,57.02349459676778,57.12514877319336,1653900
2018-05-15,56.74932632059468,56.909515817082685,56.09933890393765,56.50596618652344,1263900
2018-05-16,56.952643968226994,57.35619008930936,56.47208251058044,57.23297119140625,1221300
2018-05-17,57.10050959023459,57.53178278990853,56.63843166563747,57.06662368774414,1301400
2018-05-18,56.55834837381464,56.63844137742337,56.050063274677186,56.25029754638672,2072700
2018-05-21,57.078943106101555,57.37467268666119,56.31497678567651,56.81401824951172,1473300
2018-05-22,57.29766165597354,57.565667693680126,56.93724144510076,57.13131332397461,1496400
2018-05-23,56.687727753456166,57.457856558937,56.45052640328944,57.43937301635742,1039200
2018-05-24,57.47941182723303,57.793624948664075,56.955724466639516,57.67040252685547,1136100
2018-05-25,57.667322360472745,58.21873324364766,57.57490466680199,58.13555908203125,1400700
2018-05-29,57.88912868260967,58.27111366255248,57.383924788387056,57.784393310546875,1538400
2018-05-30,58.09860782658572,58.59456819852886,57.87372766220281,58.16021728515625,2143500
2018-05-31,58.06470843419274,58.329633274969524,57.645756457386014,57.7381706237793,1606500
2018-06-01,58.25570636547732,59.05356216430664,58.04930976600993,59.05356216430664,1060500
2018-06-04,59.21066930925093,59.58957661951117,58.98579268562905,59.52180480957031,1170900
2018-06-05,59.67890621952813,59.96539228116589,59.45402960873185,59.805206298828125,641400
2018-06-06,59.87605824918743,60.184112548828125,59.55568629004083,60.184112548828125,1268100
2018-06-07,60.2426267654701,60.31039855456381,59.21989462612234,59.64808654785156,2082900
2018-06-08,58.96730473053643,59.22914489194769,58.640770416444404,59.115169525146484,2429700
2018-06-11,59.025847820269654,59.3000127607545,58.8071299883235,59.00120544433594,1277700
2018-06-12,59.15213254466061,59.34620441325652,58.776306466122264,59.306156158447266,932400
2018-06-13,59.343123647136046,59.845249797533945,59.152132954567264,59.21682357788086,9156900
2018-06-14,59.55877303758433,59.85757678172819,59.21375162566013,59.57109069824219,1635600
2018-06-15,59.18603722631813,59.58958697832191,58.97655940449525,59.518733978271484,1122600
2018-06-18,59.139823108903116,59.139823108903116,58.400498995663256,58.94575119018555,1675800
2018-06-19,58.06471151928969,58.34195755857466,57.411639389138216,58.298828125,2631000
2018-06-20,58.631520590375395,58.877961888273,58.311148665795706,58.57915115356445,2007300
2018-06-21,58.973462668251834,58.998108563001445,57.765901959889376,57.85215377807617,1245900
2018-06-22,58.13247806886858,58.16944514644129,57.28225643694353,57.39315414428711,1116300
2018-06-25,56.77705292608755,56.77705292608755,54.99035078853814,55.70503234863281,5441100
2018-06-26,55.887407196323146,56.18106243142114,55.62466266623511,55.902862548828125,11004000
2018-06-27,56.19961357129794,56.32943995660314,54.5396824163159,54.5675048828125,2364000
2018-06-28,54.4036887498265,55.10537045790735,54.332591984083216,54.981727600097656,4067700
2018-06-29,55.485559900750225,55.76685155599424,55.0960807800293,55.0960807800293,1278000
2018-07-02,54.62004384415005,55.45464338864713,54.199650525530934,55.44227981567383,2097300
2018-07-03,55.677216993898476,55.75758554122978,54.37894604853628,54.431495666503906,1141500
2018-07-05,54.91679959540394,55.89668454454436,54.91679959540394,55.88740921020508,1341000
2018-07-06,55.884317434413234,56.666371034390906,55.58447863249484,56.573638916015625,2263200
2018-07-09,57.14240206495156,57.15785741795697,56.27070812793474,56.935298919677734,1360200
2018-07-10,57.0403929148474,57.65861762917317,56.95384435559462,57.538063049316406,1403400
2018-07-11,56.61071720681501,56.947650197080556,56.01413151212628,56.06050109863281,1998600
2018-07-12,55.91523641328747,56.51491410584752,55.56593972238921,56.43763732910156,2267400
2018-07-13,56.59836020033025,56.59836020033025,56.15014793295986,56.23360824584961,802200
2018-07-16,56.31398304798212,56.53345330815398,56.10997167849467,56.15633773803711,612600
2018-07-17,55.77921195337776,56.9816551906654,55.68956809134216,56.96310806274414,4140600
2018-07-18,57.219685457088254,57.50097714197935,57.031125895236706,57.402061462402344,923400
2018-07-19,57.29077349819674,57.50715196992724,56.901294371583894,57.27531814575195,871500
2018-07-20,57.21659955583123,57.324787043823186,56.715837549972896,57.00640106201172,871800
2018-07-23,56.71273223837468,57.17949164341192,55.97704829807046,57.08366775512695,1001100
2018-07-24,57.439145865344216,57.71734927884147,56.38198421406539,56.46235275268555,1884000
2018-07-25,56.43762654151025,56.72509821855979,55.71430614441345,56.67564392089844,10230000
2018-07-26,57.05275697366214,57.81935161639731,57.05275697366214,57.78226089477539,7296300
2018-07-27,57.822442795704426,58.34175180557159,57.102214215579394,57.52569580078125,5193300
2018-07-30,57.50096415995184,57.65860944102813,56.681816441360425,56.96310806274414,2500200
2018-07-31,57.343332256998366,58.140841305353845,57.23823301360913,57.340240478515625,2271000
2018-08-01,57.395876621293574,57.85645252292192,57.00948570893579,57.25677490234375,3727800
2018-08-02,56.74056169872395,57.89354735318424,56.53654678560086,57.819358825683594,2253300
2018-08-03,57.85645056762331,57.99246050377705,57.58443423281937,57.939910888671875,1344300
2018-08-06,57.82863535752053,58.2984866080748,57.51643296241688,58.28921127319336,777900
2018-08-07,58.570504086136545,58.789974361666765,58.34485379140368,58.75288009643555,9879900
2018-08-08,58.76215089537792,59.0094365444867,58.53031706183488,58.888885498046875,1116600
2018-08-09,58.62614044705801,58.70960076790575,58.29539094175466,58.30775451660156,2218800
2018-08-10,57.09911275460488,57.349493652392276,56.59217094195674,56.8610954284668,3248100
2018-08-13,56.9631233963416,57.43915468278443,56.876571288578205,56.944576263427734,1687500
2018-08-14,57.278408666684356,57.36805253889952,56.78383032429843,56.830196380615234,1609500
2018-08-15,56.341800447171664,56.57672250189537,55.46392302293099,56.041961669921875,3067800
2018-08-16,56.412895895803985,56.49017619533819,55.81940187339935,55.97086715698242,1419900
2018-08-17,55.47319362921658,55.7019356608198,54.72514259106572,55.55356216430664,2195400
2018-08-20,55.63084274187378,55.8317658493718,54.87969992211238,55.50410461425781,957300
2018-08-21,55.68030614377077,56.73437968608583,55.6679425680188,56.58600616455078,2549100
2018-08-22,56.468538045872954,56.926022143249,56.12233319481746,56.851837158203125,1440300
2018-08-23,56.82402355190304,57.33714908923928,56.82402355190304,56.91675567626953,1847700
2018-08-24,57.17021798831301,57.77298376155569,57.16094265506903,57.74207305908203,1685100
2018-08-27,58.21194005257436,59.09599770367692,58.0852018929727,58.660152435302734,17873700
2018-08-28,58.97234387540118,59.139264513049355,58.3170248993556,58.88579177856445,1616100
2018-08-29,58.88579860136424,59.22273169371197,58.67869543806607,59.04035568237305,4280400
2018-08-30,58.90433541057359,59.12689388921689,58.43139245282591,58.51176452636719,1811400
2018-08-31,58.42830789870585,58.91979447942869,58.42830789870585,58.83015060424805,1099800
2018-09-04,58.61687082130376,59.327827738039396,58.490136207397846,59.3031005859375,1289700
2018-09-05,59.24745502310641,59.40819211298256,58.51795102481732,59.015621185302734,1579500
2018-09-06,58.79306814028644,58.84252598310944,57.389697870491716,57.45152282714844,1494000
2018-09-07,57.34332353836927,58.04500857209771,57.07748722933589,57.213497161865234,8400900
2018-09-10,57.62152746902012,57.83481771683264,57.28459792954849,57.819358825683594,951000
2018-09-11,57.58751102590802,57.66479131290791,56.95383460502651,57.25985336303711,1734900
2018-09-12,56.52109663774172,56.623104103698495,55.361927320058356,56.59837341308594,2111400
2018-09-13,57.222772282807455,57.96154803742627,57.03730451527661,57.244407653808594,2159700
2018-09-14,57.57515725303092,58.11610166658706,57.4082366157044,57.887359619140625,1979100
2018-09-17,57.67407957533895,57.825544877602844,57.00948872739731,57.08058547973633,1527600
2018-09-18,57.312429690153316,57.92137925012534,57.312429690153316,57.57208251953125,1312800
2018-09-19,57.59371910705782,57.93683226594231,57.42061486946486,57.66172409057617,1104900
2018-09-20,58.11610103660285,58.58286046045606,58.03264425634771,58.36030197143555,1450200
2018-09-21,58.415931008558815,58.632309446479645,58.05117908784967,58.20264434814453,1707600
2018-09-24,57.732808889621836,58.4313986403145,57.61225430404725,58.40357971191406,833400
2018-09-25,58.261389322010615,58.261389322010615,57.31859862900693,57.47315216064453,1470300
2018-09-26,57.20521724678833,57.54984469060919,56.81712097379728,56.879215240478516,1049700
2018-09-27,57.06239387742806,57.3200907587899,56.89473652163035,57.093441009521484,1055700
2018-09-28,57.02825133997156,57.65541559903232,56.85748853034236,57.45360565185547,2376600
2018-10-01,57.748548611350785,58.124223184770834,57.51569156049857,57.65230178833008,1025100
2018-10-02,57.500167993982856,58.44711976390745,57.500167993982856,57.65230178833008,2016900
2018-10-03,57.90379025661742,58.10870205383679,57.18969550761432,57.70508575439453,1986300
2018-10-04,57.30766768008322,57.403914491905425,56.193058678982624,56.68360900878906,1919100
2018-10-05,56.69912474655041,56.755011703659534,54.82695609734114,55.34234619140625,2436900
2018-10-08,54.892163720666964,55.38892490097397,54.25258148032406,54.72450637817383,2152200
2018-10-09,54.42335046564787,54.93874069325228,54.32399821823296,54.662418365478516,1609800
2018-10-10,53.95141754137317,53.98557009344505,52.20654262157334,52.2500114440918,6056400
2018-10-11,52.15376328216125,53.290106712691546,51.32479283324637,51.72841262817383,4370400
2018-10-12,53.12554877677861,53.42360545380447,51.90227138917525,52.66914749145508,4856100
2018-10-15,52.44250993596582,52.821289914321824,52.048206391872405,52.23759460449219,3884100
2018-10-16,52.81818291551559,54.01351512682335,52.75919052894786,53.93899917602539,1955100
2018-10-17,54.333304967259316,54.43886805095802,53.35220074355331,53.72477340698242,2425500
2018-10-18,53.50433089580688,53.50743631919631,52.18481020458082,52.380409240722656,4058700
2018-10-19,52.70331177506202,53.00447394240075,51.37447457252134,51.594913482666016,3382800
2018-10-22,51.865031317803854,52.215869627988084,51.43036432194523,51.91160202026367,3923700
2018-10-23,50.5548157130437,51.92711806693442,49.9928512814463,51.6414794921875,4304700
2018-10-24,50.77836199766238,50.77836199766238,48.16725824563369,48.25419235229492,9218700
2018-10-25,48.53051413322204,49.7072211009604,48.456001723444636,49.33154296875,9226500
2018-10-26,48.25729091302303,49.328431091112506,47.68601378263117,48.4746208190918,3910200
2018-10-29,49.455729510137544,49.68237569114477,47.061959543899754,47.96854782104492,4422600
2018-10-30,47.82883220375992,50.0114795549544,47.82883220375992,49.9618034362793,2495700
2018-10-31,50.737998036262674,50.98638221060861,50.14809539326195,50.59518051147461,3495900
2018-11-01,50.95842951098187,53.09140067140551,50.92117153495581,52.970314025878906,3511500
2018-11-02,52.73746396304388,53.019997137803124,51.52660800737806,52.17239761352539,3240000
2018-11-05,52.09167601353032,52.0978868615903,50.82803847019692,51.69737243652344,2405100
2018-11-06,51.58557698943239,52.50148482822766,51.58557698943239,52.29967498779297,1184400
2018-11-07,52.98895465632435,53.066572495835594,52.31522328188615,52.89270782470703,1827900
2018-11-08,52.476664843290386,53.094512736058455,52.23759694585578,52.749881744384766,1706100
2018-11-09,52.150648303565916,52.200320856427055,51.29373281063462,51.74392318725586,1690200
2018-11-12,50.86218749443633,50.96464516160687,49.275653471433,49.433998107910156,2249100
2018-11-13,49.843818577275805,51.110561287718966,49.843818577275805,50.11393356323242,2411100
2018-11-14,50.58275788804594,51.060890097419474,49.85313965574516,50.33437728881836,3722100
2018-11-15,50.0704717931389,52.218963031063005,50.05805009867046,52.03578567504883,4985100
2018-11-16,50.148098203575124,51.64148743861534,50.141887355277575,51.40863037109375,4494300
2018-11-19,51.154028351828195,51.303060255339204,49.39362985243999,49.44330596923828,2579100
2018-11-20,48.03064188435742,50.14498411864949,47.97475847179893,49.50540542602539,3124200
2018-11-21,50.05805620583874,50.44304705965555,49.691694342881085,49.710323333740234,2259900
2018-11-23,49.33154074384398,50.126358695578055,49.30049361174393,49.73826599121094,1488000
2018-11-26,50.402686510019315,50.64175085765278,49.912132565823626,50.638648986816406,1907400
2018-11-27,50.365413446558115,51.14160220589787,50.11392747842169,50.7131462097168,2013000
2018-11-28,51.29064240999081,51.92090841123205,50.27849101013747,51.89917755126953,1681200
2018-11-29,51.77189089472596,52.01716967810984,51.39000541611727,51.52040481567383,2874300
2018-11-30,51.48624549532173,52.24380545203373,51.00190242745814,52.23759460449219,1842600
2018-12-03,53.81170751015297,54.00730655957986,53.085191171670424,53.60989761352539,2338500
2018-12-04,53.18455479043235,53.30874688921137,50.9770707026137,51.04537582397461,2076900
2018-12-06,49.61718189781817,50.78457260131836,49.36259042707699,50.78457260131836,5354400
2018-12-07,50.70694907872483,50.7845704628345,48.61434108772462,48.89066696166992,1956000
2018-12-10,48.71990647424538,49.74447610406055,48.5957143856925,49.51782989501953,1613100
2018-12-11,50.40269411042937,51.00191311152299,49.55198902796765,49.83452224731445,2491500
2018-12-12,50.647955814136765,51.31858518531668,50.238128727924725,50.54239273071289,1403700
2018-12-13,50.92428888563215,51.16956765765449,50.219510365170756,50.43684387207031,1341000
2018-12-14,49.853131631830855,50.703836379682116,49.67926346379764,49.72272872924805,1363500
2018-12-17,49.65087372330106,50.37892776597429,48.76725114714435,49.07838821411133,1176300
2018-12-18,49.4921929736844,50.49715544006316,49.48285693963249,49.72554397583008,2520300
2018-12-19,49.44862848147733,50.01178499502629,47.40447512732622,47.609825134277344,3022800
2018-12-20,47.58804669133378,48.35966169594787,46.648418684736725,47.28002166748047,3256500
2018-12-21,47.58182004354833,48.12319603354695,46.34972713742101,46.477291107177734,2780100
2018-12-24,46.07282525339584,46.58930878894941,45.11452865600586,45.11452865600586,2641800
2018-12-26,45.86123812875968,47.821388244628906,45.04917781995897,47.821388244628906,4233900
2018-12-27,47.08711953259209,48.14186702788716,46.520854545853204,48.135643005371094,2700600
2018-12-28,48.37520031465661,49.358385433722454,48.09517993505065,48.48098373413086,1011000
2018-12-31,48.98504566088209,49.19972817187109,48.31299358428768,48.82014465332031,2207700
2019-01-02,47.82140043081725,49.5730890070556,47.77161892962022,49.1343879699707,2292000
2019-01-03,48.01429357787373,48.31609454097065,46.247048830232806,46.268829345703125,3070200
2019-01-04,47.13378784315083,48.52456130653053,46.96577484594648,48.35654830932617,2537400
2019-01-07,48.49966961140761,49.72243009860113,48.29743160905002,49.24950408935547,1679700
2019-01-08,49.781539134635516,49.781539134635516,48.40632583984245,49.03481674194336,1529700
2019-01-09,49.47973804251577,50.506484445463514,49.47973804251577,50.2949104309082,2304600
2019-01-10,49.79709769358641,50.823844141686635,49.76287269329462,50.739837646484375,1256700
2019-01-11,50.518929920596534,51.70435329708748,50.35402894525975,51.28432083129883,1290300
2019-01-14,50.70561674678602,50.79273526008802,50.19224526154594,50.45048522949219,853500
2019-01-15,50.584262162577424,51.141194562938416,50.38824822102607,50.596710205078125,882000
2019-01-16,50.68695350299147,50.988754539254906,50.13313293457031,50.13313293457031,856800
2019-01-17,49.784646343246116,50.988738088180845,49.50773792870466,50.596710205078125,3133500
2019-01-18,51.12875568125727,52.223948538185404,50.97007516786896,51.91281509399414,1574400
2019-01-22,51.411894092984134,51.411894092984134,50.04601309452213,50.41937255859375,2130600
2019-01-23,50.699389336633836,50.904739341270634,49.622864939146595,50.064674377441406,2110500
2019-01-24,51.203424820914634,53.157351060770125,51.18475631625306,52.97378158569336,5947200
2019-01-25,53.185359452168434,54.296108929486174,52.81199998884533,54.07209396362305,3126600
2019-01-28,52.10571914122574,53.43115101379037,51.93770614883678,53.00489807128906,2450400
2019-01-29,53.008008697201696,53.17913013555674,52.1492752518033,52.239505767822266,4396500
2019-01-30,53.17291634503594,53.944527821574944,52.569314316919865,53.754737854003906,3142800
2019-01-31,53.64583663852446,54.2121051887831,53.235140166725905,53.72984313964844,1481700
2019-02-01,53.79207225708123,54.63524571226248,53.76717972774177,54.37389373779297,1515000
2019-02-04,54.34278037144437,54.65391384179124,53.95074885179295,54.64768981933594,627600
2019-02-05,54.60103321540933,55.16107786695451,54.504582208517114,54.896610260009766,1295400
2019-02-06,55.57487286313862,56.82252230594366,55.57487286313862,56.374488830566406,2575800
2019-02-07,55.68376186714065,55.93889334625013,54.666351522196194,55.1517219543457,3459900
2019-02-08,54.39255526381438,55.170390625549736,54.09386631399666,55.05527114868164,1882800
2019-02-11,55.182841849999605,55.46908635204212,54.88726487492089,55.325965881347656,741600
2019-02-12,56.00734805182201,56.63583898959841,55.9264535664368,56.49583053588867,2019900
2019-02-13,56.77585923991741,57.114993725510004,56.50828321678431,56.67629623413086,906600
2019-02-14,56.48338071849889,57.24877163551127,56.42115474102558,56.828739166259766,1004700
2019-02-15,57.279884882412865,57.43544981712701,56.81318295696421,57.1212043762207,742500
2019-02-19,56.85984562010416,57.41055396853191,56.79139563277558,57.04341506958008,1182900
2019-02-20,57.18031528550282,57.889704168264814,57.18031528550282,57.528785705566406,1036800
2019-02-21,57.53501985793395,57.662587392833125,56.93764188977855,57.102542877197266,1152900
2019-02-22,57.55057600333019,57.79948348854792,57.326561046961004,57.715476989746094,880800
2019-02-25,58.58353332162299,58.87600179405854,58.151056414647954,58.191505432128906,2355600
2019-02-26,58.03283056691465,58.26306953014065,57.64702310066822,57.827484130859375,865200
2019-02-27,57.59412553013297,57.59412553013297,56.51137373497553,57.133644104003906,2977800
2019-02-28,56.890976341210134,57.332785825492095,56.704294823077475,57.167884826660156,1236000
2019-03-01,57.7123705836046,57.95505405504359,57.07765558365197,57.67503356933594,1433400
2019-03-04,58.07328687798848,58.275524889105036,56.965645833900375,57.68125534057617,1755600
2019-03-05,57.525680392010074,57.78703233114412,57.19587845726414,57.46034240722656,1330500
2019-03-06,57.30165491592726,57.43855489046327,56.47092615866944,56.51137161254883,1412400
2019-03-07,56.287373064528644,56.287373064528644,55.521982061693535,55.90156555175781,2994000
2019-03-08,54.93393249209516,55.898449422644234,54.73169449687464,55.85177993774414,1491000
2019-03-11,56.13179095545207,57.42611319477457,56.066452975463875,57.152313232421875,1993800
2019-03-12,57.36078011875507,57.7030265403029,56.86918566086269,57.367000579833984,1968300
2019-03-13,57.76214550037089,58.0857270060175,57.55057503167127,57.59724807739258,1230000
2019-03-14,57.628351467360304,57.89903585992293,57.27988105198921,57.282989501953125,1775700
2019-03-15,57.973717092338944,59.40493593816756,57.95816059797037,58.9444580078125,3952800
2019-03-18,59.078243922196194,59.37693645502858,58.47464551632625,58.85422897338867,2697000
2019-03-19,59.25559732072714,59.7969697875124,59.249373298102356,59.616512298583984,1991400
2019-03-20,59.65082583888604,59.959685474697245,58.696162615786754,59.05805969238281,2508600
2019-03-21,59.11423011110205,61.50400736846367,59.11423011110205,61.09843063354492,2802300
2019-03-22,60.842600425013245,60.92995243651381,59.32636858768834,59.376285552978516,4417200
2019-03-25,58.95510772199474,59.5041942853204,58.14395443932487,58.633766174316406,2944800
2019-03-26,59.45739829499256,59.72569883478124,58.75231988602682,59.19533157348633,3840900
2019-03-27,59.26396468718156,59.46051204009549,57.91620681961722,58.36545944213867,3970800
2019-03-28,58.46217994874493,58.98630985690735,57.85693542022202,58.26875305175781,1386600
2019-03-29,58.96135531792727,59.27333905158428,58.79600558144695,59.1329460144043,1725900
2019-04-01,60.00336754115725,60.68036881108187,59.791217769200365,60.608612060546875,1964400
2019-04-02,60.639798970065705,60.84258726714117,60.33717676400006,60.699073791503906,1459500
2019-04-03,61.43224998555073,62.599059636363705,61.41665472550425,62.04061508178711,3218100
2019-04-04,61.96260913344533,62.56161270971904,61.837818506893115,62.17475891113281,1617300
2019-04-05,62.54601428541867,62.65208916889249,62.17475576360309,62.6240119934082,1223700
2019-04-08,62.352597454796815,62.839285236637664,62.21844537419696,62.77064895629883,1380300
2019-04-09,62.411859740131575,62.411859740131575,61.79413334134388,62.11859893798828,1483500
2019-04-10,62.04684889849234,62.79872029147649,61.99380788279262,62.59905242919922,1267500
2019-04-11,62.761275979412055,63.00150291643995,62.386904127129235,62.54601287841797,935400
2019-04-12,63.126306389223956,63.45700583975575,62.93287234587762,63.413326263427734,1030500
2019-04-15,63.51626168327669,63.51626168327669,62.608395135312314,62.94221496582031,1770000
2019-04-16,63.341538469933,65.01375778186095,63.341538469933,64.95760345458984,3216900
2019-04-17,66.28977244876958,66.83262149987625,65.51605795514192,66.03394317626953,3275700
2019-04-18,66.14002550279665,66.23050511532408,65.72821509051116,66.0433120727539,1083900
2019-04-22,65.83740517701833,66.18370696015246,65.43806952904023,65.99340057373047,912300
2019-04-23,66.36154640035434,66.91999084943856,66.20555098523666,66.67352294921875,2014800
2019-04-24,66.71721283006524,68.01193355959906,66.6891356503981,67.291259765625,2025900
2019-04-25,67.06661279666744,67.16332622353721,65.55662229266835,66.10882568359375,2073300
2019-04-26,64.85153937513932,65.59405622861196,64.21197689919948,65.56285858154297,3381000
2019-04-29,65.59408154666423,65.72823362304611,65.17290243764027,65.4848861694336,2680200
2019-04-30,65.33512958977887,66.11508532380932,65.33512958977887,66.00276947021484,3088800
2019-05-01,66.54871825288568,66.94493338461348,65.40374528089411,65.47550201416016,4019100
2019-05-02,65.43806556887833,66.83262691390162,65.28519780129106,66.10570526123047,3420000
2019-05-03,66.5050470298927,66.63919907655837,65.8249324993837,66.62360382080078,2269800
2019-05-06,64.30247226114152,65.55976145002609,64.1620792289922,65.53791809082031,2262900
2019-05-07,64.67060676475263,64.82036122828208,63.19805452991369,63.92497634887695,3237000
2019-05-08,63.39771353772008,64.37421647200655,63.25732767361519,63.378997802734375,3103200
2019-05-09,62.396254033042695,62.96093939190974,61.25752187745484,62.68016052246094,2978700
2019-05-10,62.10612951345522,63.11383035799302,61.25753744945322,62.77064895629883,3901200
2019-05-13,60.6803714059929,61.05162995245095,59.55411741783555,59.83489990234375,4856400
2019-05-14,60.583650760706895,61.53518990119238,60.29350330096514,61.21385192871094,2954100
2019-05-15,60.580533833880004,62.106119883805775,60.52125186227973,61.6849479675293,5173800
2019-05-16,60.82387563048534,61.36360436270934,60.327826472978735,60.71156692504883,6997800
2019-05-17,59.73817737128291,60.942425319224526,59.270205444784196,59.52914810180664,5014200
2019-05-20,57.59175020766383,58.06284265924375,56.74939922998166,57.15497589111328,4640700
2019-05-21,58.303069422005635,58.63377244341703,57.84133838242661,58.32490921020508,5167500
2019-05-22,57.20801928252498,57.682232263028766,56.91787534440842,57.092586517333984,3254100
2019-05-23,56.091129329309844,56.23463928001041,55.28309636444728,56.20344161987305,3725400
2019-05-24,56.477976289819395,56.899148194075174,55.66370251548149,55.713623046875,2273100
2019-05-28,56.031856059289126,56.22528298569853,55.11150720772923,55.23630142211914,2389200
2019-05-29,54.77766917605442,55.70113100243886,54.618556883313616,55.43594741821289,4244400
2019-05-30,55.57635550814391,56.35318716860852,55.45156130912553,55.903934478759766,2000100
2019-05-31,55.20509780984013,55.97569209292249,55.03350712243077,55.070945739746094,3330600
2019-06-03,55.69489749863096,56.28766000580195,54.918062424724376,55.20196533203125,2988000
2019-06-04,56.25022978675655,57.6167106628418,55.76977946511508,57.6167106628418,3156600
2019-06-05,58.10340038483928,58.2500307899914,56.45613708291689,57.20177459716797,3273600
2019-06-06,57.2860063710724,58.19386949483007,57.08009757768659,57.99420166015625,957000
2019-06-07,58.24379541039968,58.77104225168475,58.04724802485622,58.64937210083008,1468500
2019-06-10,59.37316482733193,60.81139885933741,59.37316482733193,60.078243255615234,3907800
2019-06-11,61.19201921917703,61.31369651532028,59.85986347665698,60.318477630615234,3400500
2019-06-12,59.675791230694124,59.753788948649884,58.83656420542212,58.91767883300781,1450500
2019-06-13,59.34196950911949,59.46364323203777,58.79912383132191,59.20158004760742,1143000
2019-06-14,57.47007731163577,57.96300955714832,57.31720951198007,57.710304260253906,2081700
2019-06-17,57.69996473942533,57.90984936998787,57.26452896817032,57.2833251953125,1074600
2019-06-18,57.894187977746896,60.17787765328881,57.894187977746896,59.76123809814453,2850000
2019-06-19,60.171612112045395,60.26558966689101,59.532558286070135,59.880279541015625,1431300
2019-06-20,61.02682280749406,61.30562216280964,60.1058291702663,60.3846321105957,3371400
2019-06-21,60.17474236863611,60.63211125111423,59.9272652853902,60.0400390625,1333200
2019-06-24,60.11522508833001,60.3877650076754,59.955458948191264,60.10269546508789,2115900
2019-06-25,60.246797729233876,60.46607869310741,59.21303027377423,59.27254867553711,1416600
2019-06-26,60.59766030571176,61.512383854492434,60.4911495331751,61.18659210205078,1755300
2019-06-27,61.49358305473872,62.38638053813575,61.49358305473872,62.07624816894531,1559700
2019-06-28,62.57747361859609,62.699643712186855,62.01672730076916,62.154563903808594,2529900
2019-07-01,64.86116777430867,65.3999738474246,63.29171323653043,63.720882415771484,4752000
2019-07-02,63.53293687177931,63.595588583431486,62.637005923107125,62.92520523071289,1378800
2019-07-03,62.9220401959758,62.96276593901999,62.16394626326351,62.6369743347168,738000
2019-07-05,61.8193854284911,62.3268728919787,61.57191188687177,62.27988052368164,934200
2019-07-08,61.712870011415475,61.97601721605234,61.409004216682085,61.797454833984375,581400
2019-07-09,61.44346811159367,62.28301394726091,61.28683883368032,62.182769775390625,1347300
2019-07-10,62.8656708734471,63.56111330039615,62.58373107250795,62.68397521972656,1424100
2019-07-11,62.96592009165312,63.09435679530395,62.48349195742419,62.85940933227539,2578800
2019-07-12,63.01918144547696,64.06861551819667,63.01918144547696,64.0028305053711,1315500
2019-07-15,64.29729476822047,64.80478221277166,64.19391729784734,64.56356811523438,684300
2019-07-16,64.26594960136012,64.39438628261347,63.536048093242556,63.877506256103516,1124400
2019-07-17,64.24717352622727,64.3568175967954,63.83993026699835,64.06861114501953,786900
2019-07-18,64.04666766124998,65.14621985806478,64.04666766124998,64.99585723876953,1041600
2019-07-19,65.24022525698756,65.51903184459051,64.8549150548223,64.92070007324219,1311900
2019-07-22,65.20576023324223,66.2551943008424,65.20576023324223,66.16121673583984,2729700
2019-07-23,66.54338545929619,67.01014709472656,66.25518619454368,67.01014709472656,1297500
2019-07-24,67.47379524926592,69.17481294772529,67.47379524926592,69.05264282226562,2436300
2019-07-25,68.56080466609068,68.59213051855801,67.69306636369785,67.8935546875,1846500
2019-07-26,68.38222785426161,68.38222785426161,67.82148164919776,67.87474060058594,626400
2019-07-29,67.75883029096074,68.12534766982382,67.18555804811834,68.05956268310547,2041800
2019-07-30,67.38920244760428,68.04705970774756,67.13232901623138,67.90608978271484,789600
2019-07-31,67.39234242740031,67.4957199046654,64.99900827712571,65.65373229980469,1374600
2019-08-01,65.37492015549209,67.2513667595962,63.80233935200445,64.35681915283203,2578800
2019-08-02,63.70521479350199,64.25968730510546,62.84374324489797,63.407615661621094,2328900
2019-08-05,61.54997212475743,61.60323109241537,60.11836132287397,60.669700622558594,2511300
2019-08-06,61.67838687605942,62.226599848373844,60.7605304141009,61.44343948364258,1479000
2019-08-07,60.46608000621102,62.02613471489612,60.46608000621102,61.831912994384766,2180400
2019-08-08,62.40831487470241,63.56738569181812,61.997938343091164,63.54545974731445,2165400
2019-08-09,62.87194396216963,63.13195067739378,62.007338999479856,62.43650817871094,1893600
2019-08-12,61.78803984470611,62.33625289634208,61.346337535848,61.61887741088867,1178100
2019-08-13,61.61888453794098,63.98089228147379,61.2085080271371,63.43894577026367,2205000
2019-08-14,61.97288140575975,62.45530239300988,61.17092095508217,61.48731994628906,2766300
2019-08-15,61.82563685372986,61.99479930002509,60.841988023788936,61.374534606933594,965700
2019-08-16,62.0198465679478,63.18518365626766,62.0198465679478,63.009761810302734,1509900
2019-08-19,64.51970423799334,64.75151838516166,63.88378019170176,64.1688461303711,4550400
2019-08-20,64.14692187292032,64.32235093134099,63.5893088483004,63.93076705932617,732600
2019-08-21,64.45705175884943,64.77971014585104,64.18137855906636,64.45391845703125,700200
2019-08-22,64.59175505692279,64.8173025976421,63.78353526848263,64.45391845703125,5985600
2019-08-23,63.66449281385253,64.10932847219323,61.477914144855646,61.653343200683594,1682700
2019-08-26,62.58685623987769,62.68710037406756,61.93527295265657,62.17648696899414,997800
2019-08-27,62.62759571095115,62.93772808562786,61.647080093857,61.944679260253906,1290600
2019-08-28,61.71598946035913,62.477224012492265,61.27742044444744,62.33625411987305,726000
2019-08-29,63.43897284424602,64.21273383734516,63.298002877926635,63.833683013916016,3748500
2019-08-30,64.45392406769348,64.71706408310997,63.852459126733585,64.13439178466797,1014600
2019-09-03,63.426418695399015,63.6864325894629,62.71530966204726,63.07870101928711,2833500
2019-09-04,64.04354352846948,64.8204374877916,64.04354352846948,64.77344512939453,1387800
2019-09-05,66.1674840112532,67.54896928784815,65.98578831438441,66.76581573486328,2037600
2019-09-06,66.94437408447266,67.13233639518586,66.49954548418094,66.94437408447266,1273500
2019-09-09,67.2168750939097,67.74942152050966,66.93494254631113,67.18868255615234,962400
2019-09-10,66.98195353268638,67.48944091796875,66.45254020292622,67.48944091796875,1291800
2019-09-11,67.87788330237284,68.53886655918292,67.44870701067356,68.50127410888672,1415400
2019-09-12,69.1873313224245,69.3282940638703,68.26006751075214,68.65477752685547,1719900
2019-09-13,68.7424924310536,68.8521364870783,68.20054592473483,68.5169448852539,1309500
2019-09-16,68.00005618518242,68.3571737226445,67.43305044577829,68.07524108886719,840900
2019-09-17,67.9530613080583,68.31331930401092,67.53015878806075,68.22560119628906,667800
2019-09-18,68.303929268502,68.35092163085938,67.34534673865086,68.35092163085938,654900
2019-09-19,68.43862637231591,68.65164787963604,67.8872799627942,67.90294647216797,1057500
2019-09-20,68.09089998203967,68.09089998203967,66.41180871755341,66.65302276611328,1944900
2019-09-23,66.64361451902958,67.76196651144639,66.5934960365259,67.4393081665039,2110800
2019-09-24,67.70993426980428,67.93963945107716,65.96982425389729,66.32540130615234,1169400
2019-09-25,65.98243493163939,67.6533112772532,65.40974186071962,67.43619537353516,1033500
2019-09-26,67.43303721015087,67.71938009856923,66.85090221882636,67.5211410522461,1050600
2019-09-27,67.16242065667274,67.30087468928924,65.41287562945666,65.94151306152344,2070000
2019-09-30,66.23414609894157,66.64321349432376,65.94150856928967,66.52364349365234,1079700
2019-10-01,66.98305004550818,67.8389456301819,65.72438896481289,65.90059661865234,1820400
2019-10-02,65.53874837079923,65.56391987014844,64.50979221371084,64.93773651123047,1328700
2019-10-03,65.00380485168425,66.09570036976947,64.16994056386174,66.07996368408203,1603500
2019-10-04,66.41666397080445,67.27884718463346,66.2750625927714,67.17815399169922,1213200
2019-10-07,67.13411065080464,67.44248492744101,66.75021467332958,66.78482818603516,1224600
2019-10-08,65.9257705834738,66.10512556134928,64.64193089965553,64.71744537353516,2052000
2019-10-09,65.54815383677204,66.2215396833937,65.4191418721254,65.77471160888672,1358400
2019-10-10,65.84396357366234,67.13724545096362,65.84396357366234,66.41665649414062,1116300
2019-10-11,67.65329042002362,68.7672100410648,67.6312662632904,67.98369598388672,1947300
2019-10-14,67.93649757873395,68.0843936180159,67.59665718382,67.97425842285156,1111200
2019-10-15,68.39592889407311,69.60739480491966,68.27950619107366,69.46894073486328,1204800
2019-10-16,69.07557845356679,69.39654197956736,68.28576978865489,68.4840087890625,1761600
2019-10-17,69.26753241323554,69.4468946204184,68.21969960883358,68.6004409790039,1289700
2019-10-18,68.47774017390029,68.69485607509621,67.26942169133409,67.87358093261719,807600
2019-10-21,68.53435075268494,69.21717876758174,68.36443058312868,69.21088409423828,1299900
2019-10-22,69.4154280221806,69.45318886567765,68.60673522949219,68.60673522949219,1130400
2019-10-23,67.34493363444827,67.93336336592455,66.87293379500701,67.28514862060547,1599300
2019-10-24,68.1913800400565,69.01580960169092,68.10957087267111,68.9497299194336,1912200
2019-10-25,69.17944153280843,70.46013431370824,69.14168068200757,70.39090728759766,1859700
2019-10-28,70.91639738033332,71.72823038171761,70.81255685182524,71.67159271240234,1158600
2019-10-29,71.7345234772581,72.21911259962708,70.9289779663086,70.9289779663086,1158300
2019-10-30,71.47020261717466,71.48593930346975,70.48529491730021,70.95414733886719,1061400
2019-10-31,70.83458333312538,70.83458333312538,69.67660799661829,70.5954360961914,862800
2019-11-01,71.26252371290914,72.2159652709961,70.932125312229,72.2159652709961,1989600
2019-11-04,73.1316354424547,73.89941999674156,73.11275142105475,73.82389831542969,1991100
2019-11-05,74.04731665995722,74.46267150646054,73.65397876765552,73.86480712890625,1091700
2019-11-06,73.7232111119773,73.74524247206158,72.625028115688,73.37078857421875,1633800
2019-11-07,74.46580772880719,74.62314574310159,73.50922630792608,73.814453125,1491600
2019-11-08,73.5312664719136,74.23297140968646,73.09702757410862,74.18577575683594,1048500
2019-11-11,73.55957541433348,73.99381425375721,73.27952006344712,73.88053894042969,836400
2019-11-12,74.06620683304844,74.60428631028846,73.74210309256475,74.0315933227539,1444200
2019-11-13,73.62567088098237,74.28962223054944,73.26695364155981,74.11026000976562,929700
2019-11-14,73.71691110190922,73.93088680008705,73.30155625540591,73.86480712890625,973800
2019-11-15,74.84342322748967,75.17067426035547,74.19520863373508,74.54134368896484,977400
2019-11-18,74.53504732669178,74.82769204955076,74.0064099467826,74.37142181396484,777000
2019-11-19,74.71754831804127,74.82768349364405,73.5910394754074,74.00010681152344,731700
2019-11-20,73.65396896649845,74.02212811439243,72.56837554186613,73.12847900390625,1412700
2019-11-21,72.61873502714057,72.99004159593666,72.03030540278256,72.3481216430664,2084400
2019-11-22,72.55583163012047,72.95545719119866,72.10270851704472,72.27262878417969,1028400
2019-11-25,72.96172361681859,74.07879067350164,72.96172361681859,74.00641632080078,1229100
2019-11-26,73.88369051642252,73.9969658362495,73.39280679002574,73.72949981689453,2139600
2019-11-27,74.02843136093355,74.27072588513003,73.93088552430919,74.26128387451172,775200
2019-11-29,74.01269313081146,74.01269313081146,73.37077332537064,73.46517181396484,615000
2019-12-02,73.54070348129349,73.61621796114692,72.18134201391591,72.33552551269531,1428900
2019-12-03,70.78107791435372,71.28769111583611,70.43809021860727,71.21531677246094,1932300
2019-12-04,72.1970706619073,72.65648097232148,72.13099099805125,72.34181213378906,1081500
2019-12-05,72.84212874095934,73.0026140937408,72.385865778878,72.70368194580078,1404600
2019-12-06,73.60363303331155,73.96864487964274,73.47147369588377,73.75466918945312,1002300
2019-12-09,73.92772922946256,73.99380889149606,73.4085339426688,73.41796875,492900
2019-12-10,73.80502149820849,74.21094153259106,73.45259178683932,73.72949981689453,522600
2019-12-11,73.92146786933883,75.35320412813681,73.87112486707518,75.23992156982422,1458900
2019-12-12,75.1266059940132,77.41108234754029,75.1266059940132,77.27892303466797,2190300
2019-12-13,77.31985839578549,78.11596188922292,76.5898273798786,76.9391098022461,1735800
2019-12-16,77.78602379857875,78.34810894013015,77.61550245016716,77.67549896240234,2099100
2019-12-17,78.10180510663537,78.17758675029461,77.6186600867318,78.02601623535156,974100
2019-12-18,78.18074435567154,78.18074435567154,77.70075781302705,77.9849624633789,963900
2019-12-19,78.29759024262515,78.61336517333984,77.92181157021227,78.61336517333984,1063500
2019-12-20,79.15965654647775,79.54806906471194,78.79019485858986,79.36175537109375,1035600
2019-12-23,79.98385688808183,80.02490979938524,79.51334571326828,79.61439514160156,1356300
2019-12-24,79.79123582396134,79.81017943025185,79.33966824142833,79.74386596679688,504300
2019-12-26,80.08173653598061,80.08173653598061,79.53859503193219,79.8354263305664,654000
2019-12-27,80.1638394605015,80.1638394605015,79.40912374016209,79.67753601074219,1104000
2019-12-30,79.65860405601195,79.65860405601195,78.53442649029003,79.07756805419922,1118700
2019-12-31,78.66705717698862,79.33335027527846,78.62916273727008,79.29229736328125,604500
2020-01-02,80.29016556791466,80.93119812011719,79.89228478950454,80.93119812011719,1275300
2020-01-03,79.68387120515136,80.11648796330837,79.24809597460536,79.4217758178711,1235100
2020-01-06,78.42388480779434,78.84703325049531,78.07968369607451,78.59440612792969,1615200
2020-01-07,79.57333490149067,80.35646970585218,79.10282377001181,80.04068756103516,1146600
2020-01-08,80.19861141197009,80.5080694978301,79.62704342598599,79.96808624267578,1297800
2020-01-09,81.07961658569491,81.07961658569491,79.7154456705482,80.47332000732422,639600
2020-01-10,80.98488306357532,80.98488306357532,79.77228981414015,80.00596618652344,1952100
2020-01-13,80.56489512684438,81.05434992086508,80.31858487986517,80.940673828125,950100
2020-01-14,81.15540237610422,81.79959342692923,80.6943665880888,81.11750793457031,896400
2020-01-15,81.23119059760572,81.26908503883101,79.92702337205299,80.25859069824219,1516500
2020-01-16,80.87752956540054,81.5596078951938,80.82068428386464,81.52803039550781,1708500
2020-01-17,82.02379806502903,82.14063262939453,81.49644160636123,82.14063262939453,1016700
2020-01-21,81.81853247791526,82.37745914788533,81.7490605497128,82.09326171875,1653300
2020-01-22,82.69642525116774,83.56481739366377,82.45643190048166,82.6458969116211,1251300
2020-01-23,82.96165296148466,83.3469070356376,82.20693717293383,83.2711181640625,1077300
2020-01-24,84.4868837156227,84.60687675921015,81.81222851082985,82.38694763183594,1626300
2020-01-27,80.05015553092487,80.21120144647568,79.08071433835543,79.24176025390625,3212100
2020-01-28,80.13856810472448,81.36379486172389,79.69332480652112,81.07959747314453,2410500
2020-01-29,80.79225193396164,80.99435078967568,79.54176436077789,79.5891342163086,1242300
2020-01-30,79.15019304776008,79.82596148432867,78.02917403079007,79.59228515625,1741800
2020-01-31,78.86284474818802,78.92599974303967,76.38712992082402,76.75343322753906,2155500
2020-02-03,76.98710271792696,77.8018077843048,76.93657439473033,77.61234283447266,1719300
2020-02-04,79.68070876279936,80.15753688301925,79.28282799311926,80.03753662109375,2465100
2020-02-05,81.56275794412109,82.02064248371722,80.6722638717947,81.88169860839844,2009100
2020-02-06,81.85326498952782,81.9700995371792,80.94066177308797,81.92904663085938,1068600
2020-02-07,80.96592412507631,81.10802645063029,79.89858467508984,79.9964828491211,1550700
2020-02-10,79.25125547549887,81.16171932096415,79.25125547549887,81.11750793457031,1212900
2020-02-11,81.90380182089163,83.23639531685342,81.90380182089163,82.75640869140625,1132500
2020-02-12,83.68163176076352,84.15530136086666,83.60584289011713,84.03214263916016,1554900
2020-02-13,83.33741738823899,84.66685197522813,83.23636798593661,84.12055206298828,1681800
2020-02-14,84.78053790277086,85.05842559835031,83.41952567088673,83.83951568603516,1366800
2020-02-18,82.56693629220611,82.8953451211119,82.13116109256664,82.7627182006836,2409900
2020-02-19,83.81426653425014,85.00790883461097,83.81426653425014,84.85002136230469,1575300
2020-02-20,84.584744237653,84.80894510938398,82.38691798097798,83.61846160888672,2301300
2020-02-21,83.03744711240047,83.11007751664224,80.81119404099522,81.13329315185547,2479200
2020-02-24,77.32498768791314,78.42705588928101,76.73447630157946,77.24604034423828,3786600
2020-02-25,78.28178932188239,78.39863109280718,74.49559121841105,74.94400024414062,5127600
2020-02-26,75.55981247317152,76.69345868818982,74.58720503632091,75.04508972167969,4525200
2020-02-27,72.81249949175836,74.30613885461639,71.45148705326505,71.5809555053711,4172100
2020-02-28,69.08628305710533,73.67455934835824,68.87786729664447,73.194580078125,4788900
2020-03-02,74.49244099204661,75.78713989257812,72.0956738493638,75.78713989257812,4137600
2020-03-03,76.12501926591776,77.11656983265091,72.62933534881152,73.1187973022461,2729700
2020-03-04,74.73243148530933,76.8544692993164,73.63668022822792,76.8544692993164,3355800
2020-03-05,74.95030947227978,76.46920897220346,73.91770615346961,74.539794921875,3548700
2020-03-06,72.27568470495753,73.59880288438579,71.15466541189234,72.910400390625,4851600
2020-03-09,67.09373461410175,70.34942599631412,66.31375812120278,66.68321990966797,6082500
2020-03-10,69.47154946071683,71.1230762528301,66.97688406179061,71.05992126464844,3859500
2020-03-11,68.81156689853584,69.81259298739434,66.34216924838793,67.07793426513672,2262900
2020-03-12,62.394927042069035,64.94958185811606,59.622381000952565,59.723426818847656,5859900
2020-03-13,63.28541612030077,66.3705856310913,59.732897541853134,66.1305923461914,4420200
2020-03-16,59.366594624269595,62.16756309848892,55.4667127568345,56.06037902832031,4817100
2020-03-17,57.55400549419109,61.57703796677558,55.04671404911025,60.99284362792969,4079100
2020-03-18,56.93824490321405,58.98449750098622,52.98468356605814,55.9814338684082,4131600
2020-03-19,54.95514786281012,59.20554417930833,53.802551302688634,57.421390533447266,2945100
2020-03-20,59.50869181839366,60.557080472550645,55.50144729898903,55.785648345947266,2942700
2020-03-23,56.4014126068249,58.70660538856329,55.04355892839686,57.77821350097656,2787600
2020-03-24,61.40338488099832,64.21382575377692,61.21707835329561,64.02751922607422,5754600
2020-03-25,64.59658900402256,66.70375779747705,62.280293808764355,63.19287109375,2496000
2020-03-26,64.8500991546011,67.71774596013377,64.26389238677713,67.44207763671875,3301800
2020-03-27,65.3127248849137,66.26966604962877,63.87732039036232,64.09595489501953,2500800
2020-03-30,64.76769598394858,66.52314654186787,64.29239487398317,66.3266830444336,3341400
2020-03-31,66.33618906922906,67.45473059368258,64.45716289107358,65.02436065673828,4342200
2020-04-01,62.88553431559925,64.39065030036618,60.81321668105321,61.46596908569336,2938800
2020-04-02,60.93678074836875,63.4463704632844,60.80686634625539,63.297447204589844,3537900
2020-04-03,63.19920742105352,64.00088649116647,61.282163280171524,62.09968185424805,3110400
2020-04-06,64.79622140861292,68.74439194184632,64.79622140861292,68.4338607788086,5011800
2020-04-07,70.82620677391442,71.09871294736728,68.11065309265142,68.18986511230469,6696300
2020-04-08,69.33693234841624,70.73114950370936,68.36731396525903,70.4713134765625,3915900
2020-04-09,71.475795138299,72.02713900574426,68.27226251282917,68.94718933105469,6792300
2020-04-13,68.68419273267206,69.93581825865829,68.12967224865105,69.7266845703125,3968100
2020-04-14,71.41556287377716,72.94286346435547,71.24446146044158,72.94286346435547,5871300
2020-04-15,71.412409577764,71.412409577764,70.10691259552115,70.77233123779297,3620400
2020-04-16,72.05564307587944,72.9143485262892,71.09870226153019,72.75908660888672,3338100
2020-04-17,74.03925658148944,74.1881871063495,72.42006592895808,73.32313537597656,2772600
2020-04-20,72.22041878370813,73.29459664598615,71.6342121666965,71.7292709350586,2713200
2020-04-21,70.61073200248796,70.9751275874979,67.99340653683423,68.21521759033203,3653100
2020-04-22,70.4396352778981,72.68622683821523,70.08157833402463,72.34400939941406,3341100
2020-04-23,72.34718843501942,73.09182658610777,71.36806900781332,71.6215591430664,2933100
2020-04-24,71.57403057494469,73.27244052391762,70.97514637399675,73.11083984375,2887200
2020-04-27,74.0550752210888,74.82506060991297,73.7445441345723,74.08676147460938,3212400
2020-04-28,75.46832857057683,75.84540165256985,73.6209953817606,73.70337677001953,4094100
2020-04-29,75.01202608587414,77.51527671207192,74.87260365069113,77.20157623291016,3975900
2020-04-30,76.87521572109259,76.97027450690628,74.34977930527576,74.47652435302734,5172300
2020-05-01,72.51829244562703,72.9143743823771,70.50301264025923,70.84523010253906,6033600
2020-05-04,70.17029792630187,71.52332091441376,69.89145301478902,71.43460083007812,3381300
2020-05-05,72.76542767491,73.988535960281,72.20139928791416,72.63551330566406,4506300
2020-05-06,73.42770416096214,74.65715160380947,73.31363650298017,73.52593231201172,4407900
2020-05-07,74.82508086203083,75.10709512196051,73.81744467281676,74.18817901611328,2825700
2020-05-08,74.96449016628661,76.45693533205896,74.75218717071529,76.37771606445312,3885600
2020-05-11,75.66162230843668,76.98929796780165,75.52220708097539,76.30486297607422,3498300
2020-05-12,76.82134334266013,77.07801003993659,74.21669492051333,74.28006744384766,3764100
2020-05-13,74.64127695429293,74.98349430541069,71.7451141251369,72.84780883789062,6889500
2020-05-14,72.22674730946058,74.86941986120588,71.01313993770897,74.79653930664062,6521700
2020-05-15,72.2901410056928,73.50057212936456,71.84652609993222,73.250244140625,5657100
2020-05-18,74.98985016990787,77.02413863796708,74.98985016990787,76.6153793334961,4940700
2020-05-19,76.6312110881445,78.13316426192445,76.33651948283386,76.36504364013672,4308000
2020-05-20,77.93671596766472,79.69533613237323,77.93671596766472,79.17884063720703,3791100
2020-05-21,79.20417908695053,79.2643822521421,77.05898532483099,77.18573760986328,3809700
2020-05-22,77.26177900726069,77.65786810612843,76.30483807198394,77.52794647216797,2462400
2020-05-26,79.60344935643428,79.98686114938643,78.2377488212048,78.34231567382812,4310400
2020-05-27,78.58310407012002,79.54955291748047,76.35869864994525,79.54955291748047,5297400
2020-05-28,78.9665382125551,80.02804612137656,77.38537270567073,77.81314086914062,4460100
2020-05-29,78.06980152224747,80.01853930263655,77.8289888282191,79.80623626708984,6282000
2020-06-01,79.39429877137258,79.74919357497808,78.668676913451,79.37528991699219,2780100
2020-06-02,79.60342451415097,81.14974135816598,79.23269024419136,81.08953094482422,3159900
2020-06-03,82.29364036612678,83.81143323599994,82.27146216012295,83.43119812011719,1781700
2020-06-04,83.11433350695941,84.81591259205244,82.85133535948317,84.19168090820312,1948500
2020-06-05,86.20378334155079,87.50610380767347,85.79819342715933,86.25447845458984,2878200
2020-06-08,86.76781558664165,86.90406869248007,85.22784435753077,86.0770492553711,2531400
2020-06-09,85.20882993181314,86.45095466656494,84.83175686965784,86.14359283447266,1958400
2020-06-10,86.71712128651679,87.26846516562536,86.09288957398007,86.44778442382812,2579400
2020-06-11,84.25505819215941,84.53073376088149,80.86774658766736,80.95646667480469,3992100
2020-06-12,83.02877718460076,83.70687335106841,80.22767243483104,82.05916595458984,4613400
2020-06-15,80.2531905216183,83.29539669416062,79.97374542640847,83.16519927978516,2132400
2020-06-16,85.61042472552849,86.15344837532128,83.2763700938543,84.78794860839844,3384300
2020-06-17,85.59454254710978,86.2169580781684,84.93720272632117,85.44847106933594,1371300
2020-06-18,85.33414843965839,85.7469746263463,84.91179348204992,85.28968811035156,1340400
2020-06-19,86.35986879759137,86.6297925169061,84.64505330097288,84.87686920166016,2271300
2020-06-22,84.78792119358243,85.70248666234849,83.96862159833613,85.50242614746094,1286100
2020-06-23,86.3344770156891,86.69966669397289,85.65490324488707,85.80732727050781,1177800
2020-06-24,85.34049152971788,85.79141821364851,83.27636082421398,83.92417907714844,1974000
2020-06-25,83.82258363484394,84.68952022233233,82.54282806147759,84.5243911743164,1376400
2020-06-26,84.62914748479834,84.71170833720063,82.73332237911119,82.93973541259766,1637700
2020-06-29,82.96199240333905,83.87655815752898,81.91722191955137,83.84480285644531,2664900
2020-06-30,84.22586043946497,86.33761306723537,84.15599733444701,86.01688385009766,4086000
2020-07-01,86.09626767170187,86.12802296480159,84.83556291117665,84.91494750976562,1909200
2020-07-02,86.22646138110116,86.7536035848123,85.69295939705957,85.95336151123047,1787400
2020-07-06,87.64278369719888,88.56052562028486,87.36968377308602,88.22391510009766,2312700
2020-07-07,88.03973528071056,88.57958992521677,87.04260867053867,87.18233489990234,1893000
2020-07-08,87.84601903343062,88.43985545287815,87.15691672147497,88.36363983154297,1610700
2020-07-09,88.78914776040692,90.07843150482974,87.43317717638709,89.53540802001953,2007900
2020-07-10,89.77361209221407,89.88158303463403,88.3700116457243,89.2337646484375,966000
2020-07-13,90.49764716206768,91.47255464406508,87.59834204290182,87.76664733886719,2951700
2020-07-14,87.14738175658155,89.44014440901749,86.0105219303182,89.21785736083984,3124200
2020-07-15,89.93238378672173,89.93556004357069,87.69677140600305,89.06227111816406,2247000
2020-07-16,88.02704350587972,89.0146486808791,87.63962009191283,88.72884368896484,1344600
2020-07-17,89.02097449768382,89.53858795567508,88.74152210376614,89.17657470703125,1340400
2020-07-20,89.32585899683343,91.19309846359431,88.73837497917937,90.93904876708984,1783200
2020-07-21,91.61223242763667,91.73290834628965,90.10383795687525,90.47537994384766,1593900
2020-07-22,90.72309732418574,91.46300520780272,90.03717126604467,90.7739028930664,1240500
2020-07-23,90.82153977936329,91.52969236773296,88.59863259611342,89.38617706298828,2006100
2020-07-24,87.80473281085317,89.23691922486694,86.6202435259377,87.9825668334961,2717400
2020-07-27,89.09399822975674,90.76117640018747,89.03048764951633,90.72307586669922,2324400
2020-07-28,90.05939242836753,90.17689211042654,88.79233505025195,88.97016906738281,1822500
2020-07-29,89.76090329389244,91.17403233844385,89.66563739229161,90.802490234375,1452000
2020-07-30,90.5388990074389,92.67606151381095,90.5166724824847,92.59032440185547,2717400
2020-07-31,92.8221484737637,92.86660879594397,90.80883070629386,92.21561431884766,1928400
2020-08-03,92.77768736950017,94.1146078652101,92.76498961207102,93.8891372680664,1654200
2020-08-04,93.88913705580751,95.34990974431857,93.84150774599344,95.26734161376953,1452900
2020-08-05,95.11807907621028,95.59123949024871,94.5051924636208,95.16889190673828,1741500
2020-08-06,95.09585361398621,95.27368762034037,94.1527090315477,95.11808013916016,1096200
2020-08-07,95.01013534989501,95.36261990799706,92.91742545757691,94.06063079833984,1364700
2020-08-10,94.34325465653907,94.45757809206192,92.69513358726907,94.05745697021484,1326900
2020-08-11,93.94947591865096,94.92119957669959,92.79038947827883,93.07618713378906,2116500
2020-08-12,93.86691101708165,96.33751521367924,93.56523206951262,96.08346557617188,1945800
2020-08-13,96.08345115763497,96.18189328775418,94.65444124044073,95.12760162353516,1522200
2020-08-14,95.43247839898709,96.18191507469845,94.73385456199065,95.07046508789062,1088700
2020-08-17,95.854850150813,96.59475818638151,95.6357320106713,96.1406478881836,928500
2020-08-18,96.68682201899483,96.75668512313585,95.35943030863677,95.63253021240234,1020300
2020-08-19,95.75002361688291,95.92468136578498,94.80052652875054,95.0895004272461,1197600
2020-08-20,93.99711487020846,94.67986468645215,93.54301192381514,94.24481201171875,1899300
2020-08-21,94.06063393617389,94.9561494195831,93.7017968524138,94.88311004638672,1239300
2020-08-24,95.98185182694561,96.21366768056004,95.12126799614188,95.8707046508789,1043700
2020-08-25,96.06123960756604,96.87736307946473,95.86752430478255,96.8011474609375,1089900
2020-08-26,97.02026118964426,97.45849737516325,96.61696382629314,97.11235809326172,1019700
2020-08-27,97.53786092330473,97.53786092330473,95.39752236779988,96.00723266601562,1660200
2020-08-28,96.12474716260364,97.81732838911405,95.9564419168621,97.77922058105469,1711200
2020-08-31,97.71253596691113,98.37941172070747,96.9345203110832,97.56011199951172,1013400
2020-09-01,98.34128241511483,99.56387921678275,97.83001426523626,99.4971923828125,1414200
2020-09-02,101.0659664725321,102.97131361080987,100.10058787563094,102.38065338134766,2971800
2020-09-03,100.73569594731578,100.96116656848096,95.99773840258104,96.67095947265625,3921000
2020-09-04,96.0263171707997,97.31560122194112,92.25689990386242,95.66747283935547,3466800
2020-09-08,92.23148516945288,93.92406639085758,91.06287722188247,91.19625091552734,3036000
2020-09-09,93.50807628954702,94.46074973406417,92.27912667392131,93.67955780029297,1914600
2020-09-10,94.94660849990227,95.2260609291321,91.86630107025249,92.4093246459961,1914000
2020-09-11,93.05397887336909,94.0161812195968,91.37727134563342,92.3839340209961,1524300
2020-09-14,94.23527769690644,94.82276158363908,93.50807486680439,94.23210144042969,1155600
2020-09-15,95.5213912107083,96.51851767981992,95.35625494967807,95.85800170898438,1259700
2020-09-16,96.54711459520504,96.66143804285744,94.81324894825185,94.9593276977539,1217400
2020-09-17,92.53951226668568,95.06409809472237,92.21560681688094,94.91166687011719,1714800
2020-09-18,95.34673473127873,95.58807934489091,92.20926202264178,93.42550659179688,1210800
2020-09-21,91.66623175411473,93.25719451904297,90.87868737808901,93.25719451904297,2331600
2020-09-22,93.85421657516326,94.34960357356907,92.21879332662984,94.21940612792969,1096200
2020-09-23,94.24456881383477,94.75131028265226,91.70447869227844,92.04549407958984,1896000
2020-09-24,91.2837996449429,94.11390883326325,91.21687165819424,92.82315063476562,2350500
2020-09-25,92.98570301060788,94.39438598106415,91.5929587511159,94.09798431396484,1614300
2020-09-28,95.43334844554656,96.78466642827915,94.81505786251284,96.68904876708984,1836000
2020-09-29,96.77191740882023,97.82364605163524,96.62531046700973,96.91533660888672,1915500
2020-09-30,96.85159597447131,98.03718058736206,96.51376829699716,97.08106231689453,1947600
2020-10-01,98.400520174516,99.34708268052609,97.94796289370294,99.15904235839844,2045400
2020-10-02,96.59663992816527,98.19017544376884,96.05165273678286,96.18550872802734,2008500
2020-10-05,97.06195809535507,99.28015253235365,96.93128254807947,99.19091033935547,1540200
2020-10-06,99.27057802106917,101.09676019785832,98.31445971217748,98.7192153930664,1888800
2020-10-07,100.12471147515699,100.9182914301749,100.10877276570102,100.60914611816406,1249200
2020-10-08,101.53020130513202,102.06243745969788,101.2114927839756,101.85527801513672,979800
2020-10-09,103.32769956440198,103.93642692257991,102.9356948729003,103.64640808105469,1967400
2020-10-12,105.01686189394913,105.72438747276153,104.49418159435383,105.18577575683594,1591500
2020-10-13,105.36425183191642,105.89330764742003,104.52287020951879,104.99774169921875,2298900
2020-10-14,105.43435320382693,105.75624948858096,103.97786880408756,104.5738525390625,1562400
2020-10-15,102.62336153703855,104.49735243665623,102.40982661267272,104.29338073730469,1207200
2020-10-16,105.01366571979065,105.20488646802784,103.71334420688673,103.79620361328125,865800
2020-10-19,104.64713899412011,105.26542957062505,102.87832169984637,103.27352142333984,1208700
2020-10-20,103.7388286126412,104.01929151806785,102.86238932778616,103.10460662841797,1048800
2020-10-21,103.34999370376515,103.55715311982658,102.33013532989459,102.41300201416016,1074300
2020-10-22,102.54050729581155,102.98669635415585,101.21150334695436,102.45446014404297,905100
2020-10-23,102.06245207737001,102.09432220458984,101.12864057223877,102.09432220458984,786000
2020-10-26,101.22106687383369,101.58438922894307,98.5789903839589,99.88249969482422,1671300
2020-10-27,100.57410001139812,100.81950510348636,99.14629785056339,99.49049377441406,890100
2020-10-28,97.92245306183264,97.92245306183264,96.07395659088994,96.23331451416016,1481100
2020-10-29,96.24926727341999,99.7040436490823,96.11541125673654,98.67462158203125,1504500
2020-10-30,97.63243248502498,98.26984228317382,96.07077446752807,97.35834503173828,1337100
2020-11-02,98.26982521804022,98.71920192906686,96.8675180699484,97.70571899414062,1456200
2020-11-03,98.5662388891026,100.39242847030582,98.54711973140078,99.54785919189453,1385100
2020-11-04,101.67042818884087,103.56353819105244,100.45615395702953,103.02811431884766,3026700
2020-11-05,106.00483837171046,107.92344315759244,105.90922070618564,107.65573120117188,2808600
2020-11-06,107.40077699207767,109.81019204656879,107.05338605732412,109.41181182861328,2016000
2020-11-09,112.35026768059822,112.74864784550849,108.13059503681714,108.13697052001953,1920900
2020-11-10,107.16812157132684,107.62705429292949,104.62165552479432,104.8925552368164,1862100
2020-11-11,106.51157966551501,108.8636297990335,106.5020164400631,108.67240905761719,1670400
2020-11-12,108.84449164345756,109.10264764067267,106.76016098450712,107.33064270019531,1203600
2020-11-13,108.60865075888867,109.55202528907697,107.86925521178682,108.64689636230469,1070700
2020-11-16,109.53610215222415,111.34954071044922,109.23652005991623,111.34954071044922,1456200
2020-11-17,110.95434375354785,110.98621387720145,109.61258893445975,110.4316635131836,1371600
2020-11-18,110.62608406215082,111.38779396029335,109.53929740836696,109.60941314697266,1361100
2020-11-19,109.21740447351264,111.33361293518703,108.71703109471815,111.22843933105469,1056300
2020-11-20,111.26667670398994,112.20685629285671,110.57827036230665,110.70893859863281,1369500
2020-11-23,111.20293862054963,112.67854954212531,110.84599174665962,112.28654479980469,1374900
2020-11-24,113.09286124646931,113.09923673024976,111.15831771152584,112.89845275878906,1824600
2020-11-25,113.06416780795593,113.51673228226245,112.18454079197089,112.64984893798828,974100
2020-11-27,113.3637614431766,114.65770746128487,113.3637614431766,113.99161529541016,1713300
2020-11-30,114.18282300237145,115.44489875191397,112.73908245806196,115.31104278564453,1874100
2020-12-01,116.32771212164707,117.956305182983,115.94845112350599,117.21371459960938,2005200
2020-12-02,116.88546994338888,118.13798266535963,116.76754537166441,117.55793762207031,2141400
2020-12-03,118.23998604360501,118.93158027699232,117.5515868473368,117.7109375,1096800
2020-12-04,118.23994368311506,120.99356866009897,118.05191070979745,120.9202651977539,1624500
2020-12-07,121.60550715079717,121.61825082413898,120.37530134976484,121.5322036743164,1657800
2020-12-08,121.44614281706134,122.39907337178457,120.8501663999339,121.92420196533203,1203000
2020-12-09,121.4620922868435,122.27160370988184,117.768287009562,118.48856353759766,1949400
2020-12-10,117.47507321829286,119.33950103009707,117.07987346258992,118.32283020019531,1967400
2020-12-11,117.48462800379868,117.994564579334,115.88472442896337,117.17230224609375,1605900
2020-12-14,118.26354863179714,119.19605979530266,118.00167275032325,118.48070526123047,1313400
2020-12-15,120.07748757126406,120.53096623292876,119.28868029769527,120.13177490234375,1102500
2020-12-16,120.6970376813055,120.6970376813055,119.25035741555656,120.20203399658203,1342500
2020-12-17,120.99082757651323,120.99082757651323,119.89543990074291,120.42237854003906,1240200
2020-12-18,120.58206082652221,120.80560591422253,119.08428754150827,119.70703125,1160100
2020-12-21,118.19327359476604,119.27588428646007,117.19369100258488,119.17369079589844,1799700
2020-12-22,119.20242621754613,119.27907315938756,118.004845161729,118.99803924560547,668700
2020-12-23,119.19604472033943,119.39085631802634,118.00165782641653,118.10385131835938,1257000
2020-12-24,118.73299257203314,119.21202505924228,118.37531166796376,119.1577377319336,574200
2020-12-28,120.55650998612856,120.62038000891178,118.85114821621211,119.02679443359375,1108500
2020-12-29,119.63994864736051,119.63994864736051,117.40446873874116,118.72020721435547,1334700
2020-12-30,119.37809850919113,120.91100113383196,119.26632230369316,120.70980834960938,1159800
2020-12-31,120.83434326867912,121.28143340435874,119.95611222852764,121.093017578125,1193100
2021-01-04,121.87865251289992,124.47820224210236,119.71342337957614,120.58526611328125,2487600
2021-01-05,120.48944067387092,123.0506591796875,120.39682256621276,123.0506591796875,1670700
2021-01-06,121.70617870624864,125.06260012665435,121.53692096181025,122.65147399902344,3215100
2021-01-07,124.44624644630346,127.59189994915977,124.44624644630346,127.27893829345703,1809000
2021-01-08,129.10246380388034,129.69327258604162,125.85143665930329,127.34601593017578,2119800
2021-01-11,126.2410073184255,129.65491737255695,126.14520960516441,128.63616943359375,1627500
2021-01-12,129.46334196991998,130.6673118130769,128.28811291032298,129.41543579101562,4503900
2021-01-13,130.6129805359817,130.89720136876488,129.11840173439637,129.6261749267578,1200000
2021-01-14,131.23570714387026,133.89273755267502,131.23570714387026,132.37261962890625,1748400
2021-01-15,132.22572004766462,132.37262546190613,128.93636324178954,129.6804656982422,2403900
2021-01-19,131.81376091624344,134.21851323150497,131.50398620098963,134.12908935546875,2517000
2021-01-20,135.58536562268324,136.0420458158211,133.337108521532,133.6500701904297,1851000
2021-01-21,134.9178840638421,136.12504049367033,133.52869297625767,135.58213806152344,2540400
2021-01-22,134.48038760333083,135.06160627547195,133.21254790917843,133.28280639648438,1668300
2021-01-25,134.39731596624821,134.74221984562152,130.90357255406386,133.47438049316406,1683300
2021-01-26,133.54782181771566,133.54782181771566,131.29317705492156,131.3059539794922,1224900
2021-01-27,129.01941526416545,129.03537911460006,123.98318592481016,124.49095916748047,5391300
2021-01-28,126.99788255189729,129.0481406702185,125.99830003606216,127.22142028808594,3369900
2021-01-29,127.64937815847136,128.10605832036845,124.58676015287101,125.00192260742188,2761800
2021-02-01,127.13202475689657,130.33514499657645,126.71047385400207,129.93914794921875,1923300
2021-02-02,132.10760388894582,132.21299164095242,130.26491899992823,132.0469207763672,2429400
2021-02-03,132.55145962891444,132.93149278435746,129.01939967148115,129.3643035888672,2767800
2021-02-04,128.95552047638563,130.5267460728423,128.0485488146678,130.42454528808594,1832400
2021-02-05,131.398606850143,131.398606850143,129.33877297987988,129.53358459472656,1462800
2021-02-08,130.4053785761337,133.51908896461268,130.39900473237722,133.4200897216797,1947300
2021-02-09,133.0337016959957,133.9662127130354,132.28639764695743,133.02731323242188,1383300
2021-02-10,134.12905410170475,134.82843721908404,131.57741164356528,133.28915405273438,2220300
2021-02-11,134.39093024017606,138.00283835342003,134.39093024017606,137.90383911132812,2112600
2021-02-12,137.4982959819224,139.88068163328646,136.7957256787984,139.60923767089844,1925100
2021-02-16,141.2730652463317,141.78404005205402,139.7114146685134,140.3118133544922,3152400
2021-02-17,139.10777988302354,139.62194137560545,136.01642246623564,137.90699768066406,2785200
2021-02-18,136.19530962267706,137.12144683276864,134.78056457111416,136.48912048339844,2247600
2021-02-19,138.5585546155587,140.60881309309843,138.2743191197634,139.7784881591797,2254500
2021-02-22,137.96137153083927,138.932213540846,134.2408874190687,134.71353149414062,2652000
2021-02-23,132.23851992093884,134.7103293016216,128.4062600350266,133.70115661621094,4029300
2021-02-24,132.86763662589428,138.18489981549573,131.67005548494396,138.03799438476562,3144900
2021-02-25,136.42845321205553,137.33223821302192,129.63577571825797,130.1754913330078,5339700
2021-02-26,132.30882186348643,134.37184330483262,129.67414232660173,133.142333984375,4558800
2021-03-01,135.16058553797637,137.53020836306152,134.13546377847135,137.38648986816406,2316600
2021-03-02,137.9421929045738,137.9421929045738,133.11673871919842,133.266845703125,3177600
2021-03-03,133.40734061214388,133.69474836592357,127.97830170426396,129.18865966796875,4425900
2021-03-04,128.77029981570445,129.37707227792413,121.14729863805458,122.97081756591797,7243500
2021-03-05,125.80031241409463,127.08730279046989,119.93375837882483,126.65937805175781,6307800
2021-03-08,126.49652065998046,127.01068239814315,119.77728150995262,119.82518768310547,7349100
2021-03-09,124.1652269725109,128.12522693162862,123.79795606129156,127.26934814453125,4132800
2021-03-10,129.463341589201,129.50485930286845,124.86781311035156,124.86781311035156,4082400
2021-03-11,128.5818894029642,130.86527533654734,127.90484385228983,130.12437438964844,3689400
2021-03-12,127.74203243415236,128.98752022168003,126.82229795213404,128.75120544433594,3153600
2021-03-15,129.44094823958906,131.64448557508095,128.50203421397208,131.4656524658203,3894900
2021-03-16,133.02092319376055,135.27875530689087,132.38859687762846,133.1646270751953,6785100
2021-03-17,131.3251362338259,135.89829635073994,130.328755272942,134.8412322998047,5773800
2021-03-18,132.96660367535978,133.22847215413077,129.11199264409822,129.2620849609375,6042900
2021-03-19,129.52080380861514,132.0149654657017,127.86972937239135,130.85890197753906,6614100
2021-03-22,132.46529430381236,135.192584500528,131.96390936994823,133.62774658203125,3130200
2021-03-23,134.1450342630165,134.3813635381289,129.51439265737588,130.11477661132812,5638800
2021-03-24,132.28004513139322,132.81655920682383,128.26893725704713,128.32962036132812,6608100
2021-03-25,126.34779852163598,129.0898220287751,125.04556657293959,128.46591186523438,5580000
2021-03-26,128.56508170920347,135.05380225783367,128.47869686282797,134.80743408203125,6493800
2021-03-29,133.54682688196993,134.05875015538737,131.15034285121047,132.7405242919922,6540600
2021-03-30,131.6942711650425,132.70213843689442,130.8591882537916,132.4237823486328,4263600
2021-03-31,133.67480685350205,136.68559293470295,133.4124447128911,135.65853881835938,5968200
2021-04-01,138.01977932366609,140.72662129287932,137.9685899383318,140.64663696289062,7380000
2021-04-05,142.95992607144254,143.90380276116264,141.2481645966587,143.4846649169922,6504000
2021-04-06,142.6400053851344,143.51989186922188,140.47070256291752,141.8817138671875,5913000
2021-04-07,142.02889289966848,142.51522886364606,140.7138744328784,141.78892517089844,3296400
2021-04-08,143.31190823974075,143.56788453061583,142.0928828526873,143.40469360351562,4276500
2021-04-09,142.24326919106906,143.09755369525956,141.64494635120607,142.95677185058594,2466000
2021-04-12,142.20802987053776,142.20802987053776,140.205096778038,141.42092895507812,2607900
2021-04-13,142.4991927767934,142.7007720537892,139.78915763746826,141.1969757080078,3328500
2021-04-14,140.92823301965822,141.99688308621543,138.88049602343503,139.64520263671875,4996200
2021-04-15,141.07858094710016,142.2784191731937,139.99392250384352,141.9840545654297,5672400
2021-04-16,141.98410974738403,142.27526689297005,141.00824484994928,141.318603515625,2712600
2021-04-19,140.27870727533983,140.74904922739225,136.34003831329545,137.6038818359375,8922300
2021-04-20,137.1527292904973,137.72224241131448,134.84263034317274,135.6425323486328,5374500
2021-04-21,135.7481367473304,139.2516593705007,135.18820233981637,139.20046997070312,4321800
2021-04-22,138.91252502229327,139.09809577628457,135.34180391743496,136.1704864501953,5433000
2021-04-23,136.72719344560664,139.22605633975783,136.56082423585198,138.65333557128906,3996300
2021-04-26,138.83252776477303,141.3697791807614,138.58295196727232,141.1938018798828,3577800
2021-04-27,141.74734108830447,141.84971989637555,139.70921189844313,140.13475036621094,4878300
2021-04-28,139.35724811559842,139.42443145776258,137.8470509473957,138.0070343017578,2356200
2021-04-29,139.96841161437453,140.05158892161572,136.8872189217114,138.9029541015625,3237000
2021-04-30,136.8647745037868,137.67106242279354,134.7050653051482,135.0314178466797,3900000
2021-05-03,135.99131290838437,136.1320947587516,132.88132583374576,133.6268310546875,3222900
2021-05-04,131.88628256998024,131.93748663106877,128.9458864326769,131.37435913085938,6061800
2021-05-05,133.02209902600308,133.8315946129264,131.2047507490118,132.1966094970703,4808700
2021-05-06,131.95025340982826,133.31328305100718,130.44966413754372,133.28128051757812,3656400
2021-05-07,134.6378543337318,136.0328714404598,134.00114325228296,135.11138916015625,2871600
2021-05-10,133.9307798672689,133.9307798672689,128.87546391247125,129.10263061523438,6354600
2021-05-11,125.16398144382758,129.6337763076916,124.71603382581843,129.27542114257812,6719400
2021-05-12,126.57174119899089,127.32043915660387,123.5097660371964,124.0088882446289,7754100
2021-05-13,126.1590359625668,127.53485192870225,124.33207949088069,125.58950805664062,4862400
2021-05-14,127.41962855342794,130.64798726730774,126.18138728389661,129.47694396972656,4663500
2021-05-17,128.2771280078013,128.45629822001877,126.20380364737645,128.34751892089844,3365100
2021-05-18,129.55374205535705,129.80011022110673,127.24045028704157,127.31404876708984,2354700
2021-05-19,124.84720629681368,129.93131737409192,124.31927437725659,129.79693603515625,4127400
2021-05-20,130.76636548823046,133.76115684837092,130.67037257685698,133.21083068847656,5020800
2021-05-21,134.1515419627019,134.20274600967682,132.25420939599113,132.4749755859375,5250000
2021-05-24,133.86040884917173,136.554451091939,133.7420214390211,135.82174682617188,3373800
2021-05-25,136.82001466325826,137.25516128858598,135.4569995134898,136.2248992919922,4363500
2021-05-26,136.32404515112404,137.1815371351206,135.34818043090877,136.58961486816406,2492400
2021-05-27,136.33686013176953,137.8534578765295,135.98171259379217,137.16554260253906,3302700
2021-05-28,137.683911832171,139.1045169478584,137.44073648203482,138.4390106201172,2179500
2021-06-01,139.48519371202383,140.58584610396858,137.33828589124292,138.05178833007812,3373500
2021-06-02,137.94625585352668,139.45645323011394,137.50791634148612,138.89332580566406,2140500
2021-06-03,137.33513704501084,137.93345995567952,135.8665355847589,136.50645446777344,3247500
2021-06-04,137.67743688052786,140.09950775522626,137.67743688052786,139.82115173339844,2821500
2021-06-07,139.1588605348975,139.41482215557306,137.9270196040829,138.7333221435547,2376300
2021-06-08,139.81477187687744,140.05793248497253,136.89996427673216,137.9398193359375,2534400
2021-06-09,138.3973530572318,138.79730404989624,137.26150512695312,137.26150512695312,2607000
2021-06-10,137.47999111664788,139.37960528506332,137.19168287795327,138.83822631835938,2165100
2021-06-11,139.25468280327442,139.53977966308594,138.46985258858598,139.53977966308594,1765200
2021-06-14,139.89212904279736,141.5226593017578,139.07206146478342,141.5226593017578,3673800
2021-06-15,141.1446864818651,142.00639993333124,139.9017685023833,140.36306762695312,2388300
2021-06-16,140.79869612754743,141.2055332052463,137.93807893307866,139.04324340820312,3614700
2021-06-17,138.6620449004018,141.57073070096786,138.55633236366847,140.5424346923828,3873000
2021-06-18,139.5782264690086,139.68072760160052,136.42287794143633,137.1788787841797,2889900
2021-06-21,137.33584966309763,137.92528253274037,136.16981489607156,137.68502807617188,2233200
2021-06-22,137.89002529721714,138.73251414726644,137.11799680475556,138.33529663085938,1737900
2021-06-23,138.68126089604283,139.69352912711756,138.636403824309,138.91189575195312,1889400
2021-06-24,140.26375494121777,141.64760824122868,140.11639672935385,141.27281188964844,1428300
2021-06-25,141.87186685048508,142.09930501779837,140.49121012791576,140.888427734375,1343100
2021-06-28,141.75972449595182,144.8510061113439,141.75972449595182,144.25196838378906,2651100
2021-06-29,144.0821750044794,145.5941765246635,143.608074324147,145.38275146484375,1748100
2021-06-30,145.2482033687204,145.78317414848223,144.53384830221916,145.5044708251953,1317300
2021-07-01,145.35716212045355,145.35716212045355,142.93219602774377,143.4191131591797,2264100
2021-07-02,144.30962267092391,144.64277333343705,143.16600922543446,144.29360961914062,1827000
2021-07-06,144.68442327903145,145.1521158510856,142.21140385510714,144.0469512939453,2001900
2021-07-07,144.95350285228238,144.96631915930118,141.26640969381359,141.8654327392578,1888200
2021-07-08,138.87668976702494,140.71223745313392,137.81317073365744,140.042724609375,2000100
2021-07-09,140.50402037581685,142.59262412894947,139.4917372753243,142.32675170898438,1833000
2021-07-12,142.93539406067381,144.15267944335938,142.3908182492635,144.15267944335938,3949800
2021-07-13,143.55043185342527,144.19750874830154,142.81365546921234,143.5760498046875,2122200
2021-07-14,144.5562652292064,145.78316983633184,142.5028995657919,142.91293334960938,2256600
2021-07-15,142.2242011388513,142.53173381926644,138.6812551450303,139.7415771484375,2657100
2021-07-16,140.17725995398882,140.8852216919069,136.37804566064165,136.7047882080078,2571600
2021-07-19,134.8371819682074,136.7912432906536,134.0651535379367,136.5670166015625,4068000
2021-07-20,137.22372375129436,139.47892467790962,135.5035083597245,138.42820739746094,3201000
2021-07-21,138.95677659349536,142.74638595314195,138.95677659349536,142.67910766601562,2039400
2021-07-22,141.96474263394745,142.61503093271187,140.7859062938565,141.83660888671875,1185000
2021-07-23,142.49970726651887,142.7015274411644,140.80191319397215,142.56057739257812,1312500
2021-07-26,142.01282379819816,142.92259117544876,141.6604485934895,142.60545349121094,1123200
2021-07-27,142.19856422539215,142.19856422539215,137.03149624637192,139.9882354736328,2508000
2021-07-28,140.49759291097246,142.87450462978325,139.8216720218054,142.2754669189453,2289600
2021-07-29,142.81686589525378,145.62303630906106,142.76240391465714,145.17776489257812,2303700
2021-07-30,143.86434704347747,146.66410882006915,143.86434704347747,146.36619567871094,2320200
2021-08-02,147.76925842195212,149.11788847795953,146.92996647297383,147.2919464111328,2864100
2021-08-03,147.61872721910993,148.4131622314453,145.89208923554793,148.4131622314453,1769100
2021-08-04,148.7014624220005,150.6459188487202,148.48041781316365,149.92515563964844,1626000
2021-08-05,150.6459363429892,151.0015082082878,149.09869722127812,149.9508056640625,1420200
2021-08-06,149.069849601215,149.95398403903147,148.8135821500137,149.2043914794922,1233000
2021-08-09,149.80666403595407,149.8931521231826,148.07042081723034,148.6982879638672,1065900
2021-08-10,148.91930182734495,149.1755692908574,145.89849557771737,146.9716339111328,2695500
2021-08-11,147.37210922368297,147.57712619183945,144.74851964920705,146.46875,1296900
2021-08-12,145.98819100916174,145.98819100916174,143.69455621519444,144.8958282470703,1531500
2021-08-13,144.56270039717072,145.82803949250638,144.4377633937026,145.8056182861328,1060200
2021-08-16,145.25463155164084,145.63903278936084,144.04695120011476,145.2642364501953,1143900
2021-08-17,144.05651178280104,144.05651178280104,141.119012101226,142.4516143798828,1850700
2021-08-18,142.25303181237527,143.12434997501384,140.38224709309455,140.56805419921875,1879200
2021-08-19,139.68717196896174,142.49655424041913,138.6044283224276,141.72132873535156,2175600
2021-08-20,142.09926432411433,143.03786075263017,141.0837993893682,142.7847900390625,1798200
2021-08-23,144.2679826486084,147.00048099940733,144.2679826486084,146.80506896972656,2181000
2021-08-24,147.22791913390748,147.67640191311781,146.5520128841644,146.80506896972656,1662900
2021-08-25,147.38486771196548,149.01539807924166,147.30159104926403,147.9230499267578,2274300
2021-08-26,147.7468648270897,148.63740749477228,146.84991400617514,148.060791015625,2284500
2021-08-27,148.14409666151965,151.06558426710546,147.9358683212714,150.88619995117188,2404500
2021-08-30,151.50122780708776,152.6512492938112,150.64592269703203,151.1873016357422,2519400
2021-08-31,151.35065023114583,151.55245569282917,148.81035322858438,149.97959899902344,2107800
2021-09-01,150.73241042526158,150.88296535771397,149.16275024414062,149.16275024414062,1632600
2021-09-02,149.87070875268748,150.18143820290135,149.14034057303658,149.72015380859375,1501500
2021-09-03,149.745764412107,151.42754515529438,149.41259914211173,150.84132385253906,1356000
2021-09-07,150.91821896838925,150.92462712193958,149.39661243944084,150.2871551513672,1640700
2021-09-08,149.59847906184672,149.75223080288887,147.06780019054727,148.36196899414062,3087900
2021-09-09,148.26262005449945,149.76500213805784,148.17292056785055,148.8840789794922,3921000
2021-09-10,150.10777725967057,152.3469504422924,150.05331528414843,150.06613159179688,2959200
2021-09-13,151.57811147521963,151.81836588516953,149.4542560391176,151.50442504882812,2835900
2021-09-14,151.89202289027412,152.66083986021124,150.8188846748983,151.5108184814453,2581500
2021-09-15,151.62936760882377,152.3853683754452,150.34480418808783,152.38217163085938,3770400
2021-09-16,151.28018773124413,153.1829984185346,150.65232076661133,152.6736602783203,1655100
2021-09-17,152.2700492325889,152.2700492325889,149.5599723805309,150.2390899658203,2426700
2021-09-20,147.03572015836528,147.60592853741093,144.36088049748466,146.5199737548828,3124800
2021-09-21,147.61549702819218,148.05436014145204,145.6165787815998,146.952392578125,2214000
2021-09-22,148.10882366850439,150.34799632420265,147.5674447775115,150.0020294189453,1309200
2021-09-23,150.71321678316022,152.48150073677894,150.1718523989422,152.00099182128906,2407200
2021-09-24,150.8471655210441,152.15092101573268,150.60632384394833,151.82659912109375,1191900
2021-09-27,150.20172160517888,152.05138404462437,149.31222137968803,151.45730590820312,1339800
2021-09-28,148.59615321293597,149.4599583622826,145.5326385498047,145.5326385498047,5448000
2021-09-29,145.85693084927883,146.28401910500637,142.957187692473,143.236572265625,6776400
2021-09-30,144.59495300187325,145.5390484430284,143.14025958253941,143.17880249023438,4524900
2021-10-01,143.74715589420396,144.0168973933952,140.91807471110607,143.2718963623047,3114900
2021-10-04,142.5300988154887,142.61679828961627,139.15511084281374,139.5821990966797,4161900
2021-10-05,140.25012517584176,142.6778132834834,140.0157073264036,141.69517517089844,3156000
2021-10-06,140.11848061794464,142.3567030018521,139.63357800417393,142.2475128173828,3410700
2021-10-07,144.08434810722864,145.8183964982327,143.72789241368264,143.9109344482422,1913400
2021-10-08,144.42795359818186,144.61420020697284,142.3213971441336,142.43699645996094,1672200
2021-10-11,141.87180592752685,143.8820343456167,141.4318700136346,141.48324584960938,1532100
2021-10-12,142.37597388640526,142.58471120107788,139.12943245194523,139.7170867919922,3201900
2021-10-13,140.72863513649685,141.39656519251213,140.0639096394897,140.5231170654297,1756500
2021-10-14,143.11458454083777,144.89680454557447,142.71638131166353,144.8839569091797,2486100
2021-10-15,145.94688273233933,146.28727159087728,145.11196278125803,145.8505401611328,1639500
2021-10-18,144.98350019870028,147.074004410296,144.15178489635744,147.0258331298828,1352700
2021-10-19,147.36300980662617,148.82733154296875,146.691875206471,148.82733154296875,1394100
2021-10-20,148.29103421932882,149.10027344725648,147.87679357986718,148.51904296875,1261500
2021-10-21,147.56532307107463,150.2081581017233,147.49789503520117,150.01548767089844,1303200
2021-10-22,149.2254676605196,150.76685996823244,148.0758545950693,148.33274841308594,3284400
2021-10-25,149.09062540009504,150.20813430154857,148.55114239934073,149.35073852539062,1684800
2021-10-26,150.51960940268208,151.05588779563973,148.93648418788135,149.46311950683594,1879200
2021-10-27,148.55439561267568,150.13109751695663,147.86397481237486,148.390625,3226200
2021-10-28,150.37193492854294,151.85873273598642,150.10219337425806,151.73670959472656,3278100
2021-10-29,150.45542333073212,152.43353287622256,150.28522891220686,152.41427612304688,2135700
2021-11-01,152.59727350226208,154.93504287858013,152.21193271707904,154.89971923828125,2547300
2021-11-02,154.81626319778252,156.83290086818485,154.81626319778252,156.82647705078125,2225400
2021-11-03,157.02878323361838,158.8270698277613,156.42185746564732,158.6343994140625,2175000
2021-11-04,160.42626802528594,164.70682354284415,159.55280526505646,163.97145080566406,4080900
2021-11-05,164.99259445157,167.0638416122422,164.14804633604302,165.7921905517578,4534800
2021-11-08,166.8197941198906,169.12866387589062,166.21608762328296,168.0336456298828,2921400
2021-11-09,169.70989436301875,169.90256477259862,166.22251144024997,168.0336456298828,2722800
2021-11-10,164.88021118734906,167.1345005241909,162.36904267368666,163.07872009277344,3934200
2021-11-11,165.77619333230945,166.92580696127263,164.49491347217955,166.52761840820312,2283000
2021-11-12,167.1056190936447,168.95206240995074,166.18398501512831,168.1556854248047,1970400
2021-11-15,169.41448731710625,169.41448731710625,166.30280186197996,168.0304412841797,2318100
2021-11-16,167.27260881355704,170.8563349583127,167.07030999076352,170.54806518554688,2023200
2021-11-17,170.63474964533523,170.63474964533523,168.53139772654316,169.35989379882812,1575600
2021-11-18,172.43941940031468,173.05597344546987,170.54800981025016,172.19215393066406,1997100
2021-11-19,172.2178554981639,173.83952380998318,171.3604596948709,172.67063903808594,3405900
2021-11-22,173.66292013362582,176.0135375079184,169.93789983226517,170.1691131591797,4422600
2021-11-23,169.98604695028735,171.12925108775184,166.63673959386614,169.48509216308594,2422800
2021-11-24,168.15567938899457,171.43433991705626,166.47299203264654,171.34762573242188,2117100
2021-11-26,168.11391780203382,169.63603899579104,165.3522645559604,166.57894897460938,2448000
2021-11-29,169.04837436818846,173.36747218662728,168.41254883882098,172.98211669921875,2412300
2021-11-30,172.30137743377975,173.91662218200278,168.49928574557657,169.9507598876953,3264300
2021-12-01,172.44263894258427,175.4868812362288,168.58274833393568,168.59237670898438,3112500
2021-12-02,166.8550974329307,170.0117342462354,165.58024186680112,168.83642578125,3124500
2021-12-03,171.22558105584815,172.92111583358587,166.51793780054172,168.4093475341797,2490900
2021-12-06,168.08175811430849,168.70795515593448,162.9309607437433,168.19415283203125,2091600
2021-12-07,171.95455731925162,177.02828542910976,171.95455731925162,176.6814727783203,2692200
2021-12-08,175.7438175110406,175.89795974787128,173.72074107712277,175.53187561035156,1666500
2021-12-09,174.4946211990319,176.23509337691726,171.3444078635249,171.49533081054688,1674000
2021-12-10,174.6937517504089,175.52545246096338,170.9719355376114,173.11383056640625,2020500
2021-12-13,173.7966386763076,173.873834792524,168.20649436198246,168.5023956298828,2286600
2021-12-14,166.43424309366068,168.576387537288,165.50790439223232,167.69186401367188,2888100
2021-12-15,168.03281556376749,174.0057312765369,165.77488416120173,173.84812927246094,2344200
2021-12-16,174.55569670939204,175.04782005362063,165.2666477322979,166.2637481689453,2797800
2021-12-17,164.62661588228335,168.51528043109013,164.07659902231885,165.87136840820312,2702100
2021-12-20,163.45902732072742,165.8552724855551,162.77714547840984,164.57191467285156,2145900
2021-12-21,168.28044571776147,170.58983579466803,165.9806996328496,170.50942993164062,1624200
2021-12-22,169.63134672798327,172.2816925048828,168.75004778893626,172.2816925048828,2134800
2021-12-23,172.62583660059886,175.0735406563317,172.62262684449394,173.9477996826172,2100300
2021-12-27,174.58470269971104,178.7532055731446,174.5429022375059,178.71461486816406,2503500
2021-12-28,179.54119400177765,179.56693094898233,175.9259332731863,176.74290466308594,1974900
2021-12-29,176.67536084951033,178.1195452444004,175.92915130566692,177.01309204101562,1254900
2021-12-30,176.6350413923948,177.3686037764174,174.46656394426734,175.0102996826172,1361700
2021-12-31,175.19042299656235,176.3550973351533,174.46329683608468,174.48260498046875,1217400
2022-01-03,175.6569695815451,178.12465687894496,174.96523420835405,177.950927734375,1699800
2022-01-04,178.74242619920574,179.85562731952766,173.13139769854448,177.40402221679688,3504600
2022-01-05,176.04622802929313,177.5583900735805,171.2234482098219,171.3778839111328,3751800
2022-01-06,171.35212735001062,173.51739348887867,169.49573259146985,172.7098388671875,2934300
2022-01-07,172.5425893240202,173.17318961139213,167.1760729236985,167.70050048828125,2284500
2022-01-10,165.62530022544752,168.1251677052385,162.15379553275042,167.76161193847656,5377500
2022-01-11,167.19860515061046,171.11732004254773,165.9631486741712,170.9178466796875,3157200
2022-01-12,172.5683134559676,173.7587321786978,170.45774589199402,172.17259216308594,3571500
2022-01-13,174.80439530416794,176.261843947926,167.72624270265774,168.15414428710938,3268800
2022-01-14,166.82214696522212,172.33987314767566,166.79962815863092,172.17901611328125,3401700
2022-01-18,169.4281895074938,169.45070831441336,164.1227939439719,164.48313903808594,7686000
2022-01-19,165.81834295018265,166.8382432002878,159.53167780853462,159.64427185058594,9931800
2022-01-20,160.87650855670162,162.1537917935309,154.43218266050562,154.63809204101562,8349900
2022-01-21,153.55704754751238,157.9229708116788,151.72638221533538,152.06419372558594,13946100
2022-01-24,148.8854792890554,154.0879125923816,143.79244408326971,153.80157470703125,15465300
2022-01-25,149.84748725334026,151.69102509174135,147.20926669580865,148.06185913085938,10710300
2022-01-26,152.21868755776677,156.61035669077938,148.0618827143965,150.3365478515625,8508000
2022-01-27,151.82290452639185,152.00629508451865,143.16183916653168,143.64443969726562,8400900
2022-01-28,143.5286541261926,146.3985137939453,139.40080444827484,146.3985137939453,7173000
2022-01-31,147.1320619340152,154.49655250556916,146.32129638333117,154.26168823242188,7846800
2022-02-01,155.7705971602503,156.0215441488832,151.66205636067392,155.54537963867188,4068900
2022-02-02,158.6887487863684,159.87594225798279,156.4462640467618,159.47377014160156,5229000
2022-02-03,155.46175066203875,158.03240024286146,151.9484186188013,152.5339813232422,6506400
2022-02-04,151.82288799138234,154.72171624814362,149.76701996926363,153.40904235839844,5061300
2022-02-07,153.78870766651724,155.88319234032838,152.74307802375202,153.32220458984375,3501900
2022-02-08,152.67228608867754,157.51759953834207,152.4181137267761,157.19908142089844,2941200
2022-02-09,159.2710909684395,162.3758150289563,157.27634254224654,162.3565216064453,5061000
2022-02-10,158.3959519793965,163.40212295783678,156.4011891734376,157.2956085205078,4614000
2022-02-11,157.5594656416551,158.7048321571658,148.21953478049647,149.29090881347656,7881900
2022-02-14,149.79921576347658,152.45030826946632,147.48273889105508,149.4324493408203,5697300
2022-02-15,152.6658451748832,158.08705959138607,152.26046250954707,157.67845153808594,4881000
2022-02-16,155.7416681919346,158.3155284488219,154.36463336652227,157.72998046875,2713200
2022-02-17,155.63549379915463,155.85104991728824,151.57198998076916,151.80685424804688,6003000
2022-02-18,151.87763291729988,152.43745140844845,148.023263975072,150.11131286621094,5866200
2022-02-22,148.48978260779566,152.77848918824617,146.82963527449823,149.1975860595703,8370000
2022-02-23,150.92849774818535,152.50178032135886,145.17268180542288,145.6424102783203,6525600
2022-02-24,139.9799210033697,151.2116372189001,139.64209468547634,150.9703369140625,8669100
2022-02-25,150.9638965198059,153.48629760742188,148.82437408479726,153.48629760742188,7065000
2022-02-28,151.48830022015952,153.9077388673594,149.480680290449,152.55323791503906,4359300
2022-03-01,151.93552970091204,152.8203023454785,145.41077512223927,147.0226593017578,4265700
2022-03-02,148.24526741141253,152.75598120371578,147.90101973555156,151.69747924804688,2850600
2022-03-03,152.6240597321548,152.66911208131012,147.61145200577016,148.51551818847656,4177800
2022-03-04,147.06768042360866,148.36427169408825,142.94628251195266,144.57424926757812,4443300
2022-03-07,145.00541173859725,146.0381694652604,137.29344809349064,137.32240295410156,5869200
2022-03-08,138.2586245865336,145.06650609817225,135.9517944955877,139.95416259765625,7909500
2022-03-09,144.66436854428278,146.91971055341656,143.01709330976686,145.8193817138672,4699800
2022-03-10,143.23908932751988,143.38065296728197,140.0185312507352,142.8272705078125,4805700
2022-03-11,144.89921129160078,145.1662410359148,139.47799642736098,139.76112365722656,6524400
2022-03-14,139.34287923913476,140.0667801254652,134.60052724128317,135.237548828125,5683800
2022-03-15,136.59203393170984,141.78803105273965,135.7362309580623,141.45343017578125,3980400
2022-03-16,143.85355810543726,148.7600065979982,142.29316250434724,148.73748779296875,4868700
2022-03-17,147.05158983441854,149.6544189453125,145.91587037661887,149.6544189453125,4133100
2022-03-18,148.612023193894,153.19350329732185,147.69185965270654,152.57577514648438,5004600
2022-03-21,151.98699333149165,153.5216742768959,149.5514717701109,152.27334594726562,4801500
2022-03-22,151.9966655974029,154.92766001585127,151.84545526383235,153.11630249023438,2886600
2022-03-23,151.71673787204395,153.57314760484155,149.21687055780174,149.25869750976562,3530400
2022-03-24,150.7979040600061,156.91594353881737,150.17900855501895,156.79345703125,5002500
2022-03-25,156.61937841905313,157.04485703227397,153.84400658336403,156.43885803222656,3103200
2022-03-28,155.50086847974094,157.65411376953125,153.2605944651829,157.65411376953125,2735700
2022-03-29,160.16837107365532,161.52220030327837,158.01189448954096,161.26754760742188,3093600
2022-03-30,160.0201299869629,160.58745465906603,155.2816970391252,156.11012268066406,3269100
2022-03-31,155.99408137921725,156.6871092965324,152.14854151780207,152.5579071044922,3369300
2022-04-01,153.20261863285893,153.5604133284915,147.3682248499566,149.60206604003906,5391900
2022-04-04,149.9920466551136,152.2452021461222,149.42793884478695,152.03245544433594,2705100
2022-04-05,150.7882362234658,150.91718570832452,144.64763489923965,145.03443908691406,4054800
2022-04-06,141.83039187100263,143.99651924630578,140.2186780098157,141.42745971679688,4836900
2022-04-07,141.23398984337172,143.00686391126567,138.77129012004954,141.73684692382812,3511800
2022-04-08,140.5603533194209,140.6119242652165,137.99774211589656,138.22015380859375,4500300
2022-04-11,136.1764791777477,137.31756169220503,135.0676229630314,135.3802947998047,4291800
2022-04-12,138.24271134066143,139.26453906520663,134.26178857091344,134.9677276611328,5894700
2022-04-13,135.84125041528398,138.82613807232804,135.00317468040535,137.87200927734375,3309000
2022-04-14,138.77132502339202,138.80356608085114,133.88462836250955,134.05870056152344,5903400
2022-04-18,133.38819672804814,137.58509635895535,133.2238042519895,136.37953186035156,3630300
2022-04-19,135.8347931277595,139.66100250348492,135.14498204773486,139.36766052246094,3036600
2022-04-20,141.57248422065194,142.80061036354147,138.5682667242862,139.0582275390625,3826200
2022-04-21,140.7698316522346,142.33640737834563,134.64856183508553,135.34803771972656,3600300
2022-04-22,135.1353524263692,135.88641433464002,132.115006393641,132.33743286132812,4569000
2022-04-25,131.2575433827659,134.60989015657466,130.86427628056754,134.57443237304688,6353700
2022-04-26,132.75645674572584,132.9885333623336,128.45641405867167,128.60791015625,5844000
2022-04-27,127.18961551864383,131.1028393189633,126.90272171561969,127.90520477294922,4350300
2022-04-28,130.47427056970375,136.39567683961715,128.8303159142019,134.95481872558594,4923300
2022-04-29,133.06265894177582,135.6446141741198,128.81418788259256,129.1881103515625,4188300
2022-05-02,129.3073688428291,133.64931694699638,128.29522099840312,133.50103759765625,4635300
2022-05-03,133.14644175697742,135.66392936075766,132.22132275710283,134.60665893554688,2300100
2022-05-04,135.60593475988944,140.0607046328839,131.4187140246549,139.82861328125,4259400
2022-05-05,137.32078291741507,137.52708141166238,131.07380894405688,133.05621337890625,4597200
2022-05-06,131.8377540603262,134.80652828287182,129.38151673026417,131.8699951171875,3950400
2022-05-09,129.0204934987735,130.59351772852736,124.4206758334308,125.15562438964844,5058600
2022-05-10,128.9334594137613,130.3678839253903,125.20719011809112,128.00189208984375,4476600
2022-05-11,126.90914612474751,129.89725009935827,123.85979152250789,124.22081756591797,5066100
2022-05-12,122.68648448809348,126.01627749929816,121.6291991233038,124.97510528564453,5345100
2022-05-13,127.16701249517918,132.27291840231845,126.49332938558395,131.35423278808594,4724400
2022-05-16,130.01974580483827,131.39291959777194,128.8657521574031,129.355712890625,2372400
2022-05-17,132.73062985696222,135.98628266743688,132.23100420697142,135.63815307617188,3193200
2022-05-18,133.39791684219352,135.25137211323386,128.25333530283552,128.8013153076172,3581100
2022-05-19,128.17273631371467,131.30911978932028,126.90593574846005,128.021240234375,3303300
2022-05-20,130.54194823170863,130.55161317126917,122.22230923546238,127.95354461669922,4083900
2022-05-23,126.96073125726834,128.84644219051307,125.98082439503597,128.5047607421875,3639300
2022-05-24,126.44175190405412,126.86402859236732,123.94684006488393,125.37480163574219,2865600
2022-05-25,124.5270530137127,128.83031210409982,124.41101471417113,127.63121032714844,2512500
2022-05-26,126.43532152812374,133.21093102831315,126.23223975431625,132.61782836914062,2966700
2022-05-27,134.7098417674668,138.30072879269133,134.7098417674668,138.07186889648438,3165600
2022-05-31,137.83333234891984,138.5811626141814,135.25459355829005,137.36270141601562,2807100
2022-06-01,138.06216853354772,138.75842773998,133.31407206501495,135.18365478515625,2466000
2022-06-02,134.71305763602265,140.03169608256053,134.45195670797898,139.89308166503906,2005800
2022-06-03,136.86307022006847,137.63669330205366,135.08051597682103,135.70909118652344,2065500
2022-06-06,138.56182568321745,139.01954546219397,135.04185434232033,135.9444122314453,2241900
2022-06-07,134.32947535848353,137.41750486504088,133.2947513018802,137.03070068359375,1866600
2022-06-08,136.27963661705084,136.83406478776635,133.1013469531539,134.11349487304688,3396000
2022-06-09,132.9570932496874,135.27499752902673,130.30343429402504,130.30665588378906,2517000
2022-06-10,128.16311241611075,129.27042341111482,125.41584915834699,125.67733001708984,3599100
2022-06-13,121.06087580558496,122.65242288469531,117.9713998905562,118.42658996582031,4042800
2022-06-14,119.7275778998105,120.26024124222081,117.68729900257168,119.08514404296875,2831100
2022-06-15,120.48945524166993,123.26254987578582,118.41688653860858,121.13188171386719,3811200
2022-06-16,117.59368900969572,117.71313908859297,112.3993691523769,113.83273315429688,3921300
2022-06-17,114.0877545969501,115.12080625819566,111.6729880261993,114.29436492919922,3400200
2022-06-21,116.7059118444332,119.04964859832411,116.62197315226311,117.28700256347656,2830200
2022-06-22,115.26608836395185,117.72280965881393,115.09498201321387,116.06346893310547,4106700
2022-06-23,116.75110538367218,116.8511815808679,113.46147723828561,115.27577209472656,2178900
2022-06-24,117.08037558160268,120.38291931152344,116.82533795064585,120.38291931152344,3783600
2022-06-27,121.47086904209007,121.7710976532942,119.13036121084417,120.05364990234375,2497500
2022-06-28,120.76386369128736,122.17139572917064,116.94156495731595,117.12557983398438,3039900
2022-06-29,115.52111203179642,115.65669960172828,112.94171183493681,114.3621597290039,3393600
2022-06-30,112.75771601887672,115.11436877289589,111.08545918853105,112.86425018310547,3285600
2022-07-01,110.98538056014772,111.58584516460006,107.46331742495698,108.870849609375,3875100
2022-07-05,106.11388012204007,109.72956848144531,105.46822465313284,109.72956848144531,3391200
2022-07-06,109.83610657743941,111.55678315589152,108.63517746090785,110.26546478271484,2672100
2022-07-07,112.85455713927784,115.77939194430418,112.85455713927784,115.20152282714844,2866200
2022-07-08,113.53251465241327,116.5412810822354,113.1903166723252,115.75035095214844,2334000
2022-07-11,113.9973801585997,114.56556237741803,112.34772615850657,113.08377838134766,2490000
2022-07-12,113.81981753859125,114.65594592618788,112.57369740625869,113.40013885498047,4494300
2022-07-13,111.08545646808484,114.94972493635953,110.85947961520529,114.03934478759766,3564600
2022-07-14,113.73587533261706,116.95448053600568,112.07653463498673,116.45732116699219,3186900
2022-07-15,118.23610060023968,119.4273352395547,116.38305826612925,119.23686981201172,2984100
2022-07-18,121.2126097606496,122.14235641141249,118.10053833931575,118.85595703125,2959200
2022-07-19,120.73157907902191,124.76693126287847,120.38614479830719,124.09545135498047,3116700
2022-07-20,123.9082364777361,127.86288703580472,123.14313081577849,127.25919342041016,4845300
2022-07-21,127.92097679340878,129.42213448715444,126.09377345926667,129.33819580078125,2753400
2022-07-22,128.92175931570225,128.97664457894456,125.00906367552646,126.15188598632812,4548000
2022-07-25,125.18339322454197,125.45134679133717,123.25932789990121,125.3544921875,2862900
2022-07-26,124.52159989867422,125.15111052549,122.80737380355234,123.26579284667969,2510400
2022-07-27,125.47714246057707,129.9451033902009,125.0994332146941,128.9055938720703,3214200
2022-07-28,129.18970050461982,130.77479698535134,126.37463618757054,130.4939422607422,3532200
2022-07-29,128.60535040231684,131.865924465829,128.1630763580779,131.49790954589844,3840900
2022-08-01,130.56496147465725,133.14436193326216,129.70623025932431,132.00477600097656,3812100
2022-08-02,130.51329807221884,133.75451372531663,129.9612681867438,131.75296020507812,2124900
2022-08-03,131.73359560826685,135.67856607480718,131.6496569221835,135.41384887695312,2860800
2022-08-04,135.1007025935007,136.80199786974543,134.70684100336769,136.3920135498047,1919100
2022-08-05,133.9998364426605,136.49529783311087,133.38646342963207,135.32989501953125,3279900
2022-08-08,133.46395062684917,134.94573434490988,131.2331915183551,133.2831573486328,3061200
2022-08-09,130.2033873218085,130.33897490306546,125.42551740532082,127.17525482177734,4368900
2022-08-10,130.5649749120538,132.69886508503896,128.8249168346804,132.45352172851562,3456000
2022-08-11,133.57697247443153,136.1886482621631,131.99187584759326,132.2824249267578,2403900
2022-08-12,133.16372219488454,136.52113642667172,132.67947876293874,136.15310668945312,2049600
2022-08-15,135.54617401127663,137.04087345352568,134.61965660805703,136.65994262695312,1325100
2022-08-16,135.95942727972314,136.55666288210523,133.75127816854544,135.26211547851562,1566900
2022-08-17,133.1895425133113,133.25410732062332,130.148494277309,131.9950714111328,2640000
2022-08-18,132.35340722028562,135.904515570215,131.87562178694213,135.0038299560547,1698900
2022-08-19,133.14434900195113,133.81906526432988,130.68438407941815,131.35910034179688,2323500
2022-08-22,128.69577497100167,128.93789671364823,125.80322997739945,126.4166030883789,2903400
2022-08-23,126.50701329102742,128.98310146802854,126.36173136311149,127.04612731933594,2430600
2022-08-24,126.90080741527123,127.80472929408664,125.89358777895717,127.36567687988281,1251900
2022-08-25,127.4883714811229,132.18875964191568,127.41734872655226,132.03379821777344,2679300
2022-08-26,131.73682677032224,132.04351333350095,124.34726627054441,124.54419708251953,2838000
2022-08-29,123.22060783525018,124.64751392851089,121.82921313005869,122.02936553955078,2575200
2022-08-30,123.34328713824051,123.3917144482283,119.1271408033254,120.60892486572266,3212700
2022-08-31,121.14159300339128,121.1448219832494,118.30392560363494,119.34666442871094,2974800
2022-09-01,116.30236397526717,117.14817180893202,113.50343749057191,117.13203430175781,4537800
2022-09-02,118.93664375636178,119.7663140945799,115.34032929765851,115.84717559814453,3841200
2022-09-06,115.82780873637242,116.46378469046236,113.63257559098889,114.51066589355469,2692500
2022-09-07,114.97231357749658,117.43227130968856,114.1039028268153,116.44763946533203,1699500
2022-09-08,115.31774886670338,118.85272795802092,114.60429952243128,118.41045379638672,2823300
2022-09-09,119.96971130305818,121.87762440638426,119.96971130305818,121.2513427734375,2066400
2022-09-12,121.77431589043381,122.44580321799576,120.37969973160348,121.84210968017578,2610900
2022-09-13,117.20950796103354,118.21673520304161,113.92956700775873,114.27499389648438,4065000
2022-09-14,115.1337318609581,116.37340142727236,113.84887135767796,115.57278442382812,2722800
2022-09-15,114.79477561604033,116.14097210371798,112.88362585292855,113.65518951416016,2432700
2022-09-16,112.40581835068139,114.45901327746759,111.55032354325748,114.33633422851562,3392100
2022-09-19,112.87716759673528,115.54372855058698,112.82551130931778,114.93681335449219,2146200
2022-09-20,113.82626258398474,114.378299813711,112.50911982727499,113.4098129272461,2630700
2022-09-21,113.61965419929216,117.29990738673973,112.2637710571289,112.2637710571289,3535200
2022-09-22,111.62135413503636,112.09268170975447,108.56416069164264,109.20982360839844,2936100
2022-09-23,107.9185049790437,108.20905402998318,105.79428713892027,107.74740600585938,3881700
2022-09-26,107.37152808725237,109.02364370977833,105.94012295792345,106.13162231445312,2881500
2022-09-27,108.05964135072483,108.85161828119301,105.57983718150683,107.11835479736328,2977200
2022-09-28,106.23225577147821,109.06260875964082,105.79082729775725,108.63740539550781,4045200
2022-09-29,106.65096909765849,106.85220800827604,103.57718737630543,105.25851440429688,3009000
2022-09-30,103.8985248182697,106.57956843431403,103.29480804308031,103.45384979248047,2722800
2022-10-03,104.63206701326524,108.22843231174018,103.88228718222332,107.03072357177734,3747300
2022-10-04,110.47778755463948,112.18508669052055,110.19540079908616,112.05200958251953,3182400
2022-10-05,110.19539265015743,114.10984884350754,109.21516277706415,112.96732330322266,2505600
2022-10-06,112.85046741590877,114.92778650830199,112.09744110218598,112.51615142822266,2850000
2022-10-07,109.16322758829764,109.47157895950141,105.13192677956467,105.76486206054688,3969000
2022-10-10,105.35264315268036,105.47922723535018,100.70463224203647,102.16849517822266,4665000
2022-10-11,100.34759772886211,101.27915233838634,97.9002582413968,99.29595947265625,4818600
2022-10-12,99.16610617025052,99.69192893190446,98.01709514143624,98.3319320678711,3107400
2022-10-13,94.48565977036029,103.02539446648714,93.42103548501521,101.16230010986328,4911600
2022-10-14,102.57745533280786,102.57745533280786,96.63112427873547,96.94596862792969,3887100
2022-10-17,99.5264026402291,100.3638233210174,98.21834235449568,99.00057983398438,3760500
2022-10-18,102.09708289183548,102.76572229255537,97.58864969917447,99.34138488769531,3558900
2022-10-19,98.63381267999958,100.92535692617048,98.3287078007105,99.97757720947266,3043500
2022-10-20,100.5293571186436,103.66806138816331,100.02625987082915,100.59751892089844,3567300
2022-10-21,100.33461087919632,104.59636161699727,99.89642149847172,104.33670043945312,3703200
2022-10-24,104.68724523944023,105.24227915863648,102.34051805694517,104.7878646850586,3784200
2022-10-25,105.22930327803309,107.9006071785337,105.06052201655291,107.18003845214844,2770800
2022-10-26,104.9663942682733,108.6439001052384,104.45031096679297,106.1251449584961,4811700
2022-10-27,106.81974633304948,107.82270919867055,104.10624536257018,104.24256896972656,3589500
2022-10-28,104.43407114436117,108.48808988166994,104.16467044970513,108.32904815673828,4192500
2022-10-31,107.35208337194598,107.65069527779697,105.42731252384763,105.96936798095703,2394900
2022-11-01,108.09860818897694,108.4523958258377,106.18357715097382,106.822998046875,2810400
2022-11-02,107.49813330299462,109.37746023210968,103.31427605309237,103.45059967041016,3193800
2022-11-03,101.51608767405965,103.64859002406952,100.45146346741767,102.06462860107422,3752100
2022-11-04,105.74539389851044,107.05995478242569,104.27828428168884,106.78730010986328,4601700
2022-11-07,107.7772700084742,109.51378024726615,106.36858277041884,109.0950698852539,3548700
2022-11-08,111.13666784807644,112.81150903765918,109.23786965586264,111.49695587158203,3901200
2022-11-09,109.60789330657583,110.04283615467592,107.76751732890966,107.93305206298828,3578700
2022-11-10,114.10660039091681,119.39727858307094,113.15557424490649,119.1019058227539,5347500
2022-11-11,119.68292869792555,123.46754734089586,118.31319202539422,122.7469711303711,6114000
2022-11-14,122.08156955855334,123.78886112702129,121.36099344245854,121.40319061279297,3683100
2022-11-15,126.43420664810628,126.77826216511357,123.22734059409362,124.92164611816406,4897800
2022-11-16,122.07508424551409,122.31852033085926,119.00778808434896,119.7640609741211,4775700
2022-11-17,117.27776490053395,121.24090387163331,117.0667864753381,120.70209503173828,3961500
2022-11-18,122.72099278371603,122.74695741631609,119.6634362799448,120.97149658203125,3105300
2022-11-21,119.65370251670649,120.0821524060898,118.58907823806045,118.96559143066406,1815000
2022-11-22,119.98478412899975,122.60415889803994,118.97858209460917,122.51002502441406,3290700
2022-11-23,122.38019371669071,125.18457485068976,122.36396117682104,123.99011993408203,3905400
2022-11-25,123.23383280253654,123.66552919034395,122.3379898071289,122.3379898071289,1164000
2022-11-28,120.8189437479788,122.09779286617659,118.45599139306665,119.28042602539062,3197700
2022-11-29,119.63747577465865,120.3093543122059,118.09246493092279,118.81952667236328,1828200
2022-11-30,119.26420149344624,126.03496770791853,118.15412619056713,125.94733428955078,4166100
2022-12-01,126.69386357428661,126.82369415844364,123.29874476665917,125.04174041748047,4130700
2022-12-02,121.9062901144321,123.82456002403649,121.28308696697911,123.62981414794922,3110400
2022-12-05,122.78915333603675,123.97387604938896,120.96176325517595,122.06533813476562,2709300
2022-12-06,122.05235374056333,122.17894525441979,118.29046106230346,119.4979019165039,2182200
2022-12-07,118.22228986606801,120.07889096433563,117.99832542563156,119.24147033691406,2111400
2022-12-08,119.96854355034279,122.77617844942436,119.17007350650236,122.68853759765625,2694300
2022-12-09,122.14650545723906,123.70124857394156,121.11757780281148,121.55252075195312,1749000
2022-12-12,120.95527775635941,123.83756013892982,120.33532847498384,123.70448303222656,2178900
2022-12-13,129.28726972694437,129.8503583896294,124.25521609231389,125.83057403564453,4521000
2022-12-14,125.52461014245405,127.02836006291096,122.49431379543864,123.94273376464844,3972000
2022-12-15,121.3388359292902,121.8661206358042,118.53637783436919,118.6991195678711,3881100
2022-12-16,118.06765626092945,119.09294767675405,116.6387624171936,117.8007583618164,2465700
2022-12-19,117.67708722345563,117.94724072723193,115.14152714393192,116.34258270263672,2231700
2022-12-20,114.89091781346089,116.69412165932643,114.63052357424793,115.63302612304688,2275500
2022-12-21,116.44021580381514,118.62749569604067,116.21563298689343,118.2369155883789,2291700
2022-12-22,115.93897067519664,116.12450145686122,111.06966673746146,113.45875549316406,5403300
2022-12-23,112.47576752080424,113.55964443413454,111.33004950322241,113.55638885498047,2571900
2022-12-27,112.65480261211093,112.75895880984615,110.9915515781101,111.50582885742188,3494400
2022-12-28,110.7864820489809,112.14376804338556,109.41292560827414,109.86209869384766,2682000
2022-12-29,111.65228938886504,113.89490687838165,111.23892018974865,113.36761474609375,3263100
2022-12-30,111.74668599936848,113.45224461357135,110.93947363046355,113.26345825195312,2010000
2023-01-03,115.18058675526504,115.38564356794807,111.47978248863994,112.1600570678711,2844600
2023-01-04,114.29525186222116,115.6850862038011,112.97701791438756,115.04712677001953,3257100
2023-01-05,113.91117258685429,114.72163300083703,112.9216851185883,113.10721588134766,2671800
2023-01-06,114.63703136947244,118.9920658525155,113.0877031987493,118.3703842163086,4898400
2023-01-09,120.54138817198378,123.29176439463029,119.77323528342062,120.5511474609375,4581300
2023-01-10,120.13778799568037,122.27624952456168,119.51285075935843,122.11024475097656,2825400
2023-01-11,122.18510596435245,123.73768973715494,121.15656624198178,123.68560791015625,2682000
2023-01-12,124.35284880659914,125.94448449123283,121.7847478663976,125.1893539428711,3324000
2023-01-13,123.56515425146972,125.71988571968377,123.41217183354993,125.70686340332031,2079000
2023-01-17,125.27721965978934,127.12273821150116,124.6880939259107,125.85008239746094,3017400
2023-01-18,127.25945551677819,128.15455363427452,125.1437907294994,125.1893539428711,3512700
2023-01-19,124.07617795253094,124.14127463967344,121.2834868650556,121.67733001708984,3775200
2023-01-20,122.98577871868372,125.5636460360302,121.73590455873847,125.48552703857422,3352500
2023-01-23,126.65731195937765,132.22640893849902,126.45549583412998,131.78700256347656,5726700
2023-01-24,130.17905517215763,132.01806223000236,130.00003559929613,130.7909698486328,2370300
2023-01-25,128.48976619777972,131.38009399645586,127.50352709985529,131.145751953125,3301200
2023-01-26,132.649500747891,133.52506507713863,130.45571773200663,133.35581970214844,3896700
2023-01-27,131.05139360904997,133.65204259883294,130.71287297787464,132.50631713867188,4289700
2023-01-30,130.69990098229687,131.4908355798062,128.8836747251837,128.98782348632812,4384500
2023-01-31,128.74043439097463,131.45500651761932,128.61673727370473,131.39315795898438,3104100
2023-02-01,132.0441299205216,139.6410275948137,131.92695887042916,138.2446746826172,7244100
2023-02-02,139.66057655520245,142.599731618427,138.86637905067772,141.447509765625,7456200
2023-02-03,138.30330889407205,141.87391276193864,137.9517807582426,138.6873779296875,5555400
2023-02-06,136.51956666709003,138.53434517327452,135.82302184567934,136.4349365234375,2496300
2023-02-07,136.9622563533375,141.4474907384487,136.61723946984242,140.7737274169922,3285300
2023-02-08,139.83635473948377,140.98532864000498,137.42448398744168,137.74671936035156,3522000
2023-02-09,140.19763057971883,141.76974035408986,137.07620753903535,138.09823608398438,3015600
2023-02-10,136.68559207862322,137.08269824996088,134.4234487324074,135.9011688232422,2947800
2023-02-13,136.54237223668645,138.29676436238205,135.3510835582669,137.899658203125,2122500
2023-02-14,136.68234933526648,140.82581536577473,135.65705787327252,140.40267944335938,3252000
2023-02-15,138.94122771393305,141.0471480069532,137.915951166577,140.9755401611328,2143500
2023-02-16,138.43672428025195,139.88839976900712,137.29426177946902,137.5188446044922,3444900
2023-02-17,136.70514492162647,137.10549927910546,134.15005867872944,135.3771514892578,3064200
2023-02-21,133.27124206071844,134.84335177860686,130.73893749802795,130.99281311035156,2208600
2023-02-22,131.29878957235636,132.28176611138167,129.57695283910417,130.36463928222656,2285700
2023-02-23,134.75220676855963,135.29251377473747,132.0083417538149,134.65130615234375,4617000
2023-02-24,132.26222252579814,132.93598596990873,131.24670516489044,132.23944091796875,2842200
2023-02-27,134.44950020339803,134.46903367995125,132.89041290129646,132.93922424316406,2040900
2023-02-28,132.63002319123302,135.1981317510637,132.34360667437514,133.39492797851562,1582500
2023-03-01,133.88640193728259,135.0581721813912,132.90344040754943,133.43072509765625,1922400
2023-03-02,131.3541024084193,135.13952910968692,130.3353221307463,134.49832153320312,3108300
2023-03-03,134.46902819901752,136.7213973803446,133.4567590842507,136.57167053222656,2408700
2023-03-06,136.95247699196887,138.13075817752872,134.6610410995492,134.9832763671875,2177100
2023-03-07,135.12652698242954,135.69612679895042,133.02386942645782,133.56092834472656,1899000
2023-03-08,134.09795869286805,137.26171109215426,134.09795869286805,137.1119842529297,2088300
2023-03-09,136.93620879998147,139.0583993208751,134.18258494890256,134.38763427734375,3889800
2023-03-10,135.11022782538106,135.4584928410097,131.1653003363791,131.7902374267578,3320700
2023-03-13,130.41344360371278,133.45025101839155,129.04964639209462,131.82931518554688,3512700
2023-03-14,134.12723611245517,136.52283546667078,133.4892767790133,135.68307495117188,2743200
2023-03-15,133.7432027687689,134.40720698248876,131.26623536157874,134.1012420654297,3527100
2023-03-16,133.51533122309638,139.64426779555885,132.93270923535124,139.33831787109375,3730200
2023-03-17,139.6052398119304,140.68585382023934,137.7206541069287,138.47579956054688,2828400
2023-03-20,138.74595406672532,140.38967168587382,137.60024329773336,139.9405059814453,2155800
2023-03-21,141.0797054665663,142.56393692703165,138.13728718342003,140.2171630859375,2899500
2023-03-22,140.2203884266762,143.94722907506593,138.78823172704034,138.82403564453125,3313200
2023-03-23,141.2361686763053,144.51883266902428,140.11692251690508,142.60665893554688,4039800
2023-03-24,141.45149319368596,141.83652989482812,138.7137548340849,140.13319396972656,3120600
2023-03-27,140.63897863901144,141.06970828008272,138.00239521290743,138.4886016845703,1806300
2023-03-28,138.16881079118735,138.28302076608665,135.35604286895483,137.45094299316406,2737500
2023-03-29,139.74487435963235,142.85786528205827,139.48383153743367,141.86915588378906,3140400
2023-03-30,143.66712379082637,145.14856740409095,143.18418852836433,144.20553588867188,2602200
2023-03-31,143.1091503454141,145.31826073391923,142.87747405156844,145.09962463378906,2151000
2023-04-03,144.25122247168198,144.79941842446095,142.0682076020679,143.84658813476562,1876800
2023-04-04,144.10765704520867,144.15006381442132,140.37468131407005,141.1643524169922,2324100
2023-04-05,139.65678596781206,139.7742671970985,137.25189367091224,138.71702575683594,3343800
2023-04-06,137.45094338487252,139.02048659134908,136.38717440820386,138.0023956298828,1894800
2023-04-10,136.8146481143582,140.53783994946374,136.5960269549935,140.43994140625,1927200
2023-04-11,141.21653517929607,141.31443370712265,139.43488354593583,139.7024688720703,1823100
2023-04-12,141.0860331194596,141.12845482485545,137.01369877365883,137.14749145507812,2598900
2023-04-13,137.45743630065442,139.0889685540432,136.35777346431303,138.27645874023438,3013500
2023-04-14,138.1459551643107,139.81665301099812,136.55684439686124,138.06112670898438,1963500
2023-04-17,136.57641215112739,138.14922641483307,136.16526525328325,138.06112670898438,2206500
2023-04-18,139.13795834628976,140.33877635295832,137.60758046748217,138.6582794189453,2765100
2023-04-19,136.8179134394114,137.47052057516703,136.30234035866656,137.14096069335938,1264500
2023-04-20,135.7671760304248,139.06942134000866,135.63012706190534,137.013671875,2391900
2023-04-21,136.54055154562081,136.54055154562081,134.8111201370466,136.0086669921875,2157600
2023-04-24,135.76390672192377,136.53726622030263,134.48478797651728,135.39845275878906,2074800
2023-04-25,134.5892352962696,134.60229042786517,130.7649032859519,130.84974670410156,2482500
2023-04-26,132.2104252957609,132.89567018925553,130.87581470733676,131.5480194091797,1926300
2023-04-27,131.37835752683222,132.26918352594734,128.75810005487176,132.10276794433594,3116700
2023-04-28,132.7162206911892,134.51744039504604,132.12885929604332,134.4848175048828,2359200
2023-05-01,135.0231873186553,136.09675503225583,134.6707884776704,135.70191955566406,1803900
2023-05-02,135.75415073774622,136.527495457806,133.4177752582741,134.73280334472656,2115600
2023-05-03,133.97578262633888,135.59100418577427,133.08822783469066,133.1861114501953,2525400
2023-05-04,132.1321219022,133.5776713477055,131.25107986712635,132.4388427734375,2102700
2023-05-05,132.60199026742563,135.95318510536234,131.93305681273247,135.38540649414062,1619400
2023-05-08,135.23531232974747,136.0510787019742,134.11281015370707,135.95645141601562,1365300
2023-05-09,134.02470946932377,134.20418016113433,133.09798943681272,133.64292907714844,2348400
2023-05-10,135.14393689055444,135.95971817303558,133.69838751471465,135.00363159179688,2766600
2023-05-11,135.04278778609336,135.33321214889096,132.8467326817298,134.1193389892578,1854600
2023-05-12,134.5990341984176,135.1570141080969,132.73253874683445,133.995361328125,1383300
2023-05-15,134.3771143705309,137.65977725007068,133.98227887474962,137.6336669921875,1799100
2023-05-16,137.186630445522,138.93890066468975,137.186630445522,137.37588500976562,2047500
2023-05-17,138.63220895117234,141.31119973506424,137.76422191208022,140.76953125,1986000
2023-05-18,141.39601179106668,145.56950059485618,141.29158569452014,145.2170867919922,3429300
2023-05-19,144.7928958884671,145.1224707092357,143.56596757976905,144.4698486328125,2877600
2023-05-22,143.16788127860187,145.35088137140255,143.10587687622603,144.96910095214844,2299800
2023-05-23,143.99671106216428,144.94627022484147,142.86115361895136,143.17767333984375,1553100
2023-05-24,140.2963586410408,141.20349600243225,139.1314347395062,140.6161346435547,4341000
2023-05-25,147.0803034798295,150.5587483865768,145.48465009783527,149.98118591308594,12973800
2023-05-26,152.26862250106512,160.60581723097013,152.21641691513554,159.78350830078125,8010900
2023-05-30,163.48059393071588,164.13974361678453,159.00038362794467,159.6497344970703,7862700
2023-05-31,156.95115628170993,159.11131735856335,155.4794965084149,155.55128479003906,5358600
2023-06-01,156.50084517650322,159.57794249488572,154.8986788947695,158.22702026367188,7343700
2023-06-02,159.43438389047083,159.89120895959186,156.7064437963543,157.85504150390625,3318900
2023-06-05,157.27747606062914,157.36557579608996,154.61479673818513,155.41099548339844,2710800
2023-06-06,154.31459071600779,158.05082281529658,154.07964317018258,157.28726196289062,3235500
2023-06-07,158.32663952952447,160.55507096599138,156.69943660613086,157.0555877685547,3906300
2023-06-08,157.51631771899423,159.05530188252175,156.70596943753688,158.6632080078125,2724900
2023-06-09,160.46031597184066,161.5483935979062,158.33317618992223,159.08143615722656,2519400
2023-06-12,160.94718321156552,164.36172328554346,160.75113628427482,164.2048797607422,2638500
2023-06-13,166.8450094595009,167.48218065156595,164.51201070709965,166.40390014648438,4164300
2023-06-14,165.7830837580784,168.84799412662196,164.8159069417806,168.7663116455078,8500500
2023-06-15,166.82215633129587,168.60620294208425,166.1719272450314,167.37109375,6561300
2023-06-16,169.05711250402487,169.073446008634,165.58703551794144,165.8255615234375,4956300
2023-06-20,165.06420899889042,166.5149740382244,163.03510035732856,164.4825897216797,2024400
2023-06-21,163.45009561963656,164.2669653565348,160.28715410069947,160.47340393066406,4128300
2023-06-22,159.38203576891647,161.89147205603092,159.16310401072977,161.2216339111328,3656400
2023-06-23,158.62401912229203,159.38861271815472,157.66010289529223,158.38221740722656,2057400
2023-06-26,159.49314022059963,161.94050345504294,158.8886509846974,158.8951873779297,2434800
2023-06-27,159.45394284832227,164.72441490412564,158.8494535895615,164.44667053222656,2763600
2023-06-28,161.7934625204695,164.56103432987413,161.61702476949,163.1788787841797,2912400
2023-06-29,163.84218700246916,163.95655145622524,161.871890586052,163.22463989257812,1674600
2023-06-30,165.02172610727646,166.41041782142014,164.4335854085502,165.7471160888672,1618200
2023-07-03,166.50844690725006,167.62267005826408,165.3844266455825,167.22076416015625,809400
2023-07-05,166.1032996965209,166.4463930559479,163.47296214651502,163.52525329589844,2821800
2023-07-06,160.74784672895373,161.7346326309424,159.42777958360625,161.4634246826172,3454200
2023-07-07,161.76729343435542,164.10027679011617,161.27063235195095,161.5320281982422,1824300
2023-07-10,162.03848192353797,165.0380425535671,161.87511700281803,164.89427185058594,1833600
2023-07-11,165.46616485154368,165.76677916976428,162.52213985341396,164.90087890625,2370300
2023-07-12,167.28611863658196,168.27618026974,166.34181175529469,167.97230529785156,4269300
2023-07-13,169.753106748831,171.83123123242436,169.09960199259302,171.44239807128906,2791200
2023-07-14,171.46198680566422,172.99771008587936,168.5996599474019,169.2989044189453,5124900
2023-07-17,169.36097837840282,174.20667422974174,168.31865553867146,173.35060119628906,2926200
2023-07-18,172.60558404275918,174.24259881395142,171.25284998554457,173.67079162597656,2669400
2023-07-19,173.89626806302516,174.02044457586527,171.18098751834717,171.60902404785156,2483400
2023-07-20,168.54736225297765,169.13224226127852,164.61656714003337,165.3680877685547,5085600
2023-07-21,167.1685093188501,168.41996696590758,165.92686374111986,166.86135864257812,2527800
2023-07-24,166.85808829746466,168.04092122067854,165.98892746874645,166.8548126220703,1544400
2023-07-25,167.81874685809174,170.67127709543337,167.81874685809174,169.66162109375,1869300
2023-07-26,167.5442550934214,168.73362437498113,165.48900068403378,167.3188018798828,2618700
2023-07-27,171.6711107985485,174.03024016049707,169.5112890756124,170.46539306640625,3826500
2023-07-28,173.71328150607604,174.7784891555733,172.01417838104388,174.18707275390625,2821500
2023-07-31,174.82425204611715,175.42548059498952,173.82766890962927,174.90921020507812,1628400
2023-08-01,173.30810283804706,175.3895025255723,172.77222337554144,175.020263671875,1343400
2023-08-02,172.79841787390077,172.84415767517802,167.3188255787036,168.3219451904297,4657800
2023-08-03,166.30587093279155,169.1028489244781,165.68504819581887,167.89060974121094,4354800
2023-08-04,167.2828676517471,169.95568421312694,165.77981125153164,167.62594604492188,4139400
2023-08-07,168.83166161898097,169.60605222870404,167.80565725620588,169.39039611816406,2262900
2023-08-08,166.74374814469718,166.88425818642267,164.4597644464386,166.69473266601562,2767500
2023-08-09,166.58036238654378,166.64571137002994,163.30633194587446,163.6363525390625,3228000
2023-08-10,164.94335425746462,166.69473401355137,161.86864631082298,162.976318359375,3831600
2023-08-11,160.97661177014587,161.08770055708393,158.73836790772506,159.02590942382812,3882000
2023-08-14,158.41487776507236,163.65266775821024,157.8692011001296,163.61346435546875,3127200
2023-08-15,162.76718953834344,163.2899963569891,160.69560136063043,160.88185119628906,2276700
2023-08-16,160.7086782437283,160.86878250743612,157.64376750268667,157.76792907714844,2840100
2023-08-17,158.06200002045378,158.4181512214221,155.7322617162909,156.2256622314453,2624400
2023-08-18,154.52328040486807,157.62739406166818,154.19979625291117,157.0653839111328,2315700
2023-08-21,157.80709838384388,161.81631529147108,157.55549961348999,161.57778930664062,2757900
2023-08-22,163.55468142691112,163.75398910956832,159.60753673709658,160.15321350097656,2055300
2023-08-23,159.22845791518398,164.00228322369546,159.04874450696127,163.4272003173828,3027300
2023-08-24,166.51172024091906,166.59993910782293,157.66660467628714,158.02603149414062,4848600
2023-08-25,157.98680436320006,160.06492844110042,155.53291998498148,158.70565795898438,3435900
2023-08-28,160.2675489799998,161.15956474890444,159.07817966403837,160.71519470214844,1689300
2023-08-29,159.91141794822357,165.4792446795399,159.6794282838823,164.93682861328125,2730000
2023-08-30,164.4434104558706,166.39411258798884,163.2671139011563,165.71446228027344,3073800
2023-08-31,165.11651544852734,167.8220140764347,165.11651544852734,166.86135864257812,2109000
2023-09-01,167.97557957947058,168.3578763423003,166.0869656643934,167.2959442138672,1891200
2023-09-05,166.70450715014312,168.55064175732437,165.80920081936964,167.24037170410156,1871100
2023-09-06,166.77312616440312,167.87753729830288,164.16565869784566,166.03140258789062,2008200
2023-09-07,162.22149561425204,162.69527190519648,160.18583557104236,162.23129272460938,3877500
2023-09-08,161.8882016784314,163.0645130642509,160.71844164283553,161.39154052734375,1333800
2023-09-11,163.4174221328416,163.4468284251,159.12392397404787,161.30007934570312,1422900
2023-09-12,160.2348747535367,162.65935329869885,159.8166353026087,159.93099975585938,1720500
2023-09-13,159.88524404188368,162.3750713185666,159.71532773798597,160.75112915039062,2927700
2023-09-14,162.30974851666392,162.5809565201009,160.3688582820519,161.90130615234375,2022000
2023-09-15,160.94065384812188,160.94065384812188,156.4314995363675,157.22877502441406,2901000
2023-09-18,156.02303558814404,158.34296117885734,155.70608788104022,157.7646026611328,1722600
2023-09-19,157.2941020893988,157.37906023699287,155.60153535989204,156.43475341796875,1553700
2023-09-20,157.14711335437602,157.8071396215795,153.8142551737365,153.8665313720703,2122800
2023-09-21,152.03014254954977,152.99731910836095,150.95839868192274,151.0270233154297,2532900
2023-09-22,152.46474759421486,153.80442397253847,151.68708135633665,152.2850341796875,2395500
2023-09-25,151.5727209903363,153.53975653478804,150.8702157746,153.39926147460938,1587600
2023-09-26,152.15188820876307,152.5388187823298,149.94503147620267,150.6139678955078,2349000
2023-09-27,151.84693912983568,153.08644697866742,149.68269763247497,151.94203186035156,2727300
2023-09-28,151.6272206678952,156.3885217218141,151.0009146054422,154.75552368164062,3674400
2023-09-29,156.99516946622032,157.56246852373377,154.8375026727639,155.31625366210938,2802600
2023-10-02,155.6539924875357,157.32962077003484,154.20789266151016,156.09994506835938,2466600
2023-10-03,154.64730612362578,156.81809210563654,151.7911770566129,152.87001037597656,2685900
2023-10-04,153.6143701277871,155.3654271276876,152.49290648728126,154.89979553222656,3280200
2023-10-05,154.93913249750005,155.5359424872082,152.72571631896434,154.14886474609375,1902300
2023-10-06,153.3553164647029,158.22811661268102,152.34206488104923,157.46080017089844,3818700
2023-10-09,155.81139190471643,157.50997150263026,154.61449956993448,157.06729125976562,2082000
2023-10-10,157.5559027581191,160.49727763226542,156.90663034035185,159.08070373535156,1863300
2023-10-11,159.6250279182158,160.60220882344117,158.37240085235996,160.27757263183594,2983200
2023-10-12,160.54318673065117,162.992691158965,159.13971724198507,160.68746948242188,3051600
2023-10-13,161.0087983333894,161.19571142139256,156.01139502490247,156.31307983398438,2544900
2023-10-16,156.84102931317713,159.11346748475853,156.68691457021453,158.52650451660156,1732500
2023-10-17,155.3621337039714,158.49043637491914,153.57173375638237,157.3689727783203,2450100
2023-10-18,154.68010209432506,155.85731557369462,153.71604043398062,154.5325469970703,2865900
2023-10-19,155.9392626890393,156.35899157351008,151.6042507731988,152.15187072753906,4398300
2023-10-20,152.14203355180464,153.21432218640294,149.6794097845347,149.95156860351562,3013200
2023-10-23,149.06294359244802,151.6665779176527,147.4791205834581,149.09901428222656,2846100
2023-10-24,150.00730376637637,151.41733278755848,149.30229676112953,151.12220764160156,2233500
2023-10-25,149.12522716836924,149.62694445839008,144.25244209166226,145.01319885253906,3244200
2023-10-26,145.65589375957197,147.36103283923796,143.49821246437028,144.15077209472656,4508100
2023-10-27,146.1969706576689,147.0790589061106,145.03616389794374,145.7018280029297,2436900
2023-10-30,144.66233165111578,145.59033756498624,142.18986078918317,143.750732421875,2743200
2023-10-31,143.875325914466,145.43948477694107,142.05541492682323,145.06565856933594,1911600
2023-11-01,145.08204374754928,148.613683526587,145.08204374754928,148.47923278808594,3542100
2023-11-02,151.4271508285691,152.93883209269165,149.87612655360056,151.8534393310547,2726700
2023-11-03,153.53565324102973,156.9754725235552,153.2503751121213,155.8441619873047,2326800
2023-11-06,156.09666330552417,156.5295115280685,154.08327961534968,155.55560302734375,1740000
2023-11-07,155.21460072405344,157.23127208685884,154.97522523020785,156.54592895507812,1556400
2023-11-08,156.69349136195237,157.4378414845821,155.62120268303698,156.7033233642578,2233800
2023-11-09,157.72643181521798,159.60210795777402,155.637633854806,155.95242309570312,2383200
2023-11-10,157.9067781580747,162.74678072745982,157.25423334561114,162.24180603027344,2229000
2023-11-13,160.96618152999073,161.212116664238,159.61517445676935,160.66122436523438,1956000
2023-11-14,164.72410946943535,167.09820055593704,164.43881625250282,166.60305786132812,2765100
2023-11-15,167.63924028416199,169.06566116083567,166.5472876109888,167.8130340576172,5104800
2023-11-16,167.1080088002989,168.3934342378072,166.54399712983,167.89500427246094,2275500
2023-11-17,167.37363336902743,169.40342404497457,167.09818718824732,169.07550048828125,1815300
2023-11-20,168.89188159620596,172.1546205468089,168.83613188736888,171.56765747070312,1482000
2023-11-21,170.1608886158302,170.1608886158302,167.49495994094292,168.3606414794922,3018600
2023-11-22,169.48538525119238,171.56763814275075,168.42623096675663,168.89842224121094,2044200
2023-11-24,168.8885664601907,169.20993030512008,168.29504380950607,169.01974487304688,516600
2023-11-27,168.39342774463904,170.21662609598954,167.97369884376252,168.7836456298828,1816800
2023-11-28,167.81631012302614,168.68527900964187,166.44891125057393,167.79664611816406,1852200
2023-11-29,170.17399861768612,172.16443109487105,169.33126847135154,169.61654663085938,3665700
2023-11-30,169.88218769685983,170.05269414922267,167.0752483037758,168.43280029296875,2419500
2023-12-01,167.56052905354852,169.53784214777494,166.25215232567908,169.22305297851562,1719600
2023-12-04,167.49821943434142,167.668740866677,164.91426433894708,167.3277130126953,1810500
2023-12-05,165.72424047028423,166.81946559976384,164.99626693432253,166.3767852783203,2568300
2023-12-06,168.79349511219735,168.88858784027198,165.15694504522367,165.35040283203125,2683500
2023-12-07,166.9080049389651,170.30846691214708,166.24234082084376,169.78379821777344,1916700
2023-12-08,169.38375944186146,171.87262229398897,169.31161805453334,171.12498474121094,4207200
2023-12-11,172.72846250636536,177.51273014694215,172.54483671713336,176.9618377685547,3977100
2023-12-12,176.0698977250038,178.26365018707304,175.75838085252477,178.23741149902344,2226600
2023-12-13,178.2636342624815,182.01495574114298,177.60124254462158,180.98202514648438,5724900
2023-12-14,182.4445235220738,186.52376834732502,182.4445235220738,185.9990997314453,3372300
2023-12-15,186.54342418467806,188.7896386129743,186.28765706441195,186.6909942626953,3956100
2023-12-18,186.68771895334552,186.9959634602503,184.47759007761448,186.1728973388672,2272200
2023-12-19,186.43851498170866,187.54357193493817,186.2024118436535,187.16647338867188,1910100
2023-12-20,185.76780718597826,186.84878236335527,181.61810302734375,181.61810302734375,3355800
2023-12-21,185.54437225912272,186.98675017596753,184.68024799728605,186.64505004882812,2589300
2023-12-22,187.53547043553047,188.36345306195153,185.90910445988217,187.24305725097656,2363400
2023-12-26,188.10056628344375,191.30731961613205,188.10056628344375,190.5516357421875,1906500
2023-12-27,191.42231923341518,191.74759539138267,189.98651384458606,191.0411834716797,1877400
2023-12-28,191.48475207659084,191.84946388129393,190.4333611446856,190.68307495117188,1053000
2023-12-29,190.72247032821576,191.10360607079022,188.26484340962966,189.28338623046875,1452300
2024-01-02,186.07992352367168,186.07992352367168,180.91495600542473,182.46575927734375,3256800
2024-01-03,179.23933306586173,180.2545822153628,177.8396693358727,178.5460662841797,4069800
2024-01-04,175.72699658241962,178.84502719512955,175.33273067170737,177.04452514648438,3737100
2024-01-05,177.37637923566635,179.59086506933886,176.81782832519482,178.02691650390625,3888900
2024-01-08,179.25245035520985,184.3056987237535,179.20316335712448,183.8260040283203,3202200
2024-01-09,181.75278307701706,185.30123650150708,181.48008774772688,183.888427734375,2944200
2024-01-10,184.30568817498227,184.34510874702622,180.9543680206333,183.27072143554688,2821800
2024-01-11,183.53030828282374,185.14352883129078,180.35312410642138,183.94757080078125,3692100
2024-01-12,184.1939802368419,185.0876736874328,182.24891103784796,183.13601684570312,2277000
2024-01-16,183.362769441291,186.98678582097145,182.4198038505955,185.73167419433594,4151400
2024-01-17,183.8358851775087,184.24659017434556,180.9084144925444,184.0297393798828,4971000
2024-01-18,189.13882009819133,190.35448083907542,187.0918830616553,190.1047821044922,3552000
2024-01-19,192.49998169844525,197.79637144123552,191.52087446235944,197.54010009765625,5326800
2024-01-22,199.17633635156844,200.7764116917214,196.3704215182357,198.18736267089844,5288400
2024-01-23,198.25965093558364,199.73817075911845,196.3769987506151,199.50160217285156,3282000
2024-01-24,201.80478637837777,205.0969531789005,200.22441395966644,202.4060516357422,6283800
2024-01-25,206.131920991549,206.26663677656842,200.82568024281372,201.84422302246094,3916800
2024-01-26,197.71424584751105,199.0580498748011,195.7231682674609,196.40328979492188,5781300
2024-01-29,196.7909799299313,198.44692993164062,195.3518957430161,198.44692993164062,3467400
2024-01-30,197.2607973003501,198.46990038804552,194.56660200106217,195.38143920898438,3059100
2024-01-31,192.3455518977604,196.07471408868687,190.83418425476773,192.55255126953125,6573600
2024-02-01,193.33126522084885,193.985096380541,190.97221195514786,193.50540161132812,3464100
2024-02-02,193.49882078934962,196.42958514795765,192.97313285866022,195.97616577148438,4801200
2024-02-05,197.64851758013285,199.64287376720134,195.4701586058109,198.65390014648438,4735200
2024-02-06,199.2157380425838,199.3701565935208,194.13292066326198,196.33755493164062,3624000
2024-02-07,197.72738614051767,199.5278882694955,195.67059762188984,199.34060668945312,4839300
2024-02-08,199.96817446669837,204.23287650524276,199.89259704970365,202.7675018310547,2760900
2024-02-09,204.00289015602118,207.1340664501894,202.80365321494202,206.80551147460938,3518700
2024-02-12,206.828483206736,210.25208730593278,205.59967721756732,206.43092346191406,4299900
2024-02-13,200.44461194341073,204.37746562208076,199.46878330299208,202.1892547607422,6551400
2024-02-14,204.78155663347027,206.8613416697632,203.89115698396253,206.75619506835938,3236400
2024-02-15,208.1000341247617,208.35302670848097,205.64240692319913,206.55908203125,2845500
2024-02-16,208.10987533385588,209.70339313508282,204.78156636937348,205.389404296875,4103100
2024-02-20,203.46403848015652,204.19344700390542,198.82149468034072,201.93295288085938,5547600
2024-02-21,199.64946083070203,201.5189677877271,198.59477614965274,201.4696807861328,4471500
2024-02-22,209.40113805932626,212.5388870271153,208.4745964631855,211.39878845214844,6676500
2024-02-23,212.46330892677747,213.55741423527707,208.0047527131967,209.11856079101562,5105100
2024-02-26,211.22789320174294,212.12486544161894,209.71323168792304,211.18190002441406,3759000
2024-02-27,212.20047031461556,212.74258224993343,210.4262434127797,210.97164916992188,4560900
2024-02-28,208.63558332510036,209.71324958514387,207.62033423386137,208.5994415283203,2923800
2024-02-29,211.18519112773095,214.68107889627427,210.5247874190426,214.2506561279297,3382800
2024-03-01,216.7279858624487,224.33086253492277,216.48156591194055,223.36817932128906,6123000
2024-03-04,225.8455500575987,228.0304818920443,224.31774318032836,225.56298828125,7328400
2024-03-05,222.83590379547798,224.3834131592039,218.7157546803129,221.14053344726562,7260000
2024-03-06,225.7469836796,228.95701590319246,224.0581856801431,226.574951171875,5531700
2024-03-07,229.45643393197963,235.29167259830714,229.31843933759043,234.3454132080078,4799600
2024-03-08,235.1339418771201,236.57302610075328,224.7054467868757,224.8631591796875,10483000
2024-03-11,222.27080706315837,223.54232745701555,219.33348530969997,221.8765411376953,4499800
2024-03-12,224.71529984583762,226.59795206831816,220.78244666265266,226.47967529296875,3598400
2024-03-13,223.79863241251988,224.11404217100244,219.6193440705797,220.95986938476562,3264600
2024-03-14,220.36848006064366,221.62028280460802,214.99651214442073,217.18472290039062,4662100
2024-03-15,214.28680929750112,218.1999597960091,213.99111735275304,215.62733459472656,4105300
2024-03-18,219.3137745354198,220.14174202961632,215.24291179519813,215.4597625732422,3143300
2024-03-19,212.66042884336392,214.57265016965187,209.60481527492507,213.6559600830078,3558700
2024-03-20,214.16851799789944,217.8648174594431,212.44357824917907,217.29312133789062,3386600
2024-03-21,224.34299083874376,226.2275663908069,221.76773748257673,222.18214416503906,4059800
2024-03-22,221.17574312250633,224.07660506994003,220.47518878633556,222.4485626220703,2658900
2024-03-25,219.29115573585588,223.59311106927785,218.7583514532657,221.5802764892578,2283500
2024-03-26,223.1787274723405,223.85954388846724,219.86345866102866,219.9127960205078,4414200
2024-03-27,222.3893435186372,222.75441282712137,218.45245765562908,222.67547607421875,4161700
2024-03-28,222.41894905295646,223.97791609057285,221.91574417692672,222.91229248046875,1794300
2024-04-01,223.05043606238638,228.36867780007137,223.05043606238638,225.2606201171875,3000900
2024-04-02,221.5506653148071,222.26108107255132,219.43915599474704,221.7874755859375,2383500
2024-04-03,219.2122323362923,223.9680705418442,219.18263293299196,222.4091033935547,1860600
2024-04-04,225.46781645904898,226.11903342166775,215.65028488658527,216.11402893066406,3744000
2024-04-05,217.07110844776335,220.0311690175056,215.67001491809629,218.67941284179688,2428300
2024-04-08,219.97197499884402,221.12639683947162,218.36367056983397,219.2418212890625,1866900
2024-04-09,221.4520090915453,222.3005604233518,217.82099348951965,221.60000610351562,3170100
2024-04-10,217.89994260545242,220.45545819471738,216.31137601240835,217.5546112060547,3610500
2024-04-11,218.92607493149202,222.86294568056223,217.13029770475083,222.46827697753906,2455300
2024-04-12,218.54127630981597,218.80767091983958,214.7425259066568,215.16680908203125,3210400
2024-04-15,218.10713039859723,218.9063443352439,211.38779538380172,212.44354248046875,3170800
2024-04-16,212.53232802241104,215.0977196923765,211.65417738369092,214.0518341064453,2452300
2024-04-17,214.20973883894843,214.54520878228422,207.10558088802688,207.55946350097656,4798600
2024-04-18,206.07942745426757,207.43118369548225,203.2279029027905,203.87911987304688,5372700
2024-04-19,202.07346058628846,203.37587933938002,194.80156859879636,195.74879455566406,6406600
2024-04-22,197.77153672453198,200.40598910176323,195.38375608736712,198.9752960205078,4493800
2024-04-23,200.34679251350948,204.10606746488187,199.8041116682192,203.12924194335938,3645400
2024-04-24,208.56588947602148,209.6709740272046,203.98766269242984,205.76368713378906,4077600
2024-04-25,205.27033657721867,210.9832621740121,204.17511351318788,209.58216857910156,3902900
2024-04-26,209.32561227177064,214.92014004219698,208.84214534380183,214.0123748779297,3812600
2024-04-29,213.63746853511535,215.8476377285958,212.10810070920974,215.64044189453125,3247300
2024-04-30,214.70309977214595,217.0711425780101,211.08194519016894,211.1411590576172,3583500
2024-05-01,207.21411779255155,210.99313056015592,202.8529633466717,204.00738525390625,7023200
2024-05-02,207.50025121816213,209.33548939368842,203.77057606397105,208.59547424316406,3955500
2024-05-03,212.97636702938541,214.51559613853203,211.624595778899,213.29209899902344,3467100
2024-05-06,215.10760648685638,217.74205871344046,214.26893165197794,217.7223358154297,2441500
2024-05-07,218.0380778612268,218.62023460366103,215.79830932617188,215.79830932617188,2859500
2024-05-08,213.71638739747502,216.21270403641796,213.48943857164588,216.0054931640625,3212000
2024-05-09,216.01534798123797,216.4198932089688,214.17024836274626,215.1964111328125,1874300
2024-05-10,217.55460935767923,219.4589079298691,216.35085008345584,217.3079376220703,3079200
2024-05-13,218.25515378554783,219.12344313310697,217.39674094325986,217.76181030273438,1843200
2024-05-14,217.59409048919545,221.5704380333283,217.38689464313754,221.38296508789062,2149400
2024-05-15,223.73124930832049,227.74707212349787,222.497890712354,227.59906005859375,3106200
2024-05-16,227.5497239813733,229.34550133389476,226.40517864018116,226.48410034179688,2878400
2024-05-17,227.92468179268303,228.3193505440909,223.40565382751834,225.20143127441406,1806100
2024-05-20,226.21770059759427,231.59514097322278,225.80329392309054,230.15457153320312,2555300
2024-05-21,227.11558375294348,229.7895118804036,227.00706264720353,229.41456604003906,2178700
2024-05-22,231.54581183398147,232.7101101989728,229.71057360712686,232.1082305908203,3488500
2024-05-23,237.6238272983664,237.71262551324747,229.06925298490577,230.80581665039062,4704800
2024-05-24,232.89754771192605,236.16349369561792,231.87140005531438,235.38400268554688,2450100
2024-05-28,238.1369150861905,240.38656025698518,235.67019756947275,239.3603973388672,2824200
2024-05-29,234.95974927130658,235.9957584407318,234.10132145619994,234.4170684814453,2061100
2024-05-30,234.48615001682722,235.15710497855022,231.5655650464514,232.78904724121094,1536800
2024-05-31,233.62770372977565,234.19998389130515,224.47125125659565,230.8945770263672,2991000
2024-06-03,234.63415251835832,234.78214953405592,227.1353259062972,231.26954650878906,1815900
2024-06-04,230.8847138635837,231.23992171790735,227.71744257456058,229.46388244628906,2246900
2024-06-05,233.5487690155929,239.65636288560916,232.71995569399894,239.4984893798828,3749400
2024-06-06,239.73529577722493,239.73529577722493,235.75894913161991,237.5349884033203,2261300
2024-06-07,237.6336603592789,238.33421465616243,235.17681970718368,236.8245849609375,2052600
2024-06-10,234.98935884176876,240.91934176958068,234.66375035376183,240.238525390625,1824300
2024-06-11,238.9838617800552,240.77205468573445,236.6128000847174,240.43614196777344,1662100
2024-06-12,244.7139255284317,248.13222119147966,244.19031598703103,247.2134246826172,3101600
2024-06-13,249.02133408423245,251.01698656243713,246.50207213065735,249.90060424804688,3469400
2024-06-14,247.77654507807583,249.73267145235556,246.7194369649294,249.0015869140625,2567600
2024-06-17,250.6712372420906,253.40784863938586,247.5987282208962,252.93362426757812,3057900
2024-06-18,253.90181444705073,257.5078069491443,253.39795294947135,256.1543273925781,3071500
2024-06-20,256.5297678562468,256.9842140532845,247.79633884744152,249.19921875,3921500
2024-06-21,247.1245053263575,249.64376751666688,243.96308506246618,246.7688446044922,3156800
2024-06-24,244.54598334908673,246.03777462023345,239.59638516183787,239.7248077392578,3958300
2024-06-25,241.65131048977878,243.54816274687667,238.8751728656192,243.40985107421875,2551800
2024-06-26,243.24188004690507,244.67439689892154,239.78407347142513,242.46139526367188,1933800
2024-06-27,241.98717891733926,243.77535642483377,239.77417734696579,241.21658325195312,2363600
2024-06-28,242.88621888864728,248.4285894494907,241.72043626358723,243.6568145751953,3851300
2024-07-01,243.51851956536018,243.93345457303764,239.05300484131868,243.64694213867188,2330400
2024-07-02,242.24405444042296,247.15414115029805,242.04646850151235,247.07510375976562,1617400
2024-07-03,247.69752151768287,252.49893384975613,246.37367910334711,251.19483947753906,1392200
2024-07-05,253.19049257540914,253.73385015647477,250.226658170289,251.68881225585938,1823900
2024-07-08,253.61528561557301,256.76683174630944,253.59553757466963,256.4605712890625,2295500
2024-07-09,257.60663983436035,258.92059332201586,254.03028402091658,256.3420715332031,2374700
2024-07-10,258.71313392442136,262.7933513081557,257.4386765231575,262.28948974609375,3075800
2024-07-11,263.9294495083689,264.0183609231543,252.88423378745864,253.6647186279297,4689600
2024-07-12,254.73168359572662,261.2323772630816,253.46711545780485,256.7569885253906,2929500
2024-07-15,258.19933499625307,260.45184754593157,255.4725981704453,257.0434265136719,3202200
2024-07-16,258.3772189258914,258.97988097041736,254.484713752017,258.63409423828125,2595100
2024-07-17,249.70303799687622,250.6020713461027,239.85322753736233,240.238525390625,9101600
2024-07-18,244.427412492834,244.53608701756173,236.76095163896625,240.959716796875,5274000
2024-07-19,240.62383820531576,240.76214987727045,233.19448892999148,233.5896759033203,4983500
2024-07-22,238.60841457727562,243.46910082292007,236.61276200868966,243.27151489257812,4941700
2024-07-23,239.96191697451184,242.1255185445199,238.9245718974727,239.64578247070312,2418700
2024-07-24,236.37566244953567,236.99807248439419,226.58514114433214,226.90127563476562,5738900
2024-07-25,224.9648959538771,229.26244638614202,217.9702456165387,221.84298706054688,8437600
2024-07-26,226.90126008565034,228.4227033833004,224.1745381087995,226.60487365722656,3805500
2024-07-29,228.8080132110135,231.9990705755282,225.28104317009667,226.13067626953125,2926800
2024-07-30,227.22732212819776,227.78056884836118,217.17005049775236,217.92088317871094,8083500
2024-07-31,227.9385936893644,232.75976846528454,226.20969053035822,232.54241943359375,7494100
2024-08-01,228.61039853336558,230.39859111092238,212.9909951711576,215.78688049316406,8576300
2024-08-02,206.53973983910444,208.9009273351258,201.74821654918804,204.31686401367188,13105400
2024-08-05,190.76225022966995,206.16430543134967,190.54490117632406,200.7108612060547,9247100
2024-08-06,202.58794553694656,207.94260420725544,199.30797684611412,202.52867126464844,6602300
2024-08-07,208.9503248263929,210.61006485150142,196.45282915867517,196.88751220703125,5292500
2024-08-08,202.99300688169257,210.6890897713877,198.81400485352034,210.47174072265625,6243200
2024-08-09,208.94046185480715,211.10404841448943,206.23348753755076,209.22695922851562,3454500
2024-08-12,209.5430914559445,212.9514978927431,207.76478785744587,210.43223571777344,4365200
2024-08-13,213.3861951388906,219.30397463111274,212.0821008136584,218.9779510498047,4525400
2024-08-14,220.9538339859818,221.83310419727016,214.86810587434687,218.42469787597656,3769900
2024-08-15,223.34469250858493,229.81571901435913,222.32709547597236,228.92657470703125,4332100
2024-08-16,226.8222454786231,229.42054515480467,225.28105398585157,228.44247436523438,3966100
2024-08-19,227.55332854678352,232.36461491900107,224.91551772870795,232.32510375976562,2197800
2024-08-20,231.12968308534363,232.71040079623975,227.49405345506037,229.25259399414062,2587700
2024-08-21,230.39860235683798,233.65880798012188,229.83546661200566,232.50291442871094,1832200
2024-08-22,233.84655138200958,234.63691030537515,223.8880651272256,224.55987548828125,2969600
2024-08-23,228.13617627067924,232.16699224285503,226.93088259432497,230.57640075683594,3452900
2024-08-26,229.66751298522522,230.3985975136287,223.96706766233763,224.7870635986328,2148200
2024-08-27,223.15695991654727,228.02752018817893,221.11190709428752,227.2766876220703,2024700
2024-08-28,226.328273661329,227.91886541373842,220.92421432658128,223.17672729492188,3480000
2024-08-29,224.36224964163478,228.23499109534822,221.50709003310126,222.5345458984375,4084600
2024-08-30,227.7805363855466,228.95619303576296,224.5400788508335,228.35354614257812,3249700
2024-09-03,224.06587695835958,224.0955140954865,209.7209146701288,210.92620849609375,7214300
2024-09-04,208.5650065651055,214.86809858548395,207.98212280910255,211.6177520751953,4435800
2024-09-05,208.65393975794865,213.77150168570947,208.31804214227992,210.4816436767578,3988300
2024-09-06,208.9009218840722,209.0589966677179,200.4144797943833,201.47157287597656,5596300
2024-09-09,204.74166627666668,206.1642939902903,202.09396662595077,205.45298767089844,4078600
2024-09-10,205.8284147422501,207.84383056370822,202.48917158977494,207.61659240722656,2390600
2024-09-11,209.03921910803754,217.68373538410208,204.67250526670918,217.25892639160156,6521400
2024-09-12,216.0635164922233,218.30615532351857,213.03053391098925,216.30062866210938,4739100
2024-09-13,218.18762350754568,220.75627104150303,217.6640139493803,220.16351318359375,5268000
2024-09-16,217.02181879532492,218.33578710589327,214.42351931034207,217.2292938232422,2469800
2024-09-17,219.96587918085586,220.4796146405696,215.59916546038815,217.4960174560547,2304100
2024-09-18,218.51361738244898,221.50710390974217,214.87798785828755,215.0953369140625,4671900
2024-09-19,223.24587794234753,227.28656838046274,221.4577003441755,224.2535858154297,4624700
2024-09-20,222.00107328553415,222.8507063807232,217.78254494635252,220.97360229492188,4550800
2024-09-23,222.0405896610862,222.8309485013219,220.26228603926614,221.83311462402344,2454200
2024-09-24,223.8188771458008,225.87380395231915,221.26997798410517,224.5203094482422,4314700
2024-09-25,223.79938036905443,227.55281686778594,223.6706450922119,226.06729125976562,2191200
2024-09-26,235.42607414132965,236.07970896503576,228.0677635663149,234.1485137939453,5537400
2024-09-27,234.86154372390334,234.89125302095934,229.23636184531244,230.43467712402344,2303600
2024-09-30,227.5725697093852,229.87018946630658,225.10660734050867,228.36485290527344,2693300
2024-10-01,228.27573518999517,228.9689773504756,220.1845753699652,221.9672088623047,3926500
2024-10-02,222.40296323809756,227.4339292176751,221.10559171490394,224.9580535888672,1762100
2024-10-03,223.1853522477168,228.60256979267447,223.03680574198728,225.76026916503906,2110700
2024-10-04,230.24654094757898,230.63277695048905,226.186098774179,228.8501434326172,2685000
2024-10-07,227.38443810678785,230.01875845687908,226.57234359588062,228.22622680664062,2006800
2024-10-08,228.22622008056737,231.28639883343564,226.73079659086784,230.4743194580078,2508500
2024-10-09,230.2465542342161,233.20769205688708,228.6520895944906,232.88087463378906,2019100
2024-10-10,229.75135697743195,232.52432555246727,228.42427617475605,231.2467803955078,1886400
2024-10-11,229.55328267682495,233.91083293635776,229.43444547999403,233.18788146972656,4572900
2024-10-14,234.67340135481479,237.9712543816467,234.52483975072568,237.48599243164062,2142500
2024-10-15,236.93141261177414,238.14953925673694,223.54187224544555,225.16604614257812,6421200
2024-10-16,227.89940754656814,227.89940754656814,224.22521637432965,225.16604614257812,3776600
2024-10-17,231.04871377945267,231.61320555767526,226.93875122070312,226.93875122070312,2407800
2024-10-18,229.06802576040633,229.07792382317828,226.21581208127998,227.14674377441406,1643700
2024-10-21,226.23562425634591,227.32500051607875,223.79935587673367,226.72088623046875,2034300
2024-10-22,225.4829554161462,226.60205612243476,224.0964710016224,225.8791046142578,2476400
2024-10-23,225.45322916100852,226.30493098346656,220.71935615827877,223.8587646484375,2260000
2024-10-24,225.86921769815356,226.00786614644846,223.40323981967893,225.1066436767578,2247900
2024-10-25,227.23585839840396,230.82093652495422,227.15662856621853,227.36460876464844,2209600
2024-10-28,227.2853718682186,229.07790332000747,226.16627130175698,227.5032501220703,1508500
2024-10-29,227.70133364218825,234.17823290962724,226.6515647674864,233.09873962402344,3135000
2024-10-30,227.07740893266487,228.51342892714626,224.78970220491567,224.87884521484375,4324400
2024-10-31,222.7297798590312,222.81892287218065,214.47026185647184,216.1538543701172,6120800
2024-11-01,217.89689850528603,220.6104489207553,217.19374307457343,218.4514923095703,2130100
2024-11-04,217.80772264480711,220.31332267320911,216.39152904464714,217.19371032714844,1727700
2024-11-05,217.2927356776972,219.927070771837,217.02533689902504,219.72898864746094,2273700
2024-11-06,224.17570720588967,226.95858928861648,222.14548595362385,226.1365966796875,3644000
2024-11-07,229.59291311236476,231.15766840826933,229.08783989677164,230.8506622314453,3154600
2024-11-08,229.59289195702945,230.9397688527191,227.91919767728882,229.12742614746094,1769200
2024-11-11,226.96847590368284,226.96847590368284,220.63023998911544,223.39332580566406,4250400
2024-11-12,222.610944998083,222.97736978289072,218.02561815447612,220.95706176757812,3259700
2024-11-13,219.36258809248432,219.9865136076295,215.86665279591605,216.26278686523438,3057500
2024-11-14,218.37225004976375,219.23385001018346,215.73791451763026,216.13406372070312,2523600
2024-11-15,212.49948332102753,213.58885964662488,208.55787802048428,209.17190551757812,4748200
2024-11-18,209.11244840867437,212.26177004911455,208.21124116954417,211.8755340576172,2422300
2024-11-19,211.2714393763588,212.73715364507038,210.41973748138855,212.28160095214844,2363400
2024-11-20,211.01392108008704,211.61802018559257,207.62691015069495,210.6573944091797,3995000
2024-11-21,212.97482873576948,215.16349437154489,208.86486604544805,213.99488830566406,4245400
2024-11-22,213.5393192247202,214.60889932391058,212.48955036205533,214.08401489257812,2672600
2024-11-25,216.8570043968558,218.17417209707494,214.78717591574554,216.1736602783203,2787700
2024-11-26,217.8770530401748,218.461356055648,211.70717526940618,213.37095642089844,2783900
2024-11-27,212.1825444648412,212.34100413415302,206.87426643526126,210.50885009765625,3122300
2024-11-29,212.0537945164656,215.91616962801024,212.01418715483172,213.32144165039062,2505300
2024-12-02,214.60890620963787,220.32323165115386,214.43065040982637,218.9268341064453,3707000
2024-12-03,217.5304288812029,218.92682637660766,216.9065184923453,217.6888885498047,1914900
2024-12-04,221.98700968991153,222.15538253603043,219.00606078092275,220.57081604003906,2681200
2024-12-05,220.1845889661008,220.5114063858391,215.78743111732607,216.4014434814453,2422000
2024-12-06,216.49058307089211,218.25340540774502,215.8963668423039,217.70870971679688,1822900
2024-12-09,216.3915367393509,219.4021949492529,215.2823492585785,216.658935546875,1574800
2024-12-10,217.31256311464332,217.46112472933243,210.14243648076192,211.50912475585938,2566600
2024-12-11,214.63860506892033,218.10483093774576,213.32143742538122,216.82728576660156,3233900
2024-12-12,215.2922385082864,216.07460855040227,213.38086979472942,215.14369201660156,2680200
2024-12-13,220.1548828178348,222.4921102163472,217.8869720848703,221.14523315429688,3720600
2024-12-16,221.8483604618979,226.37426848849648,220.2439978463122,225.24526977539062,4774000
2024-12-17,223.0213900367803,224.35054788586447,220.7598329058293,222.05923461914062,2397300
2024-12-18,223.52728899452575,225.32264660003352,212.2194874770032,213.84622192382812,4426000
2024-12-19,214.3421794757143,214.80837915042864,209.7397101397988,210.25550842285156,3255700
2024-12-20,209.1048832688333,216.01850837446264,208.5990137984348,213.08245849609375,4681100
2024-12-23,214.71909952342762,219.807610738731,214.71909952342762,219.52987670898438,3044300
2024-12-24,220.97806808290548,221.8707824810618,219.5596417403329,221.79144287109375,1252300
2024-12-26,220.18451895241168,223.1304974309015,219.8968712659735,221.72198486328125,1303500
2024-12-27,220.39282915846675,220.91854106780696,217.07984822233868,219.84727478027344,1933000
2024-12-30,216.0780205678047,217.53613183911187,213.92557419953462,215.52255249023438,2566900
2024-12-31,216.16729142667802,217.05010729575864,212.90390886632832,213.74703979492188,1354500
2025-01-02,215.91931364081535,218.43877762517056,213.221327965651,215.0662841796875,2409100
2025-01-03,216.48470978053598,221.2359597525826,216.19706207200556,220.6705780029297,2623200
2025-01-06,225.42180857602125,229.92509539237332,225.42180857602125,227.0584716796875,4176500
2025-01-07,229.82590015857951,230.01436577232,222.74365238788047,223.9636993408203,3694800
2025-01-08,223.22969921579627,223.6363865871757,219.32156525455238,221.73190307617188,3141400
2025-01-10,218.9545528301755,219.09341983658192,215.02657657910063,216.43508911132812,4038000
2025-01-13,212.12031075153766,216.07802851751958,211.9318451178489,215.77053833007812,2310000
2025-01-14,217.57579446612323,218.96446451763697,214.37190941059694,217.18894958496094,1492800
2025-01-15,220.6804652441437,222.83291137277564,219.8770193545816,221.40457153320312,2900200
2025-01-16,225.41190161691702,225.9475271988205,221.7219894093221,221.73190307617188,3029500
2025-01-17,226.7311538215822,228.45708544272452,225.52102046687955,227.88177490234375,3785500
2025-01-21,229.93504711705515,232.68264674438254,227.94131006299423,230.5698699951172,3201500
2025-01-22,232.93061028222266,236.41221466066466,232.4247407988023,233.90267944335938,3461100
2025-01-23,230.15323609138383,233.4761458431672,229.31010521843308,233.46621704101562,2567100
2025-01-24,233.5753232792627,233.5753232792627,227.85200463802414,228.77447509765625,2229900
2025-01-27,217.22863724693687,217.83370391956916,208.04354141299126,210.830810546875,16943600
2025-01-28,211.8921568761176,213.03286432817282,207.28968753312787,211.77313232421875,9118300
2025-01-29,213.81645976290855,214.43144010494203,210.43403761098497,212.64601135253906,2430800
2025-01-30,215.25473093535805,218.2106384017594,214.01484143496583,216.9707489013672,4653800
2025-01-31,218.21063301634794,222.47584068413644,215.711011607344,216.3656768798828,3867800
2025-02-03,210.67209550201966,215.09602771664194,209.25366923701134,212.4674530029297,3646800
2025-02-04,211.99135752401278,215.5126468832589,211.70369467177434,214.64967346191406,3742300
2025-02-05,214.08429215145915,219.2521433459777,212.74520537659305,218.8057861328125,2200500
2025-02-06,217.27823794745294,218.9148860253234,216.117703197357,218.51812744140625,3111700
2025-02-07,219.0240095768277,220.28374161346377,213.64785023627763,215.11587524414062,3297400
2025-02-10,216.68308414339575,218.4685280352298,216.65332800647934,217.9229736328125,2698600
2025-02-11,216.12760117778888,219.38106976295234,216.12760117778888,218.121337890625,1549700
2025-02-12,214.6893508538973,218.4387755212504,214.20330871725153,218.3594207763672,2017500
2025-02-13,218.17092829111897,221.18634768398493,218.11141602362537,221.0375518798828,2546800
2025-02-14,221.01773866542572,221.96005161012474,220.12500918989315,221.26571655273438,1566200
2025-02-18,222.8825372935503,225.63013671030632,221.66249024264945,224.92587280273438,3605000
2025-02-19,225.3127087805088,229.74655474287223,224.42990808192692,228.66537475585938,2635700
2025-02-20,230.123489804538,231.55184492153566,226.89977712408648,229.20101928710938,2642300
2025-02-21,229.88542105854592,229.97470460313218,221.32523446261902,222.16835021972656,2947000
2025-02-24,223.1503444554458,223.51734688865568,216.7723452659318,216.95089721679688,3372800
2025-02-25,216.68308189238346,217.44685804783322,211.8524773351169,212.47738647460938,3514200
2025-02-26,215.19520245827673,218.0221563604687,213.8362885114821,216.1772003173828,2562600
2025-02-27,217.40716424842117,217.72458320645552,203.26251112529042,203.58984375,4349100
2025-02-28,203.7088740184224,208.35102803028084,201.47707298887124,206.83340454101562,3722100
2025-03-03,209.799214930668,209.93808194783898,197.7078253635176,199.52301025390625,5067800
2025-03-04,199.17584569475704,205.9406747117833,195.10900221562173,200.6339569091797,5487900
2025-03-05,202.88560285900266,205.61335990494015,198.947727520863,204.95870971679688,3312100
2025-03-06,197.9657237637141,202.07223728227225,195.73392260938095,196.43817138671875,5088700
2025-03-07,197.19201561076505,202.88557811844683,194.8907735912902,202.201171875,3713300
2025-03-10,197.21186254836633,198.66004494225956,190.01057497541376,192.84744262695312,5410800
2025-03-11,192.94665226341058,194.72216740091565,187.58040677497894,190.56605529785156,3776600
2025-03-12,195.10899887241504,197.08290830579452,192.74825967529074,194.4940185546875,3143000
2025-03-13,194.4841128512583,197.62847077749626,191.6174738242138,193.52195739746094,2504200
2025-03-14,196.89445207350195,200.07849496055053,196.7159152509569,199.49325561523438,3696800
2025-03-17,198.68980776897868,204.59167869045598,198.59062569140133,202.78640747070312,2743100
2025-03-18,200.73150523244868,201.66509636804727,198.81466095632717,200.0958709716797,2470800
2025-03-19,200.12566609298148,205.0220336764765,198.63589686648285,201.7246856689453,2330800
2025-03-20,199.15235261171154,202.33052390142885,198.99344025854666,200.11573791503906,2265900
2025-03-21,196.5899606387249,198.77495259651917,195.03066148613428,198.0201416015625,2873400
2025-03-24,202.1815686333623,205.25048981127958,201.94320008523306,203.89976501464844,3947000
2025-03-25,203.65146777453987,204.30696990828633,202.1716248037578,202.79733276367188,1419100
2025-03-26,201.83395117136078,202.6682183637018,195.10019497441868,197.11634826660156,3595300
2025-03-27,194.53407979489057,195.696098086775,192.0610723357716,193.23301696777344,3545900
2025-03-28,191.9716705622648,192.91520326842178,186.16157922673634,187.3931121826172,4122300
2025-03-31,183.44026238132966,187.01571487247588,180.8778572884611,186.8865966796875,3843000
2025-04-01,186.17150164107287,187.05543082500472,182.54640238392602,186.9859161376953,3108800
2025-04-02,184.12555195840005,190.71033707385274,183.47004983325556,188.18765258789062,2784800
2025-04-03,178.52401391777826,179.9045328072542,168.83058751902544,169.19805908203125,9982600
2025-04-04,162.80197810871692,164.63936620370168,153.55547959933898,156.5548858642578,13988400
2025-04-07,150.9930753405311,169.25764539676425,147.29844645745186,160.17005920410156,18686500
2025-04-08,166.49663731090672,168.69157102382187,150.07937877161646,153.80380249023438,11023300
2025-04-09,155.03533881850765,184.29440081879744,153.88324686620768,182.3676300048828,23539500
2025-04-10,173.36942208242957,174.45198416890435,161.2824286199895,167.4600067138672,14499000
2025-04-11,165.84111162542183,171.92930691854954,163.2985744848155,171.08509826660156,9890900
2025-04-14,176.3390508543135,176.3390508543135,169.62514668451914,172.21734619140625,5657400
2025-04-15,173.13105971705056,175.42530196383578,172.06835036549316,172.9224853515625,3201100
2025-04-16,165.19555365227797,168.42338713667382,160.72624575080675,166.24832153320312,10205000
2025-04-17,167.4202740561601,167.5990390902592,163.68590947133794,165.41404724121094,4921000
2025-04-21,162.02730550606412,162.78211648192988,159.1669436527342,162.52389526367188,4769700
2025-04-22,164.10305345066845,166.87403289274337,163.49721331658935,165.68222045898438,4996000
2025-04-23,174.0547269402475,175.931835800062,171.17451212837318,171.8896026611328,7323800
2025-04-24,176.5873368937174,182.30804596585676,175.33592089173328,181.7816619873047,6873400
2025-04-25,179.96413589975063,184.85057758857423,179.42782559750313,183.5495147705078,4224900
2025-04-28,182.63578369418119,184.49302457114786,179.20931733670608,183.2217559814453,2875400
2025-04-29,180.99705018156723,183.28135106739316,180.01379695217153,181.26519775390625,3527000
2025-04-30,176.78595580495508,183.12244603668705,175.56434923007305,182.58612060546875,3580500
2025-05-01,184.73139593778262,186.07219438954053,182.21865289358695,182.33782958984375,3997600
2025-05-02,186.66808676827145,190.56134864756618,186.54891007600955,188.73390197753906,4581400
2025-05-05,186.90646143422902,189.16098324995806,186.64822505290772,187.28387451171875,3323200
2025-05-06,183.9964287817985,186.9660409435858,183.01319077545637,185.4961395263672,2844600
2025-05-07,185.30744268493515,189.28016089409732,183.54951063406006,188.74383544921875,3001100
2025-05-08,191.19698831305948,193.70973134376015,189.17090871398906,190.4322509765625,3457700
2025-05-09,193.15354353445406,194.29570904411048,190.96855168103335,192.6172332763672,2808500
2025-05-12,205.38953051129863,207.96186186533737,203.59187798083363,206.4522247314453,10675600
2025-05-13,207.27656180695521,213.35483074564576,206.9885464156008,212.3020477294922,5693600
2025-05-14,213.74217621021313,215.22200403090878,211.75581712334787,213.3250274658203,4162800
2025-05-15,211.23936202251934,213.53360437030128,209.47150362662168,211.95445251464844,4216900
2025-05-16,212.10342101368403,212.10342101368403,209.24305907716058,211.67636108398438,2521500
2025-05-19,206.79982877690176,210.94138531461317,206.75016677286172,210.4050750732422,5334700
2025-05-20,208.60742913901032,210.1766546700845,207.98173631834473,210.09719848632812,2968000
2025-05-21,208.31940100269944,212.4410898831785,204.94259675035877,206.2535858154297,5007700
2025-05-22,206.11455335483217,208.04132413047785,204.17785623926162,204.34669494628906,5397300
2025-05-23,199.10269476984772,202.27093978675245,198.56636935538174,201.17843627929688,9527500
2025-05-27,205.54845372953946,208.7961400634605,203.86997780491086,207.862548828125,6057600
2025-05-28,208.40878023726535,209.02456182536477,206.33303874335698,206.8197021484375,6769200
2025-05-29,211.57702424467485,211.7160687662334,206.33303778201469,207.6638946533203,8600400
2025-05-30,206.40258304627983,206.45222990041276,199.74826788298853,203.54222106933594,10781000
2025-06-02,203.025751166701,207.40567639010155,202.89663298244912,206.6111297607422,6034900
2025-06-03,206.73031631771855,212.67946725049498,205.3001505022732,212.1630096435547,8905100
2025-06-04,213.92094800132364,216.13573420971704,212.08355972613097,215.3213348388672,7339500
2025-06-05,216.9799466697513,218.77759930645956,212.94763995111376,214.41754150390625,10941600
2025-06-06,216.513137625237,218.72792373468818,215.72853246430356,215.85763549804688,7582100
2025-06-09,217.8340618175824,222.87941550226338,217.63542894828495,220.94271850585938,7712000
2025-06-10,222.01534447738086,226.52438801010075,221.469107862092,225.7695770263672,7676200
2025-06-11,227.33877633037596,228.23264695292622,222.7403656549094,225.01473999023438,10405600
2025-06-12,223.40581777423472,226.44494487277237,223.06814035322338,225.32264709472656,5149200
2025-06-13,220.4759461939225,223.04827773635682,218.79747023501022,219.45297241210938,10484600
2025-06-16,222.5514970773174,227.51832569718755,222.20313182067352,226.3836212158203,5772500
2025-06-17,225.3982153817983,228.57340137008026,224.43271947978414,224.59197998046875,7290000
2025-06-18,225.79635196691802,228.12547968345223,224.05448022210618,225.5076904296875,6657600
2025-06-20,227.72735368102715,228.01601525023025,221.12815775324339,224.064453125,8202300
2025-06-23,223.9748617893075,226.8315267413254,220.82953528483515,225.4579315185547,7115100
2025-06-24,229.49909797024148,234.26684357257906,229.3896082705844,234.008056640625,7017500
2025-06-25,235.5607973774245,236.1381052946452,233.7094358456193,236.10824584960938,5252500
2025-06-26,237.92972009519832,238.53688742516525,236.07835866184976,237.9595947265625,4350100
2025-06-27,238.19847141697844,240.10955174639173,235.2721244417181,237.7505645751953,4520500
2025-06-30,239.05448210915225,239.05448210915225,236.45660415200098,237.59130859375,4925300
2025-07-01,235.60061702973437,238.06909413650456,232.99279077632195,236.51634216308594,10892900
2025-07-02,235.9888026511447,241.99079435848827,235.8992243123289,241.01535034179688,5979000
2025-07-03,242.0206426303067,243.06576876532276,241.57273576899038,242.2097625732422,3069400
2025-07-07,240.16928062169467,241.00539064076702,236.64572944015873,237.6709442138672,4859200
2025-07-08,239.94035363385038,244.26019212480523,238.99476910708998,242.2097625732422,7276200
2025-07-09,242.87664007077305,245.38493966684618,240.75654362015848,242.9861297607422,4415300
2025-07-10,245.27546039621214,246.3703573424148,243.1354524961727,245.4048614501953,4868500
2025-07-11,243.87201072686088,245.92245552161083,242.92642617461217,245.02662658691406,2649600
2025-07-14,243.01600031809235,243.603271511829,239.23366217436757,242.69749450683594,5522600
2025-07-15,247.63444342372102,248.79902251369293,244.95695037029972,245.11619567871094,6042100
2025-07-16,243.1453972587522,244.5289405511805,238.1089017508897,244.44931030273438,8348900
2025-07-17,244.3995566818627,245.9821833006339,242.77713771794615,245.3849639892578,4801100
2025-07-18,246.79834960316182,247.21639701678487,243.74261665551833,245.58401489257812,3758500
2025-07-21,246.21110838573009,249.0279659449084,245.80300903320312,245.80300903320312,4672600
2025-07-22,244.8972324588366,245.35510261902454,239.57209025713792,242.40884399414062,6871000
2025-07-23,240.5972975461916,241.2741318971678,237.94964865766565,240.9357147216797,5952600
2025-07-24,240.46789350285303,240.96557117400656,238.34779695152278,240.4380340576172,4166800
2025-07-25,238.98480724310758,240.54750712479006,237.98945196960514,240.41810607910156,3511400
2025-07-28,243.0757409598288,244.85742038482326,242.7771313120199,244.60858154296875,6433000
2025-07-29,246.14142109345642,248.37102257476906,243.36438631269465,245.04653930664062,5299700
2025-07-30,247.20645443966362,248.34115892704403,244.72801415947495,246.79835510253906,5300500
2025-07-31,243.90187076056293,244.15070960059236,236.55615853067803,238.91514587402344,9419300
2025-08-01,234.4161316192268,238.4970946051669,231.25090891521762,236.1381072998047,8549000
2025-08-04,237.65103460419056,239.7412868853838,236.66564254161648,239.28341674804688,6189500
2025-08-05,240.63709543268436,241.32389302994673,234.78441650958274,237.6211700439453,5149700
2025-08-06,235.4612522001223,236.35708110137077,232.58467593123868,235.82952880859375,4966500
2025-08-07,240.91579787252508,242.23962228662373,237.78043465191885,239.72137451171875,6073400
2025-08-08,239.89059698594428,242.05051635888103,239.17393989038064,241.74195861816406,5301300
2025-08-11,242.64772007076618,245.365035857161,240.82621800228534,241.28408813476562,4127900
2025-08-12,243.10559092851787,249.2170720386958,241.58269849077067,248.9980926513672,10091500
2025-08-13,250.95894906169764,252.91980031471573,249.8740001882189,252.70082092285156,6022400
2025-08-14,249.19716794847247,253.87533509183837,248.88861021766812,252.95960998535156,5315700
2025-08-15,251.0186614773756,251.09829172581001,246.4698803585296,247.16664123535156,6840100
2025-08-18,246.39025323382904,248.1818958765257,246.33053434372536,247.89324951171875,4978200
2025-08-19,247.91314328668923,248.87862392141315,243.58334180627637,244.01133728027344,3508000
2025-08-20,243.50373918049166,243.50373918049166,235.9987663095392,242.60792541503906,9423100
2025-08-21,241.34381892236826,242.98614921548221,239.88064530650266,241.2343292236328,4581100
2025-08-22,241.99078705687984,250.81959931088895,241.31395271124774,247.9330596923828,6527700
2025-08-25,247.69417575749765,248.47055168673683,246.12151254013918,247.35574340820312,3654200
2025-08-26,248.41085231991102,250.44137063566686,248.35111823857642,249.68490600585938,3762000
2025-08-27,248.71939713122342,250.4911284207624,247.66432290126392,250.172607421875,4195400
2025-08-28,251.14805617656816,253.13876677332124,249.73463828750693,251.37698364257812,5060200
2025-08-29,247.78375388024872,247.78375388024872,243.03590478784184,244.18057250976562,8672600
2025-09-02,237.5614514195326,241.80165959754927,237.04386240265612,241.70213317871094,6659200
2025-09-03,242.1002837279926,242.28940367940268,238.1188622260297,240.55747985839844,5473300
2025-09-04,238.94499300392016,243.38428436391578,237.64107997943998,243.03590393066406,11842200
2025-09-05,246.69882943138526,247.34580433334781,242.99610631647238,245.9025421142578,17105500
2025-09-08,247.256224568324,248.7592056696286,246.41016645103022,247.69418334960938,10290500
2025-09-09,247.95296904670906,248.52031369208692,246.08169614970157,247.9031982421875,9305200
2025-09-10,251.85476446276297,253.02929168032273,250.69020051902834,252.27281188964844,13398400
2025-09-11,253.6264903373905,255.31860655626417,253.43737039378107,254.00473022460938,10286200
2025-09-12,254.6218453028087,255.20910130417434,252.9795150785375,254.45263671875,7144200
2025-09-15,254.0146852699693,256.6424228173583,253.34779900017588,256.60260009765625,7239200
2025-09-16,257.6309888941719,258.3890290766643,255.92532999420877,257.92022705078125,7543300
2025-09-17,257.28190080962315,260.0747447841919,254.17983497657306,257.8703918457031,6566900
2025-09-18,264.3836629132474,268.293673922979,263.466027457709,266.88726806640625,12601600
2025-09-19,266.61796888406894,266.7177198208928,262.9274277392849,265.181640625,5839100
2025-09-22,265.969631148368,269.96940929454223,265.89980244922555,269.1415100097656,5721400
2025-09-23,270.09905938808714,271.43563658453746,267.2264031403153,268.82232666015625,6068300
2025-09-24,268.05429383309223,269.0717107605347,264.93227523130275,268.41339111328125,7825500
2025-09-25,263.90490739324855,268.2537986268052,261.1320018159656,267.5555725097656,11157800
2025-09-26,267.8448511048205,268.7325949028152,265.0619611979466,268.1440734863281,7244300
2025-09-29,271.02669463626313,272.10392557111413,268.1839604596884,268.2438049316406,5954900
2025-09-30,268.164025601543,270.7573976955681,267.07681042868137,270.42822265625,7091800
2025-10-01,268.69268509098976,275.99401550593893,268.1939608348819,275.6349182128906,9339600
2025-10-02,280.7817348033426,281.81908970015775,278.89654264777596,280.97125244140625,7250000
2025-10-03,282.2280581427974,283.6144956942286,277.7694622425014,279.24566650390625,8629100
2025-10-06,290.24756230198756,291.7637036759275,287.61431379099685,287.624267578125,11275000
2025-10-07,290.2376008544905,290.73632514807804,280.8116995298003,281.19073486328125,9952000
2025-10-08,281.28047541850714,291.11530296214903,280.7618131597198,290.796142578125,9301700
2025-10-09,290.33729830437386,290.8659447960057,286.7365238016898,289.4495849609375,7603500
2025-10-10,290.0779610602733,290.8858918571346,270.76734353747685,271.2959899902344,26691200
2025-10-13,282.0584941834026,285.22041941795845,279.62471733426975,284.1431579589844,8703400
2025-10-14,277.7894077109301,284.0433988580107,276.6523018079813,278.31805419921875,8476000
2025-10-15,285.5196294041158,287.2851022678117,281.1208779236747,286.9060974121094,7595200
2025-10-16,290.3372932598083,291.5143056129358,285.210423846608,288.24267578125,7410400
2025-10-17,286.1579901478612,288.9009732867862,282.9960652815189,287.4347229003906,6261500
2025-10-20,289.86850924940825,294.24732300622463,289.758804519689,292.2225036621094,5832300
2025-10-21,291.75366746764007,291.9531693306817,288.48203781584783,290.5866394042969,3965200
2025-10-22,287.3748545950243,289.0904671243842,277.7494832651791,283.405029296875,7875300
2025-10-23,281.7692115116306,291.11529890342547,281.5298336170219,290.3173522949219,5374800
2025-10-24,295.5739045579102,297.45909685914256,294.6861912097084,295.1051025390625,4621200
2025-10-27,300.66090564459876,304.2317884585505,299.6435190936593,303.30413818359375,5165000
2025-10-28,302.68569260931423,305.1892979139918,301.60846169637733,303.6731872558594,4156400
2025-10-29,309.07935872775516,311.9919217120456,306.1867641946807,308.81005859375,4503100
2025-10-30,307.1542806866189,310.3261594785085,304.60081506852674,304.6307373046875,4630700
2025-10-31,307.91236086971657,310.5256710417268,303.4836871413727,305.767822265625,5163900
2025-11-03,309.6080051571882,310.95456670640937,306.34635955372045,307.5931701660156,3750800
2025-11-04,299.57366566302943,303.9724170073532,294.79587903502033,295.50408935546875,5288800
2025-11-05,296.4516482555805,308.3811537530523,296.13248788258034,304.6905822753906,4949400
2025-11-06,304.2217689321822,305.10951263947146,294.59639774079454,296.74090576171875,8548300
2025-11-07,291.8933251928793,293.6987044285372,282.866398574879,293.6288757324219,13798600
2025-11-10,301.6683414664724,302.5859770849224,297.7782982149692,301.2294616699219,6030800
2025-11-11,298.27700080402786,299.25448082915085,293.9380938452256,294.39691162109375,5877900
2025-11-12,299.4539799887934,300.9202304529133,296.74091894088826,298.9053955078125,4145000
2025-11-13,295.1849225672449,296.3718887618231,285.7191456888638,288.64166259765625,10980600
2025-11-14,279.9039768741006,292.0528915899778,278.6970727826134,287.7838134765625,7142000
2025-11-17,285.3400922265366,290.7861523707669,279.52495057761524,282.83648681640625,8188700
2025-11-18,278.82675052993903,280.6919742764299,273.3906442568335,276.2732849121094,11103100
2025-11-19,277.4303320064613,284.41247129519286,276.1136927207697,280.8914489746094,5108100
2025-11-20,288.1628716524499,289.2500868876629,266.31875512871164,267.41595458984375,13398300
2025-11-21,267.58551120128794,274.0589729813525,259.7755024584459,270.13897705078125,15355900
2025-11-24,273.0814448556835,283.32522983270934,272.9218494454057,281.97869873046875,6424800
2025-11-25,278.2482378998244,283.61451594825235,272.0640751777686,282.8564453125,5942800
2025-11-26,285.98844732320686,293.3296539849447,285.87871215488065,290.64654541015625,5818300
2025-11-28,292.50176370298334,296.2322112384876,291.0853734827132,295.98284912109375,3038000
2025-12-01,292.1227299637456,298.65603573794704,291.7836011350565,296.16241455078125,3933000
2025-12-02,299.68340524308167,304.06218820146773,297.9278861936761,302.0672912597656,5086900
2025-12-03,303.72309321356744,308.78016482974857,300.7008252277501,308.5706787109375,3867100
2025-12-04,307.0545524309567,307.48344799417544,303.81284470203224,305.49853515625,4639700
2025-12-05,308.5108142458675,312.0318062945861,308.14176316479563,308.6105651855469,4338100
2025-12-08,311.13410630599526,313.2786145137754,309.0793648113171,311.9620056152344,3620900
2025-12-09,309.98706199186597,312.0517878148167,308.6504845753844,311.38348388671875,2775300
2025-12-10,311.2139034569882,316.54027457568833,309.7675910154436,315.5228576660156,5093800
2025-12-11,312.00188610059723,313.9768451362196,305.00979264705063,313.7174987792969,6504700
2025-12-12,310.0070066630215,310.8049837913007,297.1997705413614,298.7159118652344,13813600
2025-12-15,301.82791869836524,302.725616250044,296.47162518564596,297.2496337890625,5241800
2025-12-16,296.3865595702072,298.59417248488495,292.76051161286114,295.87713623046875,5850400
2025-12-17,296.9959156177799,297.85496354800097,284.11995164450894,284.9190979003906,10422000
2025-12-18,295.3976611051333,296.6362997278696,290.5229755153393,291.7216796875,6740400
2025-12-19,294.34880360655274,301.3611403674909,294.1789755047091,299.4831848144531,5075000
2025-12-22,306.3956533887644,306.6054159381733,302.2201867189359,303.5087890625,4019000
2025-12-23,301.8805611712324,304.78739272335366,301.0414804888126,304.6275634765625,2708600
2025-12-24,304.6675329628506,306.16589787906133,304.3778405434424,305.8063049316406,1723200
2025-12-26,307.06489319483376,307.20475521149547,304.95720796554133,305.7063903808594,1860900
2025-12-29,303.03929608887347,306.12592406864405,301.5609289243751,304.9871826171875,3620700
2025-12-30,305.74635524247225,307.1448536109666,304.3678850679813,304.587646484375,2984800
2025-12-31,305.3068425786876,305.7862998303242,300.78175137618683,300.82171630859375,2954200
2026-01-02,308.22364024846746,315.46573711611813,308.22364024846746,313.3480529785156,8491300
2026-01-05,320.350424180073,322.28831186750364,316.5345809617869,317.7132873535156,7923200
2026-01-06,321.71891259816863,328.7911811405355,321.6489815902841,327.9920654296875,7579900
2026-01-07,324.6956569151122,325.5947002294894,321.75885931506906,324.5358581542969,4528500
2026-01-08,323.83661913945645,323.83661913945645,316.0551020931036,319.23162841796875,5408300
2026-01-09,322.448138043575,330.3095854049452,320.7599776931166,328.421630859375,7323100
2026-01-12,325.3449736432851,331.01877468146694,325.1751455435241,329.9898986816406,5159600
2026-01-13,332.4871543595574,336.0532698905967,331.5282094256368,332.9366455078125,3835900
2026-01-14,330.6691612243472,331.6281062456559,326.82335180026865,331.5382080078125,5468900
2026-01-15,342.7260124181152,344.17441356549267,336.8524169921875,336.8524169921875,6531500
2026-01-16,343.1355545343369,345.03347727529825,339.849132379551,342.0966796875,5127300
2026-01-20,335.8335593837973,342.8159306367245,335.5938002507585,336.9822998046875,6232600
2026-01-21,341.46737751758496,350.9470232954782,339.9290476415532,347.7605285644531,7204200
2026-01-22,353.9737171095648,354.21347622815716,346.99134627735435,348.2899475097656,4662000
2026-01-23,346.01242034212777,347.6506167520828,341.79701927837544,344.334228515625,4335900
2026-01-26,342.91580633092667,345.12338879164196,340.75815717414076,342.696044921875,4458700
2026-01-27,347.78049612394886,352.8150108694249,346.27213232593283,350.6972961425781,5293600
2026-01-28,358.13915836531555,361.645341802113,356.33113391970403,360.0670471191406,5364000
2026-01-29,360.7862919468406,363.4034311638997,347.34097242419193,360.7363586425781,8446200
2026-01-30,355.6119235521863,359.7973584619527,343.3353123748479,345.9224853515625,8719100
2026-02-02,341.9967843053964,355.7217968460993,341.52729542379893,352.3055419921875,7758000
2026-02-03,355.52203868887693,356.7307111748402,337.7214563276921,345.26324462890625,8371200
2026-02-04,341.8069919019359,345.0135147200375,322.9775336592365,330.0198669433594,15231400
2026-02-05,326.1840586795242,335.104317081992,323.6867838422614,330.4693603515625,10406500
2026-02-06,337.0322212213033,349.17897023860553,335.5038901709758,348.130126953125,9096100
2026-02-09,344.46411859490445,354.3533214364042,343.5051735364893,352.3854675292969,7091400
2026-02-10,353.1346542892384,354.65301700807214,347.74054635458,351.04693603515625,6252400
2026-02-11,358.42887245040293,361.8850923116637,351.0169472729237,359.807373046875,7497000
2026-02-12,363.063806422121,364.9817269631525,350.667330129806,351.1168518066406,9488000
2026-02-13,352.4153882636525,357.22014227672173,348.29988449634504,354.27337646484375,5963000
2026-02-17,349.4286875496366,356.71074962864,344.9435916242535,353.7140197753906,4068900
2026-02-18,355.432159635028,361.27578916808017,353.2145782398707,357.5298767089844,5681200
2026-02-19,353.793923721619,355.9316056769787,351.3865470503408,355.4521179199219,5576400
2026-02-20,353.2045473412967,360.936100200462,352.4153999858997,359.0381774902344,6013600
2026-02-23,357.1802432642685,359.9871778253108,352.46538701322464,356.4310607910156,6339800
2026-02-24,361.2058629024621,364.34242445761436,357.649745733276,361.6453857421875,6206000
2026-02-25,365.8008207934453,368.4179598769912,365.11157051763377,367.5988464355469,4539900
2026-02-26,365.9806152034137,366.0805122905936,350.02802283030746,356.4110412597656,13329100
2026-02-27,349.21890528629126,353.6440688036069,347.96026906398146,351.9059753417969,6250200
2026-03-02,343.41525394184697,351.94592280953987,342.9657322788741,351.6662292480469,7284000
2026-03-03,337.721459053473,338.940130403604,330.5293257526987,334.4150695800781,17946100
2026-03-04,339.5893993864001,343.4352085792139,336.4228720902981,341.1676940917969,10649900
2026-03-05,338.53055661162705,343.34530961170617,330.2096506167518,337.3918151855469,7239300
2026-03-06,328.0420331274356,334.67481006334503,321.13956146980547,323.1573791503906,8733700
2026-03-09,317.9630156188575,336.80247264617753,315.8752975348355,336.0033264160156,9824600
2026-03-10,335.9433989818478,345.1833159130734,335.9433989818478,338.440673828125,7471000
2026-03-11,340.12883888415337,345.0234915553741,340.07890558024485,341.71710205078125,6215100
2026-03-12,336.97227815538764,337.1820407088323,328.2817798995309,329.830078125,8008100
2026-03-13,333.5160386645708,338.03110038914554,329.43050087609294,330.9588317871094,6450800
2026-03-16,338.5206035369273,341.6671637449102,335.9533976799138,337.46173095703125,8018200
2026-03-17,340.3983513953973,340.99807270714285,336.63015179992993,340.0885009765625,4472100
2026-03-18,340.3683826978374,343.2770052675596,338.12945556640625,338.12945556640625,6363900
2026-03-19,328.6039710070759,342.60730072444926,326.60492026339614,340.0385437011719,8292100
2026-03-20,339.5487680090861,341.08804567917144,327.7843649311706,332.3522033691406,9441300
2026-03-23,339.95856011240903,344.76627464739346,334.9609333190287,336.43023681640625,8151000
2026-03-24,333.63157502282417,343.0570917499109,333.4616422920114,340.8581237792969,5287500
2026-03-25,344.0066466691063,347.5149598396036,341.97761146684303,345.08612060546875,5869000
2026-03-26,339.28888321976484,339.72867680229575,328.364048252962,328.69390869140625,10172400
2026-03-27,326.68486764607786,329.7934074024456,322.0070962441604,323.32647705078125,6334800
2026-03-30,326.59491669407726,327.47450390568406,307.1141768716929,309.6429748535156,13204800
2026-03-31,315.4501994655849,329.023739991931,314.73054000964754,328.5039978027344,14036500
2026-04-01,333.33171198332013,342.48736820052335,332.19226890226656,338.37933349609375,10130800
2026-04-02,324.9556738421526,340.2284505645424,324.8757252350349,339.44879150390625,6521000
2026-04-06,341.3578835632289,345.6058662635494,339.75866741970003,343.9366760253906,3105000
2026-04-07,342.8771793852417,347.77484742506584,338.30934128453566,347.5949401855469,4026000
2026-04-08,367.71539425206737,370.97382613855024,361.95811849701164,370.22418212890625,9868700
2026-04-09,371.12374899289375,378.77014229688996,371.12374899289375,378.4502868652344,6036700
2026-04-10,382.4883766269505,389.4150799368162,382.4883766269505,386.41650390625,5596900
2026-04-13,384.697314040695,393.3831916020246,384.18754636120696,393.1532897949219,4377400
2026-04-14,397.6511802975618,401.24947782752054,393.3232487497452,401.049560546875,5202600
2026-04-15,400.11999836624403,401.8991523044615,392.2037745187281,401.66925048828125,5570200
2026-04-16,400.40985754590906,407.28659676974786,397.8010805453288,405.75732421875,4400500
2026-04-17,413.18381455287397,415.5327053424718,409.3855997326685,415.5126953125,5729100
2026-04-20,417.231868476548,418.6611824369548,411.5945612432744,417.351806640625,3493500
2026-04-21,420.2004597802657,423.14907182533904,416.4722496691921,420.5003356933594,3676800
2026-04-22,427.05722474301007,431.95489301727287,422.6193296038903,431.5650634765625,6557600
2026-04-23,435.1333627828044,446.4280175545639,433.83399202732704,440.7906799316406,10812400
2026-04-24,457.3728138849088,463.64983203624064,450.7559607655573,461.38092041015625,9072000
2026-04-27,461.53083477547057,462.78024147491686,448.7169123452067,455.19384765625,8924600
2026-04-28,437.42229603270664,445.92826676005024,431.53507691509674,438.50177001953125,11014900
2026-04-29,445.0486623718062,450.15622221453606,442.2000090539644,449.7763977050781,5972800
2026-04-30,455.48371206207474,461.92065772616195,449.126715004252,461.2209777832031,5170200
2026-05-01,458.2523873533556,466.6883837276979,454.8540072719928,465.5289306640625,4155900
2026-05-04,467.70790738802214,469.38710271876744,457.5927153440783,461.8406982421875,5233100
2026-05-05,470.91638981986426,485.9492291784396,470.0068180875562,482.5008850097656,7203000
2026-05-06,497.7236502426596,506.6993991462492,487.62843779270827,506.6294250488281,9768600
2026-05-07,502.6912719023376,503.4409159073031,487.898309072255,492.12628173828125,9913700
2026-05-08,504.00066449508904,520.2129977739816,502.5113814497932,520.0530395507812,7754500
2026-05-11,523.8312683001212,533.4866564451293,521.412373001929,532.5071411132812,7492600
2026-05-12,520.6027345288228,524.9007421768235,495.47468403825087,515.7450561523438,14660600
2026-05-13,527.3695806768088,531.997388106734,515.6951314581682,528.0392456054688,7346400
2026-05-14,526.2500886686937,532.8769465176091,521.9621469454717,529.7784423828125,5212400
2026-05-15,511.4271547772472,518.5437399624903,506.0197189149972,508.27862548828125,9388200
2026-05-18,517.7741550461965,519.7132367168153,486.68890973704697,495.6346435546875,9999000
2026-05-19,484.1700722962729,505.7998154606904,477.7231521058496,496.50421142578125,12217000
2026-05-20,507.4890334262058,520.2929206323959,506.3095702925315,520.0630493164062,9457600
2026-05-21,517.9240633261002,526.5300234494382,514.7555848660364,524.4609985351562,6749900
2026-05-22,531.6275864546553,541.6328456921393,529.9183760204185,537.0750122070312,7671100
2026-05-26,556.7256387587931,572.6780859896537,555.1463715564813,569.8194580078125,8926200
2026-05-27,584.1026215591813,584.2225597191764,551.6280531075515,563.7122802734375,11412400
2026-05-28,564.052187763683,575.5267199703048,554.5667013657503,569.19970703125,6763900
2026-05-29,576.1664288881567,581.953659040864,564.3320212093649,568.8099365234375,7323900
2026-06-01,563.4024194059227,577.7156292928883,557.1154271124544,571.6585083007812,6999500
2026-06-02,584.8922342430401,605.1526326879875,581.6537818574874,604.7328491210938,7475400
2026-06-03,615.9175340628373,618.546290597516,597.7261606045107,615.3877563476562,8564700
2026-06-04,587.3611003406327,610.9698845899006,577.2658575468018,602.4338989257812,11445300
2026-06-05,577.5857440298778,580.2245057777428,539.3139376954141,539.5138549804688,22377300
2026-06-08,569.4995767097674,581.1040513515906,560.5237976059141,571.1787719726562,12843000
2026-06-09,585.1721649037813,588.3006843251578,521.9921416223493,561.8732299804688,24548100
2026-06-10,551.3981365842004,572.2382770697443,539.1239968125066,541.2529907226562,16672200
2026-06-11,555.1563735091632,587.720927707765,554.5466776644209,586.6514282226562,12295400
2026-06-12,583.8327277927153,602.4039255671719,578.2554203573512,595.9669799804688,9928200
2026-06-15,622.6099853515625,629.719970703125,618.4500122070312,628.4500122070312,8170800
2026-06-16,623.8400268554688,629.6400146484375,590.6300048828125,591.239990234375,11204900
2026-06-17,611.5599975585938,621.989990234375,598.9500122070312,599.72998046875,8948400
2026-06-18,626.52001953125,644.4299926757812,626.1500244140625,639.4500122070312,9666000
2026-06-22,653.9600219726562,655.9500122070312,643.9299926757812,655.010009765625,7782700
2026-06-23,607.6400146484375,619.9400024414062,598.1900024414062,603.3900146484375,12712200
2026-06-24,606.1900024414062,609.6900024414062,586.6599731445312,601.5,9230700
2026-06-25,637.3300170898438,638.469970703125,598.8300170898438,625.2000122070312,12713200
2026-06-26,601.4400024414062,605.8900146484375,588.510009765625,589.9400024414062,11017500
2026-06-29,593.7100219726562,615.3499755859375,571.5999755859375,614.3499755859375,11036800
2026-06-30,616.1500244140625,644.9400024414062,616.1500244140625,640.760009765625,10112600
2026-07-01,616.8200073242188,622.8900146484375,597.8800048828125,599.7000122070312,9983000
2026-07-02,601.239990234375,608.1099853515625,554.9099731445312,566.3200073242188,16092600
2026-07-06,583.1500244140625,598.0,580.47998046875,581.510009765625,8419400
2026-07-07,551.9299926757812,558.0599975585938,536.1199951171875,551.6900024414062,12285700
2026-07-08,544.6599731445312,564.5,543.8699951171875,562.030029296875,7195400
2026-07-09,589.5,594.989990234375,579.1400146484375,581.7000122070312,10026200
2026-07-10,571.989990234375,585.7899780273438,566.6699829101562,581.3400268554688,5861000
2026-07-13,563.5800170898438,566.6500244140625,550.260009765625,553.6099853515625,8307000
2026-07-14,580.510009765625,580.6699829101562,560.239990234375,567.9199829101562,7372300
2026-07-15,575.1199951171875,575.8800048828125,538.530029296875,555.27001953125,10199600
2026-07-16,539.0499877929688,545.5499877929688,525.4299926757812,530.5,10343300
2026-07-17,508.54998779296875,533.1900024414062,498.5400085449219,521.8099975585938,15576800
2026-07-20,534.0,539.5399780273438,522.8400268554688,524.1400146484375,6533100
2026-07-21,549.0999755859375,555.1599731445312,540.1500244140625,552.6900024414062,10031800
